x0,y0,z0,x1,y1,z1,x2,y2,z2,x3,y3,z3,x4,y4,z4,x5,y5,z5,x6,y6,z6,x7,y7,z7,x8,y8,z8,x9,y9,z9,x10,y10,z10,x11,y11,z11,x12,y12,z12,x13,y13,z13,x14,y14,z14,x15,y15,z15,x16,y16,z16,x17,y17,z17,x18,y18,z18,x19,y19,z19,x20,y20,z20
0.5176721811294556,0.806536853313446,1.0086703383649365e-07,0.4929698705673218,0.7914590835571289,-0.009784269146621227,0.4730395972728729,0.7629164457321167,-0.017506197094917297,0.45963189005851746,0.7378184199333191,-0.025439495220780373,0.45671647787094116,0.7102835774421692,-0.032693326473236084,0.49361708760261536,0.7042858600616455,-0.006852413062006235,0.4788716435432434,0.683574914932251,-0.024416320025920868,0.4650745391845703,0.6846117377281189,-0.038217708468437195,0.4575793743133545,0.6942031383514404,-0.045152243226766586,0.5094602108001709,0.6915152668952942,-0.010361221618950367,0.5073637962341309,0.6414511203765869,-0.02247653715312481,0.5043948292732239,0.6066288948059082,-0.0304824598133564,0.5020649433135986,0.5778274536132812,-0.034999143332242966,0.5259431004524231,0.6936465501785278,-0.016630154103040695,0.5370444655418396,0.647675633430481,-0.029980940744280815,0.542153000831604,0.6157097816467285,-0.03716341406106949,0.5443873405456543,0.587489664554596,-0.040455933660268784,0.5406455397605896,0.7102009057998657,-0.023661071434617043,0.5597200393676758,0.6812471747398376,-0.03382658213376999,0.5722485780715942,0.6596432328224182,-0.0361638218164444,0.581973671913147,0.6401416659355164,-0.0364815816283226
0.5073167681694031,0.8188890218734741,7.164744886267727e-08,0.48284879326820374,0.8010966181755066,-0.007719896268099546,0.4644257724285126,0.771862804889679,-0.014196637086570263,0.45072662830352783,0.7469988465309143,-0.021148402243852615,0.4458177387714386,0.7194848656654358,-0.02768087387084961,0.48711997270584106,0.7110077738761902,-0.0034566824324429035,0.4717172086238861,0.6913522481918335,-0.02032533474266529,0.4567446708679199,0.6946659684181213,-0.0348774753510952,0.4483642578125,0.7051162123680115,-0.04261361062526703,0.5027087330818176,0.6991817951202393,-0.007749489042907953,0.5018839836120605,0.6500779390335083,-0.01916911080479622,0.49815165996551514,0.6152044534683228,-0.02794632315635681,0.49507325887680054,0.5868396162986755,-0.0331893190741539,0.5180578231811523,0.7032171487808228,-0.014613810926675797,0.5317347645759583,0.6569966077804565,-0.02629571408033371,0.5362673401832581,0.625025749206543,-0.033762313425540924,0.5370320677757263,0.5963279008865356,-0.03785056993365288,0.5309204459190369,0.7227438688278198,-0.022129414603114128,0.549676775932312,0.7004747986793518,-0.03004150278866291,0.5582031607627869,0.6831068992614746,-0.0312594398856163,0.563026487827301,0.6671898365020752,-0.03131968155503273
0.5066709518432617,0.8226566314697266,8.086845326715775e-08,0.48151957988739014,0.8045856356620789,-0.006530018988996744,0.46285417675971985,0.7740830183029175,-0.01264285109937191,0.44791004061698914,0.748598039150238,-0.01964436285197735,0.4432247281074524,0.7207621932029724,-0.02623807080090046,0.485511839389801,0.7161710858345032,-0.0025719567202031612,0.4701213538646698,0.6952115297317505,-0.01925312913954258,0.4543062746524811,0.6961737275123596,-0.03288282826542854,0.445468544960022,0.7053753733634949,-0.039759181439876556,0.5007636547088623,0.7037774920463562,-0.007302775979042053,0.4998090863227844,0.6534382104873657,-0.018662262707948685,0.49590611457824707,0.6184003949165344,-0.02625468373298645,0.49271339178085327,0.5897396802902222,-0.030494611710309982,0.5165843963623047,0.7063734531402588,-0.0146090779453516,0.5297158360481262,0.6585155725479126,-0.026527512818574905,0.5346421003341675,0.6263781189918518,-0.032676976174116135,0.536444365978241,0.5979986786842346,-0.03550843149423599,0.5301834344863892,0.7235205173492432,-0.022516367956995964,0.5501294732093811,0.6963165402412415,-0.03090483322739601,0.5616635084152222,0.6754084825515747,-0.03208620846271515,0.570133626461029,0.6562795639038086,-0.03185582160949707
0.5066184997558594,0.8217344880104065,7.845646621262858e-08,0.4812457859516144,0.8050418496131897,-0.007392621599137783,0.4614922106266022,0.7739771008491516,-0.013768847100436687,0.4464637041091919,0.7479613423347473,-0.02087208442389965,0.44149211049079895,0.7199345231056213,-0.02747384086251259,0.4844719469547272,0.7154465913772583,-0.003560504177585244,0.4695907235145569,0.6945645213127136,-0.02024603635072708,0.4544575810432434,0.6957224607467651,-0.03385002911090851,0.445847749710083,0.705093502998352,-0.0408126600086689,0.4995255768299103,0.7030693888664246,-0.008168545551598072,0.4981580376625061,0.653083086013794,-0.02005000039935112,0.4938874840736389,0.6185026168823242,-0.028220098465681076,0.4904666543006897,0.589505136013031,-0.03285718336701393,0.5154131054878235,0.7055355310440063,-0.015354312025010586,0.5265567302703857,0.658285915851593,-0.02824990451335907,0.5309939980506897,0.6256797313690186,-0.03515006601810455,0.5331220030784607,0.5961875319480896,-0.03835371881723404,0.529387354850769,0.7223218679428101,-0.023150844499468803,0.5485149621963501,0.6927659511566162,-0.03252755478024483,0.5610676407814026,0.6705563068389893,-0.034325312823057175,0.5711110830307007,0.6499462723731995,-0.03443426266312599
0.5062721967697144,0.8183258771896362,7.22467774494362e-08,0.4807921051979065,0.8014863729476929,-0.006613125558942556,0.461039662361145,0.7709471583366394,-0.012724797241389751,0.4465588927268982,0.7459007501602173,-0.019738895818591118,0.4419485330581665,0.7191340327262878,-0.02640879899263382,0.4831676483154297,0.7125580906867981,-0.00307592935860157,0.46780142188072205,0.6918814182281494,-0.01975778490304947,0.45247137546539307,0.6935672760009766,-0.033612821251153946,0.4438130259513855,0.7032064199447632,-0.040790606290102005,0.4983331263065338,0.7003161311149597,-0.007980628870427608,0.496630996465683,0.6509525179862976,-0.019592566415667534,0.4922374486923218,0.6163501143455505,-0.027715208008885384,0.48860615491867065,0.5876826047897339,-0.032442595809698105,0.5141035914421082,0.7029597759246826,-0.015422956086695194,0.5256792306900024,0.655415415763855,-0.027639560401439667,0.5289106965065002,0.6226677298545837,-0.03429848328232765,0.5293607711791992,0.5933895707130432,-0.037576887756586075,0.5279534459114075,0.7200117111206055,-0.023448968306183815,0.5470025539398193,0.6911028027534485,-0.03204944729804993,0.557918906211853,0.6685177087783813,-0.03356656804680824,0.5658477544784546,0.6473881602287292,-0.03370696306228638
0.5051509737968445,0.8164529204368591,7.749520847255553e-08,0.47970205545425415,0.8007388114929199,-0.007276876829564571,0.4601201117038727,0.7703766822814941,-0.013581517152488232,0.44524693489074707,0.7441776394844055,-0.020595822483301163,0.4408448338508606,0.7158030867576599,-0.02721790224313736,0.4802347421646118,0.7129226922988892,-0.003029625164344907,0.4647830128669739,0.6913654208183289,-0.019992150366306305,0.4500938355922699,0.6925860047340393,-0.03401738777756691,0.4423251748085022,0.7017505764961243,-0.041227519512176514,0.4954538941383362,0.7002304792404175,-0.007366959936916828,0.4935349225997925,0.6503100991249084,-0.01862999238073826,0.48888540267944336,0.6161278486251831,-0.02650107629597187,0.48497727513313293,0.5883251428604126,-0.031039675697684288,0.5112096071243286,0.7025010585784912,-0.014370215125381947,0.5225471258163452,0.6551306843757629,-0.025928957387804985,0.5259420871734619,0.6229093074798584,-0.03212360292673111,0.5262871980667114,0.594508707523346,-0.035182178020477295,0.525038480758667,0.7190083265304565,-0.022057930007576942,0.5424582362174988,0.6915262937545776,-0.030005935579538345,0.5520639419555664,0.6706013083457947,-0.031088214367628098,0.5585704445838928,0.65153568983078,-0.030981678515672684
0.5064302086830139,0.8155926465988159,8.521700323171899e-08,0.48086780309677124,0.8002612590789795,-0.008026788011193275,0.46031463146209717,0.7703054547309875,-0.014774260111153126,0.4457447826862335,0.7440466284751892,-0.022209910675883293,0.4419679343700409,0.7157513499259949,-0.02913907915353775,0.48097580671310425,0.7128328680992126,-0.004039819352328777,0.46529191732406616,0.6919413805007935,-0.021097222343087196,0.4510587453842163,0.6929892301559448,-0.03477015718817711,0.44368070363998413,0.7022597789764404,-0.04165692627429962,0.4960706830024719,0.6997180581092834,-0.008183534257113934,0.4931671917438507,0.6499032378196716,-0.019443077966570854,0.488456666469574,0.6160038709640503,-0.02700178697705269,0.48460444808006287,0.5878070592880249,-0.03127375617623329,0.5122243762016296,0.7013908624649048,-0.015051542781293392,0.521510124206543,0.6540376543998718,-0.027227509766817093,0.5241910219192505,0.6215169429779053,-0.033389437943696976,0.5245825052261353,0.5928565263748169,-0.03621001914143562,0.5268306136131287,0.7172417044639587,-0.022679071873426437,0.5444269776344299,0.6876059174537659,-0.03172849118709564,0.5551283359527588,0.6643622517585754,-0.033534519374370575,0.5632925629615784,0.6427889466285706,-0.033669378608465195
0.5056862235069275,0.8146211504936218,8.656267880269297e-08,0.47972723841667175,0.7998721599578857,-0.008673366159200668,0.45863768458366394,0.7703220844268799,-0.015531251206994057,0.44457730650901794,0.7429585456848145,-0.02281852439045906,0.4412101209163666,0.713952898979187,-0.02941890060901642,0.4785752296447754,0.714054524898529,-0.004830836784094572,0.4632144570350647,0.6925248503684998,-0.021529972553253174,0.44914117455482483,0.6923191547393799,-0.03431889787316322,0.44173213839530945,0.7008097171783447,-0.0405341237783432,0.49381789565086365,0.7003534436225891,-0.008659662678837776,0.48952487111091614,0.6501064300537109,-0.020049341022968292,0.4845670461654663,0.61598801612854,-0.02698291279375553,0.48084697127342224,0.5879508256912231,-0.030600719153881073,0.5103313326835632,0.7013295888900757,-0.015255773440003395,0.5191702246665955,0.6527623534202576,-0.02792978473007679,0.5221322178840637,0.6202337145805359,-0.033789049834012985,0.5230388045310974,0.5921368598937988,-0.03607073798775673,0.5255254507064819,0.7164469361305237,-0.02259965054690838,0.5420362949371338,0.6847729086875916,-0.03221951797604561,0.552362322807312,0.6608418226242065,-0.03398094326257706,0.560432493686676,0.6391358375549316,-0.033810243010520935
0.5039745569229126,0.8175117373466492,9.427035507769688e-08,0.47809112071990967,0.8035805821418762,-0.008849660865962505,0.4565586447715759,0.7747197151184082,-0.01587672345340252,0.44219380617141724,0.7482404112815857,-0.023376094177365303,0.43809008598327637,0.7204580903053284,-0.030112503096461296,0.4751504063606262,0.7171496748924255,-0.005589590407907963,0.4591681957244873,0.6960879564285278,-0.02285020425915718,0.44500428438186646,0.696218729019165,-0.03567255660891533,0.43784666061401367,0.7054483294487,-0.04167165979743004,0.4902346134185791,0.7028721570968628,-0.0092218779027462,0.48542529344558716,0.6527190804481506,-0.02096468023955822,0.48010796308517456,0.6186223030090332,-0.027427250519394875,0.476051390171051,0.5907796025276184,-0.03045077808201313,0.5066748857498169,0.7033083438873291,-0.01565798744559288,0.5144873261451721,0.6548670530319214,-0.028223082423210144,0.5171554088592529,0.6226106882095337,-0.03302383795380592,0.5178015828132629,0.5948508977890015,-0.03436146676540375,0.5219616293907166,0.7179603576660156,-0.022953350096940994,0.5380644798278809,0.6861523985862732,-0.032423198223114014,0.5483651161193848,0.6621212363243103,-0.03367437794804573,0.5566407442092896,0.6405896544456482,-0.032887186855077744
0.5068889260292053,0.8143007159233093,8.330732725880807e-08,0.48175400495529175,0.8024529218673706,-0.006796714849770069,0.4606521725654602,0.7720991373062134,-0.012220163829624653,0.44673365354537964,0.7451702952384949,-0.01845487579703331,0.442202627658844,0.7174333333969116,-0.02408159337937832,0.4767880439758301,0.7150999307632446,-0.0029612253420054913,0.46114903688430786,0.6938508749008179,-0.0188776683062315,0.44834938645362854,0.6934897899627686,-0.030946990475058556,0.4428820013999939,0.70234614610672,-0.036572836339473724,0.4910600781440735,0.7003841996192932,-0.007406952325254679,0.4848558306694031,0.6493713855743408,-0.017980333417654037,0.4793606102466583,0.6152628064155579,-0.024219250306487083,0.4754347801208496,0.5886234045028687,-0.02724195271730423,0.5072957873344421,0.6998679637908936,-0.014491889625787735,0.5146263241767883,0.6502948999404907,-0.026077724993228912,0.5167535543441772,0.6176775097846985,-0.031378742307424545,0.5165476202964783,0.5906074047088623,-0.03335954621434212,0.5229243636131287,0.7134140133857727,-0.022242488339543343,0.5393897891044617,0.681447446346283,-0.030926505103707314,0.5492876768112183,0.65715491771698,-0.03240206092596054,0.556870698928833,0.6360902190208435,-0.03205658122897148
0.5082014203071594,0.8164628148078918,1.0270007066992548e-07,0.4832538962364197,0.8027267456054688,-0.008903032168745995,0.46169158816337585,0.7734622359275818,-0.015757618471980095,0.4472621977329254,0.7472966909408569,-0.022945895791053772,0.4435696303844452,0.7191533446311951,-0.02946227416396141,0.4782622754573822,0.7157753109931946,-0.005453995428979397,0.4636228680610657,0.6944223642349243,-0.022111287340521812,0.4507148265838623,0.6940096616744995,-0.03492050990462303,0.44401320815086365,0.7025312781333923,-0.04109955579042435,0.49297571182250977,0.7014544010162354,-0.00902575720101595,0.4884082078933716,0.6502593755722046,-0.020424185320734978,0.48349061608314514,0.6163461804389954,-0.027647390961647034,0.4794246256351471,0.5888979434967041,-0.03145627677440643,0.5095604062080383,0.7013645768165588,-0.015295198187232018,0.5178772807121277,0.6524149179458618,-0.027976902201771736,0.5209270715713501,0.6192349195480347,-0.03466377779841423,0.521484375,0.5913013815879822,-0.03754895180463791,0.5252572894096375,0.7154518961906433,-0.02227243408560753,0.5421828031539917,0.6830556988716125,-0.031699832528829575,0.5526922941207886,0.6592390537261963,-0.03369128331542015,0.5607362389564514,0.6386188268661499,-0.03377557173371315
0.503491997718811,0.8118469715118408,8.130079010015834e-08,0.4787713885307312,0.7984237670898438,-0.007338573224842548,0.4579187333583832,0.7686526775360107,-0.013210294768214226,0.4441080689430237,0.7420740127563477,-0.019740762189030647,0.44034087657928467,0.7143869996070862,-0.025639710947871208,0.4751974046230316,0.7122952342033386,-0.0033757381606847048,0.4604743421077728,0.6911051273345947,-0.019373537972569466,0.44744354486465454,0.6905246376991272,-0.03173086419701576,0.44100821018218994,0.6992782950401306,-0.03769161179661751,0.48930275440216064,0.6982584595680237,-0.007461485918611288,0.48440536856651306,0.6479275822639465,-0.01855524815618992,0.4790288209915161,0.6145681142807007,-0.02542593888938427,0.47443896532058716,0.5876976847648621,-0.028976786881685257,0.5052964091300964,0.6981720328330994,-0.014159145765006542,0.5131110548973083,0.6493197679519653,-0.026120517402887344,0.5155753493309021,0.6168711185455322,-0.03198191896080971,0.5154357552528381,0.5891702175140381,-0.034401822835206985,0.5205550193786621,0.7121079564094543,-0.021513599902391434,0.536828875541687,0.6809502243995667,-0.030114594846963882,0.5461633205413818,0.6570853590965271,-0.031710632145404816,0.553045392036438,0.635969340801239,-0.03164605796337128
0.5004377961158752,0.812379777431488,7.864015572067728e-08,0.47560322284698486,0.7994990944862366,-0.007745201233774424,0.4546704888343811,0.7702101469039917,-0.014152217656373978,0.43958088755607605,0.7437272071838379,-0.02107924595475197,0.43486249446868896,0.7152984142303467,-0.027431854978203773,0.4722186326980591,0.7130234837532043,-0.0038400643970817327,0.4570454955101013,0.6928524971008301,-0.020659727975726128,0.4433676600456238,0.6922666430473328,-0.03420362249016762,0.4366050064563751,0.6997659206390381,-0.04112331196665764,0.48634517192840576,0.6989417672157288,-0.00793059729039669,0.48055213689804077,0.6495524048805237,-0.0198341254144907,0.475005179643631,0.6157428026199341,-0.027655499055981636,0.4707449674606323,0.5880803465843201,-0.031952936202287674,0.5021645426750183,0.6993035674095154,-0.014625448733568192,0.5104492902755737,0.6505266427993774,-0.02679756097495556,0.5128461122512817,0.6183117032051086,-0.0327509380877018,0.5121538639068604,0.590188205242157,-0.03535456210374832,0.5174323916435242,0.7138569355010986,-0.02200467884540558,0.5331406593322754,0.6830809116363525,-0.030430512502789497,0.541508674621582,0.6599569320678711,-0.03170563280582428,0.5467934012413025,0.6391599774360657,-0.03154948726296425
0.49990519881248474,0.8126808404922485,7.299988880049568e-08,0.4753769040107727,0.8001773357391357,-0.006640724837779999,0.4548851251602173,0.7715956568717957,-0.012711727060377598,0.4397984445095062,0.7459477782249451,-0.019512474536895752,0.43429267406463623,0.7185666561126709,-0.02574107237160206,0.47143906354904175,0.7138744592666626,-0.0031875232234597206,0.4563535451889038,0.6932178139686584,-0.019626721739768982,0.4424522817134857,0.6932001709938049,-0.032958947122097015,0.43548834323883057,0.7014981508255005,-0.03974904865026474,0.485149085521698,0.6996464133262634,-0.0076436847448349,0.47920098900794983,0.650188148021698,-0.019404809921979904,0.47333866357803345,0.6163092851638794,-0.02703445963561535,0.46850696206092834,0.5888712406158447,-0.03120581991970539,0.5004386305809021,0.6997812986373901,-0.014587054029107094,0.5090113878250122,0.6504421830177307,-0.026338081806898117,0.5112020373344421,0.6184782981872559,-0.032086994498968124,0.5097885727882385,0.5908753871917725,-0.034638211131095886,0.5154091119766235,0.7142373323440552,-0.02213464491069317,0.5316033363342285,0.6832656264305115,-0.030129259452223778,0.5396617650985718,0.6611542105674744,-0.031194936484098434,0.5437780022621155,0.6417662501335144,-0.030950192362070084
0.501832902431488,0.8137045502662659,8.474248858192368e-08,0.4767025113105774,0.8012232780456543,-0.00684315012767911,0.4560459852218628,0.7721825838088989,-0.013116265647113323,0.44076603651046753,0.7461709380149841,-0.020235860720276833,0.4357758164405823,0.7182229161262512,-0.02670874446630478,0.47119346261024475,0.7145838141441345,-0.002900965977460146,0.4564375877380371,0.6925814747810364,-0.01960083469748497,0.4432549774646759,0.6920648217201233,-0.03302312642335892,0.4369555115699768,0.6999621391296387,-0.03984474763274193,0.4851433336734772,0.7001543045043945,-0.007265000604093075,0.4788444936275482,0.6505336165428162,-0.019066162407398224,0.4731837809085846,0.6167912483215332,-0.02658556029200554,0.4684883952140808,0.5890150666236877,-0.03067372553050518,0.5008513927459717,0.6999317407608032,-0.014231206849217415,0.5077990293502808,0.6497496366500854,-0.025884481146931648,0.5097971558570862,0.6175381541252136,-0.031158331781625748,0.5083299279212952,0.5897979140281677,-0.03337070718407631,0.5167737007141113,0.7134711146354675,-0.021898450329899788,0.5325822830200195,0.6809868216514587,-0.029864601790905,0.5409068465232849,0.657975435256958,-0.030943475663661957,0.5452815294265747,0.6378515958786011,-0.030670298263430595
0.5013178586959839,0.8144446611404419,8.397888251465702e-08,0.4764135777950287,0.8021073341369629,-0.0070620132610201836,0.4558524489402771,0.7733229994773865,-0.013273902237415314,0.4412074685096741,0.7477335929870605,-0.02026236802339554,0.43559926748275757,0.719881534576416,-0.02665715292096138,0.47017374634742737,0.7158030867576599,-0.003144066082313657,0.45490562915802,0.694693386554718,-0.019732477143406868,0.4417005479335785,0.6951985955238342,-0.032987236976623535,0.4358114004135132,0.7038145661354065,-0.039647601544857025,0.4841010868549347,0.7009952664375305,-0.007489963434636593,0.47743281722068787,0.651268482208252,-0.019254319369792938,0.47135108709335327,0.618017852306366,-0.02674008160829544,0.46642372012138367,0.5904999375343323,-0.030796606093645096,0.5001031756401062,0.700387179851532,-0.014466851018369198,0.5070527791976929,0.6504501104354858,-0.026530973613262177,0.5084368586540222,0.6178939342498779,-0.03240688890218735,0.5067445039749146,0.5898789167404175,-0.03494391217827797,0.5160432457923889,0.7137085795402527,-0.02208796516060829,0.5314682722091675,0.6803534030914307,-0.030275627970695496,0.5395687222480774,0.6556931138038635,-0.031627193093299866,0.5443435311317444,0.6338472962379456,-0.031581129878759384
0.5017238855361938,0.8139512538909912,9.327385441793012e-08,0.4766213595867157,0.8017477989196777,-0.0070790178142488,0.4558941423892975,0.7740072011947632,-0.013736745342612267,0.4409199655056,0.7489480972290039,-0.021255305036902428,0.43599236011505127,0.7218694090843201,-0.02814796380698681,0.47005146741867065,0.7158190011978149,-0.003438622923567891,0.4549049735069275,0.694167971611023,-0.020568203181028366,0.4419475197792053,0.6944075226783752,-0.03411487489938736,0.4364486634731293,0.703339159488678,-0.0408729687333107,0.4839225113391876,0.7011432647705078,-0.007750754710286856,0.4771498739719391,0.6516786813735962,-0.019559338688850403,0.4712943434715271,0.6180782318115234,-0.026830099523067474,0.46652087569236755,0.5902974605560303,-0.030710354447364807,0.4999532699584961,0.7005165815353394,-0.014744479209184647,0.5066825151443481,0.6508488655090332,-0.026463689282536507,0.508298397064209,0.6184529662132263,-0.031606581062078476,0.50668865442276,0.5905864238739014,-0.03367281332612038,0.5161646604537964,0.7136641144752502,-0.0224728025496006,0.5314819812774658,0.680863618850708,-0.030501333996653557,0.5394877791404724,0.6563762426376343,-0.03163062036037445,0.5440901517868042,0.6345217227935791,-0.03135848417878151
0.5013530254364014,0.8145970106124878,9.015469970563572e-08,0.476417601108551,0.8017350435256958,-0.007077469490468502,0.4560799300670624,0.7740224003791809,-0.013768539763987064,0.4407961368560791,0.749028205871582,-0.021388204768300056,0.43490681052207947,0.7213306427001953,-0.028403563424944878,0.4692218601703644,0.7156415581703186,-0.0026641276199370623,0.45410165190696716,0.6934069991111755,-0.019638530910015106,0.44121381640434265,0.6930112242698669,-0.033391911536455154,0.4354133903980255,0.7012395262718201,-0.04035761579871178,0.4833787977695465,0.7009685039520264,-0.007013421505689621,0.47674840688705444,0.6513352990150452,-0.018516888841986656,0.47076737880706787,0.6178029775619507,-0.02596161887049675,0.4656493365764618,0.5901390314102173,-0.030034534633159637,0.4993564784526825,0.7004525065422058,-0.014079473912715912,0.505620002746582,0.6502059698104858,-0.02546226605772972,0.5069028735160828,0.6179629564285278,-0.030754493549466133,0.504763126373291,0.590425968170166,-0.03307843953371048,0.5153928995132446,0.7138792276382446,-0.021915659308433533,0.5304605960845947,0.6819366216659546,-0.029886694625020027,0.5381636023521423,0.6591707468032837,-0.031039059162139893,0.5420519113540649,0.6392651200294495,-0.0308140330016613
0.5006634593009949,0.8150310516357422,8.034521670197137e-08,0.4757057726383209,0.8022342920303345,-0.0059396205469965935,0.45488983392715454,0.7740174531936646,-0.011757642030715942,0.44005098938941956,0.7495023012161255,-0.0186070054769516,0.4338010549545288,0.7227243185043335,-0.02497969940304756,0.4685359597206116,0.7156366109848022,-0.0023765049409121275,0.4525916874408722,0.6945205330848694,-0.018900074064731598,0.4396349787712097,0.6954637765884399,-0.032336872071027756,0.43406206369400024,0.7046036720275879,-0.039167020469903946,0.48251011967658997,0.7010700106620789,-0.007393673527985811,0.4751474857330322,0.650969922542572,-0.019270796328783035,0.46891239285469055,0.617321789264679,-0.02726663462817669,0.464018851518631,0.5900269150733948,-0.03171839937567711,0.4983181357383728,0.7006325721740723,-0.014889848418533802,0.5044450759887695,0.6505614519119263,-0.026738490909337997,0.5058345198631287,0.6180599927902222,-0.03269268199801445,0.5040624737739563,0.590208888053894,-0.03539511561393738,0.514215886592865,0.7140564918518066,-0.022945594042539597,0.5289016962051392,0.6815484762191772,-0.030801301822066307,0.5368973016738892,0.6587079167366028,-0.03176978603005409,0.5413435697555542,0.6389496326446533,-0.03149957209825516
0.4986136555671692,0.8132274150848389,8.061430634143107e-08,0.47304171323776245,0.8007878065109253,-0.007355497684329748,0.45208391547203064,0.7725327610969543,-0.013442207127809525,0.43799853324890137,0.747309148311615,-0.020076988264918327,0.43233269453048706,0.7198870182037354,-0.026253366842865944,0.46730920672416687,0.7159218192100525,-0.00353397149592638,0.45293453335762024,0.6957322359085083,-0.019603757187724113,0.4397360682487488,0.6948115825653076,-0.03283439576625824,0.4327826499938965,0.7014557719230652,-0.03976571187376976,0.48136377334594727,0.7012848258018494,-0.007848409004509449,0.4746363162994385,0.6513698101043701,-0.019342349842190742,0.4681398570537567,0.6179483532905579,-0.027372412383556366,0.4628230035305023,0.5906257033348083,-0.03205050155520439,0.49737903475761414,0.7007154822349548,-0.014678500592708588,0.5040022730827332,0.650816798210144,-0.026696832850575447,0.50506192445755,0.6182152628898621,-0.033408671617507935,0.5029764771461487,0.5902379751205444,-0.036764372140169144,0.51358962059021,0.7140880823135376,-0.022107059136033058,0.5284215807914734,0.6814078092575073,-0.030409926548600197,0.5357858538627625,0.6573394536972046,-0.03206781670451164,0.5395766496658325,0.6361523270606995,-0.03244258835911751
0.4984336495399475,0.8136767148971558,8.339571166970927e-08,0.47335126996040344,0.8020980954170227,-0.007172183599323034,0.4523817002773285,0.7741115093231201,-0.013486595824360847,0.437782347202301,0.7486404776573181,-0.020434264093637466,0.4315595030784607,0.7211771607398987,-0.026854487136006355,0.46663397550582886,0.7163532972335815,-0.0036120747681707144,0.45188701152801514,0.6957623958587646,-0.020079417154192924,0.4387362003326416,0.6950445175170898,-0.03349718078970909,0.4321368932723999,0.7021916508674622,-0.04040011018514633,0.480612576007843,0.7015413045883179,-0.007925434969365597,0.47371190786361694,0.651948094367981,-0.019618753343820572,0.4672400951385498,0.6183424592018127,-0.027336372062563896,0.46177423000335693,0.5911259651184082,-0.031683482229709625,0.4964931309223175,0.7009069919586182,-0.014788385480642319,0.5026757717132568,0.6511028409004211,-0.02650202251970768,0.5038498044013977,0.6189392805099487,-0.03240280970931053,0.5016540884971619,0.5914679765701294,-0.03518109396100044,0.5126267671585083,0.7142353057861328,-0.022319138050079346,0.5271506905555725,0.6819189190864563,-0.03029695898294449,0.5344732403755188,0.6589910387992859,-0.03154457360506058,0.5379960536956787,0.6390909552574158,-0.031539641320705414
0.4979935586452484,0.813043475151062,8.052486322185359e-08,0.4725417494773865,0.8018768429756165,-0.007357355672866106,0.451449453830719,0.7739195227622986,-0.013730155304074287,0.4365761876106262,0.7485900521278381,-0.02065870724618435,0.43104860186576843,0.7209905982017517,-0.02705901488661766,0.4664231240749359,0.7165074348449707,-0.003963640425354242,0.4517887234687805,0.6962416768074036,-0.02043130435049534,0.4381670355796814,0.6956934928894043,-0.0338069349527359,0.43108701705932617,0.7028782963752747,-0.040679655969142914,0.48020145297050476,0.7017110586166382,-0.008069793693721294,0.4732719361782074,0.6521883606910706,-0.019468527287244797,0.466795414686203,0.6188619136810303,-0.026821346953511238,0.46129608154296875,0.5916130542755127,-0.030941277742385864,0.49605074524879456,0.7009860873222351,-0.014726976864039898,0.5022015571594238,0.6514642834663391,-0.026203781366348267,0.503366231918335,0.6194410920143127,-0.03184397518634796,0.5011367201805115,0.5919634103775024,-0.034458618611097336,0.5120515823364258,0.7141950726509094,-0.022082943469285965,0.5265083312988281,0.681957483291626,-0.03000771626830101,0.5337626934051514,0.659281313419342,-0.031148139387369156,0.5372366905212402,0.6395725607872009,-0.031038686633110046
0.49857109785079956,0.8131189346313477,8.024636599657242e-08,0.47305595874786377,0.8012813925743103,-0.006566543132066727,0.4522523581981659,0.7726137638092041,-0.012547827325761318,0.4379619359970093,0.74740070104599,-0.01924447901546955,0.4319836497306824,0.7207987904548645,-0.025533171370625496,0.46697351336479187,0.7163993716239929,-0.003416607389226556,0.45279523730278015,0.6956722736358643,-0.019770072773098946,0.43949368596076965,0.6944603323936462,-0.03328606113791466,0.4323735535144806,0.7010704874992371,-0.040250711143016815,0.480777382850647,0.7016679048538208,-0.007993489503860474,0.4739464223384857,0.6517429351806641,-0.019415268674492836,0.4676969051361084,0.6176438927650452,-0.02708001434803009,0.462429940700531,0.5899876952171326,-0.03147304803133011,0.49670425057411194,0.7008840441703796,-0.015047281049191952,0.5028482675552368,0.6507210731506348,-0.026622476056218147,0.5041660666465759,0.6181071996688843,-0.0326741524040699,0.5022619366645813,0.5905091762542725,-0.03557218611240387,0.5127806663513184,0.7137917876243591,-0.022708121687173843,0.52693772315979,0.6795575618743896,-0.030598104000091553,0.5350555777549744,0.656017005443573,-0.031800802797079086,0.5396016240119934,0.6359955668449402,-0.03179285675287247
0.4981478154659271,0.8131308555603027,7.961230608088954e-08,0.47288596630096436,0.8022409677505493,-0.006697193719446659,0.45168840885162354,0.773206353187561,-0.01246454007923603,0.43693485856056213,0.7479662299156189,-0.01891189068555832,0.4311431050300598,0.7212734222412109,-0.024952810257673264,0.46614372730255127,0.7156392931938171,-0.0030823962297290564,0.45167577266693115,0.6961508989334106,-0.019593125209212303,0.43857675790786743,0.6959006786346436,-0.03335476666688919,0.4320548176765442,0.7035717368125916,-0.04050809144973755,0.48015105724334717,0.7008306980133057,-0.007555651944130659,0.4729453921318054,0.651451051235199,-0.018904810771346092,0.4666365683078766,0.6175194382667542,-0.02675146982073784,0.46140557527542114,0.5902667045593262,-0.031291794031858444,0.49618083238601685,0.7003083229064941,-0.014573325403034687,0.5024556517601013,0.6510090827941895,-0.02617799863219261,0.5038450360298157,0.618557333946228,-0.03242950513958931,0.5016415119171143,0.5909149646759033,-0.035506606101989746,0.5122814774513245,0.7137569785118103,-0.022206688299775124,0.5271527171134949,0.6809329390525818,-0.030395496636629105,0.5350395441055298,0.6581644415855408,-0.031830113381147385,0.5388171076774597,0.6385949850082397,-0.03197348490357399
0.49954909086227417,0.8140113353729248,8.186835742662879e-08,0.4735083281993866,0.8030843734741211,-0.006138525437563658,0.4522635340690613,0.7741170525550842,-0.011657674796879292,0.4373841881752014,0.7483965158462524,-0.017981700599193573,0.4315062165260315,0.7213406562805176,-0.0238607469946146,0.46682578325271606,0.7177475094795227,-0.0027378222439438105,0.4525741636753082,0.6964372396469116,-0.018474850803613663,0.43902331590652466,0.6950374841690063,-0.03149754926562309,0.43164652585983276,0.7015894055366516,-0.03813997283577919,0.4807192385196686,0.7024898529052734,-0.007254517171531916,0.47353723645210266,0.6519550681114197,-0.018292345106601715,0.4672708511352539,0.6180716156959534,-0.025505132973194122,0.4619000256061554,0.5908352136611938,-0.02957005426287651,0.4966893792152405,0.7009237408638,-0.014211411587893963,0.5023924112319946,0.6499257683753967,-0.02523573860526085,0.503515899181366,0.6173020005226135,-0.030789680778980255,0.5011036992073059,0.5901694893836975,-0.03335689380764961,0.51283860206604,0.7125918865203857,-0.02176653780043125,0.526851236820221,0.6764994263648987,-0.02884208783507347,0.5348477959632874,0.6529039144515991,-0.0294299628585577,0.5389798879623413,0.6337268352508545,-0.02906920202076435
0.49751994013786316,0.8128372430801392,7.254781309029568e-08,0.47200220823287964,0.8017837405204773,-0.005828263238072395,0.4516952931880951,0.7737982273101807,-0.011542174965143204,0.4367058575153351,0.7493367195129395,-0.018061181530356407,0.4311874806880951,0.7227436304092407,-0.02415781468153,0.46668943762779236,0.7178450226783752,-0.002374791307374835,0.4522055685520172,0.6977568864822388,-0.018477264791727066,0.4383600354194641,0.6979366540908813,-0.032146427780389786,0.43102774024009705,0.7051267027854919,-0.039244141429662704,0.48027288913726807,0.7026262879371643,-0.007031559944152832,0.47286897897720337,0.6527225971221924,-0.018448373302817345,0.46643027663230896,0.6187759637832642,-0.026035187765955925,0.4611005187034607,0.5910671949386597,-0.030452294275164604,0.4957546591758728,0.7009499073028564,-0.014122123830020428,0.5019263029098511,0.6502715349197388,-0.025264544412493706,0.5030284523963928,0.6173591017723083,-0.030699558556079865,0.5007818341255188,0.5894671082496643,-0.03315109759569168,0.5109356641769409,0.7118587493896484,-0.021770119667053223,0.5226895213127136,0.6742469668388367,-0.028323404490947723,0.5297878384590149,0.6502664089202881,-0.0282857958227396,0.5334746241569519,0.6302086114883423,-0.027592681348323822
0.49857503175735474,0.8132048845291138,7.311265903808817e-08,0.4727235436439514,0.8025579452514648,-0.005977338645607233,0.45214855670928955,0.7749818563461304,-0.011980770155787468,0.43660008907318115,0.7500945329666138,-0.018857317045331,0.4308180510997772,0.7231997847557068,-0.025213876739144325,0.46704986691474915,0.7186108231544495,-0.002905861474573612,0.45173513889312744,0.697651743888855,-0.01887940801680088,0.4382484555244446,0.698154628276825,-0.032042454928159714,0.43175387382507324,0.705910325050354,-0.03876509144902229,0.4811379611492157,0.702787458896637,-0.007441048044711351,0.4738399386405945,0.6532109379768372,-0.019122224301099777,0.4669414162635803,0.6193867921829224,-0.026447460055351257,0.46134042739868164,0.5915712118148804,-0.030587708577513695,0.4966792166233063,0.700812578201294,-0.014358497224748135,0.5025212168693542,0.64993816614151,-0.0253246258944273,0.5033972859382629,0.6174008250236511,-0.03000277280807495,0.5012575387954712,0.5897748470306396,-0.03192295879125595,0.5116597414016724,0.7117612957954407,-0.02188759297132492,0.5233116149902344,0.6748599410057068,-0.028128042817115784,0.5303555130958557,0.6508868932723999,-0.02777951955795288,0.5343923568725586,0.6307631134986877,-0.026815563440322876
0.49815496802330017,0.8123939633369446,6.742288860550616e-08,0.47237685322761536,0.802044689655304,-0.006060984451323748,0.4512377977371216,0.7746660113334656,-0.011963232420384884,0.4353153109550476,0.7503770589828491,-0.018548734486103058,0.43031519651412964,0.7235326170921326,-0.024677399545907974,0.46653828024864197,0.7180652022361755,-0.002730240114033222,0.4517100155353546,0.697968065738678,-0.018515026196837425,0.43781715631484985,0.6984605193138123,-0.03200666606426239,0.43055978417396545,0.7055790424346924,-0.03914497047662735,0.48019909858703613,0.7028428316116333,-0.00725180096924305,0.4722509980201721,0.6531283855438232,-0.018702561035752296,0.46522340178489685,0.6195023655891418,-0.02641247771680355,0.45944198966026306,0.5920094847679138,-0.031058186665177345,0.4957425892353058,0.7012298107147217,-0.014170821756124496,0.5016304850578308,0.6498219966888428,-0.025444237515330315,0.5023664832115173,0.6167433857917786,-0.03117261826992035,0.49994513392448425,0.5885987281799316,-0.03392638638615608,0.5109542012214661,0.7121801376342773,-0.021594196557998657,0.5216860771179199,0.6740365028381348,-0.02810279279947281,0.5282732844352722,0.6502884030342102,-0.02816063165664673,0.5317539572715759,0.630411684513092,-0.02767765335738659
0.49609455466270447,0.8113173246383667,6.261985419087068e-08,0.4705698490142822,0.8014730215072632,-0.0059407674707472324,0.4497470557689667,0.7745428681373596,-0.011900357902050018,0.4335517883300781,0.7510202527046204,-0.018575869500637054,0.42896148562431335,0.7241175174713135,-0.024880263954401016,0.4640524983406067,0.7189264297485352,-0.0026737689040601254,0.44890910387039185,0.6986147165298462,-0.01864178478717804,0.435258150100708,0.6998396515846252,-0.03245605528354645,0.42850422859191895,0.7072051763534546,-0.039803363382816315,0.47786641120910645,0.7032368779182434,-0.007153362035751343,0.46949848532676697,0.6536366939544678,-0.01882108673453331,0.46241381764411926,0.6201316118240356,-0.02697054110467434,0.4563656449317932,0.5923264026641846,-0.031952984631061554,0.49349647760391235,0.7010111808776855,-0.013983153738081455,0.49925199151039124,0.6486228108406067,-0.02605997398495674,0.5005820989608765,0.6153911352157593,-0.03260830044746399,0.4986521005630493,0.5868651866912842,-0.03580336645245552,0.5086016654968262,0.7110643982887268,-0.02115645632147789,0.5187506675720215,0.6725319027900696,-0.028267038986086845,0.5253535509109497,0.6521592140197754,-0.028419028967618942,0.5292450785636902,0.6353457570075989,-0.027941593900322914
0.4957520067691803,0.8127461671829224,5.5098961837529714e-08,0.4694862365722656,0.8028916120529175,-0.0055797286331653595,0.4478217661380768,0.7759197950363159,-0.011094653978943825,0.43205133080482483,0.7517268061637878,-0.01735145039856434,0.4271288216114044,0.7254354357719421,-0.023154478520154953,0.4629898965358734,0.7196605801582336,-0.0022916742600500584,0.44721364974975586,0.6997938752174377,-0.018250945955514908,0.4335138201713562,0.7012271881103516,-0.03187764808535576,0.42644938826560974,0.7088693380355835,-0.038999494165182114,0.47660332918167114,0.7037570476531982,-0.006947645917534828,0.46790021657943726,0.6539191007614136,-0.018972890451550484,0.4606860280036926,0.6203586459159851,-0.027060505002737045,0.4545832574367523,0.5927226543426514,-0.03184030205011368,0.49182385206222534,0.7012046575546265,-0.013942386955022812,0.4974021315574646,0.6496842503547668,-0.025978075340390205,0.49806904792785645,0.6162172555923462,-0.03219442814588547,0.4955393075942993,0.5877779126167297,-0.03497143089771271,0.5065432190895081,0.7106459736824036,-0.021306032314896584,0.5152637362480164,0.6707950830459595,-0.027955666184425354,0.520323634147644,0.6481812000274658,-0.02782091125845909,0.5227174162864685,0.6296890377998352,-0.02711241878569126
0.49245041608810425,0.8134045600891113,5.480589493345178e-08,0.46631118655204773,0.803525447845459,-0.005262169521301985,0.44557422399520874,0.7777952551841736,-0.010944805108010769,0.4301464557647705,0.7546250224113464,-0.017487196251749992,0.4234345555305481,0.7293189167976379,-0.02369225025177002,0.45934632420539856,0.7216949462890625,-0.0023175792302936316,0.44330793619155884,0.7014309763908386,-0.018157746642827988,0.4294812083244324,0.7030819058418274,-0.03172026202082634,0.4221346974372864,0.710567831993103,-0.03881051391363144,0.4727174937725067,0.705417275428772,-0.007238979451358318,0.46431592106819153,0.655818521976471,-0.01949664019048214,0.4571005702018738,0.6226561665534973,-0.027833454310894012,0.4508316218852997,0.595043420791626,-0.03276807442307472,0.48751387000083923,0.7024967074394226,-0.014399449340999126,0.4930514693260193,0.6507051587104797,-0.026765506714582443,0.49362245202064514,0.6171917915344238,-0.03341793641448021,0.49132731556892395,0.5886865854263306,-0.03651866689324379,0.5016630291938782,0.7114436030387878,-0.021850494667887688,0.5087423324584961,0.6723325848579407,-0.02857949025928974,0.5126446485519409,0.6527670621871948,-0.028344573453068733,0.514647901058197,0.6371873021125793,-0.027627576142549515
0.4942026138305664,0.8166744112968445,3.665123315954588e-08,0.4664096236228943,0.8058611154556274,-0.004482464399188757,0.44484788179397583,0.7774468660354614,-0.009096035733819008,0.4297814965248108,0.7522671818733215,-0.014800632372498512,0.426387220621109,0.7249717712402344,-0.020360462367534637,0.45755279064178467,0.7236167192459106,0.0009903379250317812,0.44000160694122314,0.7034751772880554,-0.014974971301853657,0.42737963795661926,0.7058885097503662,-0.028973208740353584,0.42217445373535156,0.7130419611930847,-0.0363621823489666,0.4711117744445801,0.7069329619407654,-0.00454458175227046,0.4615117609500885,0.655825138092041,-0.015576581470668316,0.4536055326461792,0.623069167137146,-0.023528946563601494,0.4467642307281494,0.5959009528160095,-0.028403228148818016,0.4861655533313751,0.7043355703353882,-0.012665081769227982,0.4910295307636261,0.6509612202644348,-0.025077586993575096,0.49089905619621277,0.6176833510398865,-0.03258785977959633,0.4884450435638428,0.5894168615341187,-0.03652915731072426,0.5002945065498352,0.7144430875778198,-0.020952733233571053,0.5026352405548096,0.6809971332550049,-0.028054852038621902,0.5035495162010193,0.6724909543991089,-0.027579305693507195,0.5042380690574646,0.6672363877296448,-0.02690284699201584
0.4970236122608185,0.8147847056388855,5.96727218749038e-08,0.47032588720321655,0.804658830165863,-0.00469766603782773,0.4487096071243286,0.7764910459518433,-0.00930353719741106,0.4351761043071747,0.7512789964675903,-0.014891759492456913,0.431100994348526,0.7257803678512573,-0.02009078487753868,0.4631319046020508,0.7214020490646362,-0.0016550092259421945,0.4474996328353882,0.7005922794342041,-0.016767580062150955,0.4346522092819214,0.70267653465271,-0.029370367527008057,0.42884284257888794,0.7119421362876892,-0.03579818829894066,0.47672444581985474,0.7054430246353149,-0.0065837339498102665,0.46811556816101074,0.6556481122970581,-0.01768532209098339,0.46073025465011597,0.6221551299095154,-0.0249396450817585,0.45463883876800537,0.595037043094635,-0.029142770916223526,0.4923272132873535,0.7028260231018066,-0.013780258595943451,0.4974016547203064,0.6517882943153381,-0.024682484567165375,0.49776068329811096,0.6185667514801025,-0.03015786036849022,0.49516424536705017,0.5909575819969177,-0.03271422162652016,0.5079574584960938,0.7127190828323364,-0.021412165835499763,0.5197029113769531,0.6754528284072876,-0.027698030695319176,0.5263034105300903,0.6508515477180481,-0.027724403887987137,0.5297604203224182,0.6307780146598816,-0.02720113843679428
0.49875718355178833,0.8188774585723877,8.991587208129204e-08,0.4719844460487366,0.8080478310585022,-0.007576434873044491,0.4504205584526062,0.7818942070007324,-0.014610350131988525,0.4356917440891266,0.7584977149963379,-0.022311333566904068,0.43026071786880493,0.7312953472137451,-0.02947179786860943,0.46127191185951233,0.7236332297325134,-0.004243430681526661,0.446219265460968,0.7017292976379395,-0.021426592022180557,0.43404173851013184,0.7031915783882141,-0.0354510061442852,0.42875009775161743,0.7121827006340027,-0.04256924241781235,0.47545453906059265,0.7072661519050598,-0.008411707356572151,0.4663200378417969,0.6572209596633911,-0.019738294184207916,0.45900046825408936,0.6247080564498901,-0.027167484164237976,0.45261675119400024,0.5979498624801636,-0.03154342621564865,0.49204617738723755,0.7049341797828674,-0.015279535204172134,0.49571260809898376,0.6541824340820312,-0.026454290375113487,0.4962823688983917,0.6215716004371643,-0.03185338154435158,0.49362266063690186,0.5942772626876831,-0.03444487974047661,0.5092805624008179,0.7159661054611206,-0.02291608229279518,0.521614134311676,0.6791751384735107,-0.02989261783659458,0.5289620757102966,0.6554508209228516,-0.0301761906594038,0.5325092077255249,0.6359533667564392,-0.02967725694179535
0.49646174907684326,0.8145589232444763,6.357266357781555e-08,0.47038617730140686,0.8042321801185608,-0.005399273242801428,0.44868800044059753,0.7772027254104614,-0.011059851385653019,0.43405261635780334,0.7521350979804993,-0.017647188156843185,0.4295960068702698,0.7254365682601929,-0.023726653307676315,0.4608239531517029,0.7224124670028687,-0.0022473481949418783,0.44477179646492004,0.6994422674179077,-0.017815379425883293,0.4325149953365326,0.7014185190200806,-0.03060072474181652,0.4273388087749481,0.7105082869529724,-0.03700564056634903,0.4749041497707367,0.705835223197937,-0.006782297510653734,0.46533724665641785,0.6556687355041504,-0.018123803660273552,0.4578995704650879,0.6228580474853516,-0.02516579069197178,0.45139631628990173,0.5959475636482239,-0.029192527756094933,0.49061790108680725,0.7026457786560059,-0.013697856105864048,0.4941772520542145,0.6502840518951416,-0.02478952333331108,0.4950292408466339,0.6171314716339111,-0.02972504496574402,0.49280446767807007,0.5893344879150391,-0.031789086759090424,0.5062770843505859,0.7114059925079346,-0.021061362698674202,0.5134798288345337,0.6714882254600525,-0.026878660544753075,0.5180713534355164,0.6500247120857239,-0.02601545862853527,0.5201338529586792,0.6329585313796997,-0.024859650060534477
0.4967395067214966,0.8183383941650391,5.31247152935066e-08,0.46978700160980225,0.8061261177062988,-0.005038992036134005,0.4490111768245697,0.7793381214141846,-0.010837430134415627,0.43448224663734436,0.7548139095306396,-0.017722615972161293,0.4299655854701996,0.726445734500885,-0.02426953986287117,0.46005311608314514,0.7230413556098938,0.0002679673780221492,0.4430598318576813,0.7012646794319153,-0.0166639257222414,0.43112361431121826,0.7044630646705627,-0.031129509210586548,0.42661556601524353,0.7132279872894287,-0.03844589367508888,0.4740951955318451,0.7069344520568848,-0.005115218460559845,0.46433472633361816,0.6554172039031982,-0.016484489664435387,0.4569839835166931,0.6233512759208679,-0.024507207795977592,0.4502309560775757,0.5957043170928955,-0.029317159205675125,0.48998063802719116,0.7050821185112,-0.013192732818424702,0.4944658875465393,0.6516563892364502,-0.025546133518218994,0.49553778767585754,0.6173666715621948,-0.03251275047659874,0.4937369227409363,0.5878547430038452,-0.03592223674058914,0.5048198699951172,0.7159985899925232,-0.021533679217100143,0.5078514814376831,0.678825855255127,-0.028003493323922157,0.5098835229873657,0.665496289730072,-0.02697807550430298,0.5110133290290833,0.6557803153991699,-0.025837572291493416
0.4980498254299164,0.8172511458396912,5.585660645124335e-08,0.4716252386569977,0.8072832822799683,-0.0058710030280053616,0.4500732421875,0.7805019021034241,-0.011460958048701286,0.4354190528392792,0.7552212476730347,-0.017903106287121773,0.4301363229751587,0.7268579006195068,-0.023815495893359184,0.46060389280319214,0.7239351272583008,-0.0010972961317747831,0.44401630759239197,0.7024434208869934,-0.017213718965649605,0.432043194770813,0.7043607234954834,-0.03088804893195629,0.4270975589752197,0.7122646570205688,-0.037882715463638306,0.4747561514377594,0.706543505191803,-0.005703928880393505,0.46523308753967285,0.6566506028175354,-0.016737451776862144,0.45819705724716187,0.6240848302841187,-0.024036996066570282,0.4520954191684723,0.5967451333999634,-0.02839738503098488,0.4905347526073456,0.703068196773529,-0.012971453368663788,0.49445024132728577,0.6516498327255249,-0.024455705657601357,0.4953725039958954,0.6185829639434814,-0.030164530500769615,0.4933118224143982,0.5903034806251526,-0.03280492499470711,0.5059404969215393,0.711898922920227,-0.020735133439302444,0.5123661756515503,0.6733508706092834,-0.026871265843510628,0.5164607167243958,0.6537263989448547,-0.026180798187851906,0.5182836055755615,0.6380296945571899,-0.025237420573830605
0.4978506565093994,0.816284716129303,7.07479159700597e-08,0.47105005383491516,0.8075482249259949,-0.005178223829716444,0.44875621795654297,0.7798359990119934,-0.010238167829811573,0.43502551317214966,0.7540144920349121,-0.016217805445194244,0.4307841658592224,0.7275769710540771,-0.02170487679541111,0.4606736898422241,0.7232012152671814,-0.0018403374124318361,0.4450320601463318,0.7014344334602356,-0.017395397648215294,0.4330705404281616,0.7035096287727356,-0.03037988394498825,0.42823395133018494,0.7129481434822083,-0.036985717713832855,0.47483542561531067,0.706373929977417,-0.006627056282013655,0.46544215083122253,0.6562541723251343,-0.017564794048666954,0.45806679129600525,0.6232241988182068,-0.024797575548291206,0.4519156813621521,0.5964767932891846,-0.029046958312392235,0.49105191230773926,0.7031324505805969,-0.01378854550421238,0.4946995675563812,0.6513599157333374,-0.02466093748807907,0.49541670083999634,0.6183979511260986,-0.029765799641609192,0.4931294023990631,0.5909925699234009,-0.03208226338028908,0.5074692964553833,0.7122734189033508,-0.021442707628011703,0.5177869200706482,0.6739063262939453,-0.027661649510264397,0.5246998071670532,0.6510951519012451,-0.027229532599449158,0.5285121202468872,0.6327768564224243,-0.026324080303311348
0.49809369444847107,0.8174334764480591,6.844734201649771e-08,0.4713737964630127,0.808704137802124,-0.005166938994079828,0.44857296347618103,0.7807809114456177,-0.01020752266049385,0.4339466989040375,0.7555052638053894,-0.016236811876296997,0.42929503321647644,0.7292801737785339,-0.02173839509487152,0.4603840410709381,0.7235798239707947,-0.0018608634127303958,0.44409316778182983,0.7012596130371094,-0.017429236322641373,0.43207278847694397,0.7036696672439575,-0.030253401026129723,0.4276255965232849,0.713961124420166,-0.03666561469435692,0.47435522079467773,0.7069990634918213,-0.006702471990138292,0.4642295837402344,0.6567457318305969,-0.017290646210312843,0.4568333327770233,0.6239207983016968,-0.024194058030843735,0.45073604583740234,0.5979048609733582,-0.028189824894070625,0.49057692289352417,0.7039858102798462,-0.013975604437291622,0.493868887424469,0.6518630981445312,-0.024553919211030006,0.49410995841026306,0.6191074848175049,-0.02968035824596882,0.4911363422870636,0.5924087762832642,-0.032073602080345154,0.5073126554489136,0.7138581275939941,-0.021769525483250618,0.5189744234085083,0.6759531497955322,-0.028103724122047424,0.5262112617492676,0.6529309749603271,-0.02800203301012516,0.5297779440879822,0.6349741816520691,-0.02728309854865074
0.4971766471862793,0.8167057037353516,6.330652269070924e-08,0.4707319736480713,0.8080986738204956,-0.0048111905343830585,0.44834476709365845,0.7804214954376221,-0.00956313032656908,0.4339025914669037,0.7554882764816284,-0.0152678731828928,0.4285838007926941,0.7295492887496948,-0.020603667944669724,0.4600882828235626,0.7228652238845825,-0.001362978364340961,0.44452863931655884,0.7016299962997437,-0.016355309635400772,0.4324134290218353,0.7035618424415588,-0.029055070132017136,0.42726221680641174,0.7129610776901245,-0.03554946929216385,0.4742940664291382,0.7068438529968262,-0.006448997184634209,0.46460214257240295,0.656429648399353,-0.01684122532606125,0.4574620723724365,0.6236891150474548,-0.023999864235520363,0.45139721035957336,0.5976972579956055,-0.0283344779163599,0.4905793368816376,0.7041825652122498,-0.013884520158171654,0.4948027729988098,0.652205228805542,-0.024628866463899612,0.4951840937137604,0.6195001602172852,-0.030473968014121056,0.49216875433921814,0.5928958654403687,-0.03344990685582161,0.506969690322876,0.7141355872154236,-0.021741125732660294,0.5177083015441895,0.6761956214904785,-0.028172316029667854,0.5245118737220764,0.6548515558242798,-0.028181107714772224,0.5278546810150146,0.6384958028793335,-0.027691442519426346
0.4977439045906067,0.8168275952339172,7.467703255770175e-08,0.4706805348396301,0.8074936866760254,-0.005662829615175724,0.44853439927101135,0.7800711989402771,-0.01104054506868124,0.4339613914489746,0.756064772605896,-0.017359431833028793,0.4288913905620575,0.7299422025680542,-0.023333415389060974,0.4599960744380951,0.722292423248291,-0.0020083487033843994,0.4445571005344391,0.7016300559043884,-0.018069611862301826,0.43272995948791504,0.7039673924446106,-0.03166978433728218,0.42815080285072327,0.7135928273200989,-0.03865803778171539,0.4740273356437683,0.7062927484512329,-0.006884654518216848,0.46462613344192505,0.6565306186676025,-0.01755090430378914,0.4573095738887787,0.6236934661865234,-0.025178538635373116,0.4513987600803375,0.59705650806427,-0.029786214232444763,0.4904524087905884,0.7039738297462463,-0.014251564629375935,0.4940507113933563,0.6522942185401917,-0.02515975385904312,0.4941895306110382,0.6196671724319458,-0.031448278576135635,0.4914007782936096,0.5926786661148071,-0.03473992645740509,0.5072985887527466,0.7148479223251343,-0.022151445969939232,0.5195020437240601,0.678502082824707,-0.029192212969064713,0.526756227016449,0.6555842161178589,-0.02993243746459484,0.5305516719818115,0.637073278427124,-0.02983093447983265
0.4968513548374176,0.8173174262046814,1.0151649121326045e-07,0.47028055787086487,0.807371973991394,-0.00834733434021473,0.4477018713951111,0.7815529704093933,-0.015762269496917725,0.4324006140232086,0.7573766112327576,-0.023752639070153236,0.42851248383522034,0.7295191884040833,-0.031216835603117943,0.45859068632125854,0.7228348255157471,-0.004205426666885614,0.4441225826740265,0.7022080421447754,-0.02198941819369793,0.4324766993522644,0.7028109431266785,-0.036533910781145096,0.42781153321266174,0.7111591696739197,-0.04391347989439964,0.47290024161338806,0.7068607211112976,-0.008058507926762104,0.464216947555542,0.6569736003875732,-0.018937155604362488,0.45688924193382263,0.6242949366569519,-0.026042470708489418,0.4506787955760956,0.5973188877105713,-0.030094103887677193,0.4901770353317261,0.7049187421798706,-0.014820762909948826,0.49344325065612793,0.653746485710144,-0.026030929759144783,0.49353477358818054,0.6215593218803406,-0.031584031879901886,0.4906652569770813,0.5946415662765503,-0.03419588878750801,0.5082622766494751,0.7169332504272461,-0.022440217435359955,0.5209836959838867,0.6821494102478027,-0.030169717967510223,0.527917742729187,0.659048318862915,-0.031079132109880447,0.5311645865440369,0.6395218372344971,-0.030813146382570267
0.4972911775112152,0.8172001838684082,9.829402358718653e-08,0.4709766209125519,0.8083263039588928,-0.00836854986846447,0.44705840945243835,0.7818723917007446,-0.01474741380661726,0.43245455622673035,0.7555551528930664,-0.021664846688508987,0.42870214581489563,0.7283212542533875,-0.0278566163033247,0.4583750069141388,0.7242422699928284,-0.004342240281403065,0.4424026310443878,0.7031278014183044,-0.021145639941096306,0.43090763688087463,0.7039510011672974,-0.03389411419630051,0.42701804637908936,0.7131190299987793,-0.039930447936058044,0.4723777174949646,0.7073013782501221,-0.008001788519322872,0.46327871084213257,0.6565858125686646,-0.018737999722361565,0.45583733916282654,0.6234945058822632,-0.024912450462579727,0.45007213950157166,0.596926212310791,-0.027994170784950256,0.48921138048171997,0.7041773796081543,-0.014512528665363789,0.4915284514427185,0.6535506248474121,-0.026048505678772926,0.49081745743751526,0.6212462782859802,-0.03088241256773472,0.48823705315589905,0.5945014953613281,-0.032570865005254745,0.5068559050559998,0.7147440314292908,-0.02189573459327221,0.5197026133537292,0.6802152991294861,-0.03034493699669838,0.5265007615089417,0.654399037361145,-0.03161650896072388,0.5311864614486694,0.6318374872207642,-0.031176764518022537
0.498848557472229,0.8181833028793335,1.0333880595680967e-07,0.47210389375686646,0.8086475133895874,-0.008720763958990574,0.4484720528125763,0.7818663120269775,-0.015598698519170284,0.4335643947124481,0.755557119846344,-0.022997472435235977,0.4302363097667694,0.7272763848304749,-0.029559778049588203,0.45960599184036255,0.7232728600502014,-0.004370728973299265,0.4433252811431885,0.702257513999939,-0.021782206371426582,0.43216514587402344,0.7036183476448059,-0.03491209074854851,0.4288104474544525,0.7130992412567139,-0.041035041213035583,0.47391441464424133,0.7066251635551453,-0.007974202744662762,0.46446341276168823,0.6556004285812378,-0.01870911568403244,0.45689332485198975,0.6224700808525085,-0.02472563646733761,0.45108604431152344,0.5966134667396545,-0.027660058811306953,0.4910045564174652,0.7039491534233093,-0.014572953805327415,0.4933567941188812,0.6532330513000488,-0.025856468826532364,0.49274200201034546,0.6207244396209717,-0.030165838077664375,0.49021533131599426,0.5941655039787292,-0.03152359649538994,0.5088002681732178,0.7147820591926575,-0.022127201780676842,0.5211334228515625,0.6797274351119995,-0.030217252671718597,0.5280007719993591,0.6542142033576965,-0.031026668846607208,0.5325968265533447,0.6321150660514832,-0.03024197369813919
0.4996911287307739,0.8179845809936523,1.0197501865150116e-07,0.4726858139038086,0.8088502287864685,-0.008642449975013733,0.4480712115764618,0.7815724611282349,-0.015334361232817173,0.4328804016113281,0.7540259957313538,-0.022548504173755646,0.4307599365711212,0.7257382273674011,-0.028879810124635696,0.45972776412963867,0.723822832107544,-0.004699568264186382,0.4430902898311615,0.7024869918823242,-0.022103970870375633,0.4324570596218109,0.7037727236747742,-0.034956254065036774,0.4296080470085144,0.7127035856246948,-0.040930621325969696,0.4741962254047394,0.7065856456756592,-0.008172111585736275,0.4645242989063263,0.6558479070663452,-0.019199859350919724,0.45714956521987915,0.6227540969848633,-0.025017550215125084,0.45159605145454407,0.5964855551719666,-0.027695177122950554,0.4913978576660156,0.7034605741500854,-0.014589780941605568,0.49326881766319275,0.6528854370117188,-0.026072755455970764,0.4925667643547058,0.6205485463142395,-0.029930444434285164,0.4900542199611664,0.5939714908599854,-0.030825277790427208,0.5093461275100708,0.7138790488243103,-0.021967900916934013,0.5213631391525269,0.6791207194328308,-0.03028600662946701,0.5280991196632385,0.6536740660667419,-0.031068960204720497,0.5327153205871582,0.631579577922821,-0.030120061710476875
0.4991171360015869,0.818268358707428,1.0875332634441293e-07,0.47244369983673096,0.8084237575531006,-0.008808695711195469,0.4480894207954407,0.7816382646560669,-0.016019731760025024,0.4329088032245636,0.754145622253418,-0.02382655441761017,0.43067023158073425,0.7253001928329468,-0.030682338401675224,0.45946362614631653,0.7237448692321777,-0.004757869988679886,0.4429797828197479,0.7024127244949341,-0.02244105562567711,0.43224912881851196,0.7036200761795044,-0.03541934862732887,0.42949575185775757,0.7128220200538635,-0.04143416881561279,0.47378525137901306,0.7066486477851868,-0.008198178373277187,0.46420177817344666,0.656227707862854,-0.019294429570436478,0.45686689019203186,0.6232966780662537,-0.024991421028971672,0.45135945081710815,0.5966264605522156,-0.027584511786699295,0.49088141322135925,0.7034597992897034,-0.014627877622842789,0.49279865622520447,0.6523983478546143,-0.025916829705238342,0.4921954274177551,0.6201253533363342,-0.029216216877102852,0.48969048261642456,0.5935430526733398,-0.029758626595139503,0.5088686943054199,0.7137911915779114,-0.0220944844186306,0.5210990905761719,0.6789440512657166,-0.030198436230421066,0.5278258919715881,0.6532192230224609,-0.03070461004972458,0.5322945713996887,0.6308069825172424,-0.02955121546983719
0.49890321493148804,0.8186381459236145,1.0803177019624854e-07,0.47234854102134705,0.8088635206222534,-0.008898140862584114,0.4478161931037903,0.7814314365386963,-0.01585564762353897,0.43277424573898315,0.7537449598312378,-0.023337872698903084,0.4302386939525604,0.7254172563552856,-0.02992563508450985,0.4590336084365845,0.7239121198654175,-0.004849102348089218,0.44281595945358276,0.7024270296096802,-0.022454528138041496,0.43242907524108887,0.7031359672546387,-0.03540227189660072,0.42957353591918945,0.7118862867355347,-0.041414208710193634,0.4736035466194153,0.7067708969116211,-0.00829460471868515,0.46439534425735474,0.6559785008430481,-0.019406476989388466,0.4570513367652893,0.6229530572891235,-0.025223078206181526,0.45133212208747864,0.5965877771377563,-0.027908677235245705,0.49090656638145447,0.7036154866218567,-0.014743544161319733,0.4926106631755829,0.6528666615486145,-0.026238176971673965,0.4918184280395508,0.6202777028083801,-0.03001929260790348,0.48923584818840027,0.5934086441993713,-0.03089362382888794,0.5090152621269226,0.7139265537261963,-0.022207317873835564,0.5209691524505615,0.6790866851806641,-0.030455833300948143,0.527743935585022,0.6532556414604187,-0.031238054856657982,0.5323848724365234,0.6307005286216736,-0.030333176255226135
0.49973392486572266,0.8191502690315247,1.0712697928738635e-07,0.47302502393722534,0.8102526664733887,-0.00864718109369278,0.4482255280017853,0.7821828722953796,-0.015385078266263008,0.4330081045627594,0.7537940740585327,-0.022733019664883614,0.43138831853866577,0.7252746224403381,-0.029156850650906563,0.4592757523059845,0.7248454093933105,-0.004736651666462421,0.442682147026062,0.7025086283683777,-0.022351911291480064,0.4323635399341583,0.7038156390190125,-0.035048723220825195,0.4300028085708618,0.7132389545440674,-0.04074700549244881,0.47359687089920044,0.707488477230072,-0.00810908805578947,0.4642225503921509,0.6559276580810547,-0.018964020535349846,0.457082062959671,0.6228979825973511,-0.024112632498145103,0.4516691565513611,0.5965379476547241,-0.026193158701062202,0.4909053444862366,0.7039388418197632,-0.014504157938063145,0.49215951561927795,0.652831494808197,-0.02565760537981987,0.49163544178009033,0.6200984716415405,-0.028884699568152428,0.489459753036499,0.5931186676025391,-0.02929600514471531,0.5090903639793396,0.7137680053710938,-0.021931087598204613,0.520957350730896,0.6787048578262329,-0.029753243550658226,0.5279188752174377,0.6529052257537842,-0.03015275113284588,0.5329716801643372,0.6304703950881958,-0.028924610465765
0.4992188811302185,0.8190141320228577,1.0779676529182325e-07,0.47246798872947693,0.8094223737716675,-0.00854688510298729,0.44818535447120667,0.7819074392318726,-0.015372873283922672,0.43335220217704773,0.7545565962791443,-0.02285105735063553,0.43024641275405884,0.7264093160629272,-0.029493017122149467,0.45935866236686707,0.7245394587516785,-0.0048217480070889,0.44288170337677,0.7026172876358032,-0.022292068228125572,0.4322708547115326,0.7037022709846497,-0.035079989582300186,0.42932650446891785,0.7129122018814087,-0.040935009717941284,0.4736674427986145,0.707554042339325,-0.008408629335463047,0.4642634093761444,0.6563923358917236,-0.019250765442848206,0.45686817169189453,0.6232414841651917,-0.024888401851058006,0.4512231945991516,0.5967018008232117,-0.027471765875816345,0.4909103512763977,0.7042302489280701,-0.014947600662708282,0.4920782148838043,0.6532466411590576,-0.02605021372437477,0.49145928025245667,0.6206117868423462,-0.029739361256361008,0.4892539978027344,0.5937134623527527,-0.03064042516052723,0.5091223120689392,0.7141118049621582,-0.022502921521663666,0.5210472345352173,0.6790642738342285,-0.030382582917809486,0.5280463695526123,0.6531792879104614,-0.031030824407935143,0.5331254005432129,0.6306523084640503,-0.03009747341275215
0.49876686930656433,0.8185027241706848,1.1029278823571076e-07,0.47243428230285645,0.8089596033096313,-0.00910154264420271,0.4484686851501465,0.7816973924636841,-0.016132080927491188,0.43381577730178833,0.7552410364151001,-0.023663422092795372,0.42981410026550293,0.7273956537246704,-0.030415374785661697,0.4592539966106415,0.7239192128181458,-0.005459100939333439,0.4431758522987366,0.7027678489685059,-0.023089362308382988,0.43251562118530273,0.7036496996879578,-0.0361393541097641,0.4291532337665558,0.7123410701751709,-0.04216867685317993,0.47344720363616943,0.7069332003593445,-0.008854713290929794,0.46470680832862854,0.6560314893722534,-0.01977691613137722,0.4571263790130615,0.6233260035514832,-0.025653623044490814,0.4509713649749756,0.5970859527587891,-0.02839391678571701,0.4904650151729584,0.7038257122039795,-0.01521218754351139,0.49220022559165955,0.6528427004814148,-0.026618175208568573,0.49143514037132263,0.6202118992805481,-0.030727569013834,0.48901695013046265,0.5932420492172241,-0.0318683460354805,0.5082715153694153,0.7142701745033264,-0.022589929401874542,0.5206738114356995,0.6794208884239197,-0.03086841106414795,0.5279502272605896,0.6535961627960205,-0.03178146854043007,0.5332338809967041,0.630961000919342,-0.03097624145448208
0.49923962354660034,0.8185573816299438,1.115339642865365e-07,0.4727333188056946,0.8092567920684814,-0.00914943777024746,0.4490166902542114,0.781953752040863,-0.016243748366832733,0.43445125222206116,0.7553916573524475,-0.023844782263040543,0.430259108543396,0.7275671362876892,-0.030625315383076668,0.4589894711971283,0.7241185307502747,-0.005328845698386431,0.4429154396057129,0.7027378678321838,-0.02293844148516655,0.43226680159568787,0.7040272951126099,-0.035890042781829834,0.42907464504241943,0.7131807208061218,-0.041804611682891846,0.4733158051967621,0.7069827914237976,-0.00868286844342947,0.46424147486686707,0.6560730338096619,-0.019261561334133148,0.45699289441108704,0.6231938004493713,-0.024759642779827118,0.45122605562210083,0.5967500805854797,-0.02726559527218342,0.49059340357780457,0.7038099765777588,-0.015064364299178123,0.4921245276927948,0.6532503366470337,-0.026235653087496758,0.49163156747817993,0.6204699873924255,-0.030109211802482605,0.48939821124076843,0.5934149026870728,-0.031124863773584366,0.5086883306503296,0.7140381336212158,-0.02249074913561344,0.5209854245185852,0.6791192293167114,-0.030670586973428726,0.528317391872406,0.6533041596412659,-0.031461264938116074,0.5335577130317688,0.6307185888290405,-0.03057202138006687
0.4988456666469574,0.8187486529350281,1.0730269650593982e-07,0.472201943397522,0.809035062789917,-0.009001795202493668,0.44855135679244995,0.7820777297019958,-0.016227269545197487,0.43408775329589844,0.755751371383667,-0.023982595652341843,0.4305662512779236,0.7275981903076172,-0.030941857025027275,0.45949825644493103,0.724263608455658,-0.005366556812077761,0.4436537027359009,0.7025386095046997,-0.02309149131178856,0.4323881268501282,0.7036871910095215,-0.03620554134249687,0.42853227257728577,0.7129700183868408,-0.042222052812576294,0.47362038493156433,0.7074266672134399,-0.008868166245520115,0.4646921753883362,0.6563513278961182,-0.019548745825886726,0.4572232663631439,0.6233484745025635,-0.025087054818868637,0.4511951208114624,0.5969160199165344,-0.02762707881629467,0.4907800853252411,0.704423189163208,-0.015388651750981808,0.4922826588153839,0.6535101532936096,-0.026729293167591095,0.49159130454063416,0.6206984519958496,-0.030716806650161743,0.48921099305152893,0.5936545729637146,-0.03180113807320595,0.5088101625442505,0.7146745324134827,-0.022926103323698044,0.5210868120193481,0.6794945001602173,-0.03130955249071121,0.5282622575759888,0.6534676551818848,-0.0322130061686039,0.5333719849586487,0.630672812461853,-0.03139781951904297
0.49911564588546753,0.817888617515564,1.1155530899031874e-07,0.47276175022125244,0.8087308406829834,-0.008927582763135433,0.4489734470844269,0.7820416688919067,-0.01599995605647564,0.43396785855293274,0.7558931112289429,-0.023586133494973183,0.4300631284713745,0.7281156182289124,-0.030327990651130676,0.4593244194984436,0.7242795825004578,-0.005218974314630032,0.4434763789176941,0.7030731439590454,-0.023043841123580933,0.4330219328403473,0.7041401267051697,-0.03640786558389664,0.4300330579280853,0.7129286527633667,-0.042735010385513306,0.473658949136734,0.7072145342826843,-0.008703287690877914,0.4646105170249939,0.6566412448883057,-0.02004159614443779,0.45701053738594055,0.6234713196754456,-0.026377925649285316,0.451021671295166,0.5968430638313293,-0.029518960043787956,0.4908358156681061,0.7041072845458984,-0.015127886086702347,0.4918447732925415,0.6533234119415283,-0.026706933975219727,0.49084681272506714,0.6211613416671753,-0.03079809807240963,0.4881647825241089,0.5944045782089233,-0.03195862099528313,0.5089871287345886,0.7143937945365906,-0.02256055362522602,0.5207682251930237,0.6794036626815796,-0.030858322978019714,0.5274802446365356,0.6535229682922363,-0.03179612010717392,0.5320780277252197,0.6307456493377686,-0.031053811311721802
0.4978445768356323,0.8185713291168213,1.0544702888637403e-07,0.4714811444282532,0.8084303140640259,-0.008245832286775112,0.4480164349079132,0.7807872295379639,-0.014648172073066235,0.4343326985836029,0.7537408471107483,-0.021650314331054688,0.43171197175979614,0.726104199886322,-0.02800734154880047,0.4591474235057831,0.7239958047866821,-0.004224733915179968,0.44374674558639526,0.7026619911193848,-0.021304002031683922,0.4330408573150635,0.7035341858863831,-0.03447071090340614,0.4293205738067627,0.7121196985244751,-0.040738750249147415,0.4734049439430237,0.707335352897644,-0.008041005581617355,0.46527498960494995,0.655358076095581,-0.018622808158397675,0.45798009634017944,0.6218512654304504,-0.02506399154663086,0.45219796895980835,0.5952242016792297,-0.02838975004851818,0.4906124770641327,0.70447838306427,-0.014704674482345581,0.4916524291038513,0.6534565687179565,-0.025985922664403915,0.49052923917770386,0.6209182739257812,-0.031122613698244095,0.4881400763988495,0.5941744446754456,-0.03313006833195686,0.5086645483970642,0.7147617340087891,-0.02226126380264759,0.5202958583831787,0.6794366836547852,-0.030274266377091408,0.527201771736145,0.6538459658622742,-0.03140723332762718,0.5323677659034729,0.6315752863883972,-0.03098500333726406
0.49739861488342285,0.8161364793777466,1.0015281048936231e-07,0.4714362621307373,0.8067249059677124,-0.008252882398664951,0.4491191506385803,0.7797605395317078,-0.01472468301653862,0.43684035539627075,0.7533369064331055,-0.021726159378886223,0.43418553471565247,0.7252212166786194,-0.028064128011465073,0.46023818850517273,0.7215384840965271,-0.004740877076983452,0.44449543952941895,0.7008819580078125,-0.021592162549495697,0.43368926644325256,0.7018974423408508,-0.03438970446586609,0.4300077557563782,0.7101109623908997,-0.040454111993312836,0.4742208421230316,0.704906702041626,-0.008686426095664501,0.4656705856323242,0.652885377407074,-0.01948557049036026,0.4582052528858185,0.6197245121002197,-0.02594047039747238,0.4521065354347229,0.5931962728500366,-0.02921696938574314,0.4911230802536011,0.7024017572402954,-0.01540714967995882,0.4920121133327484,0.6509354710578918,-0.027201810851693153,0.49093306064605713,0.6184324622154236,-0.03273405879735947,0.4883343279361725,0.5912823677062988,-0.03496529161930084,0.5088601112365723,0.7133984565734863,-0.0229360181838274,0.5208557844161987,0.6779794692993164,-0.03158903494477272,0.5280246138572693,0.6524728536605835,-0.03315594419836998,0.533159077167511,0.630073606967926,-0.03299818933010101
0.49792900681495667,0.8192627429962158,1.0018162299729738e-07,0.4716559052467346,0.8096132874488831,-0.008588149212300777,0.44855958223342896,0.7824845910072327,-0.015042226761579514,0.43588465452194214,0.7564572095870972,-0.022032126784324646,0.43209558725357056,0.729260265827179,-0.028337448835372925,0.4588629901409149,0.7242794632911682,-0.004263566806912422,0.44386783242225647,0.7036575078964233,-0.02138124592602253,0.4333779513835907,0.7051475048065186,-0.03454331308603287,0.4299752116203308,0.7148709297180176,-0.040620528161525726,0.47322943806648254,0.7077693343162537,-0.007886783219873905,0.46542614698410034,0.6560947895050049,-0.018208783119916916,0.4581250846385956,0.6229357123374939,-0.02441863715648651,0.45205071568489075,0.5966438055038452,-0.02751826122403145,0.4903847575187683,0.7050171494483948,-0.014464054256677628,0.4917282462120056,0.6539743542671204,-0.025626398622989655,0.49080783128738403,0.6208794713020325,-0.030988642945885658,0.48833167552948,0.5938997268676758,-0.03311774507164955,0.5081321001052856,0.7158726453781128,-0.021962178871035576,0.5195567607879639,0.6803155541419983,-0.02977314591407776,0.5257412195205688,0.6545994877815247,-0.030906708911061287,0.53009432554245,0.6327378749847412,-0.030521908774971962
0.498408704996109,0.8231456279754639,1.0368455605203053e-07,0.47103920578956604,0.8138453364372253,-0.009276027791202068,0.44749557971954346,0.7864563465118408,-0.016229353845119476,0.43411388993263245,0.7595891952514648,-0.02360038086771965,0.430803120136261,0.7309162616729736,-0.030195502564311028,0.4581581652164459,0.7282319068908691,-0.0049767098389565945,0.44218796491622925,0.7067187428474426,-0.02288009598851204,0.43110400438308716,0.7084348201751709,-0.036641594022512436,0.4273829460144043,0.7176454067230225,-0.04310602322220802,0.47239071130752563,0.7110753059387207,-0.008381166495382786,0.464236855506897,0.6586316823959351,-0.019539009779691696,0.4567563235759735,0.6251897811889648,-0.026112185791134834,0.4509013593196869,0.599187970161438,-0.029383981600403786,0.48901665210723877,0.7078396677970886,-0.014807486906647682,0.489063560962677,0.6572160124778748,-0.026154818013310432,0.4868280291557312,0.624275267124176,-0.031073251739144325,0.4833526909351349,0.5970386862754822,-0.0328555703163147,0.5063464641571045,0.7177730202674866,-0.02226238138973713,0.5158898830413818,0.6818317174911499,-0.029638098552823067,0.521252453327179,0.6564165353775024,-0.030196350067853928,0.5249974131584167,0.6347631216049194,-0.029400281608104706
0.4981171786785126,0.8223437666893005,9.634237585487426e-08,0.4720095992088318,0.8128652572631836,-0.009618631564080715,0.44915834069252014,0.785125195980072,-0.01707734353840351,0.4359392523765564,0.7580248117446899,-0.02497515268623829,0.4324468970298767,0.7285548448562622,-0.03215137869119644,0.46089738607406616,0.7269555330276489,-0.005286339204758406,0.4455375075340271,0.7054938673973083,-0.02310367301106453,0.4340851306915283,0.7057848572731018,-0.03689195215702057,0.4298476278781891,0.7136095762252808,-0.043517399579286575,0.4746539294719696,0.7106229662895203,-0.008843628689646721,0.4663882851600647,0.6580865383148193,-0.019452029839158058,0.4584383964538574,0.6250606775283813,-0.02596682868897915,0.4519493281841278,0.5984890460968018,-0.029461508616805077,0.4911034405231476,0.7081670165061951,-0.015432926826179028,0.49000024795532227,0.6565903425216675,-0.026513870805501938,0.48766595125198364,0.623706579208374,-0.03151680529117584,0.4843105971813202,0.5957308411598206,-0.0336553193628788,0.5082483291625977,0.718635082244873,-0.02310284785926342,0.5174161791801453,0.6824386715888977,-0.030835678800940514,0.5231425166130066,0.6566152572631836,-0.031885091215372086,0.5273710489273071,0.6338357925415039,-0.031564902514219284
0.5004331469535828,0.8218680024147034,9.931678590646698e-08,0.4737781584262848,0.8118945360183716,-0.009562205523252487,0.45001277327537537,0.7845484018325806,-0.016801968216896057,0.43727555871009827,0.7570481300354004,-0.024406282231211662,0.4346451163291931,0.7280225157737732,-0.031211722642183304,0.4612063765525818,0.7259510159492493,-0.005450103897601366,0.4457741677761078,0.7043117880821228,-0.023085622116923332,0.43502816557884216,0.7059363126754761,-0.036441393196582794,0.4313007593154907,0.7151455283164978,-0.042655810713768005,0.4755871891975403,0.7094405293464661,-0.008929095230996609,0.4670405387878418,0.6568595767021179,-0.019619563594460487,0.45927703380584717,0.6238380670547485,-0.02588806301355362,0.45299673080444336,0.5973597764968872,-0.029062530025839806,0.4927062392234802,0.7070020437240601,-0.015405513346195221,0.4918292760848999,0.6560303568840027,-0.026584962382912636,0.48945289850234985,0.6231343746185303,-0.03138935938477516,0.48609140515327454,0.5953111052513123,-0.033225491642951965,0.510571300983429,0.7176523804664612,-0.02294028550386429,0.5196402072906494,0.681413471698761,-0.03046686016023159,0.5250625014305115,0.6556539535522461,-0.03107699379324913,0.5290260910987854,0.6330595016479492,-0.03035658784210682
0.5000084638595581,0.8217663764953613,1.0190994004233289e-07,0.473628431558609,0.8117631673812866,-0.009825997054576874,0.45006686449050903,0.784909188747406,-0.0174371637403965,0.43660274147987366,0.7585831880569458,-0.025441525503993034,0.43358927965164185,0.7293475866317749,-0.03269015997648239,0.4607694745063782,0.7257791757583618,-0.005649383645504713,0.4455691874027252,0.7051156759262085,-0.023731859400868416,0.43473920226097107,0.7063183784484863,-0.03755831718444824,0.4308905601501465,0.7151734828948975,-0.04410134255886078,0.47488105297088623,0.7092705368995667,-0.009150383062660694,0.46623969078063965,0.6569701433181763,-0.019852114841341972,0.4584287703037262,0.6240931749343872,-0.02623361349105835,0.45217233896255493,0.5975143909454346,-0.029552742838859558,0.4920402765274048,0.7068597078323364,-0.015713892877101898,0.49049243330955505,0.655536949634552,-0.02699311636388302,0.4881378710269928,0.622796356678009,-0.03189856931567192,0.48488035798072815,0.5949059128761292,-0.03386873006820679,0.5101537108421326,0.7177391648292542,-0.02337474748492241,0.5193144083023071,0.6817633509635925,-0.031184595078229904,0.5250851511955261,0.6562281847000122,-0.03196138143539429,0.5294007658958435,0.6335388422012329,-0.03134651854634285
0.5000885725021362,0.8220508098602295,1.0091710578308266e-07,0.47375842928886414,0.8125135898590088,-0.009616770781576633,0.45012301206588745,0.7850022315979004,-0.017175380140542984,0.43629270792007446,0.7579576373100281,-0.025309938937425613,0.4328817129135132,0.7283802628517151,-0.03274320811033249,0.4603917598724365,0.7263374924659729,-0.004696333315223455,0.4455713629722595,0.7045598030090332,-0.023283248767256737,0.4346437156200409,0.7060678005218506,-0.03774578496813774,0.430900901556015,0.7150823473930359,-0.04460001364350319,0.4741251468658447,0.7099599838256836,-0.008303046226501465,0.4657728672027588,0.6571832299232483,-0.01858704164624214,0.45801323652267456,0.6242634057998657,-0.024724215269088745,0.4516160488128662,0.5974851250648499,-0.02794063277542591,0.4910094141960144,0.7076348066329956,-0.015153195708990097,0.4879712760448456,0.6562701463699341,-0.02596602588891983,0.48498666286468506,0.6231616735458374,-0.03072401136159897,0.4812890589237213,0.5948959589004517,-0.03268488124012947,0.5088657140731812,0.7179876565933228,-0.023162800818681717,0.5166776180267334,0.6812378764152527,-0.030698616057634354,0.5219231843948364,0.6555382013320923,-0.03151330724358559,0.5259551405906677,0.6326904296875,-0.030984127894043922
0.49978163838386536,0.8225508332252502,9.8890680533259e-08,0.47371262311935425,0.8125554919242859,-0.009485322050750256,0.45037299394607544,0.7852466702461243,-0.01699976809322834,0.43641167879104614,0.7587125301361084,-0.025141995400190353,0.43270209431648254,0.7294942140579224,-0.03261159360408783,0.4611523449420929,0.7269477844238281,-0.004262641072273254,0.44612205028533936,0.705851137638092,-0.02248094417154789,0.434877872467041,0.7066489458084106,-0.03684094920754433,0.43056634068489075,0.7146921753883362,-0.043758753687143326,0.4746033251285553,0.7105343341827393,-0.007945388555526733,0.46639537811279297,0.6577423214912415,-0.018255416303873062,0.45856472849845886,0.6244683265686035,-0.024711523205041885,0.4520294666290283,0.5973424911499023,-0.028241923078894615,0.49119895696640015,0.7078860998153687,-0.01481842715293169,0.4886675179004669,0.656398355960846,-0.025654014199972153,0.48558422923088074,0.6233345866203308,-0.03077751211822033,0.48158663511276245,0.5952122211456299,-0.03306466341018677,0.5088908076286316,0.7179506421089172,-0.022838400676846504,0.5172255635261536,0.6812014579772949,-0.030305277556180954,0.5222992897033691,0.6551059484481812,-0.03135344013571739,0.5258527398109436,0.6320737600326538,-0.031117117032408714
0.4983515441417694,0.8225006461143494,9.472400108734291e-08,0.47211557626724243,0.8118550777435303,-0.00877742376178503,0.44851550459861755,0.7841761708259583,-0.015690919011831284,0.4343124330043793,0.7584229111671448,-0.023330233991146088,0.43120118975639343,0.7308143973350525,-0.030402299016714096,0.45941317081451416,0.7268752455711365,-0.003557456424459815,0.4451085329055786,0.7061387896537781,-0.02113272063434124,0.4335983395576477,0.7064992785453796,-0.03521519526839256,0.4284926950931549,0.7140694260597229,-0.042108383029699326,0.4727066159248352,0.7107374668121338,-0.007417640648782253,0.4644738435745239,0.6584215760231018,-0.0173001941293478,0.45668402314186096,0.6251201033592224,-0.023741384968161583,0.45018714666366577,0.5984206795692444,-0.02733626402914524,0.4893854558467865,0.7081670165061951,-0.014352098107337952,0.48612597584724426,0.656938910484314,-0.024882368743419647,0.483193576335907,0.6238783001899719,-0.030230430886149406,0.4794781506061554,0.5962029099464417,-0.03271786496043205,0.5073210000991821,0.7179868221282959,-0.022360943257808685,0.515640377998352,0.6810913681983948,-0.029809046536684036,0.5206683874130249,0.6548166275024414,-0.03107164427638054,0.5241264700889587,0.6318899393081665,-0.031022299081087112
0.4981457591056824,0.8218992948532104,9.37510051812751e-08,0.47144678235054016,0.811106264591217,-0.00899804849177599,0.4480247497558594,0.7837674617767334,-0.016193948686122894,0.43353697657585144,0.7581830024719238,-0.02404532954096794,0.4298767149448395,0.7296985387802124,-0.031250979751348495,0.4596685767173767,0.7265284061431885,-0.003831553738564253,0.4446556568145752,0.7056286931037903,-0.021784229204058647,0.43254268169403076,0.7067039608955383,-0.03620341792702675,0.42732134461402893,0.714919924736023,-0.04324366897344589,0.47255101799964905,0.7106631994247437,-0.0075246416963636875,0.46353456377983093,0.6578417420387268,-0.017734142020344734,0.4556139409542084,0.624630331993103,-0.024188650771975517,0.44927260279655457,0.5979531407356262,-0.027666965499520302,0.48900189995765686,0.7081911563873291,-0.014319220557808876,0.48489290475845337,0.6565260887145996,-0.02493751421570778,0.481528639793396,0.623421847820282,-0.029924072325229645,0.4774646461009979,0.5955541729927063,-0.03204415366053581,0.5069025158882141,0.7180399298667908,-0.022213712334632874,0.514120876789093,0.6807098388671875,-0.029497388750314713,0.5183151364326477,0.6542763710021973,-0.030373023822903633,0.5209713578224182,0.6310513019561768,-0.029962792992591858
0.49805232882499695,0.8227137327194214,9.562852198996552e-08,0.470753014087677,0.8114171624183655,-0.009897204115986824,0.44722601771354675,0.7852462530136108,-0.017952097579836845,0.4326505661010742,0.7601733803749084,-0.026644133031368256,0.42897021770477295,0.7306311130523682,-0.034507982432842255,0.4562074542045593,0.7278315424919128,-0.003596825525164604,0.4416641891002655,0.7069312930107117,-0.022754764184355736,0.431020051240921,0.7090350389480591,-0.03824063390493393,0.4272581934928894,0.7179650068283081,-0.045864153653383255,0.46958127617836,0.7110432386398315,-0.0070081655867397785,0.45981910824775696,0.6591681838035583,-0.017667686566710472,0.4518338143825531,0.6261168122291565,-0.024613171815872192,0.44543564319610596,0.5990694761276245,-0.02855011075735092,0.48672714829444885,0.7078827023506165,-0.01379814837127924,0.4813382923603058,0.6569411754608154,-0.024437949061393738,0.4773049056529999,0.624304473400116,-0.029212748631834984,0.47235748171806335,0.5966103076934814,-0.03126843646168709,0.5056569576263428,0.7169036865234375,-0.021846415475010872,0.5106976628303528,0.6793821454048157,-0.02883673459291458,0.5126639604568481,0.6528695821762085,-0.02947908267378807,0.5128054618835449,0.6295230388641357,-0.028966354206204414
0.49762386083602905,0.8217214941978455,9.334563344509661e-08,0.4707474112510681,0.8113155364990234,-0.009526786394417286,0.44738051295280457,0.7853419184684753,-0.017258701846003532,0.4333944320678711,0.7599788904190063,-0.0255582295358181,0.4290929436683655,0.7311995625495911,-0.03311768174171448,0.4568263292312622,0.7273355722427368,-0.004400515928864479,0.442303866147995,0.7072232365608215,-0.022536640986800194,0.4317248463630676,0.7087177038192749,-0.037009041756391525,0.4276907742023468,0.7168826460838318,-0.04410674422979355,0.4701251983642578,0.7106320261955261,-0.007971382699906826,0.4606904089450836,0.6584449410438538,-0.018176712095737457,0.4524089992046356,0.6256150007247925,-0.024719052016735077,0.4454512298107147,0.5989910364151001,-0.028438618406653404,0.48695388436317444,0.7076171040534973,-0.014707016758620739,0.4820522964000702,0.6559906005859375,-0.025147046893835068,0.47827282547950745,0.6234191656112671,-0.030153529718518257,0.4735060930252075,0.5960012078285217,-0.03247341141104698,0.5055638551712036,0.7168022990226746,-0.02260524034500122,0.5116596817970276,0.678982138633728,-0.029722237959504128,0.5142277479171753,0.6522680521011353,-0.030779991298913956,0.5148410201072693,0.6288924813270569,-0.03063155710697174
0.4979429244995117,0.8225307464599609,8.922995675675338e-08,0.4707656502723694,0.8123803734779358,-0.009480878710746765,0.44717055559158325,0.7863492965698242,-0.017103005200624466,0.43365857005119324,0.7604900598526001,-0.025338685140013695,0.4296492636203766,0.731596052646637,-0.03274860605597496,0.45659032464027405,0.7280436158180237,-0.004468635655939579,0.4411802589893341,0.706881582736969,-0.022473320364952087,0.4307079315185547,0.7091382145881653,-0.03652448207139969,0.42710769176483154,0.71822589635849,-0.043256908655166626,0.47033336758613586,0.7112171053886414,-0.0080287279561162,0.46055465936660767,0.6591266989707947,-0.01839446648955345,0.4520694613456726,0.6262328624725342,-0.024732017889618874,0.44502440094947815,0.5991804599761963,-0.028179975226521492,0.4874606430530548,0.7081588506698608,-0.014739402569830418,0.48266205191612244,0.6566106081008911,-0.02528204955160618,0.47861340641975403,0.6239210367202759,-0.030029617249965668,0.47367149591445923,0.596177875995636,-0.032042764127254486,0.5062730312347412,0.7174932360649109,-0.0226136464625597,0.5123952627182007,0.680000364780426,-0.029678381979465485,0.5148177742958069,0.6532880067825317,-0.030530652031302452,0.5153968334197998,0.6298035383224487,-0.030136531218886375
0.49791210889816284,0.8227642774581909,9.140271828300683e-08,0.47065481543540955,0.8126259446144104,-0.009756862185895443,0.447037935256958,0.7861666083335876,-0.01750917173922062,0.43278270959854126,0.7604917287826538,-0.02585238590836525,0.42899084091186523,0.7316303849220276,-0.033389873802661896,0.456974059343338,0.7272441983222961,-0.004277568310499191,0.44167426228523254,0.7067089676856995,-0.022421862930059433,0.4308505654335022,0.7088436484336853,-0.03676045313477516,0.42682120203971863,0.7180663347244263,-0.043710097670555115,0.47035226225852966,0.7105752825737,-0.007726016920059919,0.4604552686214447,0.6588315963745117,-0.017980094999074936,0.4519541561603546,0.6260534524917603,-0.024510767310857773,0.44489559531211853,0.5995019674301147,-0.028210841119289398,0.48736855387687683,0.7075884342193604,-0.014388603158295155,0.48260870575904846,0.6565449237823486,-0.02489970438182354,0.4786473214626312,0.6239433288574219,-0.02985874004662037,0.4737965762615204,0.5965186953544617,-0.03212388977408409,0.5060440897941589,0.7169552445411682,-0.02225257270038128,0.5128167271614075,0.6793774366378784,-0.029357869178056717,0.5160914659500122,0.652743935585022,-0.03033241257071495,0.5175012946128845,0.6293989419937134,-0.030108898878097534
0.49838441610336304,0.8229458332061768,9.91885116263802e-08,0.47076648473739624,0.8124942183494568,-0.009611649438738823,0.44716015458106995,0.7865042686462402,-0.01755686290562153,0.4327887296676636,0.7611590623855591,-0.026239994913339615,0.42954951524734497,0.7324541807174683,-0.034148868173360825,0.45680177211761475,0.7278472781181335,-0.0038517704233527184,0.44158294796943665,0.7065688967704773,-0.02280445769429207,0.4308067262172699,0.70906662940979,-0.03790067136287689,0.4272511303424835,0.7190386652946472,-0.0451243557035923,0.47013458609580994,0.7112346887588501,-0.007359354291111231,0.4604400098323822,0.6586692929267883,-0.01752260886132717,0.45217394828796387,0.625694990158081,-0.02387983724474907,0.4453810751438141,0.5991911292076111,-0.02738056890666485,0.48727965354919434,0.7081732749938965,-0.014219054020941257,0.4822272062301636,0.6566755771636963,-0.024554727599024773,0.4783387780189514,0.623927652835846,-0.029238244518637657,0.47373658418655396,0.5965863466262817,-0.03122889995574951,0.5061571598052979,0.7172774076461792,-0.022320425137877464,0.5125916004180908,0.6791982650756836,-0.029306357726454735,0.5156938433647156,0.6524035334587097,-0.03006855770945549,0.5170079469680786,0.6288411617279053,-0.02958826906979084
0.49852633476257324,0.8241376876831055,9.610386797476167e-08,0.4711204171180725,0.813451886177063,-0.009870056062936783,0.4474722146987915,0.7869901061058044,-0.017935626208782196,0.4330611228942871,0.762046754360199,-0.026744965463876724,0.4292389452457428,0.7330570816993713,-0.03473946452140808,0.4570109248161316,0.7281021475791931,-0.004092031624168158,0.4419381618499756,0.7069353461265564,-0.023327158764004707,0.4310094714164734,0.7093685269355774,-0.03860017657279968,0.4270721971988678,0.7194291949272156,-0.04588698223233223,0.4702747166156769,0.7115464210510254,-0.007517158519476652,0.46082594990730286,0.6592917442321777,-0.017861895263195038,0.45219606161117554,0.6264880895614624,-0.024242129176855087,0.4447175860404968,0.5998077392578125,-0.027690965682268143,0.487304151058197,0.7085819244384766,-0.01434792298823595,0.482150137424469,0.6568214297294617,-0.024871863424777985,0.4779266119003296,0.6241578459739685,-0.02948835864663124,0.4727770984172821,0.5967998504638672,-0.03134847432374954,0.5060101747512817,0.7179747819900513,-0.022458268329501152,0.5128359198570251,0.6798974275588989,-0.029617074877023697,0.5159602165222168,0.6529833078384399,-0.030471041798591614,0.5171857476234436,0.6293689012527466,-0.029976699501276016
0.4987238943576813,0.8230739831924438,9.732040240351125e-08,0.4713377356529236,0.8135960698127747,-0.009653156623244286,0.44754138588905334,0.787729799747467,-0.017524974420666695,0.43375614285469055,0.7618789672851562,-0.026036186143755913,0.43051472306251526,0.7334596514701843,-0.03376094996929169,0.4571347236633301,0.7287957072257996,-0.004836583975702524,0.44178536534309387,0.7073278427124023,-0.02369408868253231,0.43088918924331665,0.7097944021224976,-0.038437485694885254,0.42715364694595337,0.7198017239570618,-0.0454656258225441,0.47037896513938904,0.7120839357376099,-0.008281792514026165,0.460501492023468,0.6594982147216797,-0.018743684515357018,0.45206648111343384,0.6266536712646484,-0.025013605132699013,0.44494861364364624,0.5999187231063843,-0.02837456576526165,0.48739269375801086,0.7088847160339355,-0.014965222217142582,0.4822026491165161,0.657329261302948,-0.02558518573641777,0.47801899909973145,0.6247633099555969,-0.030211199074983597,0.4729354977607727,0.5975271463394165,-0.03210125118494034,0.5062956213951111,0.7180235981941223,-0.02285728231072426,0.5130491852760315,0.6803540587425232,-0.03011072613298893,0.5159940123558044,0.6535662412643433,-0.031004328280687332,0.5170721411705017,0.630067765712738,-0.030574670061469078
0.4987865686416626,0.8226754665374756,9.598444705716247e-08,0.4714382588863373,0.8130833506584167,-0.009484805166721344,0.44749924540519714,0.7872134447097778,-0.017283763736486435,0.43345287442207336,0.76158607006073,-0.025745665654540062,0.43055278062820435,0.7332631349563599,-0.03341250494122505,0.45722416043281555,0.7283427715301514,-0.004635834135115147,0.4420321583747864,0.7070878744125366,-0.023540742695331573,0.43133339285850525,0.7096936702728271,-0.03832659870386124,0.4278348386287689,0.7200525999069214,-0.045325446873903275,0.47060978412628174,0.7115963697433472,-0.008092546835541725,0.4611242711544037,0.659022331237793,-0.018469443544745445,0.4526768922805786,0.6261875629425049,-0.024633847177028656,0.4455506205558777,0.5998212099075317,-0.027899418026208878,0.4877500832080841,0.7084203958511353,-0.0147984204813838,0.48272690176963806,0.6566346287727356,-0.025316372513771057,0.4784546494483948,0.6239967346191406,-0.029890362173318863,0.4733208417892456,0.5968697667121887,-0.031722795218229294,0.5067543983459473,0.7176576256752014,-0.022703129798173904,0.5135989189147949,0.679807186126709,-0.029893208295106888,0.5163872838020325,0.6530454158782959,-0.03077041730284691,0.5172867178916931,0.6296260952949524,-0.03029986098408699
0.49931320548057556,0.8229492902755737,9.245660947954093e-08,0.47175535559654236,0.8136837482452393,-0.009473440237343311,0.4474504888057709,0.7878463864326477,-0.017163841053843498,0.4334146976470947,0.76183021068573,-0.025473719462752342,0.43072521686553955,0.7333105802536011,-0.03297365829348564,0.4574778378009796,0.7285997271537781,-0.004721885547041893,0.441847562789917,0.7073670029640198,-0.02327486127614975,0.43126145005226135,0.7101373076438904,-0.03772831708192825,0.42795929312705994,0.7203467488288879,-0.04461989179253578,0.47098347544670105,0.7117204070091248,-0.008220954798161983,0.46102458238601685,0.6594859957695007,-0.01862112432718277,0.45252835750579834,0.6266782879829407,-0.024871837347745895,0.4454442858695984,0.6001157164573669,-0.02826100029051304,0.48807698488235474,0.7084896564483643,-0.014922117814421654,0.48295408487319946,0.656787097454071,-0.02561488375067711,0.47858738899230957,0.624031662940979,-0.030458342283964157,0.47337061166763306,0.5965564846992493,-0.03253063187003136,0.5069890022277832,0.7177919149398804,-0.022779831662774086,0.5138044357299805,0.6802825331687927,-0.0301975104957819,0.5165365934371948,0.6534017324447632,-0.03133392333984375,0.5174040794372559,0.6296892762184143,-0.03110969439148903
0.49916574358940125,0.8232681751251221,9.725494720669303e-08,0.4716135859489441,0.8138469457626343,-0.009574022144079208,0.44745615124702454,0.7878385186195374,-0.01735498569905758,0.4336102604866028,0.761414110660553,-0.025806697085499763,0.43084120750427246,0.7325509786605835,-0.03343379870057106,0.4573215842247009,0.7289046049118042,-0.004545209929347038,0.44207876920700073,0.7071952819824219,-0.02337903156876564,0.431586891412735,0.7097040414810181,-0.03799314796924591,0.4284006655216217,0.7198151350021362,-0.044912125915288925,0.47079360485076904,0.7120071649551392,-0.008031241595745087,0.461256742477417,0.6596121191978455,-0.018541021272540092,0.45279598236083984,0.626710057258606,-0.024705102667212486,0.44557279348373413,0.5998523235321045,-0.02796604484319687,0.4878626763820648,0.7086841464042664,-0.01479541976004839,0.48287901282310486,0.6568614840507507,-0.02553926594555378,0.47839727997779846,0.6242064237594604,-0.03006776235997677,0.4730074107646942,0.5967843532562256,-0.03185753524303436,0.5067147016525269,0.7178739309310913,-0.022770101204514503,0.5136650800704956,0.680383563041687,-0.03020269237458706,0.516508936882019,0.6533471941947937,-0.031203242018818855,0.5176000595092773,0.6294982433319092,-0.03082018345594406
0.4991106688976288,0.8227071762084961,9.750667828711812e-08,0.4718867540359497,0.8130683302879333,-0.01020333357155323,0.448015958070755,0.7878449559211731,-0.018462711945176125,0.43384480476379395,0.7621298432350159,-0.02730344422161579,0.43017733097076416,0.7326523661613464,-0.03524639084935188,0.4580574631690979,0.7283347845077515,-0.0050789425149559975,0.4426057040691376,0.7068761587142944,-0.023949982598423958,0.4315837323665619,0.7095339894294739,-0.038566820323467255,0.4279079735279083,0.7197232246398926,-0.04552866891026497,0.4712215065956116,0.7114947438240051,-0.00834739487618208,0.4613879919052124,0.6595295667648315,-0.018878772854804993,0.45282500982284546,0.6267361640930176,-0.025125790387392044,0.4456472098827362,0.599658727645874,-0.028495745733380318,0.4880560338497162,0.7082105278968811,-0.014927927404642105,0.4827024042606354,0.656919538974762,-0.025727400556206703,0.4782083332538605,0.624220073223114,-0.030395865440368652,0.47291845083236694,0.5965362191200256,-0.03234105929732323,0.5067909359931946,0.7174059152603149,-0.02277669683098793,0.5138628482818604,0.6804412007331848,-0.03038201667368412,0.5169258117675781,0.6534197330474854,-0.03158615529537201,0.5182228088378906,0.6294281482696533,-0.03135869279503822
0.49910062551498413,0.8231707215309143,9.886116458801553e-08,0.4721996784210205,0.8132421970367432,-0.009965665638446808,0.44829604029655457,0.7876351475715637,-0.01811605505645275,0.4337584376335144,0.7619200348854065,-0.026896169409155846,0.4302046597003937,0.7326592803001404,-0.03482024744153023,0.4583137631416321,0.7285698652267456,-0.00466532725840807,0.44315847754478455,0.7073151469230652,-0.023521387949585915,0.4320724904537201,0.7090688347816467,-0.038261160254478455,0.42809706926345825,0.7183122038841248,-0.045360859483480453,0.47127777338027954,0.7119207382202148,-0.008065183646976948,0.4615626633167267,0.659884512424469,-0.018621288239955902,0.4529257118701935,0.6271415948867798,-0.02495114505290985,0.4456234574317932,0.600270688533783,-0.028360122814774513,0.4880392849445343,0.7087534666061401,-0.014782925136387348,0.4827660620212555,0.657157838344574,-0.025636795908212662,0.47834768891334534,0.624431848526001,-0.030443232506513596,0.473055362701416,0.5968209505081177,-0.03247012570500374,0.5067794322967529,0.7180429697036743,-0.022745082154870033,0.5140964388847351,0.6808362603187561,-0.030336633324623108,0.5171545147895813,0.6537890434265137,-0.03163215517997742,0.5183273553848267,0.6297826766967773,-0.03150055184960365
0.498838871717453,0.8220943808555603,1.0395061167400854e-07,0.4719376564025879,0.812519371509552,-0.010067030787467957,0.4478355050086975,0.7875244617462158,-0.018223296850919724,0.43365758657455444,0.7617577314376831,-0.02688649855554104,0.43052807450294495,0.7326452732086182,-0.03468262776732445,0.4578944742679596,0.7289124131202698,-0.005418952088803053,0.4433395266532898,0.7071300148963928,-0.02420690655708313,0.43240511417388916,0.7086503505706787,-0.03863218426704407,0.4284263551235199,0.718429684638977,-0.045439932495355606,0.47094473242759705,0.7121333479881287,-0.008593009784817696,0.46151790022850037,0.659991443157196,-0.019217146560549736,0.45312702655792236,0.6273164749145508,-0.025358598679304123,0.44604918360710144,0.6007234454154968,-0.02855822630226612,0.487820029258728,0.70851731300354,-0.015005054883658886,0.4827441871166229,0.6573680639266968,-0.025853319093585014,0.47831010818481445,0.624845564365387,-0.03047264739871025,0.4730915129184723,0.5977361798286438,-0.03231867402791977,0.5067094564437866,0.7173135876655579,-0.022649476304650307,0.5144281983375549,0.6805276274681091,-0.030207863077521324,0.5177474021911621,0.6535413265228271,-0.03136390447616577,0.5192539691925049,0.6297198534011841,-0.031085588037967682
0.49936962127685547,0.8224626779556274,1.0120406557234674e-07,0.47186970710754395,0.812736988067627,-0.00971456803381443,0.44754931330680847,0.7875022888183594,-0.017690448090434074,0.4332324266433716,0.7616753578186035,-0.02633822336792946,0.43042105436325073,0.7329819202423096,-0.03406905382871628,0.4578949213027954,0.7286614775657654,-0.004957481753081083,0.4427257776260376,0.7066860198974609,-0.023913228884339333,0.43184465169906616,0.7091981768608093,-0.0382881723344326,0.42838841676712036,0.7198446393013,-0.044926732778549194,0.4711059629917145,0.7117923498153687,-0.008197213523089886,0.46157965064048767,0.6599463224411011,-0.018905362114310265,0.45315128564834595,0.6273351311683655,-0.024636855348944664,0.4460442066192627,0.6004985570907593,-0.027398059144616127,0.48809120059013367,0.7081373929977417,-0.014717323705554008,0.4831946790218353,0.6567718982696533,-0.025463715195655823,0.4785555303096771,0.6244526505470276,-0.029272712767124176,0.4731106460094452,0.5976282954216003,-0.030388638377189636,0.5070096850395203,0.7171580195426941,-0.02250969596207142,0.5149885416030884,0.6804409623146057,-0.02989804558455944,0.5181634426116943,0.6531486511230469,-0.030654817819595337,0.5195320844650269,0.6290881633758545,-0.029921868816018105
0.49940261244773865,0.8223804235458374,1.048220426014268e-07,0.4720790982246399,0.8127144575119019,-0.010572553612291813,0.44836941361427307,0.7882618308067322,-0.019042914733290672,0.4342086911201477,0.7631267309188843,-0.02799910679459572,0.43031495809555054,0.733921468257904,-0.036039285361766815,0.4579850137233734,0.7289080023765564,-0.005659387446939945,0.44313791394233704,0.7071573734283447,-0.02513020858168602,0.4322061240673065,0.7094765305519104,-0.040096644312143326,0.42846792936325073,0.7198188304901123,-0.04711819440126419,0.47113150358200073,0.7119114398956299,-0.008619132451713085,0.46155640482902527,0.6599108576774597,-0.019642286002635956,0.4530537724494934,0.6272275447845459,-0.025858839973807335,0.4457930624485016,0.6002451777458191,-0.028976252302527428,0.4881042540073395,0.7083005905151367,-0.014932645484805107,0.4832216501235962,0.657034158706665,-0.02600274607539177,0.4786407947540283,0.6245102882385254,-0.0303486417979002,0.4731132686138153,0.5972003936767578,-0.03182722255587578,0.5070055723190308,0.7173952460289001,-0.022560965269804,0.5147239565849304,0.6805663704872131,-0.030115755274891853,0.5178040266036987,0.6534220576286316,-0.03101266734302044,0.5190490484237671,0.629439115524292,-0.030398892238736153
0.499763160943985,0.8234698176383972,1.0237989300776462e-07,0.47227442264556885,0.8139228224754333,-0.009662105701863766,0.44806617498397827,0.7885065078735352,-0.017530832439661026,0.43350568413734436,0.7630900144577026,-0.026076829060912132,0.43040335178375244,0.7343469858169556,-0.033800240606069565,0.4581381380558014,0.7291543483734131,-0.004647964145988226,0.4429005980491638,0.7078433632850647,-0.023440049961209297,0.4319494366645813,0.7103922963142395,-0.037995994091033936,0.42812827229499817,0.7202460765838623,-0.04491002857685089,0.471489816904068,0.7122319936752319,-0.008131789974868298,0.46179911494255066,0.659972608089447,-0.018774019554257393,0.4531775712966919,0.6271249055862427,-0.024980615824460983,0.4458109140396118,0.6002131700515747,-0.028188414871692657,0.4884536862373352,0.7088732719421387,-0.014873706735670567,0.4831252098083496,0.6577686071395874,-0.025815406814217567,0.47839289903640747,0.6250826716423035,-0.030402623116970062,0.47282037138938904,0.5977582931518555,-0.03214378282427788,0.5073091983795166,0.7181544303894043,-0.02283065766096115,0.5149232745170593,0.6812891960144043,-0.03030174784362316,0.5182924270629883,0.6543211936950684,-0.03128909692168236,0.5198833346366882,0.6305528283119202,-0.0308559350669384
0.4998604953289032,0.8232985734939575,1.0024313468193213e-07,0.47274503111839294,0.8131365776062012,-0.009275845251977444,0.44819176197052,0.7884414792060852,-0.016977911815047264,0.4334579110145569,0.7635171413421631,-0.025399666279554367,0.4297555685043335,0.7353441119194031,-0.03298892825841904,0.45810583233833313,0.7292067408561707,-0.005138224456459284,0.4426890015602112,0.7075352668762207,-0.023600971326231956,0.4317362606525421,0.7099703550338745,-0.03747139126062393,0.42798203229904175,0.7206107378005981,-0.04381873831152916,0.47134360671043396,0.7122263312339783,-0.00856619793921709,0.46171799302101135,0.6605784296989441,-0.018894517794251442,0.45330628752708435,0.6278814673423767,-0.024482885375618935,0.4460408687591553,0.6008861660957336,-0.027220232412219048,0.4883672297000885,0.7084540128707886,-0.01514883991330862,0.4836892783641815,0.6575750112533569,-0.026004120707511902,0.47920486330986023,0.6250487565994263,-0.030352698639035225,0.47392329573631287,0.598273754119873,-0.03189627826213837,0.5073012709617615,0.7176076769828796,-0.02290574088692665,0.5164945125579834,0.6812240481376648,-0.03077051229774952,0.5207595825195312,0.6540896892547607,-0.03202081471681595,0.5232436656951904,0.6303714513778687,-0.03164563700556755
0.4999981224536896,0.8233646154403687,9.859372340770278e-08,0.4728775918483734,0.8134151101112366,-0.009715582244098186,0.4483661651611328,0.788185179233551,-0.017847826704382896,0.4336317777633667,0.7628525495529175,-0.026701463386416435,0.4309735894203186,0.7343536019325256,-0.034721650183200836,0.45803096890449524,0.7289608716964722,-0.005428973585367203,0.44241616129875183,0.7067899107933044,-0.02469339221715927,0.4319807291030884,0.7102000713348389,-0.03941832482814789,0.42898041009902954,0.7213727831840515,-0.04631584510207176,0.4715017080307007,0.7118979096412659,-0.008872216567397118,0.46223682165145874,0.6596009135246277,-0.01957721635699272,0.45371800661087036,0.6267672777175903,-0.025719471275806427,0.44625604152679443,0.5995786190032959,-0.028934167698025703,0.4886375665664673,0.7084841728210449,-0.01555921696126461,0.4842549264431,0.6568800210952759,-0.026526063680648804,0.4798150956630707,0.6241651773452759,-0.031169766560196877,0.4744718372821808,0.5967168807983398,-0.03301523998379707,0.5074466466903687,0.718133270740509,-0.023466937243938446,0.5162756443023682,0.681698203086853,-0.031224878504872322,0.520099401473999,0.6545733213424683,-0.03246964514255524,0.5222031474113464,0.6305465698242188,-0.032195329666137695
0.4944595694541931,0.827051043510437,9.524871558141967e-08,0.46766215562820435,0.8166676163673401,-0.00876134168356657,0.4436132311820984,0.7910265326499939,-0.015814201906323433,0.42906057834625244,0.7663453221321106,-0.023650890216231346,0.4251089096069336,0.7389716506004333,-0.03081047534942627,0.452890008687973,0.7324081063270569,-0.0038563383277505636,0.4375205934047699,0.7114805579185486,-0.022060975432395935,0.426550954580307,0.7138742804527283,-0.03645196929574013,0.42230620980262756,0.7235749959945679,-0.04340582713484764,0.4664669930934906,0.715462327003479,-0.007684073410928249,0.4570780098438263,0.6630613803863525,-0.01861235313117504,0.4488893747329712,0.6294715404510498,-0.02557123266160488,0.4417226314544678,0.602130651473999,-0.02939143404364586,0.48332202434539795,0.7119929194450378,-0.014566506259143353,0.47904443740844727,0.6623169779777527,-0.025623297318816185,0.4743962585926056,0.6301747560501099,-0.030923213809728622,0.46853551268577576,0.6032243967056274,-0.033187951892614365,0.5017400979995728,0.721036970615387,-0.022536521777510643,0.5089215040206909,0.6844152212142944,-0.029774360358715057,0.5120556950569153,0.6582454442977905,-0.030708499252796173,0.5133196711540222,0.6355484127998352,-0.030388519167900085
0.49470067024230957,0.8264135122299194,9.671207124029024e-08,0.4676518142223358,0.8160780072212219,-0.0094563914462924,0.4436817467212677,0.7905475497245789,-0.01695857383310795,0.4287920594215393,0.7662665843963623,-0.025180349126458168,0.4244690537452698,0.7382794618606567,-0.032626908272504807,0.4528064727783203,0.7307098507881165,-0.004145730286836624,0.4372183680534363,0.7107360363006592,-0.022877415642142296,0.42585068941116333,0.7138223052024841,-0.03760514408349991,0.42108699679374695,0.7240476012229919,-0.04462292417883873,0.4661649167537689,0.7139332890510559,-0.007711289916187525,0.4563165307044983,0.6617017388343811,-0.018585331737995148,0.4477410912513733,0.6287076473236084,-0.02517801895737648,0.4401470124721527,0.6017559170722961,-0.028564253821969032,0.4831872880458832,0.7108463644981384,-0.014492793940007687,0.47797277569770813,0.6620981097221375,-0.025505121797323227,0.4728974401950836,0.6299847960472107,-0.03035842813551426,0.4667307734489441,0.6027700901031494,-0.032171908766031265,0.501807689666748,0.7203847169876099,-0.022480305284261703,0.5089322924613953,0.6839402318000793,-0.029554331675171852,0.5120884776115417,0.6578365564346313,-0.030164163559675217,0.5133445858955383,0.6350494623184204,-0.029498526826500893
0.49521851539611816,0.8264868855476379,9.415826696113072e-08,0.46838754415512085,0.8165730237960815,-0.009382221847772598,0.44401276111602783,0.7907431721687317,-0.016642630100250244,0.4288071393966675,0.7658377289772034,-0.02466311678290367,0.424187570810318,0.7378314137458801,-0.031915076076984406,0.4534153342247009,0.7316207885742188,-0.0038962543476372957,0.43751922249794006,0.7112855315208435,-0.02225814200937748,0.4262409806251526,0.7144502401351929,-0.03659499064087868,0.42174211144447327,0.7248756885528564,-0.043393488973379135,0.4665461480617523,0.7144951820373535,-0.00738604785874486,0.45669010281562805,0.6625189185142517,-0.017856841906905174,0.44816699624061584,0.629422128200531,-0.024153104051947594,0.44065600633621216,0.6024938821792603,-0.02745630219578743,0.48317965865135193,0.7109779119491577,-0.014109131880104542,0.47809064388275146,0.6621336936950684,-0.02479405701160431,0.4728950262069702,0.6301423907279968,-0.029551543295383453,0.4666069746017456,0.6034078598022461,-0.03144848346710205,0.5013578534126282,0.7199957966804504,-0.022061921656131744,0.5085568428039551,0.6840869784355164,-0.02919384464621544,0.511746346950531,0.65817791223526,-0.030052687972784042,0.5131512880325317,0.6357018947601318,-0.02962562069296837
0.49447399377822876,0.8260623812675476,1.0041914322300727e-07,0.4678605794906616,0.8151665925979614,-0.010048729367554188,0.44395512342453003,0.7902860641479492,-0.018165426328778267,0.42957860231399536,0.766471803188324,-0.02696079947054386,0.42532414197921753,0.7380572557449341,-0.034883078187704086,0.4526004195213318,0.730746865272522,-0.005171516444534063,0.4367543160915375,0.7102956175804138,-0.024139488115906715,0.42579329013824463,0.713727593421936,-0.0387420579791069,0.4216143488883972,0.724521815776825,-0.04557673633098602,0.4661489725112915,0.7138749361038208,-0.008486895821988583,0.4565901756286621,0.6622440814971924,-0.01913982257246971,0.44800251722335815,0.6295340657234192,-0.025300009176135063,0.44023382663726807,0.602556586265564,-0.028501857072114944,0.4831123948097229,0.710820198059082,-0.015091782435774803,0.4778951108455658,0.6616159677505493,-0.025801191106438637,0.47263696789741516,0.6299140453338623,-0.030200529843568802,0.46628642082214355,0.6032553911209106,-0.031830694526433945,0.5015966892242432,0.720545768737793,-0.02300766296684742,0.5086058974266052,0.6844227910041809,-0.03019503690302372,0.5113794803619385,0.6581038236618042,-0.03096628375351429,0.5122641921043396,0.6350713968276978,-0.030390817672014236
0.4952499568462372,0.8259286880493164,9.507721898671662e-08,0.4681278169155121,0.8154946565628052,-0.009216353297233582,0.4440981447696686,0.789644181728363,-0.01662590727210045,0.4291691780090332,0.765529453754425,-0.02487759478390217,0.42436501383781433,0.7377367615699768,-0.03237096592783928,0.45341911911964417,0.7307592630386353,-0.003752324730157852,0.43716487288475037,0.710551381111145,-0.022428562864661217,0.4258916676044464,0.7138403058052063,-0.03714098036289215,0.42176109552383423,0.7242609262466431,-0.04416213184595108,0.46645933389663696,0.7138052582740784,-0.007410159334540367,0.45646485686302185,0.6622979640960693,-0.01810227707028389,0.44767484068870544,0.6291760206222534,-0.024706050753593445,0.4400638937950134,0.6020596027374268,-0.02824373170733452,0.48304739594459534,0.7103689908981323,-0.014296921901404858,0.47805577516555786,0.6608428955078125,-0.025010177865624428,0.472901850938797,0.6289952397346497,-0.02971827983856201,0.4668263792991638,0.602501392364502,-0.031585194170475006,0.5011458992958069,0.7196311354637146,-0.022416379302740097,0.508360743522644,0.6836070418357849,-0.029545335099101067,0.5115591883659363,0.6572257280349731,-0.030372994020581245,0.513155996799469,0.6343490481376648,-0.029887530952692032
0.494886189699173,0.8254978656768799,9.3389274979927e-08,0.46785929799079895,0.8147901296615601,-0.00968235544860363,0.44395166635513306,0.7893858551979065,-0.01741810142993927,0.4286855161190033,0.7652782797813416,-0.025890618562698364,0.425026535987854,0.7364227771759033,-0.03354298323392868,0.4532853662967682,0.7303328514099121,-0.003940985072404146,0.43695202469825745,0.7104058861732483,-0.022928504273295403,0.42602747678756714,0.7140873074531555,-0.037913769483566284,0.4222899079322815,0.7246457934379578,-0.04506192356348038,0.4665237069129944,0.7132481932640076,-0.007355596404522657,0.4564100503921509,0.6618642807006836,-0.018036046996712685,0.44766107201576233,0.6292371153831482,-0.024679427966475487,0.44017326831817627,0.6029906868934631,-0.028282256796956062,0.4833396077156067,0.7098831534385681,-0.014076275750994682,0.4784182012081146,0.6604394316673279,-0.02481883578002453,0.47333836555480957,0.6287842392921448,-0.029555723071098328,0.4673078656196594,0.6025595664978027,-0.03146485611796379,0.5015218257904053,0.7193168997764587,-0.02205510251224041,0.5087952613830566,0.6833060383796692,-0.029115287587046623,0.5121843814849854,0.6572973132133484,-0.029866067692637444,0.5138139724731445,0.6347854733467102,-0.029341278597712517
0.49533936381340027,0.8245806694030762,9.473711770624504e-08,0.46848833560943604,0.8156013488769531,-0.009886742569506168,0.4439471364021301,0.7899882793426514,-0.017497263848781586,0.42892664670944214,0.7647164463996887,-0.025730274617671967,0.42526113986968994,0.7358126640319824,-0.03313408046960831,0.45315247774124146,0.7304190993309021,-0.004711289424449205,0.43676143884658813,0.7096981406211853,-0.023517806082963943,0.42584672570228577,0.7135582566261292,-0.038138579577207565,0.42244622111320496,0.7247183918952942,-0.045010410249233246,0.4664134085178375,0.7131530046463013,-0.007870462723076344,0.45620840787887573,0.6611942648887634,-0.01847074180841446,0.4475364089012146,0.6285090446472168,-0.02477520890533924,0.4401938319206238,0.6021289825439453,-0.028042081743478775,0.4832790791988373,0.7096493244171143,-0.014283411204814911,0.4781271815299988,0.6598132252693176,-0.025103913620114326,0.4731159806251526,0.6283091902732849,-0.02970597892999649,0.46715235710144043,0.6023377180099487,-0.03140785172581673,0.5016553401947021,0.7189425230026245,-0.021936319768428802,0.5088452100753784,0.6826983094215393,-0.029308561235666275,0.5122382640838623,0.6567190885543823,-0.030178096145391464,0.513978123664856,0.6342543959617615,-0.029597682878375053
0.4957308769226074,0.8239641189575195,9.99663569700715e-08,0.4688934087753296,0.8148995041847229,-0.009608779102563858,0.44492223858833313,0.7890892028808594,-0.017321383580565453,0.43008220195770264,0.7634544968605042,-0.025827130302786827,0.4267049729824066,0.734817624092102,-0.033630359917879105,0.45475348830223083,0.7301638126373291,-0.0038985267747193575,0.4391590654850006,0.7096154093742371,-0.02286083810031414,0.42744287848472595,0.7116038203239441,-0.03788497671484947,0.4229186475276947,0.7208505868911743,-0.04516098275780678,0.4674471616744995,0.7132741212844849,-0.007377194240689278,0.4574050009250641,0.6616169214248657,-0.01812051795423031,0.4484366178512573,0.6287531852722168,-0.024752961471676826,0.4407680034637451,0.6017953157424927,-0.028324417769908905,0.48386114835739136,0.7097213268280029,-0.014143112115561962,0.4784526228904724,0.6606454849243164,-0.02474142238497734,0.47347700595855713,0.6287354230880737,-0.02930477447807789,0.4675731360912323,0.6021542549133301,-0.03115585632622242,0.5019070506095886,0.7187104225158691,-0.022198617458343506,0.508713960647583,0.6829659938812256,-0.02893335372209549,0.5121461153030396,0.6570140719413757,-0.029480278491973877,0.5140594840049744,0.6344249248504639,-0.02893812395632267
0.4960515797138214,0.8245490193367004,1.025289293465903e-07,0.4689139723777771,0.8156509399414062,-0.010113009251654148,0.4443914294242859,0.7900502681732178,-0.018232854083180428,0.42900118231773376,0.7644978165626526,-0.027161819860339165,0.4259330928325653,0.7352975010871887,-0.035272084176540375,0.453471839427948,0.7311168313026428,-0.0044444347731769085,0.4370637834072113,0.7096889615058899,-0.024021077901124954,0.42629602551460266,0.7127102017402649,-0.03919532895088196,0.4232763648033142,0.7230818867683411,-0.046380385756492615,0.4666663706302643,0.7135884165763855,-0.007716555148363113,0.4560103118419647,0.6616522073745728,-0.01857680454850197,0.44710445404052734,0.6289222240447998,-0.025011925026774406,0.4395656883716583,0.6019472479820251,-0.028408005833625793,0.4836423099040985,0.7096837162971497,-0.014390739612281322,0.47756949067115784,0.6603185534477234,-0.02513885498046875,0.4723660349845886,0.6285618543624878,-0.029491819441318512,0.4662703275680542,0.6021653413772583,-0.031120475381612778,0.5023237466812134,0.7184889316558838,-0.022415392100811005,0.5089543461799622,0.682600736618042,-0.029391828924417496,0.5118594169616699,0.6561196446418762,-0.03010127879679203,0.5132788419723511,0.6330327391624451,-0.02955538220703602
0.4961686432361603,0.8239567279815674,1.0170271025344846e-07,0.46904227137565613,0.815065324306488,-0.009795018471777439,0.44484004378318787,0.7887380123138428,-0.01770857349038124,0.42930492758750916,0.7627882361412048,-0.026558706536889076,0.42631927132606506,0.7337332963943481,-0.034611914306879044,0.4543642997741699,0.7300465106964111,-0.0032570480834692717,0.4382919371128082,0.708982527256012,-0.02302613854408264,0.42739138007164,0.711600124835968,-0.038545090705156326,0.4242134988307953,0.7217216491699219,-0.04588989540934563,0.46724575757980347,0.7125693559646606,-0.006639811210334301,0.4565671980381012,0.6607787609100342,-0.017498783767223358,0.44773319363594055,0.6278942823410034,-0.02390132285654545,0.44032785296440125,0.6009321212768555,-0.027204275131225586,0.4839807450771332,0.7085885405540466,-0.013521810993552208,0.47814568877220154,0.6593628525733948,-0.02399960346519947,0.47309383749961853,0.6277966499328613,-0.027829719707369804,0.4669514298439026,0.6016544103622437,-0.029086127877235413,0.5024133920669556,0.7172012329101562,-0.021807216107845306,0.50895756483078,0.6814767122268677,-0.028291005641222,0.512107253074646,0.6554676294326782,-0.028477881103754044,0.5137102603912354,0.6329373717308044,-0.027580568566918373
0.4974566102027893,0.8247061371803284,1.0038115760835353e-07,0.4698648750782013,0.8162153363227844,-0.009340708144009113,0.44536325335502625,0.7892135977745056,-0.016688739880919456,0.4305169880390167,0.7624807357788086,-0.02504856139421463,0.4273459315299988,0.7337704300880432,-0.032639626413583755,0.45458394289016724,0.7299617528915405,-0.0026685206685215235,0.43819713592529297,0.7082831263542175,-0.02217220701277256,0.42724889516830444,0.7107300162315369,-0.037518322467803955,0.42398688197135925,0.7213305830955505,-0.04469921067357063,0.4674822986125946,0.7123411893844604,-0.006142709869891405,0.4568030834197998,0.6602164506912231,-0.016667230054736137,0.44800248742103577,0.6270576119422913,-0.022844338789582253,0.44061386585235596,0.6001914739608765,-0.025904500856995583,0.48427054286003113,0.7081959843635559,-0.013097316026687622,0.47827139496803284,0.6588086485862732,-0.02330690063536167,0.4733722507953644,0.626924991607666,-0.027062401175498962,0.46746009588241577,0.6008094549179077,-0.028214680030941963,0.5028216242790222,0.7168551087379456,-0.021441033110022545,0.5095307230949402,0.6814125776290894,-0.02781097963452339,0.5129935145378113,0.6558756232261658,-0.02786019816994667,0.5150681734085083,0.6341038346290588,-0.026774631813168526
0.49685826897621155,0.8236495852470398,1.0000317729463859e-07,0.4698837995529175,0.8152796626091003,-0.009520374238491058,0.44546929001808167,0.7892972230911255,-0.017159612849354744,0.430856853723526,0.7633394002914429,-0.025695841759443283,0.4282352924346924,0.7347966432571411,-0.033461794257164,0.4547240734100342,0.7297974228858948,-0.0037368384655565023,0.43851399421691895,0.7083977460861206,-0.02346152625977993,0.4277586042881012,0.7112009525299072,-0.0388827845454216,0.42471474409103394,0.72179114818573,-0.046134933829307556,0.46749258041381836,0.7122799158096313,-0.007152700796723366,0.45688265562057495,0.6600241661071777,-0.018070202320814133,0.44819554686546326,0.6272368431091309,-0.02432473748922348,0.4409745931625366,0.6004090309143066,-0.02740170806646347,0.48423969745635986,0.7082874178886414,-0.013981335796415806,0.4782547354698181,0.6586787104606628,-0.02471713349223137,0.473569393157959,0.6267243027687073,-0.028768332675099373,0.46794918179512024,0.6001389026641846,-0.030011547729372978,0.5028911828994751,0.7170932292938232,-0.02213922329246998,0.5097600221633911,0.6810221076011658,-0.02883179672062397,0.5132843852043152,0.6549954414367676,-0.02909686602652073,0.5153905749320984,0.6324489116668701,-0.028142184019088745
0.49721625447273254,0.8243681788444519,1.0208856338067562e-07,0.4696623980998993,0.8154720664024353,-0.009468521922826767,0.4454464018344879,0.7891865968704224,-0.017146900296211243,0.43119725584983826,0.7627604007720947,-0.025831785053014755,0.42838430404663086,0.7338098287582397,-0.03380431607365608,0.454784631729126,0.730364978313446,-0.003390031633898616,0.4383839964866638,0.7089109420776367,-0.023081844672560692,0.4273950457572937,0.7114001512527466,-0.038554392755031586,0.4241791069507599,0.7217043042182922,-0.04583613574504852,0.4676831066608429,0.7127936482429504,-0.006867090240120888,0.4571438431739807,0.6607352495193481,-0.017459016293287277,0.448334276676178,0.6275857090950012,-0.023748112842440605,0.4410022795200348,0.6005297899246216,-0.026982247829437256,0.48440104722976685,0.708528995513916,-0.01378550287336111,0.47860389947891235,0.6591504812240601,-0.02400929480791092,0.47356003522872925,0.6271536350250244,-0.027986498549580574,0.4675409197807312,0.6009955406188965,-0.029385024681687355,0.502913236618042,0.7169551849365234,-0.02208966389298439,0.5099059343338013,0.6815088987350464,-0.028474915772676468,0.5131695866584778,0.6556422710418701,-0.0287258792668581,0.5149205327033997,0.6335691809654236,-0.027854695916175842
0.4969255030155182,0.8236827850341797,1.0471680411683337e-07,0.46938812732696533,0.8149518966674805,-0.009763279929757118,0.44497150182724,0.7888955473899841,-0.017596540972590446,0.42980119585990906,0.7627065777778625,-0.026346473023295403,0.427124559879303,0.734153687953949,-0.03437567129731178,0.4543139934539795,0.7302082180976868,-0.0033584877382963896,0.43835577368736267,0.7086931467056274,-0.0229951161891222,0.42753562331199646,0.7107893824577332,-0.03856376186013222,0.42410460114479065,0.7209008932113647,-0.046017032116651535,0.46724873781204224,0.7126728892326355,-0.006707845721393824,0.45696014165878296,0.6605475544929504,-0.017490021884441376,0.4482722878456116,0.6276119947433472,-0.024135226383805275,0.44084852933883667,0.6007552742958069,-0.027671927586197853,0.48396623134613037,0.7084972262382507,-0.013506265357136726,0.4779524505138397,0.6591612696647644,-0.02398979291319847,0.47309568524360657,0.6273384690284729,-0.028330322355031967,0.4672272801399231,0.6010981798171997,-0.02999473735690117,0.5025497674942017,0.7170247435569763,-0.021675175055861473,0.5093994140625,0.681502640247345,-0.028112493455410004,0.5128524899482727,0.6558207869529724,-0.02847004309296608,0.5147877335548401,0.6336702108383179,-0.027767041698098183
0.49527090787887573,0.8242526650428772,9.492549679634976e-08,0.4678456485271454,0.8152673244476318,-0.00930611789226532,0.44350606203079224,0.7899793386459351,-0.01681404374539852,0.42900601029396057,0.7648073434829712,-0.025122078135609627,0.4254325330257416,0.7372134327888489,-0.03276281803846359,0.4539937376976013,0.7315571308135986,-0.004153265152126551,0.4387231767177582,0.7105312943458557,-0.023000843822956085,0.4278390407562256,0.7127214670181274,-0.037966012954711914,0.42365607619285583,0.7226029634475708,-0.045256368815898895,0.46698957681655884,0.7144598960876465,-0.00768417539075017,0.45665493607521057,0.662623941898346,-0.018458163365721703,0.4482336640357971,0.629991352558136,-0.02524704299867153,0.4410111904144287,0.6028960943222046,-0.028995368629693985,0.4839150309562683,0.7105737924575806,-0.014415374025702477,0.4778491258621216,0.6607518792152405,-0.02530132792890072,0.4730987846851349,0.6289771199226379,-0.03034871257841587,0.46729642152786255,0.6024168133735657,-0.03251701593399048,0.5028972625732422,0.7192577719688416,-0.022345149889588356,0.509872317314148,0.6830431222915649,-0.029489221051335335,0.5129088163375854,0.6565711498260498,-0.030549149960279465,0.5141448378562927,0.6335420608520508,-0.030376126989722252
0.49533045291900635,0.8197104334831238,9.266322109624525e-08,0.467899888753891,0.8101517558097839,-0.008360643871128559,0.4441857933998108,0.7847996950149536,-0.01576538011431694,0.4299387037754059,0.7603830099105835,-0.024194804951548576,0.4263007342815399,0.733271598815918,-0.0320914089679718,0.4545983374118805,0.7273498177528381,-0.00424237409606576,0.4376518130302429,0.7067922353744507,-0.023639671504497528,0.42638176679611206,0.7108945846557617,-0.03894513100385666,0.42358309030532837,0.7223701477050781,-0.04619893804192543,0.4673922061920166,0.7103675603866577,-0.00820526760071516,0.45683395862579346,0.6586284041404724,-0.018810460343956947,0.4477792978286743,0.6259689331054688,-0.02521887607872486,0.44047194719314575,0.5994634628295898,-0.028647052124142647,0.4841597378253937,0.7067908644676208,-0.015310942195355892,0.4791792631149292,0.6567259430885315,-0.025980385020375252,0.4739283621311188,0.624729335308075,-0.03061583824455738,0.467802494764328,0.598394513130188,-0.03244415670633316,0.502875804901123,0.716056227684021,-0.023518146947026253,0.51133793592453,0.6795666813850403,-0.030564118176698685,0.5145959854125977,0.6527009010314941,-0.03128882870078087,0.5158144235610962,0.6293513774871826,-0.030734412372112274
0.49481019377708435,0.8209137916564941,9.57130055212474e-08,0.4678981900215149,0.8110765814781189,-0.008219601586461067,0.44391709566116333,0.7866730690002441,-0.01511534582823515,0.4302096962928772,0.7622852921485901,-0.022876493632793427,0.42474034428596497,0.7351598739624023,-0.030072199180722237,0.4534805417060852,0.7280011177062988,-0.0036636556033045053,0.43835294246673584,0.7076848149299622,-0.02177277021110058,0.42721402645111084,0.7090698480606079,-0.03632139414548874,0.4229133725166321,0.7185143232345581,-0.043492019176483154,0.46628496050834656,0.7111126780509949,-0.007766240276396275,0.4563084542751312,0.6598796844482422,-0.018466806039214134,0.4475499391555786,0.6269434690475464,-0.025581521913409233,0.44017142057418823,0.6001067161560059,-0.029624510556459427,0.4827807545661926,0.7074903845787048,-0.014865596778690815,0.47868651151657104,0.6583157181739807,-0.02591761201620102,0.47352179884910583,0.625996470451355,-0.03168826922774315,0.46687760949134827,0.5992552042007446,-0.03444143012166023,0.5016661286354065,0.716732382774353,-0.02297319285571575,0.5114322304725647,0.6809021234512329,-0.03049292601644993,0.5145896077156067,0.6538456082344055,-0.03205705061554909,0.515001118183136,0.6304511427879333,-0.03232646733522415
0.4951987564563751,0.8182699084281921,9.543496304331711e-08,0.46811580657958984,0.809516429901123,-0.008228161372244358,0.4437420666217804,0.7846482396125793,-0.014534207060933113,0.4294893741607666,0.7596913576126099,-0.021648580208420753,0.42504042387008667,0.7328692078590393,-0.028218645602464676,0.4537822902202606,0.7273927927017212,-0.0027821825351566076,0.43861737847328186,0.7086106538772583,-0.020518112927675247,0.4277821183204651,0.7096452713012695,-0.03489546850323677,0.42393946647644043,0.7179861664772034,-0.042027849704027176,0.4666542410850525,0.7100321650505066,-0.00683915289118886,0.45619630813598633,0.6585054397583008,-0.017491718754172325,0.4474986493587494,0.6255149245262146,-0.02462700940668583,0.44065436720848083,0.5992085933685303,-0.028548646718263626,0.4831849932670593,0.7060663104057312,-0.013917248696088791,0.4793509244918823,0.6567046642303467,-0.025176435708999634,0.47442448139190674,0.624832272529602,-0.031011061742901802,0.46806707978248596,0.598806619644165,-0.03360923379659653,0.5019416213035583,0.7149575352668762,-0.021970709785819054,0.5108941197395325,0.6794920563697815,-0.02952224388718605,0.5138050317764282,0.6530525088310242,-0.03095993399620056,0.5142452120780945,0.6303530335426331,-0.03105875290930271
0.4956551790237427,0.8214750289916992,9.788982424652204e-08,0.4683930575847626,0.8132238984107971,-0.007667406462132931,0.44369223713874817,0.786507785320282,-0.0133591927587986,0.42965948581695557,0.7604811191558838,-0.01999215967953205,0.42585569620132446,0.7342972755432129,-0.02617700584232807,0.45379993319511414,0.7303731441497803,-0.00222938135266304,0.4383145272731781,0.7112624049186707,-0.020090211182832718,0.42817699909210205,0.7125613689422607,-0.03445955738425255,0.4254290461540222,0.7215144038200378,-0.04140905663371086,0.46702146530151367,0.7132431864738464,-0.006425310391932726,0.45623427629470825,0.6610508561134338,-0.016900844871997833,0.44822755455970764,0.6273368000984192,-0.023823032155632973,0.4424423277378082,0.6008000373840332,-0.02747313864529133,0.4839043617248535,0.7091856598854065,-0.013641776517033577,0.47925159335136414,0.6597685813903809,-0.02469576895236969,0.4743351936340332,0.627396821975708,-0.030416157096624374,0.4683288335800171,0.6014047861099243,-0.03283803537487984,0.5029292106628418,0.7176679968833923,-0.021792888641357422,0.5110189318656921,0.6819910407066345,-0.029054950922727585,0.5141040086746216,0.6555288434028625,-0.030227117240428925,0.5152251124382019,0.6331570744514465,-0.030066777020692825
0.49591511487960815,0.8219206929206848,9.129374234362331e-08,0.4687914252281189,0.813642680644989,-0.007642537821084261,0.44422829151153564,0.7871019840240479,-0.013504563830792904,0.43011751770973206,0.7612667679786682,-0.02040158212184906,0.42614760994911194,0.7348250150680542,-0.026792101562023163,0.4542585015296936,0.7307177186012268,-0.0020074190106242895,0.4390316903591156,0.7110447287559509,-0.01993783563375473,0.4284207820892334,0.7126418352127075,-0.034332748502492905,0.4251764714717865,0.722172200679779,-0.04128594323992729,0.46730419993400574,0.7135368585586548,-0.006223320960998535,0.45702534914016724,0.6616899967193604,-0.01656365394592285,0.44877946376800537,0.6283526420593262,-0.023116858676075935,0.44244879484176636,0.6019397974014282,-0.02656792849302292,0.4840468466281891,0.7095130085945129,-0.013545671477913857,0.4794582426548004,0.6596879959106445,-0.02444465272128582,0.47473010420799255,0.6275447607040405,-0.029743438586592674,0.46882182359695435,0.6013953685760498,-0.031936872750520706,0.5029109120368958,0.7182130813598633,-0.02185295894742012,0.5113504528999329,0.682325005531311,-0.029043691232800484,0.5146980881690979,0.6556550860404968,-0.0301282349973917,0.5160582065582275,0.6329411268234253,-0.029947487637400627
0.49712997674942017,0.8226246237754822,9.694525715531199e-08,0.4696129858493805,0.8140638470649719,-0.008022984489798546,0.44501569867134094,0.7882789373397827,-0.014373352751135826,0.4304659962654114,0.76287442445755,-0.021712079644203186,0.42612576484680176,0.7354972958564758,-0.028442900627851486,0.454903244972229,0.7312097549438477,-0.0021529346704483032,0.4395868182182312,0.7106077671051025,-0.020294249057769775,0.4290023744106293,0.7120728492736816,-0.03483809158205986,0.42578500509262085,0.7218045592308044,-0.041822392493486404,0.4678470194339752,0.7139084339141846,-0.006183039862662554,0.4572829008102417,0.6620950698852539,-0.01658753864467144,0.4487735331058502,0.6287962794303894,-0.02326846681535244,0.4422318935394287,0.6022451519966125,-0.026842432096600533,0.4847271144390106,0.7098411917686462,-0.013367671519517899,0.4796992838382721,0.6603204011917114,-0.02408721297979355,0.4746544063091278,0.628075361251831,-0.029247095808386803,0.4686645269393921,0.6017090082168579,-0.031404104083776474,0.5038511753082275,0.7183661460876465,-0.021604150533676147,0.5120549201965332,0.6823045015335083,-0.02854522503912449,0.5150148272514343,0.655510663986206,-0.029487282037734985,0.515986979007721,0.6324833631515503,-0.02921750582754612
0.4962955713272095,0.8212437629699707,9.535285272477267e-08,0.4693779945373535,0.8123966455459595,-0.008667233400046825,0.44492170214653015,0.7872759103775024,-0.015470768325030804,0.43027496337890625,0.7618601322174072,-0.023048946633934975,0.4256994426250458,0.7340548634529114,-0.02992524579167366,0.45476168394088745,0.729859471321106,-0.003498440608382225,0.4395644962787628,0.7084277868270874,-0.021338103339076042,0.4284958839416504,0.7096493244171143,-0.035350047051906586,0.4246489107608795,0.7192723155021667,-0.04206957668066025,0.46781691908836365,0.7127519845962524,-0.007168058305978775,0.45747777819633484,0.6611653566360474,-0.017711307853460312,0.4488665461540222,0.6282264590263367,-0.02427881397306919,0.4419630467891693,0.6016350388526917,-0.02777835540473461,0.4845106303691864,0.7088969349861145,-0.013913352973759174,0.4798157513141632,0.659612238407135,-0.02483845315873623,0.4747177064418793,0.6271159052848816,-0.0300980843603611,0.4685227572917938,0.6003871560096741,-0.03234535828232765,0.5034300684928894,0.7177356481552124,-0.021716447547078133,0.5119246244430542,0.6820414066314697,-0.029127545654773712,0.514619767665863,0.6551417112350464,-0.03051162324845791,0.5150368809700012,0.631934642791748,-0.030519841238856316
0.4949832558631897,0.8229222893714905,9.735159522961112e-08,0.46766379475593567,0.813563883304596,-0.008668937720358372,0.44300413131713867,0.788229763507843,-0.015682676807045937,0.4284782409667969,0.7635563015937805,-0.023504627868533134,0.42404383420944214,0.7358789443969727,-0.030658677220344543,0.45422685146331787,0.7288644313812256,-0.0038632736541330814,0.43880388140678406,0.7086213231086731,-0.022166816517710686,0.4275084137916565,0.7108376622200012,-0.036594659090042114,0.4233534634113312,0.7210098505020142,-0.04360959306359291,0.4676111340522766,0.7120195627212524,-0.007832744158804417,0.45758455991744995,0.6603719592094421,-0.01859179325401783,0.4490463137626648,0.6271483898162842,-0.0254267118871212,0.44201427698135376,0.6001600027084351,-0.029182013124227524,0.48470914363861084,0.7087650895118713,-0.01490097213536501,0.4795730412006378,0.659884512424469,-0.02619287557899952,0.4741204082965851,0.6272796392440796,-0.031739454716444016,0.46762019395828247,0.6000941395759583,-0.03424694389104843,0.5038108825683594,0.7184447646141052,-0.023020636290311813,0.5129098892211914,0.6831580996513367,-0.030755791813135147,0.5163837671279907,0.6561811566352844,-0.0322691947221756,0.5175521969795227,0.6325550079345703,-0.03241725638508797
0.4945915937423706,0.824571430683136,9.683277113481381e-08,0.4667971432209015,0.8145633935928345,-0.008768505416810513,0.4423966109752655,0.7891842722892761,-0.015837209299206734,0.4283623695373535,0.7647374272346497,-0.023710288107395172,0.4233357310295105,0.7369289994239807,-0.030895313248038292,0.45317891240119934,0.7296287417411804,-0.003558296477422118,0.4380222260951996,0.7086899876594543,-0.02199426293373108,0.42670825123786926,0.7107510566711426,-0.036596402525901794,0.4221585988998413,0.7212013006210327,-0.04369105026125908,0.46687036752700806,0.7129230499267578,-0.0075436849147081375,0.4566430449485779,0.6611863374710083,-0.018494242802262306,0.4481092095375061,0.6278350949287415,-0.025475863367319107,0.4409484565258026,0.6004958748817444,-0.02933335117995739,0.4839603006839752,0.7099884152412415,-0.014708567410707474,0.4790644347667694,0.6613556742668152,-0.026229217648506165,0.47392183542251587,0.628564715385437,-0.03186774626374245,0.46751654148101807,0.6007946729660034,-0.034407585859298706,0.5030741095542908,0.7197806239128113,-0.02293415553867817,0.511755108833313,0.6840508580207825,-0.030735645443201065,0.515206515789032,0.6571367979049683,-0.03217942640185356,0.516136109828949,0.6334022283554077,-0.03230278566479683
0.4954786002635956,0.8244971632957458,9.66488826747991e-08,0.4681198000907898,0.8142485618591309,-0.009055246599018574,0.44353994727134705,0.7883172631263733,-0.016490699723362923,0.4283462464809418,0.7631997466087341,-0.024799207225441933,0.42444974184036255,0.7343469262123108,-0.03237059712409973,0.45495352149009705,0.7289458513259888,-0.003286012914031744,0.4395919442176819,0.7075744867324829,-0.02235821634531021,0.4278576970100403,0.709372341632843,-0.03759986534714699,0.42330390214920044,0.7193886637687683,-0.04504948481917381,0.4679432809352875,0.7120867967605591,-0.007030725013464689,0.4581065773963928,0.6601348519325256,-0.01810361258685589,0.44938647747039795,0.6268869638442993,-0.02496149390935898,0.4421004056930542,0.5997920036315918,-0.028656305745244026,0.48472967743873596,0.7089180946350098,-0.01407028827816248,0.4798947870731354,0.659429132938385,-0.02512422204017639,0.47484469413757324,0.6270419359207153,-0.029865693300962448,0.4687208831310272,0.6000056862831116,-0.03174779191613197,0.5035508871078491,0.7186776399612427,-0.022327136248350143,0.5114996433258057,0.6828974485397339,-0.029566247016191483,0.5144898295402527,0.6560044288635254,-0.030439458787441254,0.515441358089447,0.6325243711471558,-0.03006400354206562
0.4962235391139984,0.8267295360565186,9.433443182160772e-08,0.46854326128959656,0.817069411277771,-0.010097241029143333,0.44377538561820984,0.7913883328437805,-0.01821567490696907,0.4284265637397766,0.7657124996185303,-0.02704695053398609,0.42495226860046387,0.7358706593513489,-0.03503619134426117,0.45439526438713074,0.7308284044265747,-0.004361201077699661,0.43800675868988037,0.7083127498626709,-0.024461863562464714,0.42635101079940796,0.7113494277000427,-0.04042345657944679,0.42236974835395813,0.7220250964164734,-0.0482131689786911,0.46770206093788147,0.7135412693023682,-0.007770296651870012,0.45714953541755676,0.6612000465393066,-0.019494786858558655,0.44812893867492676,0.6277967691421509,-0.026721706613898277,0.44070106744766235,0.6005882620811462,-0.0306652020663023,0.48466381430625916,0.7102769613265991,-0.01460736058652401,0.4794449508190155,0.6608960032463074,-0.02600008435547352,0.4741983413696289,0.6283484697341919,-0.030636461451649666,0.4679070711135864,0.600784957408905,-0.03239855915307999,0.5035303235054016,0.7198538184165955,-0.02276550978422165,0.5104353427886963,0.6832926273345947,-0.029889119789004326,0.5131121873855591,0.656280517578125,-0.030390212312340736,0.5138963460922241,0.6324631571769714,-0.029732417315244675
0.49602505564689636,0.8272477984428406,9.977875237154876e-08,0.46813589334487915,0.8168045282363892,-0.010158081538975239,0.4434921145439148,0.791353702545166,-0.018435437232255936,0.42813611030578613,0.765981912612915,-0.027458593249320984,0.4248615801334381,0.7359790802001953,-0.03562796115875244,0.454161137342453,0.7310126423835754,-0.004215414635837078,0.43814051151275635,0.7090662717819214,-0.024559734389185905,0.42656660079956055,0.7121195793151855,-0.040652547031641006,0.4225621223449707,0.7227399349212646,-0.04849785566329956,0.4675065279006958,0.7137556076049805,-0.007682462688535452,0.4573099911212921,0.6617513298988342,-0.01977250911295414,0.44833216071128845,0.6284508109092712,-0.02710120752453804,0.44092699885368347,0.6011747121810913,-0.031015681102871895,0.4845544397830963,0.7105396389961243,-0.01461854763329029,0.47954514622688293,0.66169673204422,-0.02645944058895111,0.4744178354740143,0.6291841268539429,-0.031136903911828995,0.4683246910572052,0.6013991832733154,-0.03278475999832153,0.5034618377685547,0.7202346920967102,-0.02286473847925663,0.5107147693634033,0.6838425397872925,-0.030245065689086914,0.5135721564292908,0.6567578911781311,-0.03074054606258869,0.5145641565322876,0.6327298283576965,-0.03000246174633503
0.496290385723114,0.8274551630020142,1.0165005903672863e-07,0.46835607290267944,0.8171899318695068,-0.00996765773743391,0.44370511174201965,0.7914294004440308,-0.018193967640399933,0.42842066287994385,0.7659873962402344,-0.027264390140771866,0.42471450567245483,0.7364665865898132,-0.035489052534103394,0.4538847506046295,0.730949342250824,-0.004124148283153772,0.4377628564834595,0.708730936050415,-0.024148626253008842,0.4263543486595154,0.711902379989624,-0.03996159881353378,0.42280521988868713,0.7227882146835327,-0.047654300928115845,0.4673748314380646,0.7137250900268555,-0.0076664891093969345,0.4570590555667877,0.6616103649139404,-0.019105063751339912,0.4480976462364197,0.6284042596817017,-0.02602541446685791,0.4408128559589386,0.601043701171875,-0.029769375920295715,0.4844913184642792,0.7106119990348816,-0.014668296091258526,0.479385644197464,0.6607164144515991,-0.025988703593611717,0.47427865862846375,0.6283246278762817,-0.030361268669366837,0.468191534280777,0.6010007262229919,-0.03192539140582085,0.5035998225212097,0.7205058336257935,-0.02300550602376461,0.5112210512161255,0.6841443181037903,-0.030425751581788063,0.5141282081604004,0.6569492816925049,-0.031102433800697327,0.5150362849235535,0.6329145431518555,-0.030476337298750877
0.4961853325366974,0.8270543813705444,1.0394145988357195e-07,0.46910619735717773,0.8179012537002563,-0.009872249327600002,0.4447824954986572,0.7912523150444031,-0.018014658242464066,0.4294918179512024,0.7652009129524231,-0.02703600563108921,0.4253358840942383,0.7360681295394897,-0.03509657457470894,0.4541732966899872,0.7309057712554932,-0.004461424425244331,0.4372568726539612,0.7085554003715515,-0.024395812302827835,0.42582541704177856,0.7118701934814453,-0.03992244228720665,0.422399640083313,0.7227389812469482,-0.04738296940922737,0.4675091505050659,0.7137496471405029,-0.008023200556635857,0.4567963778972626,0.6616551280021667,-0.01962932199239731,0.44788792729377747,0.6282815933227539,-0.02647712081670761,0.44063809514045715,0.6006230711936951,-0.030077463015913963,0.48432961106300354,0.7106583118438721,-0.014960106462240219,0.4784228205680847,0.6608765721321106,-0.025828352198004723,0.4734990894794464,0.6287246346473694,-0.02940424159169197,0.4676758348941803,0.6013510823249817,-0.03044033981859684,0.5030269026756287,0.7202980518341064,-0.023307060822844505,0.5097472071647644,0.6840817332267761,-0.030028697103261948,0.5131301879882812,0.6571949124336243,-0.03010954149067402,0.5149224400520325,0.6333848834037781,-0.029062258079648018
0.4945566952228546,0.8269047737121582,1.0057516419692547e-07,0.46705785393714905,0.8171570301055908,-0.010489501059055328,0.44260174036026,0.7908462285995483,-0.01856282539665699,0.4275345206260681,0.7652041912078857,-0.027317916974425316,0.4243829846382141,0.7356215715408325,-0.03525274991989136,0.4538288116455078,0.7315884232521057,-0.004431086126714945,0.43781575560569763,0.709930956363678,-0.024417363107204437,0.4260593354701996,0.7127174735069275,-0.040355466306209564,0.42156440019607544,0.7226775884628296,-0.04814368113875389,0.466841459274292,0.7144600749015808,-0.007627326995134354,0.45685431361198425,0.6619725227355957,-0.01909525692462921,0.44792336225509644,0.6285391449928284,-0.026354223489761353,0.4403471350669861,0.6010056734085083,-0.030291879549622536,0.48350241780281067,0.7111421823501587,-0.014246185310184956,0.47827932238578796,0.6615830659866333,-0.02547897771000862,0.4729660749435425,0.6290868520736694,-0.0302724689245224,0.4665409028530121,0.6016779541969299,-0.03214216232299805,0.5017922520637512,0.720795214176178,-0.022237299010157585,0.5092465281486511,0.6854670643806458,-0.029265206307172775,0.5125080347061157,0.6591242551803589,-0.029843099415302277,0.5139807462692261,0.6360973715782166,-0.029240883886814117
0.4950938820838928,0.8261309862136841,9.221999164310546e-08,0.46759650111198425,0.8159430027008057,-0.008894591592252254,0.44357016682624817,0.7902567982673645,-0.0164811834692955,0.42916375398635864,0.7653553485870361,-0.024940043687820435,0.4246615469455719,0.7358923554420471,-0.03272370621562004,0.453904926776886,0.7307978868484497,-0.0035996255464851856,0.437664270401001,0.7092967629432678,-0.022873299196362495,0.4264134466648102,0.7129737734794617,-0.03848648816347122,0.4230805039405823,0.7238076329231262,-0.04627396911382675,0.4671676456928253,0.7144232988357544,-0.007683816831558943,0.4567473828792572,0.662683367729187,-0.01948378048837185,0.44772201776504517,0.6292607188224792,-0.027571694925427437,0.44049739837646484,0.6009981036186218,-0.03232478350400925,0.48353341221809387,0.7117577791213989,-0.014951085671782494,0.4788516163825989,0.6619201898574829,-0.026645131409168243,0.47385746240615845,0.6290271878242493,-0.032474976032972336,0.4678126871585846,0.6005213260650635,-0.035244014114141464,0.5014876127243042,0.7217538356781006,-0.023282965645194054,0.5080814361572266,0.6852450966835022,-0.030553417280316353,0.5114142298698425,0.6586741805076599,-0.03151411563158035,0.5128315091133118,0.6350030899047852,-0.03144732117652893
0.49468994140625,0.8250290155410767,9.944095324954105e-08,0.46734148263931274,0.815741777420044,-0.00917397253215313,0.4435703754425049,0.7907525897026062,-0.01708517223596573,0.4286738634109497,0.7661285996437073,-0.025755658745765686,0.42425623536109924,0.7366369962692261,-0.033820029348134995,0.45390844345092773,0.7315730452537537,-0.004101070109754801,0.4380528926849365,0.7106310129165649,-0.02338290959596634,0.42638731002807617,0.7130184769630432,-0.03907136246562004,0.42264440655708313,0.722467839717865,-0.047036025673151016,0.46711498498916626,0.7148562073707581,-0.008072949014604092,0.45651814341545105,0.6632318496704102,-0.020033039152622223,0.44732049107551575,0.6300063729286194,-0.028209153562784195,0.4398912787437439,0.6018498539924622,-0.03306492418050766,0.48341846466064453,0.7117963433265686,-0.015197450295090675,0.4789090156555176,0.6615449786186218,-0.02693806402385235,0.4741204082965851,0.628704845905304,-0.032773781567811966,0.46818941831588745,0.6003786325454712,-0.035601936280727386,0.501422643661499,0.7215660214424133,-0.02338859811425209,0.5078611969947815,0.6848001480102539,-0.03059505484998226,0.5111348628997803,0.6582951545715332,-0.03155267611145973,0.5123969912528992,0.6346677541732788,-0.031562574207782745
0.4952888786792755,0.8266660571098328,9.43658235996736e-08,0.4678044617176056,0.8175448179244995,-0.00922913197427988,0.4434696435928345,0.7920690178871155,-0.01678159274160862,0.42830565571784973,0.7676058411598206,-0.025176608934998512,0.4238054156303406,0.7390576601028442,-0.03292533755302429,0.45384830236434937,0.7324298024177551,-0.0039302590303123,0.43803301453590393,0.7115280032157898,-0.023129988461732864,0.4265612065792084,0.7141565084457397,-0.038468677550554276,0.42251574993133545,0.7242721319198608,-0.046071384102106094,0.4667183458805084,0.7153559923171997,-0.007802789099514484,0.4566560983657837,0.6638688445091248,-0.019453110173344612,0.447532594203949,0.6306633949279785,-0.02707625739276409,0.4398488998413086,0.6030130982398987,-0.03140772506594658,0.4829116463661194,0.7118675708770752,-0.014898001216351986,0.47821053862571716,0.662146806716919,-0.026597268879413605,0.4729955792427063,0.6295537948608398,-0.03226913884282112,0.46666598320007324,0.6018664836883545,-0.0348527655005455,0.500799298286438,0.7212225198745728,-0.023118147626519203,0.5082520246505737,0.6853556036949158,-0.030822651460766792,0.5116651654243469,0.6586090326309204,-0.032159630209207535,0.5131062269210815,0.6350034475326538,-0.03222639113664627
0.4959188401699066,0.8266743421554565,9.363713360244219e-08,0.4678249955177307,0.8172683715820312,-0.008946054615080357,0.44326215982437134,0.7920190691947937,-0.016361407935619354,0.42876800894737244,0.7667136788368225,-0.024683548137545586,0.42518144845962524,0.7377297878265381,-0.0323251448571682,0.45411667227745056,0.7331101298332214,-0.0034024405758827925,0.4381558299064636,0.7112809419631958,-0.02260063961148262,0.4268118143081665,0.7144424915313721,-0.03803398460149765,0.42313599586486816,0.7249370813369751,-0.04568539932370186,0.4672260284423828,0.716170608997345,-0.007323040626943111,0.4569900631904602,0.6643657088279724,-0.018827572464942932,0.4477837383747101,0.6308197379112244,-0.02657303400337696,0.44006723165512085,0.6025694608688354,-0.031102970242500305,0.48354294896125793,0.7125177979469299,-0.014470471069216728,0.4786325693130493,0.6625482439994812,-0.025957362726330757,0.47343799471855164,0.6299910545349121,-0.031595729291439056,0.4671759009361267,0.6022922396659851,-0.0342344269156456,0.5016277432441711,0.7213773727416992,-0.02273448184132576,0.5086157321929932,0.6853192448616028,-0.030137235298752785,0.5120429396629333,0.6587327122688293,-0.0312703438103199,0.5135654211044312,0.6352906227111816,-0.03126489371061325
0.49572110176086426,0.8263365626335144,1.0422112239893977e-07,0.4679412543773651,0.8171385526657104,-0.00974056962877512,0.44336172938346863,0.7920433878898621,-0.01769779808819294,0.4282403886318207,0.7667943239212036,-0.026422521099448204,0.4244384467601776,0.7373866438865662,-0.03435502573847771,0.453821063041687,0.732732892036438,-0.00399634288623929,0.4376497268676758,0.7114270329475403,-0.02325218915939331,0.4261869788169861,0.7142513990402222,-0.03852754458785057,0.42268145084381104,0.7244832515716553,-0.04603343456983566,0.46691378951072693,0.7155738472938538,-0.007574236951768398,0.4563700258731842,0.6636513471603394,-0.019027965143322945,0.4472391605377197,0.6305720210075378,-0.02637178637087345,0.4398711323738098,0.6027747988700867,-0.030504120513796806,0.48342499136924744,0.7120482325553894,-0.01445202436298132,0.4781148433685303,0.6624321341514587,-0.025958476588129997,0.4726266860961914,0.6300487518310547,-0.031219588592648506,0.46624165773391724,0.6026069521903992,-0.0335039384663105,0.5018511414527893,0.721437931060791,-0.022539876401424408,0.5091039538383484,0.6854629516601562,-0.02998378872871399,0.5123672485351562,0.6585100293159485,-0.031092217192053795,0.5137202739715576,0.6345759630203247,-0.03097320720553398
0.49504873156547546,0.8255865573883057,1.0564765773324325e-07,0.4676862955093384,0.81651771068573,-0.009364137426018715,0.4436589479446411,0.7918595671653748,-0.01735698990523815,0.42859143018722534,0.767450749874115,-0.026128914207220078,0.4241875410079956,0.7381166815757751,-0.03421245515346527,0.4533766508102417,0.7317308187484741,-0.0043513718992471695,0.4368594288825989,0.7111681699752808,-0.02404720149934292,0.42575228214263916,0.7150888442993164,-0.03976776823401451,0.4230565130710602,0.7257559299468994,-0.04753858596086502,0.4665086567401886,0.7147538661956787,-0.00825436506420374,0.45595353841781616,0.6630352139472961,-0.020133784040808678,0.44700637459754944,0.6297796368598938,-0.027938082814216614,0.43997833132743835,0.6016700863838196,-0.032423872500658035,0.48305991291999817,0.7115015983581543,-0.015390622429549694,0.4783736765384674,0.6619219779968262,-0.02729954943060875,0.4732731878757477,0.6290910243988037,-0.03308365121483803,0.46739721298217773,0.6007010340690613,-0.03577081859111786,0.5013687610626221,0.7212015986442566,-0.02362149767577648,0.5088085532188416,0.68471360206604,-0.031233197078108788,0.5128969550132751,0.6577742099761963,-0.03235127031803131,0.5153178572654724,0.6334596276283264,-0.032303664833307266
0.49497321248054504,0.8261337876319885,1.0604665590108198e-07,0.467470645904541,0.8164292573928833,-0.008998807519674301,0.44377440214157104,0.7913374304771423,-0.016657328233122826,0.42921462655067444,0.7668649554252625,-0.02508246712386608,0.4245970547199249,0.7374480962753296,-0.03282531350851059,0.45357364416122437,0.7313927412033081,-0.0035844866652041674,0.4375154972076416,0.7114834785461426,-0.022921161726117134,0.4264580309391022,0.7151013016700745,-0.03858064487576485,0.4235832393169403,0.7251483201980591,-0.04640335962176323,0.46677643060684204,0.7146367430686951,-0.007639017887413502,0.4563925266265869,0.662972092628479,-0.019571153447031975,0.44730013608932495,0.6297100782394409,-0.02752603217959404,0.4400842487812042,0.6016317009925842,-0.03211301565170288,0.48322537541389465,0.7117289900779724,-0.014907465316355228,0.4792400300502777,0.6614289283752441,-0.026877982541918755,0.4743230640888214,0.628619372844696,-0.0326349176466465,0.4683929979801178,0.6003220081329346,-0.03524436801671982,0.5013216733932495,0.7218153476715088,-0.02322443202137947,0.5084558129310608,0.6847829222679138,-0.030621375888586044,0.5122262835502625,0.6579720973968506,-0.031509172171354294,0.5141521096229553,0.6339736580848694,-0.031342361122369766
0.49545612931251526,0.8262419700622559,1.0361555524696087e-07,0.4678252339363098,0.8170143365859985,-0.009570932947099209,0.44373953342437744,0.7923505306243896,-0.017739076167345047,0.4288949966430664,0.7678499221801758,-0.026644255965948105,0.42526477575302124,0.7381543517112732,-0.034811265766620636,0.4534124732017517,0.7319693565368652,-0.004479710943996906,0.43717876076698303,0.7112955451011658,-0.02418985217809677,0.42598405480384827,0.7157146334648132,-0.040019530802965164,0.42305031418800354,0.7268264293670654,-0.04792105406522751,0.46675941348075867,0.7152199149131775,-0.008301970548927784,0.4563887417316437,0.6636599898338318,-0.020268186926841736,0.4473065435886383,0.6302709579467773,-0.02822870761156082,0.4400075078010559,0.6018569469451904,-0.03291218355298042,0.4834423363208771,0.7122742533683777,-0.015382246114313602,0.47893890738487244,0.6625473499298096,-0.027260391041636467,0.4737822413444519,0.6295520067214966,-0.03305508941411972,0.4676441550254822,0.6008415222167969,-0.03580901771783829,0.5017820000648499,0.7222028374671936,-0.02357606031000614,0.5089423060417175,0.6855087876319885,-0.03100690245628357,0.5127092003822327,0.6586413979530334,-0.032034751027822495,0.5146439075469971,0.6344373226165771,-0.03200835734605789
0.4957556426525116,0.8274109959602356,1.0609586809096072e-07,0.46790528297424316,0.8176554441452026,-0.009486366994678974,0.4441092312335968,0.792724609375,-0.017726730555295944,0.42878541350364685,0.7686610817909241,-0.026903629302978516,0.42476022243499756,0.7391018867492676,-0.035305723547935486,0.45351749658584595,0.7325637340545654,-0.00380953261628747,0.43702787160873413,0.7117088437080383,-0.023819085210561752,0.42603346705436707,0.716217577457428,-0.03987224027514458,0.42349082231521606,0.7278297543525696,-0.04785361886024475,0.46688219904899597,0.7155459523200989,-0.007697171065956354,0.45654794573783875,0.6642427444458008,-0.01978353224694729,0.4474136531352997,0.6307400465011597,-0.027838286012411118,0.44006454944610596,0.602275013923645,-0.03255973756313324,0.4835661053657532,0.7123483419418335,-0.014928306452929974,0.47870564460754395,0.6628221273422241,-0.02674485184252262,0.47349488735198975,0.6301906704902649,-0.03221800550818443,0.467229425907135,0.6019219160079956,-0.034723978489637375,0.5019736289978027,0.7220752239227295,-0.023334870114922523,0.5094155669212341,0.6857417225837708,-0.030720073729753494,0.513227105140686,0.6588422060012817,-0.03168060630559921,0.5150867700576782,0.6347925662994385,-0.031552158296108246
0.49550485610961914,0.8269288539886475,1.0473319633774736e-07,0.46786925196647644,0.8168174028396606,-0.009482190012931824,0.4440506100654602,0.7919164299964905,-0.017638301476836205,0.4291151463985443,0.7675396203994751,-0.0265851728618145,0.424610435962677,0.7377904057502747,-0.034803058952093124,0.45396021008491516,0.7322955131530762,-0.003955376800149679,0.43804633617401123,0.7111703157424927,-0.02346683107316494,0.42670369148254395,0.714450478553772,-0.039215587079524994,0.4235013723373413,0.7250080108642578,-0.04709503427147865,0.46729737520217896,0.7155729532241821,-0.007807802874594927,0.45698630809783936,0.6638288497924805,-0.019635355100035667,0.4478839933872223,0.6307887434959412,-0.027554847300052643,0.4405895173549652,0.6026871204376221,-0.03219860419631004,0.48388737440109253,0.7125535607337952,-0.014943273738026619,0.4794637858867645,0.6617864966392517,-0.026729844510555267,0.4744221866130829,0.6291723251342773,-0.03241300955414772,0.46833568811416626,0.6011425852775574,-0.03507206216454506,0.5022245049476624,0.7225114107131958,-0.023198092356324196,0.5092816352844238,0.6855942606925964,-0.030619380995631218,0.5127294063568115,0.6586116552352905,-0.03169882670044899,0.5141303539276123,0.6345341205596924,-0.03169485554099083
0.49581727385520935,0.8266787528991699,1.0558731133869514e-07,0.4682270884513855,0.8165328502655029,-0.009471234865486622,0.4442422389984131,0.791624128818512,-0.01763417012989521,0.4288822114467621,0.7671331167221069,-0.026693372055888176,0.4243646562099457,0.7375829219818115,-0.034948285669088364,0.453931987285614,0.7325119972229004,-0.0038828954566270113,0.43793660402297974,0.7111296057701111,-0.023640170693397522,0.4269483685493469,0.7138280868530273,-0.03929891437292099,0.42389005422592163,0.7239227890968323,-0.04695989936590195,0.46719321608543396,0.715337872505188,-0.0076697892509400845,0.4568329453468323,0.6636314392089844,-0.019475718960165977,0.44767606258392334,0.6303759813308716,-0.026972411200404167,0.4401511251926422,0.6022121906280518,-0.031159553676843643,0.48388388752937317,0.7117338180541992,-0.014774652197957039,0.47873958945274353,0.661638617515564,-0.02626466564834118,0.47336822748184204,0.6294134855270386,-0.031187746673822403,0.4670175611972809,0.6019355058670044,-0.033211950212717056,0.5024594664573669,0.7210781574249268,-0.023113083094358444,0.509807288646698,0.6850159764289856,-0.030408021062612534,0.5131679177284241,0.6578943729400635,-0.03133596107363701,0.5146501064300537,0.6338257193565369,-0.031037114560604095
0.4958905279636383,0.8269171118736267,1.0388991711351991e-07,0.4681645333766937,0.8170120716094971,-0.009528502821922302,0.4441591501235962,0.7920675277709961,-0.017508799210190773,0.429442822933197,0.7672532796859741,-0.026287289336323738,0.424871027469635,0.7373947501182556,-0.03430522605776787,0.453971266746521,0.7325714826583862,-0.00385613227263093,0.4381541609764099,0.7110673785209656,-0.023203756660223007,0.42688700556755066,0.7138396501541138,-0.038704827427864075,0.42331552505493164,0.7238396406173706,-0.046403657644987106,0.46727317571640015,0.7154529690742493,-0.007637866772711277,0.45694735646247864,0.6635127067565918,-0.019291242584586143,0.44785192608833313,0.630291223526001,-0.026974434033036232,0.44033798575401306,0.6020876169204712,-0.031408339738845825,0.483909010887146,0.7120523452758789,-0.014698327518999577,0.47887149453163147,0.6621778607368469,-0.026376327499747276,0.47358301281929016,0.6296342611312866,-0.03193633630871773,0.4672575294971466,0.6017142534255981,-0.03448634222149849,0.5024313926696777,0.7215722799301147,-0.022928781807422638,0.5098055601119995,0.6853832006454468,-0.030404342338442802,0.5132483243942261,0.6582422852516174,-0.031598251312971115,0.5147114992141724,0.6340698599815369,-0.031627751886844635
0.4969785809516907,0.8266394734382629,1.06561003576644e-07,0.46904173493385315,0.8171675801277161,-0.009847098961472511,0.4446300268173218,0.7925595045089722,-0.01806022785604,0.42941516637802124,0.7677021026611328,-0.027024876326322556,0.4250207245349884,0.7376492619514465,-0.03517550230026245,0.4541896879673004,0.7328425645828247,-0.00435529975220561,0.4379953145980835,0.7112325429916382,-0.023878656327724457,0.4269431531429291,0.7143685221672058,-0.039380986243486404,0.42383936047554016,0.7248969078063965,-0.0470055527985096,0.46751004457473755,0.7156183123588562,-0.007954184897243977,0.457021027803421,0.6636391282081604,-0.019577963277697563,0.44783666729927063,0.6305304169654846,-0.02707618847489357,0.4402496814727783,0.6026326417922974,-0.031372956931591034,0.48414894938468933,0.7119798064231873,-0.014869204722344875,0.47884976863861084,0.6620857119560242,-0.02628820762038231,0.4734232425689697,0.6295347213745117,-0.03150969743728638,0.46706122159957886,0.6017716526985168,-0.03388579934835434,0.5026916265487671,0.7211267948150635,-0.023014497011899948,0.5099117755889893,0.6850042939186096,-0.030260741710662842,0.5132892727851868,0.6579355597496033,-0.03128436952829361,0.5147902369499207,0.6339061260223389,-0.031195782124996185
0.49631592631340027,0.8271898031234741,1.0528591332104043e-07,0.46884310245513916,0.8176153898239136,-0.009749081917107105,0.4446745812892914,0.7924348711967468,-0.017629127949476242,0.4296869933605194,0.7674742937088013,-0.026276597753167152,0.4251527488231659,0.7378039956092834,-0.03408340737223625,0.4538015127182007,0.7324578762054443,-0.003929425030946732,0.4372365474700928,0.7112163305282593,-0.02349274791777134,0.4262188673019409,0.715180516242981,-0.03893499821424484,0.4234534204006195,0.7262953519821167,-0.046395331621170044,0.4672068655490875,0.7152122259140015,-0.007460644003003836,0.4566860795021057,0.6630645990371704,-0.019000547006726265,0.44771963357925415,0.6301621198654175,-0.026181351393461227,0.4403826594352722,0.602401852607727,-0.030059602111577988,0.48407861590385437,0.7117601633071899,-0.014347382821142673,0.4788317382335663,0.6620720028877258,-0.025941159576177597,0.47342896461486816,0.6297123432159424,-0.031020987778902054,0.46712473034858704,0.6020838618278503,-0.03303888812661171,0.5026479959487915,0.7213824987411499,-0.02245074324309826,0.5098090767860413,0.6853671073913574,-0.02987072989344597,0.5133424401283264,0.6586111783981323,-0.03073529340326786,0.5152106881141663,0.6348658800125122,-0.03031308390200138
0.49747809767723083,0.8264583349227905,1.0835557873178914e-07,0.4690033197402954,0.8173775672912598,-0.009641075506806374,0.44450050592422485,0.792127788066864,-0.017320798709988594,0.42957067489624023,0.7667798399925232,-0.025793064385652542,0.4249926805496216,0.7375544309616089,-0.03337065875530243,0.45390820503234863,0.7329184412956238,-0.004020850174129009,0.43756264448165894,0.710350751876831,-0.02330651879310608,0.426731139421463,0.7134706974029541,-0.038387805223464966,0.42351052165031433,0.7242147326469421,-0.0455460324883461,0.46729007363319397,0.7154776453971863,-0.0073788221925497055,0.45674633979797363,0.6629811525344849,-0.018624674528837204,0.4478737711906433,0.6295791864395142,-0.025369543582201004,0.44032877683639526,0.6017014980316162,-0.02890768088400364,0.48409661650657654,0.7115333080291748,-0.014057951048016548,0.47851112484931946,0.661662220954895,-0.024972913786768913,0.4733026325702667,0.6293209791183472,-0.029347537085413933,0.46708789467811584,0.6021853685379028,-0.03092419169843197,0.5027170777320862,0.7202677726745605,-0.022039122879505157,0.5098707675933838,0.6843923330307007,-0.02885354682803154,0.5133793354034424,0.6578205823898315,-0.029325228184461594,0.5152744054794312,0.6346725821495056,-0.028605490922927856
0.49652138352394104,0.8262621760368347,1.1205042227402373e-07,0.4683741629123688,0.8162614703178406,-0.009510498493909836,0.4443175792694092,0.7915912866592407,-0.017608225345611572,0.4294028580188751,0.7668352127075195,-0.026532264426350594,0.42530447244644165,0.7368116974830627,-0.0346757136285305,0.4540453851222992,0.7321861982345581,-0.003990315832197666,0.43838241696357727,0.7102025747299194,-0.02350594662129879,0.4272954761981964,0.7130375504493713,-0.039039794355630875,0.4240496754646301,0.7234194278717041,-0.04668727517127991,0.46729740500450134,0.7151966094970703,-0.0077819786965847015,0.4569683074951172,0.6632252335548401,-0.019573301076889038,0.4479246437549591,0.6295114159584045,-0.02722509577870369,0.4405459463596344,0.6009537577629089,-0.03161453455686569,0.48383650183677673,0.7118040919303894,-0.014868905767798424,0.479232519865036,0.6619319915771484,-0.026573121547698975,0.4743087589740753,0.6293125152587891,-0.031961824744939804,0.4684309661388397,0.6013657450675964,-0.03437122330069542,0.502289354801178,0.7210469245910645,-0.02312847599387169,0.5099590420722961,0.6846939325332642,-0.03063882142305374,0.5140764713287354,0.65785813331604,-0.03164636343717575,0.5163530111312866,0.6340151429176331,-0.031485117971897125
0.494984894990921,0.8264704942703247,1.0294905905539053e-07,0.4678316116333008,0.8167620897293091,-0.007737431675195694,0.4444749057292938,0.7913078665733337,-0.014973608776926994,0.4297603368759155,0.7675756812095642,-0.023221848532557487,0.4244544506072998,0.7395492792129517,-0.03101966716349125,0.45330381393432617,0.731448769569397,-0.0036721420474350452,0.4376280903816223,0.7113437652587891,-0.022285345941781998,0.42665284872055054,0.714788019657135,-0.03755642846226692,0.423414945602417,0.7254909873008728,-0.04532531276345253,0.466587096452713,0.714786171913147,-0.008371667936444283,0.45585256814956665,0.663382351398468,-0.019921720027923584,0.44746121764183044,0.6293327808380127,-0.027987875044345856,0.44084516167640686,0.6003458499908447,-0.03296647593379021,0.4833306074142456,0.7120214104652405,-0.01603524573147297,0.48051974177360535,0.6592967510223389,-0.0276337880641222,0.4777115285396576,0.6265517473220825,-0.03376622498035431,0.47355177998542786,0.5984125137329102,-0.037023551762104034,0.5018656253814697,0.7222378849983215,-0.024564364925026894,0.5104700326919556,0.6844462752342224,-0.032121893018484116,0.5165776014328003,0.6586698889732361,-0.03318352624773979,0.5204523205757141,0.6362013220787048,-0.03332361578941345
0.494193971157074,0.8256931304931641,1.1032446423087094e-07,0.467465341091156,0.8158369064331055,-0.00795222818851471,0.4442629814147949,0.791175127029419,-0.01556425355374813,0.42938488721847534,0.7683490514755249,-0.024140771478414536,0.4245852828025818,0.7404761910438538,-0.032270897179841995,0.4524931013584137,0.7316464185714722,-0.00424813712015748,0.43664392828941345,0.712457001209259,-0.023096812888979912,0.4260542392730713,0.7169329524040222,-0.03851987048983574,0.42337319254875183,0.7278838753700256,-0.046439509838819504,0.46609994769096375,0.714564323425293,-0.009076329879462719,0.4552787244319916,0.6623616814613342,-0.02086963690817356,0.44720926880836487,0.6285650134086609,-0.029191287234425545,0.4408699870109558,0.5999646186828613,-0.03438940644264221,0.48324862122535706,0.7114551067352295,-0.016855530440807343,0.4811486303806305,0.6585838794708252,-0.02895578183233738,0.47910112142562866,0.6261049509048462,-0.03546283766627312,0.47538524866104126,0.5982658863067627,-0.03895102068781853,0.5021771192550659,0.7215170860290527,-0.02543657459318638,0.5115734934806824,0.683428168296814,-0.03330433368682861,0.51864093542099,0.6581918597221375,-0.03434513509273529,0.5230796933174133,0.6365588903427124,-0.03447256237268448
0.4948238730430603,0.8282999396324158,1.0658234828042623e-07,0.4677090644836426,0.8180255889892578,-0.007924932055175304,0.44463276863098145,0.7938645482063293,-0.015641827136278152,0.4297078251838684,0.7716830968856812,-0.0243326835334301,0.42350390553474426,0.7440721988677979,-0.03264536336064339,0.45275038480758667,0.7335826754570007,-0.004406636580824852,0.43667885661125183,0.7138730883598328,-0.02300000935792923,0.425774484872818,0.7184717655181885,-0.03833002969622612,0.4227257966995239,0.7297418713569641,-0.04623860865831375,0.4664967656135559,0.7168034911155701,-0.00922557432204485,0.45555731654167175,0.665316641330719,-0.020702920854091644,0.4470509886741638,0.6314137578010559,-0.02901414968073368,0.4402898848056793,0.6023969054222107,-0.03434682637453079,0.48351335525512695,0.7142242193222046,-0.016955021768808365,0.4807816445827484,0.6612101793289185,-0.028754087164998055,0.4779454171657562,0.6281657814979553,-0.0354478694498539,0.47364941239356995,0.5996355414390564,-0.039259862154722214,0.5021195411682129,0.7248318195343018,-0.025474917143583298,0.5109556317329407,0.687525749206543,-0.03348780423402786,0.5174031853675842,0.6621392965316772,-0.03490093722939491,0.5213632583618164,0.6398581862449646,-0.035361580550670624
0.4954416751861572,0.8278404474258423,1.1292776491700351e-07,0.46816831827163696,0.8180657029151917,-0.008632965385913849,0.4445469081401825,0.7934414744377136,-0.01640608161687851,0.4296010434627533,0.7702308893203735,-0.025031961500644684,0.4238690137863159,0.7422382831573486,-0.033113282173871994,0.4529467225074768,0.7335255742073059,-0.004541422706097364,0.436978280544281,0.7138038277626038,-0.023419814184308052,0.4257926046848297,0.7174318432807922,-0.03854038566350937,0.42252087593078613,0.7281987071037292,-0.04610177502036095,0.466294527053833,0.716683030128479,-0.00892911572009325,0.45566076040267944,0.6650733947753906,-0.020660623908042908,0.44694915413856506,0.630711555480957,-0.028542697429656982,0.4400762915611267,0.6013749837875366,-0.033180635422468185,0.4831905663013458,0.7137011885643005,-0.016346856951713562,0.47996753454208374,0.6617535352706909,-0.02827225811779499,0.47615909576416016,0.6282694935798645,-0.03445371612906456,0.4711843430995941,0.599389910697937,-0.03757791966199875,0.5020523071289062,0.7239581942558289,-0.024691402912139893,0.5109871625900269,0.6878824234008789,-0.032725121825933456,0.516298770904541,0.6616057753562927,-0.034097325056791306,0.5195744037628174,0.6382625699043274,-0.03427863493561745
0.49479934573173523,0.8275859355926514,1.1205799665958693e-07,0.46815866231918335,0.8178625106811523,-0.00876585952937603,0.44478487968444824,0.7934785485267639,-0.016471682116389275,0.43009695410728455,0.7708530426025391,-0.024944081902503967,0.42381665110588074,0.7429537177085876,-0.03285711631178856,0.45327502489089966,0.733253538608551,-0.004881692118942738,0.4371461868286133,0.7145757079124451,-0.02403823472559452,0.42579323053359985,0.7184243202209473,-0.03935649245977402,0.4223838746547699,0.728994607925415,-0.04705897346138954,0.4665171205997467,0.7163513898849487,-0.009289907291531563,0.455720454454422,0.6649940013885498,-0.021611541509628296,0.4469723105430603,0.6304578185081482,-0.02980639785528183,0.4401422441005707,0.6010273694992065,-0.034544650465250015,0.4832736849784851,0.7134433388710022,-0.0167087409645319,0.48013681173324585,0.6619464159011841,-0.02916049398481846,0.47625187039375305,0.6285549402236938,-0.03547711670398712,0.4711354672908783,0.5994101762771606,-0.03854379057884216,0.5019797086715698,0.7240045666694641,-0.025039730593562126,0.5111657381057739,0.6884233951568604,-0.03333418071269989,0.5165975093841553,0.6622601747512817,-0.034689538180828094,0.5199835896492004,0.6388596892356873,-0.03478357195854187
0.4952194392681122,0.8277831077575684,1.1905232355502449e-07,0.4685019850730896,0.8176985383033752,-0.009675558656454086,0.4449826776981354,0.793009877204895,-0.017907515168190002,0.4300243854522705,0.7698044180870056,-0.02690468542277813,0.4243992865085602,0.741353452205658,-0.035380247980356216,0.4534050226211548,0.7327485680580139,-0.004855339415371418,0.437491238117218,0.7138808369636536,-0.02486714906990528,0.42642807960510254,0.7164780497550964,-0.04096895828843117,0.42329585552215576,0.7263923287391663,-0.049044590443372726,0.4664110541343689,0.7156966924667358,-0.009045997634530067,0.455333948135376,0.6635729670524597,-0.021163858473300934,0.4468637704849243,0.6289018392562866,-0.029430771246552467,0.44047796726226807,0.59953373670578,-0.03427787870168686,0.48330292105674744,0.7126961946487427,-0.01650519296526909,0.4791274964809418,0.6615320444107056,-0.029141899198293686,0.4751383066177368,0.6282755136489868,-0.0359012633562088,0.47020405530929565,0.5997515320777893,-0.03927994146943092,0.5021920800209045,0.7229512929916382,-0.0250050351023674,0.5110548734664917,0.6873772144317627,-0.033698033541440964,0.5165604948997498,0.6610729098320007,-0.035522811114788055,0.5201968550682068,0.6377401351928711,-0.03593979775905609
0.4947696924209595,0.8281547427177429,1.1132492261367588e-07,0.46818554401397705,0.8179584741592407,-0.00845181755721569,0.44508615136146545,0.7930877208709717,-0.01587941125035286,0.4305063486099243,0.7705501317977905,-0.0241958349943161,0.4247799217700958,0.7431872487068176,-0.0320255421102047,0.4533398747444153,0.7322639226913452,-0.004062504041939974,0.43735405802726746,0.7141504287719727,-0.02360578626394272,0.4262429177761078,0.7175641655921936,-0.039448272436857224,0.4229363799095154,0.7274707555770874,-0.04741941764950752,0.4663342535495758,0.7152793407440186,-0.008702024817466736,0.4552440643310547,0.6629304885864258,-0.020780319347977638,0.4468747675418854,0.628212034702301,-0.02885603718459606,0.44057127833366394,0.5990033745765686,-0.03348903730511665,0.4831903576850891,0.7124499678611755,-0.016447080299258232,0.4794183671474457,0.6615034341812134,-0.028825337067246437,0.47571954131126404,0.6286470293998718,-0.035080064088106155,0.47088101506233215,0.6003749966621399,-0.03801649436354637,0.5020226240158081,0.722824215888977,-0.025145534425973892,0.5105385780334473,0.6868133544921875,-0.03332570567727089,0.5158195495605469,0.6606465578079224,-0.034537240862846375,0.5192729234695435,0.6374779343605042,-0.034499816596508026
0.49580734968185425,0.827765703201294,1.1409609612655913e-07,0.4687317907810211,0.8179971575737,-0.00871958862990141,0.44492995738983154,0.7928645014762878,-0.01612119935452938,0.43012645840644836,0.7696742415428162,-0.02439899742603302,0.4248974621295929,0.7421582937240601,-0.032092079520225525,0.45330601930618286,0.7324878573417664,-0.0039354292675852776,0.43704691529273987,0.7143527269363403,-0.0233467910438776,0.4261029064655304,0.7181693911552429,-0.03889663890004158,0.42317941784858704,0.7285000681877136,-0.046596232801675797,0.46640193462371826,0.7153035402297974,-0.008351936936378479,0.45503976941108704,0.662790060043335,-0.020135512575507164,0.44688963890075684,0.6281879544258118,-0.02772856317460537,0.4410358965396881,0.5989313721656799,-0.031958602368831635,0.4834561049938202,0.7121469974517822,-0.015950681641697884,0.47929903864860535,0.6613011956214905,-0.028213268145918846,0.4756651520729065,0.628609299659729,-0.03414396941661835,0.47103309631347656,0.600591778755188,-0.03678136318922043,0.5025410056114197,0.7221472263336182,-0.024552637711167336,0.5110641121864319,0.6862684488296509,-0.03285158425569534,0.5165301561355591,0.6600486636161804,-0.034056540578603745,0.5202825665473938,0.6367767453193665,-0.03389772027730942
0.49655893445014954,0.827963650226593,1.1956423406900285e-07,0.4692961573600769,0.81843501329422,-0.009332123212516308,0.4451010823249817,0.7935482859611511,-0.01700817421078682,0.430449515581131,0.7700806856155396,-0.025490326806902885,0.4257119596004486,0.7422993183135986,-0.03329704329371452,0.45319169759750366,0.7321904301643372,-0.004217746201902628,0.4371768832206726,0.7139970660209656,-0.023641437292099,0.42649513483047485,0.717860758304596,-0.0391266830265522,0.4235600233078003,0.7286160588264465,-0.046726156026124954,0.4664918780326843,0.7146898508071899,-0.008321074768900871,0.45544371008872986,0.6619610786437988,-0.0196696687489748,0.4474315047264099,0.6275390982627869,-0.0269810501486063,0.44139134883880615,0.5989016890525818,-0.03105846233665943,0.4837570786476135,0.7111713290214539,-0.015707358717918396,0.47914326190948486,0.6608951091766357,-0.027640320360660553,0.47498828172683716,0.6282490491867065,-0.03360128402709961,0.469682902097702,0.6006274223327637,-0.03634707257151604,0.5031477808952332,0.7208564877510071,-0.024197205901145935,0.5121752619743347,0.6855472922325134,-0.032449815422296524,0.5172101855278015,0.6595808267593384,-0.03390892967581749,0.5201967358589172,0.6367671489715576,-0.033935487270355225
0.4968433380126953,0.8281151056289673,1.1268073762948916e-07,0.4690369963645935,0.8186099529266357,-0.009428919292986393,0.4449368715286255,0.7933284044265747,-0.01688673347234726,0.4306859076023102,0.7691197991371155,-0.025097565725445747,0.4259949326515198,0.7413803339004517,-0.03264015167951584,0.4534822404384613,0.7320448160171509,-0.0042977724224328995,0.43734967708587646,0.7132412195205688,-0.023775845766067505,0.42660555243492126,0.7176916599273682,-0.039322465658187866,0.4236910045146942,0.7291350364685059,-0.046967267990112305,0.4667605757713318,0.7143805623054504,-0.008285664953291416,0.4557584524154663,0.6612030863761902,-0.01988927088677883,0.4477654695510864,0.6266838312149048,-0.027433132752776146,0.4417842626571655,0.5982236862182617,-0.03164507448673248,0.4839046597480774,0.7108821868896484,-0.015531606040894985,0.4799979329109192,0.6602872014045715,-0.02750968374311924,0.4760938584804535,0.6273441314697266,-0.0335610955953598,0.47083091735839844,0.5994764566421509,-0.03636223077774048,0.5031324625015259,0.7207316160202026,-0.023888982832431793,0.5124935507774353,0.6855738759040833,-0.03194695711135864,0.5172522664070129,0.6596465706825256,-0.03325694054365158,0.5199705958366394,0.6370400190353394,-0.03321683406829834
0.4970055818557739,0.8279339075088501,1.1984710113210895e-07,0.46904394030570984,0.8184406161308289,-0.009805761277675629,0.4452580213546753,0.7940607070922852,-0.01792071759700775,0.4310217499732971,0.7701958417892456,-0.02684265375137329,0.426674485206604,0.7417160272598267,-0.034980617463588715,0.45305925607681274,0.7325465679168701,-0.0045308819971978664,0.4367560148239136,0.7140275239944458,-0.024450285360217094,0.4265904426574707,0.7188385128974915,-0.04027799889445305,0.42425987124443054,0.7302494049072266,-0.048104044049978256,0.4663822054862976,0.7147293090820312,-0.008414305746555328,0.45521536469459534,0.6624042987823486,-0.02019539289176464,0.44753164052963257,0.6279944181442261,-0.027682816609740257,0.44181397557258606,0.5991511344909668,-0.03188673406839371,0.4836027920246124,0.7111550569534302,-0.015649694949388504,0.47928404808044434,0.6611781120300293,-0.02745114266872406,0.4756939113140106,0.6288864612579346,-0.032843053340911865,0.47067511081695557,0.601270318031311,-0.03524639084935188,0.503009021282196,0.7209092974662781,-0.024109793826937675,0.5118139386177063,0.686435341835022,-0.03196973353624344,0.5164687633514404,0.6611447334289551,-0.03294472396373749,0.5191646218299866,0.6390312314033508,-0.03265887498855591
0.4970654845237732,0.8290624618530273,1.239013869280825e-07,0.4691372215747833,0.8193015456199646,-0.009618707932531834,0.445189505815506,0.7947245836257935,-0.017411192879080772,0.43124228715896606,0.7704731225967407,-0.025955475866794586,0.42702099680900574,0.7419014573097229,-0.03371206670999527,0.453303724527359,0.7332212328910828,-0.003987723961472511,0.43729251623153687,0.7145146131515503,-0.023555433377623558,0.4270157217979431,0.7184562087059021,-0.03928946703672409,0.4241117835044861,0.7292854189872742,-0.04710998013615608,0.46666383743286133,0.7158657908439636,-0.007910811342298985,0.45578914880752563,0.6630226373672485,-0.01967765763401985,0.44809791445732117,0.6285754442214966,-0.027429228648543358,0.4422547221183777,0.6001304984092712,-0.03180895000696182,0.483884334564209,0.7125833630561829,-0.01516436692327261,0.47919073700904846,0.6622301936149597,-0.027127105742692947,0.4753875732421875,0.6298115253448486,-0.03295251727104187,0.4701758325099945,0.6022816896438599,-0.03559993952512741,0.5033934116363525,0.7223818898200989,-0.023574184626340866,0.5116404891014099,0.687236487865448,-0.031327176839113235,0.516204833984375,0.6618867516517639,-0.032360367476940155,0.5186735987663269,0.6399385929107666,-0.03218365088105202
0.49560222029685974,0.8276838064193726,1.1351906437084835e-07,0.46883726119995117,0.818230390548706,-0.009472337551414967,0.44485050439834595,0.7940404415130615,-0.017339985817670822,0.4306800961494446,0.7706044912338257,-0.025988543406128883,0.4259520471096039,0.7429028153419495,-0.03396036848425865,0.4525746703147888,0.7317431569099426,-0.0043253288604319096,0.4371113181114197,0.7139616012573242,-0.023760968819260597,0.42663484811782837,0.7174907922744751,-0.03950820118188858,0.4234456419944763,0.7279443144798279,-0.04746667295694351,0.4660232365131378,0.714292585849762,-0.008337106555700302,0.45522186160087585,0.662483811378479,-0.020116936415433884,0.44720837473869324,0.6281808614730835,-0.02800808660686016,0.4407414197921753,0.5993415117263794,-0.03259693458676338,0.48331719636917114,0.7110329270362854,-0.01558422390371561,0.4790346026420593,0.6613284945487976,-0.02773287147283554,0.47525572776794434,0.6290034651756287,-0.033974405378103256,0.4697067141532898,0.6012206077575684,-0.03699614852666855,0.5028741955757141,0.7213331460952759,-0.023931782692670822,0.5119647979736328,0.6867074966430664,-0.032090142369270325,0.51630699634552,0.6612046957015991,-0.03361080586910248,0.5182837247848511,0.6386982202529907,-0.03383711352944374
0.4966316819190979,0.828291118144989,1.1624108964269908e-07,0.4693412184715271,0.8185176849365234,-0.009752563200891018,0.4450403153896332,0.7943986654281616,-0.017858287319540977,0.43081578612327576,0.7709308862686157,-0.026689710095524788,0.4259321689605713,0.7426928877830505,-0.03480006754398346,0.45268550515174866,0.7323120832443237,-0.004548111464828253,0.43701478838920593,0.7133617997169495,-0.024348018690943718,0.4266851842403412,0.7176749110221863,-0.04036179557442665,0.4237484335899353,0.7288065552711487,-0.04840511083602905,0.46625274419784546,0.714593768119812,-0.008470272645354271,0.4553266763687134,0.661967396736145,-0.02036580815911293,0.44728589057922363,0.6277796626091003,-0.028321657329797745,0.44099316000938416,0.5989716053009033,-0.03294765204191208,0.4837435483932495,0.7113157510757446,-0.01569475419819355,0.47940221428871155,0.6612946391105652,-0.027889957651495934,0.47502684593200684,0.6289332509040833,-0.034131310880184174,0.46910610795021057,0.601079523563385,-0.037152841687202454,0.5035092234611511,0.7215243577957153,-0.024040378630161285,0.5124529600143433,0.6865891218185425,-0.032066140323877335,0.5165822505950928,0.6608044505119324,-0.03344568610191345,0.5182778835296631,0.6380398869514465,-0.03359042480587959
0.4963609576225281,0.8288308382034302,1.1754932671692586e-07,0.4690665900707245,0.8192933201789856,-0.010128507390618324,0.4450516998767853,0.7946990728378296,-0.018605699762701988,0.43034735321998596,0.7712191939353943,-0.02783067710697651,0.425841361284256,0.7430931329727173,-0.03627118095755577,0.4523221552371979,0.7327181100845337,-0.005018682684749365,0.4368651211261749,0.7136463522911072,-0.025063030421733856,0.4268980920314789,0.7182371020317078,-0.040989264845848083,0.42418959736824036,0.7299929261207581,-0.048841722309589386,0.46635740995407104,0.7150954008102417,-0.008802833035588264,0.45571592450141907,0.6625359058380127,-0.020653575658798218,0.4478989839553833,0.6283780336380005,-0.028320780023932457,0.4414691627025604,0.5997640490531921,-0.03262319415807724,0.4842486083507538,0.7119441628456116,-0.015941979363560677,0.47997143864631653,0.6621463298797607,-0.027937833219766617,0.47584161162376404,0.6298534870147705,-0.03381379693746567,0.46982818841934204,0.6022573113441467,-0.03651756793260574,0.5041253566741943,0.7224453091621399,-0.024262607097625732,0.5128364562988281,0.6876842975616455,-0.032047171145677567,0.5165445804595947,0.662410318851471,-0.03313305974006653,0.5178529024124146,0.6403178572654724,-0.032984547317028046
0.4965794086456299,0.8294283151626587,1.163344975907421e-07,0.46899789571762085,0.8202903866767883,-0.010406523011624813,0.44512179493904114,0.7963728308677673,-0.018815305083990097,0.43123358488082886,0.7726985812187195,-0.027835318818688393,0.42660224437713623,0.7450202107429504,-0.036036763340234756,0.45276349782943726,0.7341259121894836,-0.005242147017270327,0.4372870922088623,0.7150183916091919,-0.025180310010910034,0.4272402822971344,0.7188759446144104,-0.0410492941737175,0.4242294132709503,0.7298646569252014,-0.048858270049095154,0.46662041544914246,0.7160747051239014,-0.008847211487591267,0.45569664239883423,0.6633531451225281,-0.02079206518828869,0.44779494404792786,0.6291709542274475,-0.028463304042816162,0.44136562943458557,0.6006742119789124,-0.0326797217130661,0.48439329862594604,0.7125659584999084,-0.015795426443219185,0.4800124168395996,0.6626702547073364,-0.02779814787209034,0.47579067945480347,0.6304469108581543,-0.03360430523753166,0.4697171151638031,0.6029794216156006,-0.03617477044463158,0.5043598413467407,0.7227129340171814,-0.023957878351211548,0.5127917528152466,0.6881003975868225,-0.03156397491693497,0.5163218379020691,0.6629557609558105,-0.03246379643678665,0.5175340175628662,0.6411133408546448,-0.03214303404092789
0.4963912069797516,0.8280919194221497,1.1644175401670509e-07,0.46887820959091187,0.8185807466506958,-0.01029866375029087,0.4450066387653351,0.7945615649223328,-0.01875126361846924,0.43040016293525696,0.7711178064346313,-0.027924103662371635,0.4259372651576996,0.7432458996772766,-0.03636108711361885,0.4532618224620819,0.7330456376075745,-0.005084171425551176,0.4374566376209259,0.7133170366287231,-0.025200380012392998,0.42708054184913635,0.7177547812461853,-0.04133516922593117,0.42419642210006714,0.7295240759849548,-0.04928294196724892,0.4670044183731079,0.7151647210121155,-0.008571172133088112,0.45641306042671204,0.6625064611434937,-0.020239051431417465,0.44811856746673584,0.6284970641136169,-0.027949463576078415,0.4414111375808716,0.6000344753265381,-0.032330472022295,0.48469266295433044,0.711500883102417,-0.015388455241918564,0.4800105690956116,0.6614025831222534,-0.02672773413360119,0.475367933511734,0.6290810704231262,-0.03219284862279892,0.46929532289505005,0.6016859412193298,-0.03470175340771675,0.5043859481811523,0.7214806079864502,-0.023489460349082947,0.512527585029602,0.6869604587554932,-0.03048320859670639,0.5160678029060364,0.6615331172943115,-0.031106024980545044,0.5176504850387573,0.6394095420837402,-0.030663341283798218
0.49608591198921204,0.8264750838279724,1.1279308154144019e-07,0.4687819182872772,0.8175581693649292,-0.010120327584445477,0.4450055956840515,0.793724775314331,-0.018472760915756226,0.43079182505607605,0.7702144384384155,-0.027530042454600334,0.42688998579978943,0.7425895929336548,-0.0358351469039917,0.4534880220890045,0.7320614457130432,-0.005405335687100887,0.43769633769989014,0.7121182084083557,-0.025302337482571602,0.42730820178985596,0.7167691588401794,-0.0411614328622818,0.4244382977485657,0.728773295879364,-0.04895370081067085,0.46706047654151917,0.7143474221229553,-0.00892887357622385,0.45607101917266846,0.6612486839294434,-0.020474879071116447,0.4477105736732483,0.6273224353790283,-0.02793828584253788,0.44091418385505676,0.5992628335952759,-0.03217461332678795,0.48459330201148987,0.7107577919960022,-0.015726285055279732,0.4798629581928253,0.6602540612220764,-0.027044033631682396,0.4752347767353058,0.6278339624404907,-0.032538123428821564,0.4689734876155853,0.6005334854125977,-0.035087648779153824,0.5042399168014526,0.720707356929779,-0.023761026561260223,0.5125511884689331,0.6857582330703735,-0.03091767057776451,0.5159211158752441,0.6600554585456848,-0.03173363581299782,0.5171091556549072,0.6377360224723816,-0.03143956512212753
0.4961891174316406,0.8274352550506592,1.2144849392825563e-07,0.46881482005119324,0.818703293800354,-0.011055742390453815,0.44478562474250793,0.7951775789260864,-0.0199221633374691,0.4304240047931671,0.771490216255188,-0.029321245849132538,0.4254963994026184,0.7429534196853638,-0.037798598408699036,0.4527965486049652,0.7331178188323975,-0.0061272806487977505,0.4364314079284668,0.7136894464492798,-0.02607271820306778,0.4263586401939392,0.7181667685508728,-0.04171160236001015,0.4235333502292633,0.7292680740356445,-0.049396876245737076,0.46681082248687744,0.7147231101989746,-0.009407801553606987,0.45593535900115967,0.6622135639190674,-0.021327190101146698,0.4478834569454193,0.6281710863113403,-0.028873629868030548,0.44123557209968567,0.5995203256607056,-0.03308354318141937,0.48450323939323425,0.7109640836715698,-0.0160429198294878,0.479885995388031,0.6613364219665527,-0.027845486998558044,0.4755457639694214,0.6296083331108093,-0.033309973776340485,0.4695288836956024,0.6027394533157349,-0.03571411967277527,0.5042505264282227,0.720914900302887,-0.0239830631762743,0.5127474665641785,0.6868375539779663,-0.03149734064936638,0.5162690877914429,0.6617640852928162,-0.03241743519902229,0.5175472497940063,0.6399794816970825,-0.032097168266773224
0.4958968758583069,0.8275608420372009,1.1496543805833426e-07,0.46895715594291687,0.8189465999603271,-0.010269181802868843,0.44483569264411926,0.7948736548423767,-0.018669849261641502,0.4303838014602661,0.7709792852401733,-0.02776167169213295,0.42617011070251465,0.7432157397270203,-0.03609161823987961,0.4531410038471222,0.7334975600242615,-0.005153078120201826,0.4372032880783081,0.714017391204834,-0.02512524090707302,0.42693156003952026,0.7178106307983398,-0.041050780564546585,0.42405614256858826,0.7288069725036621,-0.04889838024973869,0.4668726921081543,0.7154750227928162,-0.008726149797439575,0.45589539408683777,0.6627621650695801,-0.02035762555897236,0.447763592004776,0.628666877746582,-0.02787320502102375,0.44114553928375244,0.5999929308891296,-0.03206321969628334,0.48450136184692383,0.7116407155990601,-0.01562771014869213,0.4795205593109131,0.6618908047676086,-0.027269138023257256,0.47496187686920166,0.6296747922897339,-0.03284300118684769,0.46884462237358093,0.6023887991905212,-0.03532031923532486,0.5042627453804016,0.7213227152824402,-0.023770246654748917,0.5123940110206604,0.6867556571960449,-0.03125709667801857,0.515982449054718,0.6612884998321533,-0.032203152775764465,0.5173981785774231,0.6390877962112427,-0.03190792351961136
0.4965786039829254,0.8280626535415649,1.1195662352747604e-07,0.46947717666625977,0.8193012475967407,-0.01039752084761858,0.44534632563591003,0.7951013445854187,-0.018895316869020462,0.430785596370697,0.7711074948310852,-0.028086744248867035,0.4260275661945343,0.7427574396133423,-0.03648274019360542,0.45360472798347473,0.7329387068748474,-0.004987261723726988,0.4378480911254883,0.7131664752960205,-0.025092216208577156,0.4274737238883972,0.7171369791030884,-0.041180554777383804,0.4244667887687683,0.7281671762466431,-0.049180515110492706,0.4671952724456787,0.7150982618331909,-0.008560225367546082,0.4561939835548401,0.6630290746688843,-0.020500844344496727,0.44775691628456116,0.6288858652114868,-0.02829561196267605,0.4409117102622986,0.5998324751853943,-0.032712485641241074,0.4847046732902527,0.7115058898925781,-0.015506504103541374,0.4795534312725067,0.6619532704353333,-0.027291273698210716,0.474808931350708,0.6296796798706055,-0.03297632932662964,0.4686044156551361,0.6018569469451904,-0.03560475632548332,0.5044512748718262,0.7214290499687195,-0.023721564561128616,0.512494683265686,0.6871597766876221,-0.03125898167490959,0.5159751176834106,0.6617555618286133,-0.03230632096529007,0.5173376798629761,0.639376699924469,-0.03215285390615463
0.4964889883995056,0.8275066018104553,1.1168914682002651e-07,0.469022661447525,0.8185579776763916,-0.010004459880292416,0.44472235441207886,0.7945190668106079,-0.018159033730626106,0.4303516149520874,0.7705602049827576,-0.027027633041143417,0.42608842253685,0.7427701950073242,-0.03515346720814705,0.45334482192993164,0.7327100038528442,-0.004678582772612572,0.43777474761009216,0.7130944728851318,-0.024483047425746918,0.42728522419929504,0.7170629501342773,-0.04039961099624634,0.4240787923336029,0.7283190488815308,-0.0482843741774559,0.4669812321662903,0.7148783802986145,-0.008295181207358837,0.4562842547893524,0.6625503301620483,-0.019834352657198906,0.44792625308036804,0.6286882758140564,-0.02738536335527897,0.44106408953666687,0.6000869274139404,-0.03166409581899643,0.4845326840877533,0.711181640625,-0.015233483165502548,0.47977325320243835,0.6612339615821838,-0.026735547930002213,0.47513648867607117,0.629016637802124,-0.0322745218873024,0.4690377116203308,0.6015782356262207,-0.03481006994843483,0.5042444467544556,0.7210435271263123,-0.023409513756632805,0.5124387741088867,0.6866337060928345,-0.03080403059720993,0.5159937143325806,0.6610971689224243,-0.031737491488456726,0.5174939632415771,0.6386643052101135,-0.031492333859205246
0.4970169961452484,0.8286833763122559,1.1093490570601716e-07,0.46952584385871887,0.8193210363388062,-0.009896560572087765,0.4453803300857544,0.7949568629264832,-0.01795339584350586,0.43106019496917725,0.770971417427063,-0.026784028857946396,0.4265965521335602,0.7431791424751282,-0.03473368287086487,0.4532076120376587,0.7325515151023865,-0.0043166568502783775,0.4374680817127228,0.712706446647644,-0.024146297946572304,0.4271808862686157,0.7174904346466064,-0.039901264011859894,0.4242553412914276,0.7296914458274841,-0.047638993710279465,0.4669756591320038,0.7145045399665833,-0.007958278059959412,0.45620501041412354,0.6622934937477112,-0.01970086060464382,0.44792047142982483,0.6282921433448792,-0.027082238346338272,0.44109612703323364,0.5997588038444519,-0.03113044984638691,0.484661728143692,0.7109695672988892,-0.014970535412430763,0.4800918996334076,0.6613477468490601,-0.02665911801159382,0.47559183835983276,0.6288999915122986,-0.031904976814985275,0.46941596269607544,0.6011520028114319,-0.03412166237831116,0.5046167373657227,0.7211993336677551,-0.023223236203193665,0.5131346583366394,0.686799168586731,-0.030682215467095375,0.5162460803985596,0.661025881767273,-0.031460270285606384,0.5170618891716003,0.6384415626525879,-0.031030146405100822
0.49704474210739136,0.8284524083137512,1.1652774389858678e-07,0.46983206272125244,0.8193944692611694,-0.01061976607888937,0.4456976056098938,0.7957387566566467,-0.019220804795622826,0.43104153871536255,0.7721059322357178,-0.028453834354877472,0.42655858397483826,0.7436108589172363,-0.03679449483752251,0.4534462094306946,0.73262619972229,-0.00505466153845191,0.43743300437927246,0.713274359703064,-0.025487104430794716,0.4272400736808777,0.7179734706878662,-0.041663140058517456,0.4243761897087097,0.7297338247299194,-0.049624525010585785,0.46721068024635315,0.7147231101989746,-0.008550983853638172,0.4559091627597809,0.6623424887657166,-0.020980000495910645,0.4477649927139282,0.6282320618629456,-0.02876400016248226,0.44113782048225403,0.5992513298988342,-0.03298569470643997,0.4849771559238434,0.7113960981369019,-0.015490950085222721,0.47972989082336426,0.6634541749954224,-0.02785167656838894,0.4749845564365387,0.6308538317680359,-0.03346257284283638,0.46862247586250305,0.6022887229919434,-0.03581218421459198,0.5049864649772644,0.7215880751609802,-0.023696573451161385,0.512974739074707,0.6871432065963745,-0.031326696276664734,0.5164178013801575,0.6616871953010559,-0.03206317499279976,0.5175779461860657,0.6390547752380371,-0.03161369264125824
0.4971146285533905,0.8284080624580383,1.190258771543995e-07,0.4697883427143097,0.8193054795265198,-0.010987922549247742,0.4456936717033386,0.7954900860786438,-0.01974218152463436,0.43087220191955566,0.771827757358551,-0.02909083291888237,0.4264907240867615,0.7430110573768616,-0.037512168288230896,0.45328378677368164,0.7329992055892944,-0.005315249785780907,0.4373004138469696,0.7130670547485352,-0.025922197848558426,0.4273422062397003,0.7178384065628052,-0.04215718433260918,0.42478078603744507,0.7297422885894775,-0.05009014159440994,0.4670822024345398,0.7149776220321655,-0.00859931018203497,0.455893874168396,0.6623589396476746,-0.020842337980866432,0.4478239119052887,0.6282604336738586,-0.02844667062163353,0.44117113947868347,0.5993923544883728,-0.03257950022816658,0.4848633408546448,0.7115159034729004,-0.015397637151181698,0.4795757234096527,0.6628539562225342,-0.027560973539948463,0.4748504161834717,0.6301673054695129,-0.03305909410119057,0.4685000777244568,0.6017065048217773,-0.035374246537685394,0.5048717856407166,0.7214950323104858,-0.023513173684477806,0.5128596425056458,0.6870924830436707,-0.03113221377134323,0.5162390470504761,0.6616001725196838,-0.031929682940244675,0.5174134969711304,0.6390849351882935,-0.03150487318634987
0.49688196182250977,0.8289474248886108,1.1768057106564811e-07,0.46991822123527527,0.8198181390762329,-0.010526436381042004,0.44589221477508545,0.7952945232391357,-0.018954072147607803,0.4307841658592224,0.7717815637588501,-0.028069863095879555,0.42556092143058777,0.7433990240097046,-0.03630181401968002,0.4530303180217743,0.7329723238945007,-0.004840920213609934,0.4369369447231293,0.7134456038475037,-0.02507970854640007,0.4271430969238281,0.718191385269165,-0.041068702936172485,0.42477917671203613,0.7296170592308044,-0.04888029396533966,0.4667205810546875,0.7148194313049316,-0.008298286236822605,0.4556065499782562,0.6625426411628723,-0.02039271406829357,0.447567880153656,0.6285450458526611,-0.027865998446941376,0.440962553024292,0.5995784997940063,-0.03185934200882912,0.48439696431159973,0.711289644241333,-0.015207838267087936,0.4789223372936249,0.662415087223053,-0.027210209518671036,0.47406506538391113,0.6298313140869141,-0.032561492174863815,0.4677177965641022,0.6015201210975647,-0.03475425764918327,0.5042673945426941,0.7213963866233826,-0.023403197526931763,0.512152910232544,0.6870688199996948,-0.030887462198734283,0.5156083703041077,0.6614537239074707,-0.03161880373954773,0.5171166062355042,0.6388561725616455,-0.03112650476396084
0.4963141083717346,0.8291071057319641,1.1408935307599677e-07,0.46951234340667725,0.819657027721405,-0.010367067530751228,0.44560706615448,0.795330286026001,-0.018797412514686584,0.43094441294670105,0.7719405889511108,-0.02791486866772175,0.42595982551574707,0.7437455058097839,-0.036232899874448776,0.45306697487831116,0.7327901721000671,-0.005002666264772415,0.4369794726371765,0.7136833667755127,-0.025242101401090622,0.4269839823246002,0.7182303071022034,-0.04143767058849335,0.4242410361766815,0.729432225227356,-0.04952048510313034,0.46677151322364807,0.7147073149681091,-0.008664917200803757,0.4556958079338074,0.6627157926559448,-0.020878931507468224,0.4474596679210663,0.6285046339035034,-0.028859945014119148,0.44065237045288086,0.5994353890419006,-0.0333954282104969,0.48438674211502075,0.7113335132598877,-0.015716426074504852,0.4792577922344208,0.6622546911239624,-0.027959708124399185,0.47458335757255554,0.6296004056930542,-0.03396449610590935,0.4683552086353302,0.6012425422668457,-0.0367395244538784,0.5041590929031372,0.7215912938117981,-0.023992514237761497,0.5123609900474548,0.686967670917511,-0.03182109445333481,0.515925407409668,0.6611008048057556,-0.033036958426237106,0.5172982215881348,0.6381591558456421,-0.033005692064762115
0.49620160460472107,0.8288086652755737,1.139602900934733e-07,0.4690570831298828,0.8198813199996948,-0.010305393487215042,0.4452744722366333,0.7953529953956604,-0.018838435411453247,0.431089848279953,0.7714630365371704,-0.028098072856664658,0.4266936779022217,0.7432734966278076,-0.03657377138733864,0.453326553106308,0.7330623269081116,-0.005335384514182806,0.4372933506965637,0.7136422991752625,-0.02565723843872547,0.4271368682384491,0.7180575132369995,-0.041852209717035294,0.4242986738681793,0.7292073965072632,-0.04989437386393547,0.4668698012828827,0.7150430083274841,-0.00901232473552227,0.4559165835380554,0.6627681851387024,-0.020999152213335037,0.44762489199638367,0.6285651922225952,-0.028697701171040535,0.4407447576522827,0.5993701219558716,-0.03307487443089485,0.4843209683895111,0.7114829421043396,-0.01606065221130848,0.47932571172714233,0.6618297100067139,-0.027923041954636574,0.47476667165756226,0.6293426752090454,-0.03354061394929886,0.4686473608016968,0.601348876953125,-0.03612653911113739,0.5039200782775879,0.7213735580444336,-0.02437920682132244,0.512222170829773,0.6866302490234375,-0.032048147171735764,0.5158203840255737,0.6605190634727478,-0.03318888694047928,0.5172237753868103,0.6373825073242188,-0.03309911489486694
0.4964630901813507,0.8286760449409485,1.1203405847481918e-07,0.4691205620765686,0.8194961547851562,-0.010514544323086739,0.4454149305820465,0.795436680316925,-0.01900748908519745,0.43136051297187805,0.7721033096313477,-0.028123624622821808,0.4264379143714905,0.7441179156303406,-0.03641119599342346,0.4525426924228668,0.7319450378417969,-0.005358674563467503,0.43633586168289185,0.7132448554039001,-0.02561752125620842,0.42619413137435913,0.7178376913070679,-0.04181376099586487,0.42326095700263977,0.7294283509254456,-0.04984098672866821,0.4664386808872223,0.7138180136680603,-0.008948247879743576,0.45530304312705994,0.6617541909217834,-0.021150032058358192,0.4470723569393158,0.6276662945747375,-0.029072346165776253,0.44041356444358826,0.5993165373802185,-0.03348367288708687,0.4843749403953552,0.710594654083252,-0.01590614765882492,0.4796391725540161,0.6611378192901611,-0.02797516994178295,0.4749598801136017,0.628667414188385,-0.03383079916238785,0.4686163067817688,0.6006952524185181,-0.03647758439183235,0.5044366717338562,0.7213571071624756,-0.024106783792376518,0.5127485394477844,0.6868380308151245,-0.031753428280353546,0.5158954858779907,0.6612924337387085,-0.032715290784835815,0.5168154835700989,0.6388295888900757,-0.03243482857942581
0.49682921171188354,0.8286031484603882,1.0568933106469558e-07,0.46897947788238525,0.8189522624015808,-0.009931869804859161,0.4447569251060486,0.7945815324783325,-0.01803191378712654,0.4304095208644867,0.771369993686676,-0.026895849034190178,0.42645788192749023,0.7437410950660706,-0.034953150898218155,0.4523773789405823,0.7316675186157227,-0.004541029222309589,0.43593642115592957,0.7128969430923462,-0.024351252242922783,0.425925612449646,0.7186532020568848,-0.04031432047486305,0.42310962080955505,0.731101393699646,-0.048271872103214264,0.4665287733078003,0.7137347459793091,-0.008368153125047684,0.4554237425327301,0.6619242429733276,-0.019966328516602516,0.44694533944129944,0.6283230185508728,-0.027712466195225716,0.4399174451828003,0.6004916429519653,-0.0321560837328434,0.48459094762802124,0.7107006311416626,-0.015537281520664692,0.47994464635849,0.6614363193511963,-0.027220193296670914,0.4751354157924652,0.6292105317115784,-0.03306463360786438,0.4686468541622162,0.6016391515731812,-0.03583234176039696,0.5046749114990234,0.7216231822967529,-0.023902852088212967,0.5131677985191345,0.6872245073318481,-0.03147702291607857,0.5164427757263184,0.6618216633796692,-0.03247642517089844,0.5173301100730896,0.6394660472869873,-0.03227759525179863
0.4967195987701416,0.829106867313385,1.1637636987416045e-07,0.46942806243896484,0.8200478553771973,-0.010662054643034935,0.44518133997917175,0.7961602210998535,-0.019360238686203957,0.43086469173431396,0.7723201513290405,-0.02872169017791748,0.42704835534095764,0.7440542578697205,-0.0372462160885334,0.4523441791534424,0.7329277396202087,-0.005273128394037485,0.4361836314201355,0.7140695452690125,-0.025595588609576225,0.4262647032737732,0.719031035900116,-0.04190635308623314,0.4237561821937561,0.7306114435195923,-0.050111524760723114,0.4661948084831238,0.7146579623222351,-0.008851621299982071,0.4553009569644928,0.6627155542373657,-0.020916201174259186,0.4469243288040161,0.6287168264389038,-0.02890385501086712,0.44000244140625,0.5999691486358643,-0.0335225984454155,0.48397204279899597,0.7113007307052612,-0.015844549983739853,0.4794520139694214,0.6614913940429688,-0.027925850823521614,0.47484639286994934,0.6292706727981567,-0.0338248685002327,0.46851053833961487,0.6015206575393677,-0.03659767657518387,0.5039938688278198,0.7219371795654297,-0.024107597768306732,0.5127720236778259,0.6875360608100891,-0.032003458589315414,0.5161964297294617,0.6618106961250305,-0.033265985548496246,0.5171957612037659,0.6390135288238525,-0.03325195610523224
0.4969162940979004,0.8284977078437805,1.1506126185167886e-07,0.4694252014160156,0.8193270564079285,-0.010518630035221577,0.44508352875709534,0.7956715226173401,-0.01914292387664318,0.43051666021347046,0.7721819877624512,-0.028407348319888115,0.42656734585762024,0.7438698410987854,-0.036834243685007095,0.4527874290943146,0.7325924634933472,-0.0051909456960856915,0.43671560287475586,0.7132990956306458,-0.02541493810713291,0.4265500009059906,0.7184019684791565,-0.041625697165727615,0.42378923296928406,0.730295717716217,-0.04978301748633385,0.46657153964042664,0.7147769331932068,-0.008838169276714325,0.45566725730895996,0.6630321145057678,-0.021215666085481644,0.4472782611846924,0.6289423704147339,-0.029404666274785995,0.4404442608356476,0.6000085473060608,-0.03411523997783661,0.484285831451416,0.7116174101829529,-0.01586589589715004,0.4796493649482727,0.6626218557357788,-0.028233952820301056,0.4748660922050476,0.6299417018890381,-0.0344092957675457,0.4685734808444977,0.6015932559967041,-0.0373183898627758,0.5041919350624084,0.7221693396568298,-0.024109816178679466,0.5126106142997742,0.6877836585044861,-0.032107219099998474,0.5160840749740601,0.6618978977203369,-0.0334271676838398,0.5173134803771973,0.6387641429901123,-0.03345748409628868
0.49639788269996643,0.8284125328063965,1.0958110152614609e-07,0.46880093216896057,0.8191870450973511,-0.010473459959030151,0.44498783349990845,0.795347273349762,-0.019192172214388847,0.43093758821487427,0.7717205882072449,-0.028606895357370377,0.42685648798942566,0.7434046268463135,-0.037193767726421356,0.4525027573108673,0.7324466109275818,-0.005178295541554689,0.43624749779701233,0.7126480340957642,-0.025204792618751526,0.42640459537506104,0.7177610993385315,-0.04142925143241882,0.42377087473869324,0.7295244336128235,-0.049646127969026566,0.46703392267227173,0.7146289348602295,-0.0088765574619174,0.45616278052330017,0.6626912355422974,-0.02050202526152134,0.44782930612564087,0.6289788484573364,-0.0286235511302948,0.4408312737941742,0.6005239486694336,-0.03356524556875229,0.4851023554801941,0.711525559425354,-0.01593073084950447,0.4809023141860962,0.662126898765564,-0.02735273726284504,0.4767850935459137,0.6305340528488159,-0.03315349668264389,0.4708290696144104,0.6034526824951172,-0.0361199826002121,0.5050725936889648,0.7221224308013916,-0.02426724135875702,0.5129285454750061,0.6878305673599243,-0.031674351543188095,0.5160320997238159,0.6625803709030151,-0.03273092582821846,0.5166425108909607,0.6401225328445435,-0.03272268921136856
0.496628999710083,0.8285747170448303,1.079826574823528e-07,0.46918800473213196,0.8193628787994385,-0.010879025794565678,0.4456240236759186,0.7956556081771851,-0.019637931138277054,0.43150126934051514,0.7722869515419006,-0.028942836448550224,0.42699190974235535,0.7440879344940186,-0.03740042448043823,0.4528449475765228,0.7323461771011353,-0.00597273837774992,0.4361841380596161,0.7134726047515869,-0.025929613038897514,0.4262875020503998,0.7188373804092407,-0.04196589067578316,0.4235081374645233,0.7305055260658264,-0.05005930736660957,0.46724390983581543,0.7142336368560791,-0.009420299902558327,0.4562394320964813,0.6621782183647156,-0.021276893094182014,0.44783520698547363,0.6283844113349915,-0.0294388048350811,0.4407449960708618,0.6000990867614746,-0.03435298800468445,0.4851565659046173,0.7111416459083557,-0.016178986057639122,0.4813251793384552,0.6615616083145142,-0.02784630097448826,0.4771713614463806,0.6299078464508057,-0.03386117145419121,0.4710051715373993,0.6027030944824219,-0.03690187633037567,0.5049404501914978,0.7219517827033997,-0.02421518974006176,0.5131788849830627,0.6875368356704712,-0.03175228461623192,0.5163103342056274,0.6624715328216553,-0.032904740422964096,0.5168675184249878,0.6403310894966125,-0.032927826046943665
0.4966333210468292,0.8298100829124451,1.0842183684189877e-07,0.4684046506881714,0.8200468420982361,-0.010256048291921616,0.4451150894165039,0.7954169511795044,-0.018480002880096436,0.43176567554473877,0.7717885375022888,-0.027295462787151337,0.42688560485839844,0.7438457608222961,-0.0352562814950943,0.4524155855178833,0.7328643798828125,-0.0053800917230546474,0.43616729974746704,0.7133654356002808,-0.02509438246488571,0.426412433385849,0.7182344794273376,-0.04087664186954498,0.4236544072628021,0.7296730875968933,-0.04873356223106384,0.4671599566936493,0.7146995067596436,-0.009051142260432243,0.4567638039588928,0.6620980501174927,-0.021205313503742218,0.4484514594078064,0.6279224157333374,-0.029317080974578857,0.4415215253829956,0.5996943712234497,-0.034004151821136475,0.4852662682533264,0.7116337418556213,-0.015959711745381355,0.4828931391239166,0.6613933444023132,-0.02760067768394947,0.4795692563056946,0.6301881670951843,-0.033056095242500305,0.4741983115673065,0.603534460067749,-0.035535190254449844,0.5049673318862915,0.7226666808128357,-0.024098584428429604,0.5129150748252869,0.6880154609680176,-0.03114979900419712,0.5161515474319458,0.6632335186004639,-0.03152608126401901,0.5171118974685669,0.6416048407554626,-0.030927756801247597
0.49688786268234253,0.8287838697433472,1.109806007093539e-07,0.46887117624282837,0.8196383118629456,-0.010311492718756199,0.4451901614665985,0.7957761287689209,-0.018490279093384743,0.431261271238327,0.7721790671348572,-0.02709682658314705,0.4269135594367981,0.7439879775047302,-0.034790705889463425,0.4522947072982788,0.7332053184509277,-0.0054746451787650585,0.43572941422462463,0.7136721014976501,-0.024969328194856644,0.42591041326522827,0.7196042537689209,-0.04073822498321533,0.42356815934181213,0.7313092350959778,-0.04869614914059639,0.4667198359966278,0.7152451276779175,-0.008992139250040054,0.4555076062679291,0.662914514541626,-0.020932594314217567,0.447303831577301,0.628685712814331,-0.029065821319818497,0.440912127494812,0.6002323627471924,-0.033887363970279694,0.48470088839530945,0.7119922637939453,-0.01572856865823269,0.48224276304244995,0.6617892980575562,-0.027332138270139694,0.47912323474884033,0.6297017335891724,-0.033089496195316315,0.47415944933891296,0.6021416187286377,-0.03584451228380203,0.5045582056045532,0.7224258184432983,-0.023653509095311165,0.5124353766441345,0.6874288320541382,-0.030742738395929337,0.5157647728919983,0.6622602343559265,-0.031240547075867653,0.5168586373329163,0.6400203108787537,-0.03079758584499359
0.49683666229248047,0.8290709853172302,1.1153866097401988e-07,0.46903976798057556,0.8203977942466736,-0.010274886153638363,0.44509807229042053,0.7964014410972595,-0.01832217536866665,0.43106749653816223,0.7729972004890442,-0.026809530332684517,0.427255243062973,0.7452459931373596,-0.03439647704362869,0.4520326256752014,0.7339838147163391,-0.005543908104300499,0.43556809425354004,0.7149563431739807,-0.025002865120768547,0.42599010467529297,0.720498263835907,-0.04055824875831604,0.4237835705280304,0.7318022847175598,-0.04833503067493439,0.4664289057254791,0.7156489491462708,-0.009094104170799255,0.45497849583625793,0.6631908416748047,-0.021086404100060463,0.44673171639442444,0.6287918090820312,-0.028969045728445053,0.44031697511672974,0.6002787351608276,-0.03350222110748291,0.4845152497291565,0.7121573090553284,-0.015865301713347435,0.48136091232299805,0.6618028283119202,-0.027543285861611366,0.4779943525791168,0.6296421885490417,-0.03309387341141701,0.47284314036369324,0.6019941568374634,-0.03561089560389519,0.50457763671875,0.7223748564720154,-0.02382466569542885,0.5120960474014282,0.687465488910675,-0.031015165150165558,0.5151955485343933,0.6623579263687134,-0.031469378620386124,0.5161417722702026,0.640251100063324,-0.030913561582565308
0.4966384768486023,0.8289828300476074,1.1503889396635714e-07,0.46911680698394775,0.8209517002105713,-0.010694113560020924,0.4455592632293701,0.797008752822876,-0.018997007980942726,0.43139833211898804,0.7739562392234802,-0.027667853981256485,0.4270956516265869,0.7470719814300537,-0.03546617552638054,0.45209503173828125,0.7345243692398071,-0.006148152053356171,0.43563181161880493,0.715378999710083,-0.025972887873649597,0.4257585108280182,0.7208952307701111,-0.041861265897750854,0.42338865995407104,0.7319318652153015,-0.04980619624257088,0.4663705825805664,0.7160894274711609,-0.009505313821136951,0.4550716280937195,0.66362065076828,-0.02172520011663437,0.44674795866012573,0.6292480230331421,-0.02966899983584881,0.4402323067188263,0.6003268957138062,-0.03419075161218643,0.4843151569366455,0.7124629020690918,-0.016096429899334908,0.4813166558742523,0.6624271869659424,-0.027725698426365852,0.47790518403053284,0.6304115653038025,-0.03298104926943779,0.47275975346565247,0.6026439666748047,-0.035242460668087006,0.504086434841156,0.7224990725517273,-0.02394912764430046,0.5113122463226318,0.6872714757919312,-0.030822938308119774,0.5146186351776123,0.6619711518287659,-0.03088911809027195,0.5159996151924133,0.6394688487052917,-0.030046939849853516
0.49717551469802856,0.8291684985160828,1.1703578195465525e-07,0.46930354833602905,0.8206096291542053,-0.011194097809493542,0.4455517530441284,0.7965932488441467,-0.019808560609817505,0.43073776364326477,0.7733010649681091,-0.02874954789876938,0.4265865683555603,0.7455430030822754,-0.03673095628619194,0.4523293375968933,0.734006404876709,-0.006457808893173933,0.43526312708854675,0.71461021900177,-0.026716606691479683,0.4258885085582733,0.7208248972892761,-0.04279668256640434,0.42411428689956665,0.7325409054756165,-0.05072552338242531,0.46671563386917114,0.7155791521072388,-0.00959069561213255,0.45533841848373413,0.663040280342102,-0.02200794406235218,0.4466855525970459,0.6287699341773987,-0.030098700895905495,0.4397381544113159,0.6001594066619873,-0.034679628908634186,0.4846975803375244,0.7119321227073669,-0.016032855957746506,0.48142334818840027,0.6621685028076172,-0.027646396309137344,0.47766807675361633,0.6301752328872681,-0.032832562923431396,0.47238925099372864,0.6025645136833191,-0.035013481974601746,0.5042405128479004,0.7219249606132507,-0.023803679272532463,0.5111506581306458,0.6867227554321289,-0.030453555285930634,0.5144588947296143,0.6616172790527344,-0.030343567952513695,0.5161276459693909,0.6394699811935425,-0.029340673238039017
0.49628564715385437,0.8282648324966431,1.1774246644336017e-07,0.46908724308013916,0.8195261359214783,-0.01134432852268219,0.4454503655433655,0.7963193655014038,-0.020261062309145927,0.4312700927257538,0.7729706764221191,-0.02945498563349247,0.427127480506897,0.7440276741981506,-0.037706393748521805,0.45237743854522705,0.7331849336624146,-0.006538380403071642,0.4358001947402954,0.7143833637237549,-0.026897216215729713,0.4261121451854706,0.7198551893234253,-0.04313584789633751,0.4238242506980896,0.7308216691017151,-0.05129643529653549,0.4667651951313019,0.7148902416229248,-0.009793375618755817,0.4553683400154114,0.6627350449562073,-0.02258947864174843,0.4466732442378998,0.6287244558334351,-0.031018301844596863,0.4396549165248871,0.6000525951385498,-0.035881657153367996,0.48463621735572815,0.7115169167518616,-0.01637788861989975,0.4817318320274353,0.6623008251190186,-0.028698530048131943,0.4779241979122162,0.630841851234436,-0.034369952976703644,0.4723474085330963,0.603411853313446,-0.0368616096675396,0.5042329430580139,0.7219482660293579,-0.02423757128417492,0.5115004777908325,0.686984658241272,-0.031646158546209335,0.5147579312324524,0.6618740558624268,-0.03206397220492363,0.5159437656402588,0.6393953561782837,-0.03145165741443634
0.49646899104118347,0.8275675773620605,1.0772544101200765e-07,0.4689241051673889,0.8184576034545898,-0.011167001910507679,0.4456164538860321,0.7945303916931152,-0.01993192918598652,0.4313480257987976,0.7716711759567261,-0.029079461470246315,0.4269729256629944,0.7431500554084778,-0.037342797964811325,0.45226413011550903,0.7315796613693237,-0.006261500064283609,0.4355696141719818,0.7127285599708557,-0.026651326566934586,0.42650020122528076,0.7192156910896301,-0.043087899684906006,0.42485249042510986,0.7307555675506592,-0.05140529200434685,0.46686938405036926,0.7132343053817749,-0.009586680680513382,0.45561131834983826,0.6613655686378479,-0.021935410797595978,0.4470961093902588,0.6276840567588806,-0.030363906174898148,0.4400760531425476,0.5993478298187256,-0.03538483753800392,0.4850858747959137,0.7099996209144592,-0.016257723793387413,0.48192715644836426,0.6603778600692749,-0.0282021202147007,0.4781983494758606,0.6289913058280945,-0.034038957208395004,0.4725085198879242,0.6016990542411804,-0.036817606538534164,0.5049626231193542,0.7207590341567993,-0.024208461865782738,0.5126118063926697,0.6858629584312439,-0.03159346804022789,0.5159607529640198,0.6608984470367432,-0.03224361687898636,0.5170788764953613,0.6387411952018738,-0.031854044646024704
0.49909454584121704,0.8266084790229797,1.182918722975046e-07,0.472100168466568,0.817475438117981,-0.011411136947572231,0.44908371567726135,0.7945740222930908,-0.020252477377653122,0.4348178505897522,0.7717235088348389,-0.029334062710404396,0.43005499243736267,0.7432422637939453,-0.03740859404206276,0.45513439178466797,0.7315182685852051,-0.006487308535724878,0.43840527534484863,0.7125965356826782,-0.026777101680636406,0.4285915195941925,0.7179442048072815,-0.042927999049425125,0.42604002356529236,0.7290792465209961,-0.05094815790653229,0.46951979398727417,0.7134130001068115,-0.009498495608568192,0.4583260416984558,0.6609765887260437,-0.022288085892796516,0.4500810205936432,0.6269316673278809,-0.03054451197385788,0.4432850778102875,0.5986198782920837,-0.035158418118953705,0.48753422498703003,0.7101155519485474,-0.015844764187932014,0.4847766160964966,0.6611866354942322,-0.02806277386844158,0.48122891783714294,0.6294485926628113,-0.03363477811217308,0.47560444474220276,0.6017665863037109,-0.03595093637704849,0.5073592066764832,0.720608115196228,-0.023475857451558113,0.5152328610420227,0.685795783996582,-0.030538123100996017,0.5186280012130737,0.6609178185462952,-0.030712425708770752,0.5197592973709106,0.6388989686965942,-0.02987520769238472
0.4987764358520508,0.826812207698822,1.1742099559342023e-07,0.4711129665374756,0.8174545168876648,-0.01170598715543747,0.4478481411933899,0.7943363189697266,-0.020938506349921227,0.433483362197876,0.7713357210159302,-0.030559075996279716,0.4293696880340576,0.7427355051040649,-0.03922712057828903,0.4546240270137787,0.7318979501724243,-0.006694416981190443,0.4376636743545532,0.7119894027709961,-0.02722630277276039,0.4283868074417114,0.7182520627975464,-0.04351867362856865,0.426705002784729,0.7304567098617554,-0.05156509205698967,0.46925613284111023,0.7136810421943665,-0.009682784788310528,0.4580402374267578,0.6608995795249939,-0.02176097221672535,0.4493728280067444,0.6273517608642578,-0.02987271174788475,0.44206324219703674,0.5992787480354309,-0.0346011221408844,0.4873847961425781,0.7103844881057739,-0.01607034169137478,0.4842723309993744,0.6606390476226807,-0.027634767815470695,0.48034676909446716,0.6290634274482727,-0.033149413764476776,0.4745505154132843,0.6020855903625488,-0.03569396212697029,0.5069870948791504,0.7210606932640076,-0.02382241003215313,0.5148083567619324,0.6864261627197266,-0.03090592846274376,0.5180631279945374,0.6615166664123535,-0.03136879950761795,0.5191832184791565,0.6396777629852295,-0.030779069289565086
0.498495876789093,0.8260083198547363,1.1511912134665181e-07,0.47088515758514404,0.8159783482551575,-0.009769686497747898,0.447713702917099,0.7927327752113342,-0.01806054078042507,0.43335360288619995,0.7700363993644714,-0.02703407034277916,0.428486704826355,0.7422934770584106,-0.03517043590545654,0.4546903967857361,0.7311750650405884,-0.004778758157044649,0.43815261125564575,0.7116993069648743,-0.0244960468262434,0.4280878007411957,0.7169449925422668,-0.04035254195332527,0.4258735179901123,0.7285100221633911,-0.048310719430446625,0.4687376022338867,0.7137121558189392,-0.008724413812160492,0.45746761560440063,0.6616389155387878,-0.021189911291003227,0.4490959346294403,0.6276102066040039,-0.02963406965136528,0.44263046979904175,0.5985884666442871,-0.034571193158626556,0.4863640367984772,0.7105162739753723,-0.01587829180061817,0.48360300064086914,0.6609945893287659,-0.02803853526711464,0.48018553853034973,0.6293607950210571,-0.03398168087005615,0.47513145208358765,0.6018927097320557,-0.03673109784722328,0.5058664679527283,0.7206861972808838,-0.024160077795386314,0.513947606086731,0.6854559183120728,-0.031595416367053986,0.5179517269134521,0.660015344619751,-0.03225092962384224,0.5197983980178833,0.6373499631881714,-0.03187105432152748
0.4977620244026184,0.8254985809326172,1.1754545425901597e-07,0.469941109418869,0.816211998462677,-0.010604494251310825,0.44639745354652405,0.7932021617889404,-0.019217612221837044,0.43249011039733887,0.7692804336547852,-0.02836618386209011,0.4289196729660034,0.7403940558433533,-0.03656593710184097,0.4536648392677307,0.7317672371864319,-0.005350959487259388,0.43735092878341675,0.7116755843162537,-0.025367077440023422,0.42766815423965454,0.7169163823127747,-0.041307754814624786,0.4256412088871002,0.7283486127853394,-0.04924788326025009,0.4678967595100403,0.7138546705245972,-0.00883801281452179,0.45667770504951477,0.6614519953727722,-0.021463174372911453,0.4482434093952179,0.6274962425231934,-0.02978682704269886,0.4415181875228882,0.5985926389694214,-0.03453952446579933,0.4856411814689636,0.7102637887001038,-0.015624982304871082,0.48270922899246216,0.6605702638626099,-0.027779750525951385,0.47911110520362854,0.6290488243103027,-0.03335129842162132,0.47371426224708557,0.6017194986343384,-0.03573204576969147,0.5053027868270874,0.7199700474739075,-0.023639539256691933,0.5128156542778015,0.6849071383476257,-0.03096822090446949,0.5161416530609131,0.6597994565963745,-0.03137798607349396,0.5173227190971375,0.6376225352287292,-0.030717093497514725
0.49824798107147217,0.8260958790779114,1.155678148734296e-07,0.47061634063720703,0.8160921335220337,-0.010365226306021214,0.44733887910842896,0.7934492826461792,-0.019122617319226265,0.4334004521369934,0.7703486680984497,-0.028461294248700142,0.4294985830783844,0.7418686747550964,-0.036831654608249664,0.4543900489807129,0.7314071655273438,-0.005657690577208996,0.4374890923500061,0.7113345861434937,-0.02539760246872902,0.42776352167129517,0.7174744009971619,-0.04103292524814606,0.42593061923980713,0.729753315448761,-0.048815008252859116,0.4687342047691345,0.7138663530349731,-0.009319694712758064,0.45727378129959106,0.6614967584609985,-0.021715953946113586,0.44883203506469727,0.6276798844337463,-0.029847383499145508,0.4421534538269043,0.5985910892486572,-0.03456179425120354,0.48658785223960876,0.7106189727783203,-0.01621144637465477,0.48371925950050354,0.6605331301689148,-0.0281498022377491,0.480190247297287,0.6289681196212769,-0.03360234946012497,0.4749336838722229,0.6015973091125488,-0.03603270649909973,0.5063194632530212,0.7207602262496948,-0.024305356666445732,0.5138177871704102,0.6856591701507568,-0.03153425455093384,0.5172396898269653,0.6602995991706848,-0.03191140666604042,0.5185059905052185,0.6377951502799988,-0.03129627928137779
0.4972376227378845,0.8257098197937012,1.1320854298446648e-07,0.4696628153324127,0.8160580992698669,-0.010532093234360218,0.446395605802536,0.792737603187561,-0.019096413627266884,0.4327523112297058,0.7690651416778564,-0.02824777364730835,0.42926570773124695,0.7407417893409729,-0.03646601364016533,0.4538798928260803,0.7305741310119629,-0.005004014819860458,0.43766075372695923,0.7109981179237366,-0.02448451705276966,0.4280069172382355,0.7163366675376892,-0.040039706975221634,0.42559942603111267,0.7282119989395142,-0.047716062515974045,0.4685065746307373,0.7128603458404541,-0.00851059053093195,0.45755836367607117,0.6605578660964966,-0.020022420212626457,0.4491278827190399,0.6272134184837341,-0.027771832421422005,0.4422011971473694,0.5995560884475708,-0.03227244317531586,0.48651111125946045,0.7094850540161133,-0.015325683169066906,0.48352155089378357,0.6602426171302795,-0.026375699788331985,0.47946441173553467,0.6290073990821838,-0.03172306343913078,0.4735664427280426,0.6026157736778259,-0.03424037620425224,0.5061361193656921,0.7197619080543518,-0.02343074232339859,0.5139139890670776,0.6855118274688721,-0.029943052679300308,0.5169443488121033,0.660838782787323,-0.030204840004444122,0.517682671546936,0.6393856406211853,-0.02960672788321972
0.4969114661216736,0.8256919980049133,1.1221062834465556e-07,0.46951279044151306,0.8167808651924133,-0.011050548404455185,0.44668662548065186,0.7935752868652344,-0.01977722905576229,0.43360865116119385,0.7704116106033325,-0.028886837884783745,0.4292971193790436,0.7423502802848816,-0.03701172024011612,0.45400717854499817,0.7303081750869751,-0.005941024515777826,0.4379703998565674,0.7116087079048157,-0.025472206994891167,0.4281576871871948,0.7170768976211548,-0.0410628579556942,0.425467312335968,0.7288852334022522,-0.04877728968858719,0.4685705304145813,0.7125768065452576,-0.009215130470693111,0.45771369338035583,0.6606866121292114,-0.021054575219750404,0.44933152198791504,0.6272841691970825,-0.028856027871370316,0.44246706366539,0.5998403429985046,-0.03332632780075073,0.48647966980934143,0.7094577550888062,-0.015776490792632103,0.48389148712158203,0.660549521446228,-0.02699849382042885,0.4799891710281372,0.6295572519302368,-0.03217408433556557,0.4740672707557678,0.6031747460365295,-0.034520965069532394,0.5059959292411804,0.720081090927124,-0.023664427921175957,0.51376873254776,0.6859256029129028,-0.03025616705417633,0.516745388507843,0.6615864634513855,-0.030342286452651024,0.5173792243003845,0.6404920220375061,-0.02956746146082878
0.49808016419410706,0.8254151344299316,1.1252370768488618e-07,0.47031527757644653,0.8158249855041504,-0.010505221784114838,0.4474451541900635,0.7925723791122437,-0.019141118973493576,0.43357279896736145,0.7699059844017029,-0.028403326869010925,0.4286351501941681,0.7419737577438354,-0.036759961396455765,0.45429906249046326,0.7307842373847961,-0.00548612792044878,0.4377261698246002,0.7109854817390442,-0.025395778939127922,0.42828455567359924,0.7171503305435181,-0.041252098977565765,0.42632734775543213,0.7292554378509521,-0.04907108098268509,0.4687354564666748,0.712882936000824,-0.009002640843391418,0.45772886276245117,0.6602907180786133,-0.020910188555717468,0.44925230741500854,0.6265469193458557,-0.028776921331882477,0.44225943088531494,0.5983614921569824,-0.0332951694726944,0.4866584539413452,0.7094939947128296,-0.015819501131772995,0.48361411690711975,0.6599147915840149,-0.027188288047909737,0.4795249104499817,0.6282375454902649,-0.032625462859869,0.4735327363014221,0.6012170910835266,-0.03511982783675194,0.506244957447052,0.7197368144989014,-0.023904351517558098,0.5142568349838257,0.6853659152984619,-0.030803661793470383,0.5171533226966858,0.6604185700416565,-0.03125964477658272,0.5177510976791382,0.6387502551078796,-0.030704477801918983
0.4985513985157013,0.826580286026001,9.746200646532088e-08,0.47045662999153137,0.8169689774513245,-0.009326424449682236,0.44676917791366577,0.7925534844398499,-0.017077410593628883,0.43307241797447205,0.7687687277793884,-0.02565249614417553,0.42981335520744324,0.7414668798446655,-0.03341871127486229,0.45443862676620483,0.7304630875587463,-0.004040030762553215,0.43817219138145447,0.7107023000717163,-0.02334262989461422,0.42867353558540344,0.7170767784118652,-0.039038706570863724,0.42650362849235535,0.7297146916389465,-0.04697556421160698,0.46908804774284363,0.7129865884780884,-0.00808659102767706,0.4578528106212616,0.6609249114990234,-0.019705694168806076,0.4491610825061798,0.6274181008338928,-0.027820006012916565,0.44191351532936096,0.5995015501976013,-0.0327070914208889,0.4871005415916443,0.7100636959075928,-0.015342113561928272,0.4841765761375427,0.6600315570831299,-0.026799391955137253,0.48019877076148987,0.6282505393028259,-0.03278333321213722,0.4740199148654938,0.6012688875198364,-0.035773906856775284,0.5069167017936707,0.7207720875740051,-0.023722078651189804,0.5150741338729858,0.6857563257217407,-0.030909445136785507,0.5177432894706726,0.6604663133621216,-0.03182176128029823,0.517667293548584,0.6384578943252563,-0.03174283355474472
0.49795001745224,0.8266823291778564,1.0780058801174164e-07,0.4703351557254791,0.8165251612663269,-0.010043412446975708,0.4471510350704193,0.7931523323059082,-0.018530692905187607,0.433031290769577,0.7706655859947205,-0.027745623141527176,0.4287073612213135,0.7430827021598816,-0.0360841378569603,0.45433011651039124,0.7310565710067749,-0.005119909532368183,0.4376410245895386,0.711315393447876,-0.024848004803061485,0.4281035363674164,0.7175267338752747,-0.04064468294382095,0.42599815130233765,0.7298049926757812,-0.04849553108215332,0.4689463675022125,0.7134938836097717,-0.008903454057872295,0.457560271024704,0.6610578298568726,-0.02077648416161537,0.4489576518535614,0.6273177862167358,-0.02877911739051342,0.44175538420677185,0.5991812944412231,-0.03346164524555206,0.4869948923587799,0.710351288318634,-0.015947824344038963,0.48413529992103577,0.6609275341033936,-0.027443023398518562,0.4800136089324951,0.6289460062980652,-0.0332782007753849,0.47374096512794495,0.6018691658973694,-0.03607721999287605,0.5067836046218872,0.7207906246185303,-0.024186842143535614,0.5149487257003784,0.6859902143478394,-0.03126724436879158,0.5174180269241333,0.6609442830085754,-0.03200533613562584,0.5170986652374268,0.639358639717102,-0.031700294464826584
0.4975685775279999,0.8269975781440735,9.949257417929402e-08,0.47067779302597046,0.8171377778053284,-0.010649044066667557,0.44807836413383484,0.7944744825363159,-0.019611770287156105,0.43385303020477295,0.7725616097450256,-0.02921668440103531,0.4282674491405487,0.7448060512542725,-0.037822891026735306,0.45472994446754456,0.7309890985488892,-0.005726720672100782,0.4376901388168335,0.7113859057426453,-0.02594585530459881,0.42818692326545715,0.7189446687698364,-0.04216999188065529,0.426496684551239,0.7319790720939636,-0.050284210592508316,0.4691747725009918,0.7130720615386963,-0.009207529947161674,0.45765817165374756,0.6614973545074463,-0.021342597901821136,0.4490049481391907,0.6280607581138611,-0.029509244486689568,0.44182974100112915,0.599489688873291,-0.034354113042354584,0.4870189428329468,0.7098865509033203,-0.016009973362088203,0.48442190885543823,0.6602954864501953,-0.027503622695803642,0.4805123209953308,0.6293947100639343,-0.03306035324931145,0.47431764006614685,0.602980375289917,-0.03572425618767738,0.5064897537231445,0.7207808494567871,-0.02409895695745945,0.5150361061096191,0.6867502331733704,-0.031186221167445183,0.5177260637283325,0.6618654727935791,-0.031912293285131454,0.517697274684906,0.6402337551116943,-0.031586844474077225
0.4988841712474823,0.8268640041351318,1.132032423356577e-07,0.4715173840522766,0.8175950646400452,-0.010791385546326637,0.4484393000602722,0.7949732542037964,-0.01971406675875187,0.43421193957328796,0.7723057270050049,-0.029213797301054,0.4294240474700928,0.7442196607589722,-0.03777535259723663,0.45508140325546265,0.7322169542312622,-0.005773275624960661,0.4383016526699066,0.7131359577178955,-0.025903979316353798,0.42850741744041443,0.7187628746032715,-0.041955847293138504,0.42643532156944275,0.7308944463729858,-0.04992511123418808,0.46935397386550903,0.7141892910003662,-0.00918115209788084,0.4578316807746887,0.6620886921882629,-0.02159634418785572,0.44914886355400085,0.628379762172699,-0.02979135513305664,0.44197461009025574,0.5999438166618347,-0.03445124626159668,0.48714566230773926,0.7106724977493286,-0.015896331518888474,0.484034925699234,0.6613335609436035,-0.027817685157060623,0.4802100360393524,0.6296072006225586,-0.03352328762412071,0.47415295243263245,0.6024563312530518,-0.036070797592401505,0.5069618225097656,0.7210469841957092,-0.02386287786066532,0.5151894092559814,0.6865725517272949,-0.031042370945215225,0.5177978277206421,0.6615524291992188,-0.03161389008164406,0.5177156329154968,0.6398393511772156,-0.03110050968825817
0.49925509095191956,0.8269785642623901,1.1886694295526468e-07,0.4719766080379486,0.8179845809936523,-0.011238422244787216,0.44867709279060364,0.7955647110939026,-0.02056763507425785,0.4339107871055603,0.7729915380477905,-0.0304375309497118,0.42940911650657654,0.7446133494377136,-0.039254847913980484,0.45518729090690613,0.7322221994400024,-0.005955492611974478,0.4387137293815613,0.7123229503631592,-0.026541782543063164,0.4288465976715088,0.7176483273506165,-0.04283257946372032,0.42662957310676575,0.7299339175224304,-0.05080842971801758,0.469303160905838,0.7141698598861694,-0.009135757572948933,0.45780879259109497,0.6618367433547974,-0.021594887599349022,0.44916120171546936,0.6279176473617554,-0.02947925589978695,0.44199055433273315,0.5992774963378906,-0.033843033015728,0.4871376156806946,0.7105220556259155,-0.015750382095575333,0.48373064398765564,0.6614707112312317,-0.02741442434489727,0.4798135757446289,0.6299257278442383,-0.03245171904563904,0.47382697463035583,0.6029452681541443,-0.03449973836541176,0.5070159435272217,0.7205721735954285,-0.023738818243145943,0.5147371888160706,0.6861768364906311,-0.03054182417690754,0.5172982811927795,0.6614511013031006,-0.030672455206513405,0.5173817276954651,0.6399704217910767,-0.029785046353936195
0.4977681040763855,0.8259432911872864,1.1480719308565313e-07,0.47104212641716003,0.8167568445205688,-0.011258263140916824,0.4483974874019623,0.7945385575294495,-0.020495962351560593,0.43380972743034363,0.7731873393058777,-0.03020131215453148,0.42782285809516907,0.7458174824714661,-0.03900507837533951,0.4549270272254944,0.7309918999671936,-0.0065058753825724125,0.43793049454689026,0.7124372124671936,-0.02669644169509411,0.4281490743160248,0.7183318138122559,-0.04290974140167236,0.426018089056015,0.7302696108818054,-0.0509999580681324,0.4693320393562317,0.713133692741394,-0.009816172532737255,0.45779186487197876,0.6609649062156677,-0.02212369814515114,0.4491141438484192,0.627298891544342,-0.030424538999795914,0.44197148084640503,0.5991548299789429,-0.035194605588912964,0.48719143867492676,0.7099684476852417,-0.016426565125584602,0.4840428829193115,0.660913348197937,-0.02819822169840336,0.4799816906452179,0.6294211149215698,-0.033961452543735504,0.47375917434692383,0.6024423241615295,-0.03660612925887108,0.5067873597145081,0.7206646800041199,-0.024325575679540634,0.5146722197532654,0.6865027546882629,-0.03135053813457489,0.517335832118988,0.6620980501174927,-0.03177107870578766,0.5174816250801086,0.6409569978713989,-0.03116356022655964
0.49867892265319824,0.8249318599700928,1.135975367105857e-07,0.47146329283714294,0.8166037797927856,-0.011452408507466316,0.44862717390060425,0.7941650748252869,-0.020800556987524033,0.43424174189567566,0.7715901136398315,-0.03065059520304203,0.4294445514678955,0.7435041666030884,-0.03955785557627678,0.45501017570495605,0.7314748764038086,-0.006340961903333664,0.438113272190094,0.7119670510292053,-0.026941195130348206,0.4286401867866516,0.7178881764411926,-0.043382976204156876,0.4270087778568268,0.7301480174064636,-0.05157008767127991,0.46947017312049866,0.7132554054260254,-0.009523456916213036,0.45784878730773926,0.6607609987258911,-0.021915500983595848,0.4492928385734558,0.6271046996116638,-0.030168110504746437,0.4423033893108368,0.5987892746925354,-0.03495621681213379,0.48740166425704956,0.7096538543701172,-0.016113683581352234,0.4842284917831421,0.6603792905807495,-0.027855122461915016,0.4804389774799347,0.6291384696960449,-0.03346557542681694,0.47442975640296936,0.6024013757705688,-0.03606162592768669,0.5071946978569031,0.7197754383087158,-0.024043530225753784,0.5150126218795776,0.6853750944137573,-0.031046392396092415,0.5175747871398926,0.6607213020324707,-0.031539712101221085,0.5174930691719055,0.6393184065818787,-0.031053297221660614
0.4991452097892761,0.8249497413635254,1.085565699554536e-07,0.4712824821472168,0.8155882358551025,-0.009610529989004135,0.44802191853523254,0.7919477224349976,-0.017715895548462868,0.43394190073013306,0.7692046165466309,-0.026607772335410118,0.42931413650512695,0.7422758340835571,-0.03468520939350128,0.45564645528793335,0.7307071089744568,-0.0043664355762302876,0.4392109215259552,0.7112991809844971,-0.023903997614979744,0.43001049757003784,0.7170549631118774,-0.039742857217788696,0.4282889664173126,0.7290017604827881,-0.04764748364686966,0.47016629576683044,0.7131897807121277,-0.008257810026407242,0.45847558975219727,0.6609635949134827,-0.02004852704703808,0.44995105266571045,0.6272366642951965,-0.028232233598828316,0.4430527091026306,0.5990418195724487,-0.03300643712282181,0.4881649315357208,0.7098668217658997,-0.015360495075583458,0.48484838008880615,0.660295844078064,-0.026769069954752922,0.48071712255477905,0.6290313005447388,-0.032661039382219315,0.4745248556137085,0.6026459336280823,-0.03546803817152977,0.5080521106719971,0.720081090927124,-0.023610109463334084,0.5161599516868591,0.6858271956443787,-0.030485637485980988,0.5186089873313904,0.661255955696106,-0.031134799122810364,0.5183854699134827,0.640153169631958,-0.030781717970967293
0.498491108417511,0.824176013469696,1.0337740974364351e-07,0.4715119004249573,0.8156533241271973,-0.010646861977875233,0.448873370885849,0.7930958271026611,-0.019534388557076454,0.43445906043052673,0.771462082862854,-0.02912330999970436,0.4290521442890167,0.745307207107544,-0.037851959466934204,0.455197811126709,0.7304521799087524,-0.005759422201663256,0.43818092346191406,0.7101325988769531,-0.02565503865480423,0.429550439119339,0.7184316515922546,-0.04172047600150108,0.4286649227142334,0.7318733334541321,-0.04976078122854233,0.4700435996055603,0.7123828530311584,-0.009307170286774635,0.45853886008262634,0.6602824926376343,-0.02067575789988041,0.4499031603336334,0.6272341012954712,-0.02876453474164009,0.44255027174949646,0.5988718271255493,-0.03373700752854347,0.4880425035953522,0.7089720368385315,-0.016139911487698555,0.4849262535572052,0.6595507860183716,-0.026920730248093605,0.4806714653968811,0.6290856599807739,-0.03251567482948303,0.474181592464447,0.603069007396698,-0.03542841225862503,0.5076028108596802,0.7192750573158264,-0.0242692232131958,0.5156059265136719,0.6855248808860779,-0.03083963878452778,0.5182235836982727,0.6614384651184082,-0.03137205168604851,0.5183165669441223,0.6404401063919067,-0.031037896871566772
0.49705183506011963,0.8251878619194031,1.0033165409595313e-07,0.47039589285850525,0.8159182071685791,-0.010489122942090034,0.4481090307235718,0.7940123081207275,-0.019488215446472168,0.43389222025871277,0.773537814617157,-0.029206210747361183,0.42806512117385864,0.7475400567054749,-0.0380689911544323,0.45477867126464844,0.7302983999252319,-0.005615759175270796,0.4380797743797302,0.7112573981285095,-0.025635110214352608,0.428787499666214,0.7186747193336487,-0.041988588869571686,0.42714574933052063,0.7316660284996033,-0.05023355782032013,0.4694443643093109,0.7124491930007935,-0.009290331974625587,0.45801663398742676,0.6610131859779358,-0.021145671606063843,0.4492151737213135,0.6275484561920166,-0.02956574410200119,0.44184404611587524,0.5987344980239868,-0.03466888889670372,0.48734086751937866,0.7091876268386841,-0.016205932945013046,0.48429495096206665,0.6600971817970276,-0.027244985103607178,0.47997191548347473,0.6295997500419617,-0.032862965017557144,0.47337907552719116,0.6033065915107727,-0.03568791598081589,0.5069268345832825,0.7199497818946838,-0.02441355772316456,0.5148544311523438,0.6861976981163025,-0.03089939057826996,0.5171404480934143,0.6620965003967285,-0.031212089583277702,0.5168054699897766,0.6410863995552063,-0.030685314908623695
0.49766209721565247,0.8256650567054749,1.0056888299914135e-07,0.4705381989479065,0.8161933422088623,-0.010017632506787777,0.4480518400669098,0.7932093739509583,-0.018383849412202835,0.43473953008651733,0.7711998224258423,-0.027484407648444176,0.42923253774642944,0.7442623376846313,-0.035761408507823944,0.4554511308670044,0.7303012609481812,-0.004612248856574297,0.4395658075809479,0.7114070653915405,-0.024419959634542465,0.4302242696285248,0.7173856496810913,-0.040610264986753464,0.42812278866767883,0.7292861938476562,-0.04876485839486122,0.46984854340553284,0.712531328201294,-0.008431839756667614,0.4585460126399994,0.6611288785934448,-0.020207345485687256,0.4498817026615143,0.627853274345398,-0.028497744351625443,0.4427016079425812,0.5995288491249084,-0.03345394507050514,0.48769816756248474,0.7093503475189209,-0.015529132448136806,0.48453056812286377,0.6601564288139343,-0.026896150782704353,0.48024627566337585,0.6294243931770325,-0.032756488770246506,0.47379738092422485,0.6030746698379517,-0.03564863279461861,0.5074127912521362,0.7199501991271973,-0.023845713585615158,0.515736997127533,0.6860640048980713,-0.030741732567548752,0.5184218883514404,0.6615707874298096,-0.031438425183296204,0.5184131860733032,0.6402787566184998,-0.031172126531600952
0.4980695843696594,0.8254331946372986,1.0174790787687016e-07,0.47098666429519653,0.8162879943847656,-0.011021602898836136,0.4485751986503601,0.7941922545433044,-0.020340003073215485,0.4347400367259979,0.7728868722915649,-0.030309107154607773,0.42872655391693115,0.746060311794281,-0.039325278252363205,0.4552343785762787,0.7295659184455872,-0.005650452803820372,0.4389396905899048,0.7102282643318176,-0.025943778455257416,0.42997682094573975,0.7178130149841309,-0.042433399707078934,0.4286179840564728,0.7311729192733765,-0.050729505717754364,0.46967846155166626,0.7117829322814941,-0.009148193523287773,0.45800307393074036,0.66070556640625,-0.02088889107108116,0.44931256771087646,0.6276335716247559,-0.029028017073869705,0.4420803487300873,0.5989734530448914,-0.033978018909692764,0.4875798523426056,0.7088117003440857,-0.016066385433077812,0.4846416413784027,0.6598156094551086,-0.027240147814154625,0.4806175231933594,0.6291988492012024,-0.03282880038022995,0.4742375910282135,0.6026340126991272,-0.0356920026242733,0.5072990655899048,0.7197269201278687,-0.024339014664292336,0.5158623456954956,0.6860744953155518,-0.03127157688140869,0.5184350609779358,0.662038266658783,-0.031924933195114136,0.5181220769882202,0.6409803032875061,-0.03164359927177429
0.49735572934150696,0.8254590034484863,9.809908618763075e-08,0.4704054296016693,0.8164970278739929,-0.010485006496310234,0.4482879340648651,0.7939943671226501,-0.019252905622124672,0.43429964780807495,0.7731280326843262,-0.028736310079693794,0.42826026678085327,0.7470566034317017,-0.037284523248672485,0.45498988032341003,0.7297585010528564,-0.005052629392594099,0.43856513500213623,0.7107388973236084,-0.025095757097005844,0.42989909648895264,0.7191370725631714,-0.04140297323465347,0.42883461713790894,0.7329661846160889,-0.04955858364701271,0.46960484981536865,0.7118790149688721,-0.008720818907022476,0.4578385651111603,0.6602403521537781,-0.020468223839998245,0.44912189245224,0.6270685195922852,-0.028697852045297623,0.4418278932571411,0.5984874963760376,-0.03361338749527931,0.48750054836273193,0.708969235420227,-0.015734927728772163,0.4845927059650421,0.6594518423080444,-0.026967350393533707,0.4806680679321289,0.6289919018745422,-0.03263704851269722,0.4742746651172638,0.6025356650352478,-0.035424474626779556,0.5070359110832214,0.7200808525085449,-0.024018224328756332,0.515269935131073,0.6865036487579346,-0.030892902985215187,0.5178064107894897,0.6629811525344849,-0.031366992741823196,0.5174331665039062,0.6424522995948792,-0.030865849927067757
0.4972872734069824,0.8266778588294983,9.814063162139064e-08,0.47051215171813965,0.8173112869262695,-0.011030694469809532,0.44846969842910767,0.7944306135177612,-0.020094256848096848,0.434575617313385,0.7729737162590027,-0.02977059967815876,0.4287283420562744,0.745672881603241,-0.038484517484903336,0.455378919839859,0.7301120758056641,-0.005273089744150639,0.43944740295410156,0.711094319820404,-0.025408726185560226,0.4303255081176758,0.7183129787445068,-0.041795145720243454,0.42848533391952515,0.7312049269676208,-0.05004569888114929,0.46967095136642456,0.7122024297714233,-0.008765247650444508,0.45768100023269653,0.6606943011283875,-0.020567238330841064,0.4490034282207489,0.6275843381881714,-0.028782464563846588,0.4419015944004059,0.5990791320800781,-0.033727750182151794,0.48759931325912476,0.7092833518981934,-0.015686141327023506,0.4842867851257324,0.6597927212715149,-0.0270693376660347,0.4805316925048828,0.6291671991348267,-0.03275830298662186,0.47441935539245605,0.6023765802383423,-0.035611819475889206,0.507291853427887,0.7202705144882202,-0.023935062810778618,0.5153033137321472,0.6864047050476074,-0.030917290598154068,0.5180934071540833,0.6624987125396729,-0.03150113299489021,0.5180404186248779,0.6414885520935059,-0.031160086393356323
0.49704527854919434,0.8264193534851074,9.93200330867694e-08,0.47053927183151245,0.8169701099395752,-0.01066156942397356,0.4486716091632843,0.7942981123924255,-0.019506892189383507,0.43461981415748596,0.7733093500137329,-0.029059110209345818,0.42838460206985474,0.7468247413635254,-0.03775223717093468,0.455484539270401,0.7300841212272644,-0.00479987682774663,0.43964239954948425,0.7114604711532593,-0.024771831929683685,0.43020951747894287,0.718128502368927,-0.04111713916063309,0.4282199740409851,0.7307823896408081,-0.049377281218767166,0.46970248222351074,0.7124074101448059,-0.008502465672791004,0.45783835649490356,0.6607826948165894,-0.020346077159047127,0.44903677701950073,0.6277081370353699,-0.028693871572613716,0.4418477416038513,0.5992453098297119,-0.0336872898042202,0.48748427629470825,0.7096235752105713,-0.015591306611895561,0.4843721389770508,0.6598567366600037,-0.027182340621948242,0.4806947708129883,0.6291607618331909,-0.0331968329846859,0.47469642758369446,0.602301299571991,-0.036203719675540924,0.5070021748542786,0.7207937836647034,-0.023939913138747215,0.5152779221534729,0.6869727373123169,-0.031198838725686073,0.5182982087135315,0.6630153656005859,-0.032033033668994904,0.5185452103614807,0.6418851613998413,-0.03183343634009361
0.4969770312309265,0.8260329365730286,1.0647830350762888e-07,0.4705401360988617,0.8169622421264648,-0.010694966651499271,0.44858333468437195,0.7942596077919006,-0.01962636411190033,0.43447166681289673,0.7735764980316162,-0.029207739979028702,0.427981972694397,0.7476511001586914,-0.03796125575900078,0.4551180601119995,0.7300904989242554,-0.00567501038312912,0.43903112411499023,0.7117509841918945,-0.025401730090379715,0.42979782819747925,0.7180773615837097,-0.041461072862148285,0.4278605878353119,0.7304879426956177,-0.049540188163518906,0.469606876373291,0.7124455571174622,-0.009334571659564972,0.4584703743457794,0.6607711911201477,-0.021011091768741608,0.4496791660785675,0.6273931860923767,-0.029336998239159584,0.44225749373435974,0.5990049242973328,-0.034362562000751495,0.48732510209083557,0.7095245122909546,-0.016250750049948692,0.48433661460876465,0.6597462892532349,-0.027491435408592224,0.4803347885608673,0.6292983889579773,-0.03349035978317261,0.47407329082489014,0.6029953956604004,-0.03657315671443939,0.5066296458244324,0.7206286787986755,-0.024432485923171043,0.5150482654571533,0.6871066093444824,-0.031424183398485184,0.5179234743118286,0.6632137894630432,-0.03224331513047218,0.5181704163551331,0.6423010230064392,-0.03205076605081558
0.4978742003440857,0.8256617188453674,1.0465529243219862e-07,0.4705331027507782,0.8167701363563538,-0.010997084900736809,0.4480384588241577,0.7943353652954102,-0.019994059577584267,0.4345807731151581,0.7721369862556458,-0.02954605035483837,0.4298541247844696,0.7446026802062988,-0.03814864531159401,0.45523157715797424,0.7299751043319702,-0.005313523579388857,0.43970900774002075,0.7109234929084778,-0.0252296831458807,0.43057408928871155,0.7174270749092102,-0.04148175194859505,0.42865872383117676,0.7298358082771301,-0.04968608170747757,0.46977731585502625,0.712153971195221,-0.008731383830308914,0.4583241641521454,0.6605045795440674,-0.020513610914349556,0.4497514069080353,0.6270717978477478,-0.02873171865940094,0.4427214562892914,0.5984793901443481,-0.03369102254509926,0.48780131340026855,0.7091951966285706,-0.015535549260675907,0.48485448956489563,0.6596570611000061,-0.026922475546598434,0.48098114132881165,0.6289653182029724,-0.03274742141366005,0.4747895300388336,0.6024701595306396,-0.035672757774591446,0.5076158046722412,0.7201370596885681,-0.023648232221603394,0.5158037543296814,0.6859234571456909,-0.030622150748968124,0.5185385942459106,0.6615080833435059,-0.03133562207221985,0.5185171961784363,0.6401411294937134,-0.03111526370048523
0.49907544255256653,0.8256210684776306,1.0657227988986051e-07,0.47203266620635986,0.8169658184051514,-0.011298862285912037,0.4490182399749756,0.7945305109024048,-0.02062447927892208,0.43506482243537903,0.7720837593078613,-0.030545813962817192,0.4310975670814514,0.7444117665290833,-0.03953993692994118,0.45582646131515503,0.7306893467903137,-0.005929942708462477,0.4396764636039734,0.7108092904090881,-0.02633902058005333,0.43022263050079346,0.7175238132476807,-0.042955558747053146,0.4283868074417114,0.7302104830741882,-0.05139367654919624,0.4702877104282379,0.7126321196556091,-0.009244612418115139,0.4589346945285797,0.6611840724945068,-0.021193450316786766,0.45034050941467285,0.6277657151222229,-0.02958635799586773,0.4432983994483948,0.5989944934844971,-0.03474963456392288,0.48818305134773254,0.709330677986145,-0.015976425260305405,0.4850737750530243,0.6600139141082764,-0.027401119470596313,0.48079705238342285,0.6293721199035645,-0.033295877277851105,0.47430336475372314,0.6030750274658203,-0.03633154183626175,0.5079435706138611,0.7199345827102661,-0.02406517043709755,0.5163982510566711,0.6858946084976196,-0.031180931255221367,0.5190864205360413,0.661301851272583,-0.03214250132441521,0.5190129280090332,0.6398821473121643,-0.032100677490234375
0.49772146344184875,0.8253111839294434,1.0467856981222212e-07,0.4710811972618103,0.8164104223251343,-0.011144669726490974,0.4488408863544464,0.7942508459091187,-0.020573250949382782,0.4347941279411316,0.7729145288467407,-0.030634598806500435,0.42954590916633606,0.7458902597427368,-0.03978128358721733,0.45543399453163147,0.7302899360656738,-0.005817044526338577,0.4392845928668976,0.7111014127731323,-0.026212826371192932,0.4304133951663971,0.7185037732124329,-0.04274803027510643,0.4291120767593384,0.731740415096283,-0.051054518669843674,0.46987679600715637,0.7124435901641846,-0.009326103143393993,0.45791226625442505,0.6606159806251526,-0.021113321185112,0.4491332173347473,0.6273308992385864,-0.029360800981521606,0.44189712405204773,0.5988454818725586,-0.0343615859746933,0.48782673478126526,0.709392786026001,-0.01624767668545246,0.48458799719810486,0.6596893668174744,-0.02755017578601837,0.4804699420928955,0.6289469599723816,-0.0333675779402256,0.4739687740802765,0.6023681163787842,-0.03635602816939354,0.5075267553329468,0.7202147245407104,-0.024491088464856148,0.5157407522201538,0.686253011226654,-0.03148874640464783,0.5183056592941284,0.6621556282043457,-0.03219589218497276,0.5179432034492493,0.6410555839538574,-0.03194975107908249
0.49741223454475403,0.8257461786270142,1.054236733466496e-07,0.470752477645874,0.8168326616287231,-0.01096431165933609,0.4482739567756653,0.7943860292434692,-0.02014484815299511,0.43426966667175293,0.7726767659187317,-0.029889939352869987,0.42902565002441406,0.7450411319732666,-0.038681332021951675,0.4552748203277588,0.7301946878433228,-0.00579024339094758,0.43959105014801025,0.7113399505615234,-0.025611354038119316,0.4301106035709381,0.7170814275741577,-0.04159928485751152,0.4279037117958069,0.7291848063468933,-0.049603529274463654,0.46951428055763245,0.7124483585357666,-0.009256917983293533,0.4577958881855011,0.6607399582862854,-0.020993316546082497,0.4489802420139313,0.6273947358131409,-0.029053226113319397,0.4417645335197449,0.599012017250061,-0.03387097641825676,0.4873664379119873,0.7093411684036255,-0.016039466485381126,0.4841235280036926,0.6593875288963318,-0.027286561205983162,0.4802025556564331,0.6290132999420166,-0.032923758029937744,0.4740294814109802,0.6029542684555054,-0.0357418954372406,0.5071406364440918,0.7201518416404724,-0.024127475917339325,0.5154339671134949,0.6860190629959106,-0.03102482110261917,0.518376886844635,0.6620460152626038,-0.031672220677137375,0.5184847712516785,0.6412912607192993,-0.03137416020035744
0.4986153841018677,0.8261702060699463,1.0493929636368193e-07,0.47169816493988037,0.8170866966247559,-0.011417661793529987,0.4490460753440857,0.7950716018676758,-0.020851990208029747,0.43527185916900635,0.7734479904174805,-0.030786480754613876,0.43050122261047363,0.7458788752555847,-0.03974681720137596,0.45564302802085876,0.7307876944541931,-0.00630780216306448,0.4394952952861786,0.7115118503570557,-0.026693211868405342,0.4304574429988861,0.7191641330718994,-0.04326853156089783,0.4288986027240753,0.7323773503303528,-0.05167439952492714,0.47025424242019653,0.7128652334213257,-0.009572313167154789,0.45850375294685364,0.6612493395805359,-0.02169937640428543,0.44985902309417725,0.6278806328773499,-0.030251087620854378,0.4427519142627716,0.599145233631134,-0.03549296408891678,0.4883280396461487,0.7097784280776978,-0.01620977558195591,0.48533153533935547,0.6602575182914734,-0.02783176675438881,0.48123952746391296,0.6297541856765747,-0.033845145255327225,0.4747178554534912,0.603420615196228,-0.03690468519926071,0.5081940293312073,0.7206681370735168,-0.024161916226148605,0.516384482383728,0.6864091753959656,-0.0312744677066803,0.518879234790802,0.6620387434959412,-0.032074443995952606,0.5184457302093506,0.6407339572906494,-0.0319034643471241
0.4975147545337677,0.8270558714866638,1.007266234864801e-07,0.47088783979415894,0.8177510499954224,-0.010979114100337029,0.4485178291797638,0.7952983379364014,-0.020096296444535255,0.4341694116592407,0.7743712067604065,-0.029779257252812386,0.42872607707977295,0.7473575472831726,-0.03845588490366936,0.4550696611404419,0.7300884127616882,-0.0057027917355299,0.4393186867237091,0.7113994359970093,-0.025436457246541977,0.42993026971817017,0.7190894484519958,-0.04139360785484314,0.4277193248271942,0.7323834300041199,-0.04940301179885864,0.469696044921875,0.7122554183006287,-0.009170293807983398,0.4585004448890686,0.6607250571250916,-0.020879311487078667,0.4496401250362396,0.627531111240387,-0.028907880187034607,0.44212621450424194,0.5990943908691406,-0.03371451422572136,0.48771023750305176,0.7095369100570679,-0.01595611870288849,0.48516562581062317,0.659619927406311,-0.027142919600009918,0.4812653362751007,0.6292636394500732,-0.03259558975696564,0.4749142825603485,0.6027294397354126,-0.03528397157788277,0.5072581768035889,0.7211296558380127,-0.024056078866124153,0.5154598951339722,0.6875994205474854,-0.030862359330058098,0.5179337859153748,0.6638710498809814,-0.03123600035905838,0.5176724791526794,0.6430148482322693,-0.030718106776475906
0.4974077045917511,0.8256576061248779,1.0460150434710158e-07,0.4712230861186981,0.8166999220848083,-0.011075455695390701,0.4489421248435974,0.7941620349884033,-0.020170951262116432,0.43463125824928284,0.7729395031929016,-0.029829008504748344,0.42870405316352844,0.7455954551696777,-0.03851805627346039,0.4551656246185303,0.7299399971961975,-0.005792795214802027,0.4395320415496826,0.7107149362564087,-0.02545037493109703,0.4302718937397003,0.7168416976928711,-0.04128557816147804,0.4281429350376129,0.7291253805160522,-0.0492219440639019,0.46983802318573,0.7120206952095032,-0.009163450449705124,0.45900779962539673,0.6608349084854126,-0.020901527255773544,0.45036619901657104,0.6275772452354431,-0.029038360342383385,0.4429968297481537,0.5989599227905273,-0.03391927480697632,0.4876950681209564,0.7089208960533142,-0.015833334997296333,0.48500174283981323,0.6596723794937134,-0.026918426156044006,0.48072510957717896,0.6295995116233826,-0.03246132656931877,0.4740903675556183,0.6034893989562988,-0.035246238112449646,0.5070918798446655,0.7199723124504089,-0.023843050003051758,0.5154213905334473,0.6868686676025391,-0.030555887147784233,0.5179882049560547,0.6631633639335632,-0.031131906434893608,0.517880380153656,0.6424492001533508,-0.030784541741013527
