x0,y0,z0,x1,y1,z1,x2,y2,z2,x3,y3,z3,x4,y4,z4,x5,y5,z5,x6,y6,z6,x7,y7,z7,x8,y8,z8,x9,y9,z9,x10,y10,z10,x11,y11,z11,x12,y12,z12,x13,y13,z13,x14,y14,z14,x15,y15,z15,x16,y16,z16,x17,y17,z17,x18,y18,z18,x19,y19,z19,x20,y20,z20
0.45921948552131653,0.8287729024887085,1.6784279921466805e-07,0.44200441241264343,0.8134534955024719,-0.015425262972712517,0.4354909658432007,0.7768961787223816,-0.01878025382757187,0.4540446400642395,0.7431707382202148,-0.019948510453104973,0.4701448082923889,0.7184111475944519,-0.020865198224782944,0.41960859298706055,0.7137094140052795,-0.006329840049147606,0.4040886163711548,0.6657474637031555,-0.011361843906342983,0.39592400193214417,0.6353905200958252,-0.015990594401955605,0.38854941725730896,0.6098458170890808,-0.020097792148590088,0.4381565451622009,0.702953040599823,-0.007754390127956867,0.4310508370399475,0.6435492038726807,-0.012653812766075134,0.4280836284160614,0.6080880165100098,-0.018841655924916267,0.4234606921672821,0.5788758993148804,-0.02291235700249672,0.454386830329895,0.707345724105835,-0.011716244742274284,0.4591781198978424,0.6515935659408569,-0.02297227270901203,0.45981329679489136,0.6176020503044128,-0.034690972417593,0.45762568712234497,0.5849915742874146,-0.04254300147294998,0.4711664915084839,0.7259528636932373,-0.01665801927447319,0.4750474989414215,0.6988267302513123,-0.028222886845469475,0.47366490960121155,0.7162351012229919,-0.03040788322687149,0.47246992588043213,0.7359967231750488,-0.031474657356739044
0.4602406919002533,0.8261053562164307,1.6431401661520795e-07,0.44482162594795227,0.8122241497039795,-0.015569306910037994,0.4389703571796417,0.7748216986656189,-0.01801200956106186,0.4558776617050171,0.738903820514679,-0.017906127497553825,0.47054407000541687,0.7133548259735107,-0.017119402065873146,0.4213685691356659,0.7119631767272949,-0.006087115965783596,0.40648096799850464,0.6635648608207703,-0.010443489998579025,0.3986276686191559,0.6332413554191589,-0.014279333874583244,0.3917468786239624,0.6081809997558594,-0.017617421224713326,0.43903404474258423,0.70143061876297,-0.006828026846051216,0.4327716529369354,0.6413096785545349,-0.01084260456264019,0.430827796459198,0.6059330105781555,-0.015910692512989044,0.42708542943000793,0.5769797563552856,-0.019131120294332504,0.4542587697505951,0.7052173614501953,-0.010224456898868084,0.4597169756889343,0.648987889289856,-0.020740529522299767,0.46100887656211853,0.6149776577949524,-0.03221213072538376,0.4585619866847992,0.5823536515235901,-0.03981124237179756,0.470420777797699,0.7231747508049011,-0.014670917764306068,0.4769461750984192,0.6952138543128967,-0.025165114551782608,0.47751766443252563,0.7106225490570068,-0.02737397886812687,0.47704175114631653,0.729324460029602,-0.028514433652162552
0.4606492519378662,0.8293564915657043,1.6773996946994885e-07,0.4448480010032654,0.8145697712898254,-0.015600624494254589,0.43933504819869995,0.7778480648994446,-0.018148273229599,0.4559078514575958,0.7422783970832825,-0.01811857894062996,0.4689616858959198,0.7146181464195251,-0.01720808818936348,0.4218473434448242,0.7137568593025208,-0.005286569241434336,0.40676265954971313,0.665390133857727,-0.009572598151862621,0.3991234302520752,0.6348258256912231,-0.01338505744934082,0.39266377687454224,0.6097567677497864,-0.016664104536175728,0.4397951662540436,0.7040355801582336,-0.005984863732010126,0.43417584896087646,0.6431254148483276,-0.010495061054825783,0.43259555101394653,0.6075965166091919,-0.01583796925842762,0.42910298705101013,0.5785201191902161,-0.019092073664069176,0.45525285601615906,0.7083401083946228,-0.009385614655911922,0.4619046747684479,0.6520857214927673,-0.02048923820257187,0.4642416834831238,0.6180174946784973,-0.03182893246412277,0.4628238379955292,0.5852404832839966,-0.03905026987195015,0.4714599549770355,0.7271080017089844,-0.013769105076789856,0.47732987999916077,0.6971428394317627,-0.02417617477476597,0.4776656925678253,0.7132135033607483,-0.025752441957592964,0.47741973400115967,0.7324949502944946,-0.026345591992139816
0.4606674909591675,0.8280889987945557,1.5793406760167272e-07,0.44502055644989014,0.8126919269561768,-0.015439441427588463,0.4389722943305969,0.775331974029541,-0.017770033329725266,0.45658570528030396,0.7405610084533691,-0.017653170973062515,0.4727242588996887,0.7169721722602844,-0.016979821026325226,0.4220590591430664,0.7119930982589722,-0.005375472363084555,0.40760716795921326,0.6636773943901062,-0.00972029473632574,0.3998437821865082,0.6330944895744324,-0.013868712820112705,0.39279404282569885,0.60772305727005,-0.017547281458973885,0.4400569796562195,0.7021433115005493,-0.006401615682989359,0.43407532572746277,0.6428102254867554,-0.010324972681701183,0.4318966269493103,0.6073134541511536,-0.015764432027935982,0.4279254376888275,0.578328013420105,-0.0193183533847332,0.45563897490501404,0.7063034772872925,-0.010113646276295185,0.4614694118499756,0.6506203413009644,-0.020841948688030243,0.46250876784324646,0.6163675785064697,-0.03264163061976433,0.46000128984451294,0.5836554169654846,-0.040468618273735046,0.4719869792461395,0.7247979044914246,-0.014884981326758862,0.4778992533683777,0.6967249512672424,-0.02592925727367401,0.4777171015739441,0.7128487229347229,-0.028292899951338768,0.47665584087371826,0.7324144244194031,-0.029478341341018677
0.4596005380153656,0.8285632729530334,1.6135126656990906e-07,0.4442802369594574,0.8124827742576599,-0.015369179658591747,0.43860292434692383,0.7744874954223633,-0.017047269269824028,0.45691439509391785,0.7401201725006104,-0.016106460243463516,0.47368761897087097,0.716412365436554,-0.01459870208054781,0.4218781292438507,0.712913990020752,-0.005131619516760111,0.4076022207736969,0.6639986634254456,-0.009123731404542923,0.40013444423675537,0.6336983442306519,-0.01293247565627098,0.39343690872192383,0.6085483431816101,-0.016293032094836235,0.4405767321586609,0.7032185196876526,-0.006238807924091816,0.43515250086784363,0.6424971222877502,-0.009382401593029499,0.43317100405693054,0.6071197986602783,-0.01442533079534769,0.42938530445098877,0.5782871246337891,-0.017810441553592682,0.4562492370605469,0.70766282081604,-0.010119781829416752,0.46207213401794434,0.6505063772201538,-0.020566295832395554,0.4629996418952942,0.6162287592887878,-0.0326354093849659,0.46047520637512207,0.5829651355743408,-0.04064479097723961,0.4724547564983368,0.7268500924110413,-0.015018296428024769,0.47810766100883484,0.6970149874687195,-0.02594807930290699,0.47834253311157227,0.7131356000900269,-0.028192922472953796,0.47774168848991394,0.7331981062889099,-0.029314180836081505
0.4620303511619568,0.8295464515686035,1.718573514608579e-07,0.4456344246864319,0.8153876662254333,-0.016035404056310654,0.4389033019542694,0.7803746461868286,-0.01940763182938099,0.45606231689453125,0.7462664842605591,-0.02031727507710457,0.4724838137626648,0.7209498286247253,-0.020610837265849113,0.42321181297302246,0.7144031524658203,-0.006583672482520342,0.40827512741088867,0.6660442352294922,-0.011442494578659534,0.4006351828575134,0.6352601051330566,-0.01580660603940487,0.39382216334342957,0.6096934676170349,-0.019529368728399277,0.44161003828048706,0.7039706110954285,-0.007543240673840046,0.4354669451713562,0.6435904502868652,-0.011900462210178375,0.4331797957420349,0.6078212857246399,-0.017256641760468483,0.42886483669281006,0.5786656737327576,-0.0207291878759861,0.45732468366622925,0.7082823514938354,-0.011205012910068035,0.46267935633659363,0.6518176198005676,-0.022114373743534088,0.4636179804801941,0.6174216270446777,-0.033539436757564545,0.46128049492836,0.5852110981941223,-0.04103519022464752,0.47344496846199036,0.7269330620765686,-0.0159695353358984,0.4786396622657776,0.6976982951164246,-0.02709328942000866,0.4790278673171997,0.7134386301040649,-0.029167169705033302,0.4790058135986328,0.7332379221916199,-0.03004186600446701
0.461421400308609,0.8277868032455444,1.6088442578165996e-07,0.44605544209480286,0.8135201930999756,-0.015141426585614681,0.43951117992401123,0.7783799171447754,-0.018148887902498245,0.4560498595237732,0.744057297706604,-0.01877657137811184,0.47147494554519653,0.7189450263977051,-0.01898760162293911,0.4232807159423828,0.713756799697876,-0.006649460177868605,0.40884602069854736,0.6656486988067627,-0.011520176194608212,0.4012082517147064,0.6350351572036743,-0.01584596373140812,0.3941692113876343,0.609409749507904,-0.019554147496819496,0.4414898753166199,0.7036306858062744,-0.008034219965338707,0.43559980392456055,0.643907904624939,-0.012270796112716198,0.43347877264022827,0.6083754301071167,-0.01755939982831478,0.4292072653770447,0.5789505243301392,-0.021060645580291748,0.45698192715644836,0.7083318829536438,-0.011971312575042248,0.46229565143585205,0.6521111130714417,-0.022818395867943764,0.4633120894432068,0.6178511381149292,-0.03407972678542137,0.46075573563575745,0.5849893093109131,-0.041566215455532074,0.4727990925312042,0.7273945212364197,-0.016894305124878883,0.47840407490730286,0.6980936527252197,-0.028054842725396156,0.4792788028717041,0.7134075164794922,-0.030021583661437035,0.47926440834999084,0.732174813747406,-0.030869150534272194
0.46157464385032654,0.8289902210235596,1.7640948613006913e-07,0.4450191855430603,0.8139041066169739,-0.016117099672555923,0.43811240792274475,0.778452455997467,-0.019794639199972153,0.45580777525901794,0.7450518608093262,-0.020974691957235336,0.47237271070480347,0.7204673290252686,-0.02183394506573677,0.42317283153533936,0.7138959765434265,-0.007995441555976868,0.40866541862487793,0.6651981472969055,-0.013327495194971561,0.40112724900245667,0.6342777609825134,-0.018151523545384407,0.39411595463752747,0.6081406474113464,-0.022322218865156174,0.44188204407691956,0.70402991771698,-0.009099244140088558,0.43585026264190674,0.6435175538063049,-0.013760995119810104,0.433720201253891,0.6077248454093933,-0.019801300019025803,0.4295227527618408,0.5780551433563232,-0.023952042683959007,0.4578360617160797,0.709054708480835,-0.012743351049721241,0.4637501835823059,0.6532943844795227,-0.023721838369965553,0.46537885069847107,0.6189118027687073,-0.03542475774884224,0.4638515114784241,0.5863887667655945,-0.04334356263279915,0.4738966226577759,0.7282155752182007,-0.017439311370253563,0.47886109352111816,0.6996640563011169,-0.028689313679933548,0.47870954871177673,0.7155860066413879,-0.03076755814254284,0.47822630405426025,0.7349774837493896,-0.03180033341050148
0.46129462122917175,0.8309279680252075,1.717486242114319e-07,0.44444072246551514,0.8156771063804626,-0.016775820404291153,0.4380470812320709,0.7785540819168091,-0.019643209874629974,0.4566808044910431,0.7448384165763855,-0.019623033702373505,0.4742738604545593,0.721335768699646,-0.019041063264012337,0.4231441617012024,0.7147062420845032,-0.00794168934226036,0.4084554612636566,0.6656809449195862,-0.01307029277086258,0.40060701966285706,0.6345657110214233,-0.01757783815264702,0.3935103118419647,0.6083744764328003,-0.02138025127351284,0.44191405177116394,0.7051571607589722,-0.008626842871308327,0.43628838658332825,0.6439253687858582,-0.01308270450681448,0.43423783779144287,0.6079766750335693,-0.018665336072444916,0.43027031421661377,0.5783294439315796,-0.022276749834418297,0.4575698971748352,0.7099509239196777,-0.012040055356919765,0.463352769613266,0.6529638171195984,-0.02333994209766388,0.4642888903617859,0.6183536648750305,-0.03541407734155655,0.46179908514022827,0.5852979421615601,-0.0432317778468132,0.47384974360466003,0.7293950319290161,-0.01655181311070919,0.4788972735404968,0.6999449729919434,-0.027583453804254532,0.4788190722465515,0.7161304354667664,-0.029499193653464317,0.4781847596168518,0.7367711067199707,-0.030304323881864548
0.46131476759910583,0.8310198783874512,1.7137637087216717e-07,0.44510340690612793,0.8159845471382141,-0.016529593616724014,0.43848317861557007,0.7795466184616089,-0.019576402381062508,0.4567593038082123,0.7455381155014038,-0.01991145685315132,0.4744845926761627,0.7210471034049988,-0.019769610837101936,0.42311158776283264,0.7151302695274353,-0.0071833147667348385,0.4085161089897156,0.6666208505630493,-0.012150484137237072,0.4007521867752075,0.6358591318130493,-0.016599159687757492,0.3936508297920227,0.60990971326828,-0.02047673799097538,0.4416806101799011,0.7049882411956787,-0.007908688858151436,0.4361954629421234,0.6446041464805603,-0.012350009754300117,0.4343636631965637,0.6091192364692688,-0.01794334501028061,0.4305785298347473,0.5795755386352539,-0.021624956279993057,0.45740386843681335,0.7097215056419373,-0.011347564868628979,0.4640040993690491,0.6534239053726196,-0.022596068680286407,0.46568742394447327,0.619680643081665,-0.03438080474734306,0.46398207545280457,0.5870736241340637,-0.042091742157936096,0.4735673666000366,0.7290791869163513,-0.015872027724981308,0.47891587018966675,0.7004026770591736,-0.027352558448910713,0.47901451587677,0.7167643904685974,-0.02951437048614025,0.4785936772823334,0.7364895343780518,-0.03045671619474888
0.46172359585762024,0.8318435549736023,1.769777355775659e-07,0.4454113841056824,0.8180708289146423,-0.017621098086237907,0.4387866258621216,0.7829113602638245,-0.02170037291944027,0.4566899240016937,0.747236430644989,-0.0228912141174078,0.47405630350112915,0.7204805612564087,-0.02364412136375904,0.4230685532093048,0.7170022130012512,-0.008724038489162922,0.4078989028930664,0.6680417656898499,-0.013996460475027561,0.40003275871276855,0.6368682980537415,-0.018658695742487907,0.39301425218582153,0.6105822324752808,-0.022739168256521225,0.4415111243724823,0.7056642174720764,-0.009031536988914013,0.43517327308654785,0.6451496481895447,-0.013882518745958805,0.43302831053733826,0.6093460321426392,-0.019885683432221413,0.42885664105415344,0.5795267820358276,-0.0238761305809021,0.45727473497390747,0.7095640897750854,-0.012018078938126564,0.46244731545448303,0.6531982421875,-0.0236970167607069,0.4636012315750122,0.6190714240074158,-0.035719599574804306,0.4615177810192108,0.5862551331520081,-0.04367736354470253,0.4733891487121582,0.7282867431640625,-0.01613229140639305,0.4777909517288208,0.6996101140975952,-0.028430722653865814,0.47834354639053345,0.7168866991996765,-0.03104373812675476,0.4785972833633423,0.7370273470878601,-0.03223169967532158
0.461420476436615,0.8312521576881409,1.7868276813715056e-07,0.4456862509250641,0.8167577981948853,-0.01662040501832962,0.4392269253730774,0.7815396785736084,-0.02067636325955391,0.4565090835094452,0.7466930747032166,-0.022082697600126266,0.4733838438987732,0.7207018733024597,-0.023051902651786804,0.42331546545028687,0.7157711386680603,-0.00845639780163765,0.4081498980522156,0.6673058867454529,-0.013735473155975342,0.4002079665660858,0.6365692615509033,-0.01830296404659748,0.3930475115776062,0.6104797720909119,-0.022263333201408386,0.4415581226348877,0.7055832743644714,-0.00929516926407814,0.4353330433368683,0.6449467539787292,-0.014313962310552597,0.433308869600296,0.6092661023139954,-0.02007543295621872,0.4292401969432831,0.5794002413749695,-0.02387215942144394,0.4572118818759918,0.7103214859962463,-0.01269812323153019,0.46336981654167175,0.6544853448867798,-0.024165384471416473,0.4653182029724121,0.6204332709312439,-0.035607971251010895,0.46406444907188416,0.5878556370735168,-0.043129004538059235,0.47314146161079407,0.7293000817298889,-0.01717047393321991,0.4779930114746094,0.7001925706863403,-0.028713390231132507,0.478493869304657,0.7170118093490601,-0.030622856691479683,0.4789028465747833,0.7369014620780945,-0.03140250965952873
0.46170246601104736,0.8310867547988892,1.7570548038747802e-07,0.44497162103652954,0.8170759081840515,-0.016713088378310204,0.43776336312294006,0.7829171419143677,-0.021374670788645744,0.45531225204467773,0.7490757703781128,-0.023479877039790154,0.4724853038787842,0.7225548624992371,-0.02514188550412655,0.4227270483970642,0.7167021632194519,-0.009005861356854439,0.4075586199760437,0.6685116291046143,-0.014780263416469097,0.3995395302772522,0.6379410624504089,-0.019736988469958305,0.3922879993915558,0.6119577884674072,-0.023997467011213303,0.44114890694618225,0.7062970995903015,-0.010071782395243645,0.4346238672733307,0.6461409330368042,-0.015345401130616665,0.43263527750968933,0.6105873584747314,-0.021333731710910797,0.42874059081077576,0.5808941125869751,-0.02540653757750988,0.4571424722671509,0.7111102938652039,-0.01370891835540533,0.46280136704444885,0.655582845211029,-0.02531353384256363,0.46457669138908386,0.6215072870254517,-0.03669372573494911,0.4632699191570282,0.5891153812408447,-0.0442972406744957,0.4735131859779358,0.7301032543182373,-0.01841234602034092,0.4780382513999939,0.7013760805130005,-0.030115248635411263,0.47817084193229675,0.7176976799964905,-0.03202352672815323,0.4781254231929779,0.7371737360954285,-0.03285203501582146
0.46166932582855225,0.8342559337615967,1.821789652467487e-07,0.44470247626304626,0.8188555240631104,-0.017205048352479935,0.43836772441864014,0.7835322022438049,-0.021295005455613136,0.45690953731536865,0.7494544982910156,-0.022621119394898415,0.47443249821662903,0.7239345908164978,-0.0233180969953537,0.4231695532798767,0.7176418304443359,-0.008455673232674599,0.40785035490989685,0.6692731380462646,-0.013946793973445892,0.3996741473674774,0.6387389898300171,-0.018773775547742844,0.3926549255847931,0.6127788424491882,-0.022893069311976433,0.4419020712375641,0.7072165608406067,-0.009238390251994133,0.4354548752307892,0.6464712023735046,-0.014293237589299679,0.43342480063438416,0.6106491684913635,-0.020283140242099762,0.429697185754776,0.5808038711547852,-0.02429012767970562,0.4579768180847168,0.7120131850242615,-0.012739790603518486,0.46390265226364136,0.657698392868042,-0.023893335834145546,0.46616724133491516,0.6237892508506775,-0.03530515357851982,0.4653310477733612,0.5910838842391968,-0.04284115508198738,0.4744361937046051,0.7317240834236145,-0.017434285953640938,0.4786667227745056,0.702404797077179,-0.027904778718948364,0.47831013798713684,0.7185074090957642,-0.0292271189391613,0.4777093529701233,0.7381026744842529,-0.029811488464474678
0.4603888988494873,0.8330502510070801,1.7971180454878777e-07,0.44369271397590637,0.8180702328681946,-0.017689287662506104,0.4371584355831146,0.7836484909057617,-0.022195473313331604,0.4561401307582855,0.7511579990386963,-0.02393871545791626,0.4744957387447357,0.7266555428504944,-0.02526930347084999,0.42297640442848206,0.7172675728797913,-0.009692752733826637,0.40784668922424316,0.6686861515045166,-0.015732014551758766,0.3996657133102417,0.6377149820327759,-0.021014222875237465,0.3923935890197754,0.6113671064376831,-0.025464126840233803,0.4418366253376007,0.7066055536270142,-0.010309894569218159,0.4358307719230652,0.6459193229675293,-0.015585748478770256,0.43367570638656616,0.6099507212638855,-0.021942105144262314,0.4295106530189514,0.5796686410903931,-0.026268422603607178,0.4578210115432739,0.7111391425132751,-0.013596530072391033,0.46361222863197327,0.6560426950454712,-0.024901779368519783,0.4652634561061859,0.6221873760223389,-0.03662005811929703,0.4636705219745636,0.5897194147109985,-0.04446295648813248,0.4741520285606384,0.7304744124412537,-0.01812913827598095,0.4785486161708832,0.7018457055091858,-0.029198141768574715,0.47820714116096497,0.7180742621421814,-0.031055578961968422,0.47743427753448486,0.7379416227340698,-0.03196201100945473
0.46293413639068604,0.8298893570899963,1.6683243586612662e-07,0.44627559185028076,0.8149902820587158,-0.016000153496861458,0.4392165243625641,0.7777767181396484,-0.01926470175385475,0.45592474937438965,0.7417834401130676,-0.020071635022759438,0.47179800271987915,0.7168375849723816,-0.020390313118696213,0.42220011353492737,0.7169893980026245,-0.0075025977566838264,0.40674149990081787,0.6695417761802673,-0.012507914565503597,0.39841127395629883,0.6392893195152283,-0.01713133603334427,0.39052432775497437,0.6138707995414734,-0.021168213337659836,0.4402194023132324,0.7063875794410706,-0.008455238305032253,0.43346959352493286,0.6460566520690918,-0.012600569985806942,0.4309304356575012,0.6103585958480835,-0.018321270123124123,0.42644789814949036,0.581012487411499,-0.022350434213876724,0.4561152756214142,0.7105286121368408,-0.011939135380089283,0.46086546778678894,0.6558170318603516,-0.022280635312199593,0.4622251093387604,0.6215699911117554,-0.0338209867477417,0.46053776144981384,0.5893787741661072,-0.04174675792455673,0.47225239872932434,0.7283808588981628,-0.016519155353307724,0.4770652651786804,0.7001779079437256,-0.02705286629498005,0.4777297079563141,0.7145580053329468,-0.029098886996507645,0.47816532850265503,0.7323436737060547,-0.03025270439684391
0.465799480676651,0.8346797823905945,1.8015924752035062e-07,0.44827961921691895,0.8221762776374817,-0.016649482771754265,0.44154679775238037,0.7861315011978149,-0.02049875445663929,0.4565823972225189,0.7503277063369751,-0.021676812320947647,0.46945449709892273,0.7228742241859436,-0.022146306931972504,0.4249624013900757,0.7227122187614441,-0.009018352255225182,0.4093262255191803,0.6749062538146973,-0.014614240266382694,0.40073955059051514,0.6439409255981445,-0.01914077065885067,0.39298516511917114,0.6182107329368591,-0.02287250943481922,0.4433099627494812,0.710964560508728,-0.009618537500500679,0.43649205565452576,0.6497814059257507,-0.014737180434167385,0.43404898047447205,0.6136156916618347,-0.020203087478876114,0.429235577583313,0.5841836929321289,-0.02371138520538807,0.45941323041915894,0.7144449353218079,-0.012761563993990421,0.4651185870170593,0.658959150314331,-0.023659540340304375,0.46708017587661743,0.6248289942741394,-0.034489743411540985,0.46545830368995667,0.5934615731239319,-0.04165033623576164,0.4756428897380829,0.7322236895561218,-0.01701153814792633,0.48093029856681824,0.704462468624115,-0.027406714856624603,0.4812261462211609,0.719217836856842,-0.02897731401026249,0.4811893701553345,0.7374513149261475,-0.029656853526830673
0.4664190709590912,0.8331345319747925,1.7990322476180154e-07,0.45023831725120544,0.8215034604072571,-0.01848406158387661,0.44368574023246765,0.7872269153594971,-0.02301551029086113,0.4593973755836487,0.7505971193313599,-0.024307524785399437,0.4751192629337311,0.7230985164642334,-0.024836314842104912,0.4260241389274597,0.721589982509613,-0.011417520232498646,0.4101642668247223,0.673105001449585,-0.017371734604239464,0.40147411823272705,0.6418932676315308,-0.02207648940384388,0.3936633765697479,0.6156931519508362,-0.025922266766428947,0.4441245198249817,0.7097176909446716,-0.011328762397170067,0.4368949830532074,0.648451030254364,-0.01669667288661003,0.43387657403945923,0.6114712953567505,-0.022333165630698204,0.4284231662750244,0.5811700224876404,-0.025971360504627228,0.4596443474292755,0.7129015326499939,-0.013904905878007412,0.46484941244125366,0.6570175886154175,-0.025468042120337486,0.46648848056793213,0.6221877336502075,-0.03690752387046814,0.46396151185035706,0.5895926356315613,-0.04436490312218666,0.4756101071834564,0.7308547496795654,-0.017705582082271576,0.48079702258110046,0.7018865942955017,-0.028876613825559616,0.48156559467315674,0.7173108458518982,-0.03086002916097641,0.48131611943244934,0.7370923757553101,-0.03170953691005707
0.46571576595306396,0.833930253982544,1.8906945342678227e-07,0.4487972557544708,0.822075605392456,-0.017828255891799927,0.4416639804840088,0.7882257103919983,-0.022821111604571342,0.45785242319107056,0.7528364658355713,-0.02507992833852768,0.47335317730903625,0.7257955074310303,-0.026745611801743507,0.42479294538497925,0.7217028141021729,-0.0102907819673419,0.4087539315223694,0.6739749312400818,-0.016199415549635887,0.4002796709537506,0.6431341171264648,-0.021223846822977066,0.3926587998867035,0.6174628138542175,-0.025374174118041992,0.4432348310947418,0.7101051211357117,-0.010525811463594437,0.43612152338027954,0.6489871740341187,-0.015690278261899948,0.4338333308696747,0.6128699779510498,-0.02140386402606964,0.4294282793998718,0.5833983421325684,-0.02513067051768303,0.459526002407074,0.714215099811554,-0.01332295872271061,0.46432873606681824,0.6584334373474121,-0.02409221976995468,0.4657505750656128,0.6242499351501465,-0.03499851003289223,0.4640997648239136,0.5930153131484985,-0.04229751229286194,0.4760655462741852,0.7323728799819946,-0.017375541850924492,0.4810454845428467,0.7042220830917358,-0.028119385242462158,0.481529176235199,0.7189446091651917,-0.02991749532520771,0.48187828063964844,0.7374364733695984,-0.030668528750538826
0.46425431966781616,0.8368178009986877,1.8783364907903888e-07,0.4470233917236328,0.825747549533844,-0.018345652148127556,0.44015422463417053,0.7927308678627014,-0.023059340193867683,0.45755288004875183,0.7595264315605164,-0.02471294440329075,0.4744604229927063,0.7330220341682434,-0.025593647733330727,0.4246845245361328,0.7239239811897278,-0.010682397522032261,0.40882396697998047,0.6764383316040039,-0.016972944140434265,0.4002658724784851,0.6457027196884155,-0.02200876548886299,0.3926432430744171,0.6195620894432068,-0.026052940636873245,0.4433504045009613,0.7122563719749451,-0.010894188657402992,0.43626609444618225,0.6507521867752075,-0.01646265760064125,0.4339861273765564,0.6146777272224426,-0.022068554535508156,0.42976313829421997,0.5850579738616943,-0.02555706724524498,0.4592396318912506,0.7161909341812134,-0.013835563324391842,0.4646357595920563,0.6608099341392517,-0.025231560692191124,0.4662628173828125,0.6268208622932434,-0.03612521290779114,0.464423269033432,0.5951220393180847,-0.04310513660311699,0.475555956363678,0.7348662614822388,-0.01808667927980423,0.4810425341129303,0.7067026495933533,-0.028618989512324333,0.4819115698337555,0.7220761775970459,-0.029876355081796646,0.48218685388565063,0.7415632009506226,-0.030169133096933365
0.4635709226131439,0.8356043100357056,1.884694285081423e-07,0.4478440284729004,0.8228288888931274,-0.01765461638569832,0.44104644656181335,0.7891402244567871,-0.022334152832627296,0.4592158794403076,0.7543743252754211,-0.024245552718639374,0.47815102338790894,0.7287909984588623,-0.02567918598651886,0.4248814880847931,0.7228490710258484,-0.01016415748745203,0.40862733125686646,0.6748464703559875,-0.01624801941215992,0.4000075161457062,0.6440239548683167,-0.021251751109957695,0.3921705186367035,0.6178913116455078,-0.02535312995314598,0.44311073422431946,0.7111883163452148,-0.010597052983939648,0.4357817471027374,0.6501361131668091,-0.015794143080711365,0.4330689013004303,0.6137043237686157,-0.02140641398727894,0.4285259246826172,0.5838592052459717,-0.024940600618720055,0.45904064178466797,0.7154344916343689,-0.013614272698760033,0.46392661333084106,0.6605218052864075,-0.024686777964234352,0.46486517786979675,0.62615567445755,-0.03565966337919235,0.4627443552017212,0.593949556350708,-0.04280660301446915,0.47540098428726196,0.7342212200164795,-0.01789254881441593,0.4810729920864105,0.7065093517303467,-0.028898026794195175,0.48181676864624023,0.7218325138092041,-0.03052658773958683,0.4822933077812195,0.74079829454422,-0.031002433970570564
0.4642811417579651,0.8356255888938904,1.9495519154588692e-07,0.44780758023262024,0.8232293725013733,-0.018560068681836128,0.4408280551433563,0.7904684543609619,-0.02403787337243557,0.45944204926490784,0.7561802864074707,-0.026658304035663605,0.47873616218566895,0.7301662564277649,-0.02878783456981182,0.4251921772956848,0.7229419350624084,-0.011365427635610104,0.4091874957084656,0.6746544241905212,-0.017984066158533096,0.4006625711917877,0.6434077024459839,-0.023441847413778305,0.3931336998939514,0.6167749762535095,-0.02794371172785759,0.44376054406166077,0.7111974954605103,-0.011579935438930988,0.43651917576789856,0.6498993635177612,-0.017606541514396667,0.43392956256866455,0.6132345199584961,-0.023882444947957993,0.4295310378074646,0.5829041004180908,-0.027902621775865555,0.4598919451236725,0.7155394554138184,-0.01438669953495264,0.4648938775062561,0.6602962017059326,-0.025971420109272003,0.4656734764575958,0.6259438395500183,-0.03728180378675461,0.463390052318573,0.5938472747802734,-0.04468361288309097,0.4764023423194885,0.7347186207771301,-0.018515700474381447,0.4820502996444702,0.7066870331764221,-0.029797151684761047,0.48227670788764954,0.7220949530601501,-0.03172936290502548,0.4822824001312256,0.7411293387413025,-0.03248352184891701
0.46406078338623047,0.8367306590080261,1.890246892344294e-07,0.44758522510528564,0.8239583373069763,-0.017874937504529953,0.4406270682811737,0.7902626395225525,-0.022257985547184944,0.4587387442588806,0.7562671303749084,-0.023789100348949432,0.4771708548069,0.7312985062599182,-0.02469748631119728,0.425464391708374,0.7232052087783813,-0.009942809119820595,0.40961843729019165,0.675540566444397,-0.016134383156895638,0.40113604068756104,0.6445602774620056,-0.021248018369078636,0.3934692144393921,0.6181943416595459,-0.02535247430205345,0.44415387511253357,0.7118740081787109,-0.010334073565900326,0.4369122385978699,0.6506291627883911,-0.01563931442797184,0.434537798166275,0.6140989661216736,-0.021113675087690353,0.43038058280944824,0.584080159664154,-0.024485547095537186,0.4603519141674042,0.7163707613945007,-0.013424950651824474,0.46503227949142456,0.6612816452980042,-0.024374688044190407,0.4665791988372803,0.6273153424263,-0.03494365140795708,0.46496933698654175,0.5953323841094971,-0.04168575629591942,0.4769113063812256,0.7354887127876282,-0.017875485122203827,0.48238638043403625,0.7064946889877319,-0.02819538675248623,0.48319876194000244,0.7213185429573059,-0.029285570606589317,0.4837494492530823,0.7403215169906616,-0.029408330097794533
0.466410368680954,0.8362146019935608,1.9382932237022032e-07,0.4494822323322296,0.8249959945678711,-0.01818930357694626,0.4424195885658264,0.792273998260498,-0.02367676980793476,0.4595412611961365,0.757984459400177,-0.026378963142633438,0.4762733280658722,0.7308884859085083,-0.028592271730303764,0.4265875220298767,0.7245993614196777,-0.01135376188904047,0.41069868206977844,0.6764813661575317,-0.017904656007885933,0.40229332447052,0.6450483202934265,-0.023271935060620308,0.39488890767097473,0.6184319853782654,-0.027704736217856407,0.4450828433036804,0.7126391530036926,-0.01164634432643652,0.4378548860549927,0.6513276100158691,-0.01762232929468155,0.43548187613487244,0.6148636937141418,-0.02393408864736557,0.43114420771598816,0.5846232175827026,-0.028116276487708092,0.4612729847431183,0.7167506814002991,-0.01446966640651226,0.46653175354003906,0.6613549590110779,-0.02594948001205921,0.4676436483860016,0.6271939277648926,-0.03719731792807579,0.4656749367713928,0.595572829246521,-0.04471862316131592,0.4775734543800354,0.7352274060249329,-0.018532851710915565,0.4827939569950104,0.7072652578353882,-0.029726775363087654,0.4829518496990204,0.7225346565246582,-0.03169456869363785,0.48307961225509644,0.7411940097808838,-0.0326005220413208
0.46617335081100464,0.8364493250846863,1.8620895048115926e-07,0.4497889578342438,0.8245207071304321,-0.01744246296584606,0.4443327486515045,0.790479302406311,-0.021944763138890266,0.4598923623561859,0.7548731565475464,-0.023552369326353073,0.4730917811393738,0.7266390323638916,-0.02455739490687847,0.42705342173576355,0.7248885631561279,-0.010736487805843353,0.41129592061042786,0.6765902042388916,-0.01683913730084896,0.40239018201828003,0.6452226042747498,-0.021594738587737083,0.39456552267074585,0.6187319159507751,-0.02542562037706375,0.4455529749393463,0.7134763598442078,-0.011078018695116043,0.43864813446998596,0.6516951322555542,-0.0170820951461792,0.43617501854896545,0.6153579950332642,-0.02293175458908081,0.4315909147262573,0.5851109027862549,-0.026444047689437866,0.4615345895290375,0.7174353003501892,-0.013891603797674179,0.4657441973686218,0.6613637208938599,-0.02573350816965103,0.4663826823234558,0.6270768046379089,-0.037005290389060974,0.4640704095363617,0.5950124263763428,-0.044150784611701965,0.4779209494590759,0.7360750436782837,-0.017802644520998,0.48252907395362854,0.7076228857040405,-0.028845757246017456,0.4830433130264282,0.7236114144325256,-0.030556539073586464,0.4839126467704773,0.7431926131248474,-0.031109392642974854
0.4667401611804962,0.8371138572692871,1.9690091335178295e-07,0.45073607563972473,0.8272672295570374,-0.017996352165937424,0.44465962052345276,0.7951610684394836,-0.022898266091942787,0.4601268768310547,0.7601026892662048,-0.02477460727095604,0.47450804710388184,0.731623113155365,-0.025896763429045677,0.4276237189769745,0.7257956862449646,-0.011237889528274536,0.4121202230453491,0.6774977445602417,-0.017269939184188843,0.4033418893814087,0.6460250020027161,-0.0217228252440691,0.3958554267883301,0.6195732951164246,-0.025353914126753807,0.4457457363605499,0.7138881087303162,-0.011224002577364445,0.4391566216945648,0.6523088812828064,-0.017670346423983574,0.43710198998451233,0.6158292889595032,-0.02318906970322132,0.4329794645309448,0.585563063621521,-0.02627543732523918,0.4614487588405609,0.7177405953407288,-0.013731811195611954,0.4662129580974579,0.6619486212730408,-0.02589096501469612,0.46731430292129517,0.6278595328330994,-0.036687567830085754,0.4651337265968323,0.5960256457328796,-0.04328653961420059,0.4776204228401184,0.7365542054176331,-0.017396531999111176,0.483247309923172,0.7082118988037109,-0.028555957600474358,0.4838106334209442,0.7242589592933655,-0.030184220522642136,0.48432692885398865,0.7439812421798706,-0.030525796115398407
0.4679987132549286,0.8379941582679749,2.0678868395407335e-07,0.44999030232429504,0.8281676769256592,-0.019033676013350487,0.4428398013114929,0.7964011430740356,-0.024876229465007782,0.45871248841285706,0.761727511882782,-0.02768515795469284,0.47381851077079773,0.7330944538116455,-0.029907679185271263,0.42793864011764526,0.7263398170471191,-0.012645440176129341,0.4124000370502472,0.6780734062194824,-0.01969117298722267,0.40383315086364746,0.6462831497192383,-0.025113405659794807,0.39669039845466614,0.6192637085914612,-0.029442833736538887,0.4463295340538025,0.7137401103973389,-0.012384278699755669,0.43953990936279297,0.6522834300994873,-0.01912020891904831,0.4370492398738861,0.6159015893936157,-0.025254439562559128,0.43252870440483093,0.5850912928581238,-0.028999367728829384,0.4621317982673645,0.7172701358795166,-0.014703510329127312,0.46622687578201294,0.6621072292327881,-0.0267679151147604,0.46702152490615845,0.62832111120224,-0.0377255380153656,0.4648323953151703,0.5967070460319519,-0.044694509357213974,0.4780236780643463,0.7359005808830261,-0.018340876325964928,0.48256734013557434,0.7080047130584717,-0.029797133058309555,0.4832501709461212,0.7241062521934509,-0.031729258596897125,0.48404014110565186,0.7434689402580261,-0.032357800751924515
0.4669864773750305,0.8380748629570007,2.051273924053021e-07,0.4498560428619385,0.8276515007019043,-0.019111014902591705,0.4427984952926636,0.7957824468612671,-0.024952778592705727,0.4596613347530365,0.761515736579895,-0.027684034779667854,0.4767151474952698,0.733586311340332,-0.029831785708665848,0.42759713530540466,0.7255009412765503,-0.012435252778232098,0.41196009516716003,0.6769493818283081,-0.01901128701865673,0.40312668681144714,0.6452237367630005,-0.024053234606981277,0.39553356170654297,0.6184511184692383,-0.02813986875116825,0.44577348232269287,0.7134052515029907,-0.012047962285578251,0.4389583468437195,0.6519902348518372,-0.01877514272928238,0.436279833316803,0.6152624487876892,-0.024799618870019913,0.4315853714942932,0.5845189690589905,-0.028314296156167984,0.46144983172416687,0.7169881463050842,-0.014218869619071484,0.4659370183944702,0.6609726548194885,-0.02673093043267727,0.4664330780506134,0.6267162561416626,-0.03792387619614601,0.46403419971466064,0.5948607921600342,-0.04483634978532791,0.47763094305992126,0.735327959060669,-0.017655320465564728,0.4824862778186798,0.7074280977249146,-0.029726481065154076,0.48323550820350647,0.7250362038612366,-0.031750816851854324,0.48433446884155273,0.7459334135055542,-0.0322335921227932
0.46714502573013306,0.837700605392456,1.9505887394188903e-07,0.4506625831127167,0.8275996446609497,-0.017860490828752518,0.4435493052005768,0.7954988479614258,-0.023374302312731743,0.45991966128349304,0.7613036632537842,-0.026137027889490128,0.47722381353378296,0.7342276573181152,-0.028495868667960167,0.4273820221424103,0.7254478931427002,-0.011123191565275192,0.41172024607658386,0.6767739057540894,-0.01754126325249672,0.4031665325164795,0.6449949145317078,-0.022564394399523735,0.39543649554252625,0.6183767318725586,-0.026661943644285202,0.4454517364501953,0.7132142782211304,-0.011446062475442886,0.4386536478996277,0.6525665521621704,-0.01767345517873764,0.4358736574649811,0.6158507466316223,-0.023583998903632164,0.4309536814689636,0.5855360627174377,-0.027132414281368256,0.46129289269447327,0.7168318033218384,-0.014244820922613144,0.4656336307525635,0.6613012552261353,-0.026448894292116165,0.46577078104019165,0.6264642477035522,-0.037595298141241074,0.4632503390312195,0.5942516326904297,-0.04470155015587807,0.47735315561294556,0.7349029779434204,-0.018201392143964767,0.4824715256690979,0.708696722984314,-0.03068329021334648,0.48348525166511536,0.725986659526825,-0.03291554003953934,0.485113263130188,0.7462658882141113,-0.03351776674389839
0.4669051170349121,0.8381928205490112,1.9992052102679736e-07,0.4506100118160248,0.8280556797981262,-0.018947819247841835,0.4444482922554016,0.7960146069526672,-0.024734746664762497,0.46094030141830444,0.7614873051643372,-0.027538636699318886,0.47713717818260193,0.7330621480941772,-0.029845794662833214,0.4272313714027405,0.7260531783103943,-0.011870513670146465,0.41163015365600586,0.6775529980659485,-0.018429536372423172,0.40301594138145447,0.6457224488258362,-0.023644233122467995,0.39550456404685974,0.6188695430755615,-0.027913188561797142,0.4452657997608185,0.7136982083320618,-0.011693340726196766,0.43835586309432983,0.652671217918396,-0.0181942880153656,0.4357016384601593,0.6162094473838806,-0.024581363424658775,0.4309970438480377,0.585578203201294,-0.028534717857837677,0.4610406458377838,0.717110812664032,-0.014062530361115932,0.46564584970474243,0.6613823175430298,-0.02638733573257923,0.46624645590782166,0.6270792484283447,-0.03783761337399483,0.46409842371940613,0.594967246055603,-0.045174241065979004,0.4771384000778198,0.7353550791740417,-0.017677685245871544,0.4820273518562317,0.7078443765640259,-0.029803385958075523,0.4828406870365143,0.7250910997390747,-0.03203250840306282,0.4840691387653351,0.7453585267066956,-0.03280484303832054
0.4670239984989166,0.8382886648178101,1.9111196536414354e-07,0.4513172507286072,0.8276122808456421,-0.018221011385321617,0.44584107398986816,0.7942301630973816,-0.023178907111287117,0.46190720796585083,0.7586115598678589,-0.025165630504488945,0.4773491621017456,0.7308136820793152,-0.026589874178171158,0.4275074899196625,0.7263356447219849,-0.011050107888877392,0.41175737977027893,0.6776896715164185,-0.01714545488357544,0.4029170870780945,0.6460617184638977,-0.021937374025583267,0.3949020504951477,0.619402289390564,-0.02580518275499344,0.4455135762691498,0.7142744660377502,-0.010983786545693874,0.4386100471019745,0.652987539768219,-0.017095642164349556,0.4357893466949463,0.616281270980835,-0.022935571148991585,0.4306703507900238,0.585688591003418,-0.026349077001214027,0.4612215757369995,0.7175813913345337,-0.013429923914372921,0.4655474126338959,0.6616361737251282,-0.025420494377613068,0.4660489857196808,0.6268948316574097,-0.0365588553249836,0.463600754737854,0.5945368409156799,-0.04352904111146927,0.47728097438812256,0.7355061769485474,-0.017073385417461395,0.4821503758430481,0.7080008387565613,-0.02864055521786213,0.4830346405506134,0.7250198125839233,-0.030472997575998306,0.4844118356704712,0.7454401254653931,-0.030908752232789993
0.4672773480415344,0.8388969302177429,1.945031158356869e-07,0.4508203864097595,0.827624499797821,-0.018338635563850403,0.44433510303497314,0.7948168516159058,-0.02367437444627285,0.4606303870677948,0.7595941424369812,-0.026093602180480957,0.4774039685726166,0.7316182255744934,-0.027913829311728477,0.4271835386753082,0.7259501218795776,-0.011045873165130615,0.4113335609436035,0.6775168180465698,-0.01723374053835869,0.40255922079086304,0.6460022926330566,-0.022225338965654373,0.39473867416381836,0.6195387840270996,-0.026322422549128532,0.4453445374965668,0.7139428853988647,-0.01106170378625393,0.4381413459777832,0.6529876589775085,-0.01728232391178608,0.43541690707206726,0.6165387630462646,-0.023304352536797523,0.4304787218570709,0.5862411260604858,-0.026909885928034782,0.46123334765434265,0.7174322605133057,-0.013625020161271095,0.46509358286857605,0.6618219017982483,-0.025528637692332268,0.4653767943382263,0.6271334290504456,-0.036649733781814575,0.4627007842063904,0.5947996973991394,-0.043693024665117264,0.4776236414909363,0.7357217669487,-0.017433149740099907,0.48237067461013794,0.7075708508491516,-0.02882160246372223,0.48303914070129395,0.7242286205291748,-0.030600320547819138,0.48401811718940735,0.7445507049560547,-0.03107966110110283
0.467525452375412,0.8391575813293457,2.0119088617320813e-07,0.4509159028530121,0.8277353048324585,-0.01859627477824688,0.44454827904701233,0.7947845458984375,-0.024250125512480736,0.4609110653400421,0.759351372718811,-0.02701999805867672,0.4777239263057709,0.7306723594665527,-0.029268845915794373,0.42657214403152466,0.7264500856399536,-0.011152703315019608,0.41077306866645813,0.6777634620666504,-0.01736239716410637,0.40228813886642456,0.645950436592102,-0.022404158487915993,0.3947405219078064,0.6193599104881287,-0.026535164564847946,0.4447450637817383,0.7142499685287476,-0.011068837717175484,0.43748190999031067,0.6532086730003357,-0.017310190945863724,0.4349117875099182,0.616529107093811,-0.02353699319064617,0.4301929175853729,0.586047351360321,-0.027336658909916878,0.4606744050979614,0.7177062034606934,-0.0135248564183712,0.46453744173049927,0.6619089841842651,-0.025470437481999397,0.4647630453109741,0.6270285844802856,-0.036897651851177216,0.4621780514717102,0.5948805212974548,-0.04424325376749039,0.47695624828338623,0.7357958555221558,-0.017217881977558136,0.48204362392425537,0.7081870436668396,-0.029007835313677788,0.48325908184051514,0.7248069643974304,-0.031181318685412407,0.48492708802223206,0.745006263256073,-0.03191661089658737
0.4673771858215332,0.8371686935424805,1.8651435595984367e-07,0.4505319595336914,0.8245493769645691,-0.01696384884417057,0.44411253929138184,0.7892499566078186,-0.020600011572241783,0.45918798446655273,0.7522385120391846,-0.021380024030804634,0.47361278533935547,0.7244055271148682,-0.021507998928427696,0.4263809323310852,0.7250714898109436,-0.008641324937343597,0.410617858171463,0.6764218211174011,-0.013775750063359737,0.40181848406791687,0.6452518105506897,-0.01795417070388794,0.394049733877182,0.6191293597221375,-0.021425150334835052,0.4446646571159363,0.7133270502090454,-0.009017313830554485,0.4372161626815796,0.6517812013626099,-0.01435039658099413,0.4341837465763092,0.6152408719062805,-0.019956011325120926,0.42923232913017273,0.5851266384124756,-0.023223217576742172,0.46055588126182556,0.7165394425392151,-0.01194995827972889,0.46413981914520264,0.6599763631820679,-0.02370169200003147,0.4640582799911499,0.6251481175422668,-0.03537172079086304,0.461049348115921,0.5927349328994751,-0.04266310855746269,0.47717565298080444,0.7344996929168701,-0.015934642404317856,0.4817752540111542,0.7058740258216858,-0.027189387008547783,0.4829712510108948,0.7225049138069153,-0.029133103787899017,0.4845641255378723,0.7432390451431274,-0.029732847586274147
0.4672960042953491,0.8350823521614075,1.933719033786474e-07,0.45013514161109924,0.8239474296569824,-0.018110696226358414,0.4430322051048279,0.7899630665779114,-0.02278868295252323,0.458658367395401,0.753867506980896,-0.02449743263423443,0.4745497405529022,0.7258524298667908,-0.02556130290031433,0.4260830879211426,0.7231989502906799,-0.010290103033185005,0.41022661328315735,0.6748462319374084,-0.016085470095276833,0.4016764163970947,0.6435120701789856,-0.020776430144906044,0.39411938190460205,0.6175429821014404,-0.02454696223139763,0.4443108141422272,0.7113924622535706,-0.009962307289242744,0.43713271617889404,0.6507288217544556,-0.015328332781791687,0.4341505169868469,0.6147980690002441,-0.020928533747792244,0.42913082242012024,0.5851858854293823,-0.024320969358086586,0.46001628041267395,0.7146112322807312,-0.012221109122037888,0.46273088455200195,0.65880286693573,-0.023533938452601433,0.46188899874687195,0.6243553161621094,-0.034920066595077515,0.45821523666381836,0.5928418636322021,-0.0422464981675148,0.4760255217552185,0.7320958971977234,-0.015691719949245453,0.48083215951919556,0.7045085430145264,-0.026962202042341232,0.4822940528392792,0.7198600769042969,-0.029243256896734238,0.48400282859802246,0.7392905950546265,-0.030078163370490074
0.46798962354660034,0.8349993228912354,1.9679202978295507e-07,0.4506697356700897,0.8244704604148865,-0.01905922405421734,0.4439094364643097,0.7912611961364746,-0.024329857900738716,0.45874157547950745,0.7550005316734314,-0.026381582021713257,0.4715607762336731,0.7255172729492188,-0.027840178459882736,0.4270811378955841,0.7240331172943115,-0.012373239733278751,0.41137415170669556,0.675876796245575,-0.01865573413670063,0.40276938676834106,0.6444005966186523,-0.023712752386927605,0.3951631784439087,0.6177483797073364,-0.027816589921712875,0.4451311528682709,0.7120374441146851,-0.011793836951255798,0.437639057636261,0.6513230204582214,-0.01776706613600254,0.43459466099739075,0.6152724623680115,-0.023821817710995674,0.42932048439979553,0.5850176215171814,-0.027619048953056335,0.46078306436538696,0.7149694561958313,-0.013764888048171997,0.46339404582977295,0.6591740846633911,-0.025503823533654213,0.462898313999176,0.6244612336158752,-0.03705460950732231,0.4596453309059143,0.5924463868141174,-0.044583313167095184,0.47681480646133423,0.7324080467224121,-0.01700703799724579,0.48047295212745667,0.7043090462684631,-0.02849326841533184,0.48146581649780273,0.7205766439437866,-0.03079959750175476,0.482999324798584,0.7407633662223816,-0.031784627586603165
0.4681258797645569,0.8347656726837158,1.9981827392712148e-07,0.45078045129776,0.8253045678138733,-0.01923113688826561,0.4425203502178192,0.7941780686378479,-0.025697125121951103,0.4574509561061859,0.7586794495582581,-0.029104342684149742,0.47308775782585144,0.7299339175224304,-0.03214374557137489,0.4269535541534424,0.7242262959480286,-0.01345222070813179,0.41150882840156555,0.67616206407547,-0.020539792254567146,0.40314802527427673,0.6443844437599182,-0.026402806863188744,0.3954205811023712,0.6173011064529419,-0.031131044030189514,0.44508928060531616,0.711837887763977,-0.013129976578056812,0.4378419816493988,0.6520580649375916,-0.01923021487891674,0.43456795811653137,0.6155565977096558,-0.02562556229531765,0.42898425459861755,0.5848034620285034,-0.029919665306806564,0.46090778708457947,0.7148908376693726,-0.015282080508768559,0.4635334014892578,0.659855306148529,-0.02706115134060383,0.46283888816833496,0.625006914138794,-0.03837462142109871,0.45950260758399963,0.5931271314620972,-0.04598897695541382,0.4766431748867035,0.7317740321159363,-0.018736740574240685,0.4805556535720825,0.7045263648033142,-0.031030409038066864,0.4819876551628113,0.7204639315605164,-0.03357638418674469,0.483820378780365,0.7397730946540833,-0.03464255854487419
0.4683537185192108,0.8345509171485901,2.032231094517556e-07,0.4512174427509308,0.8234915137290955,-0.01908252201974392,0.44290757179260254,0.7918174266815186,-0.025401808321475983,0.4582406282424927,0.7563410997390747,-0.02877506986260414,0.47451159358024597,0.7281931042671204,-0.03178074583411217,0.42726728320121765,0.7245623469352722,-0.013196528889238834,0.4112910330295563,0.6764174699783325,-0.020320096984505653,0.4030212461948395,0.6446938514709473,-0.026215815916657448,0.3958430290222168,0.6178169250488281,-0.030975211411714554,0.4453936815261841,0.7123236060142517,-0.012965152971446514,0.4376979172229767,0.6523609161376953,-0.019213667139410973,0.43472036719322205,0.6158452033996582,-0.02602303773164749,0.4298475384712219,0.5851321220397949,-0.030576281249523163,0.46127933263778687,0.7155402898788452,-0.015189459547400475,0.4635683000087738,0.6605018973350525,-0.026973797008395195,0.4633420705795288,0.6255913972854614,-0.0388612300157547,0.46049070358276367,0.5937849283218384,-0.04683844372630119,0.4774397015571594,0.7330172061920166,-0.01868540048599243,0.4812288284301758,0.705326497554779,-0.030774667859077454,0.4822956323623657,0.7205685973167419,-0.03358577936887741,0.4835015535354614,0.7398018836975098,-0.034915778785943985
0.46895813941955566,0.8347201943397522,1.960708715387227e-07,0.4511163532733917,0.8241904377937317,-0.018369624391198158,0.4429416358470917,0.7919195890426636,-0.023787805810570717,0.45728179812431335,0.755988359451294,-0.026217792183160782,0.47153547406196594,0.727532684803009,-0.028132259845733643,0.42737114429473877,0.7247604131698608,-0.012076601386070251,0.4115631580352783,0.6770142912864685,-0.018574140965938568,0.4029819071292877,0.6454522013664246,-0.023861883208155632,0.395535945892334,0.618788480758667,-0.02814267762005329,0.4455265402793884,0.7126258611679077,-0.01202267687767744,0.43791496753692627,0.6520757675170898,-0.01805051602423191,0.43494921922683716,0.6154651045799255,-0.024264425039291382,0.4300552010536194,0.5850561857223511,-0.028209319338202477,0.4614201486110687,0.7157527208328247,-0.014447884634137154,0.46383237838745117,0.6596858501434326,-0.02632414735853672,0.4634420871734619,0.6248002052307129,-0.03802970051765442,0.4603084325790405,0.5929733514785767,-0.045668888837099075,0.4777609407901764,0.73317950963974,-0.018047109246253967,0.481719434261322,0.7048919200897217,-0.029839204624295235,0.4829299747943878,0.7202640175819397,-0.03233467787504196,0.4843634366989136,0.7398346662521362,-0.03339621424674988
0.46843618154525757,0.8351073861122131,1.9941364826081553e-07,0.45178043842315674,0.8248181939125061,-0.018601244315505028,0.44443708658218384,0.7926608324050903,-0.02397756837308407,0.45898815989494324,0.7571263313293457,-0.026240166276693344,0.4731588661670685,0.7280698418617249,-0.02790188044309616,0.42739173769950867,0.7252016663551331,-0.01234494335949421,0.41164854168891907,0.677402675151825,-0.0187516026198864,0.4030084013938904,0.6458207368850708,-0.023704076185822487,0.3955842852592468,0.6190887689590454,-0.02766728214919567,0.44517308473587036,0.7130187749862671,-0.011972999200224876,0.43752333521842957,0.6524577736854553,-0.018403958529233932,0.4348354637622833,0.615973174571991,-0.024378959089517593,0.4301955997943878,0.5855276584625244,-0.027896283194422722,0.4608395993709564,0.7161353826522827,-0.014062978327274323,0.4637075960636139,0.6600661277770996,-0.026405727490782738,0.4638492166996002,0.6253781914710999,-0.03790626302361488,0.46096616983413696,0.5933269262313843,-0.04512007534503937,0.4771096706390381,0.7339074015617371,-0.017302406951785088,0.48190656304359436,0.7058853507041931,-0.029172759503126144,0.4833832383155823,0.7220638394355774,-0.03141282871365547,0.48493292927742004,0.7422127723693848,-0.03213854134082794
0.46723681688308716,0.8365479707717896,1.9117688054848259e-07,0.4505930542945862,0.8251649141311646,-0.01766088604927063,0.4435814321041107,0.792112410068512,-0.022566689178347588,0.45980629324913025,0.7567270994186401,-0.024714395403862,0.47555315494537354,0.7289888858795166,-0.026359662413597107,0.42734211683273315,0.7245070338249207,-0.010314660146832466,0.41186419129371643,0.6764455437660217,-0.016386928036808968,0.4034457802772522,0.6448016166687012,-0.021387264132499695,0.39602842926979065,0.6181342601776123,-0.02547750249505043,0.44524455070495605,0.7127156257629395,-0.010507059283554554,0.43802040815353394,0.652237057685852,-0.016409164294600487,0.43538129329681396,0.6157103180885315,-0.0224081352353096,0.43081849813461304,0.5853114128112793,-0.026080800220370293,0.46103715896606445,0.7162718176841736,-0.013190679252147675,0.4638456106185913,0.6608562469482422,-0.02494642697274685,0.4633846580982208,0.6262978315353394,-0.036261092871427536,0.46033114194869995,0.594284176826477,-0.04351518675684929,0.4773334860801697,0.7342209219932556,-0.017041634768247604,0.48201075196266174,0.7063076496124268,-0.028512686491012573,0.4829903841018677,0.7225945591926575,-0.030561959370970726,0.4845850467681885,0.7424530386924744,-0.031253062188625336
0.4676312804222107,0.836655855178833,2.0976764858460228e-07,0.4502980709075928,0.8267027735710144,-0.019054217264056206,0.4428592622280121,0.7957409620285034,-0.025562427937984467,0.4586823284626007,0.7622089982032776,-0.02914862148463726,0.47518959641456604,0.7342502474784851,-0.03228816017508507,0.42763856053352356,0.7260433435440063,-0.013080415315926075,0.41204601526260376,0.6779985427856445,-0.020185202360153198,0.40365365147590637,0.6462688446044922,-0.025796709582209587,0.3963935077190399,0.6194578409194946,-0.030293066054582596,0.4456981420516968,0.7135800123214722,-0.012957890518009663,0.4383758008480072,0.6527674198150635,-0.019674748182296753,0.43556851148605347,0.616220235824585,-0.026052389293909073,0.43081650137901306,0.5857419371604919,-0.030017053708434105,0.46152806282043457,0.7168125510215759,-0.015341549180448055,0.46481889486312866,0.6607889533042908,-0.027755433693528175,0.46469905972480774,0.6260291934013367,-0.039323024451732635,0.4620964825153351,0.5944100618362427,-0.04678191617131233,0.4777192175388336,0.734443187713623,-0.018974892795085907,0.4825671315193176,0.7069199681282043,-0.03146437183022499,0.48387181758880615,0.723547637462616,-0.03403495252132416,0.4856031537055969,0.7439777255058289,-0.03498180955648422
0.46758952736854553,0.8369450569152832,1.9495729475238477e-07,0.450567364692688,0.8255934715270996,-0.01822536066174507,0.44309014081954956,0.7938467264175415,-0.024000514298677444,0.45920392870903015,0.7586463093757629,-0.0269574373960495,0.47513851523399353,0.7301253080368042,-0.02947579324245453,0.4276317358016968,0.7248543500900269,-0.011486048810184002,0.4116634428501129,0.6766433715820312,-0.017977692186832428,0.40308600664138794,0.6450415253639221,-0.023356158286333084,0.3954710066318512,0.6180577874183655,-0.027766987681388855,0.4455423653125763,0.7130518555641174,-0.011596765369176865,0.43788400292396545,0.6525663733482361,-0.017920562997460365,0.43521884083747864,0.6161168813705444,-0.024225417524576187,0.43060076236724854,0.5855435729026794,-0.028167691081762314,0.461380273103714,0.7167180180549622,-0.014169828966259956,0.46392229199409485,0.6610925197601318,-0.026325149461627007,0.4635159969329834,0.6264725923538208,-0.037586573511362076,0.4606635868549347,0.59441077709198,-0.04483354836702347,0.47777724266052246,0.7345996499061584,-0.017935408279299736,0.48147982358932495,0.7058578133583069,-0.029835810884833336,0.4823400676250458,0.7230547070503235,-0.03178062662482262,0.48402127623558044,0.7438347935676575,-0.03238757699728012
0.4667476415634155,0.8378440737724304,1.932289706019219e-07,0.4505774974822998,0.8268053531646729,-0.018741052597761154,0.4435979723930359,0.7953556180000305,-0.024563077837228775,0.46030861139297485,0.7607953548431396,-0.027449818328022957,0.4776294529438019,0.7326595783233643,-0.029703205451369286,0.42766690254211426,0.7250762581825256,-0.011367691680788994,0.4118650555610657,0.6768522262573242,-0.018139513209462166,0.4033438265323639,0.6450002789497375,-0.02356639690697193,0.3958822190761566,0.6179127097129822,-0.02788972668349743,0.4454105794429779,0.7132734060287476,-0.011239825747907162,0.43795230984687805,0.6529150009155273,-0.01787620410323143,0.4353711009025574,0.6163778305053711,-0.023947419598698616,0.4308503568172455,0.5857324004173279,-0.02754269354045391,0.46095171570777893,0.716919481754303,-0.013727533631026745,0.4638481140136719,0.6618879437446594,-0.026132933795452118,0.46361008286476135,0.6274104118347168,-0.03706728294491768,0.46059074997901917,0.5950169563293457,-0.04386287182569504,0.4771793484687805,0.7350389957427979,-0.017504656687378883,0.4815008044242859,0.7062264084815979,-0.029175998643040657,0.48244422674179077,0.7232117056846619,-0.030801020562648773,0.4839184582233429,0.7437102794647217,-0.031086431816220284
0.4672754108905792,0.8378902077674866,1.894813550507024e-07,0.45075249671936035,0.8267016410827637,-0.017832307144999504,0.4438095688819885,0.7942358255386353,-0.022968506440520287,0.4594314396381378,0.7587682604789734,-0.025290779769420624,0.47410356998443604,0.7296823263168335,-0.027056418359279633,0.42755067348480225,0.725023090839386,-0.0104727353900671,0.4120499789714813,0.6769888401031494,-0.016581512987613678,0.40359586477279663,0.6454026103019714,-0.02159704640507698,0.3960912823677063,0.6186330318450928,-0.025673875585198402,0.44553422927856445,0.7131392955780029,-0.010594415478408337,0.4383021891117096,0.6526055335998535,-0.0166829451918602,0.4357740581035614,0.6160667538642883,-0.02254243940114975,0.4311155080795288,0.585479736328125,-0.02603955939412117,0.46130672097206116,0.7168087959289551,-0.013221892528235912,0.46417033672332764,0.6614950895309448,-0.02512708306312561,0.46403396129608154,0.6269680857658386,-0.03612136095762253,0.46115705370903015,0.5945141315460205,-0.0431121364235878,0.4774898290634155,0.73499995470047,-0.017054563388228416,0.4820963740348816,0.7065877318382263,-0.02866334281861782,0.48340457677841187,0.7233067154884338,-0.030548397451639175,0.48518913984298706,0.7432239055633545,-0.031079119071364403
0.4675237834453583,0.8380690813064575,1.9842185849938687e-07,0.4504835605621338,0.82721346616745,-0.01859430968761444,0.4428004324436188,0.7963850498199463,-0.024551372975111008,0.45853981375694275,0.7622703909873962,-0.027574792504310608,0.47533100843429565,0.7337607741355896,-0.02995726652443409,0.42773669958114624,0.7258230447769165,-0.011943338438868523,0.41192710399627686,0.6778019666671753,-0.018716229125857353,0.4033057391643524,0.6460856199264526,-0.024065829813480377,0.3957677483558655,0.6192523837089539,-0.028284261003136635,0.4456425607204437,0.7138246297836304,-0.01187500637024641,0.4383643865585327,0.653185248374939,-0.0183833297342062,0.4357050955295563,0.6164814829826355,-0.024268126115202904,0.4310353398323059,0.5859719514846802,-0.027724632993340492,0.4611993432044983,0.717388391494751,-0.014366078190505505,0.4642963409423828,0.6625169515609741,-0.026618119329214096,0.4642488956451416,0.6276279091835022,-0.03761574253439903,0.4613496661186218,0.595383882522583,-0.04449382424354553,0.47728607058525085,0.7356122732162476,-0.01812848635017872,0.4824298620223999,0.7072287797927856,-0.029838506132364273,0.483795166015625,0.7238767147064209,-0.031600743532180786,0.4853413701057434,0.7446825504302979,-0.03194569796323776
0.46648338437080383,0.838485062122345,1.928294466324587e-07,0.45049336552619934,0.8268626928329468,-0.01780736818909645,0.4432850778102875,0.7952033877372742,-0.023277848958969116,0.4600379467010498,0.7615313529968262,-0.026155706495046616,0.47809338569641113,0.7347582578659058,-0.02857324667274952,0.4275326728820801,0.7257189154624939,-0.010252285748720169,0.4118514955043793,0.6776740550994873,-0.016874728724360466,0.4032694697380066,0.6458458304405212,-0.022348038852214813,0.3955295979976654,0.6190115213394165,-0.026725146919488907,0.44520077109336853,0.713718593120575,-0.010622028261423111,0.437863290309906,0.6535354852676392,-0.016871508210897446,0.43503838777542114,0.6167500615119934,-0.022827835753560066,0.4302019774913788,0.5862123966217041,-0.02638799324631691,0.46085312962532043,0.7174462080001831,-0.013566485606133938,0.46385136246681213,0.6618717312812805,-0.025529630482196808,0.46355000138282776,0.6273744106292725,-0.036373574286699295,0.46058347821235657,0.5952852368354797,-0.04321911558508873,0.47717028856277466,0.7356444597244263,-0.017767013981938362,0.4820275902748108,0.7077492475509644,-0.0294503103941679,0.4832625091075897,0.7243704199790955,-0.031193967908620834,0.485126793384552,0.7445658445358276,-0.031541384756565094
0.4671301245689392,0.8382760882377625,1.9576292231704429e-07,0.44975951313972473,0.8268352150917053,-0.018079297617077827,0.4420158565044403,0.7943729758262634,-0.023416591808199883,0.45952174067497253,0.7605150938034058,-0.02601988986134529,0.47835683822631836,0.7346593737602234,-0.02814944088459015,0.4278884828090668,0.7260411381721497,-0.010815301910042763,0.4124297499656677,0.6777472496032715,-0.017425190657377243,0.4039124548435211,0.6460480690002441,-0.022808700799942017,0.3963136374950409,0.6192893981933594,-0.027126947417855263,0.4458978772163391,0.7140626907348633,-0.011110625229775906,0.4386085867881775,0.6535369753837585,-0.017160259187221527,0.43591880798339844,0.6169898509979248,-0.023013871163129807,0.4313695430755615,0.5868312120437622,-0.026540691033005714,0.4615936577320099,0.7177318334579468,-0.014004184864461422,0.464748352766037,0.6619625687599182,-0.02587108686566353,0.4647648334503174,0.6274073123931885,-0.036914363503456116,0.4621129035949707,0.5955349206924438,-0.04391380399465561,0.4778677523136139,0.7358839511871338,-0.01817728392779827,0.48288044333457947,0.7078439593315125,-0.029846884310245514,0.48416197299957275,0.7244766354560852,-0.031682584434747696,0.48579511046409607,0.7450945377349854,-0.032116975635290146
0.46748071908950806,0.8375445604324341,1.9323030642226513e-07,0.4505521357059479,0.825998067855835,-0.017255831509828568,0.44279319047927856,0.7932382225990295,-0.022153079509735107,0.4598150849342346,0.7589109539985657,-0.024483906105160713,0.4784289300441742,0.7332763075828552,-0.026486029848456383,0.4276248514652252,0.7261459231376648,-0.009962696582078934,0.4123684763908386,0.6777204275131226,-0.01606578566133976,0.4041481018066406,0.6462530493736267,-0.021152101457118988,0.3965596854686737,0.6198149919509888,-0.025280306115746498,0.44572266936302185,0.7141159772872925,-0.010616740211844444,0.43880707025527954,0.6536558866500854,-0.015946002677083015,0.436045378446579,0.6170477271080017,-0.02157660387456417,0.431260347366333,0.5868266224861145,-0.025045296177268028,0.46152785420417786,0.7177578806877136,-0.0137918246909976,0.4645852744579315,0.6619071364402771,-0.025206614285707474,0.46425408124923706,0.6268598437309265,-0.03639032319188118,0.46132442355155945,0.5944830179214478,-0.04363860934972763,0.47772759199142456,0.7358235716819763,-0.018162207677960396,0.4831058084964752,0.7082057595252991,-0.0299425907433033,0.4847619831562042,0.7247293591499329,-0.03196653351187706,0.48670506477355957,0.7451256513595581,-0.032549723982810974
0.4666242301464081,0.8379142880439758,1.9300317433135206e-07,0.45070087909698486,0.8266426920890808,-0.017597539350390434,0.4436708092689514,0.7945181727409363,-0.022919105365872383,0.46006518602371216,0.7598186731338501,-0.025623871013522148,0.4775429964065552,0.7327824234962463,-0.027917763218283653,0.4276398718357086,0.7260213494300842,-0.010473466478288174,0.4122034013271332,0.6774827241897583,-0.016843153163790703,0.40366098284721375,0.6457550525665283,-0.022014431655406952,0.3959096074104309,0.6190322637557983,-0.02615230716764927,0.4453442692756653,0.713781476020813,-0.01083226315677166,0.43790122866630554,0.6534537076950073,-0.016817357391119003,0.43495428562164307,0.6168042421340942,-0.02254823036491871,0.4300471246242523,0.586524248123169,-0.025920679792761803,0.46101194620132446,0.7173056602478027,-0.013678898103535175,0.46383851766586304,0.661582887172699,-0.025398841127753258,0.4633997678756714,0.6270349621772766,-0.036191802471876144,0.46037557721138,0.5951478481292725,-0.04303101450204849,0.47710832953453064,0.7352263331413269,-0.01773972064256668,0.4823077917098999,0.7076868414878845,-0.029392486438155174,0.4837363362312317,0.7242670059204102,-0.031190667301416397,0.4857717752456665,0.7444861531257629,-0.03153986856341362
0.46735507249832153,0.8385514616966248,1.9829107600344287e-07,0.4501893222332001,0.8274844884872437,-0.018048273399472237,0.4420498311519623,0.7963672876358032,-0.023774877190589905,0.4588437080383301,0.7627646327018738,-0.02687596157193184,0.47691842913627625,0.7361313104629517,-0.029516730457544327,0.4272617995738983,0.7262282371520996,-0.01072914432734251,0.4119006097316742,0.6782885193824768,-0.017487453296780586,0.4035918712615967,0.6464465856552124,-0.023028217256069183,0.39614731073379517,0.6196274757385254,-0.027422556653618813,0.4452533423900604,0.7137197852134705,-0.011069130152463913,0.43791306018829346,0.6536681056022644,-0.01713755913078785,0.4352637529373169,0.616765022277832,-0.02287949062883854,0.4307959973812103,0.5863246917724609,-0.026316093280911446,0.4611324071884155,0.7174645066261292,-0.014009243808686733,0.4640403687953949,0.6625757813453674,-0.025699712336063385,0.46402281522750854,0.6281048655509949,-0.036379314959049225,0.46143263578414917,0.5963107347488403,-0.04319396987557411,0.47745025157928467,0.7356590628623962,-0.018271708860993385,0.482979953289032,0.7083741426467896,-0.03001052513718605,0.48433035612106323,0.7246422171592712,-0.03188825398683548,0.4860008955001831,0.7445080280303955,-0.03229491412639618
0.4672834575176239,0.8398042321205139,1.9976700116330903e-07,0.4495300054550171,0.8288940191268921,-0.018122505396604538,0.4416557252407074,0.79776930809021,-0.02426668256521225,0.45828554034233093,0.7639216780662537,-0.02774481475353241,0.47647058963775635,0.7368561625480652,-0.030743615701794624,0.42802414298057556,0.726990818977356,-0.011540103703737259,0.41256022453308105,0.6787003874778748,-0.018634194508194923,0.4041929543018341,0.6467366814613342,-0.02423780970275402,0.39685800671577454,0.6198632121086121,-0.028657782822847366,0.4462346136569977,0.714771032333374,-0.011891799047589302,0.43857136368751526,0.6542572379112244,-0.01879933476448059,0.43578433990478516,0.6173776984214783,-0.024760620668530464,0.43116137385368347,0.5868403315544128,-0.028189020231366158,0.462158203125,0.7186694145202637,-0.014775254763662815,0.464916467666626,0.6633568406105042,-0.027043960988521576,0.464980810880661,0.6288749575614929,-0.03754676505923271,0.46250826120376587,0.5971929430961609,-0.04406142979860306,0.47831737995147705,0.7372206449508667,-0.018934881314635277,0.48283880949020386,0.7094166278839111,-0.030732987448573112,0.4837762117385864,0.7263533473014832,-0.03228991478681564,0.48539668321609497,0.746987521648407,-0.032407697290182114
0.4680594503879547,0.838674783706665,2.1452478904393502e-07,0.45026081800460815,0.8300320506095886,-0.01886432245373726,0.4414518475532532,0.8010101318359375,-0.025820471346378326,0.4568002223968506,0.768326997756958,-0.0299861840903759,0.47420570254325867,0.7412233352661133,-0.03364254906773567,0.42737436294555664,0.7285679578781128,-0.013087345287203789,0.412479043006897,0.6801667809486389,-0.0205176193267107,0.40463411808013916,0.6481593251228333,-0.026251355186104774,0.3978201150894165,0.6211690902709961,-0.030787691473960876,0.4455503821372986,0.7154574394226074,-0.013113300316035748,0.43816205859184265,0.6547877192497253,-0.02030053175985813,0.43576985597610474,0.6178664565086365,-0.026349684223532677,0.4312816262245178,0.5871415138244629,-0.029891442507505417,0.46158260107040405,0.7187049984931946,-0.015633126720786095,0.4645443558692932,0.6634012460708618,-0.027979373931884766,0.46513596177101135,0.6286723613739014,-0.038409631699323654,0.4627332389354706,0.5968479514122009,-0.04496922716498375,0.47780275344848633,0.7366215586662292,-0.01947236992418766,0.4829798638820648,0.7090756893157959,-0.03160189837217331,0.484113484621048,0.7255029678344727,-0.033387962728738785,0.48526066541671753,0.7456110715866089,-0.03365619480609894
0.46767181158065796,0.8390196561813354,2.1788288506741083e-07,0.450036883354187,0.8310776948928833,-0.019929498434066772,0.44068655371665955,0.8034008145332336,-0.02785637229681015,0.4562944769859314,0.7717165350914001,-0.03271990269422531,0.47474393248558044,0.7447989583015442,-0.03706265240907669,0.427531361579895,0.7295332551002502,-0.015544265508651733,0.412442684173584,0.6815465688705444,-0.023804625496268272,0.4043980836868286,0.6493942737579346,-0.029943060129880905,0.39740803837776184,0.622183620929718,-0.0347282849252224,0.4456915855407715,0.7163881063461304,-0.015300069935619831,0.4382675588130951,0.6559630632400513,-0.02324606105685234,0.43600139021873474,0.6188996434211731,-0.029331892728805542,0.4316280484199524,0.5880334377288818,-0.03285859152674675,0.4616190791130066,0.7195622324943542,-0.01757012866437435,0.46478235721588135,0.6641924977302551,-0.0306487325578928,0.4654211401939392,0.6294220089912415,-0.041043128818273544,0.4631153643131256,0.5976228713989258,-0.047480277717113495,0.4779037535190582,0.7374921441078186,-0.021224237978458405,0.48297446966171265,0.7102707624435425,-0.03401894494891167,0.48399922251701355,0.7274561524391174,-0.035903822630643845,0.48506638407707214,0.7483862042427063,-0.03614579513669014
0.4682967960834503,0.8390005230903625,2.2132140031771996e-07,0.4504505693912506,0.8310181498527527,-0.019817495718598366,0.44082266092300415,0.8024361729621887,-0.027568213641643524,0.45685410499572754,0.7694879770278931,-0.03233795240521431,0.4756537079811096,0.7422457337379456,-0.03672167286276817,0.42728564143180847,0.7301231622695923,-0.014983439818024635,0.4121822714805603,0.6818574070930481,-0.02296445146203041,0.4044807255268097,0.6496518850326538,-0.029155053198337555,0.3977878987789154,0.6223598122596741,-0.034062642604112625,0.4456541836261749,0.7168245315551758,-0.014702008105814457,0.4382663071155548,0.6565462350845337,-0.021968133747577667,0.4357413351535797,0.619855523109436,-0.028253765776753426,0.43114539980888367,0.5891493558883667,-0.03217301890254021,0.4618157744407654,0.7199697494506836,-0.016915863379836082,0.46478036046028137,0.6643517017364502,-0.029574446380138397,0.4650677442550659,0.6297625303268433,-0.040394287556409836,0.4626598060131073,0.5982798337936401,-0.04734767600893974,0.47810834646224976,0.7375794649124146,-0.02048603817820549,0.4828409254550934,0.710034966468811,-0.03350735083222389,0.4842833876609802,0.7271953225135803,-0.03585077077150345,0.48587843775749207,0.7478423714637756,-0.03648879751563072
0.468953400850296,0.8361955285072327,2.193415298279433e-07,0.4492033123970032,0.8292709589004517,-0.018116820603609085,0.43843841552734375,0.8005651235580444,-0.024979395791888237,0.45072758197784424,0.7662624716758728,-0.029048588126897812,0.464614599943161,0.737846851348877,-0.03247765824198723,0.42334413528442383,0.7301887273788452,-0.013448012061417103,0.40720584988594055,0.6830626726150513,-0.02083735354244709,0.39881187677383423,0.6517206430435181,-0.026197079569101334,0.3916577696800232,0.6253456473350525,-0.030336597934365273,0.44166311621665955,0.7164714932441711,-0.0134228290989995,0.43266481161117554,0.6568928956985474,-0.020864466205239296,0.4296737313270569,0.6204146146774292,-0.02620432712137699,0.42465564608573914,0.5900777578353882,-0.029149381443858147,0.4580831527709961,0.7187967300415039,-0.01580216735601425,0.45908141136169434,0.6637347936630249,-0.028123611584305763,0.45879244804382324,0.6296041011810303,-0.03750259801745415,0.45543229579925537,0.5987812280654907,-0.04318027198314667,0.47496193647384644,0.7351042032241821,-0.01939377747476101,0.4785052537918091,0.7068005204200745,-0.030665485188364983,0.4793210029602051,0.7230707406997681,-0.031599465757608414,0.4805052876472473,0.7430418133735657,-0.03133606165647507
0.4683884382247925,0.8346717357635498,2.1763165136690077e-07,0.44771260023117065,0.8269433975219727,-0.017641130834817886,0.4363868534564972,0.7959946393966675,-0.023735763505101204,0.449155330657959,0.7609440088272095,-0.027210671454668045,0.4628709852695465,0.7325103878974915,-0.030288809910416603,0.42124101519584656,0.7290064096450806,-0.01235856395214796,0.40565988421440125,0.6822412014007568,-0.019631575793027878,0.3973219692707062,0.6509965658187866,-0.025361506268382072,0.3899397850036621,0.6243772506713867,-0.02993711642920971,0.43946635723114014,0.7146966457366943,-0.01275799423456192,0.43003129959106445,0.6553722620010376,-0.019498983398079872,0.4267391562461853,0.6193820238113403,-0.025183437392115593,0.42148420214653015,0.5888118743896484,-0.028672615066170692,0.4559684097766876,0.716283917427063,-0.015586698427796364,0.4557582437992096,0.6616660356521606,-0.02724912017583847,0.4549573063850403,0.6280909180641174,-0.0371549017727375,0.4514863193035126,0.5972923040390015,-0.04354874789714813,0.4731366038322449,0.7317256927490234,-0.019695229828357697,0.47599509358406067,0.7042821645736694,-0.03119167871773243,0.4772801399230957,0.7207332253456116,-0.0328172966837883,0.47904735803604126,0.7400982975959778,-0.03319322690367699
0.46823233366012573,0.8357497453689575,2.2965492973980872e-07,0.44785332679748535,0.8283241391181946,-0.01963656023144722,0.4370734691619873,0.7996599078178406,-0.027324333786964417,0.4515719413757324,0.7651633024215698,-0.03204866126179695,0.46710944175720215,0.73603755235672,-0.03620867431163788,0.42155247926712036,0.7292494773864746,-0.014519000425934792,0.405316561460495,0.6821359992027283,-0.02261362411081791,0.39694204926490784,0.6508299708366394,-0.028960978612303734,0.3897896409034729,0.6241788864135742,-0.03391781449317932,0.43979987502098083,0.7151543498039246,-0.014229060150682926,0.4299498200416565,0.6560561060905457,-0.021451951935887337,0.4266236424446106,0.6198500990867615,-0.02755500003695488,0.42160627245903015,0.5893016457557678,-0.03141400218009949,0.4561816155910492,0.7173241376876831,-0.016530852764844894,0.45607492327690125,0.6633742451667786,-0.028743647038936615,0.4553695619106293,0.6293137073516846,-0.03907598927617073,0.45202532410621643,0.5982903242111206,-0.04577857628464699,0.4733695685863495,0.7332128882408142,-0.020250510424375534,0.47612065076828003,0.7052890658378601,-0.03231656178832054,0.4771455228328705,0.7213169932365417,-0.034235939383506775,0.4783034324645996,0.7408477067947388,-0.03478183597326279
0.4680437445640564,0.8361740112304688,2.1898233626416186e-07,0.4477509558200836,0.8272401690483093,-0.018369408324360847,0.43693315982818604,0.7975534796714783,-0.025254182517528534,0.4505290687084198,0.7620302438735962,-0.02950526960194111,0.4662052392959595,0.7328802943229675,-0.033206675201654434,0.4226939082145691,0.7271347641944885,-0.012521842494606972,0.4067898988723755,0.6796724200248718,-0.01981455646455288,0.39841267466545105,0.648246705532074,-0.025635769590735435,0.39126139879226685,0.6218920946121216,-0.03027927875518799,0.4408773183822632,0.7139203548431396,-0.01258294377475977,0.4316237270832062,0.6542720794677734,-0.019757824018597603,0.42846524715423584,0.6181418299674988,-0.025698216632008553,0.4234538674354553,0.5879781246185303,-0.02923854999244213,0.4573584794998169,0.716736376285553,-0.015118786133825779,0.4574658274650574,0.6619171500205994,-0.02695913054049015,0.4569154977798462,0.6281460523605347,-0.03676760196685791,0.4537096321582794,0.597721517086029,-0.04295363649725914,0.4744970202445984,0.7338331341743469,-0.01900649257004261,0.4776969850063324,0.7040174603462219,-0.03016589768230915,0.47856035828590393,0.7198752164840698,-0.03148263320326805,0.4799392819404602,0.7397236824035645,-0.031615786254405975
0.46420738101005554,0.8360511064529419,1.9066203549300553e-07,0.44604870676994324,0.8215808868408203,-0.017687885090708733,0.4357791841030121,0.7867143750190735,-0.021801864728331566,0.45256176590919495,0.7493374943733215,-0.023451771587133408,0.4717801511287689,0.7247312664985657,-0.024766115471720695,0.41918450593948364,0.7247198224067688,-0.008442393504083157,0.4011513292789459,0.6777077913284302,-0.014893334358930588,0.3917039632797241,0.6469072103500366,-0.02094816230237484,0.3839227557182312,0.6208163499832153,-0.025865063071250916,0.436585932970047,0.711748480796814,-0.008855796419084072,0.4249988794326782,0.6534845232963562,-0.013776030391454697,0.41994529962539673,0.6176806688308716,-0.020409150049090385,0.4144222140312195,0.5881399512290955,-0.024946630001068115,0.45252907276153564,0.7138413786888123,-0.012032690457999706,0.4501783549785614,0.6607772707939148,-0.022528911009430885,0.4483354687690735,0.6270914673805237,-0.034226249903440475,0.4442446231842041,0.5961942076683044,-0.04211369901895523,0.4699709415435791,0.7302184104919434,-0.016673468053340912,0.4717963635921478,0.7001712322235107,-0.02723556198179722,0.47376513481140137,0.7133439183235168,-0.029562709853053093,0.4757598042488098,0.7316290736198425,-0.030766161158680916
0.4656030833721161,0.8364264965057373,1.7873706781301735e-07,0.44876575469970703,0.8233645558357239,-0.016660531982779503,0.43867820501327515,0.7888993620872498,-0.02060224860906601,0.4534839391708374,0.7520603537559509,-0.022347211837768555,0.47020119428634644,0.7266107201576233,-0.023923257365822792,0.41888171434402466,0.7259692549705505,-0.0077680726535618305,0.40070080757141113,0.6798197031021118,-0.013830033130943775,0.3912145793437958,0.649239718914032,-0.019606290385127068,0.3825185000896454,0.6233919262886047,-0.024351220577955246,0.43549081683158875,0.7122710347175598,-0.008615094237029552,0.4243922531604767,0.6545116901397705,-0.013011700473725796,0.4195161461830139,0.6188457012176514,-0.019124099984765053,0.413427472114563,0.5894174575805664,-0.02328626997768879,0.45119839906692505,0.7137808203697205,-0.012063250876963139,0.44886866211891174,0.660304605960846,-0.02240060269832611,0.44658446311950684,0.6263106465339661,-0.03342315927147865,0.4418261647224426,0.5948333740234375,-0.04092249646782875,0.4683649241924286,0.7293622493743896,-0.01685463637113571,0.47020477056503296,0.7004898190498352,-0.028013193979859352,0.47283557057380676,0.7146924138069153,-0.030033215880393982,0.4755592346191406,0.73298180103302,-0.03084595687687397
0.466087281703949,0.8367697596549988,1.8489329534077115e-07,0.45010852813720703,0.8234678506851196,-0.017589185386896133,0.4409235417842865,0.7889083027839661,-0.021647267043590546,0.45622000098228455,0.7528300881385803,-0.023216605186462402,0.47363609075546265,0.7278886437416077,-0.024520963430404663,0.42133256793022156,0.7267466187477112,-0.00922450516372919,0.40330061316490173,0.6802394390106201,-0.015781065449118614,0.3939477801322937,0.6491767168045044,-0.02172989584505558,0.3855232000350952,0.6226454973220825,-0.02646476961672306,0.43794628977775574,0.7133952975273132,-0.009760621003806591,0.4268495440483093,0.6549162268638611,-0.014437499456107616,0.42201781272888184,0.6185073256492615,-0.020623700693249702,0.4160965383052826,0.5882281064987183,-0.0247621051967144,0.4535394012928009,0.7150519490242004,-0.01296313013881445,0.45131391286849976,0.6621254682540894,-0.023521974682807922,0.44943782687187195,0.6277015209197998,-0.034840166568756104,0.44510307908058167,0.595498263835907,-0.042416106909513474,0.47069528698921204,0.7309882044792175,-0.01759299635887146,0.47283869981765747,0.7025817632675171,-0.028503557667136192,0.4753475487232208,0.7167075872421265,-0.030448326840996742,0.477948397397995,0.735083281993866,-0.031238920986652374
0.4683336615562439,0.8389801383018494,2.06732167384871e-07,0.45076829195022583,0.826647162437439,-0.018066324293613434,0.4406888782978058,0.794721245765686,-0.02372073009610176,0.4565960466861725,0.7591220140457153,-0.0269223153591156,0.4746144711971283,0.7325777411460876,-0.02998209185898304,0.4244551360607147,0.7289476990699768,-0.011071714572608471,0.40709879994392395,0.6816185712814331,-0.018350720405578613,0.39828458428382874,0.6499065160751343,-0.024790581315755844,0.39054521918296814,0.6227090358734131,-0.030014613643288612,0.4418911039829254,0.71523118019104,-0.011533092707395554,0.4322543740272522,0.6561154127120972,-0.017253832891583443,0.4281806945800781,0.6196907162666321,-0.02411508746445179,0.4226353168487549,0.5892165899276733,-0.028785141184926033,0.4578200876712799,0.7175345420837402,-0.01452444214373827,0.4571269452571869,0.6639267802238464,-0.025644145905971527,0.4554644823074341,0.6290683150291443,-0.03699023649096489,0.4512175917625427,0.5972376465797424,-0.04467577487230301,0.4747138023376465,0.7341144680976868,-0.018909448757767677,0.4775702655315399,0.7048877477645874,-0.03042949177324772,0.4798535108566284,0.7185536623001099,-0.03266250342130661,0.4820338487625122,0.7364895939826965,-0.03363362327218056
0.47150060534477234,0.8380655646324158,2.144872013332133e-07,0.4533940255641937,0.8271926045417786,-0.019950009882450104,0.44317758083343506,0.7957887649536133,-0.026271961629390717,0.46012523770332336,0.7596247792243958,-0.029634375125169754,0.4785478115081787,0.7326367497444153,-0.03283879533410072,0.42761531472206116,0.7286106944084167,-0.013557422906160355,0.41118350625038147,0.6808966994285583,-0.021375175565481186,0.4024806320667267,0.6490963697433472,-0.028398308902978897,0.3950783312320709,0.6213985681533813,-0.034151121973991394,0.4453718662261963,0.7146813869476318,-0.013321274891495705,0.435941606760025,0.6556760668754578,-0.01906813681125641,0.4319940507411957,0.618910014629364,-0.026409227401018143,0.4269321858882904,0.5878372192382812,-0.03172672539949417,0.4612593948841095,0.717143714427948,-0.015717821195721626,0.4606623947620392,0.6630063652992249,-0.026948636397719383,0.4600289463996887,0.6284072995185852,-0.0388752780854702,0.4568274915218353,0.5967106223106384,-0.0471980944275856,0.4780103862285614,0.7342962622642517,-0.01966961845755577,0.4807785153388977,0.704899251461029,-0.031846191734075546,0.4834170937538147,0.7183415293693542,-0.03487066179513931,0.4856300950050354,0.7362362742424011,-0.03648501634597778
0.4713309109210968,0.8397287130355835,2.043953486463579e-07,0.4538993537425995,0.8281900882720947,-0.01918727532029152,0.4444497525691986,0.7956142425537109,-0.024785948917269707,0.46175315976142883,0.7589067220687866,-0.027556996792554855,0.4801120162010193,0.7319450378417969,-0.030116505920886993,0.42781734466552734,0.7293937802314758,-0.011945279315114021,0.4107840061187744,0.6816325783729553,-0.019002148881554604,0.402120977640152,0.6499733328819275,-0.02531185746192932,0.3948224186897278,0.6226783990859985,-0.030515244230628014,0.44560107588768005,0.7156388759613037,-0.011740237474441528,0.435945063829422,0.6567789316177368,-0.01718352921307087,0.43244481086730957,0.6203134655952454,-0.02407117746770382,0.4278365671634674,0.5896246433258057,-0.028915977105498314,0.4615989625453949,0.7178604006767273,-0.014151591807603836,0.4607875347137451,0.6647873520851135,-0.025121917948126793,0.46013638377189636,0.6305851340293884,-0.0366625115275383,0.45705628395080566,0.5986369848251343,-0.04462419077754021,0.4783758223056793,0.7347109317779541,-0.018054936081171036,0.48093241453170776,0.7055527567863464,-0.029579855501651764,0.48339521884918213,0.7194651365280151,-0.032100189477205276,0.4859122037887573,0.7374093532562256,-0.03339596837759018
0.4714277684688568,0.8387877941131592,2.1318182064078428e-07,0.4532422721385956,0.8278037905693054,-0.020496603101491928,0.44310566782951355,0.7960121035575867,-0.026869596913456917,0.460975706577301,0.759388267993927,-0.030150024220347404,0.47988635301589966,0.7322169542312622,-0.03330196067690849,0.4271233379840851,0.73000568151474,-0.013783830218017101,0.41031527519226074,0.6821469068527222,-0.02145686000585556,0.40179941058158875,0.6500065922737122,-0.028374461457133293,0.3944054841995239,0.6220614314079285,-0.03405112028121948,0.4451473653316498,0.7158560156822205,-0.013135340996086597,0.43592920899391174,0.6571361422538757,-0.018541943281888962,0.4323490262031555,0.6202306747436523,-0.025884050875902176,0.42748069763183594,0.5890871286392212,-0.03133365139365196,0.4610801041126251,0.7178459167480469,-0.01515255868434906,0.4602034389972687,0.6651817560195923,-0.026284994557499886,0.45930686593055725,0.6305010318756104,-0.03834567591547966,0.45603570342063904,0.5984110832214355,-0.04689931496977806,0.4774688482284546,0.7340179681777954,-0.018756089732050896,0.4798109531402588,0.7050926685333252,-0.031074531376361847,0.48295825719833374,0.7186297178268433,-0.03417438641190529,0.4859245717525482,0.7364870309829712,-0.03589405491948128
0.4725355803966522,0.8390207886695862,2.0850592363785836e-07,0.4540984034538269,0.8281921744346619,-0.019989246502518654,0.44345930218696594,0.7972220182418823,-0.026402607560157776,0.46112313866615295,0.7611146569252014,-0.02997029945254326,0.48031824827194214,0.7345026731491089,-0.033479247242212296,0.42782652378082275,0.7302218079566956,-0.013121327385306358,0.4109121561050415,0.6823974847793579,-0.02078455500304699,0.4025614261627197,0.6504927277565002,-0.027836650609970093,0.39541685581207275,0.6224706172943115,-0.03373333066701889,0.44562196731567383,0.7161823511123657,-0.012824750505387783,0.4360862076282501,0.6579523682594299,-0.018147552385926247,0.43251699209213257,0.6214314103126526,-0.025591731071472168,0.4278751611709595,0.5904483199119568,-0.03123321384191513,0.46176138520240784,0.7185168266296387,-0.015172261744737625,0.46086838841438293,0.6656777858734131,-0.026200633496046066,0.459951251745224,0.6312888860702515,-0.03820749372243881,0.45671728253364563,0.5993156433105469,-0.0468795970082283,0.4785100221633911,0.7350125312805176,-0.019082896411418915,0.4809046685695648,0.7064374089241028,-0.03156832978129387,0.48338431119918823,0.7198683619499207,-0.034863151609897614,0.48563045263290405,0.7370282411575317,-0.03679712116718292
0.47071462869644165,0.8392187356948853,2.032524832884519e-07,0.4534287750720978,0.8269056081771851,-0.01910405606031418,0.44426900148391724,0.7936363816261292,-0.02446923404932022,0.46147146821022034,0.7570219039916992,-0.027117718011140823,0.4795542061328888,0.7308630347251892,-0.02964303083717823,0.42723074555397034,0.7286186814308167,-0.01123921386897564,0.4104435443878174,0.6808285713195801,-0.01832478493452072,0.40184900164604187,0.6489890813827515,-0.02495098114013672,0.39436280727386475,0.6213856339454651,-0.03044295310974121,0.444890558719635,0.7149978876113892,-0.01113257184624672,0.4357791543006897,0.6564611196517944,-0.01626361720263958,0.4321523606777191,0.6197628974914551,-0.02346889302134514,0.4272352159023285,0.5889405012130737,-0.028710229322314262,0.46080517768859863,0.7173091769218445,-0.013684111647307873,0.4598478674888611,0.6643009781837463,-0.024449944496154785,0.4590003490447998,0.629767656326294,-0.03631669282913208,0.45575451850891113,0.5977832674980164,-0.04467572644352913,0.4772585928440094,0.7338546514511108,-0.017758721485733986,0.4798400402069092,0.7049185037612915,-0.029557202011346817,0.4826616942882538,0.7180357575416565,-0.032477006316185,0.4853883683681488,0.7353758215904236,-0.0340900756418705
0.47072023153305054,0.8392749428749084,2.0534348266210145e-07,0.45332616567611694,0.8274856805801392,-0.01965947449207306,0.4434129595756531,0.7956957221031189,-0.025640452280640602,0.4603354036808014,0.759124219417572,-0.028762565925717354,0.4791126847267151,0.7325466275215149,-0.03175579383969307,0.4265478849411011,0.7293350696563721,-0.01250632293522358,0.40980780124664307,0.6818294525146484,-0.0199830774217844,0.4012399911880493,0.6500539779663086,-0.026801329106092453,0.3936980664730072,0.6224359273910522,-0.032421983778476715,0.44414570927619934,0.7154003977775574,-0.012236095033586025,0.4348757266998291,0.6569904088973999,-0.017877856269478798,0.4313223361968994,0.6202672123908997,-0.025144800543785095,0.4265059530735016,0.5891399383544922,-0.030324794352054596,0.46022850275039673,0.7174853086471558,-0.014583450742065907,0.4591306746006012,0.6646035313606262,-0.025903524830937386,0.4582616984844208,0.6300476789474487,-0.037693873047828674,0.45498523116111755,0.5978456139564514,-0.04586402699351311,0.47712084650993347,0.734079897403717,-0.018463224172592163,0.4795660078525543,0.7049935460090637,-0.030705785378813744,0.48263418674468994,0.7185429334640503,-0.03354674205183983,0.48556965589523315,0.7361583709716797,-0.034981921315193176
0.4709402322769165,0.839564859867096,2.0653509125168057e-07,0.4532986879348755,0.8274275660514832,-0.01974230632185936,0.44386741518974304,0.7954142093658447,-0.02599085122346878,0.46144527196884155,0.7599295973777771,-0.029402587562799454,0.47987669706344604,0.7331682443618774,-0.03273776173591614,0.42845869064331055,0.7283563613891602,-0.012764948420226574,0.4126330316066742,0.6803004741668701,-0.020490149036049843,0.40453794598579407,0.6480881571769714,-0.027576254680752754,0.39739158749580383,0.6198745369911194,-0.03339627757668495,0.44615691900253296,0.7149568200111389,-0.012533899396657944,0.43785175681114197,0.6562362909317017,-0.018170421943068504,0.4346204698085785,0.6191499829292297,-0.02568262815475464,0.4300892949104309,0.587449312210083,-0.031187234446406364,0.4619959890842438,0.7177528738975525,-0.014919023029506207,0.4619230628013611,0.664183497428894,-0.026230650022625923,0.46135643124580383,0.6295919418334961,-0.038178518414497375,0.458391398191452,0.5974241495132446,-0.04659438505768776,0.4783632755279541,0.7347906231880188,-0.018833095207810402,0.4811275601387024,0.7057669758796692,-0.03130531311035156,0.4836803376674652,0.7195580005645752,-0.03433934971690178,0.486037015914917,0.737176775932312,-0.03595435991883278
0.470122367143631,0.8404290676116943,2.0485255447511008e-07,0.45323553681373596,0.828772246837616,-0.019750377163290977,0.4443623721599579,0.7970219850540161,-0.025932272896170616,0.461918443441391,0.760762095451355,-0.029296807944774628,0.4802440106868744,0.733783483505249,-0.03248375654220581,0.4278457462787628,0.7297723889350891,-0.012594882398843765,0.4116474688053131,0.6820421814918518,-0.020189227536320686,0.40342608094215393,0.649972140789032,-0.027012480422854424,0.39638710021972656,0.6218909621238708,-0.03264281153678894,0.44538915157318115,0.7158838510513306,-0.012239807285368443,0.43656522035598755,0.6576337218284607,-0.017986973747611046,0.4333684742450714,0.6207952499389648,-0.025163136422634125,0.429013192653656,0.5892789363861084,-0.030296364799141884,0.461430162191391,0.7184919118881226,-0.014512102119624615,0.4613414704799652,0.6651643514633179,-0.025762179866433144,0.46079885959625244,0.630957841873169,-0.03723042458295822,0.45779088139533997,0.5986525416374207,-0.04522617533802986,0.4781843423843384,0.7356280088424683,-0.01833460107445717,0.4812823534011841,0.7070134282112122,-0.030502954497933388,0.48328298330307007,0.7208214402198792,-0.0333247035741806,0.4852461814880371,0.7378154993057251,-0.03477368876338005
0.4727022349834442,0.8404000401496887,2.08216633268421e-07,0.45408695936203003,0.8292226791381836,-0.020548462867736816,0.44474107027053833,0.7976411581039429,-0.027209287509322166,0.4630987048149109,0.7623974084854126,-0.030820339918136597,0.4823490083217621,0.7354519367218018,-0.03425201401114464,0.4308365285396576,0.7292120456695557,-0.013410263694822788,0.4158467948436737,0.6809532642364502,-0.02139337547123432,0.4082059860229492,0.6485690474510193,-0.028631489723920822,0.4015286862850189,0.6200247406959534,-0.03460952639579773,0.44882288575172424,0.7158285975456238,-0.012945343740284443,0.4407850205898285,0.6569707989692688,-0.01914108358323574,0.437860906124115,0.6198543310165405,-0.0268915556371212,0.43359431624412537,0.5876088738441467,-0.03252343088388443,0.46486979722976685,0.7187581658363342,-0.015175168402493,0.46524733304977417,0.6654008626937866,-0.026960182934999466,0.4650454819202423,0.6307254433631897,-0.038908880203962326,0.46243196725845337,0.5978168249130249,-0.047231536358594894,0.48153311014175415,0.7363612651824951,-0.018976446241140366,0.48382434248924255,0.7070321440696716,-0.031246047466993332,0.4855441153049469,0.7216861844062805,-0.03392752632498741,0.4872715175151825,0.7398045063018799,-0.03538505733013153
0.4711155593395233,0.8410350680351257,2.089912101155278e-07,0.4536455571651459,0.8290538787841797,-0.019941166043281555,0.4449089467525482,0.796687126159668,-0.02612130716443062,0.4633628726005554,0.7613673806190491,-0.029450008645653725,0.4820307493209839,0.7354589700698853,-0.03261673450469971,0.429226279258728,0.7297234535217285,-0.012441220693290234,0.4134890139102936,0.6819824576377869,-0.020280851051211357,0.4056017994880676,0.6496429443359375,-0.027421481907367706,0.39870157837867737,0.621266782283783,-0.03325480967760086,0.44703078269958496,0.7165381908416748,-0.012065268121659756,0.4388541877269745,0.6579039692878723,-0.01821519434452057,0.43595558404922485,0.620638370513916,-0.02577706053853035,0.4317435026168823,0.5886346101760864,-0.031137367710471153,0.46326130628585815,0.719344437122345,-0.014357071369886398,0.46335461735725403,0.6667194366455078,-0.02572857402265072,0.4629817008972168,0.6322680115699768,-0.03719891235232353,0.46029865741729736,0.5996683239936829,-0.04514740779995918,0.4800567626953125,0.7364165782928467,-0.01825043186545372,0.4825153350830078,0.7073947191238403,-0.030013782903552055,0.48408079147338867,0.7212661504745483,-0.03242743760347366,0.4857865273952484,0.7386465072631836,-0.033668145537376404
0.47357845306396484,0.8400489091873169,2.151322178178816e-07,0.45714133977890015,0.8283128142356873,-0.02199426107108593,0.44827643036842346,0.7962469458580017,-0.028850700706243515,0.4668758809566498,0.7599478960037231,-0.03215040639042854,0.48636195063591003,0.7331926226615906,-0.035087745636701584,0.4321504533290863,0.729436457157135,-0.01560059655457735,0.4173806309700012,0.6806065440177917,-0.024193257093429565,0.40990662574768066,0.6477806568145752,-0.03170308470726013,0.4035259783267975,0.6189399361610413,-0.03766060993075371,0.44985562562942505,0.7153608202934265,-0.014352688565850258,0.4421301782131195,0.6561793088912964,-0.020647820085287094,0.4395514130592346,0.6185963153839111,-0.028202606365084648,0.4355718493461609,0.5862212181091309,-0.03360677883028984,0.4655846953392029,0.7171204686164856,-0.015898970887064934,0.4663202464580536,0.66408771276474,-0.02785366214811802,0.46669694781303406,0.6293417811393738,-0.03987839072942734,0.4641598165035248,0.5960153937339783,-0.04814918711781502,0.482223242521286,0.733735203742981,-0.01914748176932335,0.4852885603904724,0.7050430774688721,-0.03141695633530617,0.48742932081222534,0.7197635769844055,-0.034124042838811874,0.4889219105243683,0.7382054328918457,-0.035534512251615524
0.47251054644584656,0.8406553864479065,2.116046431410723e-07,0.45478999614715576,0.8295335173606873,-0.020587660372257233,0.44554081559181213,0.797118067741394,-0.026978932321071625,0.4644084572792053,0.7615980505943298,-0.03030748851597309,0.4838193655014038,0.7354592084884644,-0.0334622897207737,0.4299280643463135,0.7301161289215088,-0.013668157160282135,0.41417503356933594,0.6818832755088806,-0.02158947102725506,0.4063240885734558,0.6496379375457764,-0.02878107875585556,0.3995073437690735,0.6213310956954956,-0.03469569608569145,0.4479149878025055,0.7166683077812195,-0.013004366308450699,0.4392872154712677,0.6578817963600159,-0.01908574067056179,0.4364219903945923,0.621121883392334,-0.026679543778300285,0.4322420060634613,0.5894701480865479,-0.03219573199748993,0.4641084671020508,0.7192052006721497,-0.015023976564407349,0.46419987082481384,0.6658373475074768,-0.026519831269979477,0.4637194275856018,0.6315007209777832,-0.03832095488905907,0.46075916290283203,0.5992197394371033,-0.0465698316693306,0.48108622431755066,0.7360789775848389,-0.01865379884839058,0.4837449789047241,0.7069447636604309,-0.03065963089466095,0.485244482755661,0.7213290929794312,-0.033340588212013245,0.48681676387786865,0.7395577430725098,-0.03481866791844368
0.47462522983551025,0.8395065069198608,2.1524151350149623e-07,0.45626863837242126,0.8291832208633423,-0.02102227881550789,0.44650721549987793,0.7987300157546997,-0.028276711702346802,0.46487197279930115,0.762651801109314,-0.032421063631772995,0.48415592312812805,0.7345539331436157,-0.03626839816570282,0.4319663643836975,0.7298851013183594,-0.014551911503076553,0.4164147973060608,0.6817871928215027,-0.022679734975099564,0.4085937440395355,0.649344801902771,-0.029811793938279152,0.4022611081600189,0.6211014986038208,-0.03569275885820389,0.4497844874858856,0.7158657908439636,-0.01365763507783413,0.4412739872932434,0.6572383046150208,-0.020140262320637703,0.43864086270332336,0.6203104257583618,-0.02768503502011299,0.4349362552165985,0.5887916684150696,-0.03313012048602104,0.46590861678123474,0.7183806896209717,-0.01543323416262865,0.46628162264823914,0.6656908392906189,-0.027068110182881355,0.4661048948764801,0.6314113736152649,-0.03868304193019867,0.463603138923645,0.5994483828544617,-0.04681595042347908,0.48254114389419556,0.7354627251625061,-0.018826505169272423,0.4851839244365692,0.7070818543434143,-0.030915116891264915,0.486659973859787,0.7211605906486511,-0.033775314688682556,0.48820289969444275,0.7386413216590881,-0.03536520525813103
0.4727967381477356,0.8408079147338867,2.1290917118221842e-07,0.45473214983940125,0.8300825357437134,-0.020719218999147415,0.44510918855667114,0.799312949180603,-0.027535798028111458,0.4632760286331177,0.7639669179916382,-0.03130834549665451,0.4826739728450775,0.7370138168334961,-0.034874752163887024,0.4305850565433502,0.7302182912826538,-0.013791319914162159,0.41465088725090027,0.682294487953186,-0.021942943334579468,0.4066711962223053,0.6499844789505005,-0.029156194999814034,0.3998970091342926,0.6220333576202393,-0.03500674292445183,0.44848766922950745,0.716471791267395,-0.013133887201547623,0.4401264190673828,0.6575143337249756,-0.01949700526893139,0.4371776878833771,0.6202613115310669,-0.027086572721600533,0.43307992815971375,0.588630199432373,-0.03245925158262253,0.4646085202693939,0.7191520929336548,-0.015177788212895393,0.46479710936546326,0.6659927368164062,-0.02691509574651718,0.4644092321395874,0.6316601037979126,-0.03863251209259033,0.46199488639831543,0.5995416045188904,-0.04672867804765701,0.48131221532821655,0.7363917827606201,-0.018827034160494804,0.48380136489868164,0.7079001069068909,-0.03124016337096691,0.4855089783668518,0.7224014401435852,-0.0340476892888546,0.48757416009902954,0.7404488325119019,-0.03544202446937561
0.473616361618042,0.8421584367752075,2.1245693915261654e-07,0.4554392397403717,0.8314693570137024,-0.02096758410334587,0.4458339512348175,0.8007515668869019,-0.0281100831925869,0.4640851318836212,0.7651171088218689,-0.032147135585546494,0.48314034938812256,0.7381211519241333,-0.0360029861330986,0.43103063106536865,0.7320635914802551,-0.014758053235709667,0.4150989055633545,0.6839872002601624,-0.023142259567975998,0.4071210026741028,0.6515488028526306,-0.0305514894425869,0.40041401982307434,0.6233192086219788,-0.03656793013215065,0.4488269090652466,0.7179956436157227,-0.014047537930309772,0.4402232766151428,0.6592543125152588,-0.020353620871901512,0.4371524751186371,0.622122049331665,-0.027959425002336502,0.4330015778541565,0.5905119180679321,-0.03348613157868385,0.46495136618614197,0.7202427983283997,-0.016000088304281235,0.4652664065361023,0.6666780114173889,-0.027483602985739708,0.46467649936676025,0.6325573325157166,-0.03906848281621933,0.4619765877723694,0.6006977558135986,-0.04725966975092888,0.4818189740180969,0.736883819103241,-0.01959848962724209,0.48407596349716187,0.7086484432220459,-0.031825028359889984,0.4852578043937683,0.7229830622673035,-0.03469300642609596,0.48672565817832947,0.7406637668609619,-0.03626478090882301
0.4743494391441345,0.8422451019287109,2.0902780306641944e-07,0.4560571610927582,0.8309291005134583,-0.020548811182379723,0.44727253913879395,0.7990316152572632,-0.02720003016293049,0.4662107527256012,0.7647044658660889,-0.030838770791888237,0.4855491518974304,0.7386341094970703,-0.03432222083210945,0.4328869879245758,0.7304394245147705,-0.013627106323838234,0.4177125096321106,0.6818301677703857,-0.021803999319672585,0.4100716710090637,0.6492331027984619,-0.029031191021203995,0.40359508991241455,0.6208252310752869,-0.0349360890686512,0.45129525661468506,0.7170420289039612,-0.013160735368728638,0.44339022040367126,0.6581109762191772,-0.01977134309709072,0.44090360403060913,0.6211890578269958,-0.027450965717434883,0.4370720386505127,0.5892300605773926,-0.03289983794093132,0.4677704870700836,0.719853401184082,-0.015407883562147617,0.4683806002140045,0.666862964630127,-0.027386978268623352,0.4681015610694885,0.6327618956565857,-0.0390925258398056,0.4656384587287903,0.5999213457107544,-0.047205373644828796,0.4847269058227539,0.7372443079948425,-0.019235553219914436,0.48692235350608826,0.7088181376457214,-0.03147168457508087,0.48767900466918945,0.7245673537254333,-0.03401844576001167,0.4889301657676697,0.7429566383361816,-0.03538530319929123
0.47294750809669495,0.8417354822158813,2.1751868928276963e-07,0.45524826645851135,0.8317788243293762,-0.021181270480155945,0.4455207288265228,0.8023585081100464,-0.02871994487941265,0.4631657898426056,0.7677125334739685,-0.03310263156890869,0.48184770345687866,0.740480363368988,-0.03738779574632645,0.4317982792854309,0.7314126491546631,-0.015506654977798462,0.4167078137397766,0.6832311749458313,-0.024225594475865364,0.40913763642311096,0.6502939462661743,-0.03183840587735176,0.4027314782142639,0.6213371753692627,-0.03801209107041359,0.4497824013233185,0.7172912359237671,-0.014721577987074852,0.442320853471756,0.658522367477417,-0.02143433690071106,0.4400178790092468,0.6209763288497925,-0.02917044423520565,0.4364013671875,0.5886780619621277,-0.0347711518406868,0.4658809304237366,0.7198666930198669,-0.01657087728381157,0.46697673201560974,0.666895866394043,-0.02855445072054863,0.4670082926750183,0.6324488520622253,-0.04020446538925171,0.4648999869823456,0.6001608371734619,-0.0484146922826767,0.4823707044124603,0.7368575930595398,-0.020047012716531754,0.4852490723133087,0.7091516256332397,-0.03285953775048256,0.4868966042995453,0.7241077423095703,-0.035882122814655304,0.4888302683830261,0.7422100305557251,-0.03748844563961029
0.4755537211894989,0.8412317633628845,2.1486221157829277e-07,0.45760539174079895,0.8304823637008667,-0.01984713412821293,0.44841504096984863,0.8010768294334412,-0.02678677625954151,0.4657473564147949,0.7667513489723206,-0.030822522938251495,0.4841013550758362,0.739588737487793,-0.034668631851673126,0.4341507852077484,0.7313715815544128,-0.013780917041003704,0.4188700020313263,0.6836127638816833,-0.021988872438669205,0.4112684726715088,0.6512262225151062,-0.029040759429335594,0.4049142599105835,0.6228284239768982,-0.03473469242453575,0.4522617757320404,0.7176579236984253,-0.013570635579526424,0.44466432929039,0.6586725115776062,-0.02025863341987133,0.4422648847103119,0.6214763522148132,-0.027554359287023544,0.4383462071418762,0.5893027782440186,-0.03259015455842018,0.46846747398376465,0.7206430435180664,-0.01594727672636509,0.4694850742816925,0.6675726175308228,-0.027971802279353142,0.46941569447517395,0.6328823566436768,-0.03925037756562233,0.46689215302467346,0.5999771356582642,-0.04690106585621834,0.48507872223854065,0.7383028268814087,-0.019796596840023994,0.4876745641231537,0.7097079157829285,-0.03190138563513756,0.48893144726753235,0.7248232960700989,-0.03409823775291443,0.49042925238609314,0.7428997159004211,-0.03507782146334648
0.47446322441101074,0.842387855052948,2.1370073000070988e-07,0.45588362216949463,0.8320505023002625,-0.02042006514966488,0.4461445212364197,0.8025484085083008,-0.0276031494140625,0.46480581164360046,0.768602728843689,-0.031817156821489334,0.4847460091114044,0.7418029308319092,-0.035875096917152405,0.43390345573425293,0.729796826839447,-0.013541076332330704,0.4192192554473877,0.6818923950195312,-0.02177763730287552,0.41181492805480957,0.6494085788726807,-0.029007526114583015,0.40557563304901123,0.621090292930603,-0.03494851663708687,0.4525332748889923,0.7163781523704529,-0.013062756508588791,0.44558289647102356,0.6579538583755493,-0.020084772258996964,0.4436292052268982,0.6209524869918823,-0.027727823704481125,0.44037631154060364,0.5889638662338257,-0.03302094340324402,0.46904242038726807,0.7197935581207275,-0.01526251807808876,0.4705743193626404,0.6677522659301758,-0.027558812871575356,0.47078970074653625,0.6339861154556274,-0.03892036899924278,0.46914365887641907,0.6016404628753662,-0.046659670770168304,0.4857034683227539,0.7378717660903931,-0.019015759229660034,0.4882792532444,0.7104986906051636,-0.03173207491636276,0.48931261897087097,0.7263785004615784,-0.034358371049165726,0.49113500118255615,0.7446827292442322,-0.03557024523615837
0.4756140112876892,0.842080295085907,2.1416185802536347e-07,0.4580343961715698,0.8306795358657837,-0.020113537088036537,0.4490617513656616,0.8000274300575256,-0.026753531768918037,0.46741583943367004,0.7654546499252319,-0.03050890564918518,0.4874526560306549,0.7393936514854431,-0.03410803899168968,0.435109943151474,0.729322075843811,-0.012756511569023132,0.42000216245651245,0.6808983087539673,-0.020394757390022278,0.4125174582004547,0.6484204530715942,-0.027245162054896355,0.406369686126709,0.6202658414840698,-0.032880350947380066,0.45332562923431396,0.7160003781318665,-0.012311015278100967,0.4458601772785187,0.6568198204040527,-0.018442872911691666,0.4436778724193573,0.6194939613342285,-0.025613363832235336,0.44019171595573425,0.5876111388206482,-0.03057662770152092,0.46972644329071045,0.7192838191986084,-0.014570039696991444,0.4710773825645447,0.6654440760612488,-0.02617446891963482,0.47115713357925415,0.6310593485832214,-0.03772098198533058,0.46914976835250854,0.5985406637191772,-0.04563508182764053,0.4864550828933716,0.7372218370437622,-0.018376247957348824,0.48947346210479736,0.7094485759735107,-0.03082367032766342,0.49071359634399414,0.7251978516578674,-0.03363871946930885,0.49255767464637756,0.7436537146568298,-0.034980881959199905
0.47394949197769165,0.841647744178772,2.0957673996235826e-07,0.4559049606323242,0.8317593336105347,-0.019839802756905556,0.4458683133125305,0.8024669885635376,-0.02673945389688015,0.4633631408214569,0.7681400775909424,-0.0307707991451025,0.48275870084762573,0.7409374713897705,-0.034604642540216446,0.43319016695022583,0.7300364971160889,-0.013022948056459427,0.41842684149742126,0.6822518706321716,-0.02104358933866024,0.4110385775566101,0.6497405767440796,-0.027977310121059418,0.40488898754119873,0.6213608384132385,-0.033648211508989334,0.45132750272750854,0.7165167331695557,-0.01268887147307396,0.4441790282726288,0.6580045819282532,-0.019570622593164444,0.4420725703239441,0.620679497718811,-0.02688843011856079,0.4386623799800873,0.588534951210022,-0.03188198432326317,0.46747204661369324,0.7197076678276062,-0.014993788674473763,0.4689888656139374,0.6672455668449402,-0.027321910485625267,0.46912840008735657,0.6330956816673279,-0.03866418078541756,0.46715641021728516,0.6006482839584351,-0.04630691185593605,0.4839097261428833,0.7374057769775391,-0.01877857930958271,0.4869518280029297,0.7100071310997009,-0.03160882368683815,0.4880172908306122,0.7260110378265381,-0.03433525189757347,0.4896181523799896,0.7446019649505615,-0.03553405776619911
0.47478288412094116,0.8427679538726807,2.1893707469189394e-07,0.45689770579338074,0.8330606818199158,-0.020887354388833046,0.4466797113418579,0.8039919137954712,-0.028672272339463234,0.46445369720458984,0.7696945071220398,-0.03342892602086067,0.4845097064971924,0.7431328892707825,-0.03793300688266754,0.4343160092830658,0.7324846386909485,-0.01572434790432453,0.41969072818756104,0.6840251684188843,-0.024642858654260635,0.4124686121940613,0.6510790586471558,-0.03213103860616684,0.4065968990325928,0.622435986995697,-0.0381893552839756,0.45261770486831665,0.7182766199111938,-0.015292569994926453,0.4457392990589142,0.6585264205932617,-0.022044092416763306,0.4435429871082306,0.620962381362915,-0.029305800795555115,0.43969470262527466,0.5890182852745056,-0.034516070038080215,0.46886056661605835,0.7211599349975586,-0.017515797168016434,0.4712945222854614,0.667609691619873,-0.029293831437826157,0.4718594551086426,0.6333293914794922,-0.04049200564622879,0.4696636497974396,0.6011705994606018,-0.0483887605369091,0.48538655042648315,0.7387755513191223,-0.021387333050370216,0.48964282870292664,0.7117135524749756,-0.03403789550065994,0.49049949645996094,0.7265056371688843,-0.036982838064432144,0.49080413579940796,0.7440800070762634,-0.0385097861289978
0.4747101068496704,0.843421459197998,2.194576183001118e-07,0.4565790891647339,0.83298259973526,-0.020441977307200432,0.4473728835582733,0.8031683564186096,-0.027521776035428047,0.4659923315048218,0.7699846029281616,-0.03153374418616295,0.4857618510723114,0.7440289258956909,-0.0354660227894783,0.4343789219856262,0.7322142720222473,-0.014731457456946373,0.4196772873401642,0.6841169595718384,-0.02314670756459236,0.4122946858406067,0.6512928605079651,-0.03031323105096817,0.40617868304252625,0.6226758360862732,-0.03609327971935272,0.452668696641922,0.718756377696991,-0.01423642784357071,0.44525355100631714,0.6595777273178101,-0.021240683272480965,0.4432830810546875,0.6221241354942322,-0.028549008071422577,0.44002565741539,0.5899536609649658,-0.03351742774248123,0.4690065383911133,0.7218239307403564,-0.016356289386749268,0.4705163836479187,0.6687032580375671,-0.028586361557245255,0.4708639085292816,0.6343584060668945,-0.03987988457083702,0.4691135883331299,0.6017158031463623,-0.04749828577041626,0.485741525888443,0.7395930886268616,-0.020025601610541344,0.4888116717338562,0.7115058302879333,-0.03254390507936478,0.489946186542511,0.7277668118476868,-0.03495194390416145,0.4916292726993561,0.7468683123588562,-0.035986024886369705
0.4738604426383972,0.8417077660560608,2.1980952169542434e-07,0.45621076226234436,0.8320696353912354,-0.021267101168632507,0.44665637612342834,0.8026119470596313,-0.02904726378619671,0.46509087085723877,0.7684005498886108,-0.03365812450647354,0.4848578870296478,0.7415677309036255,-0.03806651756167412,0.43317335844039917,0.7320675253868103,-0.015809176489710808,0.41768476366996765,0.6845589876174927,-0.024456724524497986,0.4097190797328949,0.6521439552307129,-0.03183283656835556,0.40283167362213135,0.6241396069526672,-0.03776636719703674,0.45118021965026855,0.7181910276412964,-0.014973117038607597,0.44302254915237427,0.6591452956199646,-0.021908706054091454,0.44039982557296753,0.6217677593231201,-0.029355593025684357,0.43634742498397827,0.5900733470916748,-0.03457576408982277,0.46744710206985474,0.7208267450332642,-0.016763342544436455,0.46817252039909363,0.6683462858200073,-0.028751688078045845,0.4681190550327301,0.6338444352149963,-0.04011811316013336,0.465984582901001,0.6018415093421936,-0.04794853553175926,0.4840792417526245,0.7376562356948853,-0.020197782665491104,0.4870023727416992,0.7099717855453491,-0.03261565417051315,0.4885173738002777,0.7250985503196716,-0.03525010496377945,0.49048593640327454,0.7435907125473022,-0.036516230553388596
0.47425320744514465,0.8423142433166504,2.137468442242607e-07,0.45742225646972656,0.8316441774368286,-0.02106018178164959,0.44825369119644165,0.8015307188034058,-0.028098927810788155,0.46609777212142944,0.7664792537689209,-0.031951434910297394,0.4857482612133026,0.7396830320358276,-0.03549269586801529,0.43310630321502686,0.7324516177177429,-0.014698048122227192,0.4171111285686493,0.6847795844078064,-0.02295684814453125,0.4087199866771698,0.6524658203125,-0.03015952929854393,0.4015143811702728,0.6244021058082581,-0.035941336303949356,0.45070043206214905,0.718725860118866,-0.013856339268386364,0.44194361567497253,0.6594783067703247,-0.020255273208022118,0.43891891837120056,0.6217733025550842,-0.027585510164499283,0.4347040057182312,0.5897862911224365,-0.03271371126174927,0.4666317403316498,0.7213982939720154,-0.01570255123078823,0.4664113223552704,0.6685794591903687,-0.02748914249241352,0.46618014574050903,0.6336469650268555,-0.0392155647277832,0.46376222372055054,0.6012381315231323,-0.04722701758146286,0.48335206508636475,0.7384374737739563,-0.019194088876247406,0.4866933226585388,0.709790050983429,-0.0313895121216774,0.48914533853530884,0.7241390347480774,-0.034116074442863464,0.49184998869895935,0.742533802986145,-0.03544027730822563
0.4759511649608612,0.842140257358551,2.0818421830881562e-07,0.4585796296596527,0.8318996429443359,-0.020956439897418022,0.45000261068344116,0.7995519042015076,-0.027223123237490654,0.4673956334590912,0.7635999321937561,-0.03024662658572197,0.4848342537879944,0.7359591722488403,-0.03300700709223747,0.4328765869140625,0.7335150837898254,-0.014041604474186897,0.4166715443134308,0.6859303712844849,-0.0219547338783741,0.40789085626602173,0.6535115242004395,-0.028902029618620872,0.4003317654132843,0.6256125569343567,-0.03452364727854729,0.4500536620616913,0.719505250453949,-0.013086049817502499,0.440583199262619,0.660301923751831,-0.019458698108792305,0.4371525049209595,0.6229771375656128,-0.027141157537698746,0.43247824907302856,0.5912022590637207,-0.03255395591259003,0.4656889736652374,0.7216026782989502,-0.014796043746173382,0.46490678191185,0.6679701209068298,-0.02669098787009716,0.46471866965293884,0.6332156658172607,-0.038958556950092316,0.4621114134788513,0.6010240316390991,-0.04737439006567001,0.48236310482025146,0.7382030487060547,-0.018080895766615868,0.48504531383514404,0.7090945243835449,-0.030221523717045784,0.48765891790390015,0.723465085029602,-0.0331680029630661,0.4905319809913635,0.7420864701271057,-0.03475659713149071
0.47656023502349854,0.8414362072944641,1.966893279359283e-07,0.4602368474006653,0.8308500647544861,-0.02136070467531681,0.45130226016044617,0.7971237897872925,-0.025914907455444336,0.4675671458244324,0.7586845755577087,-0.026712603867053986,0.485962450504303,0.7318329215049744,-0.02689175494015217,0.43173080682754517,0.7342459559440613,-0.012924553826451302,0.41531607508659363,0.6865713596343994,-0.02019389532506466,0.4059158265590668,0.6544307470321655,-0.02646237425506115,0.397454172372818,0.6266661286354065,-0.031395167112350464,0.4483735263347626,0.7198001742362976,-0.011523446999490261,0.43864598870277405,0.6601864099502563,-0.017197681590914726,0.43434950709342957,0.6225785613059998,-0.023791292682290077,0.4290372133255005,0.5909865498542786,-0.02803545631468296,0.46373844146728516,0.7208582758903503,-0.013030508533120155,0.4626460671424866,0.666746973991394,-0.0249619297683239,0.4617115259170532,0.6318824291229248,-0.03703533113002777,0.4582366943359375,0.5986224412918091,-0.04474345222115517,0.48090222477912903,0.73712557554245,-0.01618036814033985,0.4833463430404663,0.7075920701026917,-0.027868691831827164,0.4867803752422333,0.7225326299667358,-0.030126260593533516,0.4907079339027405,0.7422436475753784,-0.030916517600417137
0.47480008006095886,0.8402928113937378,2.052867955626425e-07,0.4589308202266693,0.829908549785614,-0.021012483164668083,0.4500196874141693,0.7969434857368469,-0.026331733912229538,0.46710121631622314,0.7601003050804138,-0.02818441390991211,0.4855538606643677,0.7335198521614075,-0.029635300859808922,0.43093791604042053,0.7339649796485901,-0.01373712532222271,0.41431182622909546,0.6863037943840027,-0.021346205845475197,0.40540796518325806,0.6539732813835144,-0.027832835912704468,0.3976079821586609,0.6260384917259216,-0.03295212984085083,0.44772517681121826,0.7195309400558472,-0.012606160715222359,0.4376313090324402,0.6602054834365845,-0.018423357978463173,0.43339744210243225,0.6223098635673523,-0.025408774614334106,0.4282424747943878,0.5903987288475037,-0.030142905190587044,0.4630748927593231,0.7207657694816589,-0.014227716252207756,0.4617835581302643,0.6669304370880127,-0.026022376492619514,0.4607493579387665,0.632314920425415,-0.03823792189359665,0.45720675587654114,0.5997577905654907,-0.04634601250290871,0.4799070656299591,0.7366430163383484,-0.01745348796248436,0.48323574662208557,0.7078297734260559,-0.02954980917274952,0.48693394660949707,0.7223934531211853,-0.03237798064947128,0.49059075117111206,0.7411834001541138,-0.03368883207440376
0.4746427536010742,0.8409172296524048,2.0672869993632048e-07,0.45913252234458923,0.8292485475540161,-0.02059026062488556,0.4504198729991913,0.7946332097053528,-0.025380663573741913,0.4667551517486572,0.7565762996673584,-0.026775959879159927,0.4841327965259552,0.7305405735969543,-0.027831563726067543,0.42971426248550415,0.7334151864051819,-0.012991602532565594,0.41326960921287537,0.6853431463241577,-0.02009577490389347,0.4044276177883148,0.6528910994529724,-0.026499301195144653,0.3966192901134491,0.6249917149543762,-0.03157177194952965,0.44617342948913574,0.7189679145812988,-0.011752859689295292,0.436114102602005,0.6601197123527527,-0.016588842496275902,0.4320262670516968,0.6223559379577637,-0.02328697219491005,0.42693233489990234,0.5908342599868774,-0.02798645943403244,0.4613795578479767,0.7196763157844543,-0.01324206218123436,0.4595907926559448,0.66597580909729,-0.02411733753979206,0.4586332440376282,0.6310008764266968,-0.03631297126412392,0.4549962282180786,0.5986480712890625,-0.04465824365615845,0.4778042435646057,0.7346277832984924,-0.016356993466615677,0.481402724981308,0.7063936591148376,-0.028168875724077225,0.48584574460983276,0.7200016975402832,-0.03125165030360222,0.4900147020816803,0.7383348345756531,-0.03280516713857651
0.47497907280921936,0.8389297723770142,2.0367924946640414e-07,0.4593595266342163,0.8270701169967651,-0.019884133711457253,0.45050472021102905,0.7928069829940796,-0.024699069559574127,0.4670299291610718,0.7552047967910767,-0.026364518329501152,0.4842749238014221,0.7296578884124756,-0.027728019282221794,0.4293193221092224,0.7316242456436157,-0.012325652875006199,0.412190705537796,0.6840398907661438,-0.019415756687521935,0.4031875431537628,0.6521586179733276,-0.02588369883596897,0.39535728096961975,0.6247994303703308,-0.031024135649204254,0.4460296332836151,0.7177473902702332,-0.01146585401147604,0.4359796643257141,0.6591435074806213,-0.016460081562399864,0.4320818781852722,0.6217731237411499,-0.02329825982451439,0.42733123898506165,0.5906995534896851,-0.02805127203464508,0.4615936875343323,0.7190683484077454,-0.01326745841652155,0.4599246680736542,0.6657921671867371,-0.02417082153260708,0.4589885175228119,0.6307990550994873,-0.03638921305537224,0.45566123723983765,0.5985745787620544,-0.04471960663795471,0.478553831577301,0.7346656322479248,-0.016610434278845787,0.4815177023410797,0.7068167328834534,-0.028238799422979355,0.4849473834037781,0.7200888395309448,-0.031159358099102974,0.4883313477039337,0.737996518611908,-0.03263993561267853
0.4724638760089874,0.8382008075714111,2.0996863270283939e-07,0.45322316884994507,0.8260071277618408,-0.01821092516183853,0.4429546594619751,0.7924084663391113,-0.023099981248378754,0.45836400985717773,0.7559409141540527,-0.025225674733519554,0.474395751953125,0.7308404445648193,-0.026974335312843323,0.42669743299484253,0.7266002893447876,-0.010621626861393452,0.4097630977630615,0.6797863841056824,-0.01727738045156002,0.4011557698249817,0.6487013697624207,-0.023373372852802277,0.3937627077102661,0.621870756149292,-0.028316671028733253,0.4445716440677643,0.7137185335159302,-0.01069206278771162,0.4361453056335449,0.6556210517883301,-0.015987873077392578,0.43359655141830444,0.6192269325256348,-0.02229531854391098,0.4297754168510437,0.5885688662528992,-0.026511192321777344,0.4605039060115814,0.7161151170730591,-0.013433289714157581,0.4595334231853485,0.663872480392456,-0.024621907621622086,0.45888540148735046,0.6294057369232178,-0.035802412778139114,0.4558241665363312,0.5972704291343689,-0.04320516437292099,0.4774467349052429,0.7323985695838928,-0.01757875457406044,0.4794995188713074,0.7030215263366699,-0.02881680242717266,0.48089972138404846,0.7176380157470703,-0.030751701444387436,0.48231902718544006,0.7370510697364807,-0.03152740001678467
0.4717394709587097,0.8378733396530151,2.0350302065708092e-07,0.4519593119621277,0.8257114887237549,-0.01841125637292862,0.44131213426589966,0.7926456332206726,-0.023714285343885422,0.45850199460983276,0.7575608491897583,-0.026366818696260452,0.47621670365333557,0.7326342463493347,-0.02870284952223301,0.4270579516887665,0.7264906764030457,-0.010983570478856564,0.41006526350975037,0.6798693537712097,-0.01802447810769081,0.40156227350234985,0.6486033201217651,-0.024436067789793015,0.3945496380329132,0.6216034889221191,-0.029680654406547546,0.44535955786705017,0.7137941718101501,-0.011205645278096199,0.4368336498737335,0.6554816961288452,-0.01663876883685589,0.434479683637619,0.619201123714447,-0.023196708410978317,0.43105781078338623,0.5885391235351562,-0.0277621541172266,0.46166229248046875,0.7167542576789856,-0.014122866094112396,0.4610503911972046,0.6642168760299683,-0.02533891797065735,0.46040481328964233,0.6299935579299927,-0.03670065850019455,0.457351416349411,0.5979347229003906,-0.04441244527697563,0.4790303409099579,0.733641505241394,-0.01847204752266407,0.4811052978038788,0.7041359543800354,-0.029858481138944626,0.48167112469673157,0.7185574769973755,-0.03205829858779907,0.4819192886352539,0.7372042536735535,-0.033176373690366745
0.47126856446266174,0.8378886580467224,2.0098667619095067e-07,0.45188796520233154,0.8262871503829956,-0.018978625535964966,0.44069555401802063,0.7938811182975769,-0.024507826194167137,0.4583982825279236,0.7584810853004456,-0.027188507840037346,0.47821253538131714,0.7332727909088135,-0.029554324224591255,0.4272576570510864,0.7270187139511108,-0.01184709370136261,0.4103538691997528,0.6804962158203125,-0.01903804950416088,0.4016101658344269,0.6492729187011719,-0.025462619960308075,0.3942148685455322,0.6221526861190796,-0.030748844146728516,0.4455115497112274,0.7141034007072449,-0.011849114671349525,0.43680447340011597,0.6557573676109314,-0.017528492957353592,0.43425413966178894,0.6194324493408203,-0.024040227755904198,0.430598646402359,0.5884799957275391,-0.02849624678492546,0.4617193341255188,0.7171137928962708,-0.014564470387995243,0.4610636234283447,0.6641714572906494,-0.02629748359322548,0.46007710695266724,0.6300904154777527,-0.03783966973423958,0.4565770626068115,0.597774088382721,-0.04550907015800476,0.47926971316337585,0.7343945503234863,-0.018715525045990944,0.48161545395851135,0.7045412659645081,-0.030630765482783318,0.48236772418022156,0.719864547252655,-0.03296371176838875,0.48272326588630676,0.7392656803131104,-0.03406434506177902
0.471881628036499,0.8381378054618835,2.038450332975117e-07,0.45257288217544556,0.8267499804496765,-0.018776793032884598,0.441572904586792,0.7945040464401245,-0.024349527433514595,0.4590305984020233,0.759364902973175,-0.0272033903747797,0.4783478081226349,0.7345338463783264,-0.02973005920648575,0.4273085296154022,0.7279913425445557,-0.011508092284202576,0.4101019501686096,0.6819201707839966,-0.018811900168657303,0.40127652883529663,0.6508620977401733,-0.025367598980665207,0.39392223954200745,0.6238712072372437,-0.030771702527999878,0.44532376527786255,0.7147037386894226,-0.011703673750162125,0.43624839186668396,0.6564794182777405,-0.01766943372786045,0.433608740568161,0.6199766397476196,-0.024454161524772644,0.42991116642951965,0.5890417098999023,-0.029089266434311867,0.46152082085609436,0.7174649238586426,-0.014597638510167599,0.4606485366821289,0.6649982333183289,-0.026217544451355934,0.45992612838745117,0.6308824419975281,-0.037610042840242386,0.4565812945365906,0.5987601280212402,-0.04521584138274193,0.4790462851524353,0.734535813331604,-0.018945563584566116,0.48125922679901123,0.7049158215522766,-0.030441733077168465,0.48194631934165955,0.7193363904953003,-0.03259306028485298,0.4822024703025818,0.7379140257835388,-0.03363792970776558
0.4711970090866089,0.8385916948318481,2.0580357329436083e-07,0.4521370530128479,0.8262884616851807,-0.018781309947371483,0.4418400526046753,0.7935594320297241,-0.024353083223104477,0.4595721662044525,0.7585466504096985,-0.027278365567326546,0.4792536497116089,0.7352659106254578,-0.029901064932346344,0.4275839328765869,0.7275548577308655,-0.011486408300697803,0.41040468215942383,0.6815317273139954,-0.018913565203547478,0.4015282094478607,0.6503084301948547,-0.025716491043567657,0.39396408200263977,0.6232306957244873,-0.03125859051942825,0.4455313980579376,0.714740514755249,-0.011670505627989769,0.4366319477558136,0.6570079922676086,-0.01731300912797451,0.4337720572948456,0.6201653480529785,-0.024054083973169327,0.4298565685749054,0.5892669558525085,-0.02868705801665783,0.4617689847946167,0.7176302671432495,-0.014551501721143723,0.4604768753051758,0.6658511161804199,-0.025706756860017776,0.45928531885147095,0.6314428448677063,-0.03705795109272003,0.45564430952072144,0.5994422435760498,-0.04472349211573601,0.47931820154190063,0.7343660593032837,-0.018960684537887573,0.4818941354751587,0.7056148648262024,-0.030314363539218903,0.4823959767818451,0.7192775011062622,-0.03261139988899231,0.4824443757534027,0.7374833822250366,-0.03372662514448166
0.4716413915157318,0.8391048908233643,2.0755194896082685e-07,0.45273786783218384,0.8285380601882935,-0.019831398501992226,0.4413547217845917,0.7984618544578552,-0.026326559484004974,0.4581438899040222,0.763495922088623,-0.029856542125344276,0.4775035083293915,0.7375081181526184,-0.03306462615728378,0.42809078097343445,0.728865921497345,-0.01357373408973217,0.41100743412971497,0.6827636361122131,-0.021632561460137367,0.402028888463974,0.6512349843978882,-0.028658755123615265,0.39446908235549927,0.6237772703170776,-0.03433823585510254,0.4461168646812439,0.7150522470474243,-0.013296473771333694,0.43739816546440125,0.6570566296577454,-0.019850242882966995,0.434639573097229,0.6204096078872681,-0.02686140313744545,0.43045753240585327,0.5889861583709717,-0.03161075711250305,0.46210530400276184,0.7174660563468933,-0.0156956035643816,0.4613966643810272,0.6653237342834473,-0.027654223144054413,0.4604136645793915,0.6311813592910767,-0.039030369371175766,0.4566729962825775,0.5991464853286743,-0.04657680168747902,0.4793922007083893,0.7345793843269348,-0.019644364714622498,0.481619656085968,0.7053207159042358,-0.03153757378458977,0.48281213641166687,0.719890296459198,-0.033887069672346115,0.4834229052066803,0.7390143871307373,-0.034953802824020386
0.47247540950775146,0.8400368690490723,2.1253572413115762e-07,0.4529891610145569,0.8289477229118347,-0.019372770562767982,0.4420284926891327,0.7974826693534851,-0.02538042515516281,0.45936697721481323,0.7622880935668945,-0.02857396751642227,0.4785340130329132,0.7364392876625061,-0.031432975083589554,0.428343266248703,0.7288156151771545,-0.01206949632614851,0.4114255905151367,0.6823691725730896,-0.019820261746644974,0.4025106430053711,0.6507630944252014,-0.026766037568449974,0.39490869641304016,0.6231575012207031,-0.03241603448987007,0.44650813937187195,0.7153629064559937,-0.01211429014801979,0.4381808340549469,0.6567899584770203,-0.01827695593237877,0.4357353746891022,0.6197567582130432,-0.02518346719443798,0.4319652020931244,0.5880476832389832,-0.029896654188632965,0.46263623237609863,0.7181600332260132,-0.014926326461136341,0.4615389406681061,0.6656090617179871,-0.02677943930029869,0.4604157507419586,0.6313915252685547,-0.038153547793626785,0.456825852394104,0.5989053249359131,-0.045706070959568024,0.48012661933898926,0.7354397773742676,-0.019266702234745026,0.4820108711719513,0.7056282162666321,-0.031022854149341583,0.48291105031967163,0.7207948565483093,-0.03312079235911369,0.4836479723453522,0.7401352524757385,-0.03404578939080238
0.4722568392753601,0.8392722010612488,2.131658618509391e-07,0.4528805613517761,0.8284846544265747,-0.019155986607074738,0.4416777193546295,0.7970561385154724,-0.02522413246333599,0.45870617032051086,0.7616370320320129,-0.028560636565089226,0.47813156247138977,0.7364905476570129,-0.031593866646289825,0.42831137776374817,0.7282621264457703,-0.012069580145180225,0.4114384651184082,0.6821517944335938,-0.019752275198698044,0.4026425778865814,0.6506108641624451,-0.02660970203578472,0.3951931893825531,0.623293936252594,-0.0321839265525341,0.4464661777019501,0.7146477103233337,-0.012054025195538998,0.43854865431785583,0.6566897034645081,-0.01800958812236786,0.436301589012146,0.6198670864105225,-0.0246187224984169,0.43262821435928345,0.5886319279670715,-0.029115162789821625,0.4626536965370178,0.717298686504364,-0.014767165295779705,0.46191027760505676,0.6649553775787354,-0.02631370909512043,0.4606591463088989,0.6308327317237854,-0.03739921376109123,0.4569321870803833,0.5987244248390198,-0.04480474442243576,0.4800165593624115,0.7340090870857239,-0.01900758408010006,0.4823804497718811,0.7049269676208496,-0.030737949535250664,0.48294439911842346,0.7195498943328857,-0.03294757381081581,0.48314738273620605,0.7382969260215759,-0.033908165991306305
0.47188860177993774,0.8385148048400879,2.0605084216640535e-07,0.45225754380226135,0.8278378248214722,-0.01959489844739437,0.4409135580062866,0.7970755100250244,-0.02575630508363247,0.45872417092323303,0.7631348371505737,-0.029113762080669403,0.47815898060798645,0.7385545969009399,-0.03216046094894409,0.42864304780960083,0.7272943258285522,-0.012588330544531345,0.4116971492767334,0.6814554929733276,-0.020369550213217735,0.40261170268058777,0.6501842737197876,-0.02741001546382904,0.39494553208351135,0.6226834654808044,-0.033265210688114166,0.4471539556980133,0.7141242623329163,-0.01252669282257557,0.4395082890987396,0.6561034917831421,-0.018613843247294426,0.43755102157592773,0.6195067763328552,-0.025642571970820427,0.4341985583305359,0.5878697633743286,-0.03061087802052498,0.46352487802505493,0.7174245715141296,-0.015234442427754402,0.4627480208873749,0.6655141711235046,-0.02715817093849182,0.4617396891117096,0.6315398216247559,-0.03892575204372406,0.4580270051956177,0.598907470703125,-0.04688261076807976,0.48120981454849243,0.7350069880485535,-0.01946420781314373,0.4834336042404175,0.7055562138557434,-0.03143129497766495,0.4838322401046753,0.7201024293899536,-0.034027330577373505,0.4835761785507202,0.7385786175727844,-0.03542378172278404
0.47170665860176086,0.839211106300354,2.0602716688244982e-07,0.45240747928619385,0.8282768130302429,-0.018266914412379265,0.4413956105709076,0.7966893911361694,-0.023814193904399872,0.4588702917098999,0.7612574696540833,-0.02676045149564743,0.4783882796764374,0.7356829643249512,-0.029449252411723137,0.4287154972553253,0.727809488773346,-0.011002941057085991,0.4114598333835602,0.6820304989814758,-0.018143177032470703,0.4022790491580963,0.6509828567504883,-0.024519413709640503,0.3944184482097626,0.6235861778259277,-0.029850902035832405,0.4471364915370941,0.7146499156951904,-0.011398355476558208,0.4398046135902405,0.6561580896377563,-0.017349326983094215,0.43834447860717773,0.6194559335708618,-0.023785265162587166,0.4356403052806854,0.587871789932251,-0.02803838439285755,0.46355199813842773,0.717991054058075,-0.01445799134671688,0.46301349997520447,0.6659148335456848,-0.026415375992655754,0.4620150029659271,0.6316783428192139,-0.037631720304489136,0.458876371383667,0.5987195372581482,-0.044925082474946976,0.4812886714935303,0.7354922294616699,-0.01889420673251152,0.48348328471183777,0.7057443857192993,-0.03065665066242218,0.4837915897369385,0.7215027213096619,-0.03262180835008621,0.48412448167800903,0.7410324215888977,-0.03339496999979019
0.47185665369033813,0.8396096229553223,2.0385265031563904e-07,0.45258238911628723,0.8286703824996948,-0.019069449976086617,0.44177982211112976,0.7974262833595276,-0.024699069559574127,0.45978105068206787,0.7619858980178833,-0.027475232258439064,0.4797130227088928,0.7364690899848938,-0.02976742386817932,0.4289337992668152,0.7281360626220703,-0.011412891559302807,0.4116663932800293,0.6822476387023926,-0.018751630559563637,0.4023309051990509,0.6510895490646362,-0.025159938260912895,0.39449989795684814,0.623713493347168,-0.030424991622567177,0.44732755422592163,0.7150053977966309,-0.011457761749625206,0.4397168755531311,0.6562933325767517,-0.017994316294789314,0.4380929470062256,0.6195086240768433,-0.02449410781264305,0.43515047430992126,0.5878793001174927,-0.02858755923807621,0.4636405408382416,0.718116044998169,-0.014279126189649105,0.46332240104675293,0.6659106612205505,-0.026646889746189117,0.46250078082084656,0.6318708062171936,-0.037656888365745544,0.45910316705703735,0.5988212823867798,-0.04453948512673378,0.48149174451828003,0.7358317375183105,-0.018559927120804787,0.4836845397949219,0.7049742341041565,-0.02996848151087761,0.4838782548904419,0.7205899953842163,-0.03145119547843933,0.4838995635509491,0.7404192686080933,-0.03182787075638771
0.47085705399513245,0.838830828666687,2.019826439436656e-07,0.4519491493701935,0.8277189135551453,-0.019087472930550575,0.4409034550189972,0.7969467043876648,-0.024844374507665634,0.45868927240371704,0.7619985938072205,-0.027694053947925568,0.47878584265708923,0.7367790341377258,-0.03000793792307377,0.42860665917396545,0.7275876998901367,-0.011837291531264782,0.4115918278694153,0.6817269325256348,-0.019468842074275017,0.40264225006103516,0.6505768895149231,-0.026007037609815598,0.39520949125289917,0.6233243942260742,-0.03127851337194443,0.4472977817058563,0.7146257758140564,-0.011954760178923607,0.4401710629463196,0.655697226524353,-0.018756767734885216,0.43885287642478943,0.6189802289009094,-0.0251688901335001,0.436164528131485,0.587407112121582,-0.029123224318027496,0.46367785334587097,0.7176076173782349,-0.01485858391970396,0.46354228258132935,0.665493369102478,-0.0273848008364439,0.4627203345298767,0.6319206953048706,-0.03808889538049698,0.45933789014816284,0.5988574624061584,-0.04468848556280136,0.48144665360450745,0.7353808283805847,-0.0192349161952734,0.4837832748889923,0.7043967247009277,-0.030634727329015732,0.48373162746429443,0.7203158140182495,-0.031888678669929504,0.48337554931640625,0.7401209473609924,-0.03206012025475502
0.4713604748249054,0.8388607501983643,2.0372142728319886e-07,0.4520265460014343,0.8269723653793335,-0.018602540716528893,0.4416116774082184,0.7953695058822632,-0.023927249014377594,0.45962584018707275,0.7612098455429077,-0.02645958587527275,0.47907543182373047,0.7371066808700562,-0.028633376583456993,0.4289168119430542,0.7277036309242249,-0.011441587470471859,0.4117521047592163,0.682051420211792,-0.018899405375123024,0.4024830758571625,0.6510009765625,-0.025412144139409065,0.39456409215927124,0.6236677169799805,-0.03071228787302971,0.44762083888053894,0.7148192524909973,-0.011731608770787716,0.44044581055641174,0.6559524536132812,-0.01824953965842724,0.43887564539909363,0.6191972494125366,-0.024885021150112152,0.435925155878067,0.5874648690223694,-0.029076939448714256,0.4640606641769409,0.7179532051086426,-0.014731211587786674,0.4636983573436737,0.6658098697662354,-0.027094893157482147,0.4627790153026581,0.631927490234375,-0.03827901557087898,0.45927512645721436,0.5988008975982666,-0.04527277126908302,0.48190829157829285,0.7357591986656189,-0.019121410325169563,0.48378223180770874,0.7053287029266357,-0.030377494171261787,0.4837169051170349,0.7210041880607605,-0.03173086792230606,0.4833930432796478,0.7408634424209595,-0.03205215930938721
0.4716251790523529,0.8384062051773071,2.035632036267998e-07,0.4527612626552582,0.8272347450256348,-0.01845710724592209,0.4422987699508667,0.795366644859314,-0.02356853522360325,0.46036818623542786,0.7605021595954895,-0.025878198444843292,0.47987493872642517,0.7358517050743103,-0.027727313339710236,0.4286488890647888,0.7274159789085388,-0.011046898551285267,0.4113268256187439,0.6817077994346619,-0.01820591650903225,0.4020967483520508,0.6507779359817505,-0.02446766197681427,0.39438194036483765,0.6235979199409485,-0.029597435146570206,0.44730567932128906,0.7144393920898438,-0.011332067660987377,0.44016844034194946,0.6557186841964722,-0.017559727653861046,0.4388010501861572,0.6189686059951782,-0.02386975660920143,0.43607035279273987,0.5873327851295471,-0.02785302884876728,0.4637281596660614,0.7175626158714294,-0.014355483464896679,0.4634680151939392,0.6656064987182617,-0.026498105376958847,0.462408185005188,0.6317481994628906,-0.03749531880021095,0.45881181955337524,0.5985870361328125,-0.04439673200249672,0.4815348982810974,0.7353516817092896,-0.01877886988222599,0.48367249965667725,0.704979419708252,-0.029931293800473213,0.48361116647720337,0.7205098867416382,-0.031292401254177094,0.48327043652534485,0.7401303648948669,-0.03163814917206764
0.4713434875011444,0.8392529487609863,2.0888238339011878e-07,0.45242226123809814,0.8274530172348022,-0.018917351961135864,0.44244563579559326,0.7959234118461609,-0.02430865727365017,0.460629940032959,0.7623426914215088,-0.026834791526198387,0.4797753393650055,0.7378251552581787,-0.02888522669672966,0.42916229367256165,0.7276252508163452,-0.011440237984061241,0.41183745861053467,0.682422399520874,-0.01892213523387909,0.4022437036037445,0.6513743996620178,-0.025394421070814133,0.394097238779068,0.6240569353103638,-0.03062979318201542,0.44766247272491455,0.7147181630134583,-0.011486655101180077,0.4410179853439331,0.6561988592147827,-0.018164101988077164,0.43972674012184143,0.6192983388900757,-0.02461240626871586,0.4368414580821991,0.587310791015625,-0.028522847220301628,0.46398571133613586,0.7178483009338379,-0.01431172527372837,0.46375226974487305,0.6657094955444336,-0.02689007669687271,0.46277952194213867,0.6317511796951294,-0.03795628622174263,0.45906469225883484,0.5982034206390381,-0.044718239456415176,0.48189619183540344,0.7356305718421936,-0.018564999103546143,0.4841963052749634,0.7055659890174866,-0.029862940311431885,0.48413971066474915,0.7214986085891724,-0.031138192862272263,0.48377925157546997,0.7412058711051941,-0.031324926763772964
0.4704609215259552,0.8402562737464905,2.0439773606995004e-07,0.45240554213523865,0.8272287845611572,-0.018508000299334526,0.4430142343044281,0.7941421866416931,-0.02309930883347988,0.46138834953308105,0.7599872946739197,-0.024800598621368408,0.48056259751319885,0.7361040711402893,-0.025969328358769417,0.4291711151599884,0.7275692224502563,-0.01038662251085043,0.4117918312549591,0.6822000741958618,-0.017492592334747314,0.40216726064682007,0.6512805819511414,-0.02371048741042614,0.3940321207046509,0.6239404678344727,-0.02874939516186714,0.44774872064590454,0.7148929834365845,-0.010515822097659111,0.4415595829486847,0.6560256481170654,-0.016769248992204666,0.44063758850097656,0.6189326643943787,-0.023074762895703316,0.4383413791656494,0.5866377353668213,-0.026911132037639618,0.4640270471572876,0.7180386781692505,-0.013470659032464027,0.4639429748058319,0.6663424968719482,-0.025908581912517548,0.46308213472366333,0.6324175596237183,-0.03721309080719948,0.4596656858921051,0.5985497236251831,-0.04409347474575043,0.4818798005580902,0.7358911633491516,-0.017816325649619102,0.48400330543518066,0.7057233452796936,-0.028938492760062218,0.48375311493873596,0.7216405272483826,-0.030219487845897675,0.48336079716682434,0.7413934469223022,-0.03043733537197113
0.47173604369163513,0.8397641777992249,2.0981320858481922e-07,0.45281782746315,0.8265999555587769,-0.01873965375125408,0.4433044493198395,0.7934106588363647,-0.023899728432297707,0.4620383381843567,0.7595201134681702,-0.02627653442323208,0.4812777638435364,0.7361589670181274,-0.02827100269496441,0.42911189794540405,0.7273904085159302,-0.011041424237191677,0.41181501746177673,0.6824486255645752,-0.01845717802643776,0.40240100026130676,0.6515194773674011,-0.025086192414164543,0.39434564113616943,0.6240444183349609,-0.03051079250872135,0.4477030038833618,0.7145788073539734,-0.01113445870578289,0.4417678415775299,0.6562467217445374,-0.017510322853922844,0.4411800503730774,0.6191765069961548,-0.02418443188071251,0.4391705095767975,0.5866921544075012,-0.02846354804933071,0.4640844762325287,0.7176042199134827,-0.013981683179736137,0.46421018242836,0.6665832996368408,-0.026178032159805298,0.46352827548980713,0.6328358054161072,-0.0374060794711113,0.4603886902332306,0.599449634552002,-0.04450133070349693,0.4817783832550049,0.7349340319633484,-0.018281619995832443,0.48406118154525757,0.7059760689735413,-0.029541637748479843,0.4838661253452301,0.7215985059738159,-0.031023072078824043,0.48343443870544434,0.7406448125839233,-0.03146359324455261
0.4709283113479614,0.8395060896873474,2.0565497038660396e-07,0.4528731107711792,0.8267016410827637,-0.017873547971248627,0.44418129324913025,0.7927615642547607,-0.022020047530531883,0.4626140296459198,0.7580136060714722,-0.023506369441747665,0.4811461567878723,0.7341761589050293,-0.024535639211535454,0.4288049042224884,0.7274286150932312,-0.009197729639708996,0.4116548001766205,0.6823302507400513,-0.01580890454351902,0.4022320508956909,0.651421070098877,-0.021731261163949966,0.3942576050758362,0.6240465641021729,-0.02662619948387146,0.44722607731819153,0.7144246101379395,-0.00946179311722517,0.441283643245697,0.655937135219574,-0.015422954224050045,0.44071561098098755,0.618796706199646,-0.02170160599052906,0.438652902841568,0.5863358378410339,-0.025524906814098358,0.4636000394821167,0.7173581719398499,-0.012475480325520039,0.46357497572898865,0.6661193370819092,-0.024512512609362602,0.4629572927951813,0.632561206817627,-0.035667888820171356,0.45962822437286377,0.5989627242088318,-0.04248810559511185,0.48144885897636414,0.7348926663398743,-0.01684764213860035,0.48413047194480896,0.7052269577980042,-0.02762160263955593,0.48429083824157715,0.7207667827606201,-0.028866132721304893,0.48419055342674255,0.7397896647453308,-0.029087310656905174
0.47018128633499146,0.8402751088142395,2.094151483333917e-07,0.45220747590065,0.8274039030075073,-0.018895847722887993,0.44274237751960754,0.7938852310180664,-0.023471252992749214,0.4602389335632324,0.7592588663101196,-0.025045104324817657,0.4780921936035156,0.735339343547821,-0.026055864989757538,0.4280377924442291,0.7275523543357849,-0.0109083391726017,0.41086339950561523,0.6826229095458984,-0.017808398231863976,0.4011531472206116,0.6519395709037781,-0.023938342928886414,0.39270442724227905,0.6249291896820068,-0.028917178511619568,0.44629308581352234,0.7144380807876587,-0.010767932049930096,0.44016432762145996,0.6557902693748474,-0.016602206975221634,0.4393867552280426,0.6185785531997681,-0.022740093991160393,0.4369957447052002,0.586310625076294,-0.02654842659831047,0.46240299940109253,0.7171448469161987,-0.013451878912746906,0.4619060158729553,0.6663710474967957,-0.025436703115701675,0.4614739716053009,0.6324021816253662,-0.036551594734191895,0.45813071727752686,0.5986653566360474,-0.043426599353551865,0.4800836741924286,0.7345454096794128,-0.01760595105588436,0.4826909601688385,0.7046555876731873,-0.028506498783826828,0.48346948623657227,0.7197888493537903,-0.029780227690935135,0.4836595952510834,0.7390435338020325,-0.030040644109249115
0.47203996777534485,0.8396027088165283,2.0916498044698528e-07,0.45300018787384033,0.8261041641235352,-0.018088847398757935,0.44316089153289795,0.7925316095352173,-0.022648340091109276,0.46038320660591125,0.7577216029167175,-0.024585044011473656,0.4780629277229309,0.733711302280426,-0.025970321148633957,0.4279804825782776,0.7268787622451782,-0.009279987774789333,0.41059282422065735,0.681994616985321,-0.016150927171111107,0.40105634927749634,0.6512594819068909,-0.02249285764992237,0.3929004967212677,0.6240883469581604,-0.027671897783875465,0.4461838901042938,0.7137142419815063,-0.009500854648649693,0.4401222765445709,0.6558207273483276,-0.015159066766500473,0.43933409452438354,0.6186328530311584,-0.021421236917376518,0.4370465576648712,0.586303174495697,-0.025422025471925735,0.4624018669128418,0.7164850831031799,-0.012538695707917213,0.4619128108024597,0.6657693982124329,-0.024133527651429176,0.4611649215221405,0.6320251226425171,-0.03509648144245148,0.4576261043548584,0.5986940860748291,-0.042026057839393616,0.48017144203186035,0.7335037589073181,-0.01702449657022953,0.4827030301094055,0.7038914561271667,-0.02782495506107807,0.48278582096099854,0.7187910079956055,-0.029161876067519188,0.4823140799999237,0.7373453974723816,-0.029490454122424126
0.4706864356994629,0.8394608497619629,2.0779113185653841e-07,0.4528919756412506,0.8259285688400269,-0.017842473462224007,0.44367507100105286,0.7918564677238464,-0.02184656634926796,0.46092310547828674,0.7568300366401672,-0.023059049621224403,0.47857943177223206,0.732764482498169,-0.023681510239839554,0.4279147982597351,0.72669517993927,-0.009123610332608223,0.4104631841182709,0.6819049715995789,-0.0155030507594347,0.40090349316596985,0.6515049338340759,-0.021186377853155136,0.39258718490600586,0.624657928943634,-0.0258313100785017,0.44610264897346497,0.713850736618042,-0.009342392906546593,0.43996453285217285,0.6551831364631653,-0.015183549374341965,0.4392390847206116,0.6182136535644531,-0.021066410467028618,0.43688106536865234,0.5859318375587463,-0.024477297440171242,0.46222320199012756,0.7164695858955383,-0.012350755743682384,0.4616909325122833,0.6657331585884094,-0.024403877556324005,0.46080851554870605,0.6319517493247986,-0.03531014174222946,0.4571462571620941,0.5979951620101929,-0.04184644669294357,0.48002421855926514,0.7336319088935852,-0.016723347827792168,0.48252221941947937,0.7038034200668335,-0.027394969016313553,0.48299503326416016,0.7199448347091675,-0.02829827554523945,0.48335838317871094,0.7396870851516724,-0.028212271630764008
0.4722764194011688,0.8396761417388916,2.082325210039926e-07,0.4533892869949341,0.8264749646186829,-0.018417328596115112,0.4431729018688202,0.793025016784668,-0.02280408889055252,0.46043822169303894,0.7586663961410522,-0.0243763979524374,0.47830286622047424,0.7349576950073242,-0.025316845625638962,0.42809271812438965,0.7265772819519043,-0.009427386336028576,0.4106476902961731,0.6820671558380127,-0.016276132315397263,0.4011036455631256,0.65163654088974,-0.022475814446806908,0.39287301898002625,0.6245234608650208,-0.02751660719513893,0.44635289907455444,0.7135665416717529,-0.009497319348156452,0.440271258354187,0.6556127667427063,-0.015541424974799156,0.4396020770072937,0.6185559034347534,-0.021720191463828087,0.43742087483406067,0.5859417915344238,-0.025450684130191803,0.4625645577907562,0.7162576913833618,-0.012451356276869774,0.46187615394592285,0.6661706566810608,-0.024615135043859482,0.4610574543476105,0.6325781345367432,-0.03556279465556145,0.45747119188308716,0.5987194776535034,-0.04221690446138382,0.4804239869117737,0.7335352301597595,-0.01686420664191246,0.4826626479625702,0.7039790153503418,-0.027738602831959724,0.48309120535850525,0.7198012471199036,-0.02878449857234955,0.48313412070274353,0.7390053272247314,-0.028823325410485268
0.4724184274673462,0.8377928137779236,2.0527760113964177e-07,0.4540645182132721,0.8258262276649475,-0.017647163942456245,0.4438577890396118,0.7923849821090698,-0.02153594046831131,0.46071574091911316,0.7575005888938904,-0.022726379334926605,0.47847315669059753,0.7334063053131104,-0.023370159789919853,0.4275507926940918,0.7262863516807556,-0.008623145520687103,0.4101695418357849,0.6818944811820984,-0.014825481921434402,0.4007458984851837,0.6517175436019897,-0.020431211218237877,0.392561137676239,0.6250859498977661,-0.02509491890668869,0.44542109966278076,0.7128579616546631,-0.008884664624929428,0.43900102376937866,0.6548417210578918,-0.014464905485510826,0.4380777180194855,0.6184049248695374,-0.020208606496453285,0.4358673393726349,0.5867421627044678,-0.023598015308380127,0.4614880084991455,0.7153031826019287,-0.011929732747375965,0.46091124415397644,0.6642208099365234,-0.023687226697802544,0.45981165766716003,0.630683183670044,-0.03443451598286629,0.45631396770477295,0.5971877574920654,-0.04100451618432999,0.479098379611969,0.7325639724731445,-0.016350949183106422,0.4816817045211792,0.7034602165222168,-0.027108056470751762,0.4827031195163727,0.7188966870307922,-0.028209766373038292,0.4837280809879303,0.7377377152442932,-0.028257399797439575
0.46896132826805115,0.8337017893791199,2.029920409540864e-07,0.45509830117225647,0.8193251490592957,-0.018924858421087265,0.4456731677055359,0.781110942363739,-0.022486023604869843,0.45846283435821533,0.7408955097198486,-0.022907275706529617,0.47335687279701233,0.7160453796386719,-0.02292346954345703,0.4222107231616974,0.7242438793182373,-0.009698458015918732,0.4050738215446472,0.6783478856086731,-0.015622119419276714,0.3952740430831909,0.6477863788604736,-0.02132451720535755,0.3862196207046509,0.6222187280654907,-0.02603820711374283,0.43789926171302795,0.7107307314872742,-0.00827620830386877,0.429701566696167,0.6540198922157288,-0.012845870107412338,0.4264446794986725,0.6186304688453674,-0.019219135865569115,0.4215512275695801,0.5882763862609863,-0.02337605692446232,0.4524330794811249,0.711180567741394,-0.0095304474234581,0.45014694333076477,0.6600187420845032,-0.01998365856707096,0.4476912021636963,0.6260253190994263,-0.03191756084561348,0.4425073266029358,0.593510091304779,-0.039881620556116104,0.4679450988769531,0.7246841192245483,-0.012278496287763119,0.47125768661499023,0.6982933878898621,-0.02386787347495556,0.47559216618537903,0.7099785804748535,-0.027425995096564293,0.47992897033691406,0.7253607511520386,-0.029149288311600685
0.4636165201663971,0.8272993564605713,1.9124806271975103e-07,0.45321184396743774,0.8124385476112366,-0.026155292987823486,0.4460139274597168,0.7695925235748291,-0.028018459677696228,0.4583171308040619,0.7289394736289978,-0.023947173729538918,0.4691663384437561,0.7064527273178101,-0.018490580841898918,0.41372063755989075,0.7213557958602905,-0.014463813975453377,0.39674192667007446,0.6747409701347351,-0.019844872877001762,0.38539212942123413,0.6454802751541138,-0.024559149518609047,0.37497249245643616,0.6230091452598572,-0.027934713289141655,0.4271244704723358,0.709078848361969,-0.00715947849676013,0.4145316779613495,0.6531778573989868,-0.010269065387547016,0.40928536653518677,0.6206550598144531,-0.014878001995384693,0.4030526578426361,0.5934999585151672,-0.017418302595615387,0.4406803250312805,0.7083948850631714,-0.0032952316105365753,0.4341238737106323,0.6611308455467224,-0.0124781159684062,0.4269941449165344,0.6292675137519836,-0.025363190099596977,0.41623854637145996,0.5964939594268799,-0.03388962149620056,0.45696938037872314,0.7205110788345337,-0.0015921390149742365,0.4613650441169739,0.6963579058647156,-0.012127663008868694,0.4659097194671631,0.7083480954170227,-0.017425967380404472,0.4691983461380005,0.723734974861145,-0.020591815933585167
0.4607357680797577,0.8288038969039917,1.862082257275688e-07,0.4509146511554718,0.8119611740112305,-0.027088724076747894,0.4437844157218933,0.7707377076148987,-0.02929183654487133,0.45605531334877014,0.7307263016700745,-0.025366783142089844,0.4662221670150757,0.7073488235473633,-0.02006177417933941,0.4109652042388916,0.7215494513511658,-0.014304469339549541,0.3925292193889618,0.6770712733268738,-0.019318535923957825,0.3806356191635132,0.6484442949295044,-0.024346543475985527,0.36954134702682495,0.6263684034347534,-0.028064286336302757,0.4243958294391632,0.7089957594871521,-0.006468618288636208,0.41094374656677246,0.6553208231925964,-0.008726096712052822,0.4046347737312317,0.6228469014167786,-0.014126583933830261,0.3976873755455017,0.5956404209136963,-0.017610007897019386,0.43777987360954285,0.7081076502799988,-0.00213518925011158,0.42965880036354065,0.6614397168159485,-0.010604060254991055,0.422730028629303,0.6294949650764465,-0.024186743423342705,0.41201919317245483,0.597057580947876,-0.03350571170449257,0.45355913043022156,0.7199094891548157,-2.4775737983873114e-05,0.45621511340141296,0.6960815191268921,-0.010334959253668785,0.46224090456962585,0.7057093977928162,-0.01594209298491478,0.46690213680267334,0.7200838327407837,-0.0193732101470232
0.4668424427509308,0.822511613368988,1.7725756151776295e-07,0.4556972086429596,0.8077365756034851,-0.026930002495646477,0.44666820764541626,0.767737865447998,-0.028704779222607613,0.45812371373176575,0.7275355458259583,-0.024308737367391586,0.4690360426902771,0.7047321200370789,-0.018416205421090126,0.41293931007385254,0.721348762512207,-0.01445893757045269,0.3934215009212494,0.6778479814529419,-0.02048947475850582,0.3804735243320465,0.6494255661964417,-0.025819476693868637,0.3689876198768616,0.6267606616020203,-0.02963736467063427,0.42604994773864746,0.7079410552978516,-0.00713938195258379,0.4114321768283844,0.6552157998085022,-0.010766057297587395,0.4036424458026886,0.6221328377723694,-0.01613965444266796,0.39580243825912476,0.5938326120376587,-0.019234906882047653,0.4395528733730316,0.7057076692581177,-0.0034636969212442636,0.4322202503681183,0.6589038968086243,-0.013599468395113945,0.4255882203578949,0.6273292899131775,-0.02742983028292656,0.4153542220592499,0.5944170355796814,-0.03636787086725235,0.45591041445732117,0.7167852520942688,-0.002005453687161207,0.4586242139339447,0.6942481994628906,-0.013856891542673111,0.4644488990306854,0.7059550881385803,-0.019867517054080963,0.46918776631355286,0.7214188575744629,-0.02321002632379532
0.4654756784439087,0.8266729712486267,2.0110071830004017e-07,0.454611212015152,0.8119331002235413,-0.026724999770522118,0.44656333327293396,0.7714046835899353,-0.029943274334073067,0.458169162273407,0.729586124420166,-0.02751568891108036,0.4700395464897156,0.7057802081108093,-0.024026796221733093,0.4139258861541748,0.7236111760139465,-0.014816642738878727,0.3946758210659027,0.6788976192474365,-0.020522452890872955,0.38249391317367554,0.6498939394950867,-0.025938786566257477,0.3714807629585266,0.6272618174552917,-0.030136292800307274,0.4276029169559479,0.709954023361206,-0.00780018325895071,0.41368937492370605,0.656140923500061,-0.01147338468581438,0.4066191613674164,0.6231130957603455,-0.017593655735254288,0.3988186717033386,0.5948784351348877,-0.021566785871982574,0.441463440656662,0.7088202238082886,-0.004161508288234472,0.43422824144363403,0.6607804298400879,-0.013919667340815067,0.4277169704437256,0.6286293268203735,-0.02758639119565487,0.4177599847316742,0.596444845199585,-0.03679567202925682,0.4573032855987549,0.7204831838607788,-0.0026614931412041187,0.45982658863067627,0.6949484944343567,-0.01443610992282629,0.4657967984676361,0.7042021155357361,-0.02043813467025757,0.47073185443878174,0.7174540162086487,-0.023963123559951782
0.46749866008758545,0.8289080858230591,1.7745402658420062e-07,0.4564193785190582,0.8148652911186218,-0.02579984813928604,0.4482485353946686,0.774425745010376,-0.028011437505483627,0.4598686695098877,0.733945369720459,-0.024650324136018753,0.4720213711261749,0.7099425196647644,-0.0202232226729393,0.41638049483299255,0.7259553074836731,-0.013952052220702171,0.39692312479019165,0.6810925602912903,-0.019296186044812202,0.38432377576828003,0.6516906023025513,-0.02418345957994461,0.37298160791397095,0.6293272376060486,-0.027992049232125282,0.42966219782829285,0.7127077579498291,-0.007352521643042564,0.4151257872581482,0.6587384343147278,-0.011172070167958736,0.4078456461429596,0.6254764795303345,-0.01706148497760296,0.4000014364719391,0.5969799160957336,-0.020705733448266983,0.4430568814277649,0.7115085124969482,-0.004073672462254763,0.43527212738990784,0.6625270843505859,-0.014570966362953186,0.42827996611595154,0.6297768354415894,-0.028597263619303703,0.41797956824302673,0.5968259572982788,-0.037843089550733566,0.45872336626052856,0.7235884666442871,-0.0027630242984741926,0.46048492193222046,0.6979222893714905,-0.01550384797155857,0.4665551483631134,0.708427906036377,-0.02176305651664734,0.4717467725276947,0.7230257391929626,-0.025298478081822395
0.4684777855873108,0.8308209180831909,1.920153209766795e-07,0.45936790108680725,0.8164970874786377,-0.02588200941681862,0.4511982500553131,0.7758046388626099,-0.028905250132083893,0.4614339768886566,0.7348387837409973,-0.02651200257241726,0.4732759892940521,0.710546612739563,-0.023003824055194855,0.41858482360839844,0.7259029746055603,-0.014160895720124245,0.3990274965763092,0.6812720894813538,-0.019607188180088997,0.387082040309906,0.6520323157310486,-0.02462398074567318,0.3763590455055237,0.6292158961296082,-0.02856397069990635,0.43194645643234253,0.71292644739151,-0.007542777806520462,0.41820698976516724,0.6589512825012207,-0.011876261793076992,0.41184037923812866,0.6252260208129883,-0.017974963411688805,0.4047834277153015,0.5963760614395142,-0.021727198734879494,0.4453098475933075,0.7121392488479614,-0.004193889442831278,0.4386321008205414,0.6632318496704102,-0.014754175208508968,0.4330211281776428,0.6306649446487427,-0.0282287634909153,0.42410317063331604,0.5983436107635498,-0.036993712186813354,0.4608692228794098,0.7242436408996582,-0.0028312171343714,0.4631465971469879,0.698261022567749,-0.014770415611565113,0.4686655104160309,0.7088097333908081,-0.020348405465483665,0.4734734296798706,0.7231746315956116,-0.023457437753677368
0.4743941128253937,0.8297164440155029,2.0979999248993408e-07,0.4626336991786957,0.8164948225021362,-0.023546714335680008,0.45515280961990356,0.7778433561325073,-0.027485890313982964,0.4685055911540985,0.7374345064163208,-0.026936562731862068,0.48332691192626953,0.7139138579368591,-0.025866931304335594,0.42693787813186646,0.7238813042640686,-0.013076091185212135,0.41003164649009705,0.6778582334518433,-0.019298028200864792,0.39969590306282043,0.6474943161010742,-0.024944737553596497,0.38976290822029114,0.6225239038467407,-0.029548609629273415,0.4412100613117218,0.7105104327201843,-0.008730528876185417,0.431231826543808,0.6556734442710876,-0.01416343729943037,0.4267136752605438,0.6208875775337219,-0.020885109901428223,0.42078402638435364,0.5901881456375122,-0.025016184896230698,0.4548301696777344,0.7105466723442078,-0.00739095825701952,0.45157429575920105,0.6612985134124756,-0.019083596765995026,0.4485844075679779,0.6274945735931396,-0.032370105385780334,0.4424762725830078,0.5929768085479736,-0.04104595258831978,0.46933841705322266,0.7237772345542908,-0.0078072138130664825,0.4727793037891388,0.6998451352119446,-0.021211132407188416,0.4786083400249481,0.7126834988594055,-0.026349056512117386,0.48406681418418884,0.7273454070091248,-0.02899513579905033
0.476593554019928,0.834689199924469,2.1442042452690657e-07,0.4654204547405243,0.819958508014679,-0.022837495431303978,0.4582216441631317,0.7823329567909241,-0.02735135331749916,0.47025489807128906,0.7427911758422852,-0.027862753719091415,0.48422670364379883,0.7157850861549377,-0.02767326310276985,0.429958313703537,0.7254008650779724,-0.01155244093388319,0.4135332405567169,0.6788038015365601,-0.017708903178572655,0.4034758508205414,0.6478496193885803,-0.023681573569774628,0.394478976726532,0.6220716238021851,-0.02862180955708027,0.44477659463882446,0.7123078107833862,-0.007942765019834042,0.43483343720436096,0.6559953689575195,-0.013511519879102707,0.43089452385902405,0.6200007796287537,-0.020810427144169807,0.4258277118206024,0.5891693234443665,-0.02554592303931713,0.45927417278289795,0.713102400302887,-0.007307381369173527,0.45625901222229004,0.6619762778282166,-0.018979374319314957,0.4544118642807007,0.6281879544258118,-0.03186565265059471,0.4496518075466156,0.5954796075820923,-0.040290478616952896,0.47509491443634033,0.7276901006698608,-0.008386324159801006,0.4779077172279358,0.7002577185630798,-0.020965050905942917,0.4828893542289734,0.7121294140815735,-0.025250380858778954,0.48758959770202637,0.7273252010345459,-0.02745804376900196
0.47444528341293335,0.837952733039856,1.9815071539142082e-07,0.4618133306503296,0.8226391673088074,-0.020480072125792503,0.45460084080696106,0.7850167751312256,-0.02404758334159851,0.46862757205963135,0.7454318404197693,-0.02404346689581871,0.4842871129512787,0.721095085144043,-0.023391641676425934,0.4306640625,0.7259905338287354,-0.009543525986373425,0.41425836086273193,0.6787317991256714,-0.015085036866366863,0.4047413766384125,0.6479365229606628,-0.020388882607221603,0.3962221145629883,0.6219688057899475,-0.02482454665005207,0.44652459025382996,0.7135338187217712,-0.007416191510856152,0.4370594322681427,0.6564112305641174,-0.012771417386829853,0.4332171380519867,0.6203499436378479,-0.01952776312828064,0.4279695749282837,0.5893035531044006,-0.023727333173155785,0.46119970083236694,0.7151827216148376,-0.008158196695148945,0.45932385325431824,0.6639426350593567,-0.01989484764635563,0.4579138457775116,0.6300344467163086,-0.03250810503959656,0.45316845178604126,0.5965847969055176,-0.04049838334321976,0.47698715329170227,0.7311075329780579,-0.010411237366497517,0.4799075424671173,0.7016922235488892,-0.022207526490092278,0.48392704129219055,0.715040385723114,-0.025495581328868866,0.487581729888916,0.7322993874549866,-0.02703062631189823
0.47548967599868774,0.8373575806617737,2.0368814546145586e-07,0.46224796772003174,0.8226995468139648,-0.021124301478266716,0.4547266662120819,0.7836424708366394,-0.024700438603758812,0.4699820280075073,0.7440814971923828,-0.024601224809885025,0.48594459891319275,0.7205092906951904,-0.023880377411842346,0.4311327040195465,0.7266507744789124,-0.010703491047024727,0.4150038957595825,0.6791926026344299,-0.017045000568032265,0.4055815637111664,0.647740364074707,-0.02283654548227787,0.3971997797489166,0.621163010597229,-0.027586277574300766,0.44664737582206726,0.7137064337730408,-0.008466768078505993,0.4376983046531677,0.6565691828727722,-0.014098605141043663,0.43445050716400146,0.619911789894104,-0.021062763407826424,0.4301207661628723,0.5881900787353516,-0.02551649697124958,0.4610081613063812,0.7149638533592224,-0.00918896310031414,0.45955172181129456,0.6638804078102112,-0.021137380972504616,0.4588643014431,0.6300028562545776,-0.03400576114654541,0.4549998939037323,0.5963777899742126,-0.04229255020618439,0.47658535838127136,0.7303519248962402,-0.011514509096741676,0.480213463306427,0.7027724981307983,-0.023839915171265602,0.4845171868801117,0.7153304815292358,-0.02768375724554062,0.48821622133255005,0.7313745617866516,-0.029659461230039597
0.47510433197021484,0.8401557207107544,2.0698630009974295e-07,0.4615304470062256,0.8247681856155396,-0.019425740465521812,0.4543938636779785,0.7868255972862244,-0.02316618710756302,0.4686262011528015,0.7470552921295166,-0.0237480029463768,0.48435723781585693,0.7233513593673706,-0.023721950128674507,0.4313282072544098,0.7278688549995422,-0.009084274061024189,0.4154171347618103,0.6801052689552307,-0.01485512312501669,0.40645816922187805,0.6484925746917725,-0.02031894028186798,0.3986551761627197,0.6217831969261169,-0.024900667369365692,0.4472213089466095,0.7151840925216675,-0.007653957698494196,0.438597172498703,0.6576409339904785,-0.01305147260427475,0.43578287959098816,0.6207784414291382,-0.019690362736582756,0.4316439628601074,0.5896052122116089,-0.023866750299930573,0.4620070457458496,0.7171850800514221,-0.00898383092135191,0.4606255292892456,0.6656045913696289,-0.020494645461440086,0.46059176325798035,0.6316511631011963,-0.03245098143815994,0.4574170708656311,0.5991593599319458,-0.04002242535352707,0.4777255952358246,0.733504056930542,-0.011772138997912407,0.48102569580078125,0.7044683694839478,-0.02323314920067787,0.4850001335144043,0.7170485258102417,-0.02607697620987892,0.48879626393318176,0.7339896559715271,-0.02729952149093151
0.47451403737068176,0.8396368026733398,2.2125342979961715e-07,0.4598304331302643,0.8249218463897705,-0.021860023960471153,0.45261335372924805,0.787800669670105,-0.027102522552013397,0.46904006600379944,0.7489141821861267,-0.028705231845378876,0.4860471189022064,0.7252765893936157,-0.029579831287264824,0.431153267621994,0.7278122305870056,-0.012441005557775497,0.4161165654659271,0.6800438761711121,-0.019482726231217384,0.40727344155311584,0.6481859683990479,-0.026007331907749176,0.39983126521110535,0.6211517453193665,-0.03128599002957344,0.447431355714798,0.7155575156211853,-0.01026024017482996,0.4391939640045166,0.6576804518699646,-0.016170771792531013,0.4366379976272583,0.6207897663116455,-0.023212755098938942,0.43290454149246216,0.5893961191177368,-0.027904311195015907,0.4624418020248413,0.7177494764328003,-0.01101737841963768,0.46168237924575806,0.6659075617790222,-0.022321956232190132,0.46219176054000854,0.632438600063324,-0.03412267938256264,0.4594149589538574,0.6001684665679932,-0.04185793176293373,0.4786284863948822,0.7340961694717407,-0.013555827550590038,0.48183393478393555,0.704327404499054,-0.024430615827441216,0.4851580560207367,0.7164068222045898,-0.02704540267586708,0.4878881573677063,0.7330219745635986,-0.028384573757648468
0.4738655984401703,0.8404675126075745,2.155551044324966e-07,0.4599301218986511,0.824746310710907,-0.020888231694698334,0.45328304171562195,0.7868545651435852,-0.025387251749634743,0.46920543909072876,0.7475330829620361,-0.026420822367072105,0.48605847358703613,0.724852442741394,-0.026785384863615036,0.43150097131729126,0.7279335856437683,-0.010998890735208988,0.41645869612693787,0.6798917651176453,-0.01732489839196205,0.4081929624080658,0.6479578018188477,-0.02326381765305996,0.4011930823326111,0.620915949344635,-0.028161538764834404,0.4477188289165497,0.7156861424446106,-0.00904192216694355,0.4397057592868805,0.6579616665840149,-0.014636755920946598,0.43757134675979614,0.6207576394081116,-0.021448487415909767,0.43433719873428345,0.589259147644043,-0.02588910423219204,0.462759792804718,0.7179474830627441,-0.009948495775461197,0.4625288248062134,0.6665304899215698,-0.021311257034540176,0.4632142186164856,0.6325293183326721,-0.03326179459691048,0.4606914818286896,0.599810004234314,-0.040997929871082306,0.4787363111972809,0.7345196008682251,-0.012501008808612823,0.48239433765411377,0.705149233341217,-0.023595688864588737,0.48539161682128906,0.7177278995513916,-0.026365475729107857,0.487894743680954,0.7346606850624084,-0.027737651020288467
0.47364184260368347,0.840054452419281,2.0799907929358596e-07,0.461173415184021,0.8251277208328247,-0.020839348435401917,0.4549234211444855,0.7864418625831604,-0.02508966624736786,0.4704705476760864,0.7472084164619446,-0.025763651356101036,0.4870569407939911,0.7249534726142883,-0.025774972513318062,0.4321288466453552,0.7278624773025513,-0.011098140850663185,0.4171464741230011,0.6800569295883179,-0.01705600507557392,0.40862295031547546,0.648499608039856,-0.02278054505586624,0.4010646939277649,0.6217746734619141,-0.027576183900237083,0.4480229318141937,0.716037929058075,-0.008903645910322666,0.44002464413642883,0.6583828330039978,-0.014202915132045746,0.4379146993160248,0.6218039989471436,-0.020747726783156395,0.4342610538005829,0.5905311107635498,-0.02501886524260044,0.4628210961818695,0.7182390689849854,-0.009533701464533806,0.4623619318008423,0.6668971180915833,-0.02063552476465702,0.46269506216049194,0.6323772668838501,-0.03255997598171234,0.4595298171043396,0.5989199280738831,-0.040372442454099655,0.47870418429374695,0.7344290614128113,-0.0117972856387496,0.48296841979026794,0.7049881219863892,-0.02262449637055397,0.4864247441291809,0.7181155681610107,-0.02533242665231228,0.4892846345901489,0.7353981137275696,-0.026765957474708557
0.47448626160621643,0.8408310413360596,2.0336402428711153e-07,0.4619233012199402,0.8267402648925781,-0.020322458818554878,0.45571398735046387,0.7909248471260071,-0.02502870373427868,0.47077202796936035,0.7525697350502014,-0.026460008695721626,0.48645520210266113,0.7265439033508301,-0.027372298762202263,0.4329412877559662,0.7294708490371704,-0.010595707222819328,0.41750913858413696,0.6814973950386047,-0.01688988134264946,0.40898948907852173,0.6497727036476135,-0.022829098626971245,0.401541143655777,0.6226685643196106,-0.027715884149074554,0.4487925171852112,0.716802179813385,-0.008860980160534382,0.4403479993343353,0.6590609550476074,-0.01439064834266901,0.43811342120170593,0.6223835945129395,-0.02126287668943405,0.4345138370990753,0.5910007357597351,-0.025821086019277573,0.46357017755508423,0.7189698815345764,-0.009895332157611847,0.46303892135620117,0.6674338579177856,-0.021408600732684135,0.4635884761810303,0.6330959796905518,-0.03333243355154991,0.4611806571483612,0.6000947952270508,-0.0411682203412056,0.47930392622947693,0.7353137135505676,-0.012456776574254036,0.48277050256729126,0.705558717250824,-0.024043403565883636,0.4866524934768677,0.7194150686264038,-0.02674904279410839,0.4904416501522064,0.7370641231536865,-0.02804902195930481
0.4741917848587036,0.8417201042175293,2.0306060832808726e-07,0.46260955929756165,0.827735185623169,-0.020150942727923393,0.4559439420700073,0.7902947664260864,-0.02440144494175911,0.4708954095840454,0.7517790794372559,-0.02537718042731285,0.4869409203529358,0.7266397476196289,-0.02600094862282276,0.43256089091300964,0.7305942177772522,-0.01023912150412798,0.4181176424026489,0.6830244064331055,-0.016115276142954826,0.4100988805294037,0.6512433886528015,-0.02175494283437729,0.4026012420654297,0.6243926882743835,-0.026582298800349236,0.44810712337493896,0.7176734209060669,-0.008450938388705254,0.44055354595184326,0.6603635549545288,-0.014003986492753029,0.4390164613723755,0.6240707635879517,-0.02061052806675434,0.435718297958374,0.592153012752533,-0.024852290749549866,0.4627964496612549,0.7195421457290649,-0.009421378374099731,0.4622197151184082,0.6679326295852661,-0.0211936105042696,0.462106853723526,0.6330339908599854,-0.033225130289793015,0.4591802954673767,0.5985954403877258,-0.04109865427017212,0.4785069227218628,0.7356360554695129,-0.01188830565661192,0.48276978731155396,0.7070574760437012,-0.02427973784506321,0.48696261644363403,0.7219880223274231,-0.02747933380305767,0.4915407598018646,0.7396201491355896,-0.029028618708252907
0.4751740097999573,0.8407193422317505,2.0439000536498497e-07,0.46172961592674255,0.8274770975112915,-0.02038634568452835,0.4543088972568512,0.7923946976661682,-0.025373632088303566,0.46943211555480957,0.7542722225189209,-0.027094896882772446,0.4860525131225586,0.7275791168212891,-0.028411123901605606,0.4327312409877777,0.729495644569397,-0.011276728473603725,0.41798627376556396,0.6819586753845215,-0.017869459465146065,0.40974050760269165,0.6503071784973145,-0.024121642112731934,0.40236976742744446,0.6232060790061951,-0.029353126883506775,0.44848746061325073,0.7166761159896851,-0.009701138362288475,0.4403326213359833,0.6592727899551392,-0.015747813507914543,0.4382934272289276,0.6228071451187134,-0.022799400612711906,0.4350306987762451,0.5911177396774292,-0.0274332445114851,0.46351057291030884,0.7190519571304321,-0.010837451554834843,0.4624960422515869,0.6673600077629089,-0.022810202091932297,0.46284985542297363,0.6329716444015503,-0.0345652811229229,0.4607466757297516,0.5996851921081543,-0.04224703833460808,0.47967666387557983,0.7358292937278748,-0.013508375734090805,0.4827623665332794,0.7060973644256592,-0.025814197957515717,0.4868498742580414,0.7202765941619873,-0.028596388176083565,0.4913688600063324,0.7377810478210449,-0.02981613203883171
0.47368159890174866,0.8410400748252869,1.9924566174722713e-07,0.4619174003601074,0.8276744484901428,-0.01953602023422718,0.454933226108551,0.790463387966156,-0.023973476141691208,0.46945270895957947,0.7520761489868164,-0.025302471593022346,0.48605474829673767,0.7262692451477051,-0.026430314406752586,0.4329175055027008,0.7300613522529602,-0.010645215399563313,0.4191388785839081,0.6823546290397644,-0.016553271561861038,0.4116901457309723,0.6506426334381104,-0.02226106822490692,0.40456050634384155,0.623950719833374,-0.027223840355873108,0.44842544198036194,0.7168808579444885,-0.009128781035542488,0.4413089156150818,0.6596472263336182,-0.01439596526324749,0.4401921331882477,0.6235237717628479,-0.020918412134051323,0.4372740387916565,0.5919971466064453,-0.025294655933976173,0.46309950947761536,0.7188355326652527,-0.01023075357079506,0.46248993277549744,0.6669436693191528,-0.021642938256263733,0.4626067876815796,0.6320116519927979,-0.03329871967434883,0.4600876569747925,0.5980468988418579,-0.04119838774204254,0.4785546064376831,0.7347127795219421,-0.012794527225196362,0.4828740656375885,0.7063693404197693,-0.025519898161292076,0.48751094937324524,0.7207815051078796,-0.028905633836984634,0.4923873543739319,0.7376381754875183,-0.030608952045440674
0.473994642496109,0.8411226272583008,1.9983882282303966e-07,0.46155446767807007,0.8268600702285767,-0.01920752041041851,0.45493084192276,0.7897285223007202,-0.02316037192940712,0.46990886330604553,0.7509418725967407,-0.023969177156686783,0.4863846004009247,0.7262493371963501,-0.02431158348917961,0.4327372610569,0.7283853888511658,-0.009412896819412708,0.4185091555118561,0.6807340979576111,-0.015134695917367935,0.41079118847846985,0.6493724584579468,-0.02066062204539776,0.40344464778900146,0.6226258873939514,-0.025356603786349297,0.4486585855484009,0.716174304485321,-0.008169619366526604,0.4410531222820282,0.6582990884780884,-0.013687603175640106,0.4392569959163666,0.6220693588256836,-0.020109253004193306,0.43584439158439636,0.5905423164367676,-0.02411464974284172,0.463626891374588,0.7187297344207764,-0.009613406844437122,0.4627736806869507,0.6670957803726196,-0.021282773464918137,0.46302589774131775,0.6325619220733643,-0.03279469162225723,0.4605984389781952,0.598642110824585,-0.04011243209242821,0.47961580753326416,0.7353740334510803,-0.01248531136661768,0.48329851031303406,0.7055588960647583,-0.02413705736398697,0.4873228371143341,0.71982741355896,-0.026499588042497635,0.4917634427547455,0.7375422120094299,-0.02739689126610756
0.4748747944831848,0.8395923376083374,2.0835042846556462e-07,0.46220511198043823,0.8266260027885437,-0.019842728972434998,0.4558373987674713,0.789853572845459,-0.02408001385629177,0.47000807523727417,0.75031977891922,-0.024963494390249252,0.4859439730644226,0.7248896956443787,-0.02545790560543537,0.43292900919914246,0.7279818654060364,-0.010468958877027035,0.4188353419303894,0.6800323128700256,-0.01625598408281803,0.4109516739845276,0.6482827067375183,-0.02179633639752865,0.40361613035202026,0.6210702657699585,-0.02653171308338642,0.4486357271671295,0.7153177857398987,-0.008768641389906406,0.4412310719490051,0.6575271487236023,-0.01430566981434822,0.43953409790992737,0.6207184195518494,-0.02080787718296051,0.4363522231578827,0.5888755321502686,-0.024925922974944115,0.46341267228126526,0.7177932262420654,-0.009705878794193268,0.46266457438468933,0.6658813953399658,-0.021526169031858444,0.46303489804267883,0.6310704350471497,-0.033210720866918564,0.46090954542160034,0.5974138379096985,-0.040677137672901154,0.4787701368331909,0.7345036864280701,-0.01206277310848236,0.48222023248672485,0.7052549123764038,-0.024102546274662018,0.4866882264614105,0.7194244861602783,-0.02674546092748642,0.491737961769104,0.7371568083763123,-0.02779843658208847
0.4749980568885803,0.8396943807601929,2.1032913366525463e-07,0.4621162712574005,0.8261038064956665,-0.02059822902083397,0.4551001489162445,0.7900530695915222,-0.02537219226360321,0.4711964428424835,0.7525220513343811,-0.026793424040079117,0.48826852440834045,0.7275533676147461,-0.027799511328339577,0.432742178440094,0.7287032008171082,-0.011409837752580643,0.41894209384918213,0.681286633014679,-0.01797541230916977,0.4112711250782013,0.6497611999511719,-0.024197285994887352,0.40414923429489136,0.6227295398712158,-0.029415950179100037,0.4484102725982666,0.7161874175071716,-0.009682882577180862,0.44111311435699463,0.6587396860122681,-0.015526672825217247,0.4397013485431671,0.6225278377532959,-0.02237710729241371,0.43681612610816956,0.5909702777862549,-0.026856739073991776,0.4634879529476166,0.7184538245201111,-0.010710272938013077,0.4628094434738159,0.6675779223442078,-0.02233295701444149,0.463323175907135,0.6335761547088623,-0.03403113782405853,0.46110233664512634,0.6000813841819763,-0.041728828102350235,0.4798640012741089,0.7350167036056519,-0.01333269476890564,0.48361825942993164,0.7064737677574158,-0.025283215567469597,0.4871577024459839,0.7207607626914978,-0.02811206877231598,0.49083197116851807,0.7378902435302734,-0.029453933238983154
0.4746069014072418,0.8398365378379822,2.016234930124483e-07,0.46130144596099854,0.8279233574867249,-0.021136248484253883,0.45394402742385864,0.7930082678794861,-0.02621343731880188,0.4700332581996918,0.7555886507034302,-0.02774633839726448,0.4874088168144226,0.7295786142349243,-0.028752177953720093,0.43236297369003296,0.729988694190979,-0.012467773631215096,0.41838255524635315,0.6821035146713257,-0.019239434972405434,0.41062140464782715,0.6505300998687744,-0.025457583367824554,0.40325799584388733,0.6232597827911377,-0.030636919662356377,0.4482475221157074,0.7171312570571899,-0.010656080208718777,0.44094327092170715,0.6591807007789612,-0.01667161099612713,0.43938496708869934,0.6230395436286926,-0.023527873679995537,0.43603962659835815,0.591174840927124,-0.028058931231498718,0.46318942308425903,0.7190654873847961,-0.011604811996221542,0.46263429522514343,0.667832612991333,-0.023374207317829132,0.4633285403251648,0.6338393688201904,-0.03489474207162857,0.4609430730342865,0.5999516248703003,-0.04245702922344208,0.47943055629730225,0.7355009913444519,-0.014190610498189926,0.48298874497413635,0.7055039405822754,-0.025857042521238327,0.48665738105773926,0.7198254466056824,-0.02820638008415699,0.49015793204307556,0.737504780292511,-0.029273446649312973
0.4742363691329956,0.8404781818389893,2.1268550653985585e-07,0.4607860743999481,0.828106701374054,-0.022246917709708214,0.4535239338874817,0.7926366925239563,-0.027666714042425156,0.46987611055374146,0.7543876767158508,-0.02927503176033497,0.4872716963291168,0.7283897399902344,-0.03022109717130661,0.4323464035987854,0.7294395565986633,-0.013269752264022827,0.4183613061904907,0.6817002892494202,-0.020357629284262657,0.4107048213481903,0.6499709486961365,-0.02681540511548519,0.40380430221557617,0.6223616600036621,-0.03215837478637695,0.4484195411205292,0.716903030872345,-0.010877282358705997,0.4412039816379547,0.6595205068588257,-0.01715848222374916,0.43991512060165405,0.6231763362884521,-0.024235248565673828,0.4371776282787323,0.5909034013748169,-0.028961634263396263,0.4633987545967102,0.7191240191459656,-0.011382611468434334,0.4628145098686218,0.6690982580184937,-0.023399008437991142,0.4638059139251709,0.6353296041488647,-0.03521871939301491,0.4619690775871277,0.6016148328781128,-0.042939990758895874,0.4795528054237366,0.735536515712738,-0.013621419668197632,0.4828075170516968,0.7060849070549011,-0.025395916774868965,0.486418217420578,0.7198424339294434,-0.028103811666369438,0.4900284707546234,0.7369091510772705,-0.02944342792034149
0.4740501642227173,0.8420913219451904,1.996245089230797e-07,0.46068450808525085,0.82900470495224,-0.020451625809073448,0.4536251127719879,0.7920975089073181,-0.02485029213130474,0.46906501054763794,0.7527156472206116,-0.025783207267522812,0.48593974113464355,0.7269725203514099,-0.0262847188860178,0.4312012791633606,0.7305135130882263,-0.011122419498860836,0.4174853265285492,0.6823797225952148,-0.017110200598835945,0.40979790687561035,0.6506149172782898,-0.022924553602933884,0.402445524930954,0.6235302090644836,-0.027918951585888863,0.44746097922325134,0.7177321314811707,-0.009348652325570583,0.4400452673435211,0.6601028442382812,-0.014733470045030117,0.43842750787734985,0.6236175894737244,-0.021515943109989166,0.4353578984737396,0.5918868780136108,-0.026050275191664696,0.4627823531627655,0.7198901176452637,-0.01027299091219902,0.461885929107666,0.6681818962097168,-0.021774036809802055,0.4622650444507599,0.6337687373161316,-0.033612120896577835,0.46000272035598755,0.6002290844917297,-0.04145165905356407,0.47904571890830994,0.7361537218093872,-0.012738398276269436,0.4822708070278168,0.7067869901657104,-0.024747159332036972,0.4862651228904724,0.7205069065093994,-0.027629312127828598,0.4904652535915375,0.7375972867012024,-0.0289845559746027
0.475114643573761,0.8404699563980103,2.1648426695719536e-07,0.46192699670791626,0.8283962607383728,-0.021765509620308876,0.4541095495223999,0.7933362722396851,-0.027265088632702827,0.4693882465362549,0.754622757434845,-0.02913321554660797,0.4863724410533905,0.7276174426078796,-0.030425362288951874,0.43124091625213623,0.731244683265686,-0.01296540629118681,0.41708827018737793,0.6837116479873657,-0.020126624032855034,0.4094328284263611,0.6517887711524963,-0.026636021211743355,0.4026760458946228,0.6242424249649048,-0.03200322389602661,0.44696369767189026,0.7178879380226135,-0.010883083567023277,0.4392695426940918,0.6601281762123108,-0.017231598496437073,0.4377515912055969,0.6234483122825623,-0.02447405457496643,0.4349660575389862,0.5916240215301514,-0.029349837452173233,0.46204838156700134,0.7195079922676086,-0.011627109721302986,0.4615269899368286,0.6684866547584534,-0.023772714659571648,0.4623953104019165,0.6345149278640747,-0.03579197824001312,0.46049630641937256,0.6013178825378418,-0.04371790215373039,0.4785667359828949,0.7354239225387573,-0.01402175985276699,0.4819056987762451,0.7062628865242004,-0.026142122223973274,0.485719233751297,0.7200577855110168,-0.029116539284586906,0.4895460307598114,0.7369738817214966,-0.030643342062830925
0.47507837414741516,0.8413479924201965,2.0831463132253702e-07,0.46178939938545227,0.8283929228782654,-0.021391810849308968,0.4539128541946411,0.792675256729126,-0.026247859001159668,0.4695548415184021,0.7541640996932983,-0.027420060709118843,0.48714950680732727,0.7282603979110718,-0.027937015518546104,0.43178772926330566,0.7310114502906799,-0.012334154918789864,0.4173669219017029,0.683516263961792,-0.019180333241820335,0.4094740152359009,0.6519609689712524,-0.02540038898587227,0.40256553888320923,0.6246020793914795,-0.030497465282678604,0.4475140869617462,0.7180906534194946,-0.010356640443205833,0.4393647313117981,0.6601995229721069,-0.01643287017941475,0.43743035197257996,0.6237595081329346,-0.02331295795738697,0.43444928526878357,0.5920113325119019,-0.027820486575365067,0.46242308616638184,0.7198001742362976,-0.01123666763305664,0.461487740278244,0.6686908006668091,-0.023267818614840508,0.4622218906879425,0.6349316835403442,-0.03523244336247444,0.460304856300354,0.6016685962677002,-0.04293243587017059,0.4789443612098694,0.735951840877533,-0.013760971836745739,0.4819542467594147,0.7059171795845032,-0.025443827733397484,0.4859219193458557,0.7197996377944946,-0.028054894879460335,0.4900243282318115,0.7374943494796753,-0.02927147038280964
0.4752962291240692,0.8424538373947144,2.006370891649567e-07,0.46188533306121826,0.8282207250595093,-0.0197343397885561,0.45433861017227173,0.79176265001297,-0.023788664489984512,0.4692871570587158,0.7532414197921753,-0.024586420506238937,0.4867611229419708,0.7289929986000061,-0.024896571412682533,0.4320899248123169,0.7311195135116577,-0.010215398855507374,0.41767531633377075,0.6837316751480103,-0.016552593559026718,0.40978148579597473,0.6520005464553833,-0.0225807037204504,0.40253037214279175,0.624715268611908,-0.027562782168388367,0.4476490318775177,0.7181527614593506,-0.008986213244497776,0.4394853413105011,0.66021329164505,-0.014682374894618988,0.43736666440963745,0.6232595443725586,-0.021346285939216614,0.43398913741111755,0.5915188193321228,-0.025562509894371033,0.4627416729927063,0.7197932600975037,-0.010492387227714062,0.46132779121398926,0.6681422591209412,-0.022148195654153824,0.4616822302341461,0.6336845755577087,-0.03375927358865738,0.4594058394432068,0.6002486348152161,-0.04113973677158356,0.4793351888656616,0.7360823154449463,-0.013531831093132496,0.4820244610309601,0.7058550119400024,-0.02491195686161518,0.48631274700164795,0.7197607159614563,-0.027079420164227486,0.4910276532173157,0.7377853393554688,-0.027871504426002502
0.4746089577674866,0.8416111469268799,2.0369783726437163e-07,0.4609259068965912,0.827724277973175,-0.020266437903046608,0.4536985158920288,0.7907629013061523,-0.02445921115577221,0.46957042813301086,0.7526839971542358,-0.025285739451646805,0.48683926463127136,0.7291370034217834,-0.02561555616557598,0.4320170283317566,0.7308635711669922,-0.010885126888751984,0.4177333116531372,0.6837217807769775,-0.01732192188501358,0.40991005301475525,0.6521947979927063,-0.02340194769203663,0.4027530550956726,0.6249866485595703,-0.028459705412387848,0.447655588388443,0.7178727984428406,-0.00951557606458664,0.43969210982322693,0.6599155068397522,-0.014988197013735771,0.43773090839385986,0.6233729124069214,-0.02168470062315464,0.4345434010028839,0.5919570922851562,-0.026081232354044914,0.4626633822917938,0.7197091579437256,-0.01094001904129982,0.4621143043041229,0.6682149767875671,-0.022422514855861664,0.4626917541027069,0.6338513493537903,-0.034406740218400955,0.4605201184749603,0.6003831028938293,-0.04224758967757225,0.47919586300849915,0.73601233959198,-0.01395747996866703,0.4827498495578766,0.7067714929580688,-0.025434590876102448,0.4866509437561035,0.7206122875213623,-0.02809344232082367,0.4906068444252014,0.7382045984268188,-0.029383502900600433
0.4744945764541626,0.8418692350387573,2.0803901179533568e-07,0.46142685413360596,0.8289963006973267,-0.020052270963788033,0.4543856978416443,0.7934327721595764,-0.024675188586115837,0.46982207894325256,0.7555758953094482,-0.026008570566773415,0.4870649576187134,0.7306962609291077,-0.026943126693367958,0.4326059818267822,0.7317151427268982,-0.0114355543628335,0.4188026189804077,0.6841855645179749,-0.01802358217537403,0.411105215549469,0.6523220539093018,-0.02404155768454075,0.4040149450302124,0.6248767971992493,-0.029075894504785538,0.44832101464271545,0.7181184887886047,-0.010112808085978031,0.44073912501335144,0.6601591110229492,-0.016206169500947,0.4389406740665436,0.6235288381576538,-0.02293475717306137,0.4355182945728302,0.5918563604354858,-0.027248287573456764,0.4632437825202942,0.7196484208106995,-0.011476553045213223,0.46288570761680603,0.6678643822669983,-0.023468727245926857,0.4635176360607147,0.6336595416069031,-0.035132765769958496,0.4611833393573761,0.6003113389015198,-0.042635105550289154,0.4794117212295532,0.7358942031860352,-0.01435216423124075,0.4831104576587677,0.7066248059272766,-0.026238545775413513,0.4873693287372589,0.7211283445358276,-0.02875773049890995,0.49174922704696655,0.7390525937080383,-0.029836060479283333
0.47474685311317444,0.8416873216629028,2.1097632441069436e-07,0.4616803526878357,0.829618513584137,-0.020988596603274345,0.4543326199054718,0.7952339053153992,-0.026249729096889496,0.4699362516403198,0.7566584348678589,-0.02803654968738556,0.4874829053878784,0.7305761575698853,-0.029316863045096397,0.43248146772384644,0.7317871451377869,-0.012479551136493683,0.41882750391960144,0.6843692064285278,-0.019409535452723503,0.4112726151943207,0.6525612473487854,-0.025705933570861816,0.4046016037464142,0.6250683665275574,-0.030944788828492165,0.4482482373714447,0.7180394530296326,-0.01080644316971302,0.44064342975616455,0.6601415276527405,-0.017027253285050392,0.43899405002593994,0.6234341263771057,-0.023990020155906677,0.43598803877830505,0.5917360186576843,-0.028582552447915077,0.46326830983161926,0.7196012735366821,-0.011866793967783451,0.46322861313819885,0.6684237122535706,-0.02386901155114174,0.4642990231513977,0.6343607902526855,-0.035671304911375046,0.4625036418437958,0.6012053489685059,-0.04338010773062706,0.4795791208744049,0.7360824942588806,-0.014531831257045269,0.4835192859172821,0.7069833278656006,-0.026409849524497986,0.487692654132843,0.7211178541183472,-0.029119905084371567,0.49180057644844055,0.7387465834617615,-0.030413156375288963
0.47440025210380554,0.8422985076904297,2.0614919549188926e-07,0.4617660641670227,0.8292465806007385,-0.020269744098186493,0.45514360070228577,0.7935019731521606,-0.024964887648820877,0.47098255157470703,0.7559345364570618,-0.02633799985051155,0.48815515637397766,0.7310089468955994,-0.027297133579850197,0.433040589094162,0.7311782836914062,-0.011246122419834137,0.41917335987091064,0.6838752627372742,-0.017697859555482864,0.4115158021450043,0.652450442314148,-0.02381102740764618,0.40442970395088196,0.6252052783966064,-0.028949297964572906,0.4487736225128174,0.718302845954895,-0.009829777292907238,0.4411478042602539,0.6604196429252625,-0.01567365601658821,0.439506471157074,0.6239549517631531,-0.022598303854465485,0.4363958239555359,0.59196537733078,-0.027179935947060585,0.46362394094467163,0.7202554941177368,-0.011125680059194565,0.4635213017463684,0.6693180799484253,-0.022734668105840683,0.4643484652042389,0.6349461674690247,-0.0345328226685524,0.46237313747406006,0.6013330817222595,-0.04229408875107765,0.47980713844299316,0.7366664409637451,-0.013998216949403286,0.4837009906768799,0.7073192000389099,-0.025552522391080856,0.48771488666534424,0.7216923236846924,-0.02811046503484249,0.491849422454834,0.7393473982810974,-0.029353458434343338
0.47432413697242737,0.8408471941947937,2.0923953059082123e-07,0.46174225211143494,0.8278307318687439,-0.020224502310156822,0.4546096622943878,0.7920076251029968,-0.024745067581534386,0.4705222249031067,0.754180908203125,-0.025902720168232918,0.48885083198547363,0.7307071685791016,-0.026662318035960197,0.4325752258300781,0.7312914133071899,-0.011464836075901985,0.4192694425582886,0.6837218403816223,-0.01764686591923237,0.4116150438785553,0.6522484421730042,-0.0234534814953804,0.40422359108924866,0.6252243518829346,-0.02843235433101654,0.44808974862098694,0.7182373404502869,-0.009888923726975918,0.4407460391521454,0.6605753898620605,-0.015642698854207993,0.4390890300273895,0.6237613558769226,-0.022156113758683205,0.435839980840683,0.5918108820915222,-0.026363061740994453,0.46298447251319885,0.7201830744743347,-0.01099057774990797,0.46261027455329895,0.669304609298706,-0.022653819993138313,0.4632019102573395,0.6346418857574463,-0.0343831405043602,0.4610995352268219,0.6008649468421936,-0.04200155660510063,0.47917917370796204,0.7365056276321411,-0.013646289706230164,0.4835723638534546,0.7082312703132629,-0.025510163977742195,0.48760923743247986,0.722658097743988,-0.028272854164242744,0.4920200705528259,0.7404172420501709,-0.029548073187470436
0.47485071420669556,0.8414636850357056,2.1079196699247404e-07,0.46191301941871643,0.8282727599143982,-0.020993271842598915,0.45504263043403625,0.7919021844863892,-0.025543592870235443,0.47114723920822144,0.7537186145782471,-0.026473555713891983,0.48855477571487427,0.7294429540634155,-0.026783661916851997,0.4328860640525818,0.7314735651016235,-0.012041945941746235,0.4190472364425659,0.6839916110038757,-0.0187017023563385,0.4111294150352478,0.6523740887641907,-0.02476859837770462,0.40399664640426636,0.6250434517860413,-0.02977791801095009,0.4485490918159485,0.7183384895324707,-0.010212603956460953,0.4406028389930725,0.6603109836578369,-0.016149146482348442,0.4385380744934082,0.6234819889068604,-0.022886663675308228,0.43532130122184753,0.5917563438415527,-0.02727065235376358,0.4634017050266266,0.7200042605400085,-0.011200272478163242,0.4630727767944336,0.6690700054168701,-0.023105932399630547,0.46414613723754883,0.6351410150527954,-0.03507230430841446,0.4623013436794281,0.6020803451538086,-0.04275226593017578,0.47975489497184753,0.7361400127410889,-0.013794911094009876,0.4838499426841736,0.7072537541389465,-0.02535870298743248,0.4877985715866089,0.7208781242370605,-0.028032733127474785,0.4916606545448303,0.7382974624633789,-0.0292863417416811
0.4750673174858093,0.8406598567962646,2.1529623950300447e-07,0.46185457706451416,0.8283316493034363,-0.021711137145757675,0.45462727546691895,0.7938025593757629,-0.027502840384840965,0.47088780999183655,0.7561259865760803,-0.02970605529844761,0.4889374375343323,0.7314155101776123,-0.031441010534763336,0.4327494204044342,0.7316190600395203,-0.013840930536389351,0.4189217686653137,0.6841177344322205,-0.021097397431731224,0.4110972583293915,0.6524368524551392,-0.02770570106804371,0.4039384722709656,0.625076413154602,-0.03318950906395912,0.4485595226287842,0.718547523021698,-0.011871515773236752,0.4407791495323181,0.660705029964447,-0.018301043659448624,0.4388902485370636,0.6240841746330261,-0.025552239269018173,0.43565571308135986,0.5921940207481384,-0.03042578138411045,0.4636737108230591,0.7203089594841003,-0.012608431279659271,0.46308818459510803,0.6694672107696533,-0.02446860820055008,0.4636599123477936,0.6353462934494019,-0.03638622537255287,0.4616357088088989,0.6023557186126709,-0.044290415942668915,0.48013460636138916,0.7364748120307922,-0.015041802078485489,0.4837001860141754,0.7079191207885742,-0.02691022679209709,0.48739898204803467,0.7217909097671509,-0.029793279245495796,0.49129337072372437,0.7393024563789368,-0.03125053644180298
0.4752230644226074,0.842459499835968,2.122775981661107e-07,0.46169593930244446,0.8302338123321533,-0.02095799893140793,0.4545758068561554,0.7944722175598145,-0.025602145120501518,0.4705614149570465,0.7558605074882507,-0.026643749326467514,0.4879108965396881,0.7305885553359985,-0.02717489004135132,0.4327646493911743,0.7326181530952454,-0.0122960414737463,0.41872477531433105,0.6847847700119019,-0.018933193758130074,0.41100451350212097,0.6527915596961975,-0.024922601878643036,0.4040079712867737,0.6252304315567017,-0.029863053932785988,0.44855499267578125,0.7189094424247742,-0.01038463693112135,0.44070306420326233,0.6608567237854004,-0.016283715143799782,0.4386761784553528,0.623725414276123,-0.022923029959201813,0.43531277775764465,0.5918184518814087,-0.027209265157580376,0.4633648693561554,0.720341682434082,-0.011245650239288807,0.46310439705848694,0.6689193844795227,-0.023214438930153847,0.46403610706329346,0.6343822479248047,-0.03517572209239006,0.4621606171131134,0.6008861064910889,-0.04286995530128479,0.4793258011341095,0.7363203167915344,-0.013688387349247932,0.48324358463287354,0.7078862190246582,-0.025703493505716324,0.4878069758415222,0.7217047214508057,-0.02857271395623684,0.49248579144477844,0.7392435073852539,-0.029874905943870544
0.4740622937679291,0.8427621722221375,2.0782007936759328e-07,0.46088021993637085,0.8303332328796387,-0.020703811198472977,0.45421475172042847,0.7935910820960999,-0.025108512490987778,0.4703170657157898,0.7546539306640625,-0.02595837041735649,0.48806947469711304,0.7306099534034729,-0.02634565159678459,0.4325403571128845,0.732008159160614,-0.011301047168672085,0.4188554883003235,0.6844156384468079,-0.017291828989982605,0.41134127974510193,0.6528116464614868,-0.023055221885442734,0.4043216109275818,0.6256468892097473,-0.027973027899861336,0.44868940114974976,0.7186318635940552,-0.009302803315222263,0.441437691450119,0.6612971425056458,-0.014645691961050034,0.4401291012763977,0.6250153183937073,-0.020998718217015266,0.4372057616710663,0.5931640863418579,-0.025138217955827713,0.4637700021266937,0.720346212387085,-0.010078467428684235,0.46348223090171814,0.669106125831604,-0.021556776016950607,0.46415838599205017,0.6344929933547974,-0.03316495567560196,0.4618348777294159,0.6003450751304626,-0.04073483124375343,0.4797545373439789,0.7364146113395691,-0.012457582168281078,0.48407700657844543,0.7070716023445129,-0.02421914041042328,0.48840224742889404,0.7215516567230225,-0.02691618539392948,0.4927183985710144,0.7391164302825928,-0.028163276612758636
0.47570547461509705,0.840685248374939,2.1537795191761688e-07,0.4607616662979126,0.8306553363800049,-0.023104410618543625,0.45326778292655945,0.7963292002677917,-0.029197894036769867,0.4699004292488098,0.7568258047103882,-0.031192833557724953,0.4877144992351532,0.7308099269866943,-0.032565437257289886,0.4326452910900116,0.7324306964874268,-0.015569041483104229,0.4191823899745941,0.6843758225440979,-0.022790495306253433,0.41153740882873535,0.6523726582527161,-0.02928253822028637,0.40448063611984253,0.6246619820594788,-0.034673310816287994,0.4490603506565094,0.7188799381256104,-0.012806140817701817,0.44144535064697266,0.6606634855270386,-0.019103283062577248,0.43977800011634827,0.6237013339996338,-0.02599574252963066,0.4364670515060425,0.5915042757987976,-0.03066219761967659,0.4642380177974701,0.7204239964485168,-0.012821923941373825,0.46349480748176575,0.6691293120384216,-0.02472248114645481,0.4645562767982483,0.6350483298301697,-0.03630823269486427,0.4625306725502014,0.6017711162567139,-0.043961480259895325,0.4803016781806946,0.7365592122077942,-0.014637571759521961,0.4837495982646942,0.7065272331237793,-0.026368506252765656,0.48793619871139526,0.720366358757019,-0.02900763414800167,0.49185657501220703,0.7382498979568481,-0.03032621182501316
0.474371075630188,0.8417064547538757,2.1092566271363467e-07,0.4605187177658081,0.8301960825920105,-0.022279167547822,0.4537983536720276,0.7945719957351685,-0.027511417865753174,0.4705190062522888,0.7557178735733032,-0.028784699738025665,0.48827147483825684,0.7297078967094421,-0.029519855976104736,0.4324800372123718,0.7329853177070618,-0.014235449954867363,0.4187690019607544,0.6850634813308716,-0.020987819880247116,0.41101473569869995,0.652985155582428,-0.02696818858385086,0.4040868580341339,0.6255087852478027,-0.031953126192092896,0.4486214220523834,0.7193614840507507,-0.01168655976653099,0.4409029185771942,0.661148726940155,-0.017778784036636353,0.4392522871494293,0.6245511770248413,-0.024408403784036636,0.436364084482193,0.5927799940109253,-0.028720321133732796,0.46368637681007385,0.7209706902503967,-0.011907070875167847,0.46334168314933777,0.6689258217811584,-0.023944495245814323,0.4643706977367401,0.634865403175354,-0.035727713257074356,0.46265801787376404,0.6013631224632263,-0.043359123170375824,0.4798835813999176,0.73758864402771,-0.013808070681989193,0.4837701916694641,0.7080783843994141,-0.025782467797398567,0.4879835844039917,0.722400963306427,-0.028579197824001312,0.4922681450843811,0.7402033805847168,-0.029909394681453705
0.47503232955932617,0.8429796099662781,2.1205880784691544e-07,0.46129709482192993,0.8304733633995056,-0.021775122731924057,0.4543313682079315,0.795082151889801,-0.026985056698322296,0.470469206571579,0.7566829323768616,-0.0284412894397974,0.48813819885253906,0.7310969829559326,-0.029329732060432434,0.4327133595943451,0.7326229214668274,-0.013175832107663155,0.4191111922264099,0.6847058534622192,-0.020256008952856064,0.41126933693885803,0.6525849103927612,-0.026620790362358093,0.4041156768798828,0.6249508261680603,-0.03185836225748062,0.4487193822860718,0.7193191647529602,-0.011099064722657204,0.4408482313156128,0.6611683964729309,-0.01757095940411091,0.43903782963752747,0.624146044254303,-0.024710383266210556,0.4358074367046356,0.591877818107605,-0.029414735734462738,0.463663786649704,0.7210158705711365,-0.011834845878183842,0.46345019340515137,0.6700007915496826,-0.0240798182785511,0.4645701050758362,0.6357520818710327,-0.0360579676926136,0.462467759847641,0.6020695567131042,-0.04380277916789055,0.4798249900341034,0.7375109791755676,-0.014236892573535442,0.48343008756637573,0.707667350769043,-0.025944361463189125,0.4873737096786499,0.7216874361038208,-0.028542207553982735,0.4910368025302887,0.7394541501998901,-0.02982097491621971
0.4753502309322357,0.8403765559196472,2.1649267978318676e-07,0.46280616521835327,0.8286230564117432,-0.022299902513623238,0.45540812611579895,0.7942893505096436,-0.02817630209028721,0.4709779620170593,0.7565886974334717,-0.03030974790453911,0.4884115159511566,0.7310025691986084,-0.031951818615198135,0.4325825870037079,0.732321560382843,-0.014285389333963394,0.41896650195121765,0.6848185658454895,-0.02157686837017536,0.41168758273124695,0.6527790427207947,-0.028096850961446762,0.40512391924858093,0.6252521276473999,-0.033478524535894394,0.4483312666416168,0.7186216115951538,-0.01184134092181921,0.4407557547092438,0.661015510559082,-0.01809948869049549,0.4394024610519409,0.6243329048156738,-0.025197867304086685,0.4366849958896637,0.5924829244613647,-0.03003891371190548,0.46329835057258606,0.7199714183807373,-0.012157452292740345,0.4634208381175995,0.6694068908691406,-0.024039477109909058,0.46454086899757385,0.6351831555366516,-0.036006294190883636,0.46282336115837097,0.6019039750099182,-0.04406832158565521,0.47927430272102356,0.735767662525177,-0.014199478551745415,0.48354366421699524,0.7080146074295044,-0.026464199647307396,0.48783761262893677,0.7218383550643921,-0.02974032051861286,0.49184900522232056,0.7387235164642334,-0.03152994066476822
0.47575151920318604,0.8417158126831055,2.1202470179559896e-07,0.4618144929409027,0.8287351727485657,-0.02067270502448082,0.45407235622406006,0.7937087416648865,-0.025666719302535057,0.47026875615119934,0.7557060718536377,-0.027289744466543198,0.48840025067329407,0.7310020327568054,-0.028395459055900574,0.43317076563835144,0.7315123081207275,-0.011656243354082108,0.41951659321784973,0.6839513182640076,-0.018415309488773346,0.41202497482299805,0.6522120237350464,-0.02469906024634838,0.40518125891685486,0.6247426867485046,-0.02993643842637539,0.4490280747413635,0.7183859348297119,-0.01011025719344616,0.44147783517837524,0.6606158018112183,-0.015980560332536697,0.43982046842575073,0.6238018274307251,-0.022852502763271332,0.4368422329425812,0.5916818976402283,-0.027473490685224533,0.4639947712421417,0.7202657461166382,-0.011347130872309208,0.4636164903640747,0.669248104095459,-0.023045310750603676,0.46465829014778137,0.6352357864379883,-0.03481045365333557,0.46285420656204224,0.6019061207771301,-0.04255170002579689,0.4802558124065399,0.7364183068275452,-0.014215001836419106,0.48392820358276367,0.706775963306427,-0.02590234763920307,0.48793408274650574,0.7206441164016724,-0.02858281321823597,0.49185729026794434,0.7379209399223328,-0.029918404296040535
0.4765215516090393,0.8409714698791504,2.0773791220562998e-07,0.4623875916004181,0.8284796476364136,-0.020940372720360756,0.4549145996570587,0.7931705117225647,-0.02602989785373211,0.47089654207229614,0.7554543018341064,-0.02772386372089386,0.4884169101715088,0.7295339107513428,-0.029019730165600777,0.4339989125728607,0.7300015687942505,-0.01178407296538353,0.4203484356403351,0.68294757604599,-0.018430691212415695,0.4128180742263794,0.6514832973480225,-0.02489285357296467,0.4058900773525238,0.6242844462394714,-0.03033388964831829,0.44983595609664917,0.7169818878173828,-0.010072737000882626,0.44241294264793396,0.6596860289573669,-0.015498224645853043,0.44086337089538574,0.6233788728713989,-0.022474586963653564,0.4380638003349304,0.5916149616241455,-0.027306655421853065,0.46478572487831116,0.7191739082336426,-0.01113981381058693,0.4644509553909302,0.6680977940559387,-0.022385213524103165,0.4655560255050659,0.6338568329811096,-0.03427930548787117,0.46397635340690613,0.6003786325454712,-0.04238557815551758,0.48082420229911804,0.735646665096283,-0.013877597637474537,0.4849274456501007,0.7069746851921082,-0.025863615795969963,0.48926159739494324,0.7206535339355469,-0.02896719239652157,0.4934346675872803,0.7373754382133484,-0.030621422454714775
0.4763214886188507,0.8432826399803162,2.0698870173418982e-07,0.46280139684677124,0.8303889632225037,-0.02178458496928215,0.45605456829071045,0.7949608564376831,-0.027178466320037842,0.4708707332611084,0.7554978132247925,-0.028788872063159943,0.4876866638660431,0.7291938662528992,-0.029603969305753708,0.43430110812187195,0.7313689589500427,-0.012860332615673542,0.4205266237258911,0.6840963959693909,-0.019793502986431122,0.4125388264656067,0.6523036360740662,-0.026038028299808502,0.40543103218078613,0.6251120567321777,-0.03112727589905262,0.45018455386161804,0.7183887362480164,-0.010581295937299728,0.44226446747779846,0.6605095863342285,-0.016887053847312927,0.44085264205932617,0.6237850189208984,-0.023482616990804672,0.4382971227169037,0.5923368334770203,-0.02767189033329487,0.46513089537620544,0.7203701734542847,-0.01113820355385542,0.46448254585266113,0.6705473065376282,-0.02296142280101776,0.46613624691963196,0.636481523513794,-0.0340636745095253,0.4649517238140106,0.6035071611404419,-0.0410798043012619,0.48122236132621765,0.737079381942749,-0.013417109847068787,0.4842430651187897,0.7075520753860474,-0.024493765085935593,0.4881807565689087,0.7207338809967041,-0.026468707248568535,0.49224773049354553,0.7383165955543518,-0.027166010811924934
0.4755346477031708,0.8404872417449951,2.088983990233828e-07,0.46262142062187195,0.8283666372299194,-0.02099691703915596,0.45495399832725525,0.793998658657074,-0.026293573901057243,0.46937185525894165,0.756412923336029,-0.028139224275946617,0.48616063594818115,0.729948878288269,-0.02937879040837288,0.4326906204223633,0.7312369346618652,-0.012199854478240013,0.41868409514427185,0.6839420795440674,-0.0189789067953825,0.4110322892665863,0.6521335244178772,-0.025082392618060112,0.4042593538761139,0.6252205967903137,-0.030115123838186264,0.4482419192790985,0.7178950309753418,-0.010320458561182022,0.4402693808078766,0.6600587368011475,-0.01633461005985737,0.43875324726104736,0.6234911680221558,-0.022975631058216095,0.43600717186927795,0.5922906994819641,-0.02732984907925129,0.46288982033729553,0.7194807529449463,-0.011219623498618603,0.4625071883201599,0.6678919792175293,-0.022824907675385475,0.4636060297489166,0.6337451934814453,-0.034322336316108704,0.46192362904548645,0.60103440284729,-0.04188527539372444,0.478891521692276,0.7351046800613403,-0.013765539973974228,0.4826507568359375,0.7065762877464294,-0.025514479726552963,0.48673662543296814,0.7200018167495728,-0.028340701013803482,0.49077609181404114,0.7369011640548706,-0.029702194035053253
0.47570687532424927,0.840441882610321,2.0482478646499658e-07,0.46298396587371826,0.8267304301261902,-0.020235296338796616,0.4556083381175995,0.791477382183075,-0.024874519556760788,0.47048115730285645,0.7535368800163269,-0.0261993370950222,0.487978458404541,0.7281820178031921,-0.026961708441376686,0.4338300824165344,0.7293564081192017,-0.01067589595913887,0.4201722741127014,0.6821267604827881,-0.01725972443819046,0.4126550257205963,0.6504582166671753,-0.023365609347820282,0.40587401390075684,0.6235108375549316,-0.02841266058385372,0.44942551851272583,0.7162977457046509,-0.009214707650244236,0.44228464365005493,0.6587073802947998,-0.015187864191830158,0.4408133327960968,0.6222581267356873,-0.021930517628788948,0.4379141628742218,0.5907995700836182,-0.026285575702786446,0.4639458656311035,0.7182870507240295,-0.010580961592495441,0.4640287160873413,0.6667471528053284,-0.022431597113609314,0.4649525284767151,0.6326355934143066,-0.03422370180487633,0.46293026208877563,0.5993214845657349,-0.04181063175201416,0.47968050837516785,0.7347530722618103,-0.013509619049727917,0.4835346043109894,0.7054477334022522,-0.02524113841354847,0.48775824904441833,0.7193050980567932,-0.027939457446336746,0.49203723669052124,0.7368605732917786,-0.029157297685742378
0.47610723972320557,0.8397144079208374,2.0654161403399485e-07,0.46194368600845337,0.826058030128479,-0.021503055468201637,0.4549018144607544,0.7909542918205261,-0.026896381750702858,0.4715019464492798,0.7539356350898743,-0.02868633344769478,0.4894552230834961,0.7292177081108093,-0.02967771515250206,0.4343700408935547,0.7281014323234558,-0.012204824946820736,0.4205806255340576,0.6813877820968628,-0.01925881765782833,0.41291168332099915,0.650311291217804,-0.025800807401537895,0.405977338552475,0.6234886646270752,-0.031136369332671165,0.4501905143260956,0.7158164381980896,-0.010286588221788406,0.4426169991493225,0.6581486463546753,-0.016523025929927826,0.4410690665245056,0.6221268177032471,-0.023449571803212166,0.43808943033218384,0.5906941294670105,-0.028012637048959732,0.46506085991859436,0.7181916832923889,-0.011273134499788284,0.4647305905818939,0.6680347919464111,-0.022684533149003983,0.4657214879989624,0.6345822811126709,-0.034048184752464294,0.46375754475593567,0.601266622543335,-0.041478391736745834,0.4814922511577606,0.7349817156791687,-0.014032757841050625,0.48498910665512085,0.7053571939468384,-0.024484237655997276,0.4877815842628479,0.7189627289772034,-0.026476705446839333,0.4904862940311432,0.736187756061554,-0.027486950159072876
0.47694119811058044,0.8391043543815613,2.1367939950778236e-07,0.4627567231655121,0.8260442018508911,-0.02218402735888958,0.4554111361503601,0.7915168404579163,-0.02808152511715889,0.4721145033836365,0.7533854842185974,-0.030284753069281578,0.489860862493515,0.7277325391769409,-0.031712260097265244,0.43463191390037537,0.7283337712287903,-0.012903911992907524,0.4207330644130707,0.681490957736969,-0.020138200372457504,0.41312405467033386,0.6503815650939941,-0.026770133525133133,0.40651935338974,0.6235131025314331,-0.03224673122167587,0.45054465532302856,0.7156865000724792,-0.010738897137343884,0.4425135850906372,0.6581504940986633,-0.01731625758111477,0.4407692551612854,0.6220982670783997,-0.024564117193222046,0.4376682639122009,0.5905116200447083,-0.029376981779932976,0.4656618535518646,0.7180285453796387,-0.011499729007482529,0.46497297286987305,0.6678258180618286,-0.023362034931778908,0.46584171056747437,0.6345491409301758,-0.03508079797029495,0.4637351930141449,0.6013318300247192,-0.04276452958583832,0.4823595881462097,0.7349671125411987,-0.014038531109690666,0.48553940653800964,0.7058896422386169,-0.02525635063648224,0.4883100688457489,0.7195730209350586,-0.027837837114930153,0.4908325970172882,0.736514687538147,-0.02920851670205593
0.4761957824230194,0.8388932943344116,2.0987725690702064e-07,0.46281418204307556,0.8260371685028076,-0.021897828206419945,0.45557400584220886,0.792106568813324,-0.027763376012444496,0.47179245948791504,0.7549376487731934,-0.030016643926501274,0.48964905738830566,0.7293470501899719,-0.03173166513442993,0.4348061680793762,0.7287222146987915,-0.013537853956222534,0.42089471220970154,0.6819483041763306,-0.02106436714529991,0.41312175989151,0.6503680348396301,-0.027957553043961525,0.4061453342437744,0.6230369806289673,-0.03357494994997978,0.4504654109477997,0.7158316373825073,-0.011557522229850292,0.44246938824653625,0.6582946181297302,-0.018059346824884415,0.4406299591064453,0.6216581463813782,-0.025360731407999992,0.43739837408065796,0.5896075367927551,-0.03027178905904293,0.46538153290748596,0.7178167104721069,-0.01238872017711401,0.46478328108787537,0.6673767566680908,-0.024200409650802612,0.46555453538894653,0.6334866285324097,-0.03591794893145561,0.4636232256889343,0.6002546548843384,-0.0436648353934288,0.4817395508289337,0.7343012690544128,-0.014986886642873287,0.48468178510665894,0.7053265571594238,-0.026580611243844032,0.48831918835639954,0.7190730571746826,-0.029209673404693604,0.4920933246612549,0.7363996505737305,-0.030535174533724785
0.47576889395713806,0.8384964466094971,2.0998569993935234e-07,0.4621611535549164,0.825881838798523,-0.021032892167568207,0.4546356499195099,0.7929023504257202,-0.027046261355280876,0.4706953465938568,0.7554495930671692,-0.029703211039304733,0.48882049322128296,0.7294352650642395,-0.03179819881916046,0.4350411295890808,0.7285171151161194,-0.013207660056650639,0.4211750030517578,0.6816658973693848,-0.020617518573999405,0.41363435983657837,0.6500332355499268,-0.027306973934173584,0.4072226583957672,0.6228089928627014,-0.032754410058259964,0.4507945477962494,0.715807318687439,-0.011675598099827766,0.442347913980484,0.6584832072257996,-0.018158892169594765,0.4404251277446747,0.6216480731964111,-0.02528263069689274,0.437491774559021,0.5896672010421753,-0.03005889803171158,0.46578842401504517,0.7181701064109802,-0.012848807498812675,0.4647407531738281,0.6679291725158691,-0.024546535685658455,0.4660344123840332,0.634067714214325,-0.035917188972234726,0.46471652388572693,0.6014729738235474,-0.04337649047374725,0.4820544123649597,0.7349344491958618,-0.01570061966776848,0.4850717782974243,0.705193281173706,-0.02703705243766308,0.4889536499977112,0.7179941534996033,-0.029432831332087517,0.49289143085479736,0.7350654602050781,-0.0305402223020792
0.4758429229259491,0.839268684387207,2.1221697465989564e-07,0.46300432085990906,0.8259201049804688,-0.021234257146716118,0.45602768659591675,0.7913550138473511,-0.026736166328191757,0.47207269072532654,0.7534921765327454,-0.028812140226364136,0.4898950755596161,0.7275980710983276,-0.030375514179468155,0.4350423812866211,0.7281836271286011,-0.012196791358292103,0.4220123589038849,0.6811314225196838,-0.01906338892877102,0.414845734834671,0.6496025323867798,-0.025486603379249573,0.4085996747016907,0.6224613785743713,-0.030856050550937653,0.45066362619400024,0.7155574560165405,-0.010255921632051468,0.4428955316543579,0.6587741374969482,-0.016538219526410103,0.4412181079387665,0.6219912171363831,-0.02368871495127678,0.43840891122817993,0.5898120403289795,-0.02843405306339264,0.4658049941062927,0.7179202437400818,-0.01108693890273571,0.46545565128326416,0.6682379841804504,-0.022866271436214447,0.4663745164871216,0.6342723369598389,-0.03459059074521065,0.464600533246994,0.6009611487388611,-0.042320042848587036,0.4822383522987366,0.7345998287200928,-0.013595184311270714,0.4861154556274414,0.7066054344177246,-0.02560167945921421,0.4892616868019104,0.7202149629592896,-0.028678501024842262,0.49233412742614746,0.7367600202560425,-0.030219238251447678
0.4750615656375885,0.8404515981674194,2.102387952618301e-07,0.4632236957550049,0.8263753652572632,-0.02112056314945221,0.4572809636592865,0.7910511493682861,-0.02627711370587349,0.4723486006259918,0.7520675659179688,-0.027793603017926216,0.4891018271446228,0.7262168526649475,-0.028725042939186096,0.43502262234687805,0.7287543416023254,-0.012504853308200836,0.4214935600757599,0.6813060641288757,-0.019093431532382965,0.41432470083236694,0.649422287940979,-0.025162259116768837,0.40773844718933105,0.6220592856407166,-0.030107082799077034,0.4506412446498871,0.7161370515823364,-0.01035903301090002,0.4423752725124359,0.6577931642532349,-0.016547948122024536,0.44023367762565613,0.6204354166984558,-0.023288553580641747,0.43675661087036133,0.5884735584259033,-0.027483182027935982,0.46572890877723694,0.7180638313293457,-0.01087954081594944,0.4645644724369049,0.6670219302177429,-0.02264997363090515,0.4654513895511627,0.6327675580978394,-0.033881936222314835,0.463649183511734,0.5998062491416931,-0.04094482958316803,0.48181185126304626,0.7342917323112488,-0.013019432313740253,0.4846208393573761,0.7047115564346313,-0.024436796084046364,0.4887468218803406,0.7186928987503052,-0.026555469259619713,0.49333828687667847,0.736763596534729,-0.027205940335989
0.4744720757007599,0.8402827382087708,2.0293624913847452e-07,0.4619089365005493,0.826019823551178,-0.020540596917271614,0.45627254247665405,0.7903876900672913,-0.025425055995583534,0.4721744954586029,0.7514562606811523,-0.026913654059171677,0.4888525605201721,0.7258763313293457,-0.02776944637298584,0.43485984206199646,0.7277083992958069,-0.01098563801497221,0.4219525456428528,0.6800724864006042,-0.01720879040658474,0.41491225361824036,0.6487492322921753,-0.023174554109573364,0.40854009985923767,0.6219512820243835,-0.028162067756056786,0.4506033957004547,0.7153987288475037,-0.009189979173243046,0.4426151514053345,0.6575828790664673,-0.015033040195703506,0.44056424498558044,0.6208333969116211,-0.021842846646904945,0.43724554777145386,0.5891666412353516,-0.026274478062987328,0.465627521276474,0.7175268530845642,-0.01013411208987236,0.4646015167236328,0.6663420796394348,-0.0214086826890707,0.46538758277893066,0.6325045824050903,-0.03266749158501625,0.46334630250930786,0.5993303060531616,-0.040005434304475784,0.4817652702331543,0.7338025569915771,-0.012714829295873642,0.4846968650817871,0.70408695936203,-0.02362913265824318,0.4879801571369171,0.7173363566398621,-0.025902431458234787,0.49148792028427124,0.734178900718689,-0.026932327076792717
0.47618329524993896,0.8388829231262207,2.1226472313173872e-07,0.4633890986442566,0.8272169232368469,-0.021839752793312073,0.45647692680358887,0.7930978536605835,-0.027291622012853622,0.47169145941734314,0.7543073892593384,-0.02908335067331791,0.4884708523750305,0.7272558212280273,-0.030219666659832,0.4339075982570648,0.7293746471405029,-0.012365889735519886,0.42109230160713196,0.681889533996582,-0.01914549060165882,0.4140976369380951,0.6503257751464844,-0.025523779913783073,0.4077575206756592,0.6229755878448486,-0.03085775300860405,0.4494691789150238,0.7158587574958801,-0.010031897574663162,0.4414399266242981,0.6585272550582886,-0.01630796119570732,0.439751535654068,0.6220893859863281,-0.023323358967900276,0.43671661615371704,0.5901031494140625,-0.02799488604068756,0.46453291177749634,0.7173721790313721,-0.010531752370297909,0.4635750651359558,0.6670560836791992,-0.02207179367542267,0.46447691321372986,0.6334894299507141,-0.03330060839653015,0.46267929673194885,0.6002990007400513,-0.04072059318423271,0.4809669852256775,0.7334191203117371,-0.012795308604836464,0.48392704129219055,0.7040656208992004,-0.024037018418312073,0.4875568449497223,0.7178390026092529,-0.026434751227498055,0.4915405809879303,0.7346940040588379,-0.027633316814899445
0.47663357853889465,0.8386727571487427,2.07700438181746e-07,0.46334341168403625,0.8258152604103088,-0.020054087042808533,0.4560008645057678,0.7905320525169373,-0.024690382182598114,0.47115302085876465,0.7518981695175171,-0.02600928209722042,0.48836734890937805,0.7268133759498596,-0.026750292629003525,0.4341992735862732,0.7289235591888428,-0.010811356827616692,0.4213465452194214,0.6814888119697571,-0.017221078276634216,0.4144074022769928,0.6499140858650208,-0.023154744878411293,0.40818604826927185,0.6227701306343079,-0.028116686269640923,0.44961029291152954,0.7155246734619141,-0.009293770417571068,0.4417113661766052,0.6580859422683716,-0.01533668301999569,0.4401451349258423,0.6216400861740112,-0.021939309313893318,0.4373367130756378,0.5900430083274841,-0.02615794725716114,0.4644671082496643,0.7169733643531799,-0.010513943620026112,0.46392956376075745,0.6664589047431946,-0.02207762748003006,0.46465015411376953,0.6325621008872986,-0.03336390107870102,0.4625629782676697,0.5992192029953003,-0.040641337633132935,0.48076409101486206,0.732957124710083,-0.013313229195773602,0.48427772521972656,0.7040640115737915,-0.024527736008167267,0.487992525100708,0.7181103229522705,-0.026873476803302765,0.4919547736644745,0.7354440093040466,-0.0279226191341877
0.476647287607193,0.8394796848297119,2.1306755115801934e-07,0.46315014362335205,0.8264915347099304,-0.020825183019042015,0.4558306038379669,0.7919401526451111,-0.026392735540866852,0.47060495615005493,0.7533904910087585,-0.028585093095898628,0.4880535304546356,0.7280939817428589,-0.03018498606979847,0.4346303343772888,0.7287834286689758,-0.012242846190929413,0.4225124716758728,0.6812955141067505,-0.019308002665638924,0.41576525568962097,0.6496579051017761,-0.025816967710852623,0.4096006751060486,0.6220759749412537,-0.031260162591934204,0.4500809609889984,0.71588534116745,-0.010681577026844025,0.44255325198173523,0.6581781506538391,-0.017121441662311554,0.4410160779953003,0.6214025616645813,-0.02415129728615284,0.4383908808231354,0.5889610648155212,-0.028859315440058708,0.46506327390670776,0.7180563807487488,-0.011828125454485416,0.4647321105003357,0.668121874332428,-0.023392703384160995,0.4660099148750305,0.634361743927002,-0.03451529145240784,0.46491262316703796,0.6011626124382019,-0.04187608137726784,0.48133718967437744,0.7345318794250488,-0.014667472802102566,0.484417200088501,0.7055332660675049,-0.025832289829850197,0.4875636398792267,0.7188314199447632,-0.02813377045094967,0.49117037653923035,0.7351677417755127,-0.029271015897393227
0.4770868718624115,0.8386285901069641,2.0695100033663039e-07,0.4639720022678375,0.8256180286407471,-0.01963307335972786,0.45651429891586304,0.7890875935554504,-0.023771746084094048,0.47254297137260437,0.7519946098327637,-0.024663379415869713,0.49000421166419983,0.72737717628479,-0.025063643231987953,0.43486982583999634,0.7280823588371277,-0.010058395564556122,0.4231124818325043,0.680264413356781,-0.016081588342785835,0.4169316291809082,0.648684024810791,-0.02171233855187893,0.4107024669647217,0.6218205690383911,-0.026502415537834167,0.45032259821891785,0.7150108814239502,-0.008649575524032116,0.4436910152435303,0.6572636365890503,-0.014221137389540672,0.4427328109741211,0.6211869120597839,-0.02040213719010353,0.43997496366500854,0.5896746516227722,-0.024355070665478706,0.4650736451148987,0.7163588404655457,-0.010016301646828651,0.4654678404331207,0.6653989553451538,-0.02126110903918743,0.4663494825363159,0.6314526796340942,-0.03241924196481705,0.4643164873123169,0.5971412658691406,-0.039814542979002,0.4811311662197113,0.731898844242096,-0.01295376755297184,0.4858226776123047,0.7046144604682922,-0.024419186636805534,0.4897747039794922,0.7197510004043579,-0.02700500562787056,0.4938640296459198,0.7364183068275452,-0.02829243242740631
0.4782494604587555,0.837526798248291,2.1050922782706039e-07,0.46551406383514404,0.8255683183670044,-0.021785104647278786,0.4583369493484497,0.7914827466011047,-0.027351580560207367,0.47398820519447327,0.7535284757614136,-0.029136350378394127,0.4912753403186798,0.7271518111228943,-0.030165091156959534,0.4366755485534668,0.7278203368186951,-0.013252045959234238,0.42508140206336975,0.679339587688446,-0.020334776490926743,0.41907021403312683,0.6473904848098755,-0.026555081829428673,0.4137318730354309,0.6200212836265564,-0.03164946660399437,0.45221930742263794,0.7150574922561646,-0.011117072775959969,0.44517165422439575,0.6567042469978333,-0.017719287425279617,0.4441644251346588,0.6202902793884277,-0.02460472099483013,0.44183990359306335,0.58866286277771,-0.029086407274007797,0.4671105146408081,0.7168177366256714,-0.011793333105742931,0.4679887890815735,0.6660474538803101,-0.02374177612364292,0.46968498826026917,0.6325141787528992,-0.035092297941446304,0.4685601592063904,0.5990349650382996,-0.0425148569047451,0.4835169315338135,0.7331507802009583,-0.014174181967973709,0.48726630210876465,0.7043378353118896,-0.02552131935954094,0.49032774567604065,0.718963623046875,-0.02788224071264267,0.4936407804489136,0.7361936569213867,-0.02904922142624855
0.47863349318504333,0.8366698026657104,2.3298581197650492e-07,0.46323415637016296,0.8277304768562317,-0.023149076849222183,0.4546179473400116,0.7956522703170776,-0.02972857467830181,0.4719482362270355,0.7589172720909119,-0.032318100333213806,0.4908076524734497,0.7315075397491455,-0.0342407263815403,0.4359925389289856,0.7296046018600464,-0.015490202233195305,0.4246177673339844,0.6808726787567139,-0.023030417039990425,0.41886183619499207,0.6486442685127258,-0.029610183089971542,0.4138559401035309,0.6206755638122559,-0.03501531854271889,0.4521043300628662,0.7155140042304993,-0.012814185582101345,0.44507384300231934,0.6575258374214172,-0.018931135535240173,0.44379234313964844,0.620926022529602,-0.02575325034558773,0.4411613643169403,0.5890086889266968,-0.03057599626481533,0.46696141362190247,0.7168190479278564,-0.013023512437939644,0.4678047001361847,0.6654130816459656,-0.024489818140864372,0.46996209025382996,0.632588267326355,-0.03598276153206825,0.46917909383773804,0.6003191471099854,-0.043835852295160294,0.48292553424835205,0.7323881983757019,-0.015076866373419762,0.4868788719177246,0.7044417858123779,-0.026962878182530403,0.49085959792137146,0.7182843685150146,-0.030110465362668037,0.4945624768733978,0.734856128692627,-0.031847354024648666
0.480236291885376,0.8376213312149048,2.1267885585984914e-07,0.46628299355506897,0.8240240812301636,-0.020317107439041138,0.4589250683784485,0.7886825203895569,-0.025120293721556664,0.4740758538246155,0.7507285475730896,-0.026578309014439583,0.4906034469604492,0.7253031134605408,-0.027390634641051292,0.4366843104362488,0.7265014052391052,-0.010657771490514278,0.4246290326118469,0.6792088150978088,-0.017244476824998856,0.41827237606048584,0.6476466655731201,-0.02347904071211815,0.41230088472366333,0.6205713152885437,-0.028638632968068123,0.452096164226532,0.7134994864463806,-0.009126978926360607,0.44497284293174744,0.656317949295044,-0.015224462375044823,0.4437524676322937,0.6200845837593079,-0.02206619456410408,0.4411163330078125,0.5886893272399902,-0.02650611661374569,0.466997891664505,0.7150946855545044,-0.010390768758952618,0.4665859341621399,0.6651811003684998,-0.02172538824379444,0.4678702652454376,0.6317861080169678,-0.03282547369599342,0.46641725301742554,0.598633348941803,-0.04010383412241936,0.4834061861038208,0.7307478785514832,-0.013317652978003025,0.4863123595714569,0.7025752067565918,-0.024210859090089798,0.48987212777137756,0.7161758542060852,-0.026390383020043373,0.4938303232192993,0.7325577139854431,-0.02741185575723648
0.4786037802696228,0.8393719792366028,2.1310637521310127e-07,0.46561378240585327,0.8256552219390869,-0.020556004717946053,0.4584331214427948,0.7899499535560608,-0.025249265134334564,0.47358155250549316,0.7516596913337708,-0.026532655581831932,0.49074313044548035,0.7264463305473328,-0.0270980391651392,0.4361130893230438,0.7274879813194275,-0.010557047091424465,0.4243370592594147,0.679781973361969,-0.016820712015032768,0.41813692450523376,0.6479185223579407,-0.02278086356818676,0.41228121519088745,0.6206969618797302,-0.027788694947957993,0.45150962471961975,0.714615523815155,-0.00880204327404499,0.44466689229011536,0.6569291353225708,-0.014686684124171734,0.4437001347541809,0.6204884052276611,-0.021158339455723763,0.4411594569683075,0.58905029296875,-0.025341596454381943,0.4664188027381897,0.7161989808082581,-0.00990397296845913,0.4662575125694275,0.6656529307365417,-0.02113693580031395,0.4676129221916199,0.6321734189987183,-0.03208937495946884,0.46604952216148376,0.5988295674324036,-0.03924784064292908,0.482937216758728,0.7321493029594421,-0.012710082344710827,0.48652178049087524,0.7030431628227234,-0.0234496109187603,0.4902302622795105,0.7172715663909912,-0.025520315393805504,0.49430087208747864,0.7344819903373718,-0.026503613218665123
0.4797201156616211,0.8386556506156921,2.0944219158991473e-07,0.46625933051109314,0.8266090154647827,-0.020949024707078934,0.4582446813583374,0.7916638851165771,-0.02583683654665947,0.4722910523414612,0.7528237700462341,-0.02713990956544876,0.48880162835121155,0.7263652086257935,-0.02779310755431652,0.4363630712032318,0.7283223271369934,-0.01177955511957407,0.4242936968803406,0.6809512376785278,-0.01831047050654888,0.4177585542201996,0.6489441990852356,-0.024385275319218636,0.4116218686103821,0.621441662311554,-0.029473233968019485,0.45175012946128845,0.7145506143569946,-0.009795237332582474,0.44427490234375,0.6575706005096436,-0.015735825523734093,0.44292494654655457,0.6211383938789368,-0.02227543108165264,0.440202921628952,0.589612603187561,-0.026578905060887337,0.4664250910282135,0.7157409191131592,-0.010610267519950867,0.4660516381263733,0.6655511260032654,-0.022198719903826714,0.4674808979034424,0.6318856477737427,-0.03340892121195793,0.4661395251750946,0.5986669659614563,-0.040770046412944794,0.48251575231552124,0.7311068773269653,-0.013100935146212578,0.48568737506866455,0.7033047080039978,-0.024578409269452095,0.49020013213157654,0.7172815203666687,-0.02712743729352951,0.49503764510154724,0.7341434359550476,-0.02835877239704132
0.479200541973114,0.8393097519874573,2.1253387672004465e-07,0.466183602809906,0.8265194892883301,-0.020837264135479927,0.45882269740104675,0.7922247648239136,-0.025961969047784805,0.4726155698299408,0.7536336779594421,-0.027637312188744545,0.48877087235450745,0.7271732091903687,-0.028700746595859528,0.43612897396087646,0.7284991145133972,-0.01129014790058136,0.4235781133174896,0.6811034679412842,-0.017825569957494736,0.4169287383556366,0.6494508981704712,-0.024064041674137115,0.41091644763946533,0.6220588088035583,-0.029276002198457718,0.4513862431049347,0.7152801156044006,-0.009412349201738834,0.44366180896759033,0.6580836176872253,-0.01532742753624916,0.4422701299190521,0.6218737959861755,-0.022107016295194626,0.4395820200443268,0.5903767943382263,-0.02664969116449356,0.46609702706336975,0.7168319225311279,-0.010340477339923382,0.4655820429325104,0.6665541529655457,-0.021642258390784264,0.467075914144516,0.6329027414321899,-0.03285744786262512,0.4659137427806854,0.5997424721717834,-0.040323276072740555,0.48223990201950073,0.7324274778366089,-0.012956134974956512,0.4850939214229584,0.7030460834503174,-0.024034079164266586,0.48910462856292725,0.7168558239936829,-0.026416108012199402,0.49353501200675964,0.7334753274917603,-0.02764546312391758
0.47890254855155945,0.8399707078933716,2.102045897345306e-07,0.4655051827430725,0.8262752294540405,-0.01944338157773018,0.4580582082271576,0.7903239130973816,-0.023581409826874733,0.47223517298698425,0.7520859241485596,-0.024516507983207703,0.4892100691795349,0.727353036403656,-0.02481650374829769,0.43605533242225647,0.7283378839492798,-0.009340987540781498,0.42352932691574097,0.6811532378196716,-0.015466288663446903,0.41697415709495544,0.6497213244438171,-0.021426798775792122,0.41082173585891724,0.6226447224617004,-0.02639506384730339,0.4510146677494049,0.715298056602478,-0.008145416155457497,0.4433900713920593,0.6577285528182983,-0.0136777488514781,0.4421064555644989,0.6213971972465515,-0.01996459811925888,0.43944647908210754,0.5899094343185425,-0.023969203233718872,0.46551835536956787,0.7168430685997009,-0.009776911698281765,0.46520864963531494,0.6657027006149292,-0.020987534895539284,0.4665026366710663,0.6316034197807312,-0.03212275356054306,0.46503207087516785,0.5977680087089539,-0.03935358300805092,0.48193639516830444,0.7324444651603699,-0.013006179593503475,0.4857964813709259,0.7035077810287476,-0.023928098380565643,0.4898243546485901,0.7180400490760803,-0.02612796239554882,0.4943481981754303,0.7351808547973633,-0.027140511199831963
0.47988951206207275,0.8383344411849976,2.078002694361203e-07,0.46629777550697327,0.8249932527542114,-0.020438404753804207,0.4586479365825653,0.7877732515335083,-0.024021143093705177,0.4727856516838074,0.749301016330719,-0.023914087563753128,0.48949718475341797,0.7261340618133545,-0.02302013896405697,0.43602028489112854,0.7281724214553833,-0.01009728666394949,0.423292338848114,0.6808221936225891,-0.01608768105506897,0.4165649712085724,0.6491734981536865,-0.021838974207639694,0.41014349460601807,0.6220161318778992,-0.026545947417616844,0.4511339068412781,0.7151417136192322,-0.008220236748456955,0.4433040916919708,0.657848596572876,-0.013201954774558544,0.441557377576828,0.6214404702186584,-0.019248930737376213,0.43854230642318726,0.5900312066078186,-0.023134803399443626,0.46541139483451843,0.716229259967804,-0.009297932498157024,0.46500054001808167,0.6658464074134827,-0.020329630002379417,0.46604210138320923,0.6317030787467957,-0.03194844350218773,0.46415403485298157,0.5978376269340515,-0.039465028792619705,0.48152095079421997,0.7311967611312866,-0.01205511949956417,0.48511970043182373,0.7032901644706726,-0.02291608229279518,0.4898696839809418,0.7174055576324463,-0.02540299855172634,0.49482497572898865,0.7349721789360046,-0.02658601477742195
0.48124778270721436,0.836007297039032,2.2337400196192903e-07,0.4684799313545227,0.8217148184776306,-0.020899035036563873,0.46173304319381714,0.7855204343795776,-0.026556823402643204,0.4751139283180237,0.7459569573402405,-0.028880534693598747,0.49038708209991455,0.7211828231811523,-0.03065069206058979,0.4374985694885254,0.7248576283454895,-0.012076613493263721,0.4246511459350586,0.677389919757843,-0.01892152614891529,0.41763636469841003,0.64527827501297,-0.025433847680687904,0.411451518535614,0.617955207824707,-0.030805978924036026,0.4523375928401947,0.7121012806892395,-0.010033580474555492,0.4439193308353424,0.6559121012687683,-0.016024939715862274,0.4422842860221863,0.6191039085388184,-0.0229460671544075,0.439770370721817,0.5877660512924194,-0.027636060491204262,0.4670352637767792,0.7136946320533752,-0.010677256621420383,0.46512213349342346,0.6637479662895203,-0.02149505913257599,0.4659973382949829,0.6305077075958252,-0.03211082145571709,0.4644918143749237,0.5985293388366699,-0.03932131454348564,0.4827069938182831,0.7285439968109131,-0.013081937097012997,0.48516514897346497,0.700584888458252,-0.02401425503194332,0.4891672730445862,0.7128558158874512,-0.026509130373597145,0.4935682415962219,0.7280599474906921,-0.027763159945607185
0.4789227247238159,0.8333092331886292,2.187446455081954e-07,0.4680419862270355,0.8183172941207886,-0.021990492939949036,0.4620022177696228,0.7789613008499146,-0.025288857519626617,0.47479942440986633,0.7390694618225098,-0.024540577083826065,0.48940107226371765,0.7160747647285461,-0.02306404896080494,0.4342805743217468,0.7232762575149536,-0.010300638154149055,0.4212363362312317,0.6749168038368225,-0.015625331550836563,0.4141698479652405,0.6430761814117432,-0.02086024172604084,0.40754586458206177,0.6170519590377808,-0.02507127821445465,0.44926440715789795,0.7105405926704407,-0.0065692407079041,0.44155561923980713,0.653725802898407,-0.01075991615653038,0.43929892778396606,0.6187183856964111,-0.016468944028019905,0.43553733825683594,0.5888678431510925,-0.019911862909793854,0.46378618478775024,0.7111732363700867,-0.005846040789037943,0.4617439806461334,0.660150408744812,-0.015925869345664978,0.45983341336250305,0.6269760131835938,-0.027814632281661034,0.45489397644996643,0.5937627553939819,-0.03560901805758476,0.47928982973098755,0.7256268858909607,-0.0069270324893295765,0.4833822250366211,0.6987621784210205,-0.017955567687749863,0.48789745569229126,0.7119690775871277,-0.02157328650355339,0.49220192432403564,0.7280929684638977,-0.023355036973953247
0.4784929156303406,0.8329644799232483,2.1561258733981958e-07,0.4676503837108612,0.8178591132164001,-0.02428164705634117,0.46158552169799805,0.7779674530029297,-0.028260881081223488,0.4745616316795349,0.7374690771102905,-0.027706434950232506,0.489287793636322,0.7133700847625732,-0.026399394497275352,0.43428510427474976,0.7222467660903931,-0.012539306655526161,0.4212367534637451,0.6740408539772034,-0.018500907346606255,0.4134681224822998,0.6422595381736755,-0.024472694844007492,0.40624818205833435,0.6160330772399902,-0.029300667345523834,0.4489732086658478,0.7092249989509583,-0.007465822622179985,0.4407537579536438,0.6536866426467896,-0.011649101972579956,0.437701940536499,0.6183861494064331,-0.018169280141592026,0.43373188376426697,0.5872700810432434,-0.022657383233308792,0.463225394487381,0.7098054885864258,-0.005507118999958038,0.4597887694835663,0.6596614122390747,-0.015214172191917896,0.45750129222869873,0.6265310645103455,-0.02754610776901245,0.45294520258903503,0.5928953289985657,-0.03610284626483917,0.4778830409049988,0.7231982350349426,-0.005592470522969961,0.479873925447464,0.6966912150382996,-0.01693597249686718,0.48479795455932617,0.7067533731460571,-0.021532075479626656,0.48980629444122314,0.7192355990409851,-0.02420533262193203
0.47696653008461,0.83416748046875,2.0850872317623725e-07,0.465434193611145,0.8180214166641235,-0.024236202239990234,0.4607541859149933,0.7774909138679504,-0.027318809181451797,0.47483760118484497,0.7381018400192261,-0.025641262531280518,0.4885602295398712,0.714961051940918,-0.023076986894011497,0.4336338937282562,0.721746027469635,-0.011283178813755512,0.4203581213951111,0.6735823750495911,-0.016979580745100975,0.4129059612751007,0.6419172883033752,-0.022595835849642754,0.40639734268188477,0.6158676147460938,-0.02694062888622284,0.44906383752822876,0.7098449468612671,-0.006485908292233944,0.440839558839798,0.6535181403160095,-0.010082305409014225,0.4375236928462982,0.6184630393981934,-0.016114791855216026,0.4331207871437073,0.5878973007202148,-0.020048081874847412,0.46346211433410645,0.7108405828475952,-0.005078071728348732,0.4611147344112396,0.6601471900939941,-0.01509077474474907,0.4587981104850769,0.6269880533218384,-0.02810053341090679,0.45340561866760254,0.5930434465408325,-0.03685709089040756,0.47875460982322693,0.7254486083984375,-0.005701884627342224,0.4820370376110077,0.698729395866394,-0.01737835817039013,0.48648491501808167,0.711725652217865,-0.022026916965842247,0.49003759026527405,0.7279661893844604,-0.02459571696817875
0.4758731424808502,0.8350422382354736,2.0796187527594157e-07,0.46369802951812744,0.8185524344444275,-0.022914202883839607,0.4583894610404968,0.7786077260971069,-0.026274776086211205,0.4735475182533264,0.7397454380989075,-0.025408606976270676,0.48854905366897583,0.7163423299789429,-0.023816930130124092,0.4330708980560303,0.7227789163589478,-0.010535690002143383,0.4197871685028076,0.6743068695068359,-0.016332628205418587,0.41251686215400696,0.6427121162414551,-0.02214370295405388,0.4058731198310852,0.6163259744644165,-0.026747627183794975,0.4485979974269867,0.710749626159668,-0.0066954391077160835,0.44071143865585327,0.6546276211738586,-0.010691789910197258,0.43781208992004395,0.6195656657218933,-0.016956647858023643,0.4339734613895416,0.5886572003364563,-0.021068379282951355,0.4631383717060089,0.7121034860610962,-0.006067597307264805,0.4604504704475403,0.6614402532577515,-0.015992311760783195,0.4582515060901642,0.6282917857170105,-0.028308575972914696,0.4534948170185089,0.5940223932266235,-0.036630917340517044,0.4784556031227112,0.7272112369537354,-0.00739117618650198,0.4813900291919708,0.699700117111206,-0.018480690196156502,0.4858255982398987,0.7127861380577087,-0.022130006924271584,0.4900933802127838,0.7286810874938965,-0.02403971366584301
0.47719666361808777,0.8346885442733765,2.1339074862680718e-07,0.46501460671424866,0.8189010620117188,-0.021567516028881073,0.4588836133480072,0.7793415784835815,-0.02500375732779503,0.4736669659614563,0.7401245832443237,-0.02462686225771904,0.48885393142700195,0.717218816280365,-0.023647690191864967,0.43404239416122437,0.7225798964500427,-0.009962609969079494,0.4211501181125641,0.674362301826477,-0.015898412093520164,0.4143769443035126,0.6425217390060425,-0.021787483245134354,0.4081064462661743,0.6162051558494568,-0.026480548083782196,0.4495573937892914,0.7102762460708618,-0.006792133208364248,0.44220006465911865,0.6544209122657776,-0.011025681160390377,0.43979641795158386,0.6190932393074036,-0.01713581010699272,0.4362346827983856,0.5880864262580872,-0.021119289100170135,0.46424344182014465,0.7116353511810303,-0.006682770326733589,0.4616868495941162,0.6613544225692749,-0.016550695523619652,0.4596821963787079,0.6283113956451416,-0.02824327163398266,0.4552687108516693,0.5944976806640625,-0.03614535555243492,0.47943344712257385,0.7264735698699951,-0.00843853410333395,0.48219743371009827,0.6997426748275757,-0.019560830667614937,0.48649388551712036,0.7121863961219788,-0.023084517568349838,0.49096643924713135,0.7270540595054626,-0.024861497804522514
0.4781571328639984,0.8347153067588806,2.2382235442819365e-07,0.4664692282676697,0.8191292881965637,-0.022818120196461678,0.46061083674430847,0.7795222997665405,-0.02665572427213192,0.47533848881721497,0.7394194006919861,-0.02641935832798481,0.4904114007949829,0.715989351272583,-0.02546480856835842,0.43524783849716187,0.7225085496902466,-0.010698308236896992,0.42275217175483704,0.6741277575492859,-0.01644688844680786,0.4160926342010498,0.6422552466392517,-0.02219865284860134,0.4099915623664856,0.6158915162086487,-0.026894183829426765,0.4507513642311096,0.7096529006958008,-0.006787683814764023,0.44349345564842224,0.6533693671226501,-0.011167473159730434,0.4414080083370209,0.6178439259529114,-0.017444629222154617,0.43810170888900757,0.5869302153587341,-0.021567322313785553,0.4653325378894806,0.7105938196182251,-0.0060110087506473064,0.4633384346961975,0.6598300337791443,-0.016191698610782623,0.4622737467288971,0.627230167388916,-0.02821364812552929,0.45856696367263794,0.5940760374069214,-0.03629319369792938,0.48050689697265625,0.7250744104385376,-0.007168961223214865,0.483605295419693,0.6980561017990112,-0.01848526857793331,0.48811137676239014,0.7105696797370911,-0.02235502563416958,0.4925866425037384,0.7256011366844177,-0.024426322430372238
0.47866857051849365,0.835096538066864,2.345810230508505e-07,0.4671180248260498,0.8205252885818481,-0.024048659950494766,0.4613274335861206,0.7820029258728027,-0.02923458255827427,0.4753771126270294,0.7423204779624939,-0.03021257184445858,0.4903576076030731,0.7171480655670166,-0.03054189123213291,0.43572789430618286,0.7247095704078674,-0.013198529370129108,0.4236534535884857,0.6757081747055054,-0.019704580307006836,0.4169318675994873,0.6433008909225464,-0.02590295672416687,0.4107130765914917,0.6168014407157898,-0.030877020210027695,0.45142310857772827,0.7119015455245972,-0.008858020417392254,0.44466185569763184,0.6548758745193481,-0.013671301305294037,0.4427809715270996,0.6191658973693848,-0.020185958594083786,0.4393391013145447,0.5880386829376221,-0.02457447350025177,0.46622616052627563,0.7130072116851807,-0.007614975329488516,0.4642399251461029,0.661874532699585,-0.01795388013124466,0.46302834153175354,0.6285951137542725,-0.030031543225049973,0.4592088758945465,0.5954480171203613,-0.03831948712468147,0.4814026355743408,0.7274720668792725,-0.008377423509955406,0.48484542965888977,0.7007217407226562,-0.02019340731203556,0.4896681308746338,0.7129011154174805,-0.024376047775149345,0.4944208264350891,0.7277207374572754,-0.026673872023820877
0.47975486516952515,0.8362350463867188,2.3362207457466866e-07,0.46720001101493835,0.8216843605041504,-0.023721126839518547,0.46119561791419983,0.7824649810791016,-0.028797874227166176,0.47585129737854004,0.742684543132782,-0.029666703194379807,0.490753173828125,0.7183840274810791,-0.029567882418632507,0.4363779127597809,0.7239480018615723,-0.01234893687069416,0.4241102337837219,0.6752040386199951,-0.018725652247667313,0.4173339605331421,0.6429956555366516,-0.024823665618896484,0.411482572555542,0.6167393326759338,-0.029690226539969444,0.4519859850406647,0.7118673324584961,-0.008278349414467812,0.44475680589675903,0.654640257358551,-0.013855314813554287,0.4429468512535095,0.6191133260726929,-0.020608264952898026,0.4399220049381256,0.5886552333831787,-0.024882560595870018,0.4666711986064911,0.7132664322853088,-0.0073317717760801315,0.46550750732421875,0.6611316204071045,-0.018135584890842438,0.4648914039134979,0.628361701965332,-0.030057834461331367,0.46129554510116577,0.5958936810493469,-0.03793150931596756,0.4824711084365845,0.7284260392189026,-0.008348667994141579,0.48696377873420715,0.7000168561935425,-0.019288495182991028,0.490316778421402,0.7126682996749878,-0.022822944447398186,0.49318328499794006,0.7283008098602295,-0.024748550727963448
0.47966426610946655,0.8346198797225952,2.2357930617999955e-07,0.46651023626327515,0.820956826210022,-0.021283971145749092,0.45972707867622375,0.7828836441040039,-0.026947705075144768,0.4744565784931183,0.7433251142501831,-0.029160501435399055,0.4901292026042938,0.7179782390594482,-0.030868491157889366,0.4363882839679718,0.7241207957267761,-0.012481297366321087,0.42517033219337463,0.675908088684082,-0.019325608387589455,0.41859114170074463,0.6440508961677551,-0.0259922593832016,0.4123506546020508,0.6179988980293274,-0.031520646065473557,0.45159128308296204,0.71119225025177,-0.009929691441357136,0.4446973204612732,0.6547189354896545,-0.01572016440331936,0.44302427768707275,0.6190678477287292,-0.022866791114211082,0.4398074448108673,0.5886802673339844,-0.02784818969666958,0.46648263931274414,0.7124690413475037,-0.010090717114508152,0.46508947014808655,0.6603534817695618,-0.02063901163637638,0.464403361082077,0.6275579929351807,-0.03211221843957901,0.4611738622188568,0.5957179665565491,-0.04021070897579193,0.4820711016654968,0.7265076637268066,-0.011983129195868969,0.48625442385673523,0.699579119682312,-0.023544486612081528,0.4900197684764862,0.7100716233253479,-0.02758306823670864,0.49378103017807007,0.7222862839698792,-0.030048266053199768
0.47912168502807617,0.834892213344574,2.2127494503365597e-07,0.46611934900283813,0.8221003413200378,-0.021839134395122528,0.458791583776474,0.7859050035476685,-0.0280379019677639,0.4742351472377777,0.7467079162597656,-0.030680155381560326,0.49192866683006287,0.7211942076683044,-0.03290010988712311,0.437323659658432,0.7245901226997375,-0.013760661706328392,0.4257735013961792,0.6763440370559692,-0.020980272442102432,0.41937455534935,0.6444820165634155,-0.027674810960888863,0.41333433985710144,0.617957353591919,-0.033197447657585144,0.45295393466949463,0.7121388912200928,-0.011377903632819653,0.44591087102890015,0.6554731726646423,-0.01780795119702816,0.4441387355327606,0.620015025138855,-0.02489043027162552,0.4409911632537842,0.5891649723052979,-0.02968883514404297,0.46809983253479004,0.7140033841133118,-0.011711212806403637,0.4662726819515228,0.661750316619873,-0.023160843178629875,0.4655580520629883,0.6287423372268677,-0.034309908747673035,0.46241694688796997,0.5959981083869934,-0.04192338511347771,0.4839468002319336,0.7294926643371582,-0.01378491148352623,0.4868890941143036,0.6998339295387268,-0.025820521637797356,0.4911360740661621,0.7122340202331543,-0.02894429676234722,0.49575379490852356,0.7270620465278625,-0.030579008162021637
0.4784035086631775,0.8336823582649231,2.1916726211657078e-07,0.46492069959640503,0.8217748999595642,-0.02161100134253502,0.4574129581451416,0.7863182425498962,-0.027377454563975334,0.4735144376754761,0.7482362389564514,-0.029560908675193787,0.4915619492530823,0.7231352925300598,-0.031387809664011,0.43695545196533203,0.7247786521911621,-0.013487259857356548,0.4254799783229828,0.6767091155052185,-0.02050895243883133,0.41907066106796265,0.644786536693573,-0.026981787756085396,0.41269105672836304,0.6181374788284302,-0.03228509798645973,0.45261475443840027,0.7125827670097351,-0.011110849678516388,0.44578880071640015,0.6558791399002075,-0.01748126558959484,0.44372883439064026,0.6201359629631042,-0.024411214515566826,0.4402902126312256,0.5892330408096313,-0.02893666736781597,0.4677647352218628,0.7146435976028442,-0.011390979401767254,0.46649378538131714,0.662538468837738,-0.022889714688062668,0.46593067049980164,0.6292567253112793,-0.033919233828783035,0.46344873309135437,0.5964869856834412,-0.04125235974788666,0.4834584891796112,0.7302706241607666,-0.013359989039599895,0.48625296354293823,0.7020443677902222,-0.025493117049336433,0.4902110993862152,0.7150808572769165,-0.028395986184477806,0.4952511191368103,0.7303142547607422,-0.02969338558614254
0.4811360836029053,0.8344504237174988,2.2125233556380408e-07,0.4688091576099396,0.8207664489746094,-0.02084013819694519,0.46127811074256897,0.7838137149810791,-0.02615380473434925,0.47557392716407776,0.7457515001296997,-0.028043590486049652,0.4917043149471283,0.7214983701705933,-0.029592199251055717,0.4376569092273712,0.7264696955680847,-0.012652341276407242,0.4269232153892517,0.6778278350830078,-0.01965256780385971,0.420619934797287,0.6459435224533081,-0.026176506653428078,0.41406890749931335,0.6194479465484619,-0.03158623352646828,0.4527100920677185,0.7132819294929504,-0.010689495131373405,0.4461257755756378,0.6559079885482788,-0.017146306112408638,0.44424793124198914,0.6199973821640015,-0.024602951481938362,0.4406428635120392,0.5887342095375061,-0.029630888253450394,0.46765559911727905,0.7143274545669556,-0.011311911046504974,0.4667130410671234,0.6627246141433716,-0.022643081843852997,0.4663546085357666,0.6297205686569214,-0.03402912989258766,0.4635830819606781,0.5969533324241638,-0.041783418506383896,0.48328784108161926,0.7285370230674744,-0.013569709844887257,0.48647797107696533,0.7010166645050049,-0.025243112817406654,0.4906441569328308,0.7126209735870361,-0.0284013282507658,0.49530062079429626,0.7260211110115051,-0.030137870460748672
0.48054495453834534,0.8323422074317932,2.480389866832411e-07,0.4688911437988281,0.8199383020401001,-0.022244442254304886,0.4626643657684326,0.7847448587417603,-0.02943057008087635,0.47602978348731995,0.7481473684310913,-0.03292214497923851,0.491813987493515,0.7201359272003174,-0.03623483330011368,0.4381742477416992,0.7276608943939209,-0.016611019149422646,0.42704954743385315,0.6788843274116516,-0.024272648617625237,0.42050647735595703,0.6460142135620117,-0.030477404594421387,0.41353726387023926,0.6193573474884033,-0.035406142473220825,0.4529034495353699,0.713800847530365,-0.013654237613081932,0.44688737392425537,0.6549692153930664,-0.020898202434182167,0.44528988003730774,0.6185657978057861,-0.027582984417676926,0.4410302937030792,0.5875058174133301,-0.03168753534555435,0.4670675992965698,0.7138204574584961,-0.013142949901521206,0.46678560972213745,0.660789966583252,-0.025505753234028816,0.46580439805984497,0.6264339685440063,-0.03694504499435425,0.4625256359577179,0.5936709642410278,-0.04456836357712746,0.4818050265312195,0.7269290089607239,-0.014201099053025246,0.486068457365036,0.7029469609260559,-0.02788705937564373,0.4911917746067047,0.7189967632293701,-0.03165341541171074,0.4973800480365753,0.7361065745353699,-0.03331906348466873
0.4813498556613922,0.833592414855957,2.5199400965902896e-07,0.47057226300239563,0.8214792013168335,-0.02339215576648712,0.4644681513309479,0.785838782787323,-0.03005199320614338,0.4774842858314514,0.7487555742263794,-0.03265364468097687,0.49349069595336914,0.7213371992111206,-0.034968677908182144,0.4380045235157013,0.7281162738800049,-0.01644507423043251,0.42699700593948364,0.6789042353630066,-0.023851193487644196,0.4203421175479889,0.6456810235977173,-0.030024701729416847,0.41341471672058105,0.6189211010932922,-0.03491014987230301,0.45248156785964966,0.7144901752471924,-0.012610478326678276,0.4463043212890625,0.6559004187583923,-0.019581450149416924,0.44458767771720886,0.6190639734268188,-0.026410462334752083,0.4406180679798126,0.5879534482955933,-0.030591536313295364,0.4666554927825928,0.7145298719406128,-0.011363273486495018,0.4663762152194977,0.6618764400482178,-0.023698927834630013,0.46554306149482727,0.6272716522216797,-0.0357341431081295,0.462354838848114,0.5944383144378662,-0.04366687685251236,0.48157262802124023,0.7278321981430054,-0.011785401031374931,0.4860875904560089,0.703839898109436,-0.025651421397924423,0.4915502071380615,0.719196081161499,-0.029935235157608986,0.4978240430355072,0.7360591888427734,-0.03189186006784439
0.4798596203327179,0.8342369198799133,2.501882931937871e-07,0.46888744831085205,0.8214924335479736,-0.022724788635969162,0.4633137583732605,0.7859497666358948,-0.029650356620550156,0.4776953160762787,0.7491828799247742,-0.03273724392056465,0.49451249837875366,0.7223155498504639,-0.03558424860239029,0.4382384717464447,0.7283568382263184,-0.016052350401878357,0.42722225189208984,0.6793965697288513,-0.02367088943719864,0.42067137360572815,0.646499514579773,-0.03002689592540264,0.4136047065258026,0.6198064088821411,-0.03505534306168556,0.45299050211906433,0.715103268623352,-0.012920800596475601,0.44722044467926025,0.6560704708099365,-0.020312374457716942,0.4455411732196808,0.6191068291664124,-0.027412928640842438,0.4414619505405426,0.5877763032913208,-0.031738899648189545,0.46715831756591797,0.7153979539871216,-0.012335768900811672,0.4673490822315216,0.6629098057746887,-0.024907831102609634,0.4664537310600281,0.6279118657112122,-0.03685050830245018,0.463168203830719,0.5946398973464966,-0.044684723019599915,0.48218056559562683,0.728804886341095,-0.013372153975069523,0.486887127161026,0.7044547200202942,-0.026825662702322006,0.49154794216156006,0.7201764583587646,-0.030552295967936516,0.4970497488975525,0.7374821901321411,-0.03222550079226494
0.48112308979034424,0.8344892263412476,2.412425033071486e-07,0.4690254330635071,0.8214243054389954,-0.02116045169532299,0.46223318576812744,0.7861860990524292,-0.027685558423399925,0.4765770137310028,0.7491751313209534,-0.030917111784219742,0.493754118680954,0.7231709957122803,-0.03410826623439789,0.438969224691391,0.728158712387085,-0.01431387197226286,0.4284239411354065,0.6790171265602112,-0.021930692717432976,0.4222356677055359,0.6458536982536316,-0.028560493141412735,0.41562268137931824,0.6191171407699585,-0.033874232321977615,0.45406341552734375,0.714772641658783,-0.012103687040507793,0.4480259120464325,0.6566418409347534,-0.018871990963816643,0.44631484150886536,0.6198407411575317,-0.026050738990306854,0.44240623712539673,0.5882375240325928,-0.03073337860405445,0.4685698449611664,0.7155647873878479,-0.01238750759512186,0.46788811683654785,0.6637068390846252,-0.02424004301428795,0.4670775234699249,0.6291380524635315,-0.03601718321442604,0.46415144205093384,0.596206784248352,-0.04406484216451645,0.4832839369773865,0.729162871837616,-0.014236719347536564,0.48727667331695557,0.7050594091415405,-0.027770888060331345,0.4923320710659027,0.7185878753662109,-0.03188033774495125,0.49829208850860596,0.7336155772209167,-0.03389422222971916
0.4814019501209259,0.8356108069419861,2.5524047941871686e-07,0.4694274663925171,0.8210845589637756,-0.022589532658457756,0.4634031057357788,0.7844992876052856,-0.029165811836719513,0.47793346643447876,0.7469395399093628,-0.03207119554281235,0.49457091093063354,0.7223663926124573,-0.03473952040076256,0.43862229585647583,0.727617084980011,-0.0147069888189435,0.42734286189079285,0.6780645847320557,-0.02229328453540802,0.42091140151023865,0.6447017788887024,-0.028984393924474716,0.41456520557403564,0.6176483035087585,-0.034279078245162964,0.45385628938674927,0.7140627503395081,-0.011754659004509449,0.447159081697464,0.6555613875389099,-0.0183015875518322,0.44519197940826416,0.6184127330780029,-0.025690922513604164,0.44152310490608215,0.5871862769126892,-0.030517982318997383,0.468488872051239,0.7144203782081604,-0.011481523513793945,0.46759214997291565,0.6624484062194824,-0.02335076965391636,0.4667421579360962,0.6276618838310242,-0.035720095038414,0.46387529373168945,0.5951757431030273,-0.044072385877370834,0.4833356440067291,0.7274894714355469,-0.012908182106912136,0.4866527318954468,0.7033029794692993,-0.02627304382622242,0.49156638979911804,0.7165470123291016,-0.030589759349822998,0.4973379671573639,0.7324418425559998,-0.0327121876180172
0.4817473292350769,0.8379437327384949,2.3834796536448266e-07,0.4699212312698364,0.822207510471344,-0.022234298288822174,0.46464353799819946,0.7838811278343201,-0.027218658477067947,0.4791761636734009,0.7464803457260132,-0.028298016637563705,0.4957383871078491,0.7230939269065857,-0.028861153870821,0.43886643648147583,0.7275463938713074,-0.012664752081036568,0.4276546835899353,0.6779623031616211,-0.019629666581749916,0.421278178691864,0.6448363661766052,-0.025845704600214958,0.4148714244365692,0.6176279187202454,-0.030723417177796364,0.4539736807346344,0.7149391770362854,-0.009677981957793236,0.4472404718399048,0.6568208336830139,-0.015844864770770073,0.44537171721458435,0.6195161938667297,-0.022946536540985107,0.44193774461746216,0.5880997776985168,-0.02741277404129505,0.4683929979801178,0.715725302696228,-0.009533715434372425,0.46740442514419556,0.6653876304626465,-0.021291479468345642,0.46708375215530396,0.6309594511985779,-0.03357674926519394,0.4642751216888428,0.5978959798812866,-0.04159783944487572,0.48339760303497314,0.7297222018241882,-0.011100459843873978,0.4867769479751587,0.7047547698020935,-0.023577867075800896,0.4914343059062958,0.7184695601463318,-0.027190715074539185,0.4966113567352295,0.7352721691131592,-0.028830809518694878
