x0,y0,z0,x1,y1,z1,x2,y2,z2,x3,y3,z3,x4,y4,z4,x5,y5,z5,x6,y6,z6,x7,y7,z7,x8,y8,z8,x9,y9,z9,x10,y10,z10,x11,y11,z11,x12,y12,z12,x13,y13,z13,x14,y14,z14,x15,y15,z15,x16,y16,z16,x17,y17,z17,x18,y18,z18,x19,y19,z19,x20,y20,z20
0.42028993368148804,0.7460957169532776,2.4045516511250753e-07,0.39610588550567627,0.7348501086235046,-0.012639475055038929,0.3807787001132965,0.7110075354576111,-0.020302390679717064,0.3946487605571747,0.6862248778343201,-0.027141867205500603,0.4103880226612091,0.6692376136779785,-0.03415724262595177,0.3761000633239746,0.6484465003013611,-0.012256820686161518,0.3597187399864197,0.6096179485321045,-0.020787404850125313,0.3521695137023926,0.5846382975578308,-0.02800072729587555,0.3473667502403259,0.563392162322998,-0.03370913490653038,0.39473119378089905,0.6364818215370178,-0.01396839041262865,0.38760581612586975,0.5860294699668884,-0.020318064838647842,0.3844330906867981,0.5551732778549194,-0.02749677002429962,0.38254061341285706,0.5301811695098877,-0.03330036252737045,0.41314491629600525,0.6387050747871399,-0.01736992783844471,0.4148258864879608,0.591571569442749,-0.025073928758502007,0.41575199365615845,0.5622766613960266,-0.033216748386621475,0.4161365330219269,0.5376520156860352,-0.03955001384019852,0.4311887323856354,0.6507241725921631,-0.021930065006017685,0.4412108361721039,0.6184757947921753,-0.02962701953947544,0.4470774531364441,0.5976993441581726,-0.033839575946331024,0.4514545202255249,0.5790634155273438,-0.03712717816233635
0.4213506877422333,0.7453367114067078,2.4606018200756807e-07,0.3964984118938446,0.7317762970924377,-0.012049113400280476,0.3814752697944641,0.7049426436424255,-0.019253579899668694,0.3976045846939087,0.6804006695747375,-0.025976819917559624,0.4160199463367462,0.6667623519897461,-0.03322363272309303,0.3765902817249298,0.6460334658622742,-0.011357967741787434,0.35901767015457153,0.6072911620140076,-0.019895389676094055,0.35010141134262085,0.5821579098701477,-0.027352970093488693,0.3439779281616211,0.5601391792297363,-0.033432021737098694,0.39520543813705444,0.6340550780296326,-0.013659107498824596,0.38684189319610596,0.5830405950546265,-0.020317500457167625,0.38245025277137756,0.5510916113853455,-0.028139101341366768,0.37949687242507935,0.524492084980011,-0.0344097875058651,0.4135928750038147,0.6365064382553101,-0.0176114272326231,0.41493791341781616,0.5877670645713806,-0.025534728541970253,0.41591987013816833,0.5576222538948059,-0.03433964401483536,0.41628700494766235,0.5319360494613647,-0.04105027765035629,0.431523859500885,0.6487823128700256,-0.022714754566550255,0.4407443106174469,0.6155707836151123,-0.0304438304156065,0.4459390342235565,0.5940959453582764,-0.034876659512519836,0.4497487246990204,0.5746752023696899,-0.038397807627916336
0.42169424891471863,0.7459512948989868,2.369089600051666e-07,0.39741241931915283,0.7315854430198669,-0.012631846591830254,0.3827061355113983,0.7050525546073914,-0.020240113139152527,0.39950162172317505,0.6807746887207031,-0.027216222137212753,0.4187374413013458,0.6665113568305969,-0.034601304680109024,0.3776181936264038,0.6457729935646057,-0.01190935168415308,0.3598158359527588,0.6068429946899414,-0.0204785019159317,0.35077598690986633,0.5821311473846436,-0.027968991547822952,0.3448013663291931,0.5605937838554382,-0.03403865545988083,0.3965739905834198,0.6340622901916504,-0.013929896987974644,0.3883625566959381,0.5831747651100159,-0.020579354837536812,0.3839898109436035,0.5513477921485901,-0.028511688113212585,0.38117942214012146,0.5246894359588623,-0.03491192311048508,0.41503897309303284,0.6368817090988159,-0.017640478909015656,0.4170287251472473,0.5890016555786133,-0.02552470564842224,0.4187494218349457,0.5590261220932007,-0.03451567143201828,0.41987112164497375,0.5333606004714966,-0.04138634353876114,0.4327060580253601,0.6494860053062439,-0.022544514387845993,0.4416744112968445,0.6168844103813171,-0.030138373374938965,0.4469696879386902,0.5958443880081177,-0.03452202305197716,0.45091286301612854,0.5767303109169006,-0.03805076703429222
0.4221915900707245,0.7455378174781799,2.3767265133756155e-07,0.398019403219223,0.7316740155220032,-0.01265829335898161,0.38293886184692383,0.705804169178009,-0.020431645214557648,0.39931222796440125,0.6818649768829346,-0.0275142602622509,0.4176067113876343,0.6668360829353333,-0.03503591567277908,0.37743401527404785,0.6463978290557861,-0.01289514359086752,0.3592757284641266,0.6073874235153198,-0.021739119663834572,0.3503679931163788,0.5827003121376038,-0.029352005571126938,0.3445097506046295,0.5610928535461426,-0.035456735640764236,0.39639556407928467,0.6347317099571228,-0.014931165613234043,0.38794028759002686,0.5834237933158875,-0.021716300398111343,0.38378989696502686,0.5516741275787354,-0.02978406473994255,0.3810923099517822,0.5248639583587646,-0.03636999428272247,0.41478297114372253,0.6374148726463318,-0.0185870174318552,0.4166688621044159,0.589572012424469,-0.026530791074037552,0.41856980323791504,0.5596145987510681,-0.03562508895993233,0.41980573534965515,0.5340989828109741,-0.04264043644070625,0.4323878884315491,0.6499083638191223,-0.02339276112616062,0.44108763337135315,0.6167184710502625,-0.030976179987192154,0.4464448094367981,0.595715343952179,-0.03531883284449577,0.4503970444202423,0.576809287071228,-0.0388764888048172
0.4220876395702362,0.7444660067558289,2.4505027340637753e-07,0.39744654297828674,0.7317726016044617,-0.012829381972551346,0.38213908672332764,0.707166314125061,-0.020791374146938324,0.39749932289123535,0.6831450462341309,-0.028004007413983345,0.41540592908859253,0.6680616140365601,-0.03561502322554588,0.37709030508995056,0.6470493078231812,-0.0133986696600914,0.3587912917137146,0.6083573698997498,-0.022326014935970306,0.3499942123889923,0.5836372971534729,-0.029836498200893402,0.3442896008491516,0.5620511770248413,-0.03583965077996254,0.39600124955177307,0.6348245143890381,-0.01536101195961237,0.38771864771842957,0.5836933255195618,-0.02225894294679165,0.38392898440361023,0.5522604584693909,-0.030027402564883232,0.38151952624320984,0.5260216593742371,-0.03629741817712784,0.41436269879341125,0.6371672749519348,-0.018948810175061226,0.41628149151802063,0.5893999338150024,-0.027143558487296104,0.4181515872478485,0.5597948431968689,-0.03595613315701485,0.4192522466182709,0.5346683263778687,-0.042674411088228226,0.4320070445537567,0.6495146155357361,-0.02368462085723877,0.4410356879234314,0.6168063879013062,-0.03165843337774277,0.44655245542526245,0.596294641494751,-0.036045536398887634,0.4504939615726471,0.5778542757034302,-0.03949360549449921
0.42157718539237976,0.7448690533638,2.483318723989214e-07,0.39672836661338806,0.7323083877563477,-0.013022264465689659,0.38068920373916626,0.7077969908714294,-0.021122625097632408,0.39636433124542236,0.6841871738433838,-0.028463104739785194,0.41537848114967346,0.6695672869682312,-0.03621513396501541,0.3767034411430359,0.6466479301452637,-0.013434126041829586,0.35900214314460754,0.6078359484672546,-0.02246972732245922,0.3503956198692322,0.5827686786651611,-0.030175497755408287,0.3447829484939575,0.5607733726501465,-0.036389194428920746,0.39572086930274963,0.6342794299125671,-0.015361630357801914,0.3877096176147461,0.5831068158149719,-0.02221452258527279,0.3839785158634186,0.5515279173851013,-0.030017772689461708,0.38169151544570923,0.5249324440956116,-0.03638280928134918,0.4142070412635803,0.6366178393363953,-0.018953440710902214,0.4160652458667755,0.5889242887496948,-0.027010640129446983,0.41765156388282776,0.5592004060745239,-0.03574365749955177,0.41858017444610596,0.533947229385376,-0.042474642395973206,0.4320853650569916,0.6490544676780701,-0.02375819906592369,0.4413345158100128,0.6161567568778992,-0.03159439563751221,0.44691771268844604,0.5953841209411621,-0.03595661744475365,0.4509633481502533,0.5767779350280762,-0.03943558782339096
0.42095696926116943,0.7456637620925903,2.497237687748566e-07,0.39638206362724304,0.7323093414306641,-0.013214640319347382,0.3805661201477051,0.7074077725410461,-0.021571720018982887,0.39719289541244507,0.6846480369567871,-0.029117558151483536,0.4168664216995239,0.6704187989234924,-0.037069112062454224,0.37643998861312866,0.6464153528213501,-0.01372749824076891,0.3586680591106415,0.6074407696723938,-0.022934025153517723,0.3500305116176605,0.5825722813606262,-0.030763955786824226,0.34443873167037964,0.5607860684394836,-0.03704311326146126,0.39561954140663147,0.6342896223068237,-0.015610836446285248,0.38819682598114014,0.5830062627792358,-0.02259966917335987,0.38452786207199097,0.5513695478439331,-0.030550707131624222,0.38201847672462463,0.5245906114578247,-0.0370049886405468,0.414183646440506,0.6369183659553528,-0.019167065620422363,0.41621848940849304,0.5893310904502869,-0.02725338563323021,0.41754478216171265,0.559053897857666,-0.03616214543581009,0.418086975812912,0.5331073999404907,-0.04302626848220825,0.4320276379585266,0.6495670676231384,-0.023943839594721794,0.44135040044784546,0.6169679760932922,-0.031783394515514374,0.44682154059410095,0.5960010290145874,-0.036195192486047745,0.4507165849208832,0.5770801305770874,-0.0397164411842823
0.42127853631973267,0.7460818290710449,2.451849354656588e-07,0.39689743518829346,0.7329534888267517,-0.012706280685961246,0.38112398982048035,0.7067948579788208,-0.020527437329292297,0.3975706994533539,0.6824567914009094,-0.027653468772768974,0.4170668125152588,0.6677743196487427,-0.03523258492350578,0.376444011926651,0.647088348865509,-0.012989536859095097,0.3587413430213928,0.6079691648483276,-0.0218803808093071,0.350055992603302,0.5830097198486328,-0.029472749680280685,0.3443354070186615,0.5612525343894958,-0.03562118113040924,0.39550939202308655,0.6348335146903992,-0.014963986352086067,0.38777369260787964,0.58321213722229,-0.02172236703336239,0.38404950499534607,0.551598310470581,-0.02951512299478054,0.3815758228302002,0.5247802734375,-0.03585725650191307,0.41399335861206055,0.6371590495109558,-0.018572786822915077,0.41567403078079224,0.5889033675193787,-0.026511993259191513,0.41705626249313354,0.5588144659996033,-0.035380858927965164,0.41778531670570374,0.5331073999404907,-0.04223041981458664,0.4318747818470001,0.6494052410125732,-0.02335136942565441,0.4410879909992218,0.6167024374008179,-0.03113783895969391,0.4466839134693146,0.5958989858627319,-0.03559473156929016,0.45085251331329346,0.5772109031677246,-0.03916338458657265
0.4210188090801239,0.7452898025512695,2.499087656815391e-07,0.39716047048568726,0.7323663234710693,-0.013423427008092403,0.3817000985145569,0.7077167630195618,-0.02199271321296692,0.3980768918991089,0.6842495799064636,-0.02971823513507843,0.41742223501205444,0.6692007184028625,-0.037821851670742035,0.3765437602996826,0.6470698118209839,-0.014421303756535053,0.35852521657943726,0.6082597970962524,-0.02392311953008175,0.3496023714542389,0.583274781703949,-0.03178445249795914,0.34390801191329956,0.5613376498222351,-0.03807731345295906,0.3955284357070923,0.6350634098052979,-0.016267118975520134,0.3875724673271179,0.5837821364402771,-0.023652618750929832,0.38390734791755676,0.551918089389801,-0.031649570912122726,0.381527304649353,0.5248232483863831,-0.03809266537427902,0.4139727056026459,0.637703001499176,-0.01978626288473606,0.4156545102596283,0.5900040864944458,-0.0283238273113966,0.4170551002025604,0.5597144961357117,-0.03733935207128525,0.41768237948417664,0.5337851643562317,-0.04420045018196106,0.4318656027317047,0.6500934362411499,-0.024506153538823128,0.44121837615966797,0.6176101565361023,-0.032819442451000214,0.4467887878417969,0.5963472723960876,-0.03755385801196098,0.4507615268230438,0.5771058797836304,-0.04123898223042488
0.4210590124130249,0.7451385259628296,2.50023134640287e-07,0.39671075344085693,0.7322643399238586,-0.012407643720507622,0.381308376789093,0.7078890204429626,-0.0204289723187685,0.39738091826438904,0.6846847534179688,-0.02777169458568096,0.41514283418655396,0.6690476536750793,-0.0355481393635273,0.37639284133911133,0.6470288038253784,-0.01325678825378418,0.358307808637619,0.6084063649177551,-0.02246144600212574,0.34983348846435547,0.5832955241203308,-0.030097922310233116,0.34441864490509033,0.5612389445304871,-0.036165751516819,0.39526286721229553,0.6349058151245117,-0.01553118135780096,0.38731497526168823,0.5835402011871338,-0.022632844746112823,0.3836483061313629,0.5518707036972046,-0.030414117500185966,0.38135698437690735,0.5252243876457214,-0.036640096455812454,0.4136160612106323,0.6373924612998962,-0.0194151122123003,0.4154103696346283,0.5893657207489014,-0.02776573970913887,0.4167676866054535,0.5594033002853394,-0.03650619462132454,0.4174726605415344,0.5336517095565796,-0.04315434396266937,0.43129420280456543,0.6497873663902283,-0.024401472881436348,0.4406958818435669,0.6173433065414429,-0.032583773136138916,0.4464438557624817,0.5966320037841797,-0.03698640689253807,0.45065081119537354,0.5777666568756104,-0.040371112525463104
0.42064711451530457,0.7466270923614502,2.4300044287883793e-07,0.3956218957901001,0.7325900793075562,-0.011890660971403122,0.37921372056007385,0.7061572670936584,-0.019336702302098274,0.39546728134155273,0.6826021671295166,-0.02633039653301239,0.41599178314208984,0.6698641777038574,-0.033857159316539764,0.3765694797039032,0.6463361382484436,-0.011943096294999123,0.358601838350296,0.6076364517211914,-0.020830638706684113,0.34962019324302673,0.5827789902687073,-0.028502734377980232,0.34382280707359314,0.5611870884895325,-0.03465869650244713,0.39533287286758423,0.6344717741012573,-0.014343787916004658,0.3877459168434143,0.5830326676368713,-0.021102175116539,0.3839007019996643,0.5512730479240417,-0.028876828029751778,0.38158106803894043,0.5245509147644043,-0.03508172184228897,0.41366228461265564,0.6370980143547058,-0.018354466184973717,0.4156172573566437,0.5888441801071167,-0.026298942044377327,0.4168364107608795,0.5588533878326416,-0.03508465737104416,0.41738879680633545,0.5331398248672485,-0.04174967482686043,0.43140870332717896,0.6498233079910278,-0.02350199967622757,0.4410024881362915,0.6172396540641785,-0.03115472011268139,0.4466148614883423,0.5964264869689941,-0.03545434772968292,0.4506781995296478,0.5775813460350037,-0.03882989659905434
0.4203093349933624,0.7461181282997131,2.495610260666581e-07,0.39524558186531067,0.7328701019287109,-0.012824757024645805,0.37899911403656006,0.708338737487793,-0.020851995795965195,0.39399492740631104,0.684622049331665,-0.028146985918283463,0.4121904671192169,0.6697698831558228,-0.03585189953446388,0.37579721212387085,0.6469548940658569,-0.013318507932126522,0.35767409205436707,0.6079959869384766,-0.022283803671598434,0.3487999439239502,0.5827047824859619,-0.029897725209593773,0.3430735468864441,0.5607215762138367,-0.03601675108075142,0.3947511315345764,0.6347108483314514,-0.015225541777908802,0.3867935538291931,0.5834189057350159,-0.02206595242023468,0.38311678171157837,0.5516171455383301,-0.029955795034766197,0.38083744049072266,0.5249035358428955,-0.03633318468928337,0.41313835978507996,0.637026309967041,-0.018758801743388176,0.4148869812488556,0.5893258452415466,-0.026795800775289536,0.41619420051574707,0.5590671300888062,-0.035881407558918,0.4167872965335846,0.5334116220474243,-0.04287600517272949,0.43095269799232483,0.6493773460388184,-0.02344752848148346,0.4406658113002777,0.6170987486839294,-0.03134962171316147,0.446363240480423,0.5960961580276489,-0.03604889661073685,0.45049387216567993,0.5770489573478699,-0.03975079953670502
0.4200828969478607,0.7472007870674133,2.443630933157692e-07,0.3951416611671448,0.733342170715332,-0.012276493944227695,0.37915343046188354,0.7071607112884521,-0.019904905930161476,0.3951716721057892,0.6818157434463501,-0.02690940722823143,0.41401875019073486,0.667136549949646,-0.034299883991479874,0.37504294514656067,0.6467642784118652,-0.01220060233026743,0.3570718765258789,0.607970654964447,-0.020987845957279205,0.348178505897522,0.5830016136169434,-0.028563104569911957,0.3424287736415863,0.5614708662033081,-0.03461555391550064,0.3940905034542084,0.634763777256012,-0.014275836758315563,0.38646724820137024,0.5833452939987183,-0.020950686186552048,0.38274264335632324,0.5516446828842163,-0.028578782454133034,0.3805128335952759,0.525206983089447,-0.034679241478443146,0.4125739634037018,0.6371612548828125,-0.01799711212515831,0.41461995244026184,0.5892155170440674,-0.025806760415434837,0.4158700704574585,0.5592403411865234,-0.03445497155189514,0.41662827134132385,0.5337117910385132,-0.041074153035879135,0.43036431074142456,0.6494077444076538,-0.022886652499437332,0.4399726390838623,0.6169808506965637,-0.030459824949502945,0.4453441798686981,0.595941960811615,-0.03479025885462761,0.4493125379085541,0.5768547058105469,-0.0381992906332016
0.4207210838794708,0.7489506602287292,2.396735681031714e-07,0.3956143260002136,0.7354848980903625,-0.012334464117884636,0.37923464179039,0.7093772292137146,-0.019962597638368607,0.3947516083717346,0.6842429637908936,-0.02693229727447033,0.4131704866886139,0.6689597368240356,-0.03420960530638695,0.37510228157043457,0.6481620669364929,-0.011874908581376076,0.35753133893013,0.6095845699310303,-0.02059904858469963,0.3486400842666626,0.5847567915916443,-0.028139827772974968,0.34271159768104553,0.5632468461990356,-0.034177642315626144,0.3941453695297241,0.6358413696289062,-0.01385786198079586,0.38603484630584717,0.5845392346382141,-0.02058444730937481,0.38204121589660645,0.5530255436897278,-0.028245817869901657,0.37962841987609863,0.5266596674919128,-0.034363534301519394,0.4127902388572693,0.6378588676452637,-0.01750357449054718,0.4144473969936371,0.5901075601577759,-0.02541567198932171,0.4155232012271881,0.5604063868522644,-0.03396546468138695,0.41616615653038025,0.5352025628089905,-0.040497131645679474,0.43072906136512756,0.6496835947036743,-0.022320188581943512,0.4400571882724762,0.6172168254852295,-0.029926316812634468,0.4453471302986145,0.5961164832115173,-0.03413564711809158,0.44917404651641846,0.5768489241600037,-0.03745109960436821
0.42089393734931946,0.7481664419174194,2.403780854365323e-07,0.39602357149124146,0.7341655492782593,-0.012302684597671032,0.37940892577171326,0.7069268226623535,-0.019735215231776237,0.3954351842403412,0.6815812587738037,-0.026497479528188705,0.41562044620513916,0.6671269536018372,-0.03366551920771599,0.37546125054359436,0.6468812823295593,-0.012022318318486214,0.35783401131629944,0.6081804037094116,-0.02066952921450138,0.34888625144958496,0.5835407972335815,-0.02822234109044075,0.34291887283325195,0.56214839220047,-0.03433666378259659,0.3945522606372833,0.634787380695343,-0.014016399160027504,0.3869055211544037,0.5833943486213684,-0.020656341686844826,0.3827969431877136,0.5517192482948303,-0.028337271884083748,0.38006511330604553,0.5254014730453491,-0.034499697387218475,0.41326653957366943,0.6373407244682312,-0.0176490880548954,0.41524171829223633,0.5891683101654053,-0.025618894025683403,0.416360467672348,0.5589451789855957,-0.034454163163900375,0.41686704754829407,0.5333768129348755,-0.0411611832678318,0.4311332702636719,0.6497602462768555,-0.02242535911500454,0.4405882656574249,0.6169025897979736,-0.030266299843788147,0.44586095213890076,0.5955935716629028,-0.03472394868731499,0.4495951533317566,0.5764371156692505,-0.038205984979867935
0.4216054677963257,0.7497615814208984,2.40189933720103e-07,0.39661872386932373,0.7354167699813843,-0.012967380695044994,0.3803214728832245,0.7077950835227966,-0.020617181435227394,0.39662671089172363,0.6812039017677307,-0.02748480997979641,0.41654205322265625,0.6657891869544983,-0.034683309495449066,0.37483343482017517,0.6475774049758911,-0.012443593703210354,0.35671985149383545,0.6081949472427368,-0.021087078377604485,0.3476848900318146,0.5832155346870422,-0.028610477223992348,0.3417209982872009,0.5616718530654907,-0.03473421558737755,0.39411160349845886,0.6352290511131287,-0.014196437783539295,0.38582053780555725,0.5833988785743713,-0.02093263901770115,0.3817985951900482,0.551625669002533,-0.028775865212082863,0.379247784614563,0.5248643159866333,-0.035055600106716156,0.41307926177978516,0.6376725435256958,-0.017648354172706604,0.41471749544143677,0.5889244079589844,-0.02578081004321575,0.41587796807289124,0.558544397354126,-0.035004764795303345,0.4164678454399109,0.5322467088699341,-0.04201532527804375,0.43141722679138184,0.6501193642616272,-0.022288894280791283,0.44055500626564026,0.6172406077384949,-0.030364323407411575,0.44588589668273926,0.5961818695068359,-0.03514957055449486,0.44977614283561707,0.5769334435462952,-0.038882117718458176
0.4219490885734558,0.7475703358650208,2.5399822334293276e-07,0.3971559703350067,0.7334791421890259,-0.013652344234287739,0.38078340888023376,0.7069447040557861,-0.021957524120807648,0.397849977016449,0.6815556287765503,-0.029343094676733017,0.41833925247192383,0.666589617729187,-0.037033941596746445,0.3757765293121338,0.6464530825614929,-0.01402515359222889,0.35751351714134216,0.6074339151382446,-0.023176219314336777,0.3486228585243225,0.5822809934616089,-0.0309354979544878,0.34279993176460266,0.5599596500396729,-0.03721131384372711,0.3949524760246277,0.6339319348335266,-0.015559135004878044,0.386445552110672,0.5823950171470642,-0.022683028131723404,0.38240697979927063,0.5503804683685303,-0.030521422624588013,0.37995445728302,0.5230870842933655,-0.03681366518139839,0.4137852191925049,0.6365451216697693,-0.01878468133509159,0.4156932830810547,0.5882862210273743,-0.02710665389895439,0.4170362949371338,0.5576273798942566,-0.036175526678562164,0.41780564188957214,0.5312432050704956,-0.04306022822856903,0.4320688843727112,0.6493932604789734,-0.023274678736925125,0.4417251944541931,0.6167839169502258,-0.03142669051885605,0.44703811407089233,0.5953975915908813,-0.03616766631603241,0.4508395493030548,0.5758808851242065,-0.039862439036369324
0.42390644550323486,0.7473094463348389,2.5277353188357665e-07,0.3992110788822174,0.7335172891616821,-0.014081105589866638,0.38335156440734863,0.707358717918396,-0.022801421582698822,0.40027284622192383,0.6818618178367615,-0.0304760430008173,0.41911938786506653,0.6652272939682007,-0.03835942968726158,0.37738338112831116,0.6457945108413696,-0.014423445798456669,0.3595181405544281,0.6063335537910461,-0.023817922919988632,0.35051506757736206,0.5813758969306946,-0.031838953495025635,0.34451255202293396,0.5595522522926331,-0.03821396455168724,0.39664047956466675,0.6333826780319214,-0.01582544855773449,0.3881869912147522,0.5814862251281738,-0.022981366142630577,0.3840518891811371,0.5496017932891846,-0.031088516116142273,0.3812555968761444,0.5221516489982605,-0.037613701075315475,0.4154878258705139,0.6361147165298462,-0.018947221338748932,0.41734543442726135,0.588021457195282,-0.02721085213124752,0.41885215044021606,0.5573892593383789,-0.03632384538650513,0.41959404945373535,0.5308781266212463,-0.04331204295158386,0.43381795287132263,0.6491703391075134,-0.023348096758127213,0.4429592490196228,0.6163064241409302,-0.0313202328979969,0.448077529668808,0.5951852798461914,-0.035865481942892075,0.4515361785888672,0.5757777690887451,-0.039465129375457764
0.422290563583374,0.747423529624939,2.503394682662474e-07,0.39717623591423035,0.7340435981750488,-0.013521892949938774,0.38071686029434204,0.7072862982749939,-0.021441277116537094,0.39800944924354553,0.6818441152572632,-0.028434017673134804,0.4183301627635956,0.6667254567146301,-0.035765133798122406,0.37527817487716675,0.6469922661781311,-0.013321773149073124,0.35673677921295166,0.6081202626228333,-0.02205471880733967,0.34744322299957275,0.5831688642501831,-0.02964969351887703,0.3411813974380493,0.5613389611244202,-0.03585280105471611,0.39452460408210754,0.6344344019889832,-0.014855326153337955,0.38565826416015625,0.5831739902496338,-0.021563664078712463,0.38110530376434326,0.5513814687728882,-0.029403990134596825,0.37793248891830444,0.5241994857788086,-0.03573037311434746,0.41336584091186523,0.6369444131851196,-0.01810305193066597,0.41463664174079895,0.5886534452438354,-0.026221929118037224,0.41563621163368225,0.5578098297119141,-0.03547190502285957,0.41598251461982727,0.5309791564941406,-0.042509663850069046,0.43166500329971313,0.6496978998184204,-0.022590724751353264,0.440563440322876,0.6168699264526367,-0.03069491684436798,0.44550424814224243,0.5957956910133362,-0.03545776754617691,0.44894686341285706,0.5765042901039124,-0.03918396681547165
0.42242252826690674,0.7469030618667603,2.508248826416093e-07,0.3973863422870636,0.7334558963775635,-0.013829397968947887,0.3807111382484436,0.7072170376777649,-0.022331366315484047,0.39809146523475647,0.6824427843093872,-0.029822079464793205,0.41840171813964844,0.6668216586112976,-0.0376175232231617,0.3758399486541748,0.6460521817207336,-0.014462703838944435,0.3576691746711731,0.6067268252372742,-0.023869076743721962,0.3483756184577942,0.5813922882080078,-0.031906869262456894,0.3420362174510956,0.5591517090797424,-0.03837158903479576,0.3950561285018921,0.6333597898483276,-0.01599149778485298,0.38644465804100037,0.5817400217056274,-0.023164590820670128,0.3821065425872803,0.549591600894928,-0.03123599663376808,0.37913748621940613,0.5221416354179382,-0.03775238245725632,0.413858026266098,0.6358510851860046,-0.019210893660783768,0.4152226448059082,0.5877043008804321,-0.027479082345962524,0.41629430651664734,0.5568425059318542,-0.036549877375364304,0.41660651564598083,0.530347466468811,-0.04351533204317093,0.43206891417503357,0.6487070322036743,-0.02369612082839012,0.4410002529621124,0.6159106492996216,-0.03179071471095085,0.4459671080112457,0.5946524143218994,-0.03638961911201477,0.44934311509132385,0.5753017663955688,-0.0400121845304966
0.4211988151073456,0.7473601698875427,2.4295277967212314e-07,0.39624398946762085,0.7333002686500549,-0.012987099587917328,0.37953218817710876,0.7061513066291809,-0.020688841119408607,0.3963257372379303,0.680817723274231,-0.027586255222558975,0.4166855812072754,0.6661680936813354,-0.0348423533141613,0.375055193901062,0.6462761759757996,-0.012932914309203625,0.35693100094795227,0.6074694395065308,-0.021674614399671555,0.34768369793891907,0.5826331377029419,-0.029201602563261986,0.341494083404541,0.5610398054122925,-0.03532787039875984,0.39407938718795776,0.6340141296386719,-0.014673587866127491,0.38519954681396484,0.5828816890716553,-0.021391982212662697,0.38080739974975586,0.551103949546814,-0.029098447412252426,0.3780263364315033,0.5241807103157043,-0.03530613332986832,0.41284626722335815,0.6365997791290283,-0.018106594681739807,0.41416141390800476,0.5887750387191772,-0.026186948642134666,0.41519010066986084,0.5584126710891724,-0.03525329381227493,0.41564106941223145,0.532351553440094,-0.04215385392308235,0.4311510920524597,0.649224042892456,-0.02274285815656185,0.44018906354904175,0.6165518760681152,-0.03078000247478485,0.44530487060546875,0.5953090190887451,-0.03550034388899803,0.44892269372940063,0.5759886503219604,-0.0391998291015625
0.4227422773838043,0.7493876814842224,2.4602491066616494e-07,0.3969573378562927,0.735885739326477,-0.013763872906565666,0.380558580160141,0.7082640528678894,-0.021742060780525208,0.3983323574066162,0.6820176243782043,-0.028831275179982185,0.4181826710700989,0.6664690375328064,-0.03623117879033089,0.37582194805145264,0.6472179889678955,-0.012667273171246052,0.35747137665748596,0.6084835529327393,-0.021571394056081772,0.34812673926353455,0.5834725499153137,-0.029505498707294464,0.3418838381767273,0.5616621971130371,-0.03593800589442253,0.3949906527996063,0.6346908211708069,-0.014190657995641232,0.3857002258300781,0.5833485126495361,-0.021064961329102516,0.38113585114479065,0.551388144493103,-0.029317546635866165,0.3784078359603882,0.5242788791656494,-0.03592986613512039,0.41378533840179443,0.6370678544044495,-0.01752668246626854,0.41448476910591125,0.5891644954681396,-0.0257552657276392,0.4152974784374237,0.5584394335746765,-0.0353553369641304,0.41597098112106323,0.5320349931716919,-0.04265203699469566,0.4320375919342041,0.6494793891906738,-0.02213961072266102,0.4402044713497162,0.617436945438385,-0.03035060688853264,0.44503289461135864,0.5966519117355347,-0.035296130925416946,0.44887086749076843,0.5776991844177246,-0.03914389759302139
0.42132067680358887,0.7489429712295532,2.446702467295836e-07,0.3957616090774536,0.7367392182350159,-0.014135856181383133,0.37921538949012756,0.7100849747657776,-0.02221575751900673,0.3944949507713318,0.6823235154151917,-0.02926812320947647,0.41121888160705566,0.6637240648269653,-0.03655670955777168,0.37423014640808105,0.6477909684181213,-0.013285858556628227,0.3562321066856384,0.6093097925186157,-0.022262444719672203,0.3469395339488983,0.5842093229293823,-0.03015105612576008,0.3408973217010498,0.5622317790985107,-0.03650664538145065,0.3934457302093506,0.6349700689315796,-0.014571353793144226,0.38433295488357544,0.5833789706230164,-0.021324314177036285,0.3801693916320801,0.5516255497932434,-0.02936551347374916,0.37783047556877136,0.5244659185409546,-0.03589097782969475,0.412241131067276,0.6371601223945618,-0.017679162323474884,0.41322287917137146,0.5894174575805664,-0.025816330686211586,0.41413170099258423,0.5591355562210083,-0.03506932035088539,0.41472741961479187,0.5329802632331848,-0.042232368141412735,0.4305696189403534,0.6496230363845825,-0.022081591188907623,0.43896621465682983,0.6172348856925964,-0.03008386865258217,0.44388967752456665,0.5965478420257568,-0.03481046110391617,0.44742536544799805,0.5774551630020142,-0.03859282657504082
0.42230460047721863,0.7485830187797546,2.4368100071114895e-07,0.39679428935050964,0.7360696792602539,-0.014209677465260029,0.3801375925540924,0.7089248895645142,-0.022245170548558235,0.39483845233917236,0.6805537343025208,-0.029215211048722267,0.411357045173645,0.6615400910377502,-0.036337606608867645,0.3747902512550354,0.6465381979942322,-0.013110479339957237,0.3565225303173065,0.607875406742096,-0.02183491736650467,0.3468548357486725,0.5830616354942322,-0.02945881150662899,0.3403148055076599,0.5614676475524902,-0.03561224043369293,0.3939051330089569,0.6340920329093933,-0.014241066761314869,0.3848254978656769,0.582442045211792,-0.020789919421076775,0.38075682520866394,0.5509904623031616,-0.028530502691864967,0.3785644769668579,0.5244494676589966,-0.034778766334056854,0.41263359785079956,0.6363977789878845,-0.017213715240359306,0.41351738572120667,0.5886089205741882,-0.02518286183476448,0.414409875869751,0.5584321022033691,-0.0343225821852684,0.4151701331138611,0.5324534773826599,-0.04139113426208496,0.43085241317749023,0.6488422751426697,-0.021488627418875694,0.4393584728240967,0.616969108581543,-0.029454296454787254,0.44437670707702637,0.5962805151939392,-0.03422054275870323,0.4481944441795349,0.5772201418876648,-0.037989161908626556
0.4219778776168823,0.7493429183959961,2.520751820611622e-07,0.3958706259727478,0.7365067601203918,-0.014460519887506962,0.3792247474193573,0.7092403173446655,-0.022669784724712372,0.39586886763572693,0.6818659901618958,-0.029813816770911217,0.41434040665626526,0.6644762754440308,-0.03719506412744522,0.37404483556747437,0.6473575234413147,-0.013473134487867355,0.35605692863464355,0.608421266078949,-0.0224156454205513,0.3464775085449219,0.5831965208053589,-0.030246930196881294,0.33995091915130615,0.5610302686691284,-0.03660295903682709,0.3932696580886841,0.6348194479942322,-0.014622277580201626,0.3843535780906677,0.5832015872001648,-0.02141542173922062,0.38023924827575684,0.5513757467269897,-0.02935856766998768,0.377864271402359,0.5241301655769348,-0.03582107648253441,0.4121018350124359,0.6369589567184448,-0.01764153502881527,0.4131848216056824,0.5891940593719482,-0.025825610384345055,0.4140273332595825,0.5585660934448242,-0.03510485589504242,0.4145820438861847,0.5321217179298401,-0.042233407497406006,0.4304662048816681,0.6490401029586792,-0.02201121672987938,0.4389227628707886,0.6163488030433655,-0.030036622658371925,0.44398611783981323,0.5954306721687317,-0.03477556258440018,0.4477689862251282,0.5763750076293945,-0.03855122625827789
0.42122310400009155,0.7493172287940979,2.5161307348753326e-07,0.3954257667064667,0.7363917827606201,-0.013981030322611332,0.3787306547164917,0.7099766731262207,-0.022062882781028748,0.39473459124565125,0.6826081275939941,-0.029184354469180107,0.4122067093849182,0.6645051836967468,-0.036568719893693924,0.37327611446380615,0.6473063230514526,-0.012795752845704556,0.35499927401542664,0.6088083386421204,-0.021687062457203865,0.345449835062027,0.5836979150772095,-0.029594892635941505,0.33909547328948975,0.5618118643760681,-0.035993415862321854,0.3925814926624298,0.6348833441734314,-0.01418144628405571,0.3834242522716522,0.5833417773246765,-0.020896892994642258,0.3792445957660675,0.5514999032020569,-0.028955234214663506,0.37687888741493225,0.5247761011123657,-0.035483479499816895,0.41133591532707214,0.6372255682945251,-0.017439216375350952,0.4120608866214752,0.5890253782272339,-0.02558676153421402,0.4127158224582672,0.5585799217224121,-0.03499346971511841,0.4131515920162201,0.5325266122817993,-0.0422457754611969,0.42954859137535095,0.6495412588119507,-0.0219808928668499,0.4379626512527466,0.6173022985458374,-0.03013753890991211,0.4427741467952728,0.5961732268333435,-0.03507690876722336,0.4463628828525543,0.576769232749939,-0.038984302431344986
0.41938188672065735,0.7500085234642029,2.484483445641672e-07,0.39343833923339844,0.7372146844863892,-0.013606923632323742,0.3764590919017792,0.7106338143348694,-0.02153775282204151,0.39247605204582214,0.6834815740585327,-0.028583941981196404,0.4106595516204834,0.6662876009941101,-0.03592187538743019,0.37100666761398315,0.6478019952774048,-0.01251146662980318,0.35248249769210815,0.6093559265136719,-0.021374618634581566,0.34297165274620056,0.5843693614006042,-0.02923857793211937,0.33675023913383484,0.5623778104782104,-0.0356157124042511,0.39028915762901306,0.6351829767227173,-0.014101617969572544,0.38090434670448303,0.5837222337722778,-0.020828399807214737,0.37645232677459717,0.5518180131912231,-0.02887767180800438,0.3739466965198517,0.5247775316238403,-0.03538908064365387,0.40924909710884094,0.6374916434288025,-0.01751408353447914,0.40991976857185364,0.5894306898117065,-0.025662248954176903,0.41044119000434875,0.5587122440338135,-0.035011082887649536,0.41083264350891113,0.5321903228759766,-0.04220101609826088,0.42768460512161255,0.6499856114387512,-0.02218570001423359,0.43589386343955994,0.6178178787231445,-0.03034812957048416,0.44049495458602905,0.5967747569084167,-0.03518306836485863,0.44395095109939575,0.5773041248321533,-0.0389876626431942
0.41847148537635803,0.7407304048538208,2.481390026787267e-07,0.3933127224445343,0.7301624417304993,-0.013676642440259457,0.3763851523399353,0.7039543986320496,-0.020983193069696426,0.38941073417663574,0.674326479434967,-0.02744239568710327,0.40552273392677307,0.6563267707824707,-0.033917855471372604,0.36631742119789124,0.6441633701324463,-0.010936439968645573,0.34625208377838135,0.6072654724121094,-0.01882309839129448,0.3357464671134949,0.5832322239875793,-0.02580530382692814,0.32869964838027954,0.5624244213104248,-0.03143751621246338,0.38458746671676636,0.6298991441726685,-0.011872812174260616,0.3729347586631775,0.5806840658187866,-0.017787640914320946,0.36670544743537903,0.5493926405906677,-0.02484039030969143,0.3626994788646698,0.5233014822006226,-0.030433453619480133,0.40351322293281555,0.6299326419830322,-0.01471114344894886,0.401830792427063,0.5836305618286133,-0.02207551896572113,0.4004306197166443,0.5535756945610046,-0.030753282830119133,0.3991490602493286,0.5277819037437439,-0.037355802953243256,0.42259693145751953,0.6398296356201172,-0.018901357427239418,0.4306564927101135,0.607429027557373,-0.02632952481508255,0.43501776456832886,0.5858484506607056,-0.03090479224920273,0.4382304251194,0.5660334229469299,-0.03443935513496399
0.42235350608825684,0.743728756904602,2.490577628577739e-07,0.39551830291748047,0.7343529462814331,-0.013469558209180832,0.376541405916214,0.7086361646652222,-0.020736027508974075,0.38899892568588257,0.677778422832489,-0.027153311297297478,0.4050920605659485,0.6590830683708191,-0.033717989921569824,0.365943044424057,0.6492499113082886,-0.011460334993898869,0.34494638442993164,0.6130726337432861,-0.01976848393678665,0.3339570164680481,0.589199960231781,-0.02711738832294941,0.3263624310493469,0.5684754252433777,-0.033001672476530075,0.38417384028434753,0.633439838886261,-0.012672101147472858,0.37055498361587524,0.5837605595588684,-0.018874065950512886,0.3633081316947937,0.5528514981269836,-0.02618187479674816,0.3585158884525299,0.5271738767623901,-0.03194977343082428,0.40345853567123413,0.6320784091949463,-0.015735529363155365,0.4001762270927429,0.5844581723213196,-0.02331431768834591,0.39793989062309265,0.5544260740280151,-0.032019488513469696,0.3960105776786804,0.5290268659591675,-0.0386212095618248,0.4231071472167969,0.640678346157074,-0.020117029547691345,0.4296235740184784,0.6069573163986206,-0.02770175226032734,0.43320485949516296,0.5849493145942688,-0.03218496963381767,0.4357941746711731,0.5652794241905212,-0.035631243139505386
0.4351874887943268,0.7393131256103516,2.5049035912161344e-07,0.40890267491340637,0.7276163101196289,-0.014478507451713085,0.39161020517349243,0.7008483409881592,-0.02272707410156727,0.4065089821815491,0.671252429485321,-0.029950112104415894,0.42348334193229675,0.6521749496459961,-0.03733053803443909,0.38355326652526855,0.6384139060974121,-0.013226352632045746,0.3635808527469635,0.600415825843811,-0.022422732785344124,0.3531050384044647,0.5756203532218933,-0.030514361336827278,0.3460574746131897,0.5539078116416931,-0.03696785867214203,0.4026413559913635,0.6241234540939331,-0.01442202739417553,0.391608327627182,0.5725958943367004,-0.021438557654619217,0.38592249155044556,0.5403811931610107,-0.029600154608488083,0.38228827714920044,0.5130164623260498,-0.03611823916435242,0.42192932963371277,0.6249904036521912,-0.017504919320344925,0.4214951694011688,0.576694130897522,-0.025836726650595665,0.4211505055427551,0.5456193089485168,-0.03519544377923012,0.4207419157028198,0.5189487338066101,-0.042340535670518875,0.4410970211029053,0.6363734602928162,-0.021948786452412605,0.44934624433517456,0.6030863523483276,-0.030145078897476196,0.45393770933151245,0.5810032486915588,-0.03501599654555321,0.45732375979423523,0.5607097744941711,-0.03882019221782684
0.43306660652160645,0.7389265298843384,2.469730304710538e-07,0.40685591101646423,0.7282446026802063,-0.014242078177630901,0.38896429538726807,0.702057957649231,-0.022164899855852127,0.40262505412101746,0.6717537045478821,-0.02905437722802162,0.41880300641059875,0.6517877578735352,-0.036119889467954636,0.38085266947746277,0.6399812698364258,-0.012976949103176594,0.36092597246170044,0.6025039553642273,-0.021790476515889168,0.350383996963501,0.5778499245643616,-0.02954619750380516,0.3432880640029907,0.556198239326477,-0.03580782562494278,0.3998282849788666,0.6254960894584656,-0.014148768037557602,0.3884243965148926,0.57429039478302,-0.020793715491890907,0.3826634883880615,0.5425118207931519,-0.028646670281887054,0.37898412346839905,0.5155911445617676,-0.03498642146587372,0.4190919101238251,0.6260825395584106,-0.017190661281347275,0.41817983984947205,0.5778158903121948,-0.025344543159008026,0.4175308644771576,0.5470483899116516,-0.0346311591565609,0.4167874753475189,0.5206518769264221,-0.04177432134747505,0.43823039531707764,0.6371899247169495,-0.021551335230469704,0.44606465101242065,0.6036953926086426,-0.02976083755493164,0.4504736363887787,0.5817145109176636,-0.03472354635596275,0.453547865152359,0.5615697503089905,-0.038612961769104004
0.4374241530895233,0.7375257015228271,2.522403690363717e-07,0.41112449765205383,0.725521445274353,-0.014321287162601948,0.39349064230918884,0.6983723640441895,-0.02225448377430439,0.4077855050563812,0.6685101985931396,-0.029149912297725677,0.4248970150947571,0.6498504877090454,-0.03621167317032814,0.3857989013195038,0.636744499206543,-0.01292527373880148,0.36660414934158325,0.5988291501998901,-0.02174193412065506,0.35623523592948914,0.5739972591400146,-0.029508739709854126,0.3491506576538086,0.5522436499595642,-0.03577199950814247,0.40477991104125977,0.6227039098739624,-0.01398500893265009,0.39428189396858215,0.5715068578720093,-0.020673535764217377,0.3890789747238159,0.5398286581039429,-0.02847168780863285,0.38596513867378235,0.5130886435508728,-0.03468700870871544,0.4239633083343506,0.6234948039054871,-0.016907289624214172,0.4233667552471161,0.5758330821990967,-0.024987373501062393,0.42304423451423645,0.5455672740936279,-0.03410995751619339,0.422735333442688,0.5196317434310913,-0.04104362055659294,0.4431149661540985,0.6345457434654236,-0.021184198558330536,0.4510253071784973,0.6015634536743164,-0.029207313433289528,0.45568132400512695,0.5801921486854553,-0.03395576775074005,0.45915091037750244,0.5607426762580872,-0.03762619569897652
0.43873199820518494,0.7374247312545776,2.4408285526078544e-07,0.4133954346179962,0.7261511087417603,-0.0142023591324687,0.39673998951911926,0.6981672048568726,-0.021646933630108833,0.4100905656814575,0.6672861576080322,-0.028084753081202507,0.4255174398422241,0.6478826999664307,-0.034537237137556076,0.38696515560150146,0.6384801864624023,-0.011655674315989017,0.36718684434890747,0.6008111834526062,-0.019891120493412018,0.3570106327533722,0.5762515664100647,-0.02721245214343071,0.3502849340438843,0.5547264814376831,-0.03306581452488899,0.40549707412719727,0.6244505643844604,-0.012447204440832138,0.39423319697380066,0.5741268396377563,-0.018519045785069466,0.3883049488067627,0.5425287485122681,-0.02595752477645874,0.38454270362854004,0.5156686902046204,-0.03191005066037178,0.4243323802947998,0.6249732375144958,-0.015152662061154842,0.4233088195323944,0.5778380036354065,-0.022568512707948685,0.42265841364860535,0.5473552942276001,-0.03147187829017639,0.4219730496406555,0.520993709564209,-0.03829869627952576,0.4430086612701416,0.6355957984924316,-0.01924775168299675,0.4505727291107178,0.6026662588119507,-0.026610778644680977,0.45478004217147827,0.5808051824569702,-0.03120391070842743,0.45775896310806274,0.5605484843254089,-0.034824833273887634
0.43854016065597534,0.7396577596664429,2.475231895004981e-07,0.4128098487854004,0.7293940186500549,-0.014304487966001034,0.3949117958545685,0.7036265134811401,-0.022269917652010918,0.40884584188461304,0.674266517162323,-0.029157966375350952,0.425650954246521,0.6555333137512207,-0.03615954890847206,0.38647162914276123,0.6424121260643005,-0.01313785184174776,0.3666987717151642,0.6054247617721558,-0.021844862028956413,0.3564368784427643,0.5810651183128357,-0.02945733070373535,0.3495907485485077,0.5596733689308167,-0.03555513918399811,0.4051046073436737,0.627956211566925,-0.014019925147294998,0.3937242329120636,0.5779674053192139,-0.020435728132724762,0.38791900873184204,0.5468888878822327,-0.027909083291888237,0.3842150568962097,0.5204300284385681,-0.0339420810341835,0.4240163266658783,0.628056526184082,-0.016751009970903397,0.4229789972305298,0.580917239189148,-0.024343598634004593,0.4220457375049591,0.5507500171661377,-0.033094242215156555,0.42107105255126953,0.5249891877174377,-0.03986248001456261,0.4429089426994324,0.6384559869766235,-0.020865054801106453,0.4503716230392456,0.605550229549408,-0.028336266055703163,0.45418059825897217,0.5839557647705078,-0.03286858648061752,0.45675668120384216,0.5642215013504028,-0.03648746758699417
0.4394606649875641,0.7381158471107483,2.486996208972414e-07,0.4142400324344635,0.7275691628456116,-0.01479946170002222,0.39732825756073,0.7015671133995056,-0.02302861399948597,0.41139402985572815,0.6723828911781311,-0.030102603137493134,0.42780977487564087,0.6533057689666748,-0.03723268583416939,0.388450026512146,0.6411213278770447,-0.013404292985796928,0.3689900040626526,0.6039503216743469,-0.022285575047135353,0.3588521182537079,0.5796449184417725,-0.030035020783543587,0.3521304130554199,0.5583176612854004,-0.03622042015194893,0.40699049830436707,0.6268865466117859,-0.014129417948424816,0.395835816860199,0.5770633220672607,-0.02071172185242176,0.39016467332839966,0.5458605289459229,-0.028397995978593826,0.38655465841293335,0.5190855860710144,-0.034604232758283615,0.4257318675518036,0.6273557543754578,-0.01675606518983841,0.4247356057167053,0.5805341005325317,-0.024626631289720535,0.4240753650665283,0.5504363775253296,-0.03364263102412224,0.42335063219070435,0.5244343280792236,-0.040594059973955154,0.44441407918930054,0.6381017565727234,-0.020791104063391685,0.45196446776390076,0.6056662797927856,-0.028602181002497673,0.45605218410491943,0.5842171311378479,-0.03337688371539116,0.45884597301483154,0.5643903017044067,-0.0371573381125927
0.43925508856773376,0.7387148141860962,2.4823478383950714e-07,0.41346675157546997,0.7279828786849976,-0.014010910876095295,0.3961752653121948,0.7020279169082642,-0.021987412124872208,0.41065990924835205,0.6733243465423584,-0.028949566185474396,0.4276769459247589,0.6546639800071716,-0.03610961139202118,0.38785943388938904,0.6414515376091003,-0.013232051394879818,0.36864832043647766,0.6043245792388916,-0.022105004638433456,0.35844889283180237,0.5797976851463318,-0.02981865219771862,0.35152363777160645,0.5581753253936768,-0.03601393103599548,0.4064897298812866,0.6271197199821472,-0.014432458207011223,0.39547526836395264,0.576863706111908,-0.021011706441640854,0.3900948762893677,0.5454340577125549,-0.028639212250709534,0.38680484890937805,0.5188026428222656,-0.034813493490219116,0.4253476858139038,0.6276262998580933,-0.017431536689400673,0.42442917823791504,0.5802069306373596,-0.025302505120635033,0.42368003726005554,0.5499519109725952,-0.03421337157487869,0.4228687286376953,0.5240808129310608,-0.04109891876578331,0.4441061019897461,0.6384068131446838,-0.021749556064605713,0.45175740122795105,0.605701744556427,-0.029559241607785225,0.4558919370174408,0.5841821432113647,-0.034168798476457596,0.4588228166103363,0.5646680593490601,-0.03781667724251747
0.4401343762874603,0.7386882901191711,2.449131102366664e-07,0.41429072618484497,0.7276191115379333,-0.014023848809301853,0.397138774394989,0.701224148273468,-0.02174992300570011,0.4117521345615387,0.6719393134117126,-0.028480326756834984,0.428365558385849,0.6528294682502747,-0.035354502499103546,0.3893115818500519,0.6408451795578003,-0.012481257319450378,0.36989086866378784,0.6034643054008484,-0.021097924560308456,0.3597261309623718,0.5790212154388428,-0.028688183054327965,0.35292673110961914,0.5575222373008728,-0.0347663015127182,0.40792953968048096,0.626514732837677,-0.013497484847903252,0.3968964219093323,0.5760866403579712,-0.0198355745524168,0.3913145661354065,0.5446178913116455,-0.027445776388049126,0.3877823054790497,0.5177255272865295,-0.033598557114601135,0.4268616735935211,0.626857340335846,-0.0163659006357193,0.42597490549087524,0.5799856185913086,-0.02392987720668316,0.42540326714515686,0.5494728088378906,-0.03285603225231171,0.42481714487075806,0.5232610702514648,-0.0397581122815609,0.44564732909202576,0.6373990774154663,-0.020587217062711716,0.45285511016845703,0.6046393513679504,-0.02790882997214794,0.45685574412345886,0.5832274556159973,-0.0323525071144104,0.45967718958854675,0.563636064529419,-0.03595130518078804
0.4398152232170105,0.738459587097168,2.43464739924093e-07,0.4142106771469116,0.7275027632713318,-0.014109371230006218,0.3968101143836975,0.7013145089149475,-0.02186272293329239,0.4104570150375366,0.6715707778930664,-0.028594357892870903,0.4265356659889221,0.652294397354126,-0.03545776382088661,0.3885170817375183,0.6403966546058655,-0.012591572478413582,0.3688759207725525,0.6033115983009338,-0.021281303837895393,0.35858821868896484,0.5789309740066528,-0.028956444934010506,0.3516829013824463,0.5575895309448242,-0.035068802535533905,0.40715402364730835,0.6263025999069214,-0.013571908697485924,0.3960544466972351,0.5759403705596924,-0.01988239772617817,0.3904634416103363,0.5446134209632874,-0.02736683003604412,0.3870537281036377,0.5179253220558167,-0.033414971083402634,0.4260226786136627,0.6267985105514526,-0.016424041241407394,0.42493146657943726,0.5800995230674744,-0.023907270282506943,0.42412692308425903,0.5498889684677124,-0.032658450305461884,0.42343318462371826,0.5238792300224304,-0.0394548699259758,0.4447767734527588,0.6374620795249939,-0.02065696381032467,0.451840877532959,0.6049478054046631,-0.02795383334159851,0.4557461738586426,0.5836092829704285,-0.03233249485492706,0.45852115750312805,0.5638861060142517,-0.035869717597961426
0.43965184688568115,0.7381454706192017,2.436788122395228e-07,0.4142884910106659,0.7270828485488892,-0.014109530486166477,0.39742013812065125,0.699932873249054,-0.022004075348377228,0.41265708208084106,0.6700831055641174,-0.028936397284269333,0.4314001798629761,0.6521483659744263,-0.03602733463048935,0.38898056745529175,0.6400178074836731,-0.012628026306629181,0.36950254440307617,0.6028663516044617,-0.02126598171889782,0.3593134880065918,0.5787251591682434,-0.028882645070552826,0.35247382521629333,0.5574720501899719,-0.03503572195768356,0.4074627757072449,0.6261320114135742,-0.01371276006102562,0.39642825722694397,0.5760852098464966,-0.020131230354309082,0.3907717764377594,0.5447041988372803,-0.02767334319651127,0.387258917093277,0.5178344249725342,-0.03377414494752884,0.42625361680984497,0.6268420219421387,-0.016654768958687782,0.42513665556907654,0.5802611708641052,-0.024305524304509163,0.42447996139526367,0.5498281121253967,-0.033310696482658386,0.4239862859249115,0.523554265499115,-0.04025018587708473,0.4449557662010193,0.637486457824707,-0.020977428182959557,0.4521467983722687,0.6051238179206848,-0.02848093770444393,0.45631691813468933,0.5836113691329956,-0.03313721343874931,0.45945724844932556,0.5639767646789551,-0.036873959004879
0.4382638931274414,0.7379693388938904,2.476455165378866e-07,0.4127650260925293,0.7276789546012878,-0.014200239442288876,0.39567995071411133,0.7017657160758972,-0.022137843072414398,0.4094417095184326,0.6721462607383728,-0.0290458295494318,0.4251534938812256,0.6525933146476746,-0.036085665225982666,0.3869437575340271,0.6415298581123352,-0.013061287812888622,0.3674725890159607,0.6047302484512329,-0.021963676437735558,0.35730549693107605,0.5803099274635315,-0.029679646715521812,0.3505241870880127,0.5586750507354736,-0.035826824605464935,0.40529894828796387,0.6270382404327393,-0.014078566804528236,0.39404281973838806,0.5769762992858887,-0.020791728049516678,0.3883233070373535,0.5455778241157532,-0.02850886806845665,0.3847326636314392,0.5186159610748291,-0.03469221666455269,0.42403239011764526,0.6271516680717468,-0.016932232305407524,0.4229842722415924,0.5802595615386963,-0.024890098720788956,0.4223291873931885,0.5498982667922974,-0.03388473391532898,0.42172500491142273,0.5237734913825989,-0.04077967628836632,0.4428097903728485,0.6374588012695312,-0.021136926487088203,0.4502573013305664,0.6048078536987305,-0.02892519161105156,0.4542590379714966,0.5832521915435791,-0.033638618886470795,0.4570618271827698,0.5634063482284546,-0.03735458105802536
0.4384995698928833,0.7387067079544067,2.490753274742019e-07,0.41278666257858276,0.7280793786048889,-0.014498628675937653,0.39564770460128784,0.7021065354347229,-0.0227182749658823,0.4095117151737213,0.6726948022842407,-0.02986310049891472,0.42554256319999695,0.6532891988754272,-0.03708892688155174,0.3872308135032654,0.6413872241973877,-0.013391304761171341,0.3673599362373352,0.6043477058410645,-0.022466905415058136,0.35704439878463745,0.5798587799072266,-0.030310694128274918,0.35021257400512695,0.5583887100219727,-0.03651225566864014,0.40574324131011963,0.6271436214447021,-0.014367902651429176,0.3944985568523407,0.5766589641571045,-0.021087344735860825,0.38901007175445557,0.5451995134353638,-0.0287784393876791,0.38563787937164307,0.5184559226036072,-0.03493198752403259,0.4246397614479065,0.6274585723876953,-0.017230680212378502,0.4232049882411957,0.5803439021110535,-0.025149593129754066,0.4223795235157013,0.5500384569168091,-0.034032613039016724,0.4215855598449707,0.5240272879600525,-0.04085375368595123,0.4436483383178711,0.6378793716430664,-0.021480048075318336,0.4507027268409729,0.604981005191803,-0.029172258451581,0.4546250104904175,0.5834342241287231,-0.0337207093834877,0.45732375979423523,0.563750684261322,-0.037321995943784714
0.43865838646888733,0.7393043041229248,2.426710068448301e-07,0.4129469394683838,0.7286210060119629,-0.014364026486873627,0.39559805393218994,0.7018782496452332,-0.022270478308200836,0.4094007909297943,0.671410322189331,-0.029153943061828613,0.4262394905090332,0.6523894667625427,-0.03616361320018768,0.38736411929130554,0.641481876373291,-0.012812726199626923,0.3677207827568054,0.6044641137123108,-0.021564871072769165,0.3572695255279541,0.5802035331726074,-0.029275154694914818,0.35019245743751526,0.5589039921760559,-0.03549995273351669,0.40575456619262695,0.6273731589317322,-0.013804543763399124,0.3945968449115753,0.5769296288490295,-0.020405802875757217,0.38906753063201904,0.5456110239028931,-0.028134947642683983,0.38566309213638306,0.5188767313957214,-0.034323178231716156,0.4245578348636627,0.6277469992637634,-0.01666700839996338,0.42305096983909607,0.580635666847229,-0.024562206119298935,0.42224451899528503,0.5500856637954712,-0.033677320927381516,0.4215701222419739,0.5237888097763062,-0.040672846138477325,0.4435870349407196,0.6381711363792419,-0.020908137783408165,0.45060989260673523,0.6053423881530762,-0.028618864715099335,0.45459866523742676,0.5838035345077515,-0.03337481617927551,0.4574818015098572,0.5641382932662964,-0.03716466948390007
0.4383741021156311,0.738996148109436,2.474777431871189e-07,0.41261252760887146,0.7283477783203125,-0.014710191637277603,0.3956755995750427,0.702294647693634,-0.02297133207321167,0.4102138578891754,0.6725149154663086,-0.0300955418497324,0.4268427789211273,0.6530614495277405,-0.03726274520158768,0.38701489567756653,0.6414598226547241,-0.013354090973734856,0.36737173795700073,0.6042948961257935,-0.022214073687791824,0.35722506046295166,0.5799381732940674,-0.029952721670269966,0.3504607677459717,0.5586215853691101,-0.03611937537789345,0.40555688738822937,0.6272809505462646,-0.014142433181405067,0.39425307512283325,0.5770624876022339,-0.020724456757307053,0.38864967226982117,0.5455619692802429,-0.028367573395371437,0.38519516587257385,0.5188164114952087,-0.03451777994632721,0.4244309961795807,0.6277604699134827,-0.016830116510391235,0.4229356348514557,0.5810266137123108,-0.02463732287287712,0.4221513271331787,0.5505794286727905,-0.03359590098261833,0.4214705228805542,0.524329662322998,-0.0404936820268631,0.4433631896972656,0.6382742524147034,-0.020924735814332962,0.4502917230129242,0.6054732799530029,-0.028557436540722847,0.45422330498695374,0.583967924118042,-0.03318246826529503,0.45701420307159424,0.5642508864402771,-0.036856357008218765
0.4383523464202881,0.7394346594810486,2.426919536446803e-07,0.41286975145339966,0.7288546562194824,-0.014193730428814888,0.3955562114715576,0.7020310759544373,-0.02194608747959137,0.4093705415725708,0.6720210313796997,-0.02862446755170822,0.42560476064682007,0.6529911160469055,-0.035389721393585205,0.3871626555919647,0.6414883732795715,-0.012840105220675468,0.3678182065486908,0.6041557788848877,-0.021362829953432083,0.3576906621456146,0.5799758434295654,-0.028849244117736816,0.3508039116859436,0.5588918924331665,-0.03486953303217888,0.40553128719329834,0.6275896430015564,-0.01374101359397173,0.39453810453414917,0.576934278011322,-0.020114567130804062,0.3890448808670044,0.5454646348953247,-0.027668321505188942,0.3855574131011963,0.5187325477600098,-0.033752813935279846,0.4242022931575775,0.6281200051307678,-0.016479337587952614,0.42316147685050964,0.581226646900177,-0.024233534932136536,0.4225790798664093,0.5506193041801453,-0.03336716443300247,0.4219653010368347,0.5244013071060181,-0.0403747595846653,0.44291952252388,0.6385523676872253,-0.02055284194648266,0.450355589389801,0.6056106090545654,-0.02822245843708515,0.4545753598213196,0.5840986371040344,-0.03301412984728813,0.45752277970314026,0.5644726157188416,-0.03681984916329384
0.4376763105392456,0.739569902420044,2.429733001463319e-07,0.4123237133026123,0.7285757064819336,-0.014102318324148655,0.3952648639678955,0.7017360925674438,-0.021875323727726936,0.4095638692378998,0.6720389127731323,-0.02861204370856285,0.426325261592865,0.6536133885383606,-0.03547463193535805,0.3867967128753662,0.6418247222900391,-0.01287522166967392,0.3673632740974426,0.6046050190925598,-0.021494803950190544,0.35718515515327454,0.5804613828659058,-0.029010215774178505,0.35028699040412903,0.5593836307525635,-0.03502412512898445,0.4052307605743408,0.627776563167572,-0.013809769414365292,0.39431965351104736,0.5776561498641968,-0.020294146612286568,0.38872385025024414,0.5462843179702759,-0.02783103659749031,0.3851105272769928,0.5196303129196167,-0.03387248143553734,0.4239859879016876,0.6282461285591125,-0.01656944490969181,0.4230954349040985,0.5816449522972107,-0.02434791997075081,0.4224451780319214,0.5511094331741333,-0.03336833789944649,0.4217323660850525,0.5248609781265259,-0.04026733338832855,0.44273239374160767,0.6386401653289795,-0.02066686749458313,0.45030516386032104,0.6059765815734863,-0.02829694002866745,0.4544130861759186,0.5844522714614868,-0.03298694267868996,0.45725804567337036,0.5647943019866943,-0.03670034185051918
0.43751996755599976,0.7401962280273438,2.418601638964901e-07,0.4121859669685364,0.7293546199798584,-0.01425439864397049,0.3946951925754547,0.7027326822280884,-0.022387053817510605,0.40908774733543396,0.6739248633384705,-0.029477758333086967,0.42621803283691406,0.6554449796676636,-0.03667127713561058,0.3868009150028229,0.6408470273017883,-0.013302500359714031,0.3679531514644623,0.6041889190673828,-0.022632261738181114,0.35735300183296204,0.580886721611023,-0.030788887292146683,0.3496864438056946,0.5607632398605347,-0.037184927612543106,0.40531018376350403,0.627019464969635,-0.014477561227977276,0.39486485719680786,0.5770849585533142,-0.021549846976995468,0.3889727294445038,0.5457704663276672,-0.029317626729607582,0.3849145174026489,0.5189284086227417,-0.035415079444646835,0.42416584491729736,0.6282250285148621,-0.017492495477199554,0.42311370372772217,0.5820347666740417,-0.025784028694033623,0.4220315217971802,0.5521030426025391,-0.03440842032432556,0.4208807051181793,0.5258902907371521,-0.04087762534618378,0.44275468587875366,0.6395465731620789,-0.021873142570257187,0.45002293586730957,0.6067850589752197,-0.0297852735966444,0.4540296196937561,0.5854013562202454,-0.03400745615363121,0.45677366852760315,0.5655654668807983,-0.037254732102155685
0.4363148808479309,0.7400949001312256,2.3919741920508386e-07,0.41132354736328125,0.7296276092529297,-0.014155003242194653,0.3944341838359833,0.7030873894691467,-0.022007610648870468,0.4088941216468811,0.6738193035125732,-0.028924928978085518,0.425381064414978,0.6549261212348938,-0.0358494408428669,0.38587313890457153,0.6420758962631226,-0.012135379016399384,0.36659759283065796,0.6054545044898987,-0.020945141091942787,0.35657796263694763,0.5813930630683899,-0.028696103021502495,0.34975647926330566,0.5601105690002441,-0.03494182601571083,0.4040709435939789,0.6277157664299011,-0.013189605437219143,0.39285382628440857,0.578260064125061,-0.01989070139825344,0.3872982859611511,0.5467743277549744,-0.027315102517604828,0.3838929831981659,0.5196616649627686,-0.03325897827744484,0.422797828912735,0.6281566619873047,-0.016180910170078278,0.4213741421699524,0.5811578035354614,-0.02432870678603649,0.4207373857498169,0.5512118935585022,-0.032671961933374405,0.4199552536010742,0.524727463722229,-0.039023298770189285,0.4416317641735077,0.6389499306678772,-0.02059156633913517,0.4492627680301666,0.6064015626907349,-0.028637442737817764,0.4535786211490631,0.5850865244865417,-0.03303578868508339,0.45661458373069763,0.5651690363883972,-0.03643586114048958
0.43687814474105835,0.7396866679191589,2.390341649061156e-07,0.4120556712150574,0.7288244962692261,-0.013669934123754501,0.39522331953048706,0.7024875283241272,-0.021140966564416885,0.4087064266204834,0.6725983619689941,-0.027664437890052795,0.4245240390300751,0.653462827205658,-0.034354425966739655,0.3854789435863495,0.6415723562240601,-0.011963015422224998,0.36617982387542725,0.6048165559768677,-0.020475974306464195,0.3562079966068268,0.5803360342979431,-0.027911623939871788,0.34955713152885437,0.5587449669837952,-0.0339435376226902,0.4041460156440735,0.627068817615509,-0.013257189653813839,0.39327308535575867,0.577305257320404,-0.019910715520381927,0.3878501057624817,0.5458627939224243,-0.02756413258612156,0.3843806982040405,0.519019365310669,-0.03366188332438469,0.42315033078193665,0.6274868249893188,-0.016392333433032036,0.42208752036094666,0.5813261866569519,-0.024745851755142212,0.4214226007461548,0.5511337518692017,-0.03385379537940025,0.42050644755363464,0.5244054794311523,-0.040724679827690125,0.4418888986110687,0.6380838751792908,-0.020785696804523468,0.4489952623844147,0.6057825684547424,-0.0292214248329401,0.45336344838142395,0.5847206711769104,-0.0340992696583271,0.45642444491386414,0.5649064779281616,-0.03781084716320038
0.43642234802246094,0.7402163147926331,2.3498938617194653e-07,0.41175219416618347,0.7297673225402832,-0.013405256904661655,0.3947710394859314,0.7032132744789124,-0.020746106281876564,0.40862005949020386,0.6733570098876953,-0.027226505801081657,0.42476576566696167,0.6540452241897583,-0.03381309285759926,0.385850191116333,0.6427903771400452,-0.011692645959556103,0.3665870130062103,0.6059414148330688,-0.02009064517915249,0.356488436460495,0.5815437436103821,-0.02747291326522827,0.34947702288627625,0.5601025819778442,-0.033477794378995895,0.40423038601875305,0.628750741481781,-0.013116953894495964,0.3932659924030304,0.5789102911949158,-0.019631819799542427,0.3874526023864746,0.5470659136772156,-0.02707032300531864,0.38358214497566223,0.5202696323394775,-0.03299807757139206,0.42315739393234253,0.6294023394584656,-0.016370180994272232,0.421710729598999,0.5823240280151367,-0.024468427523970604,0.42067521810531616,0.5515660047531128,-0.033214110881090164,0.4195348024368286,0.5248969793319702,-0.039848990738391876,0.4419858753681183,0.6402071118354797,-0.020899800583720207,0.449331134557724,0.6074931025505066,-0.02915543131530285,0.4535127282142639,0.5855461359024048,-0.03383425995707512,0.4565432667732239,0.5653107762336731,-0.037396613508462906
0.4370408058166504,0.7389644384384155,2.5205699216712674e-07,0.4114897549152374,0.7294047474861145,-0.014208884909749031,0.3934454917907715,0.7029159069061279,-0.02204359881579876,0.40685945749282837,0.6737641096115112,-0.02879485674202442,0.4243641495704651,0.6552576422691345,-0.03570271655917168,0.3853636085987091,0.6427409648895264,-0.01370326243340969,0.36611467599868774,0.6053779125213623,-0.022468600422143936,0.35609373450279236,0.5806118845939636,-0.029846707358956337,0.3493151366710663,0.5586567521095276,-0.035813599824905396,0.40399444103240967,0.6282288432121277,-0.014730929397046566,0.3929900527000427,0.5778226852416992,-0.021429071202874184,0.3875581622123718,0.5465521216392517,-0.02889132685959339,0.3840200901031494,0.5200775265693665,-0.03488157317042351,0.42297908663749695,0.6283251643180847,-0.01752719096839428,0.42208215594291687,0.5811941027641296,-0.025735361501574516,0.42144057154655457,0.5506740808486938,-0.034636180847883224,0.4204893708229065,0.5246472358703613,-0.04140498489141464,0.4418390393257141,0.6386374831199646,-0.02162846550345421,0.4498991370201111,0.6057462692260742,-0.02979704737663269,0.45429548621177673,0.5840792655944824,-0.034563079476356506,0.45720362663269043,0.5646646618843079,-0.03827570006251335
0.43660882115364075,0.7398847341537476,2.4079085392259003e-07,0.41096940636634827,0.7291149497032166,-0.013956586830317974,0.3939746022224426,0.7029232978820801,-0.021919479593634605,0.4086378514766693,0.6740041971206665,-0.028934117406606674,0.4252575933933258,0.6551212072372437,-0.03613973408937454,0.38606566190719604,0.6428653001785278,-0.013161429204046726,0.3665112853050232,0.6058906316757202,-0.02224607579410076,0.3562120795249939,0.5813761353492737,-0.03006330132484436,0.34921109676361084,0.5595260858535767,-0.036366965621709824,0.4043152928352356,0.6285865902900696,-0.014497627504169941,0.39313381910324097,0.5785380601882935,-0.021629830822348595,0.38736844062805176,0.546963632106781,-0.02951831743121147,0.3834839463233948,0.5197340250015259,-0.03580469638109207,0.42298728227615356,0.629090428352356,-0.017653070390224457,0.4216730296611786,0.5822516679763794,-0.026262817904353142,0.42071929574012756,0.5516340732574463,-0.03549207001924515,0.4196155071258545,0.5248390436172485,-0.04246429353952408,0.4416717290878296,0.6397440433502197,-0.022102100774645805,0.4491193890571594,0.6068809628486633,-0.03065798245370388,0.4535967707633972,0.5852810740470886,-0.03565564006567001,0.45662832260131836,0.5652711987495422,-0.03949523717164993
0.4372957944869995,0.7397791147232056,2.44847115027369e-07,0.411404013633728,0.7293092608451843,-0.013994544744491577,0.3937230110168457,0.7031258344650269,-0.021909648552536964,0.40738362073898315,0.6735985279083252,-0.028831105679273605,0.4239213466644287,0.6545370817184448,-0.03594933822751045,0.385619580745697,0.6418743133544922,-0.013280503451824188,0.36552858352661133,0.6050630807876587,-0.02232879213988781,0.3553465008735657,0.5806471705436707,-0.030152248218655586,0.3486352264881134,0.5588910579681396,-0.03641161695122719,0.40420064330101013,0.6277225613594055,-0.014521713368594646,0.3928789794445038,0.5772762894630432,-0.021442729979753494,0.3872793912887573,0.5458937287330627,-0.029298217967152596,0.38377517461776733,0.5189778208732605,-0.035583727061748505,0.42309078574180603,0.6282181739807129,-0.01757194660604,0.4218478500843048,0.5812605619430542,-0.025946563109755516,0.4210802912712097,0.5507785677909851,-0.035190023481845856,0.42023175954818726,0.524400532245636,-0.0422074981033802,0.4419208765029907,0.6387829184532166,-0.02190982550382614,0.4492534101009369,0.6056596040725708,-0.030190477147698402,0.45361757278442383,0.5842596292495728,-0.03508836030960083,0.45664992928504944,0.5646749138832092,-0.038887869566679
0.4368334710597992,0.7405847907066345,2.4469505888191634e-07,0.41097649931907654,0.7291371822357178,-0.013992464169859886,0.39367803931236267,0.7023562788963318,-0.022078514099121094,0.4083932340145111,0.6735439300537109,-0.029203122481703758,0.4259837865829468,0.6552916765213013,-0.03652406856417656,0.38586995005607605,0.6419281363487244,-0.013201775029301643,0.36624255776405334,0.6045688986778259,-0.022219575941562653,0.3560173511505127,0.5801704525947571,-0.030047882348299026,0.3490990698337555,0.5586337447166443,-0.03632362559437752,0.40430182218551636,0.6282680630683899,-0.014503699727356434,0.39326635003089905,0.5778212547302246,-0.021454187110066414,0.38753432035446167,0.5460883975028992,-0.02944265492260456,0.3838050365447998,0.5187933444976807,-0.03582093492150307,0.4231151044368744,0.6290459036827087,-0.017598411068320274,0.42166998982429504,0.5818969011306763,-0.025869859382510185,0.4205645024776459,0.5510573983192444,-0.03522970527410507,0.4194580614566803,0.5242514610290527,-0.0423545278608799,0.44199901819229126,0.639768660068512,-0.02200060896575451,0.4493221044540405,0.6067905426025391,-0.03011883981525898,0.45343706011772156,0.5848851799964905,-0.03503318130970001,0.45635202527046204,0.564754068851471,-0.038888271898031235
0.4367486834526062,0.7408939003944397,2.460554640038026e-07,0.41095638275146484,0.7295575737953186,-0.013961655087769032,0.3931749761104584,0.7028154730796814,-0.021909797564148903,0.4074554741382599,0.6737028956413269,-0.028911886736750603,0.42530983686447144,0.6558148264884949,-0.036125194281339645,0.3857296407222748,0.6419918537139893,-0.01320150401443243,0.36595889925956726,0.6047698259353638,-0.02226885035634041,0.35591018199920654,0.5801151394844055,-0.030114872381091118,0.349269837141037,0.5583728551864624,-0.03638925775885582,0.4042147696018219,0.628197431564331,-0.014498300850391388,0.39300018548965454,0.5778157711029053,-0.021446863189339638,0.38738593459129333,0.5461451411247253,-0.029318904504179955,0.3838551938533783,0.5190649628639221,-0.03559279814362526,0.423095166683197,0.6288784146308899,-0.01760750636458397,0.4217107594013214,0.5822144746780396,-0.02581644617021084,0.4205453395843506,0.5514651536941528,-0.035097651183605194,0.4193991422653198,0.5249265432357788,-0.0421539805829525,0.44203007221221924,0.6394835710525513,-0.022049544379115105,0.449372261762619,0.6065036058425903,-0.03007570095360279,0.4534887373447418,0.584693193435669,-0.034994594752788544,0.4563744068145752,0.5647842288017273,-0.038856446743011475
0.43711549043655396,0.7416074872016907,2.4339991000488226e-07,0.4112279713153839,0.7299851179122925,-0.013541266322135925,0.39338019490242004,0.7027446627616882,-0.02114911749958992,0.4075400233268738,0.6732146143913269,-0.027911199256777763,0.4251614809036255,0.6551436185836792,-0.03489852696657181,0.38579508662223816,0.6422406435012817,-0.012288732454180717,0.3659827709197998,0.6051973700523376,-0.021049149334430695,0.35586172342300415,0.5808984041213989,-0.028783515095710754,0.34910836815834045,0.5595100522041321,-0.03500071540474892,0.4041702151298523,0.6285351514816284,-0.01369245070964098,0.3929959237575531,0.5782365202903748,-0.020392486825585365,0.3873026669025421,0.5467032790184021,-0.028156455606222153,0.3837122321128845,0.5197904109954834,-0.0343284010887146,0.42303863167762756,0.629209041595459,-0.01691334880888462,0.42149922251701355,0.5822365880012512,-0.024986084550619125,0.4204089045524597,0.5515723824501038,-0.03421488404273987,0.4194157123565674,0.5251182913780212,-0.04121403768658638,0.4420424699783325,0.639766275882721,-0.021434267982840538,0.4493708312511444,0.6067088842391968,-0.029438143596053123,0.4535606801509857,0.5849331617355347,-0.0343199223279953,0.45657750964164734,0.5650634169578552,-0.03812336176633835
0.43701761960983276,0.7411350011825562,2.4705806822566956e-07,0.4111313223838806,0.7302415370941162,-0.014202779158949852,0.39332064986228943,0.7037593126296997,-0.022245299071073532,0.40770307183265686,0.6748906970024109,-0.02926851063966751,0.4253680109977722,0.6565353870391846,-0.03647439926862717,0.3855404555797577,0.6425357460975647,-0.013366181403398514,0.36589476466178894,0.6051980257034302,-0.02231123298406601,0.3559037744998932,0.5806825160980225,-0.03004777804017067,0.3492649793624878,0.5589035153388977,-0.03625073283910751,0.40399619936943054,0.6286343932151794,-0.014481359161436558,0.39255306124687195,0.578316330909729,-0.021289223805069923,0.3867834508419037,0.5468791127204895,-0.02911803312599659,0.3831273019313812,0.5199011564254761,-0.035389382392168045,0.4229283928871155,0.6291952133178711,-0.017409011721611023,0.4214930534362793,0.5824457406997681,-0.025543246418237686,0.42037519812583923,0.551857054233551,-0.03479837253689766,0.41925618052482605,0.5254753828048706,-0.04185326024889946,0.4418938457965851,0.6396960020065308,-0.02167585678398609,0.4492213726043701,0.6066389679908752,-0.029660800471901894,0.45340052247047424,0.5849764347076416,-0.034518271684646606,0.4563169777393341,0.5652099847793579,-0.038334231823682785
0.43689480423927307,0.7402400374412537,2.484841274963401e-07,0.41094526648521423,0.7297747135162354,-0.014453995041549206,0.39320552349090576,0.7036383748054504,-0.022679930552840233,0.40767741203308105,0.6745762825012207,-0.029857618734240532,0.42485180497169495,0.6558189988136292,-0.03721536323428154,0.38552606105804443,0.6427403092384338,-0.013716604560613632,0.36583948135375977,0.605600118637085,-0.02286882884800434,0.35574790835380554,0.5810156464576721,-0.030771320685744286,0.34905362129211426,0.5591543316841125,-0.037115950137376785,0.40399616956710815,0.6286041140556335,-0.01477489061653614,0.3924039602279663,0.5782842040061951,-0.021742934361100197,0.3867846131324768,0.5467798113822937,-0.029641801491379738,0.3833078444004059,0.519788384437561,-0.035997699946165085,0.4228975772857666,0.6290960311889648,-0.01767593063414097,0.4212632477283478,0.5821800827980042,-0.02593589946627617,0.42012327909469604,0.5517708659172058,-0.03510533273220062,0.4189613461494446,0.525566577911377,-0.04213410243391991,0.4418935179710388,0.6395741105079651,-0.021940892562270164,0.44921568036079407,0.6065957546234131,-0.03004945069551468,0.4533776044845581,0.5848559141159058,-0.034940753132104874,0.4562021791934967,0.5649851560592651,-0.0388045497238636
0.43699851632118225,0.7401846051216125,2.4850973545653687e-07,0.4112356901168823,0.7293683886528015,-0.014149351045489311,0.3933146893978119,0.7034076452255249,-0.02235613390803337,0.40780818462371826,0.675236165523529,-0.029537685215473175,0.4251759350299835,0.6569064259529114,-0.03694601356983185,0.38545846939086914,0.6424194574356079,-0.014105906710028648,0.36574694514274597,0.6051550507545471,-0.023427024483680725,0.3556075394153595,0.580399215221405,-0.03138188645243645,0.3488539755344391,0.5584573745727539,-0.03775336965918541,0.4040476977825165,0.6283354759216309,-0.015418329276144505,0.39242178201675415,0.5778228044509888,-0.022448858246207237,0.3868703842163086,0.5462328195571899,-0.030325504019856453,0.38339656591415405,0.5193085670471191,-0.0366811566054821,0.4230346083641052,0.6290546655654907,-0.01851603388786316,0.42135560512542725,0.5820678472518921,-0.02683923952281475,0.42022955417633057,0.5515749454498291,-0.03594604507088661,0.4190387427806854,0.5255202651023865,-0.04293225333094597,0.4420785903930664,0.639940083026886,-0.022941725328564644,0.449314683675766,0.6067084670066833,-0.03118968941271305,0.45343470573425293,0.5846289396286011,-0.03605853393673897,0.456183522939682,0.5646370053291321,-0.03988545760512352
0.4362788498401642,0.7416548132896423,2.391499833720445e-07,0.4106176495552063,0.729841411113739,-0.013937882147729397,0.3935266435146332,0.7022695541381836,-0.021649979054927826,0.40840068459510803,0.6729022264480591,-0.028485683724284172,0.4264403283596039,0.6549975872039795,-0.03552839905023575,0.385773241519928,0.6423646807670593,-0.012318609282374382,0.3658598065376282,0.605254054069519,-0.021231573075056076,0.3555755019187927,0.580722451210022,-0.0290966983884573,0.34871307015419006,0.5590682625770569,-0.03543272241950035,0.403982937335968,0.628526508808136,-0.01360209658741951,0.39235445857048035,0.5784926414489746,-0.020348060876131058,0.3866024613380432,0.5469246506690979,-0.028210438787937164,0.38305383920669556,0.5199938416481018,-0.034483592957258224,0.42283421754837036,0.6293509602546692,-0.016752419993281364,0.42092180252075195,0.5822263360023499,-0.02483748458325863,0.41962993144989014,0.5516988039016724,-0.034059491008520126,0.41836804151535034,0.5252094864845276,-0.04110507667064667,0.44200655817985535,0.6403619050979614,-0.0212730523198843,0.4491633176803589,0.6074058413505554,-0.029318328946828842,0.45333561301231384,0.5854867100715637,-0.03425881266593933,0.45626309514045715,0.565310001373291,-0.038144875317811966
0.4365140497684479,0.7394143342971802,2.4630003281345125e-07,0.4108293056488037,0.7290124297142029,-0.014493506401777267,0.3928012549877167,0.7036622166633606,-0.022855287417769432,0.40637511014938354,0.6753195524215698,-0.030128633603453636,0.4229068160057068,0.6560442447662354,-0.03753095865249634,0.38567453622817993,0.6419897675514221,-0.013935375958681107,0.36574065685272217,0.6050520539283752,-0.02316916361451149,0.35546693205833435,0.5804685950279236,-0.0310846958309412,0.3486826717853546,0.5586926937103271,-0.037428200244903564,0.4039606750011444,0.6277199983596802,-0.01499107014387846,0.3925047516822815,0.577561616897583,-0.022025417536497116,0.38683629035949707,0.546146035194397,-0.030012676492333412,0.3832011818885803,0.5192863941192627,-0.03641640022397041,0.42272430658340454,0.6281651854515076,-0.01787264086306095,0.42116716504096985,0.581386148929596,-0.026165593415498734,0.4199848771095276,0.550886869430542,-0.03544578328728676,0.4187612235546112,0.5246504545211792,-0.04257943481206894,0.44161269068717957,0.6389878392219543,-0.02210308238863945,0.4492635726928711,0.6063246726989746,-0.030277609825134277,0.45346203446388245,0.5844048261642456,-0.03531930595636368,0.4563376307487488,0.5642138123512268,-0.039299167692661285
0.436786413192749,0.7397983074188232,2.4568126377744193e-07,0.4111005365848541,0.7295355796813965,-0.014338967390358448,0.3933287262916565,0.7042323350906372,-0.022608833387494087,0.40687376260757446,0.6750514507293701,-0.029796982184052467,0.4231509566307068,0.6553714275360107,-0.037146709859371185,0.3855735659599304,0.6421768665313721,-0.013764310628175735,0.36568766832351685,0.6053673624992371,-0.023011552169919014,0.35543888807296753,0.5807539224624634,-0.031056633219122887,0.34866225719451904,0.5589380860328674,-0.03751074895262718,0.40399444103240967,0.6278581023216248,-0.014892438426613808,0.3924698233604431,0.5776976943016052,-0.021792475134134293,0.3868851065635681,0.5461680889129639,-0.029753832146525383,0.3834837079048157,0.5192621946334839,-0.0361948199570179,0.42291197180747986,0.6283802390098572,-0.017844025045633316,0.4212893545627594,0.5815005898475647,-0.026017088443040848,0.4200548529624939,0.5509985089302063,-0.03522515296936035,0.4189329743385315,0.5248397588729858,-0.04236629232764244,0.4419107735157013,0.6391960978507996,-0.02214057184755802,0.4493146538734436,0.6065332889556885,-0.03036556951701641,0.4533578157424927,0.5845943689346313,-0.03541916236281395,0.45619988441467285,0.5644324421882629,-0.03940234333276749
0.4373362362384796,0.7402767539024353,2.431402492675261e-07,0.41137176752090454,0.7289007902145386,-0.013745609670877457,0.3927464485168457,0.7029722332954407,-0.02171911485493183,0.40673357248306274,0.6743771433830261,-0.028699824586510658,0.42475974559783936,0.6561625599861145,-0.035948745906353,0.38608431816101074,0.6413155198097229,-0.013640886172652245,0.3663816750049591,0.6042128801345825,-0.022670462727546692,0.3558121919631958,0.5798353552818298,-0.030495941638946533,0.34855422377586365,0.5583168268203735,-0.03685519099235535,0.40466171503067017,0.6273327469825745,-0.015069795772433281,0.39349833130836487,0.5770313143730164,-0.02197270095348358,0.387920618057251,0.5459188222885132,-0.029773056507110596,0.38433241844177246,0.5194289684295654,-0.03603320196270943,0.4235694110393524,0.6281201243400574,-0.01825023628771305,0.4220984876155853,0.5808826684951782,-0.026590699329972267,0.42104414105415344,0.5503069758415222,-0.03574877977371216,0.41992735862731934,0.5240475535392761,-0.04273445904254913,0.4424850046634674,0.6391806602478027,-0.02269390970468521,0.4498003125190735,0.6059759855270386,-0.03108760342001915,0.45397430658340454,0.5842888951301575,-0.03603703901171684,0.4568268954753876,0.5645995140075684,-0.03986768051981926
0.4371606707572937,0.7407224178314209,2.447247311465617e-07,0.4110770523548126,0.7305802702903748,-0.014662474393844604,0.39283666014671326,0.7043663859367371,-0.022715765982866287,0.40718597173690796,0.6744934320449829,-0.029631881043314934,0.4245774447917938,0.6553076505661011,-0.036698225885629654,0.38538604974746704,0.6425269842147827,-0.013392762281000614,0.3655378520488739,0.6055710315704346,-0.022314300760626793,0.3550100028514862,0.5809658765792847,-0.030195673927664757,0.3477919101715088,0.5593221187591553,-0.03663300350308418,0.40396490693092346,0.628263533115387,-0.014286685734987259,0.3923615515232086,0.5782862305641174,-0.02108573168516159,0.38651981949806213,0.5466973185539246,-0.028958765789866447,0.3828030228614807,0.519534170627594,-0.035313189029693604,0.4229474663734436,0.6289002895355225,-0.017075393348932266,0.4209766685962677,0.581903338432312,-0.025266289710998535,0.41964778304100037,0.5512810945510864,-0.0345405638217926,0.41853034496307373,0.5246292352676392,-0.041682153940200806,0.4420277178287506,0.6397233605384827,-0.021247759461402893,0.44905081391334534,0.6069504618644714,-0.029594162479043007,0.4529746174812317,0.5849421620368958,-0.034752070903778076,0.4558379352092743,0.5644092559814453,-0.038786567747592926
0.43713143467903137,0.7402570843696594,2.4221074568231415e-07,0.41131794452667236,0.7298093438148499,-0.014764339663088322,0.3932395577430725,0.7043498754501343,-0.02315695583820343,0.4061458706855774,0.6744278073310852,-0.030382933095097542,0.4224052131175995,0.6538661122322083,-0.037700850516557693,0.38547226786613464,0.6415200233459473,-0.013658912852406502,0.36571258306503296,0.6047667860984802,-0.022690076380968094,0.3549714982509613,0.5803162455558777,-0.03057163394987583,0.3475996255874634,0.5586888194084167,-0.03699798136949539,0.40408867597579956,0.6273031234741211,-0.014660085551440716,0.3929038345813751,0.5772183537483215,-0.02157558873295784,0.38735225796699524,0.5459156036376953,-0.029405852779746056,0.38380786776542664,0.5193154811859131,-0.035716138780117035,0.4230850636959076,0.6280813813209534,-0.017572620883584023,0.42158791422843933,0.5810312032699585,-0.02601461298763752,0.42046722769737244,0.550139307975769,-0.035284366458654404,0.41931596398353577,0.5234140753746033,-0.04243546724319458,0.44218501448631287,0.6392076015472412,-0.021842608228325844,0.4497372508049011,0.6065257787704468,-0.03035753034055233,0.4539480209350586,0.5846443176269531,-0.03552636876702309,0.456804096698761,0.564402163028717,-0.03957846760749817
0.43678349256515503,0.7405583262443542,2.5027938477251155e-07,0.4107828140258789,0.7302848100662231,-0.01534347329288721,0.3923565447330475,0.704321026802063,-0.02413203753530979,0.4070171117782593,0.6751035451889038,-0.031675904989242554,0.42540842294692993,0.6560543179512024,-0.039376258850097656,0.38498255610466003,0.6416972875595093,-0.014864759519696236,0.3648723363876343,0.6049273014068604,-0.024456536397337914,0.35418984293937683,0.5802242159843445,-0.03276646509766579,0.3469685912132263,0.5581405758857727,-0.03951626643538475,0.4036277234554291,0.6272262930870056,-0.015753725543618202,0.39218172430992126,0.5770114660263062,-0.023130839690566063,0.38624677062034607,0.5454554557800293,-0.03138824552297592,0.38233983516693115,0.5181310176849365,-0.03803492337465286,0.4226797819137573,0.6279046535491943,-0.01853012852370739,0.42099347710609436,0.5808605551719666,-0.027172893285751343,0.41976431012153625,0.5500301122665405,-0.03665635362267494,0.4186442792415619,0.5232765674591064,-0.04395383596420288,0.44181549549102783,0.6391474008560181,-0.022740783169865608,0.4490566849708557,0.6067227721214294,-0.03140236809849739,0.45307841897010803,0.5848881006240845,-0.036676451563835144,0.4559910297393799,0.5646258592605591,-0.040799837559461594
0.4362125098705292,0.740719735622406,2.44229028112386e-07,0.41018491983413696,0.7299872040748596,-0.014831600710749626,0.39186134934425354,0.7044801712036133,-0.023432940244674683,0.40568307042121887,0.6754562258720398,-0.030895233154296875,0.4229276180267334,0.6562153697013855,-0.03857588395476341,0.3846476376056671,0.6419446468353271,-0.014527346007525921,0.3645861744880676,0.604938268661499,-0.02396794967353344,0.35386916995048523,0.5802040696144104,-0.03217628225684166,0.3464648723602295,0.5580484867095947,-0.038891371339559555,0.4031510651111603,0.6275886297225952,-0.015730155631899834,0.39165493845939636,0.5771397352218628,-0.023070722818374634,0.38574498891830444,0.5454821586608887,-0.03142157196998596,0.3817548155784607,0.5179995894432068,-0.0381891168653965,0.42203956842422485,0.6283847689628601,-0.018766753375530243,0.420381635427475,0.5810053944587708,-0.027488579973578453,0.41927775740623474,0.5501453876495361,-0.037159401923418045,0.41810405254364014,0.5232741832733154,-0.04462948068976402,0.4410962462425232,0.6397332549095154,-0.023163454607129097,0.448530375957489,0.6069862246513367,-0.03196200728416443,0.45271748304367065,0.5850353837013245,-0.03739314153790474,0.4556633234024048,0.5645710825920105,-0.04166350141167641
0.436695396900177,0.7410145998001099,2.4645032681291923e-07,0.41069984436035156,0.7295898795127869,-0.014810662716627121,0.3928016424179077,0.7031553387641907,-0.023387640714645386,0.40720033645629883,0.6740149259567261,-0.030910929664969444,0.42554840445518494,0.6549428701400757,-0.038567375391721725,0.38573357462882996,0.6419147849082947,-0.013723965734243393,0.36582455039024353,0.6046194434165955,-0.023138953372836113,0.3554103970527649,0.5798245668411255,-0.03134588524699211,0.3485117554664612,0.5577099323272705,-0.03795483335852623,0.4042603075504303,0.627785325050354,-0.014802813529968262,0.3931806981563568,0.5772940516471863,-0.02195408008992672,0.38740119338035583,0.5455184578895569,-0.030134331434965134,0.3836115598678589,0.5179255604743958,-0.03670511394739151,0.4231914281845093,0.6283429861068726,-0.017785804346203804,0.4215148687362671,0.5808424949645996,-0.026114732027053833,0.42014145851135254,0.5499618053436279,-0.03551056608557701,0.4188573658466339,0.5231870412826538,-0.042755354195833206,0.4422474801540375,0.6392685770988464,-0.022187115624547005,0.44970014691352844,0.6068279147148132,-0.030361700803041458,0.4538217782974243,0.5848240852355957,-0.035448107868433,0.4568364918231964,0.564490556716919,-0.03947947919368744
0.43692290782928467,0.740436315536499,2.429650578505971e-07,0.41117075085639954,0.7290307879447937,-0.014186014421284199,0.39344561100006104,0.7016874551773071,-0.021944930776953697,0.4081028997898102,0.6717656850814819,-0.02878590300679207,0.42711809277534485,0.6537516117095947,-0.03582797944545746,0.3860095143318176,0.6413689255714417,-0.012290159240365028,0.3659801483154297,0.6040662527084351,-0.021036485210061073,0.3551934063434601,0.5795506238937378,-0.02881099469959736,0.34772682189941406,0.5579358339309692,-0.03520773723721504,0.4045918881893158,0.6272891759872437,-0.013486169278621674,0.39324530959129333,0.5769420266151428,-0.020268980413675308,0.38690412044525146,0.5451252460479736,-0.028260348364710808,0.38250818848609924,0.517871081829071,-0.03464917466044426,0.4236096143722534,0.6278901696205139,-0.01657653972506523,0.421773225069046,0.5803696513175964,-0.024782713502645493,0.4203164875507355,0.5493450164794922,-0.034277696162462234,0.41892626881599426,0.5224301218986511,-0.04151441901922226,0.44272303581237793,0.6386350989341736,-0.02103305421769619,0.4503917098045349,0.6062086820602417,-0.029277736321091652,0.45450663566589355,0.5839958190917969,-0.03454064577817917,0.45749855041503906,0.5633030533790588,-0.038668591529130936
0.4369394779205322,0.7411014437675476,2.4208995341723494e-07,0.4110335409641266,0.7288261651992798,-0.014060089364647865,0.3930376470088959,0.7022238969802856,-0.02206679992377758,0.40752050280570984,0.6737278699874878,-0.02916424348950386,0.4262841045856476,0.6557096838951111,-0.03650110587477684,0.38660290837287903,0.6410074830055237,-0.012734864838421345,0.3666430711746216,0.6036227345466614,-0.021817412227392197,0.35600757598876953,0.5789341926574707,-0.029900677502155304,0.34870976209640503,0.5571444630622864,-0.03649046644568443,0.40520355105400085,0.6272857785224915,-0.01414217334240675,0.39382508397102356,0.5767849683761597,-0.021057654172182083,0.38760319352149963,0.5449868440628052,-0.029198983684182167,0.3833385109901428,0.5176070928573608,-0.03575047850608826,0.42429861426353455,0.6283222436904907,-0.0174162108451128,0.42265674471855164,0.5805068612098694,-0.025725560262799263,0.4213615655899048,0.5496309995651245,-0.03516393154859543,0.4200992286205292,0.5228129625320435,-0.04240982607007027,0.44341418147087097,0.6397213339805603,-0.02204177901148796,0.45109322667121887,0.6071243286132812,-0.030386289581656456,0.45539748668670654,0.5850229859352112,-0.03549825772643089,0.4585573971271515,0.564455509185791,-0.0395202599465847
0.43787631392478943,0.7403685450553894,2.4246315888376557e-07,0.41175031661987305,0.7284430265426636,-0.014325344935059547,0.3939710557460785,0.7014537453651428,-0.022360853850841522,0.4092685878276825,0.672070324420929,-0.029473131522536278,0.4282621443271637,0.6532109379768372,-0.036794520914554596,0.3873920738697052,0.6404774188995361,-0.012608407065272331,0.36736834049224854,0.6029845476150513,-0.021656492725014687,0.35668328404426575,0.578346848487854,-0.029698478057980537,0.3493257462978363,0.5566501021385193,-0.036243826150894165,0.4058728516101837,0.6264087557792664,-0.013870712369680405,0.39458799362182617,0.5755671858787537,-0.020778322592377663,0.38838469982147217,0.5436838865280151,-0.02892257459461689,0.38415858149528503,0.5165207386016846,-0.035441186279058456,0.4248531758785248,0.6272991895675659,-0.017051083967089653,0.4232110381126404,0.5795966982841492,-0.025326751172542572,0.4221602976322174,0.5487051606178284,-0.03487228602170944,0.4211794137954712,0.521815836429596,-0.04217838495969772,0.4439828097820282,0.6386100649833679,-0.021615104749798775,0.45145782828330994,0.6060701608657837,-0.029880931600928307,0.45587408542633057,0.5842861533164978,-0.03502117097377777,0.4592064917087555,0.5641077160835266,-0.03906313702464104
0.439271479845047,0.7403513789176941,2.4276022259073216e-07,0.4130823016166687,0.7283873558044434,-0.014270849525928497,0.3956013321876526,0.7030836939811707,-0.022731252014636993,0.4091411530971527,0.6745268702507019,-0.030194204300642014,0.4247296154499054,0.6542955040931702,-0.037816137075424194,0.3879421651363373,0.6408398747444153,-0.013464393094182014,0.36829355359077454,0.6027941107749939,-0.02297881990671158,0.3580188751220703,0.5774415731430054,-0.03127196431159973,0.35108524560928345,0.5555967092514038,-0.03781047835946083,0.40656715631484985,0.6269207000732422,-0.01487456914037466,0.39493128657341003,0.5760068893432617,-0.02217419445514679,0.3891904354095459,0.5439369082450867,-0.030637238174676895,0.38551175594329834,0.5169230103492737,-0.03734854236245155,0.4255651831626892,0.6277242302894592,-0.01812763884663582,0.4235595762729645,0.5793419480323792,-0.026835504919290543,0.42277583479881287,0.548534631729126,-0.03649028763175011,0.42195945978164673,0.5218878984451294,-0.043836645781993866,0.4446275532245636,0.6388320326805115,-0.022647492587566376,0.45182815194129944,0.6054909825325012,-0.03135162219405174,0.45660293102264404,0.583828330039978,-0.0364791564643383,0.4602057933807373,0.5637621879577637,-0.040374431759119034
0.43792790174484253,0.7430142760276794,2.405439261110587e-07,0.41188207268714905,0.731398344039917,-0.013904555700719357,0.3936586380004883,0.705684244632721,-0.02193664200603962,0.4077432155609131,0.6776164770126343,-0.02907956764101982,0.42434173822402954,0.6583455801010132,-0.03641165420413017,0.38647347688674927,0.643195629119873,-0.012312956154346466,0.3670768737792969,0.605802059173584,-0.02146274596452713,0.35722461342811584,0.5806987881660461,-0.029706668108701706,0.3506057560443878,0.558782696723938,-0.03632970526814461,0.4052835702896118,0.6293931007385254,-0.013810861855745316,0.39405912160873413,0.5792208909988403,-0.020673658698797226,0.38807347416877747,0.5474746823310852,-0.028991995379328728,0.38399311900138855,0.5205080509185791,-0.035704631358385086,0.4242887794971466,0.6302708983421326,-0.017200522124767303,0.42227116227149963,0.5819590091705322,-0.025450943037867546,0.421071857213974,0.5515117645263672,-0.034723203629255295,0.41973167657852173,0.5251659750938416,-0.04187270998954773,0.44327446818351746,0.6415706276893616,-0.021900421008467674,0.450141966342926,0.6086023449897766,-0.030261075124144554,0.4540656507015228,0.5867870450019836,-0.03514906018972397,0.4568161368370056,0.5665104389190674,-0.03893447294831276
0.4378814697265625,0.740729033946991,2.3504884438807494e-07,0.4121432900428772,0.7291953563690186,-0.0140062952414155,0.3944648206233978,0.703299880027771,-0.02215634472668171,0.4078054428100586,0.6738226413726807,-0.029345139861106873,0.4243735074996948,0.6541159152984619,-0.03673771768808365,0.387234628200531,0.6422644257545471,-0.0132244061678648,0.36779576539993286,0.6047375798225403,-0.02249988354742527,0.35748571157455444,0.5797253847122192,-0.030567079782485962,0.3505089581012726,0.5578048825263977,-0.03702954202890396,0.40582096576690674,0.6284399032592773,-0.01460997574031353,0.3944524824619293,0.5781533718109131,-0.021743353456258774,0.38845187425613403,0.5467103719711304,-0.029909256845712662,0.3843560516834259,0.5197415351867676,-0.03646310418844223,0.42485255002975464,0.6291545033454895,-0.01780049130320549,0.42290830612182617,0.5813495516777039,-0.02614944986999035,0.4216060936450958,0.5509638786315918,-0.03534266725182533,0.42030996084213257,0.5246390700340271,-0.04243416711688042,0.44393303990364075,0.6400481462478638,-0.022309890016913414,0.4507191479206085,0.6072347164154053,-0.030544716864824295,0.4545305073261261,0.5851467847824097,-0.035479675978422165,0.45727047324180603,0.5646382570266724,-0.03936761990189552
0.4380616545677185,0.7402025461196899,2.3755100642119942e-07,0.41178590059280396,0.7282834649085999,-0.014097441919147968,0.3932551443576813,0.7010831832885742,-0.02203984372317791,0.4077989459037781,0.6715264916419983,-0.029010489583015442,0.42730996012687683,0.6535279750823975,-0.036252498626708984,0.388047456741333,0.6406926512718201,-0.013251684606075287,0.3691387474536896,0.6026611924171448,-0.02235531434416771,0.3587219715118408,0.5774706602096558,-0.030335290357470512,0.351374089717865,0.555120050907135,-0.03686729818582535,0.4065535366535187,0.6268489956855774,-0.014515107497572899,0.39556944370269775,0.5764617323875427,-0.02143608033657074,0.3894343078136444,0.5449613332748413,-0.029400629922747612,0.38510069251060486,0.5179523825645447,-0.03581161051988602,0.42542850971221924,0.627644956111908,-0.01757001504302025,0.4236125648021698,0.580555260181427,-0.02552376314997673,0.42197519540786743,0.5498600602149963,-0.03458867967128754,0.42027533054351807,0.5233365297317505,-0.041616782546043396,0.4443192481994629,0.6387032866477966,-0.02201084792613983,0.4511001706123352,0.6062254905700684,-0.0298543069511652,0.4545139968395233,0.5841826796531677,-0.034717872738838196,0.45683667063713074,0.5637500882148743,-0.038613829761743546
0.4383294880390167,0.7393364310264587,2.409866510788561e-07,0.41203510761260986,0.727920413017273,-0.014306058175861835,0.39332079887390137,0.7009932398796082,-0.02236134558916092,0.4082599878311157,0.6716783046722412,-0.029349608346819878,0.4284297823905945,0.6541188359260559,-0.03664341941475868,0.38768866658210754,0.6402585506439209,-0.013668046332895756,0.3690873384475708,0.6020299792289734,-0.022680142894387245,0.3590328097343445,0.5766551494598389,-0.030658170580863953,0.35193756222724915,0.5540894865989685,-0.037283770740032196,0.4063500761985779,0.6262310147285461,-0.014777685515582561,0.39520910382270813,0.57631915807724,-0.02170654386281967,0.38898834586143494,0.5450786352157593,-0.029809970408678055,0.38451457023620605,0.518470823764801,-0.03641654923558235,0.4252169132232666,0.6268729567527771,-0.01766054704785347,0.4233560860157013,0.5797434449195862,-0.02560424618422985,0.42155909538269043,0.5489248037338257,-0.03499213233590126,0.4197550117969513,0.5225876569747925,-0.042346857488155365,0.44407492876052856,0.6378248929977417,-0.02192242629826069,0.45113858580589294,0.6052327156066895,-0.030016232281923294,0.45458662509918213,0.5829899311065674,-0.035303544253110886,0.4570859670639038,0.5625510215759277,-0.03953595086932182
0.43887051939964294,0.7381749749183655,2.3610631671999727e-07,0.41285955905914307,0.7275252342224121,-0.014216547831892967,0.39362189173698425,0.7007439136505127,-0.021964818239212036,0.4069267809391022,0.6702596545219421,-0.02868509665131569,0.426362007856369,0.6520438194274902,-0.03561490401625633,0.387462317943573,0.6396458148956299,-0.012878276407718658,0.36826616525650024,0.6018766164779663,-0.02147074230015278,0.35802945494651794,0.5767310857772827,-0.02911258116364479,0.3508349359035492,0.5545165538787842,-0.03546583279967308,0.4058276414871216,0.6254128217697144,-0.013927550986409187,0.39441341161727905,0.5755348801612854,-0.020327318459749222,0.38830387592315674,0.5446354150772095,-0.027862513437867165,0.3840687572956085,0.5184447169303894,-0.03400728851556778,0.42466360330581665,0.625733494758606,-0.016812877729535103,0.42243584990501404,0.5789210200309753,-0.024313298985362053,0.4206160306930542,0.5483849048614502,-0.033224500715732574,0.4188859760761261,0.5222832560539246,-0.04023269563913345,0.4437079429626465,0.636318027973175,-0.021119503304362297,0.4504106640815735,0.603628396987915,-0.028730493038892746,0.45403769612312317,0.5819774270057678,-0.03359700366854668,0.4567224681377411,0.5623380541801453,-0.0375312902033329
0.43849849700927734,0.7391804456710815,2.442146183057048e-07,0.411750853061676,0.7274788022041321,-0.014207045547664165,0.39292553067207336,0.6997423768043518,-0.02217487059533596,0.40844643115997314,0.6703115701675415,-0.029136408120393753,0.4299178123474121,0.6535649299621582,-0.03644878417253494,0.3877924978733063,0.6396867632865906,-0.013542290776968002,0.368756502866745,0.6014607548713684,-0.022582821547985077,0.3584411144256592,0.5761358737945557,-0.030569272115826607,0.3511890769004822,0.553682804107666,-0.0371687114238739,0.4064177870750427,0.6256924867630005,-0.014703214168548584,0.3949959874153137,0.5754712224006653,-0.021543707698583603,0.38859647512435913,0.5441792011260986,-0.029485808685421944,0.38409799337387085,0.5175305604934692,-0.03592594340443611,0.42525428533554077,0.6263152360916138,-0.017643028870224953,0.4233684837818146,0.5791897177696228,-0.025415364652872086,0.4213469624519348,0.5484409332275391,-0.0346234105527401,0.41943687200546265,0.5222139358520508,-0.04181920737028122,0.4440825581550598,0.6371832489967346,-0.0219828262925148,0.4512394070625305,0.6044991612434387,-0.02977117896080017,0.45466217398643494,0.5822545886039734,-0.03480394557118416,0.4570595622062683,0.5619186758995056,-0.03886215388774872
0.4385734796524048,0.7405655980110168,2.426829723845003e-07,0.411653995513916,0.7285756468772888,-0.01420181430876255,0.3925327956676483,0.7005972862243652,-0.022072279825806618,0.40766197443008423,0.6710402965545654,-0.028990861028432846,0.4286096692085266,0.654179036617279,-0.036248158663511276,0.3871667683124542,0.6406567692756653,-0.01303765457123518,0.3680710196495056,0.6026372909545898,-0.022014878690242767,0.35791921615600586,0.5774312615394592,-0.029964769259095192,0.3509554862976074,0.555242657661438,-0.03650590032339096,0.4059365391731262,0.6269204616546631,-0.014231184497475624,0.39460164308547974,0.5767132043838501,-0.02100864052772522,0.3884730637073517,0.5455155372619629,-0.028988048434257507,0.38435983657836914,0.518943190574646,-0.03543369099497795,0.42494627833366394,0.6274248361587524,-0.017269395291805267,0.4225253760814667,0.5799466967582703,-0.02502068132162094,0.4203532934188843,0.5496683716773987,-0.03420441970229149,0.4183555841445923,0.5236924290657043,-0.041347090154886246,0.4441690444946289,0.6379767656326294,-0.02172880433499813,0.45085373520851135,0.6050480008125305,-0.029452549293637276,0.4542258679866791,0.5826742649078369,-0.03444833308458328,0.45665454864501953,0.5622264742851257,-0.038462743163108826
0.43800291419029236,0.739690363407135,2.3766216372678173e-07,0.41151660680770874,0.7279060482978821,-0.014415006153285503,0.39255452156066895,0.6998394131660461,-0.022278770804405212,0.40762588381767273,0.669861376285553,-0.029092134907841682,0.4285825192928314,0.6525877714157104,-0.036187466233968735,0.3876122236251831,0.6399480700492859,-0.013235295191407204,0.3686862289905548,0.6016716957092285,-0.022054523229599,0.3584027886390686,0.5764933824539185,-0.029878217726945877,0.3510652482509613,0.5543542504310608,-0.03636801615357399,0.40618056058883667,0.6261463165283203,-0.0142079908400774,0.39499136805534363,0.5759615898132324,-0.020818546414375305,0.3887662887573242,0.5450025796890259,-0.02855333499610424,0.3843086361885071,0.5186636447906494,-0.03483130410313606,0.42492303252220154,0.6268898844718933,-0.01702043041586876,0.42303702235221863,0.5796450972557068,-0.024636786431074142,0.4212709665298462,0.5489500164985657,-0.03367336466908455,0.41951456665992737,0.522520899772644,-0.04074985533952713,0.44369423389434814,0.6378694176673889,-0.02127276547253132,0.4506070613861084,0.6050758957862854,-0.02893916144967079,0.4540981650352478,0.5828924179077148,-0.03387583792209625,0.45654717087745667,0.5625497102737427,-0.037873562425374985
0.4382621943950653,0.7394834756851196,2.4094848072309105e-07,0.4116247892379761,0.7273344993591309,-0.014240965247154236,0.39292415976524353,0.6996694207191467,-0.022213978692889214,0.4086260497570038,0.6705670356750488,-0.02915767766535282,0.4298588037490845,0.6538704633712769,-0.036419954150915146,0.3880436420440674,0.6394381523132324,-0.01350726280361414,0.3691800832748413,0.601218044757843,-0.022561687976121902,0.3587179183959961,0.576189398765564,-0.030575338751077652,0.35121285915374756,0.5541236400604248,-0.037162311375141144,0.40663599967956543,0.6255804300308228,-0.014608708210289478,0.39561188220977783,0.5752547383308411,-0.02141360379755497,0.38920602202415466,0.5439354181289673,-0.029355883598327637,0.38456785678863525,0.5173101425170898,-0.035789165645837784,0.4254506230354309,0.6263964772224426,-0.017495442181825638,0.4239511787891388,0.5794053673744202,-0.025221694260835648,0.42209842801094055,0.5486361384391785,-0.03439468890428543,0.42026224732398987,0.5224004983901978,-0.04154709726572037,0.4442004859447479,0.6375795006752014,-0.02179405651986599,0.45144718885421753,0.6049492359161377,-0.029515335336327553,0.4549517035484314,0.5828412175178528,-0.034450359642505646,0.4574202001094818,0.5627496838569641,-0.0384216345846653
0.43799087405204773,0.7390297055244446,2.377860113256247e-07,0.4113149046897888,0.7270654439926147,-0.014054477214813232,0.39243027567863464,0.7002162933349609,-0.022132761776447296,0.4080710709095001,0.6718146800994873,-0.029193852096796036,0.429115891456604,0.6552662253379822,-0.03661646693944931,0.3876538872718811,0.6393822431564331,-0.013826552778482437,0.36912405490875244,0.6006505489349365,-0.02289700135588646,0.3589743971824646,0.5755332708358765,-0.030920371413230896,0.3517284393310547,0.5531606674194336,-0.03758828714489937,0.4062959849834442,0.6258441805839539,-0.015110676176846027,0.3951203227043152,0.5758271813392639,-0.022044258192181587,0.3888997733592987,0.5446650385856628,-0.03018415905535221,0.38449832797050476,0.5178409814834595,-0.03686170279979706,0.4250848591327667,0.626834511756897,-0.018129723146557808,0.4236196279525757,0.5797749757766724,-0.02610882557928562,0.4224650263786316,0.548978328704834,-0.03548908233642578,0.4213316738605499,0.5225825309753418,-0.04281753674149513,0.4438166916370392,0.6379117369651794,-0.022501153871417046,0.4508157968521118,0.6050655245780945,-0.030576007440686226,0.4544326066970825,0.5828664898872375,-0.03575418144464493,0.45705515146255493,0.5625169277191162,-0.03991462662816048
0.4400767683982849,0.7382146716117859,2.3624343725714425e-07,0.4135090112686157,0.7263209223747253,-0.014221115037798882,0.3947479724884033,0.6996133923530579,-0.02213326469063759,0.4100325405597687,0.6710411310195923,-0.028980128467082977,0.4308305084705353,0.6543755531311035,-0.03604619577527046,0.3896808624267578,0.6384126543998718,-0.013001926243305206,0.37144652009010315,0.6001644134521484,-0.021618574857711792,0.3615434467792511,0.5751960873603821,-0.02935151755809784,0.3545612096786499,0.5532562136650085,-0.03577309101819992,0.4085274636745453,0.6248580813407898,-0.013993388041853905,0.39745932817459106,0.575626015663147,-0.020375708118081093,0.3913807272911072,0.5449771285057068,-0.027958882972598076,0.38714349269866943,0.5190595984458923,-0.03419899940490723,0.42755892872810364,0.6257768273353577,-0.01681644842028618,0.4264121651649475,0.5789260268211365,-0.024303194135427475,0.4252343475818634,0.548596978187561,-0.03309832140803337,0.4238813519477844,0.522733211517334,-0.03999243676662445,0.4464549422264099,0.6367897987365723,-0.021056653931736946,0.4536234438419342,0.6039410829544067,-0.02863422781229019,0.4571896493434906,0.5820821523666382,-0.033339064568281174,0.4595296084880829,0.5621752738952637,-0.037140343338251114
0.44006121158599854,0.7375611662864685,2.40983411003981e-07,0.41354304552078247,0.7261801362037659,-0.014733397401869297,0.3947293162345886,0.6996694803237915,-0.023095043376088142,0.4098295569419861,0.671652615070343,-0.030337074771523476,0.4306073486804962,0.6553424000740051,-0.037800829857587814,0.38985705375671387,0.6381521821022034,-0.013837150298058987,0.37100061774253845,0.6001754999160767,-0.022890867665410042,0.36102575063705444,0.5753953456878662,-0.03092573583126068,0.3541681170463562,0.553676426410675,-0.03746494650840759,0.4085893929004669,0.6243277788162231,-0.014710075221955776,0.397619366645813,0.5747332572937012,-0.021484943106770515,0.391594797372818,0.5437894463539124,-0.029397383332252502,0.3874022960662842,0.5174288749694824,-0.03582077473402023,0.42752179503440857,0.6250711679458618,-0.017419710755348206,0.4265140891075134,0.5779264569282532,-0.025172606110572815,0.42522501945495605,0.5473660230636597,-0.034266527742147446,0.4237392842769623,0.521244466304779,-0.04136262461543083,0.4463243782520294,0.6363294124603271,-0.021570470184087753,0.45376962423324585,0.6037052869796753,-0.02921650931239128,0.45751866698265076,0.5819217562675476,-0.03401530906558037,0.46006616950035095,0.5620779991149902,-0.03790659457445145
0.4397018551826477,0.7390118837356567,2.3746534338897618e-07,0.41328832507133484,0.7269288897514343,-0.013958483003079891,0.39440256357192993,0.699288547039032,-0.021749131381511688,0.40987682342529297,0.6703311800956726,-0.028599416837096214,0.43144533038139343,0.6543989181518555,-0.03576375171542168,0.3895091712474823,0.6388668417930603,-0.012830064631998539,0.3708726465702057,0.600782573223114,-0.02160678058862686,0.36067312955856323,0.5759597420692444,-0.02945375069975853,0.35340017080307007,0.5542596578598022,-0.035940930247306824,0.40825194120407104,0.6252729892730713,-0.014052179642021656,0.39757040143013,0.575351357460022,-0.020591922104358673,0.39169231057167053,0.5443376302719116,-0.028304558247327805,0.3876229524612427,0.5180420279502869,-0.034565385431051254,0.42726796865463257,0.626139223575592,-0.017080726101994514,0.4257938265800476,0.5791151523590088,-0.024614064022898674,0.42427709698677063,0.5486829280853271,-0.03352239355444908,0.4227648079395294,0.5226065516471863,-0.040467601269483566,0.44624438881874084,0.6372385025024414,-0.021519942209124565,0.45321619510650635,0.6047400832176208,-0.029026856645941734,0.4568289816379547,0.5831277370452881,-0.03369167074561119,0.45945173501968384,0.5635967254638672,-0.03746272996068001
0.4393502473831177,0.7389037013053894,2.3897092660263297e-07,0.4130154848098755,0.7269054651260376,-0.014197619631886482,0.39401450753211975,0.6992249488830566,-0.02206689678132534,0.4092695713043213,0.6705427765846252,-0.02891426905989647,0.4309765696525574,0.6550268530845642,-0.036110419780015945,0.3895495533943176,0.639363706111908,-0.01350844744592905,0.3710029125213623,0.6012904644012451,-0.022363383322954178,0.36081305146217346,0.5763388276100159,-0.030302690342068672,0.3534649908542633,0.5544074773788452,-0.03691421449184418,0.40820106863975525,0.6256313323974609,-0.014589597471058369,0.39758190512657166,0.5757030844688416,-0.021179040893912315,0.39172911643981934,0.5447270274162292,-0.029000019654631615,0.3875597417354584,0.5181548595428467,-0.0354168601334095,0.4270709753036499,0.6263858079910278,-0.017440875992178917,0.42567968368530273,0.5795386433601379,-0.024958956986665726,0.4243255853652954,0.5489182472229004,-0.03407307714223862,0.4229382574558258,0.5227184891700745,-0.04123590141534805,0.44587305188179016,0.6373491883277893,-0.02171351946890354,0.45300325751304626,0.6047762036323547,-0.029308756813406944,0.4567883014678955,0.5829709768295288,-0.03422735258936882,0.45952245593070984,0.5633248090744019,-0.038229163736104965
0.43962574005126953,0.7377053499221802,2.3717252872756944e-07,0.41331836581230164,0.726229190826416,-0.014287508092820644,0.39443865418434143,0.6991558074951172,-0.02222254127264023,0.4092808663845062,0.6700800657272339,-0.02913009002804756,0.43024978041648865,0.6535807847976685,-0.0363241545855999,0.3901529908180237,0.6382478475570679,-0.013192580081522465,0.37113848328590393,0.6002301573753357,-0.022140566259622574,0.3609431982040405,0.57521653175354,-0.03007577359676361,0.35383182764053345,0.5532928109169006,-0.03657081350684166,0.40882280468940735,0.6242708563804626,-0.014193413779139519,0.3978503942489624,0.5744916200637817,-0.0209064818918705,0.39173072576522827,0.5434247851371765,-0.028745930641889572,0.387461394071579,0.5170120000839233,-0.035080436617136,0.4276438057422638,0.6249749064445496,-0.01701180450618267,0.42648637294769287,0.5781294107437134,-0.024691874161362648,0.425120085477829,0.5474098920822144,-0.0337204746901989,0.42365825176239014,0.5211802124977112,-0.040739964693784714,0.44631069898605347,0.636106550693512,-0.021247610449790955,0.4537035822868347,0.6037407517433167,-0.028897205367684364,0.45735642313957214,0.5818596482276917,-0.03372814506292343,0.45987457036972046,0.5618941187858582,-0.037600040435791016
0.44022640585899353,0.7385815382003784,2.4114237362482527e-07,0.4134873151779175,0.7261861562728882,-0.014111210592091084,0.394508421421051,0.6991560459136963,-0.02200559340417385,0.4097367525100708,0.6708883047103882,-0.02891267091035843,0.43118470907211304,0.6550040245056152,-0.03605886548757553,0.3900165557861328,0.6382508277893066,-0.012916702777147293,0.3712444603443146,0.6001900434494019,-0.02164718694984913,0.3612896502017975,0.575080394744873,-0.029428839683532715,0.35434776544570923,0.5529264211654663,-0.03583524748682976,0.4087691307067871,0.6245604157447815,-0.014029568992555141,0.3976859152317047,0.5748081803321838,-0.020428750663995743,0.3916661739349365,0.5438096523284912,-0.02798287197947502,0.38748666644096375,0.5174220204353333,-0.0341414138674736,0.4278644621372223,0.6254664659500122,-0.01697203330695629,0.42661964893341064,0.5787609815597534,-0.024313930422067642,0.42550793290138245,0.5481451749801636,-0.03297264873981476,0.42425015568733215,0.5220503807067871,-0.039727773517370224,0.4468574821949005,0.6366759538650513,-0.021357035264372826,0.4539770483970642,0.6037104725837708,-0.02854270301759243,0.45761722326278687,0.5819041728973389,-0.03290901705622673,0.46004682779312134,0.5622066855430603,-0.03647012263536453
0.4399413764476776,0.7384904623031616,2.399879406311811e-07,0.4131830036640167,0.7263497114181519,-0.013837836682796478,0.3945116698741913,0.6992200016975403,-0.02165261097252369,0.4100554883480072,0.6712254881858826,-0.02851591445505619,0.43077588081359863,0.6546000838279724,-0.03569469228386879,0.3897022604942322,0.638897716999054,-0.012771574780344963,0.3710220158100128,0.6007381081581116,-0.021518584340810776,0.3610185384750366,0.5758988857269287,-0.029407890513539314,0.3540162444114685,0.5542760491371155,-0.035874418914318085,0.4084896445274353,0.6252360939979553,-0.0139600969851017,0.39780303835868835,0.5750670433044434,-0.02043168619275093,0.3919696807861328,0.5438606142997742,-0.028332214802503586,0.38793641328811646,0.5174587368965149,-0.0347735695540905,0.4274975061416626,0.6261268854141235,-0.01693126931786537,0.4262593388557434,0.5788124203681946,-0.02447456866502762,0.42496824264526367,0.5485174059867859,-0.03359344229102135,0.4235985577106476,0.5228726863861084,-0.04070006310939789,0.44634151458740234,0.6371716260910034,-0.021247606724500656,0.4535621404647827,0.6042578220367432,-0.028773101046681404,0.4572504758834839,0.5823782086372375,-0.033513423055410385,0.45991092920303345,0.5625678896903992,-0.03734719753265381
0.4395696818828583,0.7388467788696289,2.3820641104066453e-07,0.4133796989917755,0.7266807556152344,-0.014532996341586113,0.3945826292037964,0.6994414329528809,-0.022603338584303856,0.41007211804389954,0.6707726120948792,-0.029566435143351555,0.4315936267375946,0.6545388102531433,-0.03671799227595329,0.3901195526123047,0.6389229893684387,-0.013485136441886425,0.3718940317630768,0.6005708575248718,-0.022235006093978882,0.36204418540000916,0.5755307674407959,-0.029987424612045288,0.3549625277519226,0.5535662770271301,-0.036420006304979324,0.4086916744709015,0.6252963542938232,-0.014391547068953514,0.39816099405288696,0.5755962133407593,-0.020889095962047577,0.39220941066741943,0.5448153018951416,-0.02836591750383377,0.38792672753334045,0.5185496211051941,-0.03445654734969139,0.4275978207588196,0.6263222694396973,-0.01713240146636963,0.42649975419044495,0.5790444016456604,-0.02465829998254776,0.42550209164619446,0.5484035611152649,-0.03333061933517456,0.4244142174720764,0.5220405459403992,-0.04010938107967377,0.4464750587940216,0.6378393769264221,-0.021341344341635704,0.4538915455341339,0.6053327918052673,-0.028939926996827126,0.4577281177043915,0.5835269689559937,-0.033571306616067886,0.4604720175266266,0.5636650323867798,-0.037284210324287415
0.4393276870250702,0.7392449378967285,2.425558136565087e-07,0.41266751289367676,0.7270112633705139,-0.014169148169457912,0.3935665190219879,0.7006255388259888,-0.022257287055253983,0.4082476794719696,0.67262864112854,-0.029320916160941124,0.42920392751693726,0.6565856337547302,-0.03666990250349045,0.3896756172180176,0.6392083764076233,-0.013445998542010784,0.37098753452301025,0.6010352373123169,-0.022353751584887505,0.3610011339187622,0.5758446455001831,-0.03025413118302822,0.3539714813232422,0.5535889863967896,-0.03675321489572525,0.40853890776634216,0.6255693435668945,-0.014587114565074444,0.39790764451026917,0.5757084488868713,-0.021300237625837326,0.3918883204460144,0.5446076393127441,-0.029068749397993088,0.38755786418914795,0.518203616142273,-0.035369254648685455,0.4275978207588196,0.6265090107917786,-0.01752142608165741,0.42649972438812256,0.5794508457183838,-0.02522134594619274,0.4252225458621979,0.5485760569572449,-0.03413647785782814,0.42376840114593506,0.522293746471405,-0.04106886312365532,0.44653457403182983,0.6378281712532043,-0.021854782477021217,0.4539870619773865,0.6048648357391357,-0.029446551576256752,0.4576893150806427,0.5829150676727295,-0.03409246727824211,0.460210382938385,0.5630168318748474,-0.03783177584409714
0.4390196204185486,0.7385082244873047,2.43518030629275e-07,0.4128390848636627,0.7265061736106873,-0.014883284457027912,0.3941248953342438,0.7004026174545288,-0.023516975343227386,0.4094277024269104,0.6727060079574585,-0.030988475307822227,0.4303419291973114,0.6565975546836853,-0.03869653865695,0.38993918895721436,0.6384238004684448,-0.014505577273666859,0.37164950370788574,0.6003345251083374,-0.023811262100934982,0.36173537373542786,0.5752159953117371,-0.032001860439777374,0.35474467277526855,0.5530422925949097,-0.03872188180685043,0.40875449776649475,0.624916136264801,-0.015445547178387642,0.3982406556606293,0.5751135349273682,-0.022457174956798553,0.39226034283638,0.5440054535865784,-0.03045005537569523,0.38793304562568665,0.5173615217208862,-0.03695863485336304,0.4277452826499939,0.6261926293373108,-0.01819365844130516,0.4268660545349121,0.5790127515792847,-0.026109227910637856,0.4258047640323639,0.5485098361968994,-0.0350615456700325,0.42446649074554443,0.5223200917243958,-0.042071130126714706,0.44667041301727295,0.6379391551017761,-0.02240069769322872,0.4544129967689514,0.6054487824440002,-0.03020702861249447,0.4581220746040344,0.5834605693817139,-0.03497985377907753,0.46050527691841125,0.5632250905036926,-0.03884270042181015
0.438937783241272,0.7385579943656921,2.4465728643008333e-07,0.4125746190547943,0.7265153527259827,-0.01488982979208231,0.39385440945625305,0.7002373933792114,-0.023450979962944984,0.4095192551612854,0.6724271178245544,-0.030840836465358734,0.43079885840415955,0.6564531922340393,-0.038441259413957596,0.3897310197353363,0.6388952732086182,-0.014307147823274136,0.3710334599018097,0.600961446762085,-0.023608138784766197,0.36112090945243835,0.5759305953979492,-0.03179499879479408,0.35420891642570496,0.5538747906684875,-0.03844689950346947,0.4084932804107666,0.6250261664390564,-0.015173071064054966,0.39802464842796326,0.5753567218780518,-0.022164680063724518,0.39208143949508667,0.5440381169319153,-0.03007529117166996,0.387816846370697,0.5174427628517151,-0.036467913538217545,0.42745333909988403,0.625982403755188,-0.017877131700515747,0.4265691339969635,0.5788722038269043,-0.025786181911826134,0.42534133791923523,0.5478376746177673,-0.034760892391204834,0.42393264174461365,0.5213109850883484,-0.041727956384420395,0.4462527632713318,0.6375133991241455,-0.022045260295271873,0.453932523727417,0.605206310749054,-0.029871637001633644,0.4576663076877594,0.5831374526023865,-0.034648358821868896,0.46025457978248596,0.5629901885986328,-0.03845483437180519
0.4390188455581665,0.7380098104476929,2.4322932290488097e-07,0.41285574436187744,0.7265048623085022,-0.014909409917891026,0.39350834488868713,0.7001718878746033,-0.0233750157058239,0.4080698788166046,0.6719404458999634,-0.030664481222629547,0.4291754364967346,0.6559019684791565,-0.03814546391367912,0.3897072672843933,0.6382005214691162,-0.014177827164530754,0.3714952766895294,0.6005399227142334,-0.02323075197637081,0.3616289794445038,0.5757205486297607,-0.03127887099981308,0.35461515188217163,0.5537704825401306,-0.03791800141334534,0.40841618180274963,0.6246253848075867,-0.01497443113476038,0.39798372983932495,0.5751487612724304,-0.021824050694704056,0.3920159339904785,0.5441387891769409,-0.029602110385894775,0.3876827359199524,0.5175915956497192,-0.03592095151543617,0.4273788630962372,0.6257278323173523,-0.01760544255375862,0.42648255825042725,0.5788314938545227,-0.025429440662264824,0.4253619909286499,0.5481334328651428,-0.03433399647474289,0.42405983805656433,0.521929144859314,-0.041258182376623154,0.44627857208251953,0.6372067332267761,-0.021707329899072647,0.4539756774902344,0.6047514081001282,-0.029507074505090714,0.4577373266220093,0.5827946066856384,-0.03432751074433327,0.46030089259147644,0.5627328753471375,-0.038186416029930115
0.438933789730072,0.7385537624359131,2.4319527369698335e-07,0.4126185476779938,0.7264495491981506,-0.014571759849786758,0.3937489986419678,0.699623703956604,-0.022827262058854103,0.40888285636901855,0.6714687943458557,-0.02996613271534443,0.42976605892181396,0.6554100513458252,-0.037355802953243256,0.3897383511066437,0.6386027336120605,-0.013998850248754025,0.3714526295661926,0.6006469130516052,-0.023077521473169327,0.36156702041625977,0.5757290124893188,-0.031104588881134987,0.3545779287815094,0.5537785291671753,-0.03769952803850174,0.4084642231464386,0.6250602602958679,-0.01497331541031599,0.3980785310268402,0.5752009749412537,-0.021889301016926765,0.3921773433685303,0.5441417694091797,-0.02979329042136669,0.3879234492778778,0.5177937150001526,-0.03616461157798767,0.4273953139781952,0.6262680888175964,-0.01774771511554718,0.4266236126422882,0.5792866349220276,-0.025684406980872154,0.4255736768245697,0.5484562516212463,-0.03480714559555054,0.4243376851081848,0.5221811532974243,-0.04184787720441818,0.44624027609825134,0.6379241943359375,-0.02193458005785942,0.45400118827819824,0.6052316427230835,-0.029822910204529762,0.45782625675201416,0.5832440853118896,-0.034739136695861816,0.4604142904281616,0.5632195472717285,-0.03864901140332222
0.4393145740032196,0.7377505898475647,2.396134277660167e-07,0.41308706998825073,0.7266280651092529,-0.014791914261877537,0.3936340808868408,0.7011216878890991,-0.023255549371242523,0.4073612093925476,0.6729698181152344,-0.030560744926333427,0.4272167682647705,0.6558825969696045,-0.03808555006980896,0.38971033692359924,0.6384660005569458,-0.01416289247572422,0.3716804087162018,0.6003873348236084,-0.023288074880838394,0.36200976371765137,0.5753809213638306,-0.031412843614816666,0.3551662266254425,0.5532614588737488,-0.03808095306158066,0.40840840339660645,0.624862015247345,-0.01505034789443016,0.3980710208415985,0.5752593278884888,-0.021921122446656227,0.392252117395401,0.5443553924560547,-0.02986633963882923,0.3880665600299835,0.5177891850471497,-0.03637460991740227,0.4272496700286865,0.6258353590965271,-0.01775793731212616,0.4265501797199249,0.5787594318389893,-0.025625690817832947,0.425495982170105,0.5481535196304321,-0.03462909907102585,0.4241981506347656,0.5218719840049744,-0.04170163348317146,0.44598984718322754,0.637262761592865,-0.021901044994592667,0.45371222496032715,0.6047278046607971,-0.029735645279288292,0.4576115608215332,0.5829859375953674,-0.03455778583884239,0.46029847860336304,0.5629539489746094,-0.03845874220132828
0.43892163038253784,0.7384770512580872,2.446480777962279e-07,0.4124375879764557,0.7273179292678833,-0.0151755902916193,0.39317193627357483,0.7011070251464844,-0.023678822442889214,0.40764936804771423,0.6728036999702454,-0.030935393646359444,0.4280011057853699,0.6560332775115967,-0.03837676718831062,0.38924628496170044,0.6385338306427002,-0.014289947226643562,0.37123560905456543,0.6006233096122742,-0.02338256873190403,0.3617050051689148,0.5754865407943726,-0.031456708908081055,0.3550106883049011,0.553171694278717,-0.03811374306678772,0.40816187858581543,0.6248263120651245,-0.01504227239638567,0.39768296480178833,0.5753464698791504,-0.021850086748600006,0.39190298318862915,0.5444471836090088,-0.02966732531785965,0.38778191804885864,0.5178976058959961,-0.03605850040912628,0.4272392690181732,0.625920832157135,-0.017675992101430893,0.42632338404655457,0.5787615180015564,-0.025530043989419937,0.4252159893512726,0.547895610332489,-0.03446206822991371,0.42391902208328247,0.5213947892189026,-0.041460953652858734,0.446188360452652,0.6374999284744263,-0.02179809845983982,0.45373883843421936,0.6048743724822998,-0.02963566593825817,0.45759329199790955,0.5829588174819946,-0.03443164750933647,0.4602411091327667,0.5628776550292969,-0.03830503299832344
0.4385543465614319,0.7380726933479309,2.443183007017069e-07,0.4124991297721863,0.7263259887695312,-0.014832006767392159,0.39364781975746155,0.6997251510620117,-0.02320742793381214,0.40842050313949585,0.6716573238372803,-0.030459068715572357,0.4293071925640106,0.6556801795959473,-0.03793460130691528,0.389394074678421,0.6382156014442444,-0.01400971133261919,0.3712112009525299,0.5999443531036377,-0.023114878684282303,0.3613893985748291,0.5748090147972107,-0.031155092641711235,0.35447320342063904,0.5526627898216248,-0.037755824625492096,0.40820956230163574,0.6246216893196106,-0.014911343343555927,0.39783531427383423,0.5746080279350281,-0.021770862862467766,0.39191871881484985,0.5435155630111694,-0.029615648090839386,0.3876093029975891,0.5170184969902039,-0.035964205861091614,0.42721807956695557,0.6256778836250305,-0.01765967346727848,0.42637351155281067,0.5782647132873535,-0.025510411709547043,0.4252665936946869,0.5474859476089478,-0.03449631109833717,0.42389553785324097,0.5211881399154663,-0.041480932384729385,0.4461037218570709,0.6371796727180481,-0.021869374439120293,0.45375972986221313,0.6046677231788635,-0.029637200757861137,0.4575980603694916,0.5828719139099121,-0.03442835807800293,0.4601757228374481,0.5629895925521851,-0.03828203305602074
0.4389817416667938,0.73771733045578,2.43477614958465e-07,0.4127213954925537,0.7262505292892456,-0.014708505012094975,0.3937106728553772,0.6999076008796692,-0.02303255908191204,0.40836647152900696,0.6721781492233276,-0.03020600602030754,0.42875605821609497,0.6558325290679932,-0.03759817034006119,0.38947150111198425,0.6377479434013367,-0.01394182164222002,0.3713928759098053,0.5996914505958557,-0.02291215769946575,0.3617090880870819,0.5745658874511719,-0.03090861067175865,0.3548336625099182,0.5523368716239929,-0.037510938942432404,0.40829142928123474,0.6243366599082947,-0.014895155094563961,0.3979450464248657,0.5746201872825623,-0.021614881232380867,0.3921138048171997,0.5436021089553833,-0.029389899224042892,0.38789066672325134,0.5170485973358154,-0.03574966639280319,0.42728564143180847,0.6256008148193359,-0.017678553238511086,0.42645320296287537,0.5781458616256714,-0.02550360932946205,0.42529112100601196,0.5473501086235046,-0.03439876064658165,0.4238853454589844,0.5209307670593262,-0.04135376587510109,0.4461313486099243,0.6373205184936523,-0.021902529522776604,0.45380792021751404,0.6044802069664001,-0.02977241575717926,0.45771268010139465,0.5825656652450562,-0.03451993688941002,0.46034231781959534,0.5625118613243103,-0.03833741694688797
0.43875929713249207,0.738666832447052,2.443245534777816e-07,0.4122157692909241,0.7270819544792175,-0.014485711231827736,0.39345329999923706,0.7001674771308899,-0.0226670503616333,0.4089435040950775,0.6721743941307068,-0.029726164415478706,0.43009069561958313,0.6565545797348022,-0.037051424384117126,0.38913553953170776,0.6385661959648132,-0.013896082527935505,0.3709399104118347,0.6005887985229492,-0.022878490388393402,0.36117735505104065,0.5754312872886658,-0.030812669545412064,0.35429584980010986,0.5532165169715881,-0.0373428538441658,0.4080006778240204,0.6251035332679749,-0.014936516061425209,0.39770618081092834,0.5753558874130249,-0.021738853305578232,0.39184167981147766,0.5441133975982666,-0.029501020908355713,0.38759973645210266,0.5175970792770386,-0.03579120710492134,0.42697131633758545,0.6263634562492371,-0.01777818240225315,0.4261552095413208,0.5792051553726196,-0.025670547038316727,0.42483973503112793,0.5482669472694397,-0.03468441590666771,0.42331191897392273,0.5219325423240662,-0.041660893708467484,0.4457484483718872,0.6380417346954346,-0.02203342504799366,0.45358261466026306,0.6052395701408386,-0.02994081750512123,0.45747867226600647,0.5831007361412048,-0.03480274975299835,0.460116982460022,0.5630323886871338,-0.038670312613248825
0.43875911831855774,0.7388695478439331,2.441592812374438e-07,0.41226962208747864,0.7275757789611816,-0.014932285994291306,0.393232136964798,0.7008469700813293,-0.023316703736782074,0.4083709418773651,0.6724587678909302,-0.03052343986928463,0.4293079674243927,0.656173825263977,-0.03797703608870506,0.38909706473350525,0.6390209197998047,-0.014320134185254574,0.37081417441368103,0.6008036136627197,-0.023498518392443657,0.36095982789993286,0.5756127834320068,-0.03155602142214775,0.35404351353645325,0.553331196308136,-0.03818029910326004,0.40801626443862915,0.6254974007606506,-0.015157015062868595,0.397676557302475,0.5756747126579285,-0.022072575986385345,0.39182689785957336,0.5445051193237305,-0.029934458434581757,0.38763052225112915,0.5178688168525696,-0.03634790703654289,0.4269832372665405,0.6266552209854126,-0.017839206382632256,0.42609232664108276,0.5794275999069214,-0.02579151652753353,0.4246736466884613,0.5485467314720154,-0.03489048406481743,0.4230850338935852,0.5221569538116455,-0.04198772832751274,0.4458376169204712,0.6382139325141907,-0.02198452688753605,0.4537418484687805,0.6055436730384827,-0.02994677610695362,0.45761311054229736,0.583438515663147,-0.034939154982566833,0.46019160747528076,0.5633092522621155,-0.038950953632593155
0.438528448343277,0.7391418218612671,2.4319314206877607e-07,0.41200020909309387,0.72746741771698,-0.01458198856562376,0.39253920316696167,0.7012617588043213,-0.022861165925860405,0.40679433941841125,0.6729481220245361,-0.03004026971757412,0.4274177551269531,0.6561694145202637,-0.037446822971105576,0.3888810873031616,0.6388148665428162,-0.013828647322952747,0.3708052337169647,0.6006903052330017,-0.022919531911611557,0.3610425293445587,0.5755385160446167,-0.030946830287575722,0.35417965054512024,0.5532445907592773,-0.037553321570158005,0.407747745513916,0.6252979040145874,-0.01483955793082714,0.3975084722042084,0.5754413604736328,-0.021611152216792107,0.3917779326438904,0.5444534420967102,-0.02936922200024128,0.3877159059047699,0.5179774165153503,-0.03571050614118576,0.426780641078949,0.6264368295669556,-0.017689108848571777,0.42583245038986206,0.5794044137001038,-0.02545669861137867,0.4245500862598419,0.5487481355667114,-0.0343058779835701,0.42312321066856384,0.5225436091423035,-0.041247788816690445,0.44574612379074097,0.6379570960998535,-0.021990766748785973,0.4536472260951996,0.6054080724716187,-0.029729951173067093,0.4576551616191864,0.5834983587265015,-0.03447406738996506,0.4603932499885559,0.5635805130004883,-0.03830280154943466
0.43964526057243347,0.7395381927490234,2.4797901687634294e-07,0.41283002495765686,0.7282009124755859,-0.014694344252347946,0.3927809000015259,0.7023791074752808,-0.023125993087887764,0.40635979175567627,0.6741108894348145,-0.03044942580163479,0.42713460326194763,0.6579478979110718,-0.03797898441553116,0.38916367292404175,0.6387553215026855,-0.013917408883571625,0.3705212473869324,0.6005284786224365,-0.02302251197397709,0.3606449365615845,0.5753276348114014,-0.031128641217947006,0.3537708818912506,0.5530829429626465,-0.03776536136865616,0.4080824553966522,0.6250729560852051,-0.01494347583502531,0.39760783314704895,0.5750471353530884,-0.02166929841041565,0.391720175743103,0.5439883470535278,-0.029439017176628113,0.3875575363636017,0.5176382660865784,-0.03575403243303299,0.42715567350387573,0.6261494159698486,-0.017822373658418655,0.42612895369529724,0.5788401961326599,-0.025485794991254807,0.42483630776405334,0.5481064319610596,-0.034262996166944504,0.4234273135662079,0.5221459865570068,-0.041124776005744934,0.4460690915584564,0.6376720070838928,-0.022172551602125168,0.45373615622520447,0.6048164963722229,-0.02979225479066372,0.45762765407562256,0.5829814672470093,-0.03442024067044258,0.460348904132843,0.5633029937744141,-0.03812514245510101
0.43949294090270996,0.7395254373550415,2.5333423536721966e-07,0.41276973485946655,0.7290048003196716,-0.015070977620780468,0.3926698863506317,0.7034140229225159,-0.02368154004216194,0.4057917296886444,0.6752241253852844,-0.031113801524043083,0.42523208260536194,0.6574485898017883,-0.038750309497117996,0.38867658376693726,0.6392865777015686,-0.014552959240972996,0.3699047565460205,0.6013841032981873,-0.02382160909473896,0.36019182205200195,0.5759269595146179,-0.031932439655065536,0.35372066497802734,0.5531949400901794,-0.03856085240840912,0.4077167212963104,0.6253268122673035,-0.015513540245592594,0.3970884084701538,0.5747617483139038,-0.02235385775566101,0.3916058838367462,0.5435652732849121,-0.030307043343782425,0.3879045248031616,0.5168523192405701,-0.03680333495140076,0.426784873008728,0.6262955665588379,-0.018342342227697372,0.4258689880371094,0.5787726044654846,-0.02623962052166462,0.4247001111507416,0.5481565594673157,-0.03535742312669754,0.4233165383338928,0.5221686363220215,-0.04252259433269501,0.4457066059112549,0.6378962993621826,-0.022623123601078987,0.4535590410232544,0.6052289605140686,-0.03046339936554432,0.4574897885322571,0.5833950638771057,-0.0353667214512825,0.46007245779037476,0.5634680986404419,-0.03934871405363083
0.43840116262435913,0.7382655739784241,2.488042980530736e-07,0.41237831115722656,0.7276530861854553,-0.01527323480695486,0.39275068044662476,0.702614963054657,-0.024047425016760826,0.40636688470840454,0.6747338175773621,-0.03155696764588356,0.4258769154548645,0.656958281993866,-0.03924333676695824,0.38870495557785034,0.6388002634048462,-0.014900662936270237,0.37040799856185913,0.6007490754127502,-0.024198992177844048,0.3604101836681366,0.5756028890609741,-0.03237894922494888,0.3534032106399536,0.5532339215278625,-0.039097145199775696,0.40754586458206177,0.6251749396324158,-0.01566944643855095,0.39720699191093445,0.5750933885574341,-0.022465398535132408,0.39160919189453125,0.5440998673439026,-0.030305687338113785,0.38760602474212646,0.5174757838249207,-0.036797087639570236,0.42652419209480286,0.6263933777809143,-0.018304791301488876,0.425668329000473,0.5792180895805359,-0.02611781284213066,0.42446255683898926,0.5484142899513245,-0.03500882163643837,0.42296549677848816,0.5221989154815674,-0.04207077622413635,0.44534116983413696,0.638103723526001,-0.022422567009925842,0.4533604681491852,0.6054000854492188,-0.030181562528014183,0.45745134353637695,0.583512544631958,-0.03492075204849243,0.4601190686225891,0.5636578798294067,-0.038816846907138824
0.43807312846183777,0.7390527725219727,2.419554903099197e-07,0.41136083006858826,0.7279680967330933,-0.014502166770398617,0.3921158015727997,0.7026296854019165,-0.022936517372727394,0.4054373800754547,0.6749544739723206,-0.03030947409570217,0.4246926009654999,0.6579297780990601,-0.03798753023147583,0.3888726532459259,0.6391766667366028,-0.014160157181322575,0.37030982971191406,0.6013752818107605,-0.023629313334822655,0.36021605134010315,0.576094925403595,-0.031922727823257446,0.3531804382801056,0.553716242313385,-0.038692407310009,0.4078041911125183,0.6255326867103577,-0.015448144637048244,0.39741596579551697,0.5752936005592346,-0.022624336183071136,0.39165911078453064,0.5441120266914368,-0.030746469274163246,0.3875453472137451,0.5174885392189026,-0.037341147661209106,0.4268192946910858,0.6267167329788208,-0.018553417176008224,0.42577120661735535,0.5793247818946838,-0.026889432221651077,0.4245966970920563,0.5488705039024353,-0.03593539446592331,0.42316973209381104,0.5228643417358398,-0.04294669255614281,0.44565656781196594,0.6384153366088867,-0.023042766377329826,0.45319733023643494,0.6054111123085022,-0.03135134279727936,0.45733386278152466,0.5835676193237305,-0.03623161464929581,0.4600766599178314,0.5636278986930847,-0.04009033367037773
0.43851202726364136,0.7394144535064697,2.47594300617493e-07,0.41202518343925476,0.7284063100814819,-0.015265229158103466,0.392689049243927,0.702994704246521,-0.023970449343323708,0.4061562418937683,0.6748687028884888,-0.03142258897423744,0.42501676082611084,0.6571659445762634,-0.03905106335878372,0.38905155658721924,0.6389676928520203,-0.014616468921303749,0.37039321660995483,0.6008402109146118,-0.023898731917142868,0.36022526025772095,0.575608491897583,-0.032091546803712845,0.3531476855278015,0.5531606674194336,-0.038813214749097824,0.40787458419799805,0.6254763603210449,-0.015428281389176846,0.39723753929138184,0.574916422367096,-0.022318363189697266,0.3916042447090149,0.5435603260993958,-0.030360354110598564,0.38778647780418396,0.5168131589889526,-0.03695688024163246,0.42679455876350403,0.6267257332801819,-0.018121417611837387,0.4257481098175049,0.5796322822570801,-0.026139996945858,0.4245474338531494,0.5488640069961548,-0.03529480844736099,0.4231661856174469,0.5227676033973694,-0.042473141103982925,0.44562020897865295,0.6383031606674194,-0.022280873730778694,0.45334452390670776,0.6055005788803101,-0.03030097857117653,0.4574035704135895,0.5833544135093689,-0.03529922291636467,0.4601028561592102,0.5630629658699036,-0.039321061223745346
0.4377988576889038,0.7383648157119751,2.4341130711036385e-07,0.4113273322582245,0.7273129224777222,-0.014707476831972599,0.39212360978126526,0.7025395035743713,-0.023360472172498703,0.40576842427253723,0.6755920648574829,-0.030928274616599083,0.424761027097702,0.6578006744384766,-0.03877419978380203,0.38882726430892944,0.6395337581634521,-0.014723206870257854,0.37022513151168823,0.6016229391098022,-0.024360990151762962,0.36022791266441345,0.5760626792907715,-0.032719578593969345,0.3532799184322357,0.5530827045440674,-0.03958145156502724,0.40754666924476624,0.6255806088447571,-0.01597781851887703,0.3970082998275757,0.5754419565200806,-0.023278994485735893,0.3914571702480316,0.5440747141838074,-0.031509626656770706,0.3875122666358948,0.5169615745544434,-0.038271088153123856,0.42647436261177063,0.6265050172805786,-0.019038740545511246,0.42531609535217285,0.5791886448860168,-0.027489833533763885,0.4243483543395996,0.5485581755638123,-0.03664282709360123,0.42305848002433777,0.522370457649231,-0.043809741735458374,0.44535574316978455,0.6379024982452393,-0.02349989116191864,0.4532822370529175,0.6050976514816284,-0.03191707655787468,0.45778578519821167,0.5832667946815491,-0.03692004457116127,0.4608384966850281,0.5633938908576965,-0.04092719778418541
0.4383690059185028,0.7394781708717346,2.4503759732397157e-07,0.411925345659256,0.7281980514526367,-0.014591493643820286,0.3928595185279846,0.7026711106300354,-0.022906901314854622,0.4059501588344574,0.6739745140075684,-0.03015436977148056,0.42436373233795166,0.6553171873092651,-0.03761700913310051,0.38901403546333313,0.6390621662139893,-0.013671432621777058,0.37000957131385803,0.6007409691810608,-0.022864406928420067,0.35981425642967224,0.575495719909668,-0.030994046479463577,0.35282427072525024,0.5530881881713867,-0.037608418613672256,0.40772533416748047,0.6255708932876587,-0.014700883068144321,0.3971979022026062,0.5745657086372375,-0.021484840661287308,0.3915540277957916,0.5430868864059448,-0.029437925666570663,0.3877420127391815,0.5161663293838501,-0.035920605063438416,0.4266447126865387,0.6266916394233704,-0.017595769837498665,0.42552632093429565,0.5792631506919861,-0.025503406301140785,0.4242563545703888,0.5486886501312256,-0.03453569859266281,0.4228726923465729,0.5226010084152222,-0.04160658270120621,0.4455054998397827,0.6380356550216675,-0.02190621942281723,0.4533537030220032,0.6051063537597656,-0.029771925881505013,0.45767539739608765,0.5832839608192444,-0.034603916108608246,0.4606948792934418,0.5632772445678711,-0.03847765922546387
0.4374763071537018,0.7390038371086121,2.4510245566489175e-07,0.4107893705368042,0.7275473475456238,-0.014286997728049755,0.3919362723827362,0.7017329335212708,-0.022783583030104637,0.40602898597717285,0.6745678186416626,-0.03030194528400898,0.42610329389572144,0.6579200625419617,-0.0381561815738678,0.3888476490974426,0.6389365792274475,-0.014141673222184181,0.3701900839805603,0.6005074381828308,-0.02363242208957672,0.3600918650627136,0.5750206112861633,-0.031869664788246155,0.35335013270378113,0.5524189472198486,-0.03859229385852814,0.40764665603637695,0.6256178617477417,-0.015524444170296192,0.39697402715682983,0.5750596523284912,-0.022822877392172813,0.3911833167076111,0.5433953404426575,-0.031210048124194145,0.38723739981651306,0.5161864161491394,-0.03802192956209183,0.4265156686306,0.6269428730010986,-0.01867641881108284,0.4256661832332611,0.5794204473495483,-0.027205796912312508,0.4247373938560486,0.5486658811569214,-0.03673539683222771,0.42355310916900635,0.5224778652191162,-0.04407591000199318,0.445294588804245,0.6384314298629761,-0.023159747943282127,0.45364096760749817,0.605229914188385,-0.03165118396282196,0.4582015872001648,0.5831430554389954,-0.036929044872522354,0.4612513482570648,0.5630513429641724,-0.04108404368162155
0.4379671812057495,0.7384082674980164,2.4240154061772046e-07,0.4119090437889099,0.7270087599754333,-0.014041704125702381,0.39304694533348083,0.7019721269607544,-0.02230842225253582,0.40604615211486816,0.6748272776603699,-0.02958741784095764,0.42327725887298584,0.6566469073295593,-0.037154410034418106,0.3886423707008362,0.6389327645301819,-0.0139742661267519,0.3697527050971985,0.6006304621696472,-0.023259270936250687,0.3596898913383484,0.5753547549247742,-0.031324051320552826,0.35283106565475464,0.5529462695121765,-0.037868842482566833,0.4072740375995636,0.6252758502960205,-0.015382458455860615,0.39665457606315613,0.5743118524551392,-0.022354435175657272,0.39127102494239807,0.5429776906967163,-0.030490538105368614,0.38763269782066345,0.5160372853279114,-0.0371205098927021,0.4261283576488495,0.6263617277145386,-0.018531473353505135,0.42557886242866516,0.5784132480621338,-0.026754168793559074,0.42486661672592163,0.5478184819221497,-0.03599708154797554,0.423745721578598,0.5216208100318909,-0.04321571812033653,0.44497397541999817,0.6379141807556152,-0.02298780530691147,0.45347827672958374,0.6047991514205933,-0.031221620738506317,0.45808467268943787,0.5828795433044434,-0.03620303422212601,0.4610674977302551,0.5628010034561157,-0.040176503360271454
0.4373796582221985,0.7385342717170715,2.452123624152591e-07,0.41134363412857056,0.7268052101135254,-0.013928782194852829,0.3924981653690338,0.7012251615524292,-0.02231915108859539,0.4062321186065674,0.6747451424598694,-0.029750356450676918,0.42512136697769165,0.6578994393348694,-0.03752056136727333,0.3886977732181549,0.638611376285553,-0.014186789281666279,0.3698861598968506,0.5999729633331299,-0.02354361303150654,0.359819233417511,0.5747339129447937,-0.03161447122693062,0.35287612676620483,0.5524742007255554,-0.038188301026821136,0.40757644176483154,0.6254057288169861,-0.015695106238126755,0.39718255400657654,0.5742493271827698,-0.02278328686952591,0.39166393876075745,0.5428299307823181,-0.030942628160119057,0.3876788914203644,0.5158759951591492,-0.037576451897621155,0.42646756768226624,0.6268046498298645,-0.018925268203020096,0.42564189434051514,0.5784828066825867,-0.02722562476992607,0.4247576892375946,0.5476504564285278,-0.036530543118715286,0.42348694801330566,0.5214695930480957,-0.0437578447163105,0.44523075222969055,0.6384947299957275,-0.023440614342689514,0.45372581481933594,0.6052423715591431,-0.03172856569290161,0.45838630199432373,0.5830525755882263,-0.036788638681173325,0.46146106719970703,0.5629940629005432,-0.04081837832927704
0.43805259466171265,0.7373977899551392,2.421519980089215e-07,0.4125306308269501,0.7268041968345642,-0.01438790000975132,0.39352452754974365,0.7020955085754395,-0.022887378931045532,0.4046648144721985,0.6740249395370483,-0.030303483828902245,0.4217164218425751,0.6554301977157593,-0.03795325756072998,0.38899940252304077,0.638730525970459,-0.014625758863985538,0.36992132663726807,0.600195586681366,-0.024003874510526657,0.35977914929389954,0.5750728845596313,-0.032071247696876526,0.3527950942516327,0.5529760122299194,-0.03860930725932121,0.4076356291770935,0.6254214644432068,-0.015823569148778915,0.3974599838256836,0.5740298628807068,-0.02286069095134735,0.3920334577560425,0.542715311050415,-0.03095189854502678,0.3879932761192322,0.515844464302063,-0.037584513425827026,0.42636623978614807,0.6265619993209839,-0.01875472068786621,0.4255518615245819,0.5780405402183533,-0.026956534013152122,0.4245341122150421,0.5473600625991821,-0.03614524379372597,0.42306792736053467,0.521399974822998,-0.043377187103033066,0.4450441002845764,0.6379570364952087,-0.023004697635769844,0.45363849401474,0.6044955253601074,-0.031195560470223427,0.4585217237472534,0.5825613737106323,-0.03625894710421562,0.4617680013179779,0.5628386735916138,-0.04033813998103142
0.43779921531677246,0.7377068996429443,2.4779242835393234e-07,0.4112508296966553,0.7260370254516602,-0.01389965321868658,0.39218538999557495,0.700893759727478,-0.022399544715881348,0.4055510461330414,0.6741703152656555,-0.029963722452521324,0.42513909935951233,0.6575714945793152,-0.037889983505010605,0.3890206813812256,0.638431966304779,-0.014353729784488678,0.369864284992218,0.599568784236908,-0.02373509481549263,0.3596945106983185,0.5745329260826111,-0.031788766384124756,0.3527602553367615,0.55247962474823,-0.03832119703292847,0.4078090488910675,0.6251620650291443,-0.015825513750314713,0.39766791462898254,0.5735792517662048,-0.022846436128020287,0.3921533226966858,0.5420737862586975,-0.030987083911895752,0.3881130814552307,0.515251100063324,-0.037647146731615067,0.42647990584373474,0.6264638304710388,-0.0189965907484293,0.4256094992160797,0.5781994462013245,-0.027073103934526443,0.4244767427444458,0.5475215315818787,-0.036396969109773636,0.42296192049980164,0.5218460559844971,-0.043686117976903915,0.4450545608997345,0.6379756927490234,-0.023454904556274414,0.4535859525203705,0.6044581532478333,-0.031438473612070084,0.45826295018196106,0.5822926163673401,-0.03648775815963745,0.46137645840644836,0.5625524520874023,-0.040559012442827225
0.43821752071380615,0.7372545599937439,2.437265607113659e-07,0.41200345754623413,0.7259273529052734,-0.013508698903024197,0.3930659592151642,0.7003602385520935,-0.02163117192685604,0.405726820230484,0.6725190877914429,-0.028896011412143707,0.42407533526420593,0.6551489233970642,-0.03654986992478371,0.38923752307891846,0.6382892727851868,-0.013863102532923222,0.37007802724838257,0.599345326423645,-0.023136235773563385,0.35992419719696045,0.5741990208625793,-0.03107517957687378,0.35308602452278137,0.5520873069763184,-0.03751717135310173,0.4079517424106598,0.6250174045562744,-0.015463843941688538,0.3975577652454376,0.5732967257499695,-0.022478627040982246,0.3919869363307953,0.5417436957359314,-0.03062509186565876,0.38801002502441406,0.5148483514785767,-0.03725402429699898,0.4266483187675476,0.6262717247009277,-0.018736375495791435,0.4256605803966522,0.5777995586395264,-0.026889309287071228,0.42452314496040344,0.5471637845039368,-0.03625921532511711,0.4231058955192566,0.5214818716049194,-0.04355979338288307,0.44530075788497925,0.6376798748970032,-0.023244524374604225,0.45390504598617554,0.6040194034576416,-0.03135548532009125,0.45867329835891724,0.5816617012023926,-0.03652402013540268,0.4619324207305908,0.5616103410720825,-0.040657009929418564
0.4384576976299286,0.737187385559082,2.4268038600894215e-07,0.41200414299964905,0.7261452078819275,-0.013548183254897594,0.3926244378089905,0.7005822658538818,-0.02155436761677265,0.40530216693878174,0.6726386547088623,-0.028681905940175056,0.42427319288253784,0.6549606323242188,-0.0361836776137352,0.38905343413352966,0.6382495164871216,-0.013655257411301136,0.3698042035102844,0.5991953015327454,-0.022779498249292374,0.3597029745578766,0.5740789175033569,-0.030672160908579826,0.3529079854488373,0.5520231127738953,-0.037107281386852264,0.4078996479511261,0.6249138712882996,-0.01511913351714611,0.39732813835144043,0.5731978416442871,-0.021895574405789375,0.39176344871520996,0.5417432188987732,-0.029944173991680145,0.38783371448516846,0.5148825645446777,-0.0365607775747776,0.42672473192214966,0.6260573863983154,-0.018276499584317207,0.425626277923584,0.5776997804641724,-0.026231219992041588,0.42446014285087585,0.5472683310508728,-0.03551635518670082,0.4230271279811859,0.5217366218566895,-0.04279787465929985,0.44550928473472595,0.6373035907745361,-0.02268405817449093,0.4540148675441742,0.6036405563354492,-0.030616343021392822,0.4586642384529114,0.5813822150230408,-0.03570323437452316,0.46177905797958374,0.5612910389900208,-0.03982129693031311
0.43767306208610535,0.7373049855232239,2.417237396912242e-07,0.41140180826187134,0.7261223196983337,-0.013872808776795864,0.39247769117355347,0.700958251953125,-0.022147683426737785,0.4054794907569885,0.6736096143722534,-0.0294786486774683,0.42397502064704895,0.655790388584137,-0.03715504705905914,0.3887805640697479,0.6377442479133606,-0.014079893939197063,0.3696215748786926,0.5990599393844604,-0.02336745709180832,0.3595244586467743,0.5739870071411133,-0.03133809193968773,0.35269027948379517,0.5519219636917114,-0.03780335560441017,0.4076226055622101,0.6243829727172852,-0.015529497526586056,0.3972810208797455,0.5729106068611145,-0.022454548627138138,0.39171358942985535,0.5416243672370911,-0.030528349801898003,0.38763198256492615,0.515011727809906,-0.03713589906692505,0.42640721797943115,0.6257516741752625,-0.018696773797273636,0.425717294216156,0.5775830149650574,-0.026832215487957,0.42459094524383545,0.5471431612968445,-0.036061711609363556,0.4229625165462494,0.5215041637420654,-0.04328611493110657,0.4450831115245819,0.6375102400779724,-0.02314515970647335,0.45389777421951294,0.6039873361587524,-0.031256262212991714,0.45869287848472595,0.5818514227867126,-0.036306314170360565,0.4616979658603668,0.561883807182312,-0.040364429354667664
0.4379602074623108,0.7374861836433411,2.406099497420655e-07,0.41177818179130554,0.7263898849487305,-0.013955572620034218,0.39239490032196045,0.7016987204551697,-0.022381193935871124,0.4046088755130768,0.6743803024291992,-0.029847947880625725,0.4230861961841583,0.6561537384986877,-0.03763724863529205,0.3887324929237366,0.6378927826881409,-0.014259583316743374,0.3696603775024414,0.5989547967910767,-0.023691175505518913,0.35950160026550293,0.5738053321838379,-0.03175722062587738,0.35254576802253723,0.5516347885131836,-0.038296230137348175,0.4076424539089203,0.6245256662368774,-0.015709608793258667,0.3974466621875763,0.5730568766593933,-0.022802522405982018,0.39199474453926086,0.5415888428688049,-0.03098561428487301,0.38793784379959106,0.5147443413734436,-0.03768356889486313,0.4264718294143677,0.6257597208023071,-0.018886825069785118,0.42561811208724976,0.5775477886199951,-0.02715252712368965,0.4244586229324341,0.5470414161682129,-0.0364437997341156,0.42274609208106995,0.5212522745132446,-0.04371624067425728,0.44517433643341064,0.6372209191322327,-0.023340212181210518,0.45375704765319824,0.6037493944168091,-0.031525980681180954,0.45842212438583374,0.5814406275749207,-0.03664124011993408,0.4613972306251526,0.5611861348152161,-0.040755487978458405
0.4381907880306244,0.7376416921615601,2.3689602812737576e-07,0.41189882159233093,0.7269687056541443,-0.01378373708575964,0.3923417031764984,0.7019999027252197,-0.022008854895830154,0.40400436520576477,0.6743109822273254,-0.029289856553077698,0.4215906858444214,0.6556258797645569,-0.03688913583755493,0.38847002387046814,0.6381104588508606,-0.01407607737928629,0.3697483241558075,0.5993561744689941,-0.02333122491836548,0.359658807516098,0.574250340461731,-0.03125888854265213,0.35268861055374146,0.5521479249000549,-0.037715375423431396,0.4074234962463379,0.6245876550674438,-0.015616508200764656,0.39713653922080994,0.5731415748596191,-0.022561876103281975,0.39161044359207153,0.5419762134552002,-0.030664103105664253,0.387513667345047,0.5154703855514526,-0.03734115883708,0.4262697994709015,0.6256940960884094,-0.018854055553674698,0.4254956543445587,0.5772947072982788,-0.027078375220298767,0.42461439967155457,0.5471770763397217,-0.03623569384217262,0.42323416471481323,0.5218712091445923,-0.04343720152974129,0.44481775164604187,0.6371436715126038,-0.0233460683375597,0.4532812535762787,0.6036123037338257,-0.03159646317362785,0.45809465646743774,0.5815470218658447,-0.036622222512960434,0.46124008297920227,0.5617340803146362,-0.04066302627325058
0.43783918023109436,0.7381198406219482,2.386572361956496e-07,0.4115108251571655,0.7271615266799927,-0.013770283199846745,0.39239028096199036,0.7017647624015808,-0.02178986929357052,0.4047297239303589,0.6736651062965393,-0.02886042557656765,0.4222537577152252,0.6550089120864868,-0.036247171461582184,0.38846665620803833,0.6380037665367126,-0.013596770353615284,0.3693683445453644,0.599413275718689,-0.022729871794581413,0.35918986797332764,0.5743592381477356,-0.030616438016295433,0.3522631525993347,0.5524944067001343,-0.037012189626693726,0.40742209553718567,0.6245864033699036,-0.015072821639478207,0.3969176709651947,0.5731801390647888,-0.021895619109272957,0.39131230115890503,0.5419073700904846,-0.0298920851200819,0.38729411363601685,0.5155109167098999,-0.036422863602638245,0.4262896776199341,0.6259449124336243,-0.01830102689564228,0.42530766129493713,0.5776042342185974,-0.026515180245041847,0.42420709133148193,0.547439694404602,-0.03571547195315361,0.42273107171058655,0.521986186504364,-0.0428847074508667,0.44492200016975403,0.63763028383255,-0.02279273420572281,0.4534318447113037,0.6040939688682556,-0.031118564307689667,0.45827236771583557,0.5819296836853027,-0.036238253116607666,0.4614531397819519,0.5618355870246887,-0.04029062017798424
0.43776562809944153,0.7379167079925537,2.417218638584018e-07,0.4113156199455261,0.7270638346672058,-0.013964414596557617,0.39194241166114807,0.7021660804748535,-0.022337982431054115,0.40461787581443787,0.6747011542320251,-0.029756464064121246,0.42286571860313416,0.6565986275672913,-0.03748711198568344,0.3883135914802551,0.6383987665176392,-0.014036793261766434,0.3692348301410675,0.5994898080825806,-0.023442603647708893,0.3590875566005707,0.5744047164916992,-0.03148564323782921,0.3522143065929413,0.5525529384613037,-0.03798215091228485,0.4073413908481598,0.6249468922615051,-0.015482095070183277,0.39721277356147766,0.57337486743927,-0.022487247362732887,0.3916744589805603,0.5421566963195801,-0.03054434433579445,0.3875710070133209,0.5157872438430786,-0.03713765740394592,0.4262096583843231,0.6261560916900635,-0.018694749101996422,0.4254058599472046,0.5776515007019043,-0.026920713484287262,0.42425310611724854,0.547463595867157,-0.03604595363140106,0.4226641058921814,0.5220631957054138,-0.0432061068713665,0.4448648691177368,0.637746274471283,-0.023203400894999504,0.4534670412540436,0.6046454906463623,-0.031468186527490616,0.4582582414150238,0.5825161933898926,-0.036557309329509735,0.4613853096961975,0.5624811053276062,-0.040625110268592834
0.4376795291900635,0.7374005317687988,2.402367442755349e-07,0.41167524456977844,0.7266361713409424,-0.013887706212699413,0.3922905921936035,0.7021239995956421,-0.02213926427066326,0.4036817252635956,0.6743136644363403,-0.029418865218758583,0.4208618700504303,0.655256986618042,-0.0369802825152874,0.388406902551651,0.638430655002594,-0.014056072570383549,0.3693911135196686,0.5995829701423645,-0.023301683366298676,0.35927432775497437,0.5743871331214905,-0.031146572902798653,0.3523702919483185,0.552294135093689,-0.03751862421631813,0.40726181864738464,0.6248358488082886,-0.015495597384870052,0.3970358967781067,0.5733863115310669,-0.022478017956018448,0.39157211780548096,0.5422000885009766,-0.030485406517982483,0.3874812126159668,0.5157735347747803,-0.03703157976269722,0.4260668456554413,0.6259381175041199,-0.018666602671146393,0.4252854585647583,0.5775272846221924,-0.02696598879992962,0.42433610558509827,0.547310471534729,-0.036115195602178574,0.4228242039680481,0.5218194723129272,-0.04327907785773277,0.44465377926826477,0.6374188661575317,-0.023090612143278122,0.4533250331878662,0.6042366027832031,-0.03140629082918167,0.45821061730384827,0.582150936126709,-0.03651568293571472,0.461413711309433,0.5621126890182495,-0.04059549793601036
0.43799299001693726,0.7377637624740601,2.4162022782547865e-07,0.4119190275669098,0.7271126508712769,-0.013916878961026669,0.3918069303035736,0.7022588849067688,-0.022118745371699333,0.4034149646759033,0.6740587949752808,-0.029360009357333183,0.42243674397468567,0.6560380458831787,-0.03696110472083092,0.3886432349681854,0.6382525563240051,-0.014115564525127411,0.36950090527534485,0.5996471643447876,-0.023340940475463867,0.35928142070770264,0.5746263265609741,-0.03126520663499832,0.3522987961769104,0.5526760220527649,-0.03777711093425751,0.4074614644050598,0.6246341466903687,-0.01555231399834156,0.39709991216659546,0.573364794254303,-0.022545157000422478,0.39156675338745117,0.5421561598777771,-0.030611593276262283,0.3874581456184387,0.5155695676803589,-0.0372270867228508,0.42631688714027405,0.6258710026741028,-0.018716510385274887,0.4254523813724518,0.5773620009422302,-0.027088003233075142,0.4243438243865967,0.5468771457672119,-0.036509376019239426,0.4227500259876251,0.5213249325752258,-0.043862760066986084,0.4451062083244324,0.6376333236694336,-0.023134630173444748,0.45401862263679504,0.6042483448982239,-0.03163251653313637,0.45894110202789307,0.5819593071937561,-0.037016239017248154,0.46219009160995483,0.5619210600852966,-0.04129860922694206
0.43791091442108154,0.7373732328414917,2.4788525365693204e-07,0.41151413321495056,0.7271174788475037,-0.014609026722609997,0.39215606451034546,0.7014424204826355,-0.022903095930814743,0.4051676392555237,0.6731750965118408,-0.030103908851742744,0.42398491501808167,0.6555467844009399,-0.03761407732963562,0.38855496048927307,0.638366162776947,-0.014418854378163815,0.3693173825740814,0.5998015403747559,-0.023652829229831696,0.35908380150794983,0.5745728015899658,-0.03156018629670143,0.3521473705768585,0.5525563955307007,-0.03802265226840973,0.40756550431251526,0.6246814727783203,-0.015472108498215675,0.39699283242225647,0.57321697473526,-0.022383876144886017,0.39132338762283325,0.5418742299079895,-0.030295776203274727,0.3872661590576172,0.5152761936187744,-0.03675774484872818,0.4265187680721283,0.6257721185684204,-0.01834890805184841,0.4255981147289276,0.577497661113739,-0.026522837579250336,0.42424941062927246,0.5471993088722229,-0.0357794389128685,0.4225665330886841,0.5216634273529053,-0.04301324859261513,0.4454003572463989,0.6372566223144531,-0.022581107914447784,0.4540799856185913,0.6041880249977112,-0.030841581523418427,0.45885133743286133,0.5821914076805115,-0.03607621788978577,0.4620286822319031,0.5622313022613525,-0.04026409983634949
0.43838024139404297,0.7378728985786438,2.461481756199646e-07,0.4122941792011261,0.7275359630584717,-0.014430969953536987,0.392947793006897,0.7025233507156372,-0.022865168750286102,0.4042010009288788,0.6744446158409119,-0.03026707097887993,0.42108723521232605,0.6554213166236877,-0.03787609934806824,0.3887871503829956,0.6386188864707947,-0.014365935698151588,0.3694984018802643,0.6000682711601257,-0.02379506267607212,0.3594139516353607,0.5748410820960999,-0.03184924274682999,0.3526765704154968,0.5527281761169434,-0.0383201465010643,0.4076314866542816,0.6249430775642395,-0.015606089495122433,0.39705023169517517,0.573560893535614,-0.02265039272606373,0.3914576768875122,0.5420947670936584,-0.03070993535220623,0.3875233232975006,0.5153195858001709,-0.03724094107747078,0.4265282452106476,0.6259347200393677,-0.018646804615855217,0.42537862062454224,0.5775123238563538,-0.026934443041682243,0.42425450682640076,0.5472895503044128,-0.036112792789936066,0.42283815145492554,0.5219000577926636,-0.04325776547193527,0.4454052746295929,0.6372324824333191,-0.023014558479189873,0.45415544509887695,0.6038088798522949,-0.031279291957616806,0.4590471684932709,0.5817310214042664,-0.03638746589422226,0.462337851524353,0.5618250966072083,-0.04043274000287056
0.4387251138687134,0.7386153936386108,2.4467001935590815e-07,0.41212233901023865,0.728638768196106,-0.014418095350265503,0.39266619086265564,0.7026417255401611,-0.022460924461483955,0.40422892570495605,0.6736783385276794,-0.029476279392838478,0.42032283544540405,0.6540505290031433,-0.036668673157691956,0.38833916187286377,0.6385434865951538,-0.013488896191120148,0.3694024980068207,0.5999906659126282,-0.022502562031149864,0.3592579960823059,0.5749302506446838,-0.030329270288348198,0.3522932827472687,0.5530679225921631,-0.03665409982204437,0.4071906805038452,0.625019371509552,-0.01457960531115532,0.39642924070358276,0.5733597278594971,-0.021186809986829758,0.3907623589038849,0.5420953631401062,-0.028927916660904884,0.38684964179992676,0.5156586766242981,-0.035245295614004135,0.42616182565689087,0.6259649395942688,-0.017545979470014572,0.4249459207057953,0.5772212147712708,-0.025542281568050385,0.4236386716365814,0.5471610426902771,-0.034526433795690536,0.4220919609069824,0.5217616558074951,-0.04156411811709404,0.44513311982154846,0.6369917392730713,-0.021870620548725128,0.45390787720680237,0.6032190322875977,-0.029963940382003784,0.4589490294456482,0.5812137126922607,-0.034931864589452744,0.4623104929924011,0.5613303184509277,-0.0388876348733902
0.43838226795196533,0.7383875846862793,2.448987288516946e-07,0.4120766520500183,0.7288903594017029,-0.014522647485136986,0.3930298984050751,0.7026079297065735,-0.022505031898617744,0.4049448072910309,0.6730527281761169,-0.02946038357913494,0.421096533536911,0.6532101035118103,-0.03659789636731148,0.38781997561454773,0.6384533643722534,-0.013302990235388279,0.36882495880126953,0.5998489856719971,-0.02225828915834427,0.3587128221988678,0.5746533870697021,-0.03010537661612034,0.35182344913482666,0.5528509020805359,-0.036483682692050934,0.40687841176986694,0.6249470710754395,-0.014405200257897377,0.39596012234687805,0.5732460021972656,-0.020974669605493546,0.3901273012161255,0.5418612360954285,-0.028831489384174347,0.3861064016819,0.5152755975723267,-0.035280726850032806,0.42606064677238464,0.6259725689888,-0.01741255633533001,0.4245622456073761,0.5770032405853271,-0.025469649583101273,0.4232601523399353,0.5470626354217529,-0.03459346294403076,0.4218764007091522,0.5216947197914124,-0.04175174981355667,0.4452148973941803,0.6370663046836853,-0.021786553785204887,0.4538406431674957,0.6034582853317261,-0.03002895601093769,0.4587046205997467,0.5813796520233154,-0.03518664464354515,0.4619891047477722,0.5612710118293762,-0.03930198401212692
0.4380030035972595,0.7383468151092529,2.430478787118773e-07,0.4117940366268158,0.7283405065536499,-0.014421874657273293,0.39284878969192505,0.702788233757019,-0.022721918299794197,0.404971182346344,0.6740676760673523,-0.030041558668017387,0.42162495851516724,0.6543861627578735,-0.03758003190159798,0.3881622552871704,0.6392921209335327,-0.01396474614739418,0.36897116899490356,0.6004848480224609,-0.02328142337501049,0.3587471842765808,0.5754222273826599,-0.0312831811606884,0.3517916798591614,0.5536249876022339,-0.03772580251097679,0.40705177187919617,0.6257057189941406,-0.015238426625728607,0.3959912657737732,0.5737633109092712,-0.022134162485599518,0.3900524377822876,0.5423901081085205,-0.030154790729284286,0.3858596980571747,0.5157455801963806,-0.03671637922525406,0.4261833727359772,0.6266565322875977,-0.018353184685111046,0.42461174726486206,0.5775884389877319,-0.026592565700411797,0.423210084438324,0.54765784740448,-0.03570536524057388,0.4216843545436859,0.5224459171295166,-0.042840443551540375,0.4454076886177063,0.6377290487289429,-0.022815555334091187,0.4538201093673706,0.6039013862609863,-0.03110686130821705,0.45853859186172485,0.5816478729248047,-0.03617166727781296,0.46167171001434326,0.5614795684814453,-0.04020871967077255
0.43795251846313477,0.737664520740509,2.4917790142353624e-07,0.4117533266544342,0.7284290194511414,-0.014937064610421658,0.3925809860229492,0.7032219767570496,-0.023457907140254974,0.4045194089412689,0.6747713685035706,-0.030916394665837288,0.42122605443000793,0.6558640003204346,-0.03858749568462372,0.3882000148296356,0.6393975615501404,-0.014678621664643288,0.36904364824295044,0.6006790995597839,-0.024228811264038086,0.35883262753486633,0.5755665898323059,-0.03235562890768051,0.3519790768623352,0.5537871718406677,-0.03888323903083801,0.4069433808326721,0.6256897449493408,-0.015768833458423615,0.3958545923233032,0.5737519264221191,-0.02291199006140232,0.39000046253204346,0.5422958135604858,-0.031031543388962746,0.3859526515007019,0.5158005356788635,-0.03763635456562042,0.42602166533470154,0.6265983581542969,-0.018732160329818726,0.4244053363800049,0.5773693323135376,-0.02723720669746399,0.4231796860694885,0.5474984645843506,-0.036492567509412766,0.4218163788318634,0.5226144790649414,-0.043674442917108536,0.44532594084739685,0.637755811214447,-0.023078016936779022,0.4539622962474823,0.603801965713501,-0.031669095158576965,0.45885956287384033,0.5814215540885925,-0.03698103502392769,0.46210262179374695,0.5613335371017456,-0.04115528613328934
0.43811139464378357,0.7375367879867554,2.4701682832528604e-07,0.4120471477508545,0.7280141115188599,-0.014606679789721966,0.39294320344924927,0.703425407409668,-0.02296377345919609,0.4042942523956299,0.6754062175750732,-0.03025347925722599,0.41967451572418213,0.6551921367645264,-0.03773260861635208,0.38806769251823425,0.6390113234519958,-0.01426108367741108,0.36904484033584595,0.6004133224487305,-0.023541880771517754,0.35891205072402954,0.5752267837524414,-0.031464993953704834,0.35200512409210205,0.5532066226005554,-0.03785919398069382,0.40680548548698425,0.6253954172134399,-0.01540276501327753,0.39591583609580994,0.5737237334251404,-0.022353848442435265,0.39035218954086304,0.5422059893608093,-0.030354280024766922,0.38645684719085693,0.5155616998672485,-0.036911070346832275,0.42586371302604675,0.6263487339019775,-0.01840134523808956,0.424508661031723,0.5772565007209778,-0.02685616724193096,0.4233325123786926,0.5471087694168091,-0.03618352860212326,0.42190325260162354,0.5217277407646179,-0.04346144199371338,0.44500496983528137,0.6374735832214355,-0.022718120366334915,0.4538476765155792,0.603687584400177,-0.03132668510079384,0.45892560482025146,0.5813093781471252,-0.03669480234384537,0.46233442425727844,0.5609837770462036,-0.04093135520815849
0.4382205605506897,0.737416684627533,2.463406474362273e-07,0.4123389720916748,0.7279217839241028,-0.014308185316622257,0.392872154712677,0.7030785083770752,-0.02251465432345867,0.4043918550014496,0.6752129793167114,-0.029717810451984406,0.42103490233421326,0.6564604640007019,-0.03715671971440315,0.3878939747810364,0.638329803943634,-0.013921736739575863,0.36900806427001953,0.5996363162994385,-0.023070625960826874,0.3588937520980835,0.5743964314460754,-0.030956367030739784,0.35200586915016174,0.5524914264678955,-0.0373910628259182,0.4067886471748352,0.6249109506607056,-0.015271754004061222,0.3959067761898041,0.5734425783157349,-0.022195979952812195,0.39017724990844727,0.5419782996177673,-0.030183712020516396,0.3861617147922516,0.5156080722808838,-0.03672531619668007,0.4259585440158844,0.6260610818862915,-0.01845063827931881,0.42443349957466125,0.5766549706459045,-0.026905877515673637,0.42329245805740356,0.5465384721755981,-0.03612728789448738,0.4218921959400177,0.5212137699127197,-0.04332039877772331,0.4450749456882477,0.6374164819717407,-0.02293366938829422,0.4536508023738861,0.6037037372589111,-0.0316130705177784,0.4586004316806793,0.5813218951225281,-0.03691307082772255,0.46196165680885315,0.5609888434410095,-0.04109017178416252
0.43813297152519226,0.7375580072402954,2.4354304173357377e-07,0.41197964549064636,0.7277504801750183,-0.013915167190134525,0.392633855342865,0.7024125456809998,-0.022051798179745674,0.4047095775604248,0.6745823621749878,-0.029218506067991257,0.4222646653652191,0.6567234992980957,-0.036615438759326935,0.3879848122596741,0.6380890607833862,-0.013890119269490242,0.3691405951976776,0.5994901657104492,-0.02310640923678875,0.3590002655982971,0.5742787718772888,-0.030951013788580894,0.3520872890949249,0.552406907081604,-0.037277355790138245,0.4070587158203125,0.6247376203536987,-0.015376082621514797,0.39636674523353577,0.5731366872787476,-0.022297726944088936,0.39062952995300293,0.5416419506072998,-0.030130689963698387,0.3866101801395416,0.5153582692146301,-0.03646058216691017,0.42636170983314514,0.6259291172027588,-0.01860928349196911,0.4249252676963806,0.5770687460899353,-0.0269270408898592,0.4237362742424011,0.5467739105224609,-0.03580182418227196,0.42219600081443787,0.5214466452598572,-0.042664967477321625,0.4455384314060211,0.6373751759529114,-0.023121438920497894,0.45408740639686584,0.6035117506980896,-0.03142217919230461,0.4589618742465973,0.5813844203948975,-0.0362262986600399,0.46210747957229614,0.5615702271461487,-0.039991408586502075
0.4379208981990814,0.7375403642654419,2.429385119739891e-07,0.4118373394012451,0.7282073497772217,-0.01463969238102436,0.39232146739959717,0.7031920552253723,-0.02305426634848118,0.40359482169151306,0.6750649213790894,-0.030381591990590096,0.41961538791656494,0.6556097865104675,-0.037856459617614746,0.387842059135437,0.6383503675460815,-0.014503677375614643,0.3686828315258026,0.6000138521194458,-0.023944519460201263,0.35860157012939453,0.574985921382904,-0.031997889280319214,0.3518203794956207,0.5532059073448181,-0.03846052289009094,0.4067404866218567,0.6246472001075745,-0.015702638775110245,0.39576804637908936,0.5731901526451111,-0.022731684148311615,0.38996145129203796,0.5419304370880127,-0.030750636011362076,0.3858986496925354,0.5155973434448242,-0.037261370569467545,0.42596331238746643,0.6257700324058533,-0.0187308881431818,0.42459461092948914,0.5770395398139954,-0.027208419516682625,0.4234013259410858,0.5471212863922119,-0.03632328286767006,0.42197832465171814,0.5219725966453552,-0.04339606687426567,0.44526901841163635,0.6373758316040039,-0.023102255538105965,0.4539324641227722,0.6035951375961304,-0.03169305995106697,0.4588126242160797,0.5812892913818359,-0.036865148693323135,0.4619847238063812,0.5610595345497131,-0.04090780392289162
0.4379095733165741,0.7368175387382507,2.475461826634273e-07,0.41202640533447266,0.7281241416931152,-0.01485016942024231,0.3923409581184387,0.7038365006446838,-0.023173507302999496,0.40307360887527466,0.6756399273872375,-0.0303345937281847,0.4183386266231537,0.656008780002594,-0.037591997534036636,0.3874618411064148,0.6387023329734802,-0.014367563650012016,0.3683900833129883,0.6005326509475708,-0.023514579981565475,0.3583388924598694,0.5754576921463013,-0.03136425092816353,0.3515245020389557,0.5534707903862,-0.03773295506834984,0.4062518775463104,0.6247314810752869,-0.015313846990466118,0.39537960290908813,0.573390007019043,-0.022001948207616806,0.3899608254432678,0.5421327352523804,-0.02966598980128765,0.38619422912597656,0.5157920122146606,-0.035961050540208817,0.42537185549736023,0.6254932284355164,-0.018144048750400543,0.4243621230125427,0.5768252611160278,-0.02630886249244213,0.4233141541481018,0.5466122031211853,-0.03517020493745804,0.4218516945838928,0.5213617086410522,-0.04211786761879921,0.4445914924144745,0.6367404460906982,-0.022363029420375824,0.45358672738075256,0.603071928024292,-0.030661549419164658,0.4584755301475525,0.5809961557388306,-0.03567049279808998,0.46151337027549744,0.561121940612793,-0.039646346122026443
0.4377078413963318,0.7372958660125732,2.447669942284847e-07,0.41157642006874084,0.7283122539520264,-0.014822250232100487,0.3920131325721741,0.7033551931381226,-0.023100191727280617,0.40361130237579346,0.6751356720924377,-0.03020627051591873,0.4192909896373749,0.6548200249671936,-0.037475619465112686,0.387594610452652,0.6386688947677612,-0.014409821480512619,0.36850741505622864,0.6005480885505676,-0.023615974932909012,0.35849085450172424,0.5754480361938477,-0.03154568374156952,0.3516386151313782,0.5533974766731262,-0.03799230977892876,0.40649962425231934,0.6246342062950134,-0.015402290038764477,0.39571383595466614,0.5735176205635071,-0.02214706502854824,0.390227347612381,0.5423576235771179,-0.030084289610385895,0.3862919807434082,0.5158472061157227,-0.036607906222343445,0.425563246011734,0.6254474520683289,-0.01825379580259323,0.4245186746120453,0.5770531296730042,-0.026481425389647484,0.42331424355506897,0.5467024445533752,-0.03562716022133827,0.4217867851257324,0.5210414528846741,-0.04282183572649956,0.44454941153526306,0.6368162035942078,-0.022470388561487198,0.4533851146697998,0.6034524440765381,-0.030850054696202278,0.4581403136253357,0.581285834312439,-0.03598810359835625,0.46115198731422424,0.561174750328064,-0.04009285941720009
0.437794953584671,0.7374932169914246,2.478912790593313e-07,0.41191813349723816,0.7283910512924194,-0.01481273677200079,0.3920971751213074,0.7045772671699524,-0.02341935783624649,0.40274274349212646,0.6769810318946838,-0.030877411365509033,0.4182782769203186,0.6566130518913269,-0.03845467045903206,0.3877175748348236,0.6392295360565186,-0.014551645144820213,0.36874961853027344,0.6010813117027283,-0.023991631343960762,0.3587493896484375,0.5759620666503906,-0.032083552330732346,0.35194161534309387,0.5538746118545532,-0.03862057626247406,0.40658295154571533,0.6253281831741333,-0.015644697472453117,0.3956608772277832,0.5742219686508179,-0.02256505936384201,0.39019775390625,0.5430183410644531,-0.030521458014845848,0.38636547327041626,0.5164366364479065,-0.03705552592873573,0.42570555210113525,0.6261791586875916,-0.018606718629598618,0.42453616857528687,0.5777027606964111,-0.026914939284324646,0.4233733117580414,0.54757159948349,-0.03584687039256096,0.42185768485069275,0.522183895111084,-0.04288405925035477,0.4448815584182739,0.6374457478523254,-0.02294098399579525,0.45368775725364685,0.6039495468139648,-0.03128299489617348,0.4583689868450165,0.5817802548408508,-0.03625814989209175,0.4612977206707001,0.5616085529327393,-0.040234990417957306
0.4375934302806854,0.7378305196762085,2.453174090533139e-07,0.41162726283073425,0.7284668684005737,-0.014481283724308014,0.39169618487358093,0.7040261626243591,-0.022707581520080566,0.40291160345077515,0.6761748790740967,-0.029859188944101334,0.41950729489326477,0.6567664742469788,-0.03719408065080643,0.38769492506980896,0.6392085552215576,-0.014192965812981129,0.3685527741909027,0.6011492013931274,-0.023354068398475647,0.35849496722221375,0.5761170387268066,-0.031207570806145668,0.3516227602958679,0.5541477203369141,-0.03762013837695122,0.40646296739578247,0.6251711845397949,-0.01534687727689743,0.39577171206474304,0.5740581750869751,-0.022136151790618896,0.3903422951698303,0.542949914932251,-0.02993999794125557,0.3864363431930542,0.5166136622428894,-0.03634648025035858,0.4254571795463562,0.6260258555412292,-0.01833580620586872,0.42459288239479065,0.5775713920593262,-0.02661970816552639,0.4235650300979614,0.5473583340644836,-0.03564269095659256,0.42210298776626587,0.521961510181427,-0.042711496353149414,0.44448429346084595,0.6374900937080383,-0.0226670503616333,0.4536357820034027,0.6040958762168884,-0.031135194003582,0.458596795797348,0.5818824172019958,-0.036287274211645126,0.4617433547973633,0.5617944002151489,-0.04036592319607735
0.438107430934906,0.7376986145973206,2.445090672154038e-07,0.41203370690345764,0.7285654544830322,-0.015112653374671936,0.3923722505569458,0.7037975788116455,-0.02351776510477066,0.4033310115337372,0.6748051643371582,-0.030676931142807007,0.419160932302475,0.6544879078865051,-0.037938352674245834,0.3875553607940674,0.6391213536262512,-0.01465611718595028,0.3683038353919983,0.6006929874420166,-0.02385772205889225,0.35817956924438477,0.5754057168960571,-0.03175351023674011,0.3513384759426117,0.5532262921333313,-0.038143157958984375,0.4064923822879791,0.6249804496765137,-0.015428170561790466,0.395712673664093,0.5737625360488892,-0.022113563492894173,0.3901379704475403,0.5425500869750977,-0.02987372875213623,0.3861923813819885,0.5161506533622742,-0.03623790293931961,0.4256102442741394,0.6257240772247314,-0.01807251200079918,0.42453494668006897,0.577450156211853,-0.026160797104239464,0.4234163463115692,0.5471422076225281,-0.035083476454019547,0.4219297468662262,0.5216430425643921,-0.04211113601922989,0.4446817934513092,0.6370028853416443,-0.02211874909698963,0.45339882373809814,0.6035049557685852,-0.030293794348835945,0.45825642347335815,0.581504762172699,-0.03523654490709305,0.4613204896450043,0.5616700649261475,-0.03918905928730965
0.4377417266368866,0.737593412399292,2.449035036988789e-07,0.4116898477077484,0.7281227707862854,-0.014390168711543083,0.39175814390182495,0.7030490040779114,-0.02245357818901539,0.4034254848957062,0.6747857332229614,-0.029417911544442177,0.4207446277141571,0.6562776565551758,-0.03662979602813721,0.38739198446273804,0.6387878656387329,-0.014180431142449379,0.3681827485561371,0.6004022359848022,-0.023094717413187027,0.3580804765224457,0.5752661228179932,-0.030821988359093666,0.3512111306190491,0.5532271265983582,-0.03717774525284767,0.4062907099723816,0.6248849034309387,-0.015241788700222969,0.3956027030944824,0.5734391212463379,-0.021683508530259132,0.39014723896980286,0.5422688126564026,-0.02930244617164135,0.38634902238845825,0.5158894062042236,-0.035626087337732315,0.4253997206687927,0.6258330941200256,-0.01809184066951275,0.42439720034599304,0.5771429538726807,-0.02596193738281727,0.4232851266860962,0.5468412041664124,-0.03488548845052719,0.42185670137405396,0.5214762687683105,-0.04195114225149155,0.44445139169692993,0.6373938322067261,-0.022286228835582733,0.45318669080734253,0.6038047075271606,-0.030347082763910294,0.45803192257881165,0.581753671169281,-0.03529060631990433,0.4611419141292572,0.5619266629219055,-0.039288874715566635
0.4373699128627777,0.7376478910446167,2.490721442427457e-07,0.4114309549331665,0.7281901836395264,-0.014593980275094509,0.39156997203826904,0.7034412622451782,-0.023032071068882942,0.4031583368778229,0.6753326654434204,-0.030341099947690964,0.4206680953502655,0.6565873026847839,-0.03786630928516388,0.38746750354766846,0.6389042139053345,-0.014878453686833382,0.3683297336101532,0.6004844903945923,-0.024152621626853943,0.35819682478904724,0.5754684805870056,-0.03204580023884773,0.351306289434433,0.553403913974762,-0.03844808414578438,0.4063855707645416,0.6249688863754272,-0.015971150249242783,0.3958665728569031,0.5731601715087891,-0.0227461289614439,0.3905322253704071,0.5417226552963257,-0.03051409125328064,0.38672712445259094,0.5150676369667053,-0.036888640373945236,0.4254562556743622,0.6259568333625793,-0.018835045397281647,0.42473548650741577,0.577567458152771,-0.026921728625893593,0.42370858788490295,0.5469539165496826,-0.03587339073419571,0.4221677780151367,0.5213413238525391,-0.04289700463414192,0.4444316625595093,0.6375572085380554,-0.023046337068080902,0.4533785581588745,0.6036531925201416,-0.031051170080900192,0.4582803249359131,0.5814152359962463,-0.035870544612407684,0.461311012506485,0.561592161655426,-0.039770714938640594
0.4371611177921295,0.7375879287719727,2.397053435743146e-07,0.4111901819705963,0.7281637191772461,-0.014459419995546341,0.3914877474308014,0.7033878564834595,-0.02273849956691265,0.40296098589897156,0.6753639578819275,-0.029943188652396202,0.42000406980514526,0.6563310027122498,-0.037365056574344635,0.38738009333610535,0.638846755027771,-0.01431868877261877,0.3681325316429138,0.6004683971405029,-0.02353927306830883,0.3580787181854248,0.5754510164260864,-0.03143220767378807,0.3512926697731018,0.553644597530365,-0.037839218974113464,0.40633466839790344,0.624912440776825,-0.015523911453783512,0.3956066966056824,0.5734481811523438,-0.02224237099289894,0.39004603028297424,0.542262077331543,-0.030050870031118393,0.38608601689338684,0.5159239768981934,-0.036494940519332886,0.42549198865890503,0.6259121894836426,-0.018544210121035576,0.4243001937866211,0.5770187973976135,-0.026696257293224335,0.4233286380767822,0.5468750596046448,-0.03568071499466896,0.4219510853290558,0.5215393900871277,-0.042768798768520355,0.44457176327705383,0.6375695466995239,-0.022899925708770752,0.45321327447891235,0.6040834784507751,-0.0311879999935627,0.45806822180747986,0.5819766521453857,-0.036194007843732834,0.46112489700317383,0.5620036721229553,-0.04021281749010086
0.4372733235359192,0.7373316287994385,2.4299924916704185e-07,0.4112434387207031,0.7281696200370789,-0.014469875954091549,0.39155709743499756,0.7039026618003845,-0.022759482264518738,0.4023917615413666,0.6761597990989685,-0.029962709173560143,0.4186324179172516,0.6565243601799011,-0.03733369708061218,0.3872566819190979,0.6388785243034363,-0.0142075689509511,0.36800119280815125,0.6008687019348145,-0.023483779281377792,0.3578506410121918,0.5758853554725647,-0.03138245642185211,0.3509884774684906,0.5539294481277466,-0.03777550533413887,0.40614181756973267,0.6249474883079529,-0.015352047979831696,0.3956097960472107,0.5737204551696777,-0.02223719097673893,0.39021575450897217,0.542588472366333,-0.030088339000940323,0.3863353431224823,0.5161608457565308,-0.036506287753582,0.4251662492752075,0.6257530450820923,-0.018323345109820366,0.42433246970176697,0.5774145126342773,-0.02671990357339382,0.42328551411628723,0.5471949577331543,-0.0357816144824028,0.42169851064682007,0.5217621922492981,-0.0428447388112545,0.4441852271556854,0.6371618509292603,-0.02261188067495823,0.45323845744132996,0.6039072275161743,-0.0311077032238245,0.45827415585517883,0.5818618535995483,-0.036226481199264526,0.461357980966568,0.5618839859962463,-0.04026461020112038
0.43734684586524963,0.7370295524597168,2.39737659057937e-07,0.4115951359272003,0.7276591062545776,-0.014537237584590912,0.3918478786945343,0.7033361196517944,-0.023035654798150063,0.4021225571632385,0.6752726435661316,-0.030429521575570107,0.41829174757003784,0.6555508971214294,-0.038008712232112885,0.3876161277294159,0.6382961273193359,-0.014886953867971897,0.36820662021636963,0.6002195477485657,-0.02442196011543274,0.3579866290092468,0.5752288103103638,-0.03246410936117172,0.3510268032550812,0.5533482432365417,-0.0389382429420948,0.40636181831359863,0.6246105432510376,-0.01616619899868965,0.3956701159477234,0.573198676109314,-0.02328908070921898,0.3901771306991577,0.5419313311576843,-0.03122088313102722,0.38624173402786255,0.5154781341552734,-0.037685576826334,0.4254175126552582,0.6257405877113342,-0.019238971173763275,0.424294650554657,0.5772572755813599,-0.02775188907980919,0.423050194978714,0.546800971031189,-0.036843761801719666,0.4213850498199463,0.5210866928100586,-0.04396156966686249,0.44449424743652344,0.6374515295028687,-0.023630695417523384,0.45329907536506653,0.6039278507232666,-0.03218582272529602,0.458200603723526,0.5816054940223694,-0.037314273416996,0.4612518846988678,0.5613462328910828,-0.041384901851415634
0.43780529499053955,0.7366591691970825,2.427267133953137e-07,0.41200166940689087,0.7276946306228638,-0.014787397347390652,0.3923738896846771,0.7035767436027527,-0.02324553392827511,0.40265142917633057,0.6752773523330688,-0.03051699511706829,0.41731157898902893,0.6543741822242737,-0.03788201883435249,0.3875606954097748,0.638180673122406,-0.01456485129892826,0.3681008815765381,0.6001087427139282,-0.023943329229950905,0.35776689648628235,0.5751535296440125,-0.0319070890545845,0.3507026731967926,0.5533803701400757,-0.038262441754341125,0.40632492303848267,0.6241769194602966,-0.015564222820103168,0.3957129120826721,0.5727483630180359,-0.022445926442742348,0.3900866210460663,0.541467010974884,-0.030282743275165558,0.38598302006721497,0.5151326656341553,-0.03665986284613609,0.4253147542476654,0.624954879283905,-0.018413318321108818,0.4243271052837372,0.5764058828353882,-0.02669590711593628,0.4231055974960327,0.5460180640220642,-0.0356588177382946,0.4214203357696533,0.520458459854126,-0.04268519580364227,0.44427964091300964,0.6362817883491516,-0.02260694094002247,0.45315060019493103,0.6029780507087708,-0.030895404517650604,0.45804956555366516,0.5809217095375061,-0.035826075822114944,0.46109455823898315,0.5609339475631714,-0.0397396981716156
0.43739041686058044,0.7371699213981628,2.434999828437867e-07,0.4112241864204407,0.7273430228233337,-0.014340870082378387,0.39174604415893555,0.7024912238121033,-0.02258818782866001,0.40349143743515015,0.6750829815864563,-0.029764195904135704,0.419660747051239,0.6554839611053467,-0.037161823362112045,0.38769665360450745,0.6383737325668335,-0.014384384267032146,0.36823779344558716,0.6001793146133423,-0.023633452132344246,0.3579111695289612,0.5752489566802979,-0.03153588995337486,0.3507746160030365,0.5533480644226074,-0.03791435435414314,0.4063415229320526,0.6243625283241272,-0.015578042715787888,0.3957071900367737,0.5728237628936768,-0.022353025153279305,0.3901214599609375,0.5415719747543335,-0.030239304527640343,0.38605308532714844,0.5149612426757812,-0.036691922694444656,0.42534199357032776,0.6251876354217529,-0.018548091873526573,0.42419081926345825,0.5763174295425415,-0.02672463469207287,0.42300301790237427,0.5459671020507812,-0.035789746791124344,0.42142924666404724,0.5203679203987122,-0.042894184589385986,0.4443538188934326,0.6366125345230103,-0.022823533043265343,0.45316195487976074,0.6029646396636963,-0.031030161306262016,0.4581950008869171,0.5809009671211243,-0.035945404320955276,0.46146824955940247,0.5609980225563049,-0.039863258600234985
0.4365278482437134,0.7380814552307129,2.373182184101097e-07,0.4110264182090759,0.7279343605041504,-0.014203177765011787,0.39159563183784485,0.7032564878463745,-0.022659536451101303,0.4029501974582672,0.6758553981781006,-0.030069606378674507,0.4194880425930023,0.6561935544013977,-0.037675462663173676,0.3877720832824707,0.6387720108032227,-0.014819393865764141,0.36862242221832275,0.6004148125648499,-0.024325426667928696,0.35837316513061523,0.5757268667221069,-0.03235433250665665,0.35125070810317993,0.55422043800354,-0.03881862014532089,0.40625375509262085,0.625156044960022,-0.01619044505059719,0.3957010507583618,0.5733726024627686,-0.023299792781472206,0.3902224600315094,0.5419881343841553,-0.031273238360881805,0.3860997259616852,0.5153956413269043,-0.037785179913043976,0.4251521825790405,0.6264204978942871,-0.01930130645632744,0.42401328682899475,0.5775818228721619,-0.027783332392573357,0.4229137599468231,0.547211229801178,-0.03689165413379669,0.4211867153644562,0.5216148495674133,-0.04399816319346428,0.4442597031593323,0.6382755637168884,-0.02368917688727379,0.45329564809799194,0.6039466261863708,-0.032085202634334564,0.45832160115242004,0.5815457105636597,-0.03711898997426033,0.46137601137161255,0.5614261031150818,-0.04113747552037239
0.43797850608825684,0.7381567358970642,2.3877404942140856e-07,0.411853164434433,0.7286954522132874,-0.013979830779135227,0.39165645837783813,0.7040160298347473,-0.021977638825774193,0.40268194675445557,0.6757668256759644,-0.028974581509828568,0.41916656494140625,0.6556660532951355,-0.036221735179424286,0.3874845802783966,0.6395962834358215,-0.013804635033011436,0.368455171585083,0.601016104221344,-0.022769875824451447,0.35836803913116455,0.5758394598960876,-0.03053480200469494,0.351438045501709,0.5536949038505554,-0.03691050782799721,0.4063875079154968,0.6256968379020691,-0.015148821286857128,0.3959317207336426,0.574012041091919,-0.021821796894073486,0.3906186819076538,0.5427217483520508,-0.029873518273234367,0.3867757320404053,0.5161044597625732,-0.0365169495344162,0.42546921968460083,0.6264057159423828,-0.01823911815881729,0.42441526055336,0.5780286192893982,-0.026479771360754967,0.42336970567703247,0.5474337935447693,-0.035879041999578476,0.42189809679985046,0.521753191947937,-0.04323912411928177,0.4445900022983551,0.6375781893730164,-0.022575411945581436,0.45307502150535583,0.6035930514335632,-0.03091803379356861,0.4581652283668518,0.5813643336296082,-0.036078598350286484,0.4615901708602905,0.5615140199661255,-0.04021484777331352
0.4368186593055725,0.7391485571861267,2.3622914113730076e-07,0.41064998507499695,0.728566586971283,-0.013984636403620243,0.3913556635379791,0.7028551697731018,-0.022000784054398537,0.403369665145874,0.6745616793632507,-0.029035067185759544,0.4201398491859436,0.6555033922195435,-0.0363275483250618,0.387694776058197,0.6391639113426208,-0.013879011385142803,0.36860859394073486,0.6004126071929932,-0.02298394776880741,0.35847699642181396,0.5753309726715088,-0.030815057456493378,0.35151544213294983,0.5535605549812317,-0.03717401623725891,0.40636685490608215,0.6255064010620117,-0.015221066772937775,0.395704448223114,0.5736832618713379,-0.021937115117907524,0.3899850845336914,0.5424894094467163,-0.02980857901275158,0.38578957319259644,0.5162709951400757,-0.03626857325434685,0.42533671855926514,0.626616358757019,-0.0183195061981678,0.42397749423980713,0.5776949524879456,-0.02635311335325241,0.4228084087371826,0.5475794672966003,-0.03538953512907028,0.4213639497756958,0.5225120782852173,-0.04250117391347885,0.4443897008895874,0.6382428407669067,-0.022721081972122192,0.45310765504837036,0.6042687296867371,-0.030858099460601807,0.4580390453338623,0.582007646560669,-0.03586658090353012,0.4613396227359772,0.5621926188468933,-0.039876412600278854
0.43710315227508545,0.7387713193893433,2.3590300202158687e-07,0.41106629371643066,0.729137122631073,-0.014398838393390179,0.39152270555496216,0.7039996385574341,-0.02255430817604065,0.4027634561061859,0.6757155060768127,-0.029653524979948997,0.41882064938545227,0.6556389927864075,-0.03693985939025879,0.3877524137496948,0.6396697163581848,-0.014071563258767128,0.36864328384399414,0.6012631058692932,-0.02337106317281723,0.3585883677005768,0.576382577419281,-0.03136274218559265,0.35167890787124634,0.5549254417419434,-0.03781246766448021,0.40633320808410645,0.6258033514022827,-0.015258693136274815,0.3956994116306305,0.5739320516586304,-0.022091668099164963,0.39005187153816223,0.5424726009368896,-0.030023258179426193,0.3858942985534668,0.5159672498703003,-0.03653442859649658,0.4252529442310333,0.6267920732498169,-0.018284408375620842,0.42408841848373413,0.5779537558555603,-0.026519808918237686,0.4228098690509796,0.5477068424224854,-0.03570355102419853,0.42118027806282043,0.5222858786582947,-0.04293361306190491,0.44431769847869873,0.6383408904075623,-0.022640690207481384,0.453317254781723,0.6048097610473633,-0.030993858352303505,0.458279550075531,0.5825710296630859,-0.03621324524283409,0.46149182319641113,0.5624004006385803,-0.0403960645198822
0.43736329674720764,0.7379990220069885,2.441112485485064e-07,0.4114861488342285,0.7282462120056152,-0.014660310000181198,0.39210206270217896,0.7034765481948853,-0.022974584251642227,0.40319687128067017,0.6756095886230469,-0.030174564570188522,0.41889095306396484,0.6557213664054871,-0.03750721365213394,0.3875081241130829,0.6390042304992676,-0.01421389915049076,0.36799687147140503,0.6007996201515198,-0.023515457287430763,0.357858806848526,0.5757330060005188,-0.03148568421602249,0.35103750228881836,0.5539469718933105,-0.0378684401512146,0.40626880526542664,0.6251548528671265,-0.015252352692186832,0.395536869764328,0.5738633871078491,-0.021973859518766403,0.38999682664871216,0.5425833463668823,-0.02980743534862995,0.38605767488479614,0.5161881446838379,-0.036225415766239166,0.4253101348876953,0.6260741353034973,-0.018158212304115295,0.42427030205726624,0.5775117874145508,-0.02622174471616745,0.4230380654335022,0.5472763776779175,-0.03522110730409622,0.42141827940940857,0.5218837261199951,-0.04231064394116402,0.4443857669830322,0.637469470500946,-0.022428149357438087,0.4533858597278595,0.6040332317352295,-0.030559075996279716,0.45828568935394287,0.581847608089447,-0.03554131090641022,0.4614092707633972,0.5617847442626953,-0.039531201124191284
0.43734923005104065,0.7377843260765076,2.413658251043671e-07,0.41143909096717834,0.7284913063049316,-0.014575766399502754,0.3917499780654907,0.7041744589805603,-0.02294943295419216,0.40280526876449585,0.6764301061630249,-0.03019838035106659,0.41886380314826965,0.6564284563064575,-0.037591662257909775,0.3875318765640259,0.638944149017334,-0.014461228623986244,0.36812764406204224,0.6006863713264465,-0.023819025605916977,0.35791558027267456,0.5755556225776672,-0.031751424074172974,0.3510362505912781,0.5536801218986511,-0.038108985871076584,0.40643414855003357,0.6250337362289429,-0.015620922669768333,0.3957234025001526,0.573729395866394,-0.022490793839097023,0.3901861310005188,0.5423493385314941,-0.030377265065908432,0.3862529695034027,0.5158452391624451,-0.03680431470274925,0.4255129098892212,0.6259773969650269,-0.018608441576361656,0.42462530732154846,0.5774826407432556,-0.026931965723633766,0.42359256744384766,0.5469520092010498,-0.0359978973865509,0.42203614115715027,0.5211756825447083,-0.0430750772356987,0.44454333186149597,0.6375519037246704,-0.022919021546840668,0.4534836709499359,0.6039526462554932,-0.0312667191028595,0.45847252011299133,0.5818712115287781,-0.03624510392546654,0.4615510404109955,0.5618959665298462,-0.040188975632190704
0.43777114152908325,0.737730085849762,2.4275581722577044e-07,0.41183048486709595,0.7288006544113159,-0.014891678467392921,0.392077773809433,0.7045890092849731,-0.023415111005306244,0.40234747529029846,0.6761719584465027,-0.03074142523109913,0.41730454564094543,0.655587375164032,-0.03816501051187515,0.3875158429145813,0.6394044756889343,-0.014867084100842476,0.3681546151638031,0.6011649370193481,-0.024326292797923088,0.3578941524028778,0.5759795308113098,-0.032329011708498,0.35098105669021606,0.5540039539337158,-0.03872444108128548,0.40628841519355774,0.6253606081008911,-0.01584514230489731,0.3956696093082428,0.574065089225769,-0.022803787142038345,0.39015302062034607,0.542786180973053,-0.030722947791218758,0.386227548122406,0.5162733793258667,-0.03717035427689552,0.42526814341545105,0.6260339021682739,-0.018658922985196114,0.4242364168167114,0.5776212215423584,-0.026993369683623314,0.4231591522693634,0.5473557710647583,-0.03599432110786438,0.4216797351837158,0.5218880772590637,-0.04304548352956772,0.4442967474460602,0.6372902989387512,-0.022827593609690666,0.4530819356441498,0.6038898229598999,-0.03115616925060749,0.4580254554748535,0.5818629264831543,-0.03614966571331024,0.46117910742759705,0.5619826912879944,-0.04010972008109093
0.4376215934753418,0.7376207709312439,2.4342955384781817e-07,0.4117123782634735,0.7287064790725708,-0.015157242305576801,0.39230141043663025,0.7046360969543457,-0.02376551553606987,0.40239402651786804,0.6758259534835815,-0.031122278422117233,0.416883647441864,0.6542227268218994,-0.03852882981300354,0.3875925540924072,0.6393178701400757,-0.01488439366221428,0.36831626296043396,0.6011384129524231,-0.024379553273320198,0.35809746384620667,0.5760477185249329,-0.032432518899440765,0.35120734572410583,0.5540726184844971,-0.038894668221473694,0.40622377395629883,0.6252584457397461,-0.015711680054664612,0.39553409814834595,0.5737977623939514,-0.02263827994465828,0.3901803493499756,0.5426000356674194,-0.030445246025919914,0.3864157199859619,0.516243577003479,-0.036832235753536224,0.4252009689807892,0.6260517835617065,-0.018433067947626114,0.4241141080856323,0.5773484110832214,-0.026809921488165855,0.4230877161026001,0.5471583008766174,-0.03576510399580002,0.42171403765678406,0.521845281124115,-0.042804867029190063,0.44430893659591675,0.6374629735946655,-0.02253687009215355,0.45332765579223633,0.6040914058685303,-0.031053779646754265,0.45839399099349976,0.5821501612663269,-0.036206841468811035,0.46164780855178833,0.5623205304145813,-0.040265701711177826
0.4372307360172272,0.7380062341690063,2.440549451421248e-07,0.4112864136695862,0.7284681797027588,-0.014802718535065651,0.3917328119277954,0.7038471698760986,-0.023220889270305634,0.40298983454704285,0.6756553053855896,-0.03048708476126194,0.4190356731414795,0.6556375026702881,-0.03792017698287964,0.3875855803489685,0.6391924023628235,-0.014722440391778946,0.36823034286499023,0.6007890701293945,-0.024148497730493546,0.3581327497959137,0.5757120847702026,-0.03221040964126587,0.35130131244659424,0.553834080696106,-0.03869153559207916,0.40627020597457886,0.6253359317779541,-0.015708360821008682,0.39541763067245483,0.5736992955207825,-0.02255842089653015,0.38998478651046753,0.5424072742462158,-0.030461767688393593,0.38616853952407837,0.5159564018249512,-0.03695077821612358,0.4252220392227173,0.6263198852539062,-0.018537433817982674,0.4241064488887787,0.5778388381004333,-0.026744931936264038,0.42294374108314514,0.547661542892456,-0.03581656888127327,0.4214361608028412,0.5224305391311646,-0.04295406490564346,0.44429677724838257,0.6378017067909241,-0.02273126319050789,0.4531928598880768,0.6040464043617249,-0.03105895221233368,0.45817965269088745,0.5819542407989502,-0.036153629422187805,0.4613747000694275,0.562108039855957,-0.04021446034312248
0.4372594356536865,0.7378015518188477,2.4241751361842034e-07,0.41137808561325073,0.7284531593322754,-0.014548741281032562,0.39145857095718384,0.7040377855300903,-0.022967899218201637,0.40249550342559814,0.6761753559112549,-0.03028915263712406,0.41891783475875854,0.6565268635749817,-0.03779134154319763,0.3874697983264923,0.639116644859314,-0.01475626602768898,0.36821937561035156,0.6006601452827454,-0.024201825261116028,0.35816529393196106,0.5755288600921631,-0.03223646432161331,0.35129809379577637,0.5537103414535522,-0.0387045294046402,0.40617042779922485,0.6252625584602356,-0.015913240611553192,0.3955916464328766,0.5734992027282715,-0.0228124912828207,0.39007970690727234,0.5423166751861572,-0.030737323686480522,0.38600054383277893,0.5160453915596008,-0.03724048659205437,0.42513468861579895,0.6260402798652649,-0.018872080370783806,0.4234851896762848,0.5774235725402832,-0.02709566056728363,0.4219481647014618,0.5474803447723389,-0.03614417463541031,0.42007413506507874,0.5225698947906494,-0.043254654854536057,0.4442976415157318,0.6373290419578552,-0.02317376807332039,0.4529517889022827,0.6035357713699341,-0.03149552643299103,0.45794013142585754,0.581339955329895,-0.03659955412149429,0.46122148633003235,0.5615857839584351,-0.04065943881869316
0.437199205160141,0.7381715774536133,2.459796348830423e-07,0.4111205041408539,0.7285130023956299,-0.014531662687659264,0.3914034366607666,0.7035720348358154,-0.022917285561561584,0.40297919511795044,0.6755893230438232,-0.030247952789068222,0.419950395822525,0.6565531492233276,-0.03777503967285156,0.387431263923645,0.6391706466674805,-0.014564307406544685,0.3680732548236847,0.6007163524627686,-0.023982899263501167,0.3578093945980072,0.5756306648254395,-0.03197343274950981,0.35072991251945496,0.5538151264190674,-0.03842281550168991,0.4061286747455597,0.6253545880317688,-0.015759587287902832,0.39565831422805786,0.5735291838645935,-0.0227509718388319,0.39004990458488464,0.5422142744064331,-0.03065646067261696,0.38593488931655884,0.5158789753913879,-0.037079647183418274,0.42515334486961365,0.6262682676315308,-0.018765738233923912,0.4235287010669708,0.5774205923080444,-0.027061564847826958,0.4219144284725189,0.547382116317749,-0.036081112921237946,0.4200139045715332,0.5223100185394287,-0.043110840022563934,0.4444195032119751,0.6377435326576233,-0.023127427324652672,0.45319223403930664,0.6039047241210938,-0.03146832063794136,0.4581136703491211,0.581541121006012,-0.03655976429581642,0.46135568618774414,0.5615333914756775,-0.040571264922618866
0.4374399781227112,0.7376136183738708,2.448704776725208e-07,0.4114544689655304,0.728404700756073,-0.014979811385273933,0.39199066162109375,0.7042813897132874,-0.023567693307995796,0.4025624096393585,0.6759658455848694,-0.03094141185283661,0.4176507592201233,0.6552074551582336,-0.038409143686294556,0.38763001561164856,0.6392549276351929,-0.014980283565819263,0.3682861328125,0.6008909940719604,-0.024463564157485962,0.3581516742706299,0.5757375359535217,-0.032489605247974396,0.35124126076698303,0.5537254810333252,-0.038908615708351135,0.4063413143157959,0.6252993941307068,-0.01589263789355755,0.39575687050819397,0.5737135410308838,-0.022826582193374634,0.39028406143188477,0.5425024628639221,-0.030733991414308548,0.38630858063697815,0.516074001789093,-0.037188440561294556,0.4253551661968231,0.6260778307914734,-0.018642352893948555,0.42383378744125366,0.5779094696044922,-0.02692173421382904,0.422286719083786,0.5477484464645386,-0.035920463502407074,0.4204571545124054,0.5224933624267578,-0.04297933354973793,0.4445253908634186,0.6373357176780701,-0.02276642806828022,0.45318442583084106,0.6037437319755554,-0.031058035790920258,0.45811185240745544,0.5815956592559814,-0.036072440445423126,0.4613110423088074,0.5617250800132751,-0.040052421391010284
0.43711546063423157,0.7377756834030151,2.413069353224273e-07,0.4113464951515198,0.7280735969543457,-0.014708789065480232,0.3918270766735077,0.7034008502960205,-0.02311369962990284,0.4026932418346405,0.6751804351806641,-0.030404800549149513,0.41845470666885376,0.6549066305160522,-0.03782981261610985,0.38768014311790466,0.6389829516410828,-0.014514615759253502,0.36856070160865784,0.6006444692611694,-0.023896923288702965,0.3585595488548279,0.5756428837776184,-0.03187749534845352,0.35175463557243347,0.5539144277572632,-0.03830578178167343,0.40642666816711426,0.6253190040588379,-0.015610557980835438,0.3957902193069458,0.5737637877464294,-0.022518068552017212,0.3901847302913666,0.5426563024520874,-0.030429571866989136,0.38603731989860535,0.5161888599395752,-0.03689722344279289,0.42550358176231384,0.6263891458511353,-0.018558673560619354,0.4240413308143616,0.5778214931488037,-0.026909543201327324,0.4226715862751007,0.5479442477226257,-0.03597384691238403,0.42099279165267944,0.5227797627449036,-0.04306839033961296,0.44473996758461,0.6378824710845947,-0.022860245779156685,0.4534611701965332,0.6042966246604919,-0.03133823722600937,0.45843198895454407,0.5819856524467468,-0.03650446981191635,0.4616411626338959,0.5617556571960449,-0.04058852791786194
0.4373553395271301,0.7376833558082581,2.470062270276685e-07,0.4112710952758789,0.728351354598999,-0.015046781860291958,0.3918711841106415,0.7038360238075256,-0.023655124008655548,0.40326499938964844,0.6759186387062073,-0.031099863350391388,0.4192894697189331,0.656471848487854,-0.03868158161640167,0.3877119719982147,0.6390871405601501,-0.014794429764151573,0.3685418665409088,0.6009385585784912,-0.024283912032842636,0.3583942651748657,0.576043963432312,-0.032337453216314316,0.35153499245643616,0.5544198751449585,-0.038802944123744965,0.40643396973609924,0.625261127948761,-0.0157528817653656,0.39574936032295227,0.5739745497703552,-0.022823451086878777,0.39015328884124756,0.5429386496543884,-0.03087032586336136,0.3860815167427063,0.5167099833488464,-0.03739788755774498,0.4254414439201355,0.6261521577835083,-0.018589016050100327,0.4239845871925354,0.577622652053833,-0.02710491418838501,0.4226231575012207,0.5477258563041687,-0.036369722336530685,0.4209319055080414,0.5227071642875671,-0.043547552078962326,0.4446912407875061,0.63752681016922,-0.022802699357271194,0.4535711109638214,0.6040393710136414,-0.03141414374113083,0.45843440294265747,0.5817927718162537,-0.0367610938847065,0.46151718497276306,0.561677873134613,-0.04093810170888901
0.4374512732028961,0.7378510236740112,2.4773393647592457e-07,0.41129618883132935,0.7282546162605286,-0.014934280887246132,0.39182355999946594,0.7036850452423096,-0.023519916459918022,0.4034566879272461,0.6759467720985413,-0.030953064560890198,0.42001771926879883,0.6567203998565674,-0.03850790113210678,0.387590229511261,0.6390958428382874,-0.014678273350000381,0.3682941794395447,0.6007781028747559,-0.024107804521918297,0.3582341969013214,0.5757420063018799,-0.0321369543671608,0.35149428248405457,0.5540308356285095,-0.038581762462854385,0.40639662742614746,0.6253243684768677,-0.015657523646950722,0.3957822620868683,0.5740001797676086,-0.022604744881391525,0.39021408557891846,0.5428856015205383,-0.030578097328543663,0.38620051741600037,0.516576886177063,-0.037058282643556595,0.42545318603515625,0.6262902021408081,-0.018494732677936554,0.4240436255931854,0.5777100324630737,-0.02681596577167511,0.4226006865501404,0.5478154420852661,-0.035906124860048294,0.4208407998085022,0.5227318406105042,-0.042984336614608765,0.4447045624256134,0.6377695202827454,-0.022708389908075333,0.45356321334838867,0.6043888330459595,-0.031116563826799393,0.4584484100341797,0.5822076201438904,-0.036242641508579254,0.4615916609764099,0.5621852874755859,-0.04026608169078827
0.4375494420528412,0.737885057926178,2.4807033582874283e-07,0.4115228056907654,0.7284045815467834,-0.01517575141042471,0.3918021023273468,0.7038019895553589,-0.023831762373447418,0.40326324105262756,0.6760355234146118,-0.03128018230199814,0.42017337679862976,0.6569384932518005,-0.03886997327208519,0.38785916566848755,0.6393625736236572,-0.015078200027346611,0.368594229221344,0.6010881066322327,-0.024561069905757904,0.358452707529068,0.5760031938552856,-0.03261431306600571,0.35159024596214294,0.5542321801185608,-0.039098192006349564,0.406528115272522,0.6255061626434326,-0.01594020426273346,0.39587366580963135,0.5741903781890869,-0.022892529144883156,0.3904610872268677,0.5430290699005127,-0.030834639444947243,0.38669008016586304,0.5165917277336121,-0.037325721234083176,0.4254983365535736,0.6264479160308838,-0.018663901835680008,0.42395761609077454,0.5780383348464966,-0.02696102112531662,0.42254385352134705,0.5480567216873169,-0.03610897809267044,0.4209023118019104,0.5228770971298218,-0.04326615855097771,0.4447001814842224,0.637856125831604,-0.022791467607021332,0.4534794092178345,0.6045183539390564,-0.03118142858147621,0.4584295153617859,0.5822957158088684,-0.03638306260108948,0.4616665840148926,0.5621969103813171,-0.04050596430897713
0.4371088147163391,0.736819326877594,2.460616883581679e-07,0.4118972718715668,0.7277207374572754,-0.015067724511027336,0.39276349544525146,0.7040282487869263,-0.023838719353079796,0.40229231119155884,0.6761084794998169,-0.03139722719788551,0.4155800938606262,0.6545958518981934,-0.03902667388319969,0.3879389464855194,0.6395091414451599,-0.015276467427611351,0.3684808015823364,0.6015985012054443,-0.025001931935548782,0.35838407278060913,0.5766626000404358,-0.03314705938100815,0.35157305002212524,0.5549476742744446,-0.03958185017108917,0.4063643217086792,0.625685453414917,-0.016246255487203598,0.3957645297050476,0.5739750862121582,-0.02338148094713688,0.39040035009384155,0.5426252484321594,-0.031335994601249695,0.386455237865448,0.5161211490631104,-0.03779521584510803,0.42522111535072327,0.6265472769737244,-0.019082989543676376,0.42369207739830017,0.5776972770690918,-0.0275871604681015,0.42216867208480835,0.5476130843162537,-0.03672964125871658,0.4202445149421692,0.5223068594932556,-0.043890371918678284,0.4442318081855774,0.6378402709960938,-0.023266863077878952,0.453208327293396,0.6044467091560364,-0.0318392775952816,0.4583175778388977,0.5822331309318542,-0.0370759442448616,0.46158725023269653,0.5620942115783691,-0.04119345545768738
0.4372091591358185,0.7374919056892395,2.4776335294518503e-07,0.41176778078079224,0.7282475233078003,-0.014818759635090828,0.3924923837184906,0.7042310237884521,-0.02342762053012848,0.4032801687717438,0.6766634583473206,-0.03086954914033413,0.41858285665512085,0.656779408454895,-0.038442302495241165,0.3877599239349365,0.6394239068031311,-0.014925504103302956,0.3685332238674164,0.6016115546226501,-0.024528350681066513,0.35853999853134155,0.5766205787658691,-0.03265742212533951,0.3518107235431671,0.554851770401001,-0.0391380600631237,0.4064103960990906,0.6256425976753235,-0.01600601151585579,0.39597606658935547,0.5741702318191528,-0.023082489147782326,0.3906184732913971,0.5427173972129822,-0.031041793525218964,0.38671261072158813,0.5161064863204956,-0.03751141205430031,0.4254375100135803,0.6266830563545227,-0.018926328048110008,0.42407673597335815,0.5781337022781372,-0.027342334389686584,0.42264023423194885,0.5480408668518066,-0.036386165767908096,0.4207841753959656,0.5227712392807007,-0.04343998059630394,0.44461023807525635,0.6381881237030029,-0.02319873869419098,0.45340070128440857,0.6046935319900513,-0.031658854335546494,0.45832982659339905,0.5824305415153503,-0.03675505146384239,0.46144914627075195,0.5623077154159546,-0.04075968265533447
0.4372950792312622,0.7382860779762268,2.4629946437926264e-07,0.4114832282066345,0.7286574840545654,-0.014699161052703857,0.39208921790122986,0.7038543224334717,-0.023067841306328773,0.40306922793388367,0.6754451394081116,-0.030335992574691772,0.41909074783325195,0.6557046175003052,-0.037754207849502563,0.38784223794937134,0.6395823359489441,-0.01440483145415783,0.3685533404350281,0.6015571355819702,-0.023782428354024887,0.3584532141685486,0.57651287317276,-0.03177192807197571,0.35161295533180237,0.5546262264251709,-0.03821437060832977,0.406446635723114,0.6258717775344849,-0.015471136197447777,0.3958396911621094,0.5744098424911499,-0.02245481312274933,0.39022037386894226,0.5429527163505554,-0.030342789366841316,0.3862110376358032,0.5162504315376282,-0.03673412278294563,0.4254518449306488,0.6269642114639282,-0.018389184027910233,0.42386874556541443,0.578410267829895,-0.02677382156252861,0.4223349392414093,0.5484404563903809,-0.03580284118652344,0.4205856919288635,0.5230843424797058,-0.04281909391283989,0.44468292593955994,0.6384664177894592,-0.0226689912378788,0.45345091819763184,0.6049517393112183,-0.03118627704679966,0.4583592116832733,0.5826650261878967,-0.03637272119522095,0.46157339215278625,0.5623440146446228,-0.040423594415187836
0.4374091327190399,0.7390724420547485,2.434263990380714e-07,0.411525160074234,0.729375958442688,-0.014545277692377567,0.392111212015152,0.7040305137634277,-0.022647783160209656,0.4034770429134369,0.6753772497177124,-0.029682917520403862,0.41990500688552856,0.655971109867096,-0.0368935652077198,0.3879633843898773,0.6401887536048889,-0.013873621821403503,0.36866939067840576,0.6020533442497253,-0.02301180548965931,0.3586195409297943,0.5769973397254944,-0.03089800477027893,0.351816326379776,0.5552687048912048,-0.03728266432881355,0.4064975678920746,0.6265034675598145,-0.014945905655622482,0.39568158984184265,0.575106680393219,-0.02165837213397026,0.39011287689208984,0.543694019317627,-0.02948000282049179,0.38619187474250793,0.5171594023704529,-0.035850558429956436,0.42539480328559875,0.6275609135627747,-0.01788780651986599,0.4239276945590973,0.5789104104042053,-0.026095982640981674,0.4223402738571167,0.5487529635429382,-0.035298556089401245,0.42052599787712097,0.5233532786369324,-0.042465295642614365,0.4445323348045349,0.639030396938324,-0.022183269262313843,0.45342564582824707,0.6056147217750549,-0.03065037727355957,0.45834586024284363,0.5832438468933105,-0.035987719893455505,0.46157070994377136,0.5629050135612488,-0.04017728939652443
0.4374661445617676,0.7388584613800049,2.4766615069893305e-07,0.4112905263900757,0.7294163107872009,-0.014847399666905403,0.391923725605011,0.7040926814079285,-0.023195656016469002,0.4038432240486145,0.6760740280151367,-0.030419785529375076,0.42065271735191345,0.6574037075042725,-0.03787468746304512,0.3878657817840576,0.6400023102760315,-0.014642086811363697,0.36828863620758057,0.6020317077636719,-0.024045972153544426,0.3578765094280243,0.5768555402755737,-0.0321129634976387,0.35076743364334106,0.5549910068511963,-0.03865499049425125,0.4065433740615845,0.626225471496582,-0.015672611072659492,0.39584457874298096,0.5747191309928894,-0.022591713815927505,0.39014509320259094,0.5434153079986572,-0.030519332736730576,0.3860189616680145,0.5170077681541443,-0.03699241951107979,0.4254639744758606,0.6272568106651306,-0.018564516678452492,0.42404934763908386,0.578696608543396,-0.02684050239622593,0.42230847477912903,0.5486889481544495,-0.03605538234114647,0.42032700777053833,0.523515522480011,-0.043274763971567154,0.4445405900478363,0.6388126015663147,-0.02284025400876999,0.45345649123191833,0.6056200861930847,-0.031329184770584106,0.4583844244480133,0.5834174156188965,-0.036662645637989044,0.46154409646987915,0.563307523727417,-0.040884677320718765
0.4374050498008728,0.7397559881210327,2.371911023146822e-07,0.4111284613609314,0.7298391461372375,-0.013851105235517025,0.39183709025382996,0.7039478421211243,-0.021621381863951683,0.40370383858680725,0.6752075552940369,-0.028481310233473778,0.41990169882774353,0.6557961702346802,-0.03559889644384384,0.3873518109321594,0.6404906511306763,-0.013380683958530426,0.3679733872413635,0.6023837924003601,-0.02244015783071518,0.35759878158569336,0.5771480798721313,-0.030207302421331406,0.35051482915878296,0.5552524328231812,-0.036516718566417694,0.4060406982898712,0.6265908479690552,-0.014878244139254093,0.3952285945415497,0.5750463604927063,-0.021650103852152824,0.3895958960056305,0.5437459945678711,-0.029423803091049194,0.38554391264915466,0.5174576640129089,-0.0357365757226944,0.42499205470085144,0.6273043751716614,-0.018184687942266464,0.4235937297344208,0.5785568356513977,-0.02651659958064556,0.42209741473197937,0.5484805107116699,-0.03561313450336456,0.4202009439468384,0.523298442363739,-0.042686253786087036,0.4441375136375427,0.6385257244110107,-0.022782374173402786,0.45305749773979187,0.6050819158554077,-0.03130582347512245,0.45821982622146606,0.5828884243965149,-0.036488331854343414,0.4615755081176758,0.5630026459693909,-0.04056471213698387
0.4363017976284027,0.7406501173973083,2.5218281507477514e-07,0.40960070490837097,0.7303476929664612,-0.01499965786933899,0.3903079926967621,0.7056741118431091,-0.024184441193938255,0.40377169847488403,0.67905193567276,-0.032297246158123016,0.4211426377296448,0.6602923274040222,-0.040683429688215256,0.38646239042282104,0.6417555809020996,-0.01568867638707161,0.3671824336051941,0.6026163101196289,-0.025842804461717606,0.3565824627876282,0.5773559808731079,-0.03448225557804108,0.34906205534935,0.5552176237106323,-0.04145125299692154,0.4050620496273041,0.6277841329574585,-0.017063207924365997,0.3941281735897064,0.5756121873855591,-0.02480532042682171,0.38826999068260193,0.5437224507331848,-0.03350922465324402,0.3837163746356964,0.5161898136138916,-0.040614672005176544,0.42401623725891113,0.6288600564002991,-0.020252708345651627,0.4221135973930359,0.5794280171394348,-0.029088186100125313,0.420472115278244,0.5486109256744385,-0.03866596892476082,0.41842585802078247,0.522695779800415,-0.04614310711622238,0.4433784782886505,0.6406535506248474,-0.024814914911985397,0.45185789465904236,0.6061774492263794,-0.03349404036998749,0.4565008878707886,0.5833370685577393,-0.03883201628923416,0.4594070315361023,0.5628842115402222,-0.04310379922389984
0.43576061725616455,0.741791844367981,2.5296293415522086e-07,0.40893977880477905,0.7310903072357178,-0.014433437027037144,0.3894723355770111,0.7058483958244324,-0.022905265912413597,0.40278562903404236,0.6784822940826416,-0.030363332480192184,0.42101410031318665,0.661271333694458,-0.03810936212539673,0.38564273715019226,0.6421203017234802,-0.014535964466631413,0.3661656379699707,0.603471040725708,-0.024045849218964577,0.3556523025035858,0.5782116651535034,-0.032103121280670166,0.3484870195388794,0.5561594367027283,-0.03859490901231766,0.40478840470314026,0.6281185150146484,-0.01589241996407509,0.3940553069114685,0.5760454535484314,-0.022992417216300964,0.38852787017822266,0.5441910624504089,-0.030970895662903786,0.38467174768447876,0.5173966884613037,-0.037406135350465775,0.424034059047699,0.6289101243019104,-0.019062088802456856,0.4226057231426239,0.5800309181213379,-0.027435114607214928,0.4211699068546295,0.5491989850997925,-0.03653624281287193,0.4193710386753082,0.5234250426292419,-0.04356573522090912,0.4434589743614197,0.6401664614677429,-0.023579329252243042,0.4520580768585205,0.6065030097961426,-0.0318232998251915,0.4568159878253937,0.5842529535293579,-0.036690883338451385,0.459783673286438,0.5645017623901367,-0.04054728522896767
0.43654608726501465,0.7407265901565552,2.499510571851715e-07,0.4098546504974365,0.7312201857566833,-0.014635484665632248,0.3901943564414978,0.7063698768615723,-0.02312486432492733,0.40210139751434326,0.6782315969467163,-0.030529895797371864,0.41862377524375916,0.6589200496673584,-0.03815506026148796,0.3854895234107971,0.642246425151825,-0.014597877860069275,0.36590641736984253,0.6035152673721313,-0.024137459695339203,0.35551705956459045,0.5779473185539246,-0.032251834869384766,0.3484609127044678,0.5556720495223999,-0.038800325244665146,0.404524028301239,0.6278104782104492,-0.015815580263733864,0.39402246475219727,0.5758665800094604,-0.022823292762041092,0.3884219825267792,0.544195294380188,-0.030898625031113625,0.3842642903327942,0.5173248648643494,-0.037497393786907196,0.4237232804298401,0.6282720565795898,-0.018859168514609337,0.4224323630332947,0.5792154669761658,-0.027086341753602028,0.4209463894367218,0.5485875010490417,-0.03621000796556473,0.41911157965660095,0.522989809513092,-0.04340966045856476,0.4430809020996094,0.6395256519317627,-0.023267803713679314,0.45190295577049255,0.6063233613967896,-0.03149330988526344,0.4564751982688904,0.5841118097305298,-0.03654856234788895,0.45932379364967346,0.5642299056053162,-0.04062304645776749
0.436526894569397,0.7396740913391113,2.5348427357130277e-07,0.41008806228637695,0.7301715016365051,-0.01532793790102005,0.39060088992118835,0.7061105370521545,-0.02450370229780674,0.4022493064403534,0.67879718542099,-0.03244585916399956,0.4181670844554901,0.6587929129600525,-0.040524668991565704,0.3861883878707886,0.6412592530250549,-0.016033275052905083,0.36661097407341003,0.6026986837387085,-0.026081372052431107,0.35630375146865845,0.5772923231124878,-0.03454238176345825,0.3493921160697937,0.5549624562263489,-0.041244104504585266,0.4051329493522644,0.6270571351051331,-0.01704259030520916,0.3946590721607208,0.5753111839294434,-0.02444358542561531,0.3889615535736084,0.5436214208602905,-0.03279701992869377,0.38465335965156555,0.5164386034011841,-0.03959003835916519,0.4242545962333679,0.6277256011962891,-0.01986551657319069,0.4230296313762665,0.5788097381591797,-0.028405604884028435,0.4216083288192749,0.5483335852622986,-0.03763528913259506,0.4197251796722412,0.5228082537651062,-0.04485572874546051,0.44349655508995056,0.6391003727912903,-0.024076376110315323,0.45239877700805664,0.6053678393363953,-0.032536447048187256,0.45720374584198,0.5831194519996643,-0.03761226311326027,0.4601844549179077,0.5632249712944031,-0.041622478514909744
0.43725329637527466,0.7397891283035278,2.5063610564757255e-07,0.4108814001083374,0.7301136255264282,-0.014478925615549088,0.3914911150932312,0.7055047154426575,-0.022946622222661972,0.40341314673423767,0.6781810522079468,-0.030347974970936775,0.4196168780326843,0.6587191820144653,-0.037954993546009064,0.3874616324901581,0.6407133936882019,-0.014633082784712315,0.3680313527584076,0.6023812294006348,-0.024187767878174782,0.357856422662735,0.5769646167755127,-0.032292649149894714,0.35085922479629517,0.5547016859054565,-0.038811326026916504,0.40615391731262207,0.6269063949584961,-0.015904543921351433,0.39565810561180115,0.5750151872634888,-0.022979365661740303,0.39023357629776,0.5434764623641968,-0.030993280932307243,0.3863447904586792,0.5167826414108276,-0.037512511014938354,0.4250675141811371,0.627873420715332,-0.0189826637506485,0.4239005446434021,0.5792653560638428,-0.02736971527338028,0.4223145842552185,0.5487781763076782,-0.036503344774246216,0.42043164372444153,0.5231837034225464,-0.04365518316626549,0.44410890340805054,0.6393609642982483,-0.023392897099256516,0.4532313644886017,0.605965793132782,-0.03187913820147514,0.45819103717803955,0.5836673378944397,-0.03701154515147209,0.4613661468029022,0.5635530948638916,-0.041058119386434555
0.43738943338394165,0.7401017546653748,2.4067961135187943e-07,0.41111478209495544,0.7300938963890076,-0.014009280130267143,0.39173394441604614,0.7051288485527039,-0.022077074274420738,0.4030696451663971,0.6768367290496826,-0.029169518500566483,0.41940614581108093,0.6575683355331421,-0.03643929585814476,0.3875291645526886,0.6405065059661865,-0.013551119714975357,0.36856794357299805,0.6018151044845581,-0.022722097113728523,0.35832127928733826,0.5765316486358643,-0.030564937740564346,0.3512590527534485,0.5546568036079407,-0.03691742569208145,0.4063172936439514,0.6268515586853027,-0.014929302968084812,0.3956702649593353,0.5753743052482605,-0.021742185577750206,0.3900410234928131,0.5441023707389832,-0.029518168419599533,0.3861198127269745,0.5179590582847595,-0.03582828864455223,0.4253993630409241,0.6278498768806458,-0.018120763823390007,0.4238187372684479,0.5791470408439636,-0.02635292336344719,0.4222787916660309,0.5489156246185303,-0.03526444360613823,0.42054688930511475,0.523557186126709,-0.0422191247344017,0.44461965560913086,0.6392394304275513,-0.02261912263929844,0.45346423983573914,0.6059123873710632,-0.031009070575237274,0.4582160711288452,0.5835951566696167,-0.03607386350631714,0.46131694316864014,0.5633775591850281,-0.04003974422812462
0.4368194043636322,0.7402777671813965,2.447277438477613e-07,0.4105501174926758,0.730068564414978,-0.014181360602378845,0.39084523916244507,0.7045463919639587,-0.02239190600812435,0.40308865904808044,0.6767008900642395,-0.02965540625154972,0.4209412932395935,0.6585386395454407,-0.03715478628873825,0.38739126920700073,0.6407440900802612,-0.014038912020623684,0.36838793754577637,0.6020535826683044,-0.023340214043855667,0.3583544194698334,0.5769838690757751,-0.03133918717503548,0.35146984457969666,0.5551475882530212,-0.037843622267246246,0.4058673083782196,0.6269901990890503,-0.01538868062198162,0.3951193392276764,0.5750494599342346,-0.022216036915779114,0.38946086168289185,0.5436004400253296,-0.030131569132208824,0.38539260625839233,0.5169916152954102,-0.0366191491484642,0.42478686571121216,0.6279007792472839,-0.018528128042817116,0.42312532663345337,0.5790526270866394,-0.02656514197587967,0.4214448630809784,0.548731803894043,-0.03568018227815628,0.419527530670166,0.5233911275863647,-0.04285968840122223,0.4440567195415497,0.6393498182296753,-0.02302926778793335,0.45291274785995483,0.6057500839233398,-0.031154239550232887,0.4577317535877228,0.5831704139709473,-0.03633052483201027,0.46084433794021606,0.5628498196601868,-0.04049540311098099
0.4377082586288452,0.7402201294898987,2.4418775979029306e-07,0.41114893555641174,0.7301152348518372,-0.01422429271042347,0.39172789454460144,0.7050004601478577,-0.02231682650744915,0.4037126302719116,0.6770259141921997,-0.0294042956084013,0.4202471375465393,0.658085286617279,-0.036719776690006256,0.387722373008728,0.6405911445617676,-0.01395825482904911,0.3683728575706482,0.601931631565094,-0.023144621402025223,0.35803529620170593,0.5767889618873596,-0.031052792444825172,0.35075798630714417,0.5548545122146606,-0.03749130666255951,0.4063420593738556,0.6268850564956665,-0.015273291617631912,0.3955017924308777,0.57494056224823,-0.022118261083960533,0.38985031843185425,0.5434080362319946,-0.02996358647942543,0.38579514622688293,0.5167426466941833,-0.03636674955487251,0.42533349990844727,0.6279396414756775,-0.018401196226477623,0.4237300455570221,0.5792278051376343,-0.02670350670814514,0.4222410023212433,0.5487575531005859,-0.03579597547650337,0.4205416440963745,0.5230746865272522,-0.042902253568172455,0.444525808095932,0.6393654942512512,-0.02285911701619625,0.4534522593021393,0.6056799292564392,-0.03132609277963638,0.45848003029823303,0.5832268595695496,-0.03647127375006676,0.4618055522441864,0.5628994107246399,-0.04054754599928856
0.4379010796546936,0.7405469417572021,2.475953522207419e-07,0.4112301766872406,0.7306062579154968,-0.014413250610232353,0.3913972079753876,0.7049757242202759,-0.022536667063832283,0.4035121202468872,0.6767709255218506,-0.029613951221108437,0.42074054479599,0.6575689315795898,-0.03691848739981651,0.3874615728855133,0.6405705213546753,-0.014115491881966591,0.36799007654190063,0.6018717288970947,-0.023269550874829292,0.35768038034439087,0.5766085386276245,-0.03118482045829296,0.35048893094062805,0.5544432401657104,-0.0376337505877018,0.4062809646129608,0.6265819072723389,-0.015264165587723255,0.3958379924297333,0.5746630430221558,-0.02188502997159958,0.39028096199035645,0.5432671308517456,-0.029610006138682365,0.3862249553203583,0.5167695879936218,-0.035982824862003326,0.42519694566726685,0.6274040937423706,-0.01824086718261242,0.42392048239707947,0.5785943269729614,-0.026235124096274376,0.42236536741256714,0.5482680201530457,-0.035217754542827606,0.4205586314201355,0.5229143500328064,-0.04231572523713112,0.4440882205963135,0.6388455033302307,-0.0225831251591444,0.45321282744407654,0.6051429510116577,-0.030793873593211174,0.45836341381073,0.5827697515487671,-0.03584650903940201,0.46177154779434204,0.5628073811531067,-0.03989431634545326
0.4377971589565277,0.7405805587768555,2.4349517957489297e-07,0.41087090969085693,0.730368971824646,-0.013926679268479347,0.3909996747970581,0.7041559815406799,-0.02163737453520298,0.403579980134964,0.6760746240615845,-0.02840946428477764,0.42142876982688904,0.657852828502655,-0.03551569953560829,0.3876262903213501,0.6405889987945557,-0.013525931164622307,0.3681572675704956,0.6021018028259277,-0.022471921518445015,0.3578396439552307,0.5767941474914551,-0.03025982528924942,0.3505358397960663,0.5545476078987122,-0.03670404851436615,0.40638482570648193,0.6266281604766846,-0.014940574765205383,0.3959130644798279,0.5748422145843506,-0.021494656801223755,0.39040321111679077,0.543548583984375,-0.02919304557144642,0.3863370716571808,0.517075777053833,-0.03555438667535782,0.42519018054008484,0.6274916529655457,-0.018159963190555573,0.42374610900878906,0.578738272190094,-0.02619430050253868,0.42221009731292725,0.5484321713447571,-0.03528566658496857,0.4204269349575043,0.5230117440223694,-0.042448632419109344,0.4439850151538849,0.6389453411102295,-0.022704554721713066,0.45290759205818176,0.6054436564445496,-0.03105086088180542,0.4580944776535034,0.583117663860321,-0.036234740167856216,0.4616193473339081,0.5631968379020691,-0.0403803214430809
0.43783971667289734,0.7404122352600098,2.4328525682904e-07,0.4112130105495453,0.7303065061569214,-0.013957465067505836,0.39155077934265137,0.7047871947288513,-0.02182038500905037,0.40355727076530457,0.6767147183418274,-0.02872060053050518,0.4204794466495514,0.6576126217842102,-0.035907845944166183,0.38765624165534973,0.640626847743988,-0.01357328612357378,0.36834418773651123,0.6022364497184753,-0.022594409063458443,0.358010858297348,0.5770755410194397,-0.03048066608607769,0.3507048189640045,0.5548905730247498,-0.036933109164237976,0.40637415647506714,0.6266893744468689,-0.014934133738279343,0.39599451422691345,0.5750347375869751,-0.021471600979566574,0.39041152596473694,0.5437802672386169,-0.029215997084975243,0.3863484263420105,0.5172370672225952,-0.03560534492135048,0.4252452850341797,0.6274863481521606,-0.018083099275827408,0.423893541097641,0.5787095427513123,-0.02599261701107025,0.42234891653060913,0.5483613014221191,-0.034947920590639114,0.42067089676856995,0.5228400826454163,-0.04203767701983452,0.4440727233886719,0.638832151889801,-0.022562796249985695,0.4528811573982239,0.6053605675697327,-0.03067680262029171,0.4578741788864136,0.5831394195556641,-0.035624340176582336,0.4612995982170105,0.563207745552063,-0.039599329233169556
0.4374239444732666,0.7402684092521667,2.393715021753451e-07,0.4109402000904083,0.729989767074585,-0.013941152952611446,0.3913519084453583,0.7039875388145447,-0.021771542727947235,0.403244286775589,0.6754119396209717,-0.028647510334849358,0.4201453924179077,0.6561664938926697,-0.03578842803835869,0.3877219557762146,0.640479326248169,-0.013599121943116188,0.3685034513473511,0.6020219922065735,-0.022584788501262665,0.358277827501297,0.5771918296813965,-0.030406078323721886,0.35106247663497925,0.5553174018859863,-0.036814987659454346,0.4064595401287079,0.6267122626304626,-0.014954784885048866,0.39605656266212463,0.5750483870506287,-0.02151443064212799,0.3904237151145935,0.543990433216095,-0.02929692529141903,0.386252760887146,0.5176690816879272,-0.035709768533706665,0.4253791570663452,0.6275742053985596,-0.01808762177824974,0.42379993200302124,0.5789642333984375,-0.0260477177798748,0.42217928171157837,0.5490003824234009,-0.035007502883672714,0.4203878343105316,0.5238862037658691,-0.04207587242126465,0.4443250596523285,0.6388639211654663,-0.022540917620062828,0.4528743624687195,0.6051627397537231,-0.03070830926299095,0.4577448070049286,0.5828747749328613,-0.0357121117413044,0.4610058665275574,0.5629847645759583,-0.0397244468331337
0.43759483098983765,0.7397953867912292,2.4242899598903023e-07,0.4114646017551422,0.7296653985977173,-0.014694211073219776,0.392537385225296,0.7052563428878784,-0.02323753945529461,0.4035860002040863,0.6771286725997925,-0.030657975003123283,0.41821256279945374,0.6566398739814758,-0.038205336779356,0.3879820704460144,0.6403869390487671,-0.014552515931427479,0.36911511421203613,0.601845920085907,-0.024097977206110954,0.35901761054992676,0.5770303606987,-0.032250117510557175,0.3520304560661316,0.5552407503128052,-0.03874555975198746,0.40694549679756165,0.6265388131141663,-0.015704592689871788,0.3964574933052063,0.5747986435890198,-0.022691598162055016,0.3907943069934845,0.543700635433197,-0.03071551024913788,0.38671839237213135,0.517413854598999,-0.037258852273225784,0.4260614216327667,0.627381443977356,-0.018696703016757965,0.42509952187538147,0.5788554549217224,-0.027022257447242737,0.4241622984409332,0.5489733815193176,-0.03596389666199684,0.4229829013347626,0.5238804817199707,-0.042983412742614746,0.44510847330093384,0.6386187672615051,-0.023048240691423416,0.4538215398788452,0.605327308177948,-0.0314728245139122,0.458911657333374,0.5833139419555664,-0.03641658276319504,0.4622651934623718,0.5634388327598572,-0.040302034467458725
0.43729367852211,0.738676130771637,2.3738266463624313e-07,0.4115806519985199,0.7294382452964783,-0.014614900574088097,0.3919893801212311,0.7054774165153503,-0.023066716268658638,0.4018723666667938,0.677619218826294,-0.030379561707377434,0.4160432517528534,0.6565209627151489,-0.03782440349459648,0.38801679015159607,0.640166699886322,-0.014661666937172413,0.3690394461154938,0.6020216941833496,-0.024232113733887672,0.35893645882606506,0.5772807002067566,-0.0324312299489975,0.35182690620422363,0.5556271076202393,-0.03900475800037384,0.40645793080329895,0.6260400414466858,-0.015835868194699287,0.3961801528930664,0.5745524168014526,-0.0228132177144289,0.3908635377883911,0.5434811115264893,-0.03071797825396061,0.3869525194168091,0.5170954465866089,-0.03720657527446747,0.42523428797721863,0.6268939971923828,-0.018840955570340157,0.4244004189968109,0.5778968334197998,-0.027231113985180855,0.4234086573123932,0.5476773381233215,-0.036130767315626144,0.4219755530357361,0.5221137404441833,-0.043180689215660095,0.44402867555618286,0.6384975910186768,-0.023168135434389114,0.4530538022518158,0.6052270531654358,-0.031776998192071915,0.4582761526107788,0.583145797252655,-0.03680403530597687,0.46165895462036133,0.5631030201911926,-0.040773939341306686
0.437533438205719,0.7380127906799316,2.3883359290266526e-07,0.4115068316459656,0.7281484603881836,-0.014137521386146545,0.3921545445919037,0.7034928202629089,-0.02230043150484562,0.4032813310623169,0.6759893894195557,-0.0294248815625906,0.418552041053772,0.6557562947273254,-0.036787789314985275,0.3886776566505432,0.6391666531562805,-0.01415233314037323,0.3698817193508148,0.6009294986724854,-0.02336292527616024,0.3599097430706024,0.5762022733688354,-0.031324952840805054,0.35286176204681396,0.5542951226234436,-0.037793826311826706,0.4072085916996002,0.6253442764282227,-0.015475082211196423,0.39699265360832214,0.573788583278656,-0.022289691492915154,0.39166608452796936,0.5426807403564453,-0.03034481778740883,0.38777515292167664,0.5160171985626221,-0.03697875142097473,0.42595717310905457,0.6263136267662048,-0.018553446978330612,0.42509427666664124,0.5773690342903137,-0.02684801071882248,0.4241224229335785,0.5470892190933228,-0.0361185185611248,0.4227968454360962,0.5214700698852539,-0.04342125728726387,0.44467735290527344,0.637855589389801,-0.022895680740475655,0.453708291053772,0.6042664051055908,-0.03134474530816078,0.45901358127593994,0.582076370716095,-0.03650789335370064,0.46264010667800903,0.5619966387748718,-0.040629878640174866
0.4371075928211212,0.7386894226074219,2.3773858970344008e-07,0.41121000051498413,0.72883540391922,-0.01462517213076353,0.39218994975090027,0.7042015790939331,-0.02307434380054474,0.40364161133766174,0.6765670776367188,-0.03038572333753109,0.4195527136325836,0.6571807861328125,-0.03780479356646538,0.3879683017730713,0.6392374634742737,-0.014488400891423225,0.36924171447753906,0.6009336709976196,-0.02383352629840374,0.35921698808670044,0.5762402415275574,-0.03180262818932533,0.3522731363773346,0.5548009872436523,-0.038202375173568726,0.40678930282592773,0.6256159543991089,-0.01564035378396511,0.39615797996520996,0.5743686556816101,-0.022578243166208267,0.3905334770679474,0.5434845089912415,-0.03047133982181549,0.3864275813102722,0.5176105499267578,-0.0368865467607975,0.42589205503463745,0.6267164945602417,-0.018614767119288445,0.4246283173561096,0.5780555009841919,-0.02703472599387169,0.42350131273269653,0.5481274127960205,-0.03603097423911095,0.42198172211647034,0.5230839252471924,-0.0430217944085598,0.44495105743408203,0.63829505443573,-0.02291402593255043,0.45359086990356445,0.6048871874809265,-0.03146268054842949,0.4584246873855591,0.5827783346176147,-0.03649706766009331,0.46146008372306824,0.5628771781921387,-0.040424514561891556
0.43723317980766296,0.7392327189445496,2.408353338978486e-07,0.4111137390136719,0.7288878560066223,-0.014046771451830864,0.3917813003063202,0.7044677734375,-0.022315042093396187,0.4031667709350586,0.6771345138549805,-0.029580073431134224,0.41930079460144043,0.6578226089477539,-0.03707384318113327,0.3882535398006439,0.6402839422225952,-0.014005249366164207,0.3695462644100189,0.6020587086677551,-0.02330140769481659,0.35972267389297485,0.5775160789489746,-0.031291455030441284,0.35296502709388733,0.556163489818573,-0.037670888006687164,0.40696829557418823,0.6269162893295288,-0.015343238599598408,0.39648520946502686,0.5756258964538574,-0.022203246131539345,0.39086681604385376,0.5444373488426208,-0.030195599421858788,0.386932909488678,0.5181493163108826,-0.036701351404190063,0.42597705125808716,0.6281671524047852,-0.018453681841492653,0.4246082007884979,0.5797799825668335,-0.026665540412068367,0.42336130142211914,0.5500470399856567,-0.03578231483697891,0.422031044960022,0.5250219702720642,-0.04289316385984421,0.4449275732040405,0.6395413279533386,-0.02283833734691143,0.45347774028778076,0.6062585711479187,-0.03114079125225544,0.45839089155197144,0.5841295719146729,-0.036174263805150986,0.4618190824985504,0.5640170574188232,-0.04013008251786232
0.4376462399959564,0.7387235164642334,2.421045905975916e-07,0.411624938249588,0.728951632976532,-0.01475908886641264,0.39195549488067627,0.7049918174743652,-0.02333877980709076,0.40310293436050415,0.677677571773529,-0.03074115887284279,0.41997644305229187,0.6587170362472534,-0.03821618854999542,0.3885396420955658,0.6401922702789307,-0.014725004322826862,0.36995401978492737,0.6020421385765076,-0.024087829515337944,0.3601774573326111,0.5773078799247742,-0.03200745955109596,0.3534533977508545,0.5555311441421509,-0.03836588189005852,0.4073413908481598,0.6263359189033508,-0.01573532447218895,0.3970424234867096,0.5754212141036987,-0.022698206827044487,0.3917652368545532,0.5442922115325928,-0.030384143814444542,0.3879900574684143,0.5180031061172485,-0.03661440685391426,0.4264407455921173,0.6271822452545166,-0.0185718797147274,0.42547136545181274,0.5789986848831177,-0.02694009430706501,0.42461714148521423,0.5488778352737427,-0.0356268472969532,0.4232511818408966,0.5236161351203918,-0.0423455573618412,0.4455735385417938,0.6384735703468323,-0.022768313065171242,0.45430460572242737,0.6050739288330078,-0.031087597832083702,0.4594230055809021,0.583248496055603,-0.035804383456707,0.4627651572227478,0.5638213157653809,-0.03948073089122772
0.43787816166877747,0.7375744581222534,2.398997480668186e-07,0.4117111563682556,0.7282039523124695,-0.014551977626979351,0.3921809792518616,0.7043083310127258,-0.02297394908964634,0.4028860926628113,0.6760616302490234,-0.03025120496749878,0.41860735416412354,0.6555717587471008,-0.0376880057156086,0.38837939500808716,0.6391682624816895,-0.014360531233251095,0.3696694076061249,0.6013582944869995,-0.023637846112251282,0.3596431612968445,0.5769142508506775,-0.03158801421523094,0.3526122570037842,0.5554779171943665,-0.03800603374838829,0.406988263130188,0.6252741813659668,-0.015515672042965889,0.39664894342422485,0.5741705894470215,-0.022465910762548447,0.3911479413509369,0.5432368516921997,-0.030314117670059204,0.3871714770793915,0.5171675682067871,-0.03667444363236427,0.4259123206138611,0.6262752413749695,-0.018484702333807945,0.4249441623687744,0.5779768228530884,-0.027024002745747566,0.42370474338531494,0.5478205680847168,-0.03602522611618042,0.4220905900001526,0.5222452282905579,-0.04302968829870224,0.4447985887527466,0.6377894282341003,-0.022749604657292366,0.45360878109931946,0.6047486662864685,-0.031427059322595596,0.4587165117263794,0.5831333994865417,-0.03641317039728165,0.4620150029659271,0.5635552406311035,-0.04029460251331329
0.43759095668792725,0.7378025054931641,2.4584599600530055e-07,0.4116896390914917,0.7284241914749146,-0.015119957737624645,0.3922305703163147,0.7054911851882935,-0.023948296904563904,0.4023975133895874,0.678094208240509,-0.031518276780843735,0.41707566380500793,0.6573315262794495,-0.03908797353506088,0.3880011737346649,0.6394023895263672,-0.014896445907652378,0.3691965639591217,0.6012582778930664,-0.024443279951810837,0.3592100739479065,0.576651394367218,-0.032495491206645966,0.3523227572441101,0.5551406741142273,-0.03885072469711304,0.4068814218044281,0.6255765557289124,-0.015744144096970558,0.39648640155792236,0.5745975971221924,-0.022734105587005615,0.39103609323501587,0.5434740781784058,-0.030437396839261055,0.3872267007827759,0.5173152685165405,-0.036670707166194916,0.4259488880634308,0.6264541745185852,-0.01849074847996235,0.4250648319721222,0.578532874584198,-0.026870740577578545,0.4239717423915863,0.5486484169960022,-0.035459283739328384,0.42244499921798706,0.5232576131820679,-0.042145222425460815,0.44483792781829834,0.6375938653945923,-0.0226213950663805,0.4535658061504364,0.6047089695930481,-0.030981464311480522,0.4584304690361023,0.5829711556434631,-0.03563832864165306,0.46151578426361084,0.5630571246147156,-0.03925815224647522
0.43743225932121277,0.7372408509254456,2.410641570804728e-07,0.4117482900619507,0.7281272411346436,-0.015209506265819073,0.3922038674354553,0.7044867277145386,-0.024038754403591156,0.4025363326072693,0.6766980290412903,-0.03159898892045021,0.41861656308174133,0.6565773487091064,-0.03923302888870239,0.3886968791484833,0.639266312122345,-0.015438909642398357,0.37003955245018005,0.6010871529579163,-0.025028178468346596,0.36000579595565796,0.5764637589454651,-0.03312550485134125,0.3529580235481262,0.5547558665275574,-0.039619237184524536,0.4073536992073059,0.625602126121521,-0.016260487958788872,0.3968340754508972,0.5746966004371643,-0.023360665887594223,0.3912696838378906,0.5435983538627625,-0.031129414215683937,0.387279212474823,0.5171451568603516,-0.03746814280748367,0.4263209104537964,0.6266095638275146,-0.018919790163636208,0.42528048157691956,0.5785581469535828,-0.027373958379030228,0.4241505265235901,0.5484477877616882,-0.03610435500741005,0.4226599633693695,0.5229361653327942,-0.04292996600270271,0.44518277049064636,0.6378368735313416,-0.022968411445617676,0.454037070274353,0.6047350168228149,-0.03148288279771805,0.45907193422317505,0.5828851461410522,-0.03636416420340538,0.4623427391052246,0.563103437423706,-0.040189530700445175
0.43793103098869324,0.7373195886611938,2.4422067212981347e-07,0.4122787415981293,0.7280979752540588,-0.01553772296756506,0.39293012022972107,0.7042693495750427,-0.024378573521971703,0.40343236923217773,0.6759858131408691,-0.03189314529299736,0.4190259575843811,0.6554449796676636,-0.03944537416100502,0.3887661099433899,0.6394394636154175,-0.015232288278639317,0.3701491355895996,0.6011890172958374,-0.024701129645109177,0.3601955473423004,0.5765088200569153,-0.03277707099914551,0.3532670736312866,0.5548824071884155,-0.03921695053577423,0.4074397683143616,0.6257503032684326,-0.015835342928767204,0.3969198167324066,0.5748938322067261,-0.022735849022865295,0.39150291681289673,0.5436824560165405,-0.03046334534883499,0.3877132534980774,0.5172680616378784,-0.036771535873413086,0.4263971447944641,0.6267009973526001,-0.018355222418904305,0.4253791570663452,0.5785703659057617,-0.026599163189530373,0.4242328405380249,0.548507809638977,-0.035410117357969284,0.42273375391960144,0.5230501294136047,-0.04230959340929985,0.4452323019504547,0.6378150582313538,-0.022305814549326897,0.4539550840854645,0.604695737361908,-0.0306100994348526,0.45887982845306396,0.5828471183776855,-0.0355253592133522,0.4621347486972809,0.5629890561103821,-0.039402347058057785
0.4374701678752899,0.7379605770111084,2.430942629416677e-07,0.41185489296913147,0.7283490896224976,-0.014823161996901035,0.3924409747123718,0.7044141292572021,-0.02340622991323471,0.4033328592777252,0.6767027974128723,-0.03078845702111721,0.4196711778640747,0.6568444967269897,-0.03827087953686714,0.3883904814720154,0.639582097530365,-0.014799978584051132,0.3698415756225586,0.6012782454490662,-0.02416890859603882,0.3600159287452698,0.5765251517295837,-0.032074134796857834,0.35326290130615234,0.5550034046173096,-0.038399163633584976,0.40716058015823364,0.6259061694145203,-0.01576278544962406,0.3968578577041626,0.5749484300613403,-0.022686900570988655,0.3914729058742523,0.5438817739486694,-0.03037853352725506,0.38762399554252625,0.517784595489502,-0.036626726388931274,0.42614901065826416,0.6269848346710205,-0.018565170466899872,0.42515015602111816,0.5788479447364807,-0.02695169858634472,0.4240003824234009,0.5487103462219238,-0.03582468628883362,0.422493040561676,0.5233069658279419,-0.042734544724226,0.4449406564235687,0.6383865475654602,-0.0227064061909914,0.4538356065750122,0.6055725812911987,-0.03127817064523697,0.45883604884147644,0.5836021900177002,-0.03631553798913956,0.462080717086792,0.5636747479438782,-0.04022808372974396
0.4375082850456238,0.7379544973373413,2.421651572603878e-07,0.4116409420967102,0.7285711169242859,-0.014589676633477211,0.39213189482688904,0.7044586539268494,-0.02290109358727932,0.4028407037258148,0.6764250993728638,-0.030082767829298973,0.41884705424308777,0.6560966372489929,-0.03738196939229965,0.3881099224090576,0.639629065990448,-0.014097672887146473,0.3696354925632477,0.6012810468673706,-0.02322683110833168,0.3598923683166504,0.5764302611351013,-0.03100249543786049,0.3531971573829651,0.5546433925628662,-0.03728720173239708,0.40686270594596863,0.6258015632629395,-0.015117292292416096,0.3964635729789734,0.5747187733650208,-0.021857941523194313,0.39098280668258667,0.5436984300613403,-0.029516475275158882,0.3870565891265869,0.5175871849060059,-0.03577152639627457,0.4258688986301422,0.6265817880630493,-0.017990699037909508,0.42478427290916443,0.5781353712081909,-0.026199206709861755,0.4236465394496918,0.5481274127960205,-0.035033151507377625,0.4221523106098175,0.5227082967758179,-0.041970547288656235,0.4447801113128662,0.6376920342445374,-0.02220327779650688,0.4535696506500244,0.6048413515090942,-0.030586082488298416,0.45856818556785583,0.5829792022705078,-0.035570528358221054,0.46184372901916504,0.5630037188529968,-0.03950235992670059
0.4370025098323822,0.7374932169914246,2.451512841616932e-07,0.4115012586116791,0.7280243039131165,-0.015393856912851334,0.39236390590667725,0.7038984298706055,-0.02421032264828682,0.4033249020576477,0.6762679815292358,-0.03172724321484566,0.4189571440219879,0.6558646559715271,-0.03930088132619858,0.38804900646209717,0.6390160322189331,-0.01528715156018734,0.36967936158180237,0.6008436679840088,-0.024733586236834526,0.3598855435848236,0.5761983394622803,-0.03280112147331238,0.3530222177505493,0.5544630885124207,-0.03928634524345398,0.40667054057121277,0.625343382358551,-0.01600595936179161,0.39634260535240173,0.5741509795188904,-0.022884169593453407,0.39083701372146606,0.5430081486701965,-0.03069116175174713,0.3867758512496948,0.5165373682975769,-0.037113968282938004,0.42559894919395447,0.6264808177947998,-0.018600333482027054,0.4245608448982239,0.5781340599060059,-0.026869207620620728,0.42334726452827454,0.5481194257736206,-0.035791993141174316,0.42171356081962585,0.522725522518158,-0.042809367179870605,0.44442805647850037,0.637952983379364,-0.02260495349764824,0.453301340341568,0.6047273278236389,-0.03102099895477295,0.4584341049194336,0.5827391743659973,-0.036064617335796356,0.46176886558532715,0.5627518892288208,-0.04005388915538788
0.43710121512413025,0.7382683753967285,2.4635826889607415e-07,0.4114047586917877,0.7287688851356506,-0.015050075948238373,0.3918779790401459,0.704436182975769,-0.02357410080730915,0.4028491973876953,0.6765812039375305,-0.03086436726152897,0.41891399025917053,0.6563805341720581,-0.03825150430202484,0.38790836930274963,0.6393921375274658,-0.014907111413776875,0.36949485540390015,0.6010493040084839,-0.024195879697799683,0.35971370339393616,0.576140820980072,-0.032147955149412155,0.3528737723827362,0.5541431307792664,-0.03860354796051979,0.4064742624759674,0.6257025599479675,-0.015784598886966705,0.39612460136413574,0.5743829607963562,-0.022620953619480133,0.3907162547111511,0.5430926084518433,-0.030417978763580322,0.38677921891212463,0.5166363716125488,-0.03683232143521309,0.42536619305610657,0.6268218755722046,-0.018519243225455284,0.42444613575935364,0.5783326029777527,-0.026840632781386375,0.42333024740219116,0.5479004979133606,-0.03592329099774361,0.42179322242736816,0.5222892761230469,-0.04303434118628502,0.44418734312057495,0.638375997543335,-0.02262496016919613,0.4533301293849945,0.6049214601516724,-0.03118090145289898,0.45852741599082947,0.582581639289856,-0.03640816733241081,0.4619393050670624,0.5623774528503418,-0.04051700979471207
0.43712297081947327,0.7385010719299316,2.438023614104168e-07,0.41125887632369995,0.7296050190925598,-0.01515248790383339,0.39165371656417847,0.7059568762779236,-0.023884911090135574,0.4023427963256836,0.6777536273002625,-0.03136010840535164,0.41759830713272095,0.6569865942001343,-0.038957640528678894,0.3872069716453552,0.640112042427063,-0.015225976705551147,0.3684706687927246,0.6018248200416565,-0.024820476770401,0.35857319831848145,0.5769317150115967,-0.03299534693360329,0.3517281413078308,0.555091142654419,-0.03957478702068329,0.4059469401836395,0.6261925101280212,-0.01618337258696556,0.3953625559806824,0.5748793482780457,-0.023334622383117676,0.38988691568374634,0.543599009513855,-0.03134860843420029,0.38601329922676086,0.5172295570373535,-0.03791652247309685,0.424925297498703,0.6271983981132507,-0.019013212993741035,0.42376458644866943,0.5783334970474243,-0.027675515040755272,0.42256975173950195,0.5480091571807861,-0.036892957985401154,0.42108458280563354,0.5223815441131592,-0.044105395674705505,0.44381678104400635,0.6386904120445251,-0.023192724213004112,0.4526636004447937,0.6052879095077515,-0.03210257366299629,0.4577203691005707,0.583145022392273,-0.03748862072825432,0.46108728647232056,0.5629767775535583,-0.04169324412941933
0.43652206659317017,0.7382646799087524,2.4527855657652253e-07,0.4106656014919281,0.7294628620147705,-0.01507040299475193,0.39067375659942627,0.7059528827667236,-0.023699402809143066,0.40114572644233704,0.678173840045929,-0.031083809211850166,0.41729485988616943,0.6578114628791809,-0.038622014224529266,0.38746243715286255,0.6407800316810608,-0.015242164954543114,0.36875736713409424,0.6024717092514038,-0.024728750810027122,0.3588787019252777,0.5775465965270996,-0.03282468765974045,0.3519551157951355,0.5553626418113708,-0.039417218416929245,0.40609368681907654,0.6262761950492859,-0.01614495739340782,0.3957481384277344,0.57488614320755,-0.0231221541762352,0.3904663920402527,0.5437031388282776,-0.031018264591693878,0.3865422308444977,0.5170634388923645,-0.037516526877880096,0.42496490478515625,0.6267601251602173,-0.018881935626268387,0.4242211580276489,0.5784708857536316,-0.027271457016468048,0.4231736958026886,0.5479484796524048,-0.036315131932497025,0.4216260313987732,0.5222049951553345,-0.04345802590250969,0.44379180669784546,0.637939989566803,-0.02297677844762802,0.4528396427631378,0.6049728393554688,-0.031501464545726776,0.45795148611068726,0.5830926895141602,-0.03659458085894585,0.4612617790699005,0.5633580088615417,-0.04066460207104683
0.4366363286972046,0.7385578155517578,2.4683450305929e-07,0.41084036231040955,0.7300523519515991,-0.015583042986690998,0.39108237624168396,0.706821084022522,-0.02447727508842945,0.40094929933547974,0.6784141659736633,-0.0320407897233963,0.4156636595726013,0.6565085053443909,-0.03968406841158867,0.3874354660511017,0.6413167119026184,-0.015582318417727947,0.36882442235946655,0.6030871868133545,-0.025344476103782654,0.35890328884124756,0.5780226588249207,-0.033582910895347595,0.35197556018829346,0.5557358860969543,-0.04019736126065254,0.406119704246521,0.6266248226165771,-0.016301359981298447,0.3959626853466034,0.5750256776809692,-0.023435726761817932,0.3907073140144348,0.5436647534370422,-0.031332265585660934,0.3867856562137604,0.5169999599456787,-0.037792693823575974,0.425018310546875,0.6269750595092773,-0.018931156024336815,0.42428144812583923,0.5787744522094727,-0.027444563806056976,0.42323172092437744,0.5483438968658447,-0.03640081733465195,0.42167356610298157,0.522500216960907,-0.0434713140130043,0.44382888078689575,0.637986958026886,-0.02297198958694935,0.45296710729599,0.6051387786865234,-0.031563159078359604,0.4581754505634308,0.5833608508110046,-0.036616042256355286,0.46155500411987305,0.5636113286018372,-0.040628980845212936
0.44125884771347046,0.735403835773468,2.4631731321278494e-07,0.41547155380249023,0.7254766225814819,-0.014951429329812527,0.3959570527076721,0.7021192312240601,-0.023705661296844482,0.40677112340927124,0.6756996512413025,-0.031207801774144173,0.42277100682258606,0.6559702157974243,-0.038849733769893646,0.3932397663593292,0.6361161470413208,-0.015430309809744358,0.3749973773956299,0.5974467992782593,-0.02485939860343933,0.3654557168483734,0.5720303654670715,-0.03295300155878067,0.3585989773273468,0.5492696762084961,-0.039590127766132355,0.4118080735206604,0.6222421526908875,-0.016431238502264023,0.40192821621894836,0.5708884000778198,-0.02324511855840683,0.39686253666877747,0.540174126625061,-0.031085139140486717,0.3928006589412689,0.5142711997032166,-0.03762422502040863,0.4305919408798218,0.6230648756027222,-0.019221141934394836,0.42981576919555664,0.5743926763534546,-0.027413291856646538,0.4287746250629425,0.5443034172058105,-0.03631328418850899,0.4270770847797394,0.5194421410560608,-0.04341277480125427,0.4493255913257599,0.6346046328544617,-0.02337716333568096,0.45856940746307373,0.6016554236412048,-0.03180966153740883,0.4639810621738434,0.5798962712287903,-0.036850396543741226,0.46757277846336365,0.5607572793960571,-0.040879588574171066
0.4433022439479828,0.7372350692749023,2.39596147366683e-07,0.4173943102359772,0.725896418094635,-0.013207175768911839,0.39856842160224915,0.6998518705368042,-0.020977266132831573,0.41053441166877747,0.6720983386039734,-0.027965880930423737,0.4286259114742279,0.6539154648780823,-0.035224057734012604,0.39565756916999817,0.6359778642654419,-0.012845972552895546,0.37795180082321167,0.596744954586029,-0.02166781760752201,0.3685791492462158,0.5715829133987427,-0.029209837317466736,0.3621654808521271,0.5498746633529663,-0.0353572703897953,0.41456902027130127,0.6233596801757812,-0.01463613472878933,0.40542295575141907,0.5712430477142334,-0.021326985210180283,0.4005659520626068,0.539655864238739,-0.028957070782780647,0.3972780704498291,0.513449490070343,-0.035140976309776306,0.43348830938339233,0.6251023411750793,-0.018163640052080154,0.433039128780365,0.5756058096885681,-0.026432160288095474,0.4323357939720154,0.545360803604126,-0.03543560951948166,0.43137678503990173,0.5201563835144043,-0.04240657761693001,0.45225414633750916,0.6368977427482605,-0.022898707538843155,0.4619675874710083,0.6039109230041504,-0.031312260776758194,0.46743446588516235,0.5819506645202637,-0.03638741374015808,0.4712977409362793,0.5624693632125854,-0.04035529866814613
0.4444006085395813,0.734502375125885,2.3990253339434275e-07,0.41918066143989563,0.7227668166160583,-0.014042859897017479,0.40072134137153625,0.6969947814941406,-0.022342516109347343,0.4122881293296814,0.6690312623977661,-0.029683373868465424,0.4299004077911377,0.650407612323761,-0.03725619614124298,0.3982391357421875,0.6339300870895386,-0.01424765307456255,0.3806561529636383,0.5947146415710449,-0.023596780374646187,0.37143197655677795,0.5693892240524292,-0.03148611634969711,0.36525601148605347,0.547210693359375,-0.03784902021288872,0.41698020696640015,0.6213483810424805,-0.015712035819888115,0.4077637791633606,0.5696512460708618,-0.022787539288401604,0.40282905101776123,0.5381919145584106,-0.030665036290884018,0.39950937032699585,0.5116442441940308,-0.03701852262020111,0.4358322024345398,0.6231226325035095,-0.018913181498646736,0.4351713955402374,0.5743172764778137,-0.027300534769892693,0.4342958927154541,0.5445525050163269,-0.03624371811747551,0.4332070052623749,0.5194573402404785,-0.04320227727293968,0.45460811257362366,0.634996771812439,-0.02340499870479107,0.4640120565891266,0.6022432446479797,-0.03181320056319237,0.46952858567237854,0.5805670022964478,-0.03681294247508049,0.47344541549682617,0.5610899925231934,-0.040737658739089966
0.44509077072143555,0.7347397804260254,2.4403689735663647e-07,0.4198501408100128,0.7235600352287292,-0.014794213697314262,0.4014894664287567,0.6986435055732727,-0.023671867325901985,0.4127430021762848,0.6710460186004639,-0.031435586512088776,0.429182231426239,0.6510626673698425,-0.03928488492965698,0.39855095744132996,0.6342156529426575,-0.015198707580566406,0.38088420033454895,0.5945450067520142,-0.02507990412414074,0.3716748058795929,0.5686017274856567,-0.0332522951066494,0.36562010645866394,0.546107292175293,-0.03973636403679848,0.41718071699142456,0.6214463114738464,-0.016488919034600258,0.4076715111732483,0.56956946849823,-0.024035848677158356,0.4029000401496887,0.537648618221283,-0.032115209847688675,0.3996585011482239,0.5106397867202759,-0.03857984021306038,0.4360070824623108,0.6232572793960571,-0.019599944353103638,0.4352084994316101,0.574245035648346,-0.028488408774137497,0.43433356285095215,0.5438592433929443,-0.03767312690615654,0.4331006705760956,0.5182369351387024,-0.04475214332342148,0.4549480378627777,0.6353650689125061,-0.024040797725319862,0.46461352705955505,0.6023163795471191,-0.03291592374444008,0.4702633023262024,0.580327570438385,-0.03823447972536087,0.47414612770080566,0.5604974031448364,-0.0423167459666729
0.44312697649002075,0.7352682948112488,2.387615722909686e-07,0.41765448451042175,0.7241416573524475,-0.013975650072097778,0.3994843363761902,0.69842129945755,-0.022141970694065094,0.4111899137496948,0.6705541014671326,-0.029359109699726105,0.42745959758758545,0.6510384678840637,-0.03680829703807831,0.3962075412273407,0.6354516744613647,-0.013901649042963982,0.37839505076408386,0.5961710214614868,-0.023016685619950294,0.36906325817108154,0.5705903172492981,-0.030746910721063614,0.36273622512817383,0.5483884215354919,-0.03700399398803711,0.4147705137729645,0.6227399110794067,-0.015372012741863728,0.4052591919898987,0.5711610317230225,-0.022264190018177032,0.4002998173236847,0.5396522283554077,-0.03014666773378849,0.3968517482280731,0.5131428241729736,-0.03655898571014404,0.4334779977798462,0.6243797540664673,-0.018600821495056152,0.43256115913391113,0.5754609107971191,-0.026949962601065636,0.43159914016723633,0.5455670356750488,-0.03610025718808174,0.4303813576698303,0.5203545093536377,-0.04324929416179657,0.45220351219177246,0.6360631585121155,-0.0230966005474329,0.4615061283111572,0.6029696464538574,-0.03160889819264412,0.4670751690864563,0.5811980366706848,-0.03682168200612068,0.47104108333587646,0.5616298317909241,-0.04091987758874893
