x0,y0,z0,x1,y1,z1,x2,y2,z2,x3,y3,z3,x4,y4,z4,x5,y5,z5,x6,y6,z6,x7,y7,z7,x8,y8,z8,x9,y9,z9,x10,y10,z10,x11,y11,z11,x12,y12,z12,x13,y13,z13,x14,y14,z14,x15,y15,z15,x16,y16,z16,x17,y17,z17,x18,y18,z18,x19,y19,z19,x20,y20,z20
0.3579239249229431,0.7407576441764832,-1.0324544064133079e-07,0.3328006863594055,0.7235963344573975,-0.008245096541941166,0.31211525201797485,0.6931557655334473,-0.01598171889781952,0.3027302622795105,0.6667765378952026,-0.025764893740415573,0.3124409317970276,0.6480428576469421,-0.03527725860476494,0.3445132076740265,0.6236642599105835,-0.003996896091848612,0.35087308287620544,0.5774396657943726,-0.015927836298942566,0.35449734330177307,0.5489721298217773,-0.02383117750287056,0.3591078221797943,0.5262136459350586,-0.029276428744196892,0.360294908285141,0.6277167797088623,-0.007755593862384558,0.3395935893058777,0.6062790751457214,-0.02915293723344803,0.3235008418560028,0.6353611350059509,-0.03525342792272568,0.31871816515922546,0.6614646911621094,-0.033678509294986725,0.37236863374710083,0.6372019052505493,-0.01326011959463358,0.34762224555015564,0.6232559680938721,-0.033134911209344864,0.3317827582359314,0.6515980958938599,-0.03159865736961365,0.3264266848564148,0.6762562394142151,-0.02434481307864189,0.3816760778427124,0.6520556807518005,-0.01970464177429676,0.3581104874610901,0.6415094137191772,-0.03227445110678673,0.34329861402511597,0.6582741141319275,-0.030572829768061638,0.33669373393058777,0.675620436668396,-0.024982789531350136
0.3673538863658905,0.752454400062561,-8.241416793453027e-08,0.3448692262172699,0.7319544553756714,-0.009731301106512547,0.3275910019874573,0.6995289325714111,-0.018388656899333,0.32212433218955994,0.6734559535980225,-0.028876332566142082,0.3327501714229584,0.6523711085319519,-0.03895629197359085,0.3598614037036896,0.6325140595436096,-0.006914312951266766,0.36895859241485596,0.584423840045929,-0.019890524446964264,0.37511971592903137,0.5561750531196594,-0.02818298526108265,0.3813015818595886,0.5331152081489563,-0.03374968841671944,0.3757769763469696,0.6407541036605835,-0.010470045730471611,0.3625980317592621,0.6145205497741699,-0.0330965630710125,0.3462182283401489,0.6432381272315979,-0.039572037756443024,0.33927202224731445,0.6689683794975281,-0.03826117888092995,0.3886571228504181,0.6538671255111694,-0.015846839174628258,0.3716890215873718,0.6347313523292542,-0.03685600683093071,0.3530280292034149,0.6616368293762207,-0.035418085753917694,0.3441298305988312,0.68436598777771,-0.028215093538165092,0.39965319633483887,0.6717664003372192,-0.02215592935681343,0.3853141665458679,0.6535054445266724,-0.0350697785615921,0.36802005767822266,0.6669601202011108,-0.03290968015789986,0.3572196066379547,0.6823211908340454,-0.027156146243214607
0.3694414794445038,0.7584425210952759,-7.187531991803553e-08,0.3458009958267212,0.7372786998748779,-0.011731983162462711,0.3287266194820404,0.7100327014923096,-0.023102078586816788,0.3231797218322754,0.6875336766242981,-0.036056675016880035,0.3373948037624359,0.6750129461288452,-0.04899917542934418,0.3633078932762146,0.6380391716957092,-0.01302771270275116,0.3722592294216156,0.5866557955741882,-0.02819310687482357,0.3806799352169037,0.555523157119751,-0.038182955235242844,0.38861966133117676,0.5302196741104126,-0.04486184939742088,0.3813915252685547,0.6484951376914978,-0.016046976670622826,0.3673444390296936,0.6297608613967896,-0.03970911726355553,0.3508228361606598,0.6602442264556885,-0.046029746532440186,0.34249648451805115,0.6864208579063416,-0.044952452182769775,0.395562082529068,0.6643604636192322,-0.020707404240965843,0.37960177659988403,0.6508936882019043,-0.04268389940261841,0.36132362484931946,0.6801115870475769,-0.03978201746940613,0.35126668214797974,0.704160213470459,-0.03165801987051964,0.40594780445098877,0.6850441098213196,-0.026450583711266518,0.39064621925354004,0.6722336411476135,-0.039879146963357925,0.37335720658302307,0.68963623046875,-0.03619569167494774,0.3627062737941742,0.7057101130485535,-0.02919093146920204
0.3685663938522339,0.7592957019805908,-7.741927987581221e-08,0.34538453817367554,0.7390590310096741,-0.012552336789667606,0.32728251814842224,0.7117307782173157,-0.02416158840060234,0.32288557291030884,0.6889059543609619,-0.03687576949596405,0.33885452151298523,0.676683783531189,-0.049341339617967606,0.3611339032649994,0.6389532685279846,-0.014119256287813187,0.368121474981308,0.5874143838882446,-0.029115475714206696,0.3746049404144287,0.5566490292549133,-0.03848739340901375,0.38162821531295776,0.5311091542243958,-0.04492213949561119,0.3798193037509918,0.6496343016624451,-0.016946405172348022,0.367647647857666,0.6281103491783142,-0.04118006303906441,0.3510372042655945,0.6606717109680176,-0.046799760311841965,0.34336620569229126,0.6879236698150635,-0.04492669552564621,0.39461997151374817,0.6660689115524292,-0.021481700241565704,0.37958571314811707,0.6529822945594788,-0.04416775703430176,0.36146271228790283,0.6835777759552002,-0.04079332575201988,0.3524780571460724,0.7072157263755798,-0.032162249088287354,0.4058697819709778,0.6874740719795227,-0.027116013690829277,0.3913728892803192,0.6758217215538025,-0.04121362417936325,0.37465786933898926,0.6962670683860779,-0.03751184418797493,0.3653849959373474,0.7132160663604736,-0.030509579926729202
0.37584537267684937,0.7656482458114624,3.2300611074731478e-09,0.3498271703720093,0.7448021769523621,-0.015319837257266045,0.33732935786247253,0.7142648100852966,-0.025935279205441475,0.349539190530777,0.688831627368927,-0.03678349405527115,0.36669081449508667,0.6727532744407654,-0.04692874476313591,0.3523974120616913,0.6496140360832214,-0.015286925248801708,0.3525669276714325,0.5950037837028503,-0.02912455052137375,0.35575735569000244,0.56255704164505,-0.03745873272418976,0.35883012413978577,0.5345109701156616,-0.04327021911740303,0.3733416795730591,0.6568901538848877,-0.01714341901242733,0.3793851435184479,0.6251814961433411,-0.041385021060705185,0.3756193518638611,0.6581811904907227,-0.04739292711019516,0.3709215819835663,0.6883026361465454,-0.045174382627010345,0.3912447392940521,0.6703248023986816,-0.020796097815036774,0.3941044509410858,0.6500680446624756,-0.04257293418049812,0.38679224252700806,0.6825010776519775,-0.03962737321853638,0.380840539932251,0.7078603506088257,-0.03113119676709175,0.4065978229045868,0.6882930397987366,-0.0259001012891531,0.4087589383125305,0.6681737303733826,-0.03900352865457535,0.39991772174835205,0.6876217722892761,-0.03510458767414093,0.39161694049835205,0.7061124444007874,-0.028295204043388367
0.37728142738342285,0.7638410925865173,-5.207747122426554e-09,0.3533434271812439,0.7419312000274658,-0.015143358148634434,0.34344446659088135,0.710089385509491,-0.025345275178551674,0.35797491669654846,0.6838327646255493,-0.035889845341444016,0.37570706009864807,0.6687633395195007,-0.04571923241019249,0.3512313663959503,0.6477884650230408,-0.014433188363909721,0.3516344130039215,0.5932646989822388,-0.028038177639245987,0.3547775149345398,0.5612592697143555,-0.03622160479426384,0.3578384816646576,0.5345323085784912,-0.041683509945869446,0.3717752695083618,0.6538892984390259,-0.015717294067144394,0.38010483980178833,0.6307532787322998,-0.0402650386095047,0.37834975123405457,0.6626420021057129,-0.046881452202796936,0.37410998344421387,0.6913249492645264,-0.04489821940660477,0.38988494873046875,0.6647759079933167,-0.01874960958957672,0.39466923475265503,0.6538795828819275,-0.04032669961452484,0.38982000946998596,0.6850149035453796,-0.03804311528801918,0.3847508728504181,0.7085243463516235,-0.030005086213350296,0.4053209125995636,0.6798174381256104,-0.023308075964450836,0.40816038846969604,0.6679192781448364,-0.036027032881975174,0.4011037349700928,0.6901805996894836,-0.032441720366477966,0.3943535089492798,0.7090116739273071,-0.025706389918923378
0.38329756259918213,0.7607715725898743,4.5813354887513924e-08,0.3655659854412079,0.7374626398086548,-0.020046738907694817,0.35973113775253296,0.7047125101089478,-0.02967335470020771,0.3733460605144501,0.6752015352249146,-0.03849207982420921,0.38574329018592834,0.6548280119895935,-0.04601597040891647,0.3457258343696594,0.647953987121582,-0.012175338342785835,0.34405383467674255,0.5963783860206604,-0.024724937975406647,0.3454875349998474,0.5645567178726196,-0.0323408767580986,0.34741485118865967,0.5389800071716309,-0.036949895322322845,0.3660282492637634,0.6520662903785706,-0.009727906435728073,0.3773573935031891,0.6293933987617493,-0.0337044857442379,0.3794163465499878,0.6597618460655212,-0.040831610560417175,0.3773288428783417,0.686678409576416,-0.03846772760152817,0.38474196195602417,0.6611014604568481,-0.009672146290540695,0.39297619462013245,0.6502575874328613,-0.03193427249789238,0.3913293480873108,0.680060625076294,-0.03153392672538757,0.38677334785461426,0.7006206512451172,-0.023806853219866753,0.3999790549278259,0.6747307777404785,-0.011333918198943138,0.40691444277763367,0.6607215404510498,-0.024629130959510803,0.4023982882499695,0.681309163570404,-0.0221052598208189,0.3955698609352112,0.6975524425506592,-0.015443515963852406
0.3801476061344147,0.7624809741973877,1.5384356899517115e-08,0.3597390651702881,0.7386751174926758,-0.016439223662018776,0.3530977666378021,0.7050706148147583,-0.0257094856351614,0.3670041561126709,0.6762126088142395,-0.035200316458940506,0.3814413845539093,0.6587448120117188,-0.04373867064714432,0.34792202711105347,0.6459230184555054,-0.010847561992704868,0.3485560715198517,0.5931509733200073,-0.024101966992020607,0.3520555794239044,0.5622504949569702,-0.03227134421467781,0.35576310753822327,0.5370352268218994,-0.03729875758290291,0.3682292401790619,0.6521167159080505,-0.010808521881699562,0.37714043259620667,0.6307520270347595,-0.035387881100177765,0.3762832283973694,0.6623720526695251,-0.0423145592212677,0.37267202138900757,0.6895077228546143,-0.039934173226356506,0.38692113757133484,0.6622491478919983,-0.012886901386082172,0.3929279148578644,0.6525164246559143,-0.03507564589381218,0.3886011242866516,0.6846988201141357,-0.03350793197751045,0.38274070620536804,0.7070407867431641,-0.02526847831904888,0.40281715989112854,0.6768463850021362,-0.01650405116379261,0.4082850217819214,0.6644275188446045,-0.02940944768488407,0.4009324908256531,0.6881746649742126,-0.025784913450479507,0.39212766289711,0.7068131566047668,-0.018502460792660713
0.3797302842140198,0.7625225186347961,1.7126527751543108e-08,0.3594634532928467,0.7375996112823486,-0.01680499128997326,0.35281112790107727,0.7041599154472351,-0.026004981249570847,0.36640140414237976,0.6743614673614502,-0.035437509417533875,0.38089749217033386,0.6553968787193298,-0.04391932860016823,0.3482714891433716,0.6458278298377991,-0.010105075314640999,0.348574697971344,0.5933799743652344,-0.02332974225282669,0.3517467677593231,0.5625177621841431,-0.031455423682928085,0.3553399443626404,0.537514328956604,-0.03643861413002014,0.36857032775878906,0.6525900363922119,-0.01000211387872696,0.3766493499279022,0.6293225884437561,-0.03466883301734924,0.37541669607162476,0.6599639058113098,-0.0417962372303009,0.3722574710845947,0.6873586773872375,-0.03945281729102135,0.3873218297958374,0.6634076833724976,-0.01214209571480751,0.3925687074661255,0.652765154838562,-0.03482525795698166,0.3878650963306427,0.6844475865364075,-0.03364396095275879,0.382291316986084,0.7068345546722412,-0.02548000030219555,0.40292418003082275,0.6788396239280701,-0.01583094149827957,0.4078832268714905,0.6641009449958801,-0.029276803135871887,0.39988285303115845,0.6874733567237854,-0.02591639943420887,0.3908332586288452,0.7065470814704895,-0.018750682473182678
0.37966516613960266,0.761817991733551,1.997328169522916e-08,0.35939455032348633,0.7373780608177185,-0.017090149223804474,0.35291802883148193,0.7041027545928955,-0.02645276114344597,0.3670259714126587,0.6745681166648865,-0.035893406718969345,0.38179609179496765,0.6561151146888733,-0.04431932792067528,0.34819215536117554,0.6458597779273987,-0.01110165286809206,0.348644882440567,0.5931587815284729,-0.024374742060899734,0.35173067450523376,0.5621961951255798,-0.032397035509347916,0.35515403747558594,0.5369811654090881,-0.037317678332328796,0.3686458170413971,0.652199923992157,-0.010836450383067131,0.3766753673553467,0.6273993253707886,-0.0353429801762104,0.37522244453430176,0.6575229167938232,-0.042205773293972015,0.3718316853046417,0.6846209168434143,-0.0397205576300621,0.3874763548374176,0.6626372337341309,-0.012797893956303596,0.39242124557495117,0.6519706845283508,-0.035166751593351364,0.3877750039100647,0.6833381652832031,-0.03385569900274277,0.38235825300216675,0.7052319645881653,-0.02568136528134346,0.40329593420028687,0.6775134801864624,-0.016353074461221695,0.4082295894622803,0.6625248789787292,-0.02932315692305565,0.4002848267555237,0.6851040720939636,-0.025917192921042442,0.3912966847419739,0.7034299969673157,-0.018878094851970673
0.37973347306251526,0.7618134021759033,1.8738928631023555e-08,0.3600449562072754,0.7372537851333618,-0.01705336943268776,0.3535240590572357,0.7034868001937866,-0.0262270737439394,0.3674148917198181,0.6732032895088196,-0.03554077446460724,0.381978839635849,0.6535577774047852,-0.043851859867572784,0.3479737639427185,0.6452759504318237,-0.010158712044358253,0.3491695523262024,0.5924752354621887,-0.02357758767902851,0.35267823934555054,0.5612780451774597,-0.03196730092167854,0.35650235414505005,0.5359153747558594,-0.037193167954683304,0.3684726357460022,0.6518886685371399,-0.009930260479450226,0.37681689858436584,0.6282703280448914,-0.03477299585938454,0.37522536516189575,0.6592333316802979,-0.04192093014717102,0.37188291549682617,0.6867141723632812,-0.039591144770383835,0.3874153792858124,0.6624927520751953,-0.011988673359155655,0.39265209436416626,0.6509838104248047,-0.03453366458415985,0.3876555860042572,0.6830533742904663,-0.032942865043878555,0.38211530447006226,0.7052603363990784,-0.02460879273712635,0.4031362533569336,0.6776632070541382,-0.015664756298065186,0.4078940451145172,0.6629323363304138,-0.028996119275689125,0.3996243476867676,0.6866307854652405,-0.02546420879662037,0.3907773792743683,0.705191969871521,-0.0182394627481699
0.3790458142757416,0.7588067054748535,1.965091644962058e-09,0.358638733625412,0.7340341210365295,-0.0160722304135561,0.3519217371940613,0.6986759901046753,-0.024666907265782356,0.3651088774204254,0.668075442314148,-0.03343876078724861,0.378754198551178,0.648764431476593,-0.04116431623697281,0.346639484167099,0.6430476903915405,-0.009764385409653187,0.3477090001106262,0.5907269716262817,-0.02278648503124714,0.3511837422847748,0.5601276755332947,-0.030614405870437622,0.3548685610294342,0.5350478291511536,-0.03542540967464447,0.36718809604644775,0.6496961116790771,-0.009751185774803162,0.3752354681491852,0.6253378987312317,-0.03457663580775261,0.37393948435783386,0.6584525108337402,-0.04104197770357132,0.3710601329803467,0.6870958805084229,-0.038096342235803604,0.3860775828361511,0.6601268649101257,-0.011944454163312912,0.3910335600376129,0.6476227641105652,-0.03450224548578262,0.3862576186656952,0.6802460551261902,-0.03270551934838295,0.38116058707237244,0.7028179168701172,-0.02408064529299736,0.4024067521095276,0.6746596693992615,-0.015590621158480644,0.4072243571281433,0.6586117744445801,-0.028477441519498825,0.39965206384658813,0.6805788278579712,-0.024849573150277138,0.3915204703807831,0.6981374621391296,-0.017627589404582977
0.3800089359283447,0.7589702606201172,1.5924427998470492e-08,0.3598080575466156,0.7346020936965942,-0.016860194504261017,0.3528467118740082,0.7006822824478149,-0.026036318391561508,0.36600378155708313,0.670120894908905,-0.035344868898391724,0.38037651777267456,0.650058925151825,-0.04365235194563866,0.3483623266220093,0.6445180177688599,-0.010671277530491352,0.3490869998931885,0.5918691158294678,-0.0241711288690567,0.35257482528686523,0.5607633590698242,-0.03248884901404381,0.35646340250968933,0.5351821184158325,-0.03766287490725517,0.3688153922557831,0.650872528553009,-0.010547103360295296,0.37678658962249756,0.6255472302436829,-0.035284172743558884,0.37521830201148987,0.6568623781204224,-0.04212811589241028,0.3722746670246124,0.6847168803215027,-0.03966213017702103,0.387576699256897,0.6613413095474243,-0.012677717953920364,0.3929744064807892,0.648875892162323,-0.035216767340898514,0.3878062963485718,0.6805734038352966,-0.033633843064308167,0.3823529779911041,0.7031607031822205,-0.025328608229756355,0.4032478928565979,0.6762358546257019,-0.01638098433613777,0.40820473432540894,0.6601780652999878,-0.029563039541244507,0.39989954233169556,0.682720422744751,-0.02606726624071598,0.3909628987312317,0.7015038728713989,-0.01899639144539833
0.37966299057006836,0.7594900727272034,1.6121434853744177e-08,0.35947927832603455,0.735130250453949,-0.01678682677447796,0.35272178053855896,0.701118528842926,-0.025880971923470497,0.36592793464660645,0.670863151550293,-0.03507540374994278,0.38003242015838623,0.6515197157859802,-0.04321051761507988,0.34730976819992065,0.6445568799972534,-0.010505798272788525,0.3483227789402008,0.5916682481765747,-0.023729322478175163,0.3520798981189728,0.560706615447998,-0.0317666158080101,0.3561882972717285,0.5353014469146729,-0.03672008216381073,0.3677658438682556,0.6507717370986938,-0.010216779075562954,0.37656381726264954,0.6268559098243713,-0.03496792912483215,0.3754119873046875,0.6589574813842773,-0.041681282222270966,0.3722839951515198,0.6869518756866455,-0.0390443354845047,0.3865927755832672,0.6609513759613037,-0.012149471789598465,0.39236927032470703,0.6489766836166382,-0.03478484973311424,0.38757389783859253,0.6810718178749084,-0.03321367874741554,0.38206401467323303,0.7036986351013184,-0.024816200137138367,0.4025673568248749,0.6753822565078735,-0.01560731790959835,0.40786847472190857,0.6603208184242249,-0.0289007481187582,0.4002106189727783,0.6831605434417725,-0.02545592002570629,0.3916659951210022,0.7018848061561584,-0.018289413303136826
0.37963393330574036,0.7595719695091248,1.248938907849606e-08,0.3591355085372925,0.7359473705291748,-0.01660040020942688,0.3517723083496094,0.7026063799858093,-0.02594866044819355,0.3649562895298004,0.6725866198539734,-0.03543341904878616,0.37919604778289795,0.6535148620605469,-0.043901197612285614,0.3479125201702118,0.6449595093727112,-0.011338399723172188,0.3488125205039978,0.5918328166007996,-0.024815168231725693,0.3525375425815582,0.5609504580497742,-0.03302135691046715,0.3566261827945709,0.5354176163673401,-0.03809887543320656,0.368283212184906,0.6509815454483032,-0.011258990503847599,0.37710851430892944,0.6271315217018127,-0.03591793775558472,0.3754638433456421,0.6591607332229614,-0.04260517284274101,0.3719569444656372,0.6867079734802246,-0.04009467363357544,0.3869282305240631,0.6611002087593079,-0.013321170583367348,0.3928881287574768,0.6492531895637512,-0.035660725086927414,0.3878367841243744,0.6814712285995483,-0.03381459042429924,0.3821406960487366,0.7037268877029419,-0.025405757129192352,0.4027652442455292,0.6756176352500916,-0.01691851019859314,0.40843528509140015,0.6606262922286987,-0.029924603179097176,0.4006105065345764,0.6836221218109131,-0.02623121812939644,0.39196938276290894,0.7021214365959167,-0.018987232819199562
0.3795079290866852,0.7599585056304932,1.1109696274047565e-08,0.35911405086517334,0.735442042350769,-0.016361963003873825,0.35205453634262085,0.7025060653686523,-0.025587160140275955,0.36582544445991516,0.6725286245346069,-0.035082779824733734,0.3805857300758362,0.6534618735313416,-0.043607231229543686,0.34853339195251465,0.6449865102767944,-0.010646498762071133,0.3496241569519043,0.5922377109527588,-0.024018622934818268,0.3532770574092865,0.5614653825759888,-0.032188475131988525,0.3573654294013977,0.5359833240509033,-0.03724794462323189,0.36889973282814026,0.6512627601623535,-0.010775424540042877,0.37648728489875793,0.6264898180961609,-0.03518962487578392,0.3746720850467682,0.6576923727989197,-0.0419265478849411,0.3717144727706909,0.6852258443832397,-0.03950822353363037,0.3876109719276428,0.6616731286048889,-0.01309548132121563,0.3923855721950531,0.6496418714523315,-0.03532663360238075,0.3872324526309967,0.6813809275627136,-0.03362581506371498,0.3820022642612457,0.7038018703460693,-0.025315508246421814,0.40345367789268494,0.676513135433197,-0.01695597916841507,0.40872499346733093,0.6590248346328735,-0.029718870297074318,0.4005621671676636,0.680919349193573,-0.02598922699689865,0.3916841745376587,0.6994777321815491,-0.01883256994187832
0.3797650635242462,0.7598469853401184,1.0026083963055044e-08,0.35944825410842896,0.7356215715408325,-0.01667945459485054,0.35237187147140503,0.70198655128479,-0.02595703862607479,0.3659355938434601,0.6717052459716797,-0.035385265946388245,0.3805776536464691,0.6521888971328735,-0.043787553906440735,0.34831181168556213,0.6448303461074829,-0.011023256927728653,0.3495454788208008,0.5919644236564636,-0.02443833090364933,0.35335153341293335,0.5612720847129822,-0.03262295573949814,0.3575071394443512,0.5358240008354187,-0.03772410750389099,0.36885589361190796,0.6513232588768005,-0.010902264155447483,0.37683093547821045,0.6268876194953918,-0.03546430543065071,0.3750079274177551,0.6585913300514221,-0.04218734800815582,0.37174513936042786,0.6862871050834656,-0.039806682616472244,0.3876267969608307,0.661858081817627,-0.012989051640033722,0.3927292227745056,0.649152398109436,-0.0355408675968647,0.38740867376327515,0.6813280582427979,-0.03387535363435745,0.3818941116333008,0.7040219306945801,-0.025571415200829506,0.4033868908882141,0.6767279505729675,-0.016605408862233162,0.40855416655540466,0.6595960855484009,-0.02987239696085453,0.4003278613090515,0.682119607925415,-0.026362761855125427,0.39140912890434265,0.7010686993598938,-0.019292671233415604
0.3797575533390045,0.759705662727356,1.4144037052687963e-08,0.3592502176761627,0.7354552149772644,-0.01607859879732132,0.35188013315200806,0.7023411393165588,-0.025249289348721504,0.3653295338153839,0.6724696159362793,-0.03474049270153046,0.38005828857421875,0.6533721685409546,-0.04332682862877846,0.34893637895584106,0.6449887156486511,-0.010798166505992413,0.35003727674484253,0.5920116305351257,-0.024351641535758972,0.3540344536304474,0.5612767934799194,-0.032723378390073776,0.35839393734931946,0.5357290506362915,-0.03792141377925873,0.36934956908226013,0.6511367559432983,-0.011019408702850342,0.3771035373210907,0.6270623803138733,-0.03569282963871956,0.375717431306839,0.6588097214698792,-0.04250170662999153,0.37296077609062195,0.6867510676383972,-0.040121398866176605,0.3879561424255371,0.6615371704101562,-0.0133838951587677,0.39298734068870544,0.6491751670837402,-0.035821039229631424,0.38812020421028137,0.6812413334846497,-0.0339851900935173,0.3829469382762909,0.7043874263763428,-0.025542709976434708,0.40353259444236755,0.6764428019523621,-0.01725579798221588,0.40900540351867676,0.6591770052909851,-0.03031291998922825,0.4010838270187378,0.6813634634017944,-0.02655903249979019,0.3923036456108093,0.7003799676895142,-0.019286489114165306
0.37971919775009155,0.7591452598571777,1.7351819536770563e-08,0.35934245586395264,0.7355173826217651,-0.016407422721385956,0.3519357144832611,0.7026388645172119,-0.025724155828356743,0.36557459831237793,0.6725317239761353,-0.035239335149526596,0.3804170489311218,0.6533247828483582,-0.04384234547615051,0.3488834500312805,0.6452648639678955,-0.011418531648814678,0.35015299916267395,0.5920239686965942,-0.025069424882531166,0.35418444871902466,0.5610975623130798,-0.0334162674844265,0.35854101181030273,0.5354621410369873,-0.038586340844631195,0.3693932294845581,0.6512898206710815,-0.01148010604083538,0.377384215593338,0.6265261173248291,-0.036327190697193146,0.3760296702384949,0.6581944227218628,-0.0431215837597847,0.37312600016593933,0.6861436367034912,-0.040657319128513336,0.3879881203174591,0.6615217328071594,-0.013676069676876068,0.39330750703811646,0.649212658405304,-0.03633886203169823,0.38846921920776367,0.6814290285110474,-0.03459082543849945,0.38312244415283203,0.7044519186019897,-0.026130318641662598,0.40350937843322754,0.6761309504508972,-0.017378130927681923,0.4090210199356079,0.6592469215393066,-0.03067312389612198,0.40126726031303406,0.6815690994262695,-0.027063535526394844,0.3925023376941681,0.7003681659698486,-0.019850460812449455
0.37989601492881775,0.759960949420929,1.5554892485170058e-08,0.3595137894153595,0.7357043027877808,-0.016358260065317154,0.352474182844162,0.7029282450675964,-0.025695864111185074,0.3653622269630432,0.6726957559585571,-0.035237353295087814,0.37939104437828064,0.6527472734451294,-0.04381505399942398,0.3490830957889557,0.644938588142395,-0.01105954684317112,0.3505059480667114,0.5921139717102051,-0.02461550384759903,0.354479044675827,0.561207115650177,-0.032939888536930084,0.3588760793209076,0.5355241298675537,-0.03809712827205658,0.36952993273735046,0.6512477397918701,-0.011163127608597279,0.3775481581687927,0.6261345744132996,-0.035919494926929474,0.3760734796524048,0.6578924655914307,-0.04276473447680473,0.37302321195602417,0.6859889030456543,-0.04037105292081833,0.3881833851337433,0.661600649356842,-0.013414165005087852,0.39354127645492554,0.6490293145179749,-0.03597177565097809,0.3885798454284668,0.6811879873275757,-0.03429179638624191,0.38307976722717285,0.7042254209518433,-0.02593512460589409,0.40387216210365295,0.6762549877166748,-0.017164891585707664,0.4092852473258972,0.6590591669082642,-0.030240178108215332,0.40146350860595703,0.6815382838249207,-0.02656833454966545,0.3925677239894867,0.7006431818008423,-0.019379250705242157
0.3802759647369385,0.7606031894683838,1.7562271636961668e-08,0.36002084612846375,0.7357844114303589,-0.016850898042321205,0.3530210554599762,0.7023813724517822,-0.026085512712597847,0.3661743700504303,0.671687126159668,-0.035419683903455734,0.38001516461372375,0.6510563492774963,-0.0437474325299263,0.34877708554267883,0.6451036930084229,-0.010794570669531822,0.35020169615745544,0.5923047065734863,-0.024258334189653397,0.35417428612709045,0.5613160133361816,-0.03258974105119705,0.3584211468696594,0.5357585549354553,-0.03775868937373161,0.36937832832336426,0.6516108512878418,-0.010552066378295422,0.37724748253822327,0.62652987241745,-0.03520067408680916,0.37601298093795776,0.6581428050994873,-0.042036958038806915,0.373076856136322,0.6865518689155579,-0.03961995616555214,0.3881455063819885,0.6621568202972412,-0.012552249245345592,0.39320677518844604,0.6494582295417786,-0.03521127626299858,0.3884354531764984,0.6816909909248352,-0.03360632807016373,0.3829720914363861,0.7051027417182922,-0.025252996012568474,0.40374866127967834,0.6771472096443176,-0.016093267127871513,0.4089987874031067,0.6597762703895569,-0.02956695668399334,0.4011715352535248,0.6824285984039307,-0.026090392842888832,0.3920658528804779,0.7018566727638245,-0.018955403938889503
0.37979933619499207,0.7599525451660156,9.901382824750726e-09,0.3596944212913513,0.7354204654693604,-0.016589805483818054,0.3528273105621338,0.7019717693328857,-0.025785259902477264,0.3661322593688965,0.6713765263557434,-0.03510446846485138,0.3798513412475586,0.6506493091583252,-0.04341469332575798,0.348838746547699,0.6447134017944336,-0.01080982107669115,0.35031047463417053,0.5918517112731934,-0.02431437000632286,0.35430702567100525,0.5610209703445435,-0.03264626860618591,0.35858744382858276,0.5355479717254639,-0.03785114362835884,0.3694435954093933,0.651297926902771,-0.010701854713261127,0.37737196683883667,0.6267048120498657,-0.03555787354707718,0.37568312883377075,0.6590369343757629,-0.042367104440927505,0.37240809202194214,0.6875401139259338,-0.03992743417620659,0.38818007707595825,0.6618461012840271,-0.0127995191141963,0.393380731344223,0.6487604975700378,-0.035590674728155136,0.3883035480976105,0.6814942955970764,-0.03372402489185333,0.38276731967926025,0.7049570083618164,-0.025205589830875397,0.403839111328125,0.6767616271972656,-0.016407106071710587,0.4090193510055542,0.6592554450035095,-0.03003493882715702,0.4011692404747009,0.6823675632476807,-0.026451172307133675,0.39240357279777527,0.7017619013786316,-0.019212448969483376
0.37997522950172424,0.7598606944084167,1.4006772630636988e-08,0.35978758335113525,0.7353144884109497,-0.01660320721566677,0.35276100039482117,0.7021118998527527,-0.025896767154335976,0.36621832847595215,0.6720735430717468,-0.035307541489601135,0.3806194067001343,0.6520950794219971,-0.04371260851621628,0.34893524646759033,0.644558310508728,-0.011020355857908726,0.35049960017204285,0.5917031168937683,-0.024421976879239082,0.35454800724983215,0.5610114336013794,-0.03257143869996071,0.35885298252105713,0.5355976819992065,-0.03760319948196411,0.3695371448993683,0.6510998606681824,-0.010904611088335514,0.37782925367355347,0.6265556812286377,-0.03537994995713234,0.37613245844841003,0.6577891707420349,-0.042138971388339996,0.37271758913993835,0.6854559183120728,-0.039733633399009705,0.3883061707019806,0.6615506410598755,-0.012967503629624844,0.39369192719459534,0.6494000554084778,-0.03554058074951172,0.3886771500110626,0.6817774176597595,-0.03388405591249466,0.38297906517982483,0.7046840786933899,-0.025522449985146523,0.40401986241340637,0.6762930750846863,-0.016535958275198936,0.4091030955314636,0.6598246693611145,-0.029952002689242363,0.40119361877441406,0.6830062866210938,-0.026398297399282455,0.3921891450881958,0.7021908760070801,-0.019202789291739464
0.3798173666000366,0.7598950862884521,1.7942644703339283e-08,0.3594631552696228,0.7357020974159241,-0.017079981043934822,0.35234516859054565,0.7024854421615601,-0.026508383452892303,0.3658977150917053,0.6724489331245422,-0.03596995398402214,0.3804437518119812,0.6532776355743408,-0.04443909972906113,0.3489190638065338,0.6450977325439453,-0.011641204357147217,0.3503657579421997,0.5918303728103638,-0.025262176990509033,0.3543379604816437,0.5609221458435059,-0.03353217989206314,0.35873064398765564,0.5353758931159973,-0.0386294461786747,0.3694950044155121,0.6513323187828064,-0.01130803395062685,0.3777661621570587,0.6269016861915588,-0.03630368411540985,0.3763789236545563,0.6585999727249146,-0.04314831271767616,0.37332555651664734,0.6865240931510925,-0.04061373323202133,0.38819777965545654,0.6615864038467407,-0.01317425724118948,0.3936406970024109,0.6496028304100037,-0.036088600754737854,0.38887059688568115,0.6821040511131287,-0.034462228417396545,0.383416086435318,0.7050939202308655,-0.025969702750444412,0.40388885140419006,0.6761664748191833,-0.016590798273682594,0.4092620611190796,0.6600809097290039,-0.03020566515624523,0.40163981914520264,0.6831582188606262,-0.026752356439828873,0.3929600119590759,0.7021992206573486,-0.01953665353357792
0.38038569688796997,0.7604702115058899,1.3355111683210907e-08,0.3599143624305725,0.7358776330947876,-0.016669169068336487,0.3525646924972534,0.7027357220649719,-0.02607717365026474,0.3656620383262634,0.6724259257316589,-0.03561565279960632,0.3800443112850189,0.6527054905891418,-0.044150225818157196,0.34918054938316345,0.6455090045928955,-0.011331492103636265,0.3507075011730194,0.5919447541236877,-0.02496207319200039,0.3548278212547302,0.5610272288322449,-0.03338272497057915,0.3591389060020447,0.5352514982223511,-0.03863599896430969,0.36969679594039917,0.6518830060958862,-0.011153681203722954,0.3779833912849426,0.6276221871376038,-0.03595517575740814,0.3763158917427063,0.6597254276275635,-0.04284556955099106,0.3728639483451843,0.6876701712608337,-0.040530044585466385,0.38834095001220703,0.6620793342590332,-0.013131593354046345,0.3938126862049103,0.649122953414917,-0.03587372601032257,0.38875097036361694,0.6819340586662292,-0.034131597727537155,0.3830973505973816,0.7054252028465271,-0.025693638250231743,0.4039292633533478,0.6765127778053284,-0.016623541712760925,0.40901511907577515,0.660120964050293,-0.03020321950316429,0.40133237838745117,0.6835019588470459,-0.026663541793823242,0.3927500545978546,0.7031136751174927,-0.019416021183133125
0.38020333647727966,0.7602261900901794,1.3619719574364808e-08,0.35973894596099854,0.7363067269325256,-0.017256947234272957,0.3527648448944092,0.7030094265937805,-0.026687586680054665,0.3662031888961792,0.6730164885520935,-0.036088231950998306,0.3802837133407593,0.6542092561721802,-0.04440807178616524,0.3492013216018677,0.6452009677886963,-0.011793602257966995,0.3506830632686615,0.5917878150939941,-0.025141963735222816,0.35467156767845154,0.5610929131507874,-0.03317130729556084,0.35899174213409424,0.5357540249824524,-0.038142409175634384,0.3697142004966736,0.6513630747795105,-0.011191490106284618,0.3783612549304962,0.6281914710998535,-0.03591061756014824,0.3769615888595581,0.6604176163673401,-0.04253865405917168,0.37360715866088867,0.68830806016922,-0.039971254765987396,0.3882882297039032,0.6613761186599731,-0.012790343724191189,0.39395686984062195,0.6500648260116577,-0.035430602729320526,0.3891845941543579,0.6824036836624146,-0.03378995507955551,0.383487343788147,0.7052028179168701,-0.025421662256121635,0.4038802683353424,0.6755756139755249,-0.01595376990735531,0.40962091088294983,0.6603136658668518,-0.02943815104663372,0.402100533246994,0.6833112835884094,-0.02609412744641304,0.393279105424881,0.7022923827171326,-0.019001245498657227
0.3797582983970642,0.759351909160614,1.477396693871924e-08,0.3595924377441406,0.7354111671447754,-0.01693880744278431,0.3526777923107147,0.7022272944450378,-0.026303816586732864,0.3660401403903961,0.6725970506668091,-0.03567749634385109,0.3804319500923157,0.6535777449607849,-0.04398185759782791,0.34964612126350403,0.6445430517196655,-0.011745354160666466,0.3509349822998047,0.5913308262825012,-0.02532515861093998,0.35502997040748596,0.5607057809829712,-0.03357630595564842,0.35944294929504395,0.5354130864143372,-0.038652222603559494,0.37011799216270447,0.6511417031288147,-0.011409444734454155,0.3786739706993103,0.6274991631507874,-0.036272577941417694,0.3767995238304138,0.6588273048400879,-0.04323750361800194,0.37294358015060425,0.6862457394599915,-0.04091125354170799,0.38871443271636963,0.6614819169044495,-0.013218834064900875,0.39416590332984924,0.6502110958099365,-0.03612637147307396,0.38903865218162537,0.682432234287262,-0.03464246541261673,0.3832247257232666,0.7050002813339233,-0.026304632425308228,0.40420374274253845,0.675934374332428,-0.016541458666324615,0.4095112383365631,0.6605490446090698,-0.030245602130889893,0.4017122685909271,0.683920681476593,-0.02681867778301239,0.3930516541004181,0.7029628157615662,-0.01960517093539238
0.3801366984844208,0.7599475383758545,8.68145111354579e-09,0.35975563526153564,0.7357523441314697,-0.017192453145980835,0.35242897272109985,0.7028836011886597,-0.026725683361291885,0.3655160665512085,0.6734253168106079,-0.036281805485486984,0.3791622519493103,0.6539182066917419,-0.044761911034584045,0.34958216547966003,0.644770085811615,-0.012055679224431515,0.3511715829372406,0.5913868546485901,-0.025690902024507523,0.35516607761383057,0.5608562231063843,-0.033921197056770325,0.359485000371933,0.5352667570114136,-0.03900357335805893,0.37016013264656067,0.6511117219924927,-0.011577490717172623,0.3782956302165985,0.6284459233283997,-0.03650189936161041,0.3766336739063263,0.6611286997795105,-0.04330148920416832,0.3735295236110687,0.6888930797576904,-0.040892500430345535,0.38872724771499634,0.661461353302002,-0.013305064290761948,0.39411455392837524,0.649734377861023,-0.036355432122945786,0.38925743103027344,0.6825706958770752,-0.034765101969242096,0.38392388820648193,0.7056736350059509,-0.026339083909988403,0.40436065196990967,0.6759684681892395,-0.016553236171603203,0.41018328070640564,0.6590344309806824,-0.030367035418748856,0.40278416872024536,0.68150794506073,-0.027033448219299316,0.3943115472793579,0.7002305388450623,-0.019898876547813416
0.38017895817756653,0.7596896886825562,1.623240031278783e-08,0.3595001995563507,0.7355861663818359,-0.016598423942923546,0.3521987497806549,0.7027374505996704,-0.02599726989865303,0.3658622205257416,0.6738385558128357,-0.03559842333197594,0.3806924521923065,0.6558638215065002,-0.04423048347234726,0.34975555539131165,0.6445799469947815,-0.011517944745719433,0.35116615891456604,0.5908998847007751,-0.025185279548168182,0.3552999794483185,0.5602529048919678,-0.03352415934205055,0.35973188281059265,0.534886360168457,-0.03865296393632889,0.3700752854347229,0.6511983871459961,-0.011462567374110222,0.37821853160858154,0.6274961829185486,-0.03636595979332924,0.3767096996307373,0.6590381860733032,-0.043256036937236786,0.373524934053421,0.6864386200904846,-0.040850065648555756,0.3886226713657379,0.6615639328956604,-0.0135611267760396,0.3941420912742615,0.6496848464012146,-0.03634137287735939,0.3892020583152771,0.6822187900543213,-0.03475160896778107,0.38359183073043823,0.7051337957382202,-0.026348579674959183,0.40424594283103943,0.6760930418968201,-0.01717650704085827,0.40983566641807556,0.6604660749435425,-0.03068668209016323,0.40204793214797974,0.6836000680923462,-0.027198992669582367,0.3932933509349823,0.7024656534194946,-0.019967444241046906
0.3797440528869629,0.7598590850830078,1.6630750110380177e-08,0.3594691753387451,0.7353388667106628,-0.016694361343979836,0.3525290787220001,0.7022647261619568,-0.025917241349816322,0.3657723665237427,0.6729132533073425,-0.03528732806444168,0.37996095418930054,0.6539562940597534,-0.043669331818819046,0.34948310256004333,0.6443328857421875,-0.011189784854650497,0.35110726952552795,0.591508150100708,-0.024773098528385162,0.35520556569099426,0.5610037446022034,-0.03313986212015152,0.3596203327178955,0.5356640219688416,-0.03827951103448868,0.36993408203125,0.6512459516525269,-0.01103859581053257,0.3781840205192566,0.6271194219589233,-0.03588289022445679,0.37650811672210693,0.6584250926971436,-0.04300260916352272,0.37318721413612366,0.6859545111656189,-0.0407571904361248,0.3885782063007355,0.6618760228157043,-0.013049819506704807,0.39396464824676514,0.6500290632247925,-0.03606244921684265,0.38900795578956604,0.6825475692749023,-0.03468966484069824,0.3835461437702179,0.7056255340576172,-0.026320897042751312,0.40411576628685,0.6766810417175293,-0.016547920182347298,0.409728080034256,0.6596812009811401,-0.03022371418774128,0.4021885395050049,0.6826462149620056,-0.026725664734840393,0.39373332262039185,0.7018671035766602,-0.019438551738858223
0.37979525327682495,0.7600772380828857,1.0137592099113135e-08,0.3595634996891022,0.7360532879829407,-0.016922958195209503,0.3526843786239624,0.7027643918991089,-0.026191798970103264,0.36591511964797974,0.6732515692710876,-0.03549693524837494,0.37973907589912415,0.654577374458313,-0.04371684417128563,0.34962546825408936,0.6449101567268372,-0.011638252064585686,0.3512148857116699,0.5915275812149048,-0.025048501789569855,0.35522302985191345,0.5609523057937622,-0.03319767862558365,0.359518438577652,0.5355822443962097,-0.03825370967388153,0.3699735105037689,0.6513851881027222,-0.011249290779232979,0.3781774342060089,0.6285092830657959,-0.035863395780324936,0.3766423165798187,0.6602962017059326,-0.0426507405936718,0.37336021661758423,0.6874216794967651,-0.04029224067926407,0.38855665922164917,0.6617549061775208,-0.013018940575420856,0.3941385746002197,0.6501542329788208,-0.035676632076501846,0.3891811668872833,0.682429850101471,-0.03410260006785393,0.3835441470146179,0.7049747705459595,-0.02580391801893711,0.40416935086250305,0.676291286945343,-0.01631423830986023,0.40988966822624207,0.6608059406280518,-0.029890364035964012,0.4021342694759369,0.6838353276252747,-0.026547390967607498,0.39352139830589294,0.7026363611221313,-0.019441626965999603
0.37986111640930176,0.7599801421165466,1.4844413698256176e-08,0.35982656478881836,0.7355866432189941,-0.01730409823358059,0.3531886637210846,0.702191948890686,-0.026791244745254517,0.3667651116847992,0.6725172996520996,-0.03629746288061142,0.3812115788459778,0.653374433517456,-0.04475823789834976,0.34891244769096375,0.644382894039154,-0.011467154137790203,0.35035327076911926,0.5914498567581177,-0.025014188140630722,0.35412362217903137,0.5608963966369629,-0.03317007049918175,0.358305424451828,0.5356543660163879,-0.038174908608198166,0.36949145793914795,0.650871992111206,-0.01098998449742794,0.3777565658092499,0.6277309060096741,-0.035955630242824554,0.37613001465797424,0.6592535376548767,-0.04288836941123009,0.37281379103660583,0.6866748332977295,-0.04041793569922447,0.38833755254745483,0.6612519025802612,-0.012741925194859505,0.3938215672969818,0.6501821279525757,-0.03583144396543503,0.38889992237091064,0.6828645467758179,-0.0343894399702549,0.3833495080471039,0.7056200504302979,-0.02597305364906788,0.40410640835762024,0.6759373545646667,-0.016036830842494965,0.40922099351882935,0.6611225605010986,-0.02994469366967678,0.4014646112918854,0.6850517988204956,-0.02665112353861332,0.3929378092288971,0.7042721509933472,-0.019448038190603256
0.3800375759601593,0.7597824335098267,1.475208044610099e-08,0.3599017858505249,0.7355483770370483,-0.01717803068459034,0.3530076742172241,0.7021075487136841,-0.02666713483631611,0.3664577603340149,0.6721636652946472,-0.03617417439818382,0.38087794184684753,0.6529668569564819,-0.044654350727796555,0.3491422235965729,0.6444776654243469,-0.011591125279664993,0.3505394756793976,0.5911672711372375,-0.025232581421732903,0.3544401526451111,0.5605441927909851,-0.03346956893801689,0.3587566912174225,0.5352159142494202,-0.038533829152584076,0.3696701228618622,0.6506625413894653,-0.011110837571322918,0.3780864179134369,0.6279309391975403,-0.03617917373776436,0.37656548619270325,0.6598024368286133,-0.043070293962955475,0.3732549548149109,0.68732088804245,-0.0405791699886322,0.38837382197380066,0.6607337594032288,-0.012834267690777779,0.39405426383018494,0.649986743927002,-0.035903967916965485,0.3891201615333557,0.6827670335769653,-0.03433738276362419,0.38348081707954407,0.7056718468666077,-0.025875333696603775,0.40399521589279175,0.6751738786697388,-0.01610485091805458,0.4090564250946045,0.6614395380020142,-0.030049435794353485,0.40131494402885437,0.6856968998908997,-0.026775185018777847,0.39279690384864807,0.705025315284729,-0.019572513177990913
0.3801378309726715,0.7605093717575073,1.726756693187781e-08,0.36036136746406555,0.735683023929596,-0.017823323607444763,0.35377809405326843,0.7022636532783508,-0.0273049958050251,0.36677461862564087,0.6725924611091614,-0.03664005547761917,0.38073015213012695,0.653353750705719,-0.04483012109994888,0.3491141200065613,0.6441418528556824,-0.011444047093391418,0.35064807534217834,0.5917356014251709,-0.024671390652656555,0.35450971126556396,0.5616621375083923,-0.03263050317764282,0.3587478995323181,0.5366904735565186,-0.037496987730264664,0.36958959698677063,0.6507094502449036,-0.010491486638784409,0.37833335995674133,0.6282330751419067,-0.035035476088523865,0.37665173411369324,0.6592391133308411,-0.041944362223148346,0.3729671537876129,0.6861864924430847,-0.039548590779304504,0.388292521238327,0.6608734130859375,-0.011821171268820763,0.39397820830345154,0.6508628129959106,-0.034690648317337036,0.3890884816646576,0.6830400824546814,-0.033496320247650146,0.38333871960639954,0.7052539587020874,-0.025281226262450218,0.40379977226257324,0.6751629710197449,-0.01473463699221611,0.40915447473526,0.6607843637466431,-0.028503354638814926,0.4015652537345886,0.6845865845680237,-0.02538532391190529,0.39297154545783997,0.7035670876502991,-0.018330387771129608
0.3802650272846222,0.7605810761451721,9.189072613935423e-09,0.3603539764881134,0.7360509037971497,-0.01726466789841652,0.353616327047348,0.7028895020484924,-0.026678254827857018,0.36643439531326294,0.6731504797935486,-0.03607947751879692,0.3801863193511963,0.6538136601448059,-0.04435983672738075,0.34956279397010803,0.6448525190353394,-0.011439457535743713,0.35097554326057434,0.5916309356689453,-0.024762431159615517,0.3549536466598511,0.5611662864685059,-0.03267134726047516,0.35927146673202515,0.535837709903717,-0.03749550133943558,0.3700581192970276,0.6511180996894836,-0.010806559585034847,0.37841254472732544,0.6284127235412598,-0.03544392064213753,0.37685251235961914,0.6606181263923645,-0.042074643075466156,0.3735531270503998,0.6882177591323853,-0.03948139399290085,0.3887230455875397,0.6612673401832581,-0.012410595081746578,0.3939409554004669,0.6505729556083679,-0.03520774841308594,0.3891315162181854,0.6830392479896545,-0.03374680504202843,0.3837002217769623,0.7055953741073608,-0.02540319599211216,0.4043837785720825,0.6754857301712036,-0.015547428280115128,0.40939992666244507,0.6607436537742615,-0.02914407104253769,0.4018453359603882,0.6838803291320801,-0.025896403938531876,0.39341676235198975,0.7025941610336304,-0.018808268010616302
0.38286006450653076,0.7583022117614746,1.018796069729433e-08,0.3622231185436249,0.7340278029441833,-0.015919243916869164,0.35551348328590393,0.7009575366973877,-0.0250119399279356,0.36933091282844543,0.6722692847251892,-0.034339532256126404,0.3836051821708679,0.6552358865737915,-0.04263991862535477,0.35219845175743103,0.643683910369873,-0.011005310341715813,0.3538009226322174,0.591027021408081,-0.024537092074751854,0.3580029308795929,0.5604100823402405,-0.032892175018787384,0.3624112606048584,0.5350406765937805,-0.03813929110765457,0.37258073687553406,0.6497840881347656,-0.011094966903328896,0.38112613558769226,0.6269023418426514,-0.03557644784450531,0.3793877363204956,0.659279465675354,-0.04196057841181755,0.375936895608902,0.6867309212684631,-0.039440855383872986,0.3909911811351776,0.6597558856010437,-0.013345249928534031,0.396952748298645,0.6476117372512817,-0.03521579131484032,0.391514390707016,0.6795424222946167,-0.03315971419215202,0.385574072599411,0.701885461807251,-0.024856507778167725,0.4066651165485382,0.6741034388542175,-0.017131010070443153,0.41255125403404236,0.6587503552436829,-0.02971651777625084,0.4042039215564728,0.6807319521903992,-0.026143044233322144,0.39488497376441956,0.6984215974807739,-0.019203519448637962
0.3808460831642151,0.7590136528015137,2.30214203256196e-09,0.36046522855758667,0.7353917360305786,-0.0161929652094841,0.3531721830368042,0.7019762992858887,-0.025357188656926155,0.3663935661315918,0.6723718047142029,-0.03465093672275543,0.3809150755405426,0.6541816592216492,-0.04285845533013344,0.34935975074768066,0.6443646550178528,-0.011382939293980598,0.35053756833076477,0.5915629267692566,-0.024696772918105125,0.3547169864177704,0.5612161159515381,-0.03274491801857948,0.3591168224811554,0.5357617139816284,-0.037765976041555405,0.3695957362651825,0.6500356197357178,-0.011159609071910381,0.378200501203537,0.6278903484344482,-0.03525332361459732,0.37599506974220276,0.659903347492218,-0.04169464856386185,0.3718787133693695,0.68650221824646,-0.03935736417770386,0.38793784379959106,0.659571647644043,-0.013045272789895535,0.3937103748321533,0.6482827067375183,-0.03492896258831024,0.3881286084651947,0.6804198026657104,-0.03318580240011215,0.382142573595047,0.7024815678596497,-0.025108031928539276,0.4035441279411316,0.6734129786491394,-0.016434792429208755,0.4088622033596039,0.6593055725097656,-0.0292507316917181,0.40072065591812134,0.6817057728767395,-0.025983724743127823,0.3918265402317047,0.6994239091873169,-0.0192086324095726
0.37941285967826843,0.7594884634017944,1.1721196457870064e-08,0.3593033254146576,0.7361735701560974,-0.016489822417497635,0.3523232340812683,0.7026166319847107,-0.02573290467262268,0.3662329316139221,0.672683596611023,-0.03512457013130188,0.3813386559486389,0.6545079350471497,-0.04346802830696106,0.3484061658382416,0.6454912424087524,-0.011540026403963566,0.3496345579624176,0.5927484035491943,-0.025120144709944725,0.35375258326530457,0.5623282194137573,-0.033288586884737015,0.35807228088378906,0.5370861291885376,-0.03828529268503189,0.36855772137641907,0.6508784294128418,-0.011357561685144901,0.3770316243171692,0.6283882260322571,-0.03605848178267479,0.3749845325946808,0.6590731143951416,-0.042910028249025345,0.3709992468357086,0.6856679320335388,-0.04051129147410393,0.38706454634666443,0.6603199243545532,-0.013280117884278297,0.3924425542354584,0.6514867544174194,-0.03559399023652077,0.38721904158592224,0.6832424402236938,-0.03409038111567497,0.3815021812915802,0.7050995230674744,-0.025887610390782356,0.40264177322387695,0.6743622422218323,-0.01677287369966507,0.40793001651763916,0.6625357270240784,-0.02976159192621708,0.3993763029575348,0.6851595044136047,-0.02655617520213127,0.3901805281639099,0.70290207862854,-0.01965944468975067
0.38008400797843933,0.7598849534988403,9.338373629930175e-09,0.35966959595680237,0.7370672225952148,-0.01678737998008728,0.3522936701774597,0.7035722136497498,-0.02616116777062416,0.36566901206970215,0.6733781099319458,-0.035589549690485,0.3799962103366852,0.6545308232307434,-0.04393269866704941,0.34822148084640503,0.6463825106620789,-0.0118413046002388,0.34953153133392334,0.5937228202819824,-0.025383520871400833,0.35375869274139404,0.5633291602134705,-0.03361300751566887,0.3580784201622009,0.53791743516922,-0.03873774781823158,0.36834660172462463,0.6515129804611206,-0.011476457118988037,0.37713226675987244,0.6289490461349487,-0.03612031415104866,0.3750501275062561,0.6605483889579773,-0.04284876957535744,0.37086015939712524,0.6873182058334351,-0.04051020368933678,0.38673344254493713,0.6605467796325684,-0.01326609868556261,0.3926165699958801,0.6498756408691406,-0.03550244867801666,0.3871656358242035,0.6819301843643188,-0.03387068957090378,0.38103777170181274,0.7038552761077881,-0.025743719190359116,0.40234875679016113,0.6739819049835205,-0.016637340188026428,0.4079878628253937,0.6606748104095459,-0.029606251046061516,0.39967936277389526,0.6831150054931641,-0.0264327023178339,0.3904736340045929,0.7007545232772827,-0.01967960223555565
0.37955453991889954,0.7601223587989807,8.455470990043068e-09,0.3596284091472626,0.7360637784004211,-0.016015097498893738,0.35248517990112305,0.7026066780090332,-0.02509051002562046,0.36598560214042664,0.6728767156600952,-0.034463878720998764,0.3810027837753296,0.6542015075683594,-0.042842451483011246,0.348725825548172,0.6455885767936707,-0.010709225200116634,0.349962055683136,0.5928675532341003,-0.02415948174893856,0.35404351353645325,0.5623284578323364,-0.03247590735554695,0.35809895396232605,0.5371140241622925,-0.03764916583895683,0.3686549663543701,0.6516614556312561,-0.010821673087775707,0.376930832862854,0.6285098791122437,-0.03505992516875267,0.3744533061981201,0.6586984395980835,-0.042008914053440094,0.37007489800453186,0.6849783062934875,-0.039945051074028015,0.38710156083106995,0.6615193486213684,-0.013052123598754406,0.39251184463500977,0.6506338715553284,-0.035090260207653046,0.3867156505584717,0.6822127103805542,-0.03364202007651329,0.380659818649292,0.7040964961051941,-0.025676317512989044,0.4026365578174591,0.6758866310119629,-0.0168136078864336,0.4076797068119049,0.662382185459137,-0.02978864312171936,0.3989223539829254,0.684806764125824,-0.026552854105830193,0.3896922469139099,0.7026891708374023,-0.01972934789955616
0.3797512948513031,0.7595536112785339,1.4631058142811071e-08,0.35915377736091614,0.7361788749694824,-0.016871079802513123,0.35184624791145325,0.7034350633621216,-0.026298895478248596,0.3654083013534546,0.6741764545440674,-0.03580857813358307,0.38011929392814636,0.6563000679016113,-0.04423075541853905,0.348110556602478,0.6454256772994995,-0.01192869059741497,0.34909147024154663,0.5923697352409363,-0.02556031383574009,0.3531428575515747,0.561860203742981,-0.03382488712668419,0.3574570417404175,0.5363859534263611,-0.038883112370967865,0.36826077103614807,0.6508415341377258,-0.011485368013381958,0.3770092725753784,0.6285803318023682,-0.036144860088825226,0.37487536668777466,0.6595913171768188,-0.0431084930896759,0.3707073926925659,0.6859241724014282,-0.04090365022420883,0.3866252899169922,0.6598531007766724,-0.013197693042457104,0.3924534022808075,0.6500027775764465,-0.0357106514275074,0.38737601041793823,0.6821684837341309,-0.03444615751504898,0.38159820437431335,0.7040104269981384,-0.02637336403131485,0.4021763205528259,0.6730534434318542,-0.016469793394207954,0.4080647826194763,0.6593092083930969,-0.0295560359954834,0.4002969264984131,0.6816384196281433,-0.02642681822180748,0.3914809226989746,0.6990995407104492,-0.01957833394408226
0.3786703646183014,0.7591155767440796,8.291343611688262e-09,0.3580995202064514,0.7356581687927246,-0.016218366101384163,0.35049042105674744,0.7026900053024292,-0.025549402460455894,0.3646600842475891,0.6729055643081665,-0.03511364012956619,0.37998339533805847,0.6546055674552917,-0.04373319819569588,0.34775739908218384,0.6458941102027893,-0.011938598938286304,0.3488864004611969,0.5925955772399902,-0.025665123015642166,0.35292819142341614,0.5619299411773682,-0.034014470875263214,0.3572220802307129,0.5361661314964294,-0.039254650473594666,0.3678942918777466,0.6511648297309875,-0.011934603564441204,0.3760272264480591,0.6287045478820801,-0.036426350474357605,0.37396201491355896,0.659743070602417,-0.04303773492574692,0.37036484479904175,0.6860672235488892,-0.04079177603125572,0.3862554430961609,0.6606135368347168,-0.014042572118341923,0.3916788399219513,0.6499477624893188,-0.03614615276455879,0.38623297214508057,0.6816771626472473,-0.034381184726953506,0.38061219453811646,0.7035537362098694,-0.026281442493200302,0.40171685814857483,0.6745714545249939,-0.017724880948662758,0.4071929454803467,0.6609444618225098,-0.030715569853782654,0.39864209294319153,0.6831275820732117,-0.027540206909179688,0.38956618309020996,0.7007843852043152,-0.02084439806640148
0.37857872247695923,0.7592949867248535,7.1293095871283185e-09,0.35812097787857056,0.7362603545188904,-0.016450433060526848,0.35064277052879333,0.7033246159553528,-0.02589353732764721,0.3644896447658539,0.6734628081321716,-0.03547021374106407,0.379642128944397,0.6549321413040161,-0.0439852736890316,0.34745219349861145,0.6459208726882935,-0.012169960886240005,0.3483184278011322,0.5927193760871887,-0.025769667699933052,0.35223516821861267,0.5621401071548462,-0.03383851796388626,0.35653820633888245,0.5364584922790527,-0.03883456438779831,0.3674740791320801,0.6514796018600464,-0.011957870796322823,0.3760562539100647,0.6292163729667664,-0.0364467017352581,0.37408626079559326,0.660675585269928,-0.04294712468981743,0.3704089820384979,0.6872915029525757,-0.040560558438301086,0.38580814003944397,0.6610628962516785,-0.013862266205251217,0.3914791941642761,0.6510186791419983,-0.036140985786914825,0.3858943581581116,0.6828776001930237,-0.034616075456142426,0.3800138831138611,0.704849123954773,-0.02658447064459324,0.4012848734855652,0.674894392490387,-0.017295753583312035,0.40635743737220764,0.6618028283119202,-0.030352283269166946,0.39755064249038696,0.683673083782196,-0.027366481721401215,0.38799554109573364,0.70099937915802,-0.02079104818403721
0.37850791215896606,0.7598372101783752,6.476746250427823e-09,0.35789576172828674,0.7362630367279053,-0.016172124072909355,0.350517600774765,0.7033487558364868,-0.025496356189250946,0.36417141556739807,0.6740218997001648,-0.035017628222703934,0.3793250024318695,0.6558178067207336,-0.04351777210831642,0.34751254320144653,0.6463403105735779,-0.011567763052880764,0.34856343269348145,0.593401312828064,-0.025126704946160316,0.3525370955467224,0.5630685091018677,-0.03335035592317581,0.35669830441474915,0.5376222729682922,-0.038437485694885254,0.36762499809265137,0.6515312194824219,-0.01146124117076397,0.37527021765708923,0.6297080516815186,-0.03568171337246895,0.37307336926460266,0.6603895425796509,-0.04241326451301575,0.3691539764404297,0.6862128376960754,-0.04024263098835945,0.38605189323425293,0.6605716347694397,-0.01345334853976965,0.39095810055732727,0.6507588028907776,-0.03538880497217178,0.3855506479740143,0.6824813485145569,-0.03388891741633415,0.37972956895828247,0.7040731310844421,-0.025926824659109116,0.4017508327960968,0.6737691164016724,-0.016977835446596146,0.4066289961338043,0.6610234379768372,-0.029668956995010376,0.3984012007713318,0.6831870675086975,-0.026467204093933105,0.38944578170776367,0.7003898024559021,-0.01973356306552887
0.3783387839794159,0.760448157787323,1.3019194611274543e-08,0.3577968180179596,0.736738383769989,-0.01654720865190029,0.35058140754699707,0.7037468552589417,-0.025964735075831413,0.36471593379974365,0.6738658547401428,-0.03553256019949913,0.3803728520870209,0.6553928256034851,-0.04404608905315399,0.3475208282470703,0.646912157535553,-0.011766399256885052,0.34872525930404663,0.5939335823059082,-0.025569042190909386,0.35294434428215027,0.5634320974349976,-0.034001629799604416,0.35734298825263977,0.5379213094711304,-0.03920848295092583,0.36746305227279663,0.6521664261817932,-0.011537836864590645,0.37561988830566406,0.629330575466156,-0.03594566136598587,0.3732251822948456,0.6594192981719971,-0.04281584173440933,0.36908450722694397,0.6850996017456055,-0.04069146513938904,0.3857915699481964,0.6611803770065308,-0.013456622138619423,0.3912498354911804,0.6510977745056152,-0.03545558452606201,0.3856447637081146,0.6823667883872986,-0.03398866578936577,0.37968483567237854,0.7036367058753967,-0.02603212185204029,0.40129727125167847,0.6745293140411377,-0.016976317390799522,0.4066993296146393,0.661459743976593,-0.029699411243200302,0.3980177342891693,0.6833671927452087,-0.026553833857178688,0.3886081874370575,0.7004900574684143,-0.0198602806776762
0.3781796991825104,0.7604936361312866,1.2625468670535156e-08,0.3579593598842621,0.7365790009498596,-0.016327332705259323,0.3507191836833954,0.7041658759117126,-0.02579057402908802,0.36410921812057495,0.6742395758628845,-0.03549179807305336,0.37900105118751526,0.6548447608947754,-0.04417699575424194,0.34753867983818054,0.6466076970100403,-0.011496027931571007,0.34893330931663513,0.593524158000946,-0.025302326306700706,0.35323867201805115,0.5628364682197571,-0.03377983346581459,0.3576394021511078,0.5372686386108398,-0.038983166217803955,0.3676303029060364,0.6523060202598572,-0.011411800049245358,0.37528756260871887,0.6290730237960815,-0.03590678796172142,0.373065710067749,0.6594356894493103,-0.042909763753414154,0.36924824118614197,0.6860580444335938,-0.040854182094335556,0.38610708713531494,0.6617639064788818,-0.013456606306135654,0.39079347252845764,0.6510834097862244,-0.03575415164232254,0.3853643238544464,0.6829577088356018,-0.03435714542865753,0.37978631258010864,0.7055206298828125,-0.026335973292589188,0.4017702043056488,0.6755703687667847,-0.01703646592795849,0.40629884600639343,0.6613974571228027,-0.03007722832262516,0.3976212739944458,0.6835689544677734,-0.026868656277656555,0.3883475363254547,0.7017257213592529,-0.020036373287439346
0.38095059990882874,0.7593714594841003,9.57574908255765e-09,0.36129987239837646,0.7356431484222412,-0.016413914039731026,0.35434040427207947,0.7025632858276367,-0.025611145421862602,0.367661714553833,0.6729893088340759,-0.034997593611478806,0.3824557065963745,0.6540950536727905,-0.043293848633766174,0.34960293769836426,0.6454488039016724,-0.010982454754412174,0.35083988308906555,0.5932465195655823,-0.023994795978069305,0.35488393902778625,0.5630041360855103,-0.031723760068416595,0.35926997661590576,0.5376024842262268,-0.03645787388086319,0.36961987614631653,0.6511952877044678,-0.010725457221269608,0.3781607747077942,0.6281849145889282,-0.03423016145825386,0.375431627035141,0.658606231212616,-0.04060423746705055,0.37132206559181213,0.6845979690551758,-0.038310565054416656,0.3879532217979431,0.6611242294311523,-0.012659003026783466,0.39326369762420654,0.6501347422599792,-0.03417288884520531,0.3873618543148041,0.6806206107139587,-0.032878752797842026,0.3817964494228363,0.7015796899795532,-0.025153696537017822,0.4034803509712219,0.6752710342407227,-0.016124548390507698,0.4089377224445343,0.6598097681999207,-0.02842954359948635,0.40026846528053284,0.6799495220184326,-0.025379855185747147,0.3911847472190857,0.6965115666389465,-0.018933327868580818
0.3803519010543823,0.7606093883514404,3.0219540203546558e-09,0.35955825448036194,0.737325131893158,-0.015988439321517944,0.3520106077194214,0.7050325870513916,-0.0253751240670681,0.3642392158508301,0.675478458404541,-0.03490521013736725,0.3782844543457031,0.6568018794059753,-0.04340311512351036,0.348548948764801,0.6477833390235901,-0.011872708797454834,0.3493316173553467,0.59522944688797,-0.025191383436322212,0.35312139987945557,0.5649205446243286,-0.03318025544285774,0.35710352659225464,0.5391622185707092,-0.0381181463599205,0.3686388432979584,0.6527379155158997,-0.011755350045859814,0.37682533264160156,0.6303187012672424,-0.035488661378622055,0.37481147050857544,0.6617334485054016,-0.041879571974277496,0.37098851799964905,0.6881776452064514,-0.03967022895812988,0.3868522644042969,0.6617960929870605,-0.013677673414349556,0.3919506072998047,0.6510976552963257,-0.03530532866716385,0.38671791553497314,0.6825297474861145,-0.033836979418992996,0.38114413619041443,0.704660177230835,-0.02605387382209301,0.4025169312953949,0.6750040650367737,-0.0170590840280056,0.4071558117866516,0.6606380939483643,-0.029549770057201385,0.3992423713207245,0.6817144751548767,-0.026383953168988228,0.39029768109321594,0.6991264820098877,-0.01982116885483265
0.37970030307769775,0.7612394094467163,6.571430066770745e-09,0.35901904106140137,0.7375511527061462,-0.014841639436781406,0.35106104612350464,0.7047300934791565,-0.02370666339993477,0.3643103539943695,0.674951434135437,-0.033138927072286606,0.37932807207107544,0.6560799479484558,-0.04175398126244545,0.3483414053916931,0.6474840641021729,-0.009893964044749737,0.348945289850235,0.5949082970619202,-0.023154914379119873,0.3526837229728699,0.5640645623207092,-0.03140821307897568,0.35660573840141296,0.5382723808288574,-0.036569442600011826,0.3685644268989563,0.6537138223648071,-0.01067170687019825,0.3757093548774719,0.6290608048439026,-0.034438230097293854,0.3734217882156372,0.6601476073265076,-0.04111894220113754,0.3699193596839905,0.687470018863678,-0.03902585431933403,0.387057363986969,0.6639399528503418,-0.013475592248141766,0.39147210121154785,0.6497110724449158,-0.03517185151576996,0.3857346177101135,0.681852400302887,-0.033311497420072556,0.3803534209728241,0.7053114175796509,-0.02515474520623684,0.40279603004455566,0.6786174178123474,-0.017677022144198418,0.4067767262458801,0.6610440015792847,-0.030198073014616966,0.39838680624961853,0.682978630065918,-0.026368919759988785,0.38980787992477417,0.7019902467727661,-0.01924280636012554
0.3784923851490021,0.7619960308074951,-1.1050926840283637e-09,0.35748767852783203,0.738758385181427,-0.015478014014661312,0.34922489523887634,0.7059704065322876,-0.024838512763381004,0.3620908558368683,0.6764853596687317,-0.03458903729915619,0.377137690782547,0.6586998701095581,-0.04338691011071205,0.34706664085388184,0.6486858129501343,-0.011690923012793064,0.34754884243011475,0.5953574180603027,-0.02542547881603241,0.35138511657714844,0.5647271275520325,-0.033843349665403366,0.3551967442035675,0.539002537727356,-0.039069294929504395,0.36705729365348816,0.6537737250328064,-0.01204255037009716,0.37489721179008484,0.6317473649978638,-0.03662922978401184,0.3729539215564728,0.6631617546081543,-0.043422307819128036,0.36911287903785706,0.6897331476211548,-0.04124746844172478,0.3854163885116577,0.6626297831535339,-0.01436653733253479,0.3908524215221405,0.6519497632980347,-0.03636357933282852,0.385566771030426,0.6844029426574707,-0.034478187561035156,0.3798190951347351,0.7070496082305908,-0.02626926079392433,0.4013739824295044,0.6756546497344971,-0.01818387769162655,0.40642014145851135,0.6628257036209106,-0.030772196128964424,0.3979575037956238,0.6857160329818726,-0.027193358168005943,0.388908714056015,0.7039571404457092,-0.02019452676177025
0.3785684108734131,0.7615240216255188,-3.826149175267801e-09,0.3576720654964447,0.7386998534202576,-0.015108088031411171,0.3492421805858612,0.7060297727584839,-0.024198085069656372,0.3622209131717682,0.6763424873352051,-0.0337311290204525,0.377673476934433,0.6581889986991882,-0.04236457124352455,0.3470129370689392,0.6477836966514587,-0.010988935828208923,0.34788161516189575,0.5945870876312256,-0.024309687316417694,0.35179856419563293,0.564170241355896,-0.03258270397782326,0.3556715250015259,0.5388649106025696,-0.03774266317486763,0.36707934737205505,0.6532624959945679,-0.011503992602229118,0.37422940135002136,0.6312305331230164,-0.03552592545747757,0.37212783098220825,0.6611332297325134,-0.042508020997047424,0.3682723641395569,0.6876333355903625,-0.04060706868767738,0.3856859803199768,0.6624233722686768,-0.013948911800980568,0.390257328748703,0.6518394947052002,-0.03571749106049538,0.38505804538726807,0.684314489364624,-0.034132543951272964,0.37959444522857666,0.7072966694831848,-0.026185274124145508,0.4018259048461914,0.6758472323417664,-0.017828071489930153,0.40542319416999817,0.6627514362335205,-0.03056597150862217,0.3969281017780304,0.6864221096038818,-0.027060074731707573,0.3883569538593292,0.7053402066230774,-0.02009706199169159
0.37829509377479553,0.7601394057273865,6.224120108200282e-10,0.3569577634334564,0.737354576587677,-0.015272467397153378,0.3490695655345917,0.7048724889755249,-0.024588078260421753,0.36260756850242615,0.6758874654769897,-0.034373607486486435,0.3773813247680664,0.658297061920166,-0.0432906299829483,0.346529096364975,0.6469684839248657,-0.011515830643475056,0.3472575545310974,0.593725323677063,-0.02534746378660202,0.3512875735759735,0.5629359483718872,-0.033793773502111435,0.355482280254364,0.5372107625007629,-0.039002109318971634,0.3667966425418854,0.652420163154602,-0.012078867293894291,0.3743269741535187,0.6303099393844604,-0.037232328206300735,0.37309011816978455,0.6631271839141846,-0.04404188320040703,0.37006890773773193,0.6912655234336853,-0.0416441410779953,0.3854580223560333,0.6616179943084717,-0.014616458676755428,0.39017951488494873,0.6503338813781738,-0.037251442670822144,0.38538041710853577,0.683532178401947,-0.035391852259635925,0.3800075352191925,0.707409143447876,-0.026965143159031868,0.40171167254447937,0.675016462802887,-0.018571462482213974,0.4061887264251709,0.6604034900665283,-0.03170803189277649,0.39803841710090637,0.6834822297096252,-0.028064893558621407,0.38897907733917236,0.7025775909423828,-0.020863737910985947
0.3784434497356415,0.7606642246246338,1.1976127645141332e-08,0.3570100963115692,0.737256646156311,-0.01574017107486725,0.34912747144699097,0.7054247260093689,-0.02526490017771721,0.3628159463405609,0.6759333610534668,-0.035221636295318604,0.37775593996047974,0.6574068069458008,-0.04434187337756157,0.34708261489868164,0.6471550464630127,-0.011379572562873363,0.3471006155014038,0.5941075682640076,-0.02528068795800209,0.3507595658302307,0.5632873177528381,-0.03380930423736572,0.35475242137908936,0.5376312136650085,-0.03901981934905052,0.3671738803386688,0.6524799466133118,-0.011834320612251759,0.37473350763320923,0.6292136311531067,-0.036982469260692596,0.3738085925579071,0.6601726412773132,-0.04421178251504898,0.37087583541870117,0.6880272030830383,-0.04201117157936096,0.3856312036514282,0.6618210077285767,-0.014319397509098053,0.3905784785747528,0.6514620780944824,-0.037109408527612686,0.3860863149166107,0.6837299466133118,-0.0357399545609951,0.3806605041027069,0.7074670791625977,-0.027510574087500572,0.4014069139957428,0.6757413148880005,-0.018270324915647507,0.40591752529144287,0.6616023778915405,-0.03168924152851105,0.39785680174827576,0.6848374009132385,-0.028314989060163498,0.3885403275489807,0.7045613527297974,-0.021191386505961418
0.3784931004047394,0.7610629796981812,1.2860943421344473e-08,0.3567001521587372,0.7379028797149658,-0.015674220398068428,0.34869199991226196,0.7059888243675232,-0.025021016597747803,0.3623447120189667,0.6768875122070312,-0.03481191769242287,0.37678247690200806,0.6590510606765747,-0.043750036507844925,0.3468726873397827,0.648223876953125,-0.011469178833067417,0.3469768762588501,0.594618558883667,-0.025168385356664658,0.3504863977432251,0.5635680556297302,-0.03352661803364754,0.3543199896812439,0.5378674268722534,-0.038634996861219406,0.36703211069107056,0.6538183093070984,-0.011907973326742649,0.37453070282936096,0.6299190521240234,-0.036880701780319214,0.3736933171749115,0.6612789630889893,-0.04385790601372719,0.37106141448020935,0.6893967390060425,-0.0415007583796978,0.3855120539665222,0.6633676886558533,-0.014369755052030087,0.39035338163375854,0.6520429849624634,-0.036854714155197144,0.3859371840953827,0.6840812563896179,-0.03533339872956276,0.3807830512523651,0.707596480846405,-0.02703641541302204,0.4013879895210266,0.6772162318229675,-0.018301788717508316,0.4064052402973175,0.6610490679740906,-0.03128994256258011,0.398567259311676,0.6829635500907898,-0.027736494317650795,0.38946694135665894,0.7020319104194641,-0.020571492612361908
0.37871822714805603,0.7611657381057739,1.6559697613161006e-08,0.3572382628917694,0.737988293170929,-0.016361219808459282,0.34946510195732117,0.7057616114616394,-0.02576291747391224,0.3627453148365021,0.6762252449989319,-0.03541943430900574,0.3770698308944702,0.6576642394065857,-0.04411287605762482,0.3465641140937805,0.647727370262146,-0.0115133635699749,0.3470163941383362,0.5940008759498596,-0.025046147406101227,0.3505912125110626,0.5630757212638855,-0.033284880220890045,0.35437384247779846,0.5375444889068604,-0.03832060843706131,0.36659789085388184,0.6535014510154724,-0.011471561156213284,0.37447652220726013,0.629930853843689,-0.03621506318449974,0.37382224202156067,0.6610150337219238,-0.04318878427147865,0.37106654047966003,0.6886476874351501,-0.04088827595114708,0.3850662410259247,0.6629892587661743,-0.013514931313693523,0.3904578685760498,0.6516888737678528,-0.03605092316865921,0.38619130849838257,0.6838418245315552,-0.03466019406914711,0.38090625405311584,0.707138180732727,-0.02645685523748398,0.40083855390548706,0.6766742467880249,-0.017056657001376152,0.4060003161430359,0.661081850528717,-0.03037031926214695,0.398347407579422,0.6839389204978943,-0.026996009051799774,0.3894391655921936,0.703353762626648,-0.019875064492225647
0.3784081041812897,0.7610535621643066,1.200299948322936e-08,0.35670214891433716,0.7375368475914001,-0.01619337871670723,0.3489532172679901,0.7049708962440491,-0.025522593408823013,0.3628440499305725,0.6753634214401245,-0.03518522158265114,0.37742167711257935,0.6568266749382019,-0.04391908645629883,0.3463117778301239,0.6472447514533997,-0.011031960137188435,0.3465528190135956,0.59381502866745,-0.024660207331180573,0.3501814007759094,0.5629746913909912,-0.033041711896657944,0.35421323776245117,0.5373463034629822,-0.03816533833742142,0.3663158416748047,0.6526587009429932,-0.011078361421823502,0.37425678968429565,0.6296148896217346,-0.03600484877824783,0.37330928444862366,0.6613630652427673,-0.04305682331323624,0.3704442083835602,0.689030110836029,-0.04072084650397301,0.3847600519657135,0.6617594957351685,-0.013240884989500046,0.3900740146636963,0.6507183909416199,-0.035893820226192474,0.38573551177978516,0.6834926605224609,-0.0343901589512825,0.380583256483078,0.7067732810974121,-0.026017192751169205,0.40064936876296997,0.6750531792640686,-0.016905078664422035,0.4058349132537842,0.6598659157752991,-0.030114155262708664,0.39843979477882385,0.6831011176109314,-0.02656463533639908,0.38995611667633057,0.7023901343345642,-0.019271451979875565
0.3780028522014618,0.7612394690513611,1.2062896459497097e-08,0.3561118543148041,0.7377092242240906,-0.016619376838207245,0.34809115529060364,0.7053647041320801,-0.026119306683540344,0.3625202476978302,0.6753938794136047,-0.03587751463055611,0.37739884853363037,0.6566448211669922,-0.044777803122997284,0.3462875783443451,0.6474811434745789,-0.011366586200892925,0.34672170877456665,0.5941703915596008,-0.025023624300956726,0.3501702547073364,0.5631874799728394,-0.03357855603098869,0.354084849357605,0.5372697114944458,-0.03900669515132904,0.36662569642066956,0.6531367301940918,-0.011292730458080769,0.37322095036506653,0.6293032765388489,-0.03597583249211311,0.37205249071121216,0.6615437865257263,-0.04280178248882294,0.3698902726173401,0.6895994544029236,-0.04055391624569893,0.38510096073150635,0.662979245185852,-0.013431533239781857,0.3894751965999603,0.6495769023895264,-0.03582422807812691,0.3847837746143341,0.6820636987686157,-0.034126874059438705,0.379970520734787,0.7056296467781067,-0.02591709792613983,0.4008640944957733,0.6773010492324829,-0.01713828556239605,0.40548548102378845,0.6595543622970581,-0.030464693903923035,0.39752107858657837,0.6822591423988342,-0.0271137747913599,0.38886573910713196,0.701876699924469,-0.020181825384497643
0.3780353367328644,0.760934591293335,1.1010663492072581e-08,0.35659003257751465,0.7373431921005249,-0.016274932771921158,0.3489750027656555,0.7048888206481934,-0.02567020058631897,0.36257532238960266,0.6751158237457275,-0.03538493439555168,0.37651917338371277,0.6556620597839355,-0.04420873895287514,0.3467654883861542,0.6472941040992737,-0.011154419742524624,0.3468949794769287,0.5942400693893433,-0.024845151230692863,0.3502310812473297,0.5632599592208862,-0.03333989530801773,0.35398200154304504,0.5377032160758972,-0.038592759519815445,0.36688634753227234,0.6530702710151672,-0.011332760564982891,0.3740464746952057,0.6292784214019775,-0.03631648048758507,0.37306830286979675,0.6607668399810791,-0.04344707727432251,0.3703976273536682,0.6889325976371765,-0.04120618849992752,0.3854500949382782,0.6629852056503296,-0.013639956712722778,0.390071839094162,0.6510709524154663,-0.03627272695302963,0.38547641038894653,0.6832053661346436,-0.03482015058398247,0.3802233338356018,0.7065721750259399,-0.02660108171403408,0.4012644588947296,0.6772481799125671,-0.017457038164138794,0.4056650698184967,0.6613691449165344,-0.03078758716583252,0.39762231707572937,0.6840568780899048,-0.027369344606995583,0.38869109749794006,0.7034366130828857,-0.02027631737291813
0.3785190284252167,0.7622681856155396,1.2801545601348607e-08,0.3569778501987457,0.7396529912948608,-0.017332840710878372,0.34894537925720215,0.7070708274841309,-0.026989756152033806,0.3622804284095764,0.6771382689476013,-0.03660496324300766,0.37601736187934875,0.6589452028274536,-0.04525268077850342,0.34593191742897034,0.6492878198623657,-0.012652614153921604,0.3464822769165039,0.5955919623374939,-0.026347490027546883,0.34989577531814575,0.564552903175354,-0.034738823771476746,0.35369864106178284,0.5385657548904419,-0.04004727303981781,0.36650291085243225,0.6541100740432739,-0.01210810150951147,0.3742308020591736,0.6313365697860718,-0.037164151668548584,0.3736341595649719,0.6645113229751587,-0.04376202076673508,0.3711562156677246,0.692846953868866,-0.04119635373353958,0.3850996196269989,0.6632183790206909,-0.0137293366715312,0.3906242251396179,0.6512212157249451,-0.03635641559958458,0.3864096701145172,0.6841104030609131,-0.03439561277627945,0.3810889720916748,0.7076865434646606,-0.025927847251296043,0.4008967876434326,0.6768158078193665,-0.01696978509426117,0.40631332993507385,0.6623246669769287,-0.03058060258626938,0.3990831971168518,0.6857895851135254,-0.02726517617702484,0.3905228078365326,0.7051196694374084,-0.020235233008861542
0.37764158844947815,0.7617378234863281,9.036386749983194e-09,0.3559338450431824,0.7391217350959778,-0.016448885202407837,0.3479529619216919,0.7063850164413452,-0.025976836681365967,0.36143985390663147,0.6767107844352722,-0.03568863496184349,0.3751775026321411,0.6582460403442383,-0.04451506584882736,0.3460673689842224,0.6481173038482666,-0.012171532027423382,0.3465697765350342,0.5949980020523071,-0.025876939296722412,0.34999796748161316,0.5643988251686096,-0.03433224558830261,0.35393670201301575,0.5385141968727112,-0.0396881178021431,0.36651021242141724,0.6534000635147095,-0.012148968875408173,0.3740069568157196,0.6307596564292908,-0.03710107132792473,0.37277719378471375,0.664100706577301,-0.04376119375228882,0.36985963582992554,0.6922673583030701,-0.04138559848070145,0.3849027752876282,0.662956953048706,-0.014231150038540363,0.39027857780456543,0.6501913070678711,-0.036821939051151276,0.3854747414588928,0.6834984421730042,-0.03488610312342644,0.3798796236515045,0.7073042392730713,-0.026537081226706505,0.4005914628505707,0.6769707202911377,-0.017836326733231544,0.40597814321517944,0.6611277461051941,-0.0313715860247612,0.3983740210533142,0.6846386194229126,-0.027976714074611664,0.3894979953765869,0.7042074203491211,-0.020974252372980118
0.3777453303337097,0.7616323232650757,6.615350933714126e-09,0.3558509945869446,0.7384548783302307,-0.01568150892853737,0.3477894365787506,0.7060505151748657,-0.025114065036177635,0.3614594638347626,0.6765491962432861,-0.034974705427885056,0.37519121170043945,0.6573443412780762,-0.043991610407829285,0.3461119532585144,0.6481547951698303,-0.011429820209741592,0.346568763256073,0.5946491360664368,-0.025346465408802032,0.35005632042884827,0.5636100172996521,-0.03406696394085884,0.3539842963218689,0.5374882221221924,-0.039546653628349304,0.36667871475219727,0.6538967490196228,-0.01194714568555355,0.3736550211906433,0.6302737593650818,-0.03712375462055206,0.37258782982826233,0.6636467576026917,-0.0441286563873291,0.37001124024391174,0.6923360824584961,-0.041932933032512665,0.3853493630886078,0.6637458205223083,-0.014519552700221539,0.3899097740650177,0.6498351693153381,-0.037270281463861465,0.3854202628135681,0.6832599639892578,-0.03528130427002907,0.3803968131542206,0.7076345086097717,-0.026786768808960915,0.4013682007789612,0.6778485774993896,-0.01853911206126213,0.4063337445259094,0.6599919199943542,-0.03193686902523041,0.39884859323501587,0.6828827261924744,-0.028164943680167198,0.3903183341026306,0.7026845812797546,-0.02086157351732254
0.37779438495635986,0.7612817287445068,1.0564017216552202e-08,0.35581424832344055,0.7379580736160278,-0.016063634306192398,0.34791263937950134,0.7048442959785461,-0.02542867138981819,0.36151695251464844,0.6745020747184753,-0.035018473863601685,0.37562260031700134,0.6552453637123108,-0.043721336871385574,0.3452400267124176,0.647713840007782,-0.011628963053226471,0.345926970243454,0.5942394733428955,-0.025372523814439774,0.34957849979400635,0.5629356503486633,-0.033855147659778595,0.3535434901714325,0.5369542241096497,-0.03918805345892906,0.36570966243743896,0.6533911228179932,-0.011823278851807117,0.3734096884727478,0.6298143863677979,-0.03700098767876625,0.372929185628891,0.6629151701927185,-0.04383411258459091,0.3703126609325409,0.6921688914299011,-0.04141533747315407,0.38441336154937744,0.6630964279174805,-0.0140670295804739,0.38964635133743286,0.6501889824867249,-0.03702313080430031,0.3854021430015564,0.6834892630577087,-0.03519264981150627,0.3799775242805481,0.7082175016403198,-0.02673381008207798,0.40030208230018616,0.6771894097328186,-0.017757536843419075,0.4047943651676178,0.6613794565200806,-0.031648099422454834,0.3974907100200653,0.6852442622184753,-0.028143562376499176,0.38879522681236267,0.7058043479919434,-0.02091243863105774
0.37777119874954224,0.7610442042350769,7.858703021668134e-09,0.3557693064212799,0.7380344271659851,-0.016030754894018173,0.3477446734905243,0.7052974104881287,-0.025444116443395615,0.3617646396160126,0.6755684614181519,-0.03506547212600708,0.37620604038238525,0.6567682027816772,-0.0438387468457222,0.3461558222770691,0.6480222940444946,-0.01198950782418251,0.34646499156951904,0.5948529243469238,-0.02574288286268711,0.34980952739715576,0.5640605092048645,-0.03422877565026283,0.35341358184814453,0.5383428931236267,-0.03949562832713127,0.36650359630584717,0.6534448862075806,-0.0121194738894701,0.37392058968544006,0.6298692226409912,-0.037163835018873215,0.37289565801620483,0.6619002819061279,-0.044078439474105835,0.3700597584247589,0.6904674172401428,-0.041643936187028885,0.38496237993240356,0.6628608107566833,-0.014251851476728916,0.38992831110954285,0.6516994833946228,-0.03680526837706566,0.3854677081108093,0.6844743490219116,-0.03512853756546974,0.3802722096443176,0.7084975838661194,-0.026759883388876915,0.4006655216217041,0.6766495108604431,-0.01786530576646328,0.4046702980995178,0.6629496812820435,-0.03128534182906151,0.3969164490699768,0.686978280544281,-0.0278311874717474,0.38838160037994385,0.7070424556732178,-0.020647665485739708
0.3781146705150604,0.762956976890564,3.234085665937414e-09,0.3560793101787567,0.7397788166999817,-0.016057360917329788,0.3478272259235382,0.7065886855125427,-0.02543940208852291,0.3618798851966858,0.6765232086181641,-0.03509186953306198,0.3765603303909302,0.6578924059867859,-0.04385361447930336,0.3462369740009308,0.650076150894165,-0.011977535672485828,0.34630298614501953,0.5960522890090942,-0.025878986343741417,0.3496505618095398,0.5648142099380493,-0.034339312463998795,0.35341161489486694,0.5386888384819031,-0.03959904983639717,0.366580605506897,0.6552472114562988,-0.01213041227310896,0.374176561832428,0.6313543319702148,-0.03750977665185928,0.3731592893600464,0.6646513342857361,-0.04428892955183983,0.37047961354255676,0.6935703158378601,-0.04169074445962906,0.38501235842704773,0.6645154356956482,-0.014323802664875984,0.39034539461135864,0.651818037033081,-0.03724745661020279,0.38603365421295166,0.6851527094841003,-0.03524809330701828,0.38097083568573,0.7093684673309326,-0.02652898244559765,0.40077823400497437,0.6781437397003174,-0.017996041104197502,0.4060108959674835,0.661959707736969,-0.0315382145345211,0.398831307888031,0.6849852800369263,-0.02790699154138565,0.39044076204299927,0.7045642137527466,-0.020553527399897575
0.377636581659317,0.7626998424530029,4.099941719459821e-09,0.3555026054382324,0.7403588891029358,-0.016324570402503014,0.34725213050842285,0.7075223326683044,-0.025767924264073372,0.3609127402305603,0.6779554486274719,-0.0354326032102108,0.3748258352279663,0.6599993109703064,-0.044232651591300964,0.34606289863586426,0.6500720381736755,-0.012087485752999783,0.3463633954524994,0.5965872406959534,-0.025938251987099648,0.3497692048549652,0.5656470060348511,-0.03453787788748741,0.3535081446170807,0.5395593643188477,-0.0399523563683033,0.366342693567276,0.655191957950592,-0.012114784680306911,0.3734323978424072,0.6322316527366638,-0.03743186593055725,0.37218761444091797,0.6658068895339966,-0.04429461061954498,0.3693512976169586,0.6943634748458862,-0.04182535782456398,0.38464364409446716,0.6642431020736694,-0.014205490238964558,0.38974905014038086,0.6515995860099792,-0.03685127943754196,0.3850717842578888,0.6852951645851135,-0.03487967699766159,0.3797074258327484,0.7093270421028137,-0.026330947875976562,0.40045395493507385,0.6776169538497925,-0.017827892675995827,0.4053763151168823,0.6627668738365173,-0.031205587089061737,0.3978562355041504,0.6864175796508789,-0.027686230838298798,0.3893864154815674,0.7057972550392151,-0.020489107817411423
0.3779577612876892,0.7632853388786316,1.9774508419612147e-10,0.35606539249420166,0.7397626638412476,-0.015761012211441994,0.34789422154426575,0.7066459059715271,-0.024813245981931686,0.3611523509025574,0.6758278012275696,-0.03421277180314064,0.3740389943122864,0.6551285982131958,-0.04273059219121933,0.34524431824684143,0.6481562256813049,-0.010262496769428253,0.34608349204063416,0.5947317481040955,-0.023734480142593384,0.3496204912662506,0.5636075735092163,-0.03240320459008217,0.3533801734447479,0.5374288558959961,-0.03792500123381615,0.36583349108695984,0.6540794968605042,-0.010580139234662056,0.37319639325141907,0.631657063961029,-0.03555469587445259,0.3724544942378998,0.665384829044342,-0.042828623205423355,0.3698863685131073,0.6946330666542053,-0.040832675993442535,0.3846129775047302,0.6639221906661987,-0.01296351570636034,0.38933438062667847,0.6494583487510681,-0.03571874648332596,0.3850364685058594,0.6836283802986145,-0.03375812619924545,0.38008981943130493,0.7088808417320251,-0.025281624868512154,0.40061333775520325,0.6780202388763428,-0.016786593943834305,0.40458670258522034,0.6611116528511047,-0.030560145154595375,0.3973693549633026,0.685819685459137,-0.02676153928041458,0.38957804441452026,0.706838071346283,-0.019278744235634804
0.3781142830848694,0.7626965045928955,4.456323310364496e-09,0.35539352893829346,0.7397791743278503,-0.015911443158984184,0.34706106781959534,0.7069093585014343,-0.02530326507985592,0.36078596115112305,0.6768741011619568,-0.034980472177267075,0.37437814474105835,0.6579276919364929,-0.043834488838911057,0.3463219404220581,0.649160623550415,-0.011912086047232151,0.3466087579727173,0.5956377983093262,-0.025788255035877228,0.34989219903945923,0.5645158886909485,-0.034371647983789444,0.3535320460796356,0.5381977558135986,-0.03977395221590996,0.3667891323566437,0.6540168523788452,-0.01220499537885189,0.37405845522880554,0.6309571862220764,-0.037459805607795715,0.3734574317932129,0.6642104387283325,-0.04432797431945801,0.37109363079071045,0.6928556561470032,-0.04193446785211563,0.3852587640285492,0.6630405783653259,-0.014523795805871487,0.3903000056743622,0.6512664556503296,-0.037149690091609955,0.38592076301574707,0.6846644282341003,-0.035220179706811905,0.38077929615974426,0.7088590860366821,-0.026788387447595596,0.4012393057346344,0.6765533685684204,-0.018349651247262955,0.4056476652622223,0.6626508235931396,-0.0317416749894619,0.39810270071029663,0.6868016123771667,-0.028206370770931244,0.389612078666687,0.7068687677383423,-0.02104168012738228
0.3775711953639984,0.7636291980743408,3.525514769009419e-09,0.3551975190639496,0.740592360496521,-0.015721658244729042,0.34702423214912415,0.7075170874595642,-0.02490909956395626,0.3609457314014435,0.6780967712402344,-0.0344504676759243,0.37488853931427,0.660022497177124,-0.043144550174474716,0.3459374010562897,0.6497082114219666,-0.01148854847997427,0.34637436270713806,0.5962761640548706,-0.025287698954343796,0.34983131289482117,0.5652270317077637,-0.03401188179850578,0.3535146117210388,0.5389549732208252,-0.03954596817493439,0.3664841651916504,0.6550150513648987,-0.011843872256577015,0.3734438419342041,0.6322198510169983,-0.036829423159360886,0.37240365147590637,0.6657059192657471,-0.04376431554555893,0.36967700719833374,0.694203794002533,-0.041568074375391006,0.38512906432151794,0.6643165946006775,-0.014226213097572327,0.39005598425865173,0.6508674025535583,-0.036681633442640305,0.3854205310344696,0.684745192527771,-0.034613724797964096,0.3801790773868561,0.7091795206069946,-0.026158636435866356,0.4012095034122467,0.6780544519424438,-0.018098294734954834,0.406114786863327,0.6621631979942322,-0.031375907361507416,0.39855819940567017,0.6862204074859619,-0.027611110359430313,0.3902769088745117,0.7061886191368103,-0.02030719630420208
0.377584308385849,0.7629523277282715,9.127598232794298e-09,0.3556375503540039,0.7401407957077026,-0.016169913113117218,0.3479207158088684,0.7069399356842041,-0.02548515424132347,0.36231547594070435,0.6775477528572083,-0.03505013883113861,0.3766618072986603,0.6594523787498474,-0.04377416893839836,0.3462475538253784,0.6496016979217529,-0.011867749504745007,0.34652143716812134,0.5960521101951599,-0.02562253177165985,0.349987268447876,0.5648846626281738,-0.03404974937438965,0.3538072109222412,0.5389416813850403,-0.03927457705140114,0.3666231334209442,0.6547182202339172,-0.011989197693765163,0.374176025390625,0.6317901611328125,-0.03722991794347763,0.37291839718818665,0.6640257239341736,-0.0442783460021019,0.36972522735595703,0.6923075318336487,-0.04188443720340729,0.3850803077220917,0.6640318036079407,-0.014142528176307678,0.39016595482826233,0.653072714805603,-0.03688787668943405,0.3857235610485077,0.6860323548316956,-0.035248786211013794,0.3803609311580658,0.7095805406570435,-0.026835599914193153,0.40086889266967773,0.6778353452682495,-0.017797673121094704,0.40563422441482544,0.663605272769928,-0.031225627288222313,0.3982190191745758,0.6872857809066772,-0.027731435373425484,0.3897818624973297,0.7067186236381531,-0.02049490436911583
0.37755775451660156,0.7627221345901489,4.8804178476302695e-09,0.35527539253234863,0.7402189373970032,-0.015810716897249222,0.34726759791374207,0.7069404721260071,-0.0250615943223238,0.3620583117008209,0.6776431202888489,-0.034595511853694916,0.3768877387046814,0.6596917510032654,-0.043330129235982895,0.3463120758533478,0.6496902108192444,-0.01191659551113844,0.34661296010017395,0.5961616039276123,-0.02578960917890072,0.350085586309433,0.5650181770324707,-0.03437383472919464,0.3538649380207062,0.5389337539672852,-0.03978512063622475,0.366933137178421,0.6551592350006104,-0.012278051115572453,0.37431269884109497,0.6320228576660156,-0.03761310130357742,0.3730914890766144,0.6653193235397339,-0.044503096491098404,0.3701342046260834,0.6939616799354553,-0.04205628111958504,0.3854607939720154,0.6648344397544861,-0.014645674265921116,0.39027515053749084,0.6525158882141113,-0.03742506355047226,0.3855714797973633,0.686029314994812,-0.03546745702624321,0.3802870810031891,0.7099025845527649,-0.02690783701837063,0.4012698531150818,0.6790134310722351,-0.018483584746718407,0.40559256076812744,0.6642937660217285,-0.03201472759246826,0.3979589641094208,0.6880953907966614,-0.028368735685944557,0.3896089792251587,0.7075147032737732,-0.0210574921220541
0.3780929148197174,0.7623318433761597,5.439118488936856e-09,0.35598263144493103,0.7399882674217224,-0.016235988587141037,0.34767046570777893,0.7069277167320251,-0.0256971325725317,0.3621237874031067,0.6770885586738586,-0.03542827069759369,0.37683331966400146,0.6580022573471069,-0.04430756717920303,0.346703439950943,0.6493031978607178,-0.01191401295363903,0.34680384397506714,0.5955513715744019,-0.025724340230226517,0.3502047061920166,0.5642998814582825,-0.03430786356329918,0.3538665473461151,0.5381584167480469,-0.03971918299794197,0.36722081899642944,0.6543768644332886,-0.012105140835046768,0.37456077337265015,0.6315469741821289,-0.03740828111767769,0.37326565384864807,0.664199948310852,-0.044527553021907806,0.3700959086418152,0.6925604939460754,-0.04229521006345749,0.38565704226493835,0.6636995077133179,-0.014358551241457462,0.39060142636299133,0.651282548904419,-0.037300631403923035,0.3860432207584381,0.6849200129508972,-0.03544047102332115,0.38077521324157715,0.7090522646903992,-0.026891717687249184,0.4013592004776001,0.6773790121078491,-0.01811867393553257,0.40597429871559143,0.6614751219749451,-0.031842850148677826,0.3989434838294983,0.6850346326828003,-0.02826281078159809,0.39108577370643616,0.7047302722930908,-0.020945671945810318
0.37807992100715637,0.7625669240951538,7.580071570423286e-10,0.35588550567626953,0.7398893237113953,-0.015933189541101456,0.3476160764694214,0.7068522572517395,-0.025195833295583725,0.3614555895328522,0.6770761609077454,-0.03475672006607056,0.37614691257476807,0.6587015390396118,-0.043480925261974335,0.34650522470474243,0.6483562588691711,-0.011594918556511402,0.3469325006008148,0.5948664546012878,-0.0250516626983881,0.35034042596817017,0.5640825629234314,-0.0333007350564003,0.35399916768074036,0.5382652878761292,-0.03843957185745239,0.3668568432331085,0.6535423994064331,-0.011741884052753448,0.37394729256629944,0.631564736366272,-0.036562398076057434,0.3727124333381653,0.6638749837875366,-0.043520238250494,0.3697500228881836,0.6920970678329468,-0.04121530055999756,0.3853408396244049,0.6628633141517639,-0.013893593102693558,0.38979417085647583,0.6522001624107361,-0.03649900481104851,0.38543611764907837,0.6853153705596924,-0.03496972844004631,0.38042813539505005,0.7093312740325928,-0.026677105575799942,0.40117281675338745,0.6764941811561584,-0.01750331185758114,0.4054130017757416,0.661749005317688,-0.03099678084254265,0.3982037901878357,0.6852836012840271,-0.027592480182647705,0.3900926113128662,0.7050626277923584,-0.02041144296526909
0.37783390283584595,0.7631657719612122,3.528594749724334e-09,0.35568320751190186,0.7396513223648071,-0.015643063932657242,0.34784361720085144,0.7062233686447144,-0.024677466601133347,0.36192959547042847,0.6765713095664978,-0.03406957536935806,0.37709134817123413,0.6584831476211548,-0.0426730215549469,0.3465971350669861,0.649229884147644,-0.010949268937110901,0.34691983461380005,0.5957438945770264,-0.02430381439626217,0.3503575026988983,0.5646069645881653,-0.032565291970968246,0.35401371121406555,0.538792610168457,-0.03773808851838112,0.3669309914112091,0.6548961400985718,-0.011249621398746967,0.3736882507801056,0.6319341063499451,-0.035881947726011276,0.3726486563682556,0.6635099053382874,-0.042866047471761703,0.3698512613773346,0.6915639638900757,-0.04063118249177933,0.3854958415031433,0.6645069718360901,-0.013548048213124275,0.3896540403366089,0.6527829170227051,-0.036043379455804825,0.3851751983165741,0.6854533553123474,-0.03454560786485672,0.38013768196105957,0.7095317244529724,-0.02631542645394802,0.4012935161590576,0.6784407496452332,-0.01728513091802597,0.4048275351524353,0.6637314558029175,-0.03078191541135311,0.39731618762016296,0.6874092221260071,-0.027349162846803665,0.38916581869125366,0.7074957489967346,-0.020169664174318314
0.3781389892101288,0.7625994682312012,7.686026926023715e-09,0.3560817837715149,0.7398293018341064,-0.015688560903072357,0.34789663553237915,0.7070574164390564,-0.02487283945083618,0.3619784414768219,0.6777810454368591,-0.03443971648812294,0.3769720792770386,0.6596814393997192,-0.04315623641014099,0.34630653262138367,0.6481224298477173,-0.010900617577135563,0.34697267413139343,0.5949204564094543,-0.024388380348682404,0.35063961148262024,0.56405109167099,-0.03289733827114105,0.3544708490371704,0.5383800268173218,-0.03826200217008591,0.3667542338371277,0.6534832715988159,-0.011282035149633884,0.3743765652179718,0.6317763924598694,-0.036052387207746506,0.3732321858406067,0.663442075252533,-0.04324554279446602,0.37007173895835876,0.6912481784820557,-0.041195884346961975,0.385412335395813,0.6628701090812683,-0.01369071751832962,0.39042365550994873,0.651735246181488,-0.03605581447482109,0.386065810918808,0.6846967339515686,-0.034361183643341064,0.38075876235961914,0.7084279656410217,-0.026104765012860298,0.4013020992279053,0.6766263842582703,-0.017591066658496857,0.4057246446609497,0.6622823476791382,-0.03085823729634285,0.39845579862594604,0.6863185167312622,-0.027209103107452393,0.39034733176231384,0.7060513496398926,-0.019926855340600014
0.3778110444545746,0.7628717422485352,-1.4325748365351387e-09,0.3553626239299774,0.7397480607032776,-0.015493543818593025,0.34723538160324097,0.7065916657447815,-0.024703435599803925,0.36163297295570374,0.6775408983230591,-0.034312330186367035,0.37685370445251465,0.6599031686782837,-0.04312274605035782,0.3468550741672516,0.6485192775726318,-0.011389393359422684,0.34728845953941345,0.5951439142227173,-0.0249338261783123,0.35078006982803345,0.5642791986465454,-0.03338272124528885,0.354473352432251,0.5383654832839966,-0.038740091025829315,0.3672640919685364,0.6540171504020691,-0.011814173310995102,0.374502032995224,0.6319639682769775,-0.03637431934475899,0.3728415369987488,0.6641428470611572,-0.043268121778964996,0.3696412742137909,0.6917040348052979,-0.04116009548306465,0.3857244551181793,0.6636090874671936,-0.014233539812266827,0.3903811573982239,0.6515827775001526,-0.0364946611225605,0.38554316759109497,0.6845298409461975,-0.034743111580610275,0.38039514422416687,0.7082270383834839,-0.02654481865465641,0.4016125202178955,0.6775444746017456,-0.018107794225215912,0.4057461619377136,0.6623899340629578,-0.031411703675985336,0.39811235666275024,0.6861735582351685,-0.027878880500793457,0.38998302817344666,0.7059160470962524,-0.0207450482994318
0.37838801741600037,0.76350337266922,4.5428967254679264e-09,0.35622087121009827,0.7404042482376099,-0.015761088579893112,0.3480486273765564,0.7073463201522827,-0.024972135201096535,0.3616977632045746,0.6778991222381592,-0.03448406234383583,0.37661048769950867,0.6599794030189514,-0.04307962581515312,0.3466523289680481,0.6489518284797668,-0.011280876584351063,0.3471924364566803,0.5954611301422119,-0.024720311164855957,0.35076647996902466,0.564436674118042,-0.03320913761854172,0.35441678762435913,0.5387178063392639,-0.038566090166568756,0.36698225140571594,0.6545348167419434,-0.011549358256161213,0.3743326663970947,0.6324533820152283,-0.03613300994038582,0.37312766909599304,0.6640201210975647,-0.043265268206596375,0.3697888255119324,0.6915758848190308,-0.0412541925907135,0.385547399520874,0.6639111042022705,-0.01380058005452156,0.39024385809898376,0.6522089838981628,-0.035980474203825,0.3856356739997864,0.6847305297851562,-0.034386832267045975,0.38017624616622925,0.7082988023757935,-0.026284854859113693,0.40139615535736084,0.6774464845657349,-0.017529895529150963,0.40554291009902954,0.6629621386528015,-0.030680052936077118,0.39804571866989136,0.6865555644035339,-0.027104275301098824,0.3897513151168823,0.706095278263092,-0.01992374286055565
0.3782007396221161,0.7636473178863525,7.1041195148779934e-09,0.3556744456291199,0.7407524585723877,-0.015473142266273499,0.34733426570892334,0.7079068422317505,-0.024760901927947998,0.36121198534965515,0.678562581539154,-0.03442053869366646,0.3765757083892822,0.6614798307418823,-0.043253593146800995,0.346867173910141,0.6509613990783691,-0.011789643205702305,0.347041517496109,0.5967254638671875,-0.02559216134250164,0.35058414936065674,0.5653929710388184,-0.03418838232755661,0.35437485575675964,0.5393325090408325,-0.0395934097468853,0.36720919609069824,0.656078040599823,-0.012205641716718674,0.37429749965667725,0.6325967311859131,-0.03724518045783043,0.37316828966140747,0.6644021272659302,-0.04423901438713074,0.3700641989707947,0.6924562454223633,-0.04203556105494499,0.38564687967300415,0.6649176478385925,-0.014575103297829628,0.3903239369392395,0.6528757810592651,-0.03698476776480675,0.3858794867992401,0.6856797933578491,-0.035107433795928955,0.3805474638938904,0.7098345756530762,-0.026730775833129883,0.4014431834220886,0.6779633164405823,-0.018417082726955414,0.40527766942977905,0.6638635993003845,-0.031573329120874405,0.39798247814178467,0.6876505017280579,-0.027920076623558998,0.389879047870636,0.7076266407966614,-0.0206984244287014
0.3777399957180023,0.7628637552261353,3.807056891957927e-09,0.3558282256126404,0.7402312755584717,-0.01569576933979988,0.34784144163131714,0.7072983384132385,-0.02480870485305786,0.3618142008781433,0.6777702569961548,-0.03423133119940758,0.37660545110702515,0.6593562960624695,-0.042852483689785004,0.3463898003101349,0.6493434906005859,-0.011331748217344284,0.34691759943962097,0.5958943367004395,-0.024833058938384056,0.35043951869010925,0.5649919509887695,-0.03329381346702576,0.3541107773780823,0.5392852425575256,-0.03861510008573532,0.36682432889938354,0.6549175381660461,-0.011542830616235733,0.37385866045951843,0.6332417130470276,-0.036261703819036484,0.37295252084732056,0.6651381850242615,-0.043306510895490646,0.3701022267341614,0.6929829120635986,-0.041202157735824585,0.38538867235183716,0.6642874479293823,-0.013738495297729969,0.38986629247665405,0.6529553532600403,-0.03626471385359764,0.3853708803653717,0.6862612366676331,-0.034559983760118484,0.38007503747940063,0.710390031337738,-0.02628239430487156,0.4011862277984619,0.6778326630592346,-0.017377926036715508,0.404945969581604,0.6638257503509521,-0.031000293791294098,0.39756280183792114,0.6883570551872253,-0.027473080903291702,0.3894988000392914,0.7085376977920532,-0.020222222432494164
0.37824225425720215,0.7630288600921631,6.865330970384775e-09,0.35604411363601685,0.7407610416412354,-0.015856333076953888,0.34767812490463257,0.7078472971916199,-0.025027917698025703,0.3619866669178009,0.6780491471290588,-0.034506503492593765,0.37649407982826233,0.6594961881637573,-0.043204739689826965,0.346855491399765,0.6501762270927429,-0.011824195273220539,0.3471590280532837,0.5959016680717468,-0.025499753654003143,0.35072705149650574,0.5645167231559753,-0.0339462012052536,0.35454562306404114,0.5384490489959717,-0.039214231073856354,0.3673928678035736,0.6553643941879272,-0.011967937462031841,0.3742118179798126,0.6329928636550903,-0.037013884633779526,0.3731641173362732,0.6652682423591614,-0.044003307819366455,0.370334267616272,0.6937333941459656,-0.041712310165166855,0.38585543632507324,0.6644797921180725,-0.014098682440817356,0.3901553750038147,0.6532936692237854,-0.03663342818617821,0.3858894109725952,0.6863450407981873,-0.034712959080934525,0.3807827830314636,0.7104064226150513,-0.026226181536912918,0.40156278014183044,0.6778497695922852,-0.017713837325572968,0.40579041838645935,0.6627864837646484,-0.031114060431718826,0.39886656403541565,0.6864194273948669,-0.02743024192750454,0.3910280764102936,0.7062022686004639,-0.020069193094968796
0.37779226899147034,0.7627307772636414,3.223558753262523e-09,0.35559138655662537,0.7400782108306885,-0.015764515846967697,0.3475141227245331,0.7068020105361938,-0.024967577308416367,0.3623735308647156,0.6775717735290527,-0.034543633460998535,0.3774864077568054,0.6600783467292786,-0.04333609715104103,0.3465646207332611,0.6490791440010071,-0.011700278148055077,0.3468593955039978,0.5949402451515198,-0.025553103536367416,0.3504219055175781,0.5635782480239868,-0.0341964066028595,0.3542294502258301,0.5374431014060974,-0.039664532989263535,0.3672437071800232,0.6545681953430176,-0.012065568938851357,0.37438976764678955,0.6325867772102356,-0.03740466758608818,0.3733200430870056,0.6657238006591797,-0.044381462037563324,0.3705464005470276,0.6942701935768127,-0.04207604005932808,0.385862797498703,0.6641082763671875,-0.01445789448916912,0.3903109133243561,0.652305006980896,-0.037187281996011734,0.38588443398475647,0.6856337189674377,-0.0351257361471653,0.3807603716850281,0.7096624374389648,-0.026567498221993446,0.40163248777389526,0.6779776215553284,-0.018346130847930908,0.40600115060806274,0.6627455353736877,-0.031829990446567535,0.39858463406562805,0.6865705251693726,-0.028053373098373413,0.3904147744178772,0.7062947154045105,-0.020669355988502502
0.378054678440094,0.762733519077301,3.150864236189932e-09,0.355730265378952,0.7403016090393066,-0.015651777386665344,0.34728166460990906,0.70701664686203,-0.02484842762351036,0.3616918623447418,0.6777054071426392,-0.03434087336063385,0.37644463777542114,0.6598566770553589,-0.04302126169204712,0.34667959809303284,0.6491718888282776,-0.011966295540332794,0.3471551835536957,0.5952660441398621,-0.025584319606423378,0.3507153391838074,0.5642012357711792,-0.03404047712683678,0.3545246422290802,0.5381786227226257,-0.0394241102039814,0.36739271879196167,0.6546347737312317,-0.012313476763665676,0.3748902976512909,0.6329712271690369,-0.037144068628549576,0.3737868070602417,0.6661107540130615,-0.04395585134625435,0.3707890808582306,0.694392740726471,-0.04174095019698143,0.38598915934562683,0.6642326712608337,-0.014619262889027596,0.39086633920669556,0.6524053812026978,-0.03702579066157341,0.386435866355896,0.685588538646698,-0.03487750515341759,0.3811769187450409,0.7094583511352539,-0.026412256062030792,0.4017678201198578,0.6780893802642822,-0.018381481990218163,0.40649691224098206,0.6624935865402222,-0.03172212839126587,0.399669885635376,0.6861864924430847,-0.027825575321912766,0.39194196462631226,0.7059094905853271,-0.020413503050804138
0.3782273530960083,0.7652825117111206,2.1233759195382618e-09,0.35622796416282654,0.7418332695960999,-0.016031397506594658,0.3483452796936035,0.7088022828102112,-0.025315461680293083,0.36260390281677246,0.6795481443405151,-0.0349581241607666,0.3776962161064148,0.6617333889007568,-0.043711382895708084,0.3469911217689514,0.6507530808448792,-0.011317767202854156,0.347512811422348,0.5969257950782776,-0.024849269539117813,0.35098838806152344,0.5659806132316589,-0.03322723135352135,0.3548141121864319,0.5400823354721069,-0.038492199033498764,0.36742499470710754,0.6560971736907959,-0.011419430375099182,0.3741610050201416,0.6343473792076111,-0.036131780594587326,0.37254443764686584,0.6665721535682678,-0.043043654412031174,0.36965474486351013,0.6942441463470459,-0.040844134986400604,0.3859207034111023,0.6655663847923279,-0.013600385747849941,0.39030489325523376,0.6536500453948975,-0.035892974585294724,0.38560986518859863,0.6864115595817566,-0.03411969169974327,0.3806096613407135,0.7099679112434387,-0.02584596537053585,0.40173983573913574,0.6792993545532227,-0.01730554737150669,0.40653523802757263,0.6635480523109436,-0.030416816473007202,0.39903226494789124,0.686364471912384,-0.026882419362664223,0.3908327519893646,0.7056055665016174,-0.019753340631723404
0.37776651978492737,0.7638207674026489,-1.7363757098820543e-09,0.35601362586021423,0.7411496043205261,-0.015324602834880352,0.34816136956214905,0.7084517478942871,-0.024459322914481163,0.36202889680862427,0.6798456907272339,-0.034014515578746796,0.37652620673179626,0.6623551845550537,-0.04275897517800331,0.34696388244628906,0.6493420600891113,-0.01160847581923008,0.34769630432128906,0.596134603023529,-0.025173302739858627,0.35132110118865967,0.565540075302124,-0.03361764922738075,0.3551768362522125,0.5397207140922546,-0.03893415257334709,0.3673235774040222,0.655161440372467,-0.012043212540447712,0.37418580055236816,0.6335753798484802,-0.03662394359707832,0.3725322484970093,0.6666379570960999,-0.043359555304050446,0.36954447627067566,0.6947011351585388,-0.041142016649246216,0.38573023676872253,0.6649987101554871,-0.01442395243793726,0.3900606036186218,0.6529262661933899,-0.036565907299518585,0.38525426387786865,0.6864199042320251,-0.034493036568164825,0.3802105188369751,0.7104556560516357,-0.02612197957932949,0.40148356556892395,0.6791274547576904,-0.01824835129082203,0.4064099192619324,0.6631602644920349,-0.031243782490491867,0.3989565372467041,0.6861148476600647,-0.027445005252957344,0.39077526330947876,0.7052393555641174,-0.020188473165035248
0.377949982881546,0.7632908821105957,-6.162470533865871e-10,0.35572418570518494,0.7404459118843079,-0.01473902352154255,0.34742870926856995,0.7080899477005005,-0.023761527612805367,0.3611341714859009,0.6793228387832642,-0.03337545320391655,0.3757350742816925,0.6619704961776733,-0.042259104549884796,0.34714657068252563,0.648798942565918,-0.010982626117765903,0.3476797342300415,0.5952662825584412,-0.024418774992227554,0.35130923986434937,0.5643627643585205,-0.03285563737154007,0.35523733496665955,0.5384876132011414,-0.03816244751214981,0.36749738454818726,0.6546788811683655,-0.011806592345237732,0.37397676706314087,0.6323562860488892,-0.03623657673597336,0.3725241720676422,0.6645506620407104,-0.043163567781448364,0.36968350410461426,0.6928279399871826,-0.041119594126939774,0.3860231637954712,0.6644795536994934,-0.014527937397360802,0.3895190954208374,0.6525188684463501,-0.03653062507510185,0.38493022322654724,0.6855420470237732,-0.03469941020011902,0.38013386726379395,0.7099194526672363,-0.02652832865715027,0.40201523900032043,0.6784554123878479,-0.018645189702510834,0.4058198630809784,0.6624888777732849,-0.03152308613061905,0.39811116456985474,0.6857063174247742,-0.027711497619748116,0.3898334801197052,0.7056401371955872,-0.020482003688812256
0.37841445207595825,0.7628190517425537,1.3119250130699811e-09,0.35666269063949585,0.7398855090141296,-0.01540724653750658,0.3487168252468109,0.7070741057395935,-0.024530481547117233,0.3623024523258209,0.6779711246490479,-0.03403674438595772,0.3768508732318878,0.6597520709037781,-0.0427241288125515,0.34711143374443054,0.648211658000946,-0.011307669803500175,0.3479282855987549,0.5950270891189575,-0.024842644110322,0.3514774739742279,0.5643517971038818,-0.03335070237517357,0.3552301824092865,0.5386425256729126,-0.03870708495378494,0.36747586727142334,0.6539994478225708,-0.011716151610016823,0.37485143542289734,0.6322050094604492,-0.03606385737657547,0.37317007780075073,0.6638204455375671,-0.043068788945674896,0.3697388470172882,0.6912487149238586,-0.04115888103842735,0.38601768016815186,0.6637009978294373,-0.014072732999920845,0.3906595706939697,0.6518080830574036,-0.036196496337652206,0.3856401741504669,0.6848652362823486,-0.03442443162202835,0.38018175959587097,0.7088364362716675,-0.026327624917030334,0.40176835656166077,0.6778085827827454,-0.017865868285298347,0.40585240721702576,0.6629503965377808,-0.03113907389342785,0.3980705142021179,0.6872510313987732,-0.027476295828819275,0.38978496193885803,0.7075044512748718,-0.020277434960007668
0.37659743428230286,0.7635982632637024,-2.3170236840286407e-09,0.35451242327690125,0.7405325174331665,-0.015671992674469948,0.34653085470199585,0.7085103988647461,-0.025006787851452827,0.3605520725250244,0.6791622638702393,-0.03472216799855232,0.3745523691177368,0.6599854230880737,-0.043614696711301804,0.3450791537761688,0.6497893333435059,-0.011761144734919071,0.3455771505832672,0.5963187217712402,-0.025345617905259132,0.34909293055534363,0.5652570724487305,-0.03383580595254898,0.352929949760437,0.5387925505638123,-0.03923552855849266,0.36574938893318176,0.6551336050033569,-0.011958161368966103,0.37187543511390686,0.6340434551239014,-0.03607784956693649,0.37046411633491516,0.6670423746109009,-0.042651187628507614,0.3681013286113739,0.695027232170105,-0.040643781423568726,0.3843737542629242,0.66492760181427,-0.01418651919811964,0.3877764046192169,0.6526457667350769,-0.036096569150686264,0.3829658031463623,0.6852422952651978,-0.034128427505493164,0.3784138560295105,0.7093338966369629,-0.026089439168572426,0.4002992510795593,0.6790493726730347,-0.017896782606840134,0.40470409393310547,0.6620194911956787,-0.031066153198480606,0.3966881036758423,0.6843095421791077,-0.027609705924987793,0.38799014687538147,0.7040965557098389,-0.020725172013044357
0.3775492310523987,0.763028085231781,3.0564191177973044e-09,0.355732262134552,0.7397255897521973,-0.015743013471364975,0.34770867228507996,0.7068892121315002,-0.0250479057431221,0.3617328405380249,0.6778624653816223,-0.0346972718834877,0.37679314613342285,0.6607282161712646,-0.04345967620611191,0.3454262614250183,0.6485010981559753,-0.011452624574303627,0.3458252251148224,0.5949064493179321,-0.02512774057686329,0.3493191599845886,0.5640571713447571,-0.0335475355386734,0.35314762592315674,0.5382077693939209,-0.038849033415317535,0.3658604323863983,0.6536064743995667,-0.01173629891127348,0.37321773171424866,0.6319199800491333,-0.03665224090218544,0.37229782342910767,0.6646680235862732,-0.04339542239904404,0.3695860803127289,0.6927838921546936,-0.041016824543476105,0.38457003235816956,0.6628363132476807,-0.01404448039829731,0.3895285129547119,0.6518192887306213,-0.036320894956588745,0.38494524359703064,0.6845760345458984,-0.03439238294959068,0.3794611692428589,0.7082736492156982,-0.02609633095562458,0.4004925489425659,0.6766510009765625,-0.017875684425234795,0.4052276015281677,0.663733959197998,-0.031030483543872833,0.39710739254951477,0.6874184608459473,-0.0275355763733387,0.3878868520259857,0.7068723440170288,-0.020473288372159004
0.37778106331825256,0.7641106843948364,6.809302011134832e-09,0.3555498719215393,0.7408062219619751,-0.015968792140483856,0.34760966897010803,0.7080000638961792,-0.025254538282752037,0.36170494556427,0.6788583397865295,-0.03486211597919464,0.3766571581363678,0.6616838574409485,-0.04365977272391319,0.34627071022987366,0.6493573188781738,-0.011592167429625988,0.3469460606575012,0.595380961894989,-0.024918386712670326,0.3503447473049164,0.5647125840187073,-0.03305797651410103,0.35418346524238586,0.5388422012329102,-0.03817709535360336,0.3668024241924286,0.6550343036651611,-0.011734423227608204,0.37365901470184326,0.6326452493667603,-0.036165714263916016,0.37231922149658203,0.6649595499038696,-0.04284365475177765,0.369698166847229,0.6928222179412842,-0.04054888337850571,0.3853858411312103,0.6647390127182007,-0.01388942077755928,0.38981345295906067,0.65234375,-0.03611792251467705,0.3851681351661682,0.6853532195091248,-0.034275203943252563,0.3800872564315796,0.7092998623847961,-0.025990258902311325,0.4011921286582947,0.6788278222084045,-0.017538022249937057,0.40579286217689514,0.6631036400794983,-0.03073708713054657,0.39843809604644775,0.6868653297424316,-0.027095234021544456,0.3902722895145416,0.7069313526153564,-0.019885126501321793
0.3775407373905182,0.7643335461616516,4.723581525922782e-09,0.3553733229637146,0.7405110001564026,-0.015570771880447865,0.3477371335029602,0.7076794505119324,-0.02447310835123062,0.3612426221370697,0.6780800819396973,-0.03376372158527374,0.37514907121658325,0.6596429347991943,-0.04223496466875076,0.3460197448730469,0.6498777270317078,-0.01066297572106123,0.3465779423713684,0.5963323712348938,-0.02412637136876583,0.34999629855155945,0.565496027469635,-0.03246566280722618,0.3537876605987549,0.5395943522453308,-0.03762325644493103,0.3663163185119629,0.6559511423110962,-0.010955345816910267,0.3729816973209381,0.632206380367279,-0.03577275946736336,0.3719020485877991,0.6645645499229431,-0.042870983481407166,0.36925452947616577,0.6933823823928833,-0.04064377397298813,0.3847791850566864,0.665794312953949,-0.013258734717965126,0.38872280716896057,0.6530442237854004,-0.03604560345411301,0.38435766100883484,0.6862273812294006,-0.034608498215675354,0.37931835651397705,0.7108662128448486,-0.02633724920451641,0.400410920381546,0.6800047159194946,-0.01695755124092102,0.40469273924827576,0.663054347038269,-0.030695568770170212,0.397175669670105,0.6867814064025879,-0.027237534523010254,0.38843196630477905,0.7074534893035889,-0.019993115216493607
0.3773725926876068,0.7635729908943176,8.594897016322989e-10,0.35555166006088257,0.7404054403305054,-0.015600605867803097,0.34805890917778015,0.7077385187149048,-0.024789858609437943,0.3613389730453491,0.6789613962173462,-0.03440535441040993,0.3750403821468353,0.660898745059967,-0.04320394992828369,0.3460303843021393,0.6493564248085022,-0.011246934533119202,0.34654006361961365,0.5959616899490356,-0.024813828989863396,0.35005873441696167,0.5651406049728394,-0.03318507969379425,0.3539590835571289,0.5390545725822449,-0.038383934646844864,0.366315096616745,0.6549352407455444,-0.011590875685214996,0.3738376498222351,0.6331993937492371,-0.036496732383966446,0.37254583835601807,0.6663917899131775,-0.04349995031952858,0.36944252252578735,0.6948114633560181,-0.04128461703658104,0.38487300276756287,0.6644381284713745,-0.01392454281449318,0.3898395597934723,0.6526344418525696,-0.03651844710111618,0.3853122591972351,0.6858283281326294,-0.03482241928577423,0.3799058794975281,0.7098386883735657,-0.026523804292082787,0.40077295899391174,0.6781477928161621,-0.017680197954177856,0.4057305157184601,0.6624042391777039,-0.031085127964615822,0.39809682965278625,0.6862856149673462,-0.027471376582980156,0.38933640718460083,0.7063080072402954,-0.020211022347211838
0.3775767982006073,0.7643723487854004,-4.257914021366105e-09,0.35574185848236084,0.741480827331543,-0.015794949606060982,0.3475450277328491,0.7086397409439087,-0.025072285905480385,0.36093077063560486,0.6787391304969788,-0.03475075215101242,0.3749426603317261,0.6589515209197998,-0.04362079128623009,0.3448215425014496,0.6499284505844116,-0.011116652749478817,0.3459678888320923,0.5965336561203003,-0.024561425670981407,0.34941017627716064,0.565839409828186,-0.0330190546810627,0.3530117869377136,0.5396626591682434,-0.038467273116111755,0.36549845337867737,0.6552112698554993,-0.011505614034831524,0.3720800578594208,0.6340051889419556,-0.036100611090660095,0.37144166231155396,0.6669779419898987,-0.04313149303197861,0.3691461682319641,0.695497989654541,-0.04128371924161911,0.3845817744731903,0.6647810339927673,-0.013940572738647461,0.38832738995552063,0.6516898274421692,-0.03659982979297638,0.38443055748939514,0.6852809190750122,-0.03461506590247154,0.3798651099205017,0.709991455078125,-0.02635377272963524,0.40092992782592773,0.6788041591644287,-0.017815900966525078,0.4045465290546417,0.6612282991409302,-0.0316988043487072,0.39741209149360657,0.6856339573860168,-0.027964165434241295,0.38982096314430237,0.706695556640625,-0.02069334127008915
0.37762096524238586,0.7613571882247925,1.2211518463089988e-09,0.35590091347694397,0.7399982810020447,-0.016314797103405,0.3477581739425659,0.706605851650238,-0.025713717564940453,0.362191379070282,0.6775065064430237,-0.03531214967370033,0.3767505884170532,0.6596812605857849,-0.044109128415584564,0.34631460905075073,0.6491485238075256,-0.012554646469652653,0.346873015165329,0.5952034592628479,-0.026444366201758385,0.35020720958709717,0.5640944838523865,-0.035038650035858154,0.35367435216903687,0.5379577875137329,-0.04051351547241211,0.3666377067565918,0.6545926928520203,-0.012679251842200756,0.37377938628196716,0.6317431330680847,-0.037976134568452835,0.3723556101322174,0.6648082733154297,-0.04486338049173355,0.3689486086368561,0.6928614377975464,-0.04254712909460068,0.38510414958000183,0.6639631390571594,-0.014808191917836666,0.39014938473701477,0.6508639454841614,-0.03746967017650604,0.3853766620159149,0.684586763381958,-0.035125236958265305,0.37955528497695923,0.7081714272499084,-0.02648736536502838,0.4008857011795044,0.6777063012123108,-0.018462594598531723,0.4055060148239136,0.6623105406761169,-0.03202483803033829,0.3980760872364044,0.687146782875061,-0.02813279628753662,0.38999152183532715,0.7069485187530518,-0.020720425993204117
0.3766528367996216,0.7616996765136719,2.582142499818474e-09,0.3544314205646515,0.7402724027633667,-0.016266733407974243,0.34644845128059387,0.7070912718772888,-0.025589903816580772,0.36117321252822876,0.6777201890945435,-0.03512369841337204,0.3754977881908417,0.6594696044921875,-0.04394550248980522,0.34545838832855225,0.6478719115257263,-0.011762919835746288,0.3461739122867584,0.5948868989944458,-0.025432826951146126,0.3494437336921692,0.5643438100814819,-0.03412458300590515,0.3532302975654602,0.5384463667869568,-0.03972424939274788,0.3661006689071655,0.6540015339851379,-0.011950110085308552,0.3734644949436188,0.6313021779060364,-0.03694988042116165,0.3717104196548462,0.6644641757011414,-0.043996553868055344,0.3686065971851349,0.6928995847702026,-0.041893120855093,0.3846851885318756,0.6640529036521912,-0.014203467406332493,0.38956430554389954,0.6501971483230591,-0.0369691364467144,0.3842151165008545,0.6847059726715088,-0.03499694913625717,0.37859779596328735,0.7091704607009888,-0.02661217376589775,0.40052810311317444,0.6784651875495911,-0.01794925332069397,0.4040393829345703,0.662766695022583,-0.03199050575494766,0.3958653211593628,0.6887803673744202,-0.028402717784047127,0.3875678479671478,0.7096801400184631,-0.02114599198102951
0.3769969940185547,0.7621228694915771,-3.2557208040628893e-09,0.3549084961414337,0.7411132454872131,-0.016155075281858444,0.3468795716762543,0.7075706124305725,-0.025359028950333595,0.3611210286617279,0.6780421733856201,-0.03471440449357033,0.37571489810943604,0.6602723598480225,-0.04325871169567108,0.3453823924064636,0.6484531760215759,-0.012101429514586926,0.34674230217933655,0.5945950746536255,-0.02527240663766861,0.35010263323783875,0.5639704465866089,-0.033428724855184555,0.3535819947719574,0.5381727814674377,-0.038642048835754395,0.365890771150589,0.6539533734321594,-0.011975529603660107,0.3734850287437439,0.6336784958839417,-0.036508459597826004,0.37241050601005554,0.6662923693656921,-0.04340429976582527,0.36922597885131836,0.6940790414810181,-0.04132531210780144,0.38453662395477295,0.663068413734436,-0.013782299123704433,0.38913479447364807,0.6515582799911499,-0.03604719042778015,0.3845968246459961,0.6854907274246216,-0.0341348759829998,0.3791865110397339,0.7095308303833008,-0.025916248559951782,0.40048572421073914,0.676222026348114,-0.017054006457328796,0.40380603075027466,0.6621382832527161,-0.030608320608735085,0.39631387591362,0.6878142952919006,-0.026995575055480003,0.38844460248947144,0.7082077264785767,-0.019768742844462395
0.37629976868629456,0.7631248235702515,9.62831947504128e-09,0.3528224527835846,0.7410706281661987,-0.015438729897141457,0.34449928998947144,0.7085846066474915,-0.024929452687501907,0.3597635328769684,0.6793595552444458,-0.0347859263420105,0.37488892674446106,0.6614154577255249,-0.043936699628829956,0.3454517126083374,0.6499740481376648,-0.012165673077106476,0.34657326340675354,0.596274197101593,-0.026067065075039864,0.35015061497688293,0.5648545622825623,-0.03500071167945862,0.3537098169326782,0.5383617281913757,-0.040821243077516556,0.3661193549633026,0.6551191210746765,-0.012858103029429913,0.3728475272655487,0.6327111124992371,-0.03751399368047714,0.3721012771129608,0.6636141538619995,-0.044728923588991165,0.36925026774406433,0.6909036040306091,-0.04311569407582283,0.38477519154548645,0.6643016934394836,-0.015493250451982021,0.38853123784065247,0.6531251072883606,-0.03759564086794853,0.3837643265724182,0.6858840584754944,-0.03589466214179993,0.3783210217952728,0.7098060250282288,-0.028111325576901436,0.40087905526161194,0.6776803731918335,-0.019619833678007126,0.40321338176727295,0.6647167205810547,-0.033008698374032974,0.3948710560798645,0.6897811889648438,-0.029613995924592018,0.3862212598323822,0.710271418094635,-0.02280127815902233
0.377312570810318,0.7634361982345581,1.0294238350638807e-08,0.3540593385696411,0.7412583827972412,-0.01454161573201418,0.34588751196861267,0.7092258334159851,-0.023432007059454918,0.3600764274597168,0.6807765960693359,-0.03290529549121857,0.37582218647003174,0.6640211343765259,-0.04166336730122566,0.34726837277412415,0.6506694555282593,-0.010927176102995872,0.34785401821136475,0.5975069403648376,-0.02393655851483345,0.35123950242996216,0.5662178993225098,-0.032000832259655,0.35448434948921204,0.5403376221656799,-0.03707794100046158,0.36745285987854004,0.6566361784934998,-0.011945967562496662,0.3732909858226776,0.6311048269271851,-0.035567931830883026,0.37214189767837524,0.65898597240448,-0.04266522452235222,0.3689603805541992,0.6862255930900574,-0.04089223966002464,0.38591495156288147,0.6665988564491272,-0.01479056291282177,0.38865482807159424,0.6552628874778748,-0.03630442172288895,0.38316527009010315,0.6862854957580566,-0.03557996451854706,0.3774394690990448,0.7099594473838806,-0.028325248509645462,0.4016365706920624,0.6806477904319763,-0.018990345299243927,0.4027908146381378,0.6679344773292542,-0.03180595487356186,0.39321058988571167,0.6910141110420227,-0.028948912397027016,0.38365438580513,0.7108858823776245,-0.02258460409939289
0.3783692717552185,0.7645966410636902,-2.5191846386718453e-09,0.3549354076385498,0.7427017092704773,-0.015375806018710136,0.34634894132614136,0.7098811864852905,-0.024675892665982246,0.36105310916900635,0.6802372932434082,-0.03427773714065552,0.37563613057136536,0.6618756651878357,-0.04309159517288208,0.3476313054561615,0.6515175104141235,-0.012302670627832413,0.3484096825122833,0.5978752374649048,-0.02627330645918846,0.35216888785362244,0.5663486123085022,-0.03528621420264244,0.35603588819503784,0.5394473075866699,-0.04119033366441727,0.3680712878704071,0.6571868658065796,-0.012867942452430725,0.375,0.6341705918312073,-0.03748296946287155,0.3736743628978729,0.6664574146270752,-0.04445336386561394,0.37036406993865967,0.6945270895957947,-0.042750027030706406,0.38654401898384094,0.6666811108589172,-0.015374584123492241,0.3912501931190491,0.6532449126243591,-0.037630703300237656,0.3857923448085785,0.6867666244506836,-0.03564240038394928,0.3799291253089905,0.7115567922592163,-0.027674328535795212,0.40243250131607056,0.6802996397018433,-0.019337590783834457,0.40562912821769714,0.6649811863899231,-0.03303318843245506,0.3969641923904419,0.690000593662262,-0.029601294547319412,0.3879024386405945,0.7110002636909485,-0.022760866209864616
0.3772338926792145,0.7632061839103699,-5.994252649799137e-09,0.3537357747554779,0.7410533428192139,-0.013823441229760647,0.3448440432548523,0.7090979814529419,-0.02282489649951458,0.35931652784347534,0.6806256771087646,-0.03244597092270851,0.37473180890083313,0.6632137894630432,-0.04143007844686508,0.347515344619751,0.6503394246101379,-0.011694757267832756,0.3479706048965454,0.5968219637870789,-0.025218801572918892,0.3518197238445282,0.5653097629547119,-0.03402530401945114,0.3552427589893341,0.5388171076774597,-0.039799947291612625,0.3677390217781067,0.655961811542511,-0.012989455834031105,0.37478166818618774,0.6338814496994019,-0.03708701208233833,0.37333229184150696,0.6647361516952515,-0.04428068920969963,0.36924561858177185,0.6926531791687012,-0.04288720339536667,0.3862011730670929,0.6654977202415466,-0.015991147607564926,0.39019256830215454,0.6547678112983704,-0.037652552127838135,0.38474199175834656,0.687255322933197,-0.036123644560575485,0.37869560718536377,0.7119106650352478,-0.02863355539739132,0.40213486552238464,0.6789020299911499,-0.02031337283551693,0.40422338247299194,0.6664108633995056,-0.033467382192611694,0.39528530836105347,0.6908856630325317,-0.03016900271177292,0.3861663341522217,0.7116644382476807,-0.0235411636531353
0.3773791491985321,0.7637840509414673,4.3008530070665074e-09,0.3541405200958252,0.7417225241661072,-0.014573141001164913,0.3454064428806305,0.7093266248703003,-0.023794123902916908,0.360103577375412,0.6804701685905457,-0.03348059952259064,0.3758930563926697,0.66263747215271,-0.04244286194443703,0.3476495146751404,0.6505922675132751,-0.012138118036091328,0.34781286120414734,0.5969855785369873,-0.025790810585021973,0.35162386298179626,0.5652758479118347,-0.03455953299999237,0.3552846908569336,0.5388211011886597,-0.04024087265133858,0.3680337965488434,0.6561450958251953,-0.013125184923410416,0.3748789131641388,0.6333103179931641,-0.03720439597964287,0.37335941195487976,0.6636665463447571,-0.0442124679684639,0.36964282393455505,0.6914840340614319,-0.042606983333826065,0.38649362325668335,0.665888249874115,-0.015920773148536682,0.39043304324150085,0.6550616025924683,-0.03762022778391838,0.3848554790019989,0.6873204708099365,-0.035987548530101776,0.3790743350982666,0.7116392850875854,-0.028347894549369812,0.4022470712661743,0.679763674736023,-0.020115263760089874,0.40442410111427307,0.6668487787246704,-0.03326571360230446,0.3955095112323761,0.6911543011665344,-0.029886901378631592,0.38668352365493774,0.7117072939872742,-0.023161334916949272
0.37785759568214417,0.7643473744392395,1.612675326612134e-08,0.35452914237976074,0.7415750026702881,-0.015427441336214542,0.3460623025894165,0.7096067070960999,-0.024695266038179398,0.36077260971069336,0.679912269115448,-0.03438154235482216,0.3760809898376465,0.6611499190330505,-0.043331779539585114,0.34763142466545105,0.6516591310501099,-0.01131959818303585,0.3479689955711365,0.59804368019104,-0.02491886541247368,0.3519431948661804,0.5663943886756897,-0.033674273639917374,0.355929970741272,0.5400525331497192,-0.03927270323038101,0.36778756976127625,0.6571584939956665,-0.011909832246601582,0.3747220039367676,0.6333860158920288,-0.036217786371707916,0.37320607900619507,0.6625116467475891,-0.043638188391923904,0.36953550577163696,0.6897629499435425,-0.04212340712547302,0.38607901334762573,0.6667633056640625,-0.014482622034847736,0.3900876045227051,0.6557276844978333,-0.03667399287223816,0.38442644476890564,0.6875648498535156,-0.03575339540839195,0.3784896433353424,0.7116129994392395,-0.02834080532193184,0.4016151428222656,0.6805416941642761,-0.018516570329666138,0.404075562953949,0.6674789190292358,-0.032187752425670624,0.39507392048835754,0.6917695999145508,-0.029383370652794838,0.38577306270599365,0.7126221656799316,-0.02289283275604248
0.3778877556324005,0.7643229961395264,4.900827299536559e-09,0.3544400930404663,0.7425708174705505,-0.014702321961522102,0.3454495668411255,0.7104539275169373,-0.02378564141690731,0.35996416211128235,0.6812347769737244,-0.033315375447273254,0.3757069408893585,0.6635795831680298,-0.04210751876235008,0.3479601740837097,0.6522426605224609,-0.011902237311005592,0.34816280007362366,0.5982375144958496,-0.02534126304090023,0.3520534932613373,0.5665712356567383,-0.03386304900050163,0.3558925688266754,0.5401711463928223,-0.03938933461904526,0.3681875765323639,0.6581124067306519,-0.012735549360513687,0.37474074959754944,0.6343732476234436,-0.036927998065948486,0.37394192814826965,0.6651482582092285,-0.04384990036487579,0.3709970712661743,0.6935631036758423,-0.04205850511789322,0.3864787518978119,0.667851448059082,-0.015402206219732761,0.3902728855609894,0.6560090780258179,-0.037218064069747925,0.38498201966285706,0.6882701516151428,-0.03578417748212814,0.37923017144203186,0.7128868103027344,-0.028189832344651222,0.40200310945510864,0.6814175844192505,-0.019474856555461884,0.40443316102027893,0.6676000356674194,-0.03290595859289169,0.39544767141342163,0.6915509104728699,-0.02991671673953533,0.38596194982528687,0.7123791575431824,-0.023429829627275467
0.3781947195529938,0.7639308571815491,4.2911407760470865e-09,0.35469239950180054,0.7420979738235474,-0.014613492414355278,0.3457774221897125,0.7100870013237,-0.023512084037065506,0.3601442575454712,0.6808333992958069,-0.03291590139269829,0.3756917715072632,0.6640413999557495,-0.04159485176205635,0.3479123115539551,0.651823878288269,-0.0111723393201828,0.3484031856060028,0.5980743765830994,-0.024612748995423317,0.3523208200931549,0.5664953589439392,-0.03337600827217102,0.3562702536582947,0.5400215983390808,-0.039047520607709885,0.3680688440799713,0.6577668190002441,-0.012002060189843178,0.37473371624946594,0.632820725440979,-0.036241039633750916,0.37315598130226135,0.6634089946746826,-0.04346458241343498,0.3696964383125305,0.6921012997627258,-0.0417744405567646,0.38641154766082764,0.6671556830406189,-0.014673381112515926,0.3899180293083191,0.653748631477356,-0.03630121052265167,0.384458065032959,0.6861291527748108,-0.03485071286559105,0.3789951801300049,0.7111529111862183,-0.027167458087205887,0.4021510183811188,0.6803647875785828,-0.018776321783661842,0.4045158922672272,0.6652376055717468,-0.031737569719552994,0.3956748843193054,0.6890802979469299,-0.028457334265112877,0.38683050870895386,0.7101035714149475,-0.021763958036899567
0.3779681622982025,0.7634512186050415,4.053663626990556e-09,0.35441333055496216,0.7420566082000732,-0.014357190579175949,0.34525638818740845,0.7097723484039307,-0.023226965218782425,0.3596043586730957,0.6802535653114319,-0.03257225826382637,0.37538737058639526,0.6629766225814819,-0.04122599586844444,0.34771963953971863,0.6517149209976196,-0.011539990082383156,0.3481333255767822,0.5980008840560913,-0.0249357670545578,0.35208478569984436,0.5665006041526794,-0.033510997891426086,0.35601282119750977,0.5401768684387207,-0.03904784098267555,0.3679821491241455,0.6573349833488464,-0.012515336275100708,0.37439969182014465,0.6323403716087341,-0.03661692515015602,0.3730839192867279,0.6622717976570129,-0.04365496337413788,0.369798868894577,0.6906270980834961,-0.041890937834978104,0.38643786311149597,0.6666305065155029,-0.015281084924936295,0.3894604444503784,0.6545334458351135,-0.03694659098982811,0.3840983510017395,0.6870232820510864,-0.035573095083236694,0.37868380546569824,0.711757481098175,-0.02798864245414734,0.4024083912372589,0.6797947883605957,-0.01942566968500614,0.4037327468395233,0.6664929986000061,-0.03251589462161064,0.3947133421897888,0.6909011006355286,-0.02938356250524521,0.3858546018600464,0.7116480469703674,-0.022842103615403175
0.37874987721443176,0.7672144770622253,8.917232285909904e-09,0.3552792966365814,0.7461407780647278,-0.01437949575483799,0.34617123007774353,0.7138148546218872,-0.023326177150011063,0.36075344681739807,0.6850901246070862,-0.03283855319023132,0.37702906131744385,0.669082760810852,-0.041684865951538086,0.34932053089141846,0.6551094651222229,-0.011670609936118126,0.34963884949684143,0.6012169122695923,-0.02495524473488331,0.3536089062690735,0.5694997310638428,-0.033620014786720276,0.35740259289741516,0.5433104038238525,-0.03920567408204079,0.3695323169231415,0.6611855030059814,-0.012698718346655369,0.3752095401287079,0.6369249224662781,-0.03664000332355499,0.3741990625858307,0.6659331917762756,-0.043923866003751755,0.37122488021850586,0.6937021613121033,-0.04242730513215065,0.38791653513908386,0.6708354949951172,-0.015484885312616825,0.39013758301734924,0.6591211557388306,-0.03692148998379707,0.384716659784317,0.6912965774536133,-0.03583822771906853,0.37938690185546875,0.7161662578582764,-0.02850121445953846,0.40382781624794006,0.6842530965805054,-0.019674550741910934,0.4053814113140106,0.669994592666626,-0.032589662820100784,0.3960462212562561,0.6936573386192322,-0.029518762603402138,0.3869189918041229,0.7146226167678833,-0.023045053705573082
0.3795192837715149,0.7634279727935791,-3.5096652251098703e-09,0.3563574254512787,0.7429813742637634,-0.013593392446637154,0.3471837639808655,0.7119618058204651,-0.022898824885487556,0.3620074689388275,0.6852861046791077,-0.032833248376846313,0.3776208460330963,0.66898512840271,-0.042129721492528915,0.3501421809196472,0.6512446403503418,-0.012573647312819958,0.35158848762512207,0.5977948904037476,-0.026312990114092827,0.35686731338500977,0.5661984086036682,-0.03539412096142769,0.36167895793914795,0.5393788814544678,-0.04133376106619835,0.3705800175666809,0.6564643979072571,-0.013977684080600739,0.37736350297927856,0.6360284090042114,-0.03759187087416649,0.37555280327796936,0.6671022176742554,-0.044569943100214005,0.37133774161338806,0.6946431398391724,-0.0433468259871006,0.38892799615859985,0.6656765937805176,-0.01702425442636013,0.3929923176765442,0.6547398567199707,-0.03788600116968155,0.387557715177536,0.687984049320221,-0.035725269466638565,0.38178327679634094,0.7130171060562134,-0.02814263105392456,0.4050067663192749,0.6788946986198425,-0.02142079547047615,0.4071429967880249,0.6658942103385925,-0.03393220528960228,0.398849755525589,0.6907325983047485,-0.030114740133285522,0.39066043496131897,0.7116121053695679,-0.02328909933567047
0.3781599998474121,0.7620676755905151,3.477201415691411e-09,0.35537126660346985,0.7428427338600159,-0.015431679785251617,0.3465079069137573,0.7104710340499878,-0.02504284679889679,0.36139389872550964,0.6821619868278503,-0.03483767807483673,0.3770546317100525,0.6660645604133606,-0.04395328089594841,0.3484053909778595,0.6499099135398865,-0.014037496410310268,0.3507592976093292,0.5965847373008728,-0.02788863331079483,0.35610899329185486,0.5654098987579346,-0.0369473397731781,0.3605618476867676,0.5390434861183167,-0.04288209602236748,0.3688056170940399,0.6552332639694214,-0.01452777162194252,0.3764432370662689,0.6353965997695923,-0.03894905000925064,0.3751733601093292,0.6665199398994446,-0.046135313808918,0.370895117521286,0.6937265396118164,-0.044623300433158875,0.3871234655380249,0.6642400622367859,-0.016715580597519875,0.39146560430526733,0.6557707786560059,-0.038443587720394135,0.3863256573677063,0.6893962025642395,-0.036725644022226334,0.37995168566703796,0.7133586406707764,-0.029049213975667953,0.4030167758464813,0.6771289706230164,-0.020364319905638695,0.40541934967041016,0.6672893166542053,-0.033733069896698,0.39698219299316406,0.6931647062301636,-0.030351048335433006,0.38788095116615295,0.7133330702781677,-0.023511022329330444
0.3787463903427124,0.7646965980529785,1.1507171215896506e-08,0.3562212586402893,0.7437483072280884,-0.015505465678870678,0.34789252281188965,0.7121573686599731,-0.025270160287618637,0.3619200587272644,0.6851564645767212,-0.03530966117978096,0.3770769238471985,0.6695178151130676,-0.04457530751824379,0.3494950234889984,0.6511778831481934,-0.01352368202060461,0.35205134749412537,0.5975200533866882,-0.02746743895113468,0.35703903436660767,0.5664138793945312,-0.03633931651711464,0.3613738417625427,0.5401567220687866,-0.04196522757411003,0.3695765733718872,0.6572920083999634,-0.014079089276492596,0.37679052352905273,0.6350882649421692,-0.038950949907302856,0.3758319616317749,0.666705310344696,-0.04613104090094566,0.3722051680088043,0.695007860660553,-0.04424944519996643,0.3878055512905121,0.666822612285614,-0.016414700075984,0.3920786380767822,0.657235324382782,-0.03873119503259659,0.3871156871318817,0.69114089012146,-0.03721337765455246,0.3811964690685272,0.7159761190414429,-0.029273582622408867,0.4035845100879669,0.6802893280982971,-0.02018747292459011,0.40655943751335144,0.6686350107192993,-0.03380294516682625,0.3981401026248932,0.6942570805549622,-0.030493415892124176,0.38907819986343384,0.7151389718055725,-0.02353769540786743
0.3797880709171295,0.7666881680488586,1.0749385381814136e-08,0.3575136959552765,0.7450735569000244,-0.014379571191966534,0.34951379895210266,0.7143070697784424,-0.023816555738449097,0.363429993391037,0.6889550089836121,-0.03368498757481575,0.3787665069103241,0.6747444868087769,-0.04281092435121536,0.35070934891700745,0.6525865197181702,-0.012987473048269749,0.3528604805469513,0.5991529226303101,-0.026477428153157234,0.3578125238418579,0.5681377053260803,-0.03508361801505089,0.3623754680156708,0.5422547459602356,-0.040489137172698975,0.3705769181251526,0.6587194204330444,-0.013897744007408619,0.3787864148616791,0.6368023753166199,-0.03766369819641113,0.37776273488998413,0.6666947603225708,-0.04458611458539963,0.37377575039863586,0.6944207549095154,-0.04282759875059128,0.38871943950653076,0.6682306528091431,-0.016441768035292625,0.39328131079673767,0.6603710055351257,-0.037388432770967484,0.3884318470954895,0.6923284530639648,-0.03583713248372078,0.38243967294692993,0.7162315845489502,-0.02828306145966053,0.404422402381897,0.6815236806869507,-0.020385155454277992,0.4073095917701721,0.6712712645530701,-0.03253818675875664,0.39886748790740967,0.6959008574485779,-0.028813404962420464,0.3896399736404419,0.7162056565284729,-0.021895984187722206
0.37852758169174194,0.768413245677948,1.8761056708171964e-08,0.3557319641113281,0.7479271292686462,-0.016026360914111137,0.3475204408168793,0.7159867882728577,-0.025976527482271194,0.3623121380805969,0.6878045201301575,-0.03611903637647629,0.3780776262283325,0.6713933348655701,-0.04550285264849663,0.3475949168205261,0.654222309589386,-0.013443785719573498,0.3497621715068817,0.6009044051170349,-0.027364954352378845,0.35440880060195923,0.5697371363639832,-0.036198586225509644,0.35874316096305847,0.5436446666717529,-0.041791703552007675,0.36777549982070923,0.6593931317329407,-0.013710889965295792,0.37498342990875244,0.6384700536727905,-0.03834548220038414,0.3737545609474182,0.6692267060279846,-0.045498188585042953,0.36985087394714355,0.6968846321105957,-0.043687090277671814,0.38618338108062744,0.6684474945068359,-0.01581549644470215,0.39052531123161316,0.6597222685813904,-0.03769278526306152,0.3855113983154297,0.6929096579551697,-0.03604412078857422,0.37918832898139954,0.7171525359153748,-0.028239257633686066,0.40203842520713806,0.6819721460342407,-0.019450007006525993,0.4050647020339966,0.672196090221405,-0.03260711953043938,0.3964681327342987,0.6981019973754883,-0.029180830344557762,0.3869798481464386,0.7188664674758911,-0.022250276058912277
0.37961146235466003,0.76594078540802,1.5428044619625325e-08,0.35799193382263184,0.7434724569320679,-0.0153983598574996,0.349362313747406,0.711660623550415,-0.024997174739837646,0.3627014458179474,0.6831735372543335,-0.0350109338760376,0.37833014130592346,0.6664635539054871,-0.04422595351934433,0.34808167815208435,0.6520043015480042,-0.012012213468551636,0.3492579162120819,0.5984156131744385,-0.025904333218932152,0.3539082407951355,0.5675756931304932,-0.034813713282346725,0.35840943455696106,0.5418635606765747,-0.04038730263710022,0.3679879903793335,0.6575763821601868,-0.012502148747444153,0.3750321567058563,0.6359443068504333,-0.037092484533786774,0.37408846616744995,0.6656192541122437,-0.044547151774168015,0.3703323304653168,0.6924049854278564,-0.042957909405231476,0.38644346594810486,0.6662561297416687,-0.01486384216696024,0.39094609022140503,0.6560516357421875,-0.03684108331799507,0.38673192262649536,0.6887744069099426,-0.0352468304336071,0.3810047209262848,0.7128258943557739,-0.02730708383023739,0.4022645056247711,0.6790208220481873,-0.018714165315032005,0.4055231213569641,0.6671103239059448,-0.03171653300523758,0.397904634475708,0.6924753189086914,-0.02809656597673893,0.3893837034702301,0.7129979729652405,-0.02095937356352806
0.3791988790035248,0.763637363910675,1.4818229310264996e-08,0.356627494096756,0.7428738474845886,-0.014324658550322056,0.3477884531021118,0.7121232151985168,-0.024096475914120674,0.3624032735824585,0.6862913966178894,-0.0345483124256134,0.37775081396102905,0.6714927554130554,-0.04440386965870857,0.34853196144104004,0.6513125896453857,-0.012647830881178379,0.3499855697154999,0.5979169011116028,-0.02642393298447132,0.3547472655773163,0.5663228034973145,-0.03551625460386276,0.35910123586654663,0.5399408340454102,-0.041407693177461624,0.3689773678779602,0.6562848091125488,-0.013925498351454735,0.3765495717525482,0.6387221813201904,-0.03840804472565651,0.3753996193408966,0.6703928112983704,-0.045757170766592026,0.37134742736816406,0.6970844864845276,-0.0444561131298542,0.3875017464160919,0.6652979850769043,-0.01691959984600544,0.3925423324108124,0.6566011309623718,-0.03827417269349098,0.38805073499679565,0.6891050338745117,-0.03633479028940201,0.3820638954639435,0.7127558588981628,-0.028614642098546028,0.4037109613418579,0.6780835390090942,-0.02134125307202339,0.4078008234500885,0.6660295724868774,-0.03362805023789406,0.40067237615585327,0.689796507358551,-0.02967829816043377,0.39269277453422546,0.7093714475631714,-0.022618230432271957
0.3785875737667084,0.7650815844535828,1.6384470669095208e-08,0.35592830181121826,0.7440839409828186,-0.015337110497057438,0.3475155234336853,0.7120450139045715,-0.024923142045736313,0.362652450799942,0.6843023896217346,-0.034868642687797546,0.37887489795684814,0.6680665016174316,-0.044107720255851746,0.347308874130249,0.6531142592430115,-0.013338177464902401,0.3488408625125885,0.598939061164856,-0.027533216401934624,0.3535782992839813,0.5675004720687866,-0.03658439218997955,0.3579424321651459,0.5414814352989197,-0.0422888919711113,0.36770135164260864,0.6584950685501099,-0.013957999646663666,0.3744220733642578,0.6368203163146973,-0.03892355039715767,0.3740783929824829,0.6671020984649658,-0.04630303382873535,0.37116295099258423,0.6945492029190063,-0.044671084731817245,0.38653141260147095,0.6674126982688904,-0.016360808163881302,0.3902845084667206,0.6572117209434509,-0.0386841744184494,0.3859262466430664,0.690250813961029,-0.03702382370829582,0.38041695952415466,0.7145703434944153,-0.02905956842005253,0.40271052718162537,0.6806323528289795,-0.020229823887348175,0.4056571424007416,0.6679980158805847,-0.03371831774711609,0.39729976654052734,0.6932986974716187,-0.030101291835308075,0.3881579637527466,0.7142614126205444,-0.022944895550608635
0.37844955921173096,0.7674420475959778,1.3436749490836064e-08,0.35571467876434326,0.7457247972488403,-0.015391518361866474,0.34744951128959656,0.71421217918396,-0.02494404837489128,0.36218711733818054,0.6861797571182251,-0.03488948568701744,0.3777766227722168,0.669034481048584,-0.044046323746442795,0.34732598066329956,0.6543839573860168,-0.012401485815644264,0.34899431467056274,0.6006110310554504,-0.02611873485147953,0.3537597358226776,0.5694655776023865,-0.03489813208580017,0.3583424687385559,0.5437397956848145,-0.040439389646053314,0.3675854504108429,0.659989058971405,-0.01286748331040144,0.3742651045322418,0.6380771398544312,-0.0369877927005291,0.3740048408508301,0.6682413220405579,-0.04417072981595993,0.3713546395301819,0.6956179141998291,-0.04264166206121445,0.38645967841148376,0.6692200899124146,-0.015211711637675762,0.3898334801197052,0.6582910418510437,-0.03694602847099304,0.38553136587142944,0.6906141042709351,-0.03545374050736427,0.38038572669029236,0.714859127998352,-0.027830995619297028,0.4028705060482025,0.6827210783958435,-0.019030410796403885,0.4060894846916199,0.668509840965271,-0.032165367156267166,0.39744168519973755,0.6929828524589539,-0.028712306171655655,0.38792237639427185,0.7141643762588501,-0.02183133363723755
0.37865179777145386,0.768053412437439,1.5185507962200973e-08,0.3558211624622345,0.7466320991516113,-0.015932517126202583,0.34756407141685486,0.7149863243103027,-0.025795886293053627,0.36246830224990845,0.6864431500434875,-0.035932015627622604,0.3779089152812958,0.6686729788780212,-0.0452733114361763,0.34762102365493774,0.6555516123771667,-0.01333458349108696,0.34922048449516296,0.6014023423194885,-0.027516543865203857,0.35379940271377563,0.5698630213737488,-0.036539848893880844,0.35815876722335815,0.5436937212944031,-0.04219301417469978,0.3679072856903076,0.6605720520019531,-0.013627107255160809,0.3750302195549011,0.6382490992546082,-0.0384909026324749,0.3745887577533722,0.6686411499977112,-0.04584797844290733,0.3716423213481903,0.6963236331939697,-0.044184908270835876,0.3865629732608795,0.6692322492599487,-0.015807878226041794,0.3904372751712799,0.6590518951416016,-0.03795800730586052,0.3860296308994293,0.6917434334754944,-0.03637516126036644,0.38063812255859375,0.7159899473190308,-0.028510965406894684,0.4026617109775543,0.6822214722633362,-0.01952374167740345,0.40605977177619934,0.6692669987678528,-0.03278055414557457,0.3975410759449005,0.6943123936653137,-0.02928648516535759,0.38820236921310425,0.7154426574707031,-0.022278688848018646
0.3787372410297394,0.7675533294677734,9.519824040182812e-09,0.35588616132736206,0.7457952499389648,-0.014867657795548439,0.3472997546195984,0.7150279879570007,-0.024442732334136963,0.362226277589798,0.6875845193862915,-0.034528810530900955,0.37774932384490967,0.6711640357971191,-0.04388820007443428,0.3476013243198395,0.6546310186386108,-0.012537726201117039,0.34929952025413513,0.6008978486061096,-0.026518799364566803,0.35405924916267395,0.569709300994873,-0.03561585023999214,0.3586185574531555,0.5437742471694946,-0.041400108486413956,0.3679116368293762,0.6600492596626282,-0.013302309438586235,0.3749244511127472,0.6389462351799011,-0.03780173137784004,0.37483441829681396,0.6701288223266602,-0.04506929591298103,0.3720701038837433,0.6982148885726929,-0.043550409376621246,0.38654202222824097,0.6689847707748413,-0.01588006690144539,0.39054152369499207,0.6587080359458923,-0.03754712641239166,0.3864201307296753,0.6914019584655762,-0.03577107936143875,0.3809875249862671,0.7161449193954468,-0.027988536283373833,0.4025334119796753,0.682136595249176,-0.01994064822793007,0.4063320755958557,0.6689881682395935,-0.03286438807845116,0.3980743885040283,0.693891704082489,-0.029239192605018616,0.3886462450027466,0.715238094329834,-0.022266769781708717
0.37907901406288147,0.7678272724151611,8.372391668842738e-09,0.3561176657676697,0.7460154294967651,-0.015038510784506798,0.3473023772239685,0.7151277661323547,-0.024622203782200813,0.3622327446937561,0.6870040893554688,-0.03470362350344658,0.37799981236457825,0.669863224029541,-0.04409027099609375,0.34749510884284973,0.6547300219535828,-0.012176541611552238,0.34936094284057617,0.6010236144065857,-0.02617439441382885,0.3542230725288391,0.569794237613678,-0.03538410738110542,0.3589831590652466,0.5438623428344727,-0.041331999003887177,0.36800676584243774,0.6598026752471924,-0.012937258929014206,0.3749028146266937,0.6390818357467651,-0.037471119314432144,0.3744423985481262,0.6700989603996277,-0.044823870062828064,0.37164631485939026,0.6978583931922913,-0.04341515153646469,0.3868465721607208,0.6687634587287903,-0.015574411489069462,0.3908765912055969,0.6578407287597656,-0.03721562772989273,0.38652196526527405,0.6902530193328857,-0.03537262976169586,0.3813198506832123,0.7147839665412903,-0.02762199006974697,0.40304726362228394,0.6821579933166504,-0.019728459417819977,0.4061730206012726,0.6693483591079712,-0.03275969997048378,0.3978290259838104,0.6941332221031189,-0.02924252301454544,0.3889724314212799,0.7151761054992676,-0.022356990724802017
0.37802767753601074,0.767370343208313,-3.3119207376586246e-10,0.35519760847091675,0.7464255690574646,-0.015037836506962776,0.34654664993286133,0.7149137258529663,-0.024533048272132874,0.3618384897708893,0.6867460608482361,-0.034421030431985855,0.3776339590549469,0.6696165204048157,-0.04357835277915001,0.34749871492385864,0.6544252634048462,-0.0128886504098773,0.3489813804626465,0.6003752946853638,-0.026470769196748734,0.3537227511405945,0.5690444707870483,-0.03517008200287819,0.35818246006965637,0.5431995391845703,-0.040767375379800797,0.367796927690506,0.6592223644256592,-0.013419415801763535,0.3745418190956116,0.6396623849868774,-0.03731485456228256,0.3738331198692322,0.6699729561805725,-0.04439670965075493,0.37071919441223145,0.6970962882041931,-0.04299559444189072,0.38636186718940735,0.6680307388305664,-0.015746932476758957,0.38972654938697815,0.6590770483016968,-0.03705679997801781,0.38529977202415466,0.6910300850868225,-0.035594433546066284,0.38021916151046753,0.7148175239562988,-0.02824382297694683,0.40244174003601074,0.6810863614082336,-0.0195473525673151,0.4051263630390167,0.6692503094673157,-0.03258991986513138,0.3965204358100891,0.6937971115112305,-0.02951207384467125,0.38753488659858704,0.7143921852111816,-0.02300809510052204
0.37822023034095764,0.7684154510498047,5.9276681341202675e-09,0.35543596744537354,0.7467625141143799,-0.015308420173823833,0.34682735800743103,0.7153607606887817,-0.02503914199769497,0.36204835772514343,0.6874249577522278,-0.03520123288035393,0.37808963656425476,0.6704997420310974,-0.04462456330657005,0.34754830598831177,0.6557140946388245,-0.012812911532819271,0.34924495220184326,0.601301908493042,-0.02671879529953003,0.3540955185890198,0.5701078176498413,-0.03564978390932083,0.3587450087070465,0.5442022681236267,-0.041365768760442734,0.36801013350486755,0.6613214015960693,-0.013341798447072506,0.37412533164024353,0.6401075124740601,-0.03778422251343727,0.3737277686595917,0.6715013980865479,-0.04487604647874832,0.3713187277317047,0.6994229555130005,-0.04328311234712601,0.3867715299129486,0.6705189347267151,-0.015745462849736214,0.3897026777267456,0.658699095249176,-0.03751468285918236,0.38532495498657227,0.691342294216156,-0.03566831350326538,0.3803899884223938,0.715768039226532,-0.027867769822478294,0.4030764102935791,0.6839118003845215,-0.019635966047644615,0.4060584008693695,0.6691049933433533,-0.032772984355688095,0.39734846353530884,0.6937289834022522,-0.02920467220246792,0.3880550265312195,0.7148772478103638,-0.02228160761296749
0.37777894735336304,0.7684285640716553,1.1506231523128463e-08,0.35483068227767944,0.746634840965271,-0.01517917588353157,0.3462761640548706,0.7155588269233704,-0.024899952113628387,0.36129677295684814,0.6873906850814819,-0.03509385138750076,0.3768206536769867,0.6701775193214417,-0.04459978640079498,0.3466804623603821,0.6556396484375,-0.012354300357401371,0.3485623896121979,0.6018232703208923,-0.02635757066309452,0.35349515080451965,0.5708848834037781,-0.03549478203058243,0.3582761883735657,0.5450170636177063,-0.04136361926794052,0.36722007393836975,0.661166787147522,-0.013048341497778893,0.3734250068664551,0.6396297812461853,-0.03771865367889404,0.3731164038181305,0.6709968447685242,-0.04505486786365509,0.37060776352882385,0.6987988948822021,-0.043577682226896286,0.3860689401626587,0.6703011393547058,-0.015619734302163124,0.38915860652923584,0.6583959460258484,-0.03761730715632439,0.3849034309387207,0.6914931535720825,-0.03585540130734444,0.379833459854126,0.7161905169487,-0.02803513966500759,0.4024146497249603,0.683689534664154,-0.019661663100123405,0.40516382455825806,0.669450581073761,-0.032931137830019,0.39677661657333374,0.6943291425704956,-0.029368653893470764,0.3876893222332001,0.7154555320739746,-0.022407185286283493
0.37799426913261414,0.7690834999084473,1.3142225085971404e-08,0.35461366176605225,0.747036874294281,-0.014859989285469055,0.34578007459640503,0.7156234979629517,-0.024408329278230667,0.36090385913848877,0.6873461604118347,-0.03444068133831024,0.37687644362449646,0.6705933213233948,-0.04375642538070679,0.34684836864471436,0.6560399532318115,-0.012455814518034458,0.34848228096961975,0.6018545031547546,-0.026397714391350746,0.3533194065093994,0.5705966949462891,-0.03547169268131256,0.35786116123199463,0.5445484519004822,-0.04125812277197838,0.3673003017902374,0.6612687110900879,-0.013157656416296959,0.3737606108188629,0.6398035287857056,-0.03745314106345177,0.37316596508026123,0.6701619625091553,-0.044723425060510635,0.3703775703907013,0.6976177096366882,-0.04326632246375084,0.3860348165035248,0.6702355742454529,-0.01567777991294861,0.38930973410606384,0.6599190831184387,-0.03724430873990059,0.38513898849487305,0.6922392249107361,-0.035699665546417236,0.38025814294815063,0.7167671322822571,-0.028083641082048416,0.4022296667098999,0.6834133267402649,-0.019660014659166336,0.40482383966445923,0.670939564704895,-0.0326244942843914,0.3964112401008606,0.6955677270889282,-0.029283009469509125,0.3874965012073517,0.7165423035621643,-0.022495107725262642
0.37775474786758423,0.7686677575111389,9.76195924096146e-09,0.35478976368904114,0.7470939755439758,-0.01525273360311985,0.346081018447876,0.7160964012145996,-0.025006867945194244,0.36093172430992126,0.6882671117782593,-0.03512699156999588,0.37633663415908813,0.6714644432067871,-0.04450967162847519,0.34704408049583435,0.6549021005630493,-0.01297082845121622,0.3486695885658264,0.6013585329055786,-0.026904955506324768,0.35337546467781067,0.5704705119132996,-0.035916004329919815,0.35786038637161255,0.5446960926055908,-0.041664883494377136,0.36744028329849243,0.6600064635276794,-0.013502988032996655,0.37440207600593567,0.6396249532699585,-0.0379796177148819,0.37371042370796204,0.6704719662666321,-0.045296307653188705,0.3704851567745209,0.6981677412986755,-0.04378799721598625,0.38606444001197815,0.6689398288726807,-0.01585681550204754,0.38971197605133057,0.6604536771774292,-0.037472568452358246,0.3852636516094208,0.6926807165145874,-0.03599735349416733,0.379830539226532,0.7167344093322754,-0.028442278504371643,0.4020830988883972,0.6820456385612488,-0.019709257408976555,0.4049638509750366,0.6713899970054626,-0.03269931301474571,0.3963591158390045,0.6962679028511047,-0.02946436032652855,0.38709333539009094,0.7168464660644531,-0.022762127220630646
0.3777618408203125,0.7693229913711548,1.7175526778601125e-08,0.3548096716403961,0.7473103404045105,-0.01496454980224371,0.34614044427871704,0.716346263885498,-0.024541141465306282,0.3607517182826996,0.6882495284080505,-0.03460903838276863,0.37644162774086,0.671959638595581,-0.04393871873617172,0.34630537033081055,0.6565679311752319,-0.01249002106487751,0.34786128997802734,0.6022071242332458,-0.026673883199691772,0.3526899218559265,0.5707129240036011,-0.035901665687561035,0.3573121726512909,0.5446879267692566,-0.041722748428583145,0.3666454553604126,0.6616643667221069,-0.013209776021540165,0.37369856238365173,0.6401402354240417,-0.038040272891521454,0.37349793314933777,0.6704823970794678,-0.045498717576265335,0.3708166778087616,0.6981315612792969,-0.043942831456661224,0.3853670060634613,0.670335590839386,-0.01576085388660431,0.38929200172424316,0.6609050035476685,-0.0374874621629715,0.38514262437820435,0.6927601099014282,-0.036047227680683136,0.37991467118263245,0.7168888449668884,-0.028404198586940765,0.4014665186405182,0.6831773519515991,-0.019821634516119957,0.4046393632888794,0.6723452806472778,-0.03265579044818878,0.3961388170719147,0.6966227293014526,-0.029355837032198906,0.3868013024330139,0.7169207334518433,-0.02257436141371727
0.3774440586566925,0.7695338129997253,9.832045400059997e-09,0.3540904223918915,0.7481088042259216,-0.01548889372497797,0.34530848264694214,0.7169919013977051,-0.02541472390294075,0.360115647315979,0.6885108947753906,-0.03568549081683159,0.3756779134273529,0.671010434627533,-0.045185595750808716,0.34590792655944824,0.6572505831718445,-0.01335544791072607,0.3473568260669708,0.6027102470397949,-0.027698324993252754,0.3520691990852356,0.5712519288063049,-0.037001535296440125,0.3564528524875641,0.544961154460907,-0.04293982684612274,0.36656859517097473,0.6620766520500183,-0.013900131918489933,0.37312155961990356,0.6402022242546082,-0.03890005871653557,0.37281695008277893,0.6713360548019409,-0.0463479645550251,0.36998069286346436,0.6990987658500671,-0.0448278971016407,0.38544198870658875,0.6706621050834656,-0.016276448965072632,0.38875970244407654,0.6603381633758545,-0.03823256492614746,0.38433676958084106,0.6929927468299866,-0.03661932796239853,0.37900713086128235,0.71736741065979,-0.028899138793349266,0.40168845653533936,0.6835039854049683,-0.02017134428024292,0.40428176522254944,0.672313392162323,-0.033403292298316956,0.3955271542072296,0.697241485118866,-0.030141517519950867,0.3861682713031769,0.7178356647491455,-0.02336885966360569
0.37788641452789307,0.7688580751419067,9.933876832235455e-09,0.3548610806465149,0.7475128173828125,-0.015290300361812115,0.3456783890724182,0.7163248658180237,-0.025123273953795433,0.3601425886154175,0.6878606677055359,-0.03530365228652954,0.37546873092651367,0.6708519458770752,-0.044725801795721054,0.3459959328174591,0.6566129326820374,-0.013434155844151974,0.34758734703063965,0.602105975151062,-0.02766498364508152,0.3523990511894226,0.5707730054855347,-0.03692023828625679,0.35691919922828674,0.5447523593902588,-0.04285372421145439,0.3664502501487732,0.6611834168434143,-0.013940474949777126,0.37373101711273193,0.6415289640426636,-0.03888724371790886,0.37327516078948975,0.6727314591407776,-0.04615871608257294,0.37019631266593933,0.7001824378967285,-0.044588569551706314,0.38507750630378723,0.6695302128791809,-0.016260165721178055,0.38935908675193787,0.6606183052062988,-0.03797253221273422,0.3851199746131897,0.692891001701355,-0.036136820912361145,0.3796631693840027,0.7168613076210022,-0.02837745100259781,0.4011822044849396,0.682056188583374,-0.020108046010136604,0.4044235944747925,0.6716380715370178,-0.03306581825017929,0.3961493670940399,0.6964307427406311,-0.029651980847120285,0.38705313205718994,0.7168088555335999,-0.022823914885520935
0.37713882327079773,0.7692374587059021,1.4403140902174982e-08,0.3542725145816803,0.7477033734321594,-0.015533353202044964,0.3456761837005615,0.7168195843696594,-0.025397945195436478,0.3602730631828308,0.6888155937194824,-0.03562035784125328,0.3757691979408264,0.6719433069229126,-0.04509727656841278,0.34682226181030273,0.6568882465362549,-0.013392467051744461,0.3481709957122803,0.6022986769676208,-0.02765980176627636,0.3526535630226135,0.5706987977027893,-0.03685607388615608,0.35692349076271057,0.5445502996444702,-0.042639754712581635,0.36716586351394653,0.6621447801589966,-0.013890763744711876,0.37399202585220337,0.6403092741966248,-0.03891435265541077,0.3733651340007782,0.6707739233970642,-0.046411700546741486,0.3703399896621704,0.6987344026565552,-0.044805556535720825,0.38575267791748047,0.6709786653518677,-0.01620946079492569,0.38937368988990784,0.6614888310432434,-0.03830081969499588,0.38502037525177,0.6939863562583923,-0.03682328760623932,0.3797760009765625,0.7183623313903809,-0.029004588723182678,0.4016733169555664,0.6839147806167603,-0.020033977925777435,0.40461841225624084,0.6717959642410278,-0.033289652317762375,0.3963037133216858,0.6967595815658569,-0.029873400926589966,0.38735777139663696,0.7177330851554871,-0.022874031215906143
0.3779599666595459,0.7695027589797974,7.490359443806938e-09,0.35481905937194824,0.7478169202804565,-0.014885496348142624,0.3460206687450409,0.716364860534668,-0.024478640407323837,0.3610505759716034,0.6884477734565735,-0.0346079058945179,0.3767719566822052,0.6714586019515991,-0.04403394088149071,0.34660035371780396,0.6563596129417419,-0.012176195159554482,0.3482974171638489,0.6025813221931458,-0.02618003822863102,0.35297638177871704,0.5711918473243713,-0.03534632921218872,0.35734808444976807,0.5452215075492859,-0.041265785694122314,0.3671055734157562,0.6615649461746216,-0.013077612034976482,0.37350961565971375,0.640972912311554,-0.03764219209551811,0.3730575740337372,0.6721848249435425,-0.0449257455766201,0.3701818287372589,0.6999297738075256,-0.04345409572124481,0.3858823776245117,0.670616090297699,-0.015838557854294777,0.3894306421279907,0.6600577235221863,-0.037463460117578506,0.38498854637145996,0.6925280690193176,-0.035545531660318375,0.3795766234397888,0.7168064713478088,-0.02778848260641098,0.4021138846874237,0.6840240359306335,-0.020100027322769165,0.40503057837486267,0.6718512177467346,-0.033074751496315,0.3963528871536255,0.6966025233268738,-0.029460716992616653,0.38701131939888,0.7173240184783936,-0.022544443607330322
0.3773881793022156,0.7694621682167053,1.6921392287372328e-08,0.3542433977127075,0.7480912804603577,-0.015515323728322983,0.34520742297172546,0.7172573804855347,-0.02544897422194481,0.3603844940662384,0.6894277930259705,-0.0356973335146904,0.37683048844337463,0.6735021471977234,-0.04518715664744377,0.34639599919319153,0.6565645337104797,-0.013674142770469189,0.34764209389686584,0.6024472117424011,-0.02804410830140114,0.35232362151145935,0.5709471106529236,-0.03728919103741646,0.35678622126579285,0.5450038313865662,-0.04314994439482689,0.36685651540756226,0.661173403263092,-0.014141746796667576,0.3738325238227844,0.6405205726623535,-0.039070695638656616,0.37355494499206543,0.6706902980804443,-0.04644142836332321,0.3704495429992676,0.6981770396232605,-0.044854048639535904,0.38558319211006165,0.6696445941925049,-0.016440248116850853,0.3897304832935333,0.6618029475212097,-0.03833315894007683,0.38548046350479126,0.6939852833747864,-0.03690320625901222,0.37980207800865173,0.7180786728858948,-0.0292718093842268,0.40172916650772095,0.6823950409889221,-0.020281702280044556,0.40478649735450745,0.673347532749176,-0.03341878578066826,0.3963366746902466,0.6983805298805237,-0.03030887059867382,0.38693755865097046,0.7187542915344238,-0.023632332682609558
0.3769463896751404,0.7690528035163879,1.3244996210914906e-08,0.3536587059497833,0.7476906180381775,-0.015470371581614017,0.34454071521759033,0.7165589928627014,-0.02536781318485737,0.3601750433444977,0.6887917518615723,-0.03560745716094971,0.37665247917175293,0.6726064682006836,-0.0450989194214344,0.3458705246448517,0.6564595699310303,-0.013332845643162727,0.3469960391521454,0.6024459600448608,-0.027384907007217407,0.35164719820022583,0.5710225701332092,-0.03628737851977348,0.35610905289649963,0.545114278793335,-0.04202756658196449,0.3663523197174072,0.6605481505393982,-0.01391522865742445,0.3731023967266083,0.6408514976501465,-0.03838391602039337,0.37261489033699036,0.6707693338394165,-0.045430850237607956,0.369460791349411,0.6974228620529175,-0.04382757470011711,0.3850153684616089,0.6692543029785156,-0.016385715454816818,0.3889079988002777,0.6620900630950928,-0.03794417530298233,0.38440242409706116,0.6935548782348633,-0.03654178977012634,0.3786259889602661,0.7165248990058899,-0.029183058068156242,0.40115147829055786,0.6825264692306519,-0.020414885133504868,0.40367913246154785,0.6747698783874512,-0.03352346643805504,0.3947017788887024,0.6992548704147339,-0.030733101069927216,0.38486599922180176,0.7187594175338745,-0.024447958916425705
0.37666305899620056,0.7704654932022095,1.7359780279946335e-10,0.353450208902359,0.7488409280776978,-0.014829602092504501,0.344681054353714,0.717117965221405,-0.02434111014008522,0.3598330616950989,0.6888563632965088,-0.03432776406407356,0.3754848539829254,0.6714655160903931,-0.04360036551952362,0.34567901492118835,0.6569671034812927,-0.012410210445523262,0.3473644554615021,0.6029832363128662,-0.02626471221446991,0.3520088493824005,0.5715419054031372,-0.035207923501729965,0.35647907853126526,0.5454427599906921,-0.04098194092512131,0.36623209714889526,0.661676287651062,-0.013182047754526138,0.3732018768787384,0.6422290802001953,-0.03750619664788246,0.3727358877658844,0.6732923984527588,-0.04468056187033653,0.36953461170196533,0.7008816003799438,-0.04321915656328201,0.38507840037345886,0.6704095602035522,-0.01577020436525345,0.3889926075935364,0.6615696549415588,-0.03734307363629341,0.3844675123691559,0.6943449378013611,-0.035524819046258926,0.37879905104637146,0.7186062932014465,-0.027876652777194977,0.40137189626693726,0.6834567785263062,-0.019834434613585472,0.40404319763183594,0.6727617979049683,-0.032983362674713135,0.3954726457595825,0.698216438293457,-0.029588889330625534,0.38618016242980957,0.7190225720405579,-0.022811973467469215
0.37615978717803955,0.7701738476753235,3.8904199861633515e-09,0.35299253463745117,0.7487083077430725,-0.015008615329861641,0.3443707823753357,0.7173418998718262,-0.02459867298603058,0.35986995697021484,0.6893990635871887,-0.03472070395946503,0.37556397914886475,0.6719909906387329,-0.04418230429291725,0.34537428617477417,0.6573748588562012,-0.012220245786011219,0.34704840183258057,0.6030763387680054,-0.026331419125199318,0.3519393801689148,0.5715623497962952,-0.03556725010275841,0.35659024119377136,0.5454404354095459,-0.04153483733534813,0.36604928970336914,0.6625791192054749,-0.013041903264820576,0.3718399405479431,0.6419200897216797,-0.03774649649858475,0.37153318524360657,0.6733165979385376,-0.045112814754247665,0.3688279390335083,0.7010650038719177,-0.04369931295514107,0.3850204646587372,0.6715068817138672,-0.015741007402539253,0.38822314143180847,0.6602186560630798,-0.03768714517354965,0.38383111357688904,0.6935831904411316,-0.0357334204018116,0.3784468173980713,0.7183077335357666,-0.027874045073986053,0.4014473259449005,0.6847981214523315,-0.01992860622704029,0.4038006663322449,0.672118604183197,-0.03339571878314018,0.3952321708202362,0.697773277759552,-0.029856406152248383,0.38609734177589417,0.7189290523529053,-0.022885430604219437
0.37631767988204956,0.7696718573570251,5.281582726723855e-09,0.3535417318344116,0.7480869889259338,-0.014818614348769188,0.3448144793510437,0.7169091701507568,-0.02443515695631504,0.3598756492137909,0.6893027424812317,-0.034516189247369766,0.37586236000061035,0.6730747818946838,-0.04391589015722275,0.3455870449542999,0.656396210193634,-0.012690084055066109,0.3474354147911072,0.6023023724555969,-0.026436537504196167,0.35224276781082153,0.5709023475646973,-0.0352528877556324,0.35685884952545166,0.5450107455253601,-0.040983449667692184,0.3659834861755371,0.6609616279602051,-0.013468851335346699,0.37303945422172546,0.6422334313392639,-0.03772139176726341,0.37290605902671814,0.6729865074157715,-0.044777680188417435,0.36989685893058777,0.7004480361938477,-0.04329334571957588,0.3847719728946686,0.6696196794509888,-0.01604408025741577,0.38887453079223633,0.6616731286048889,-0.037459321320056915,0.38460424542427063,0.6938238143920898,-0.035714078694581985,0.37891054153442383,0.7178452610969543,-0.028218677267432213,0.4010070264339447,0.6825780868530273,-0.020116619765758514,0.403553307056427,0.6734675168991089,-0.033215414732694626,0.39508670568466187,0.6987816691398621,-0.03003636561334133,0.3858605623245239,0.7193120718002319,-0.02347770892083645
0.37694787979125977,0.7708777189254761,9.071515982839173e-09,0.35366493463516235,0.7489578127861023,-0.014957393519580364,0.34477537870407104,0.7173892259597778,-0.024464812129735947,0.3599182665348053,0.6890608072280884,-0.03445449471473694,0.37602418661117554,0.6725969314575195,-0.04375424236059189,0.34582290053367615,0.657615602016449,-0.012242640368640423,0.3477139472961426,0.6034284234046936,-0.026172684505581856,0.3526689112186432,0.5719313025474548,-0.03517432510852814,0.3574203550815582,0.5457543730735779,-0.040984880179166794,0.3662387728691101,0.6622699499130249,-0.012974802404642105,0.3728805184364319,0.6417040228843689,-0.037499334663152695,0.3725658655166626,0.6724817156791687,-0.044722769409418106,0.36962971091270447,0.7002305388450623,-0.04319038987159729,0.3850480020046234,0.6708076596260071,-0.015562147833406925,0.3890646994113922,0.6615185141563416,-0.037346869707107544,0.3846750855445862,0.6941117644309998,-0.035718198865652084,0.3790189325809479,0.7186006903648376,-0.028079485520720482,0.40125563740730286,0.683695912361145,-0.019641833379864693,0.40408676862716675,0.6728501915931702,-0.03291718661785126,0.39553216099739075,0.6981536746025085,-0.02969823218882084,0.38611605763435364,0.7191434502601624,-0.02300930954515934
0.37691444158554077,0.7708057761192322,9.054121008489346e-09,0.353952020406723,0.748154878616333,-0.014596465975046158,0.3456084728240967,0.7169609665870667,-0.02385171875357628,0.36061838269233704,0.6894378662109375,-0.03358932584524155,0.3770001530647278,0.673708438873291,-0.042582474648952484,0.34634605050086975,0.6568931341171265,-0.011750995181500912,0.3479146361351013,0.6034114360809326,-0.02499607764184475,0.3525306284427643,0.5720266699790955,-0.03339643403887749,0.3570045828819275,0.5462190508842468,-0.03881407529115677,0.3665701746940613,0.6614561676979065,-0.012537495233118534,0.3736661672592163,0.6410273313522339,-0.035972028970718384,0.37352830171585083,0.6701445579528809,-0.042875293642282486,0.3704981505870819,0.6972917318344116,-0.041348572820425034,0.38527071475982666,0.6702941060066223,-0.01513956394046545,0.3893651068210602,0.6632335782051086,-0.03597010299563408,0.3849092423915863,0.6939462423324585,-0.03489267826080322,0.3792211711406708,0.7173811197280884,-0.027905702590942383,0.40132081508636475,0.6834444999694824,-0.019227156415581703,0.40383192896842957,0.6753472089767456,-0.03182530030608177,0.3948262333869934,0.6993104219436646,-0.02911989763379097,0.38495832681655884,0.7191447615623474,-0.023038076236844063
0.37718072533607483,0.7704925537109375,1.9263877604203117e-08,0.35415956377983093,0.7483921051025391,-0.015351012349128723,0.3456021249294281,0.7177005410194397,-0.025105539709329605,0.3612242639064789,0.6903906464576721,-0.03522874787449837,0.3777461647987366,0.6744791269302368,-0.04463556408882141,0.3462887406349182,0.657139241695404,-0.012770610861480236,0.3481818437576294,0.6035187244415283,-0.02665228582918644,0.3530643880367279,0.5721157193183899,-0.035735879093408585,0.3576100468635559,0.5461730360984802,-0.041630830615758896,0.3666483163833618,0.6619905829429626,-0.013422369956970215,0.37385293841362,0.6410016417503357,-0.03749261051416397,0.3734554052352905,0.6700237393379211,-0.04475940391421318,0.3703550100326538,0.6967946887016296,-0.04342827945947647,0.3852793276309967,0.6708664894104004,-0.01596018485724926,0.38964343070983887,0.662340521812439,-0.03718782961368561,0.3850727677345276,0.6934180855751038,-0.036011986434459686,0.3793337345123291,0.7167035937309265,-0.02890157327055931,0.4013296663761139,0.6840924620628357,-0.02006220631301403,0.4040617048740387,0.6751468181610107,-0.03294884413480759,0.3951875865459442,0.6999326944351196,-0.030094707384705544,0.3856140077114105,0.7200268507003784,-0.02383362501859665
0.37743112444877625,0.7698495984077454,2.8576737420848985e-08,0.3547755181789398,0.7483525276184082,-0.016084477305412292,0.3461191952228546,0.7176196575164795,-0.026168080046772957,0.36156216263771057,0.689989447593689,-0.03646038845181465,0.37787100672721863,0.6739069223403931,-0.04600762948393822,0.3461112380027771,0.6571098566055298,-0.013410313986241817,0.3480384349822998,0.6034886240959167,-0.02781616896390915,0.35318419337272644,0.571813702583313,-0.03727399557828903,0.35790014266967773,0.545602560043335,-0.04337598755955696,0.3665561378002167,0.6615993976593018,-0.013845432549715042,0.37422728538513184,0.6400375962257385,-0.03883364051580429,0.3741322457790375,0.6699563264846802,-0.04630788043141365,0.3709101378917694,0.697123110294342,-0.04477410763502121,0.38520362973213196,0.6702144145965576,-0.0162225142121315,0.39013200998306274,0.6619861125946045,-0.03811301663517952,0.3857719600200653,0.6937645077705383,-0.036720722913742065,0.37965264916419983,0.7170108556747437,-0.02918691374361515,0.40122848749160767,0.6833751201629639,-0.020225051790475845,0.404581755399704,0.6750344634056091,-0.033408600836992264,0.39599326252937317,0.7001962065696716,-0.030328331515192986,0.3862372636795044,0.7200480103492737,-0.023740820586681366
0.37736886739730835,0.7702367305755615,2.0622925589464103e-08,0.35434290766716003,0.7485982775688171,-0.015918906778097153,0.3453609049320221,0.7175763845443726,-0.025810033082962036,0.361191987991333,0.6894659996032715,-0.03599018231034279,0.3780744671821594,0.6731061935424805,-0.04541793465614319,0.3458798825740814,0.6574407815933228,-0.012779021635651588,0.3478044867515564,0.6034069061279297,-0.026823855936527252,0.3529027998447418,0.5718388557434082,-0.03599224612116814,0.35759949684143066,0.5460255742073059,-0.041949693113565445,0.36636340618133545,0.6621233820915222,-0.013162934221327305,0.3732421100139618,0.641524076461792,-0.037699513137340546,0.3732251822948456,0.6715265512466431,-0.044917210936546326,0.3704647421836853,0.6986852288246155,-0.04340876638889313,0.38513150811195374,0.6708208918571472,-0.015532325953245163,0.38955214619636536,0.6613529324531555,-0.037242643535137177,0.38528481125831604,0.69330894947052,-0.03572608903050423,0.3795120120048523,0.7171332240104675,-0.0282579492777586,0.40127331018447876,0.6842058897018433,-0.01951412484049797,0.4044831097126007,0.6744056344032288,-0.03299259394407272,0.3958592414855957,0.6996898651123047,-0.030080415308475494,0.3862002193927765,0.7201195359230042,-0.02362169697880745
0.3771511912345886,0.7703243494033813,1.887285172585962e-08,0.35428178310394287,0.7481661438941956,-0.015981901437044144,0.34570276737213135,0.717387318611145,-0.025969404727220535,0.36112990975379944,0.6896228790283203,-0.036297570914030075,0.37753355503082275,0.6733336448669434,-0.04585812985897064,0.34619906544685364,0.6572423577308655,-0.012522172182798386,0.34814801812171936,0.6033499836921692,-0.02652154117822647,0.3529371917247772,0.5721045136451721,-0.035521332174539566,0.3573893904685974,0.5462899208068848,-0.041323695331811905,0.3665757179260254,0.6619652509689331,-0.012935711070895195,0.37352240085601807,0.6412215232849121,-0.0375557504594326,0.3731411397457123,0.6714848279953003,-0.04473704844713211,0.3701895475387573,0.6987655758857727,-0.04308732971549034,0.3851749300956726,0.670823872089386,-0.015369917266070843,0.3894138038158417,0.661864161491394,-0.03727763146162033,0.3849921226501465,0.6940249800682068,-0.03589856997132301,0.3793192505836487,0.7177765965461731,-0.02836654894053936,0.40118086338043213,0.684264600276947,-0.019406167790293694,0.4043872058391571,0.6744301915168762,-0.03295561298727989,0.3956414759159088,0.6996143460273743,-0.03012676350772381,0.38590359687805176,0.7199869155883789,-0.02366185560822487
0.37795814871788025,0.7708121538162231,2.2294821988566582e-08,0.35529768466949463,0.7495920062065125,-0.016154568642377853,0.3464985191822052,0.7188965082168579,-0.02627648413181305,0.3619745075702667,0.6906322836875916,-0.03662832826375961,0.3787342309951782,0.6740675568580627,-0.0462353490293026,0.34619107842445374,0.6585920453071594,-0.013170641846954823,0.3481528162956238,0.6047064065933228,-0.027039311826229095,0.35307443141937256,0.5731493234634399,-0.03593872860074043,0.35744255781173706,0.5472491383552551,-0.04175974801182747,0.3666723072528839,0.6628767251968384,-0.013490022160112858,0.37374603748321533,0.6417873501777649,-0.03776589408516884,0.3739107549190521,0.671629011631012,-0.04471100494265556,0.37112826108932495,0.6987563967704773,-0.04308014735579491,0.3854365348815918,0.6716263890266418,-0.01579255238175392,0.38982757925987244,0.6620422601699829,-0.03741205111145973,0.3855454921722412,0.6939613819122314,-0.03583107143640518,0.37972429394721985,0.7177419066429138,-0.028380056843161583,0.4016404151916504,0.6852898001670837,-0.019717423245310783,0.404776006937027,0.6758782267570496,-0.033262234181165695,0.39605918526649475,0.7007918357849121,-0.030512770637869835,0.3861072063446045,0.7209773063659668,-0.024221403524279594
0.3777461647987366,0.7704663872718811,2.556729228331278e-08,0.35518109798431396,0.7493150234222412,-0.016091106459498405,0.34645819664001465,0.718657374382019,-0.0262075737118721,0.3619246780872345,0.6906639337539673,-0.03654244542121887,0.37841010093688965,0.6744611263275146,-0.04613542556762695,0.34629830718040466,0.6577819585800171,-0.013233942911028862,0.3482901453971863,0.6039509773254395,-0.027208732441067696,0.3533638119697571,0.5723738670349121,-0.036166101694107056,0.3580613136291504,0.546541690826416,-0.04198111593723297,0.3666257858276367,0.6621994972229004,-0.013643580488860607,0.37416258454322815,0.6416887044906616,-0.03812393918633461,0.3740931451320648,0.6712700128555298,-0.04517299681901932,0.3710460662841797,0.6982753276824951,-0.043504565954208374,0.3852354884147644,0.6710240244865417,-0.016023138538002968,0.3900166153907776,0.6631916165351868,-0.03771711140871048,0.38583916425704956,0.6947473883628845,-0.03626740723848343,0.3798912763595581,0.7179160714149475,-0.028853701427578926,0.40142112970352173,0.6845880746841431,-0.020018499344587326,0.40439146757125854,0.6766822338104248,-0.03343774378299713,0.39582037925720215,0.701984703540802,-0.030592670664191246,0.3860040307044983,0.7219591736793518,-0.02421381138265133
0.37704476714134216,0.7699751853942871,2.3913397484420784e-08,0.35445207357406616,0.7485575675964355,-0.015768224373459816,0.34595388174057007,0.7180309295654297,-0.025696799159049988,0.36136314272880554,0.6899546980857849,-0.0359189435839653,0.3776628077030182,0.6733110547065735,-0.04539412632584572,0.34632253646850586,0.6573641300201416,-0.012791219167411327,0.3481598496437073,0.6036770343780518,-0.026754004880785942,0.35314232110977173,0.5721815824508667,-0.03583164140582085,0.35773760080337524,0.5463275909423828,-0.04169294983148575,0.36650460958480835,0.6622931361198425,-0.013250177726149559,0.37357020378112793,0.6405445337295532,-0.03767119720578194,0.3736807107925415,0.6698323488235474,-0.04497382044792175,0.370901882648468,0.6971461176872253,-0.043480969965457916,0.38499918580055237,0.6711840033531189,-0.015637602657079697,0.3892909586429596,0.6620140671730042,-0.03721847012639046,0.38506171107292175,0.6936876177787781,-0.03597130626440048,0.37941375374794006,0.7175150513648987,-0.028658656403422356,0.40099281072616577,0.6845877170562744,-0.019609173759818077,0.4038489758968353,0.6754189729690552,-0.03292329981923103,0.39519593119621277,0.7005669474601746,-0.03016648441553116,0.38557061553001404,0.721057116985321,-0.023833509534597397
0.3772891163825989,0.7703438401222229,2.296174450577837e-08,0.3546600341796875,0.7482787370681763,-0.016248492524027824,0.34601420164108276,0.7172711491584778,-0.02616162970662117,0.36154869198799133,0.689018726348877,-0.036369405686855316,0.37795743346214294,0.6726569533348083,-0.045842234045267105,0.3459068536758423,0.6575627326965332,-0.012175246141850948,0.3478671610355377,0.6037125587463379,-0.026271579787135124,0.3529365360736847,0.572262704372406,-0.035453230142593384,0.3575405180454254,0.5464410781860352,-0.04140864312648773,0.3662168085575104,0.6624804139137268,-0.012439113110303879,0.3730643689632416,0.6410951018333435,-0.037352029234170914,0.37329164147377014,0.6719032526016235,-0.04463272541761398,0.370874285697937,0.6996589303016663,-0.04291912168264389,0.3848199248313904,0.6714454293251038,-0.014787126332521439,0.3892582058906555,0.6604083776473999,-0.03686782717704773,0.3852076232433319,0.6926207542419434,-0.03534442186355591,0.3796597123146057,0.7167394161224365,-0.02764999493956566,0.40086829662323,0.685267984867096,-0.018765205517411232,0.4040817618370056,0.6748374104499817,-0.032571207731962204,0.39557015895843506,0.7000808715820312,-0.02978111058473587,0.38592439889907837,0.7206231951713562,-0.02326529659330845
0.37720802426338196,0.7702317237854004,2.8232779669679076e-08,0.3545060157775879,0.7480420470237732,-0.016091544181108475,0.34600669145584106,0.7171992063522339,-0.02588878571987152,0.36152952909469604,0.688852071762085,-0.03594985231757164,0.3780887722969055,0.6725513935089111,-0.04522153362631798,0.34620434045791626,0.6571041941642761,-0.012231623753905296,0.34787270426750183,0.6033279895782471,-0.026055794209241867,0.3528541028499603,0.5718011856079102,-0.0349593348801136,0.35759344696998596,0.5461727976799011,-0.0406641811132431,0.36632829904556274,0.6620229482650757,-0.01245721336454153,0.3736962676048279,0.6404376029968262,-0.03681957349181175,0.3737806975841522,0.6695972681045532,-0.044002555310726166,0.37107375264167786,0.6968103051185608,-0.04233867675065994,0.38481593132019043,0.6709660291671753,-0.014718092046678066,0.389607310295105,0.6619320511817932,-0.036323823034763336,0.38534602522850037,0.693073034286499,-0.03515951335430145,0.3795396685600281,0.7165638208389282,-0.027827171608805656,0.4006778597831726,0.6846170425415039,-0.018602551892399788,0.4040572941303253,0.6757875680923462,-0.03189324960112572,0.39526623487472534,0.7004929780960083,-0.029248114675283432,0.3852446675300598,0.7206326127052307,-0.02296229638159275
0.37722423672676086,0.770372748374939,2.071833549166513e-08,0.35469967126846313,0.7483462691307068,-0.01573590561747551,0.3461238741874695,0.717653751373291,-0.025387361645698547,0.3614148199558258,0.6894664764404297,-0.03533852472901344,0.3778899312019348,0.6734309196472168,-0.044521771371364594,0.34624147415161133,0.6570060849189758,-0.01207334641367197,0.3481520116329193,0.6033027172088623,-0.025749998167157173,0.3531694710254669,0.5720379948616028,-0.03470674157142639,0.35801491141319275,0.5464889407157898,-0.04054006189107895,0.366573691368103,0.6619636416435242,-0.012491277419030666,0.373603880405426,0.6406659483909607,-0.03672868758440018,0.3736273944377899,0.6701854467391968,-0.044006217271089554,0.3710959553718567,0.6975303888320923,-0.04252156615257263,0.3852676451206207,0.6710091233253479,-0.014887341298162937,0.3894954323768616,0.661387026309967,-0.036330800503492355,0.3851531445980072,0.6925300359725952,-0.035198651254177094,0.37961673736572266,0.7161617875099182,-0.028016354888677597,0.4012351930141449,0.6846464276313782,-0.018875274807214737,0.40383750200271606,0.6755178570747375,-0.0321325846016407,0.3949577510356903,0.7002173662185669,-0.029518472030758858,0.3853761553764343,0.7203897833824158,-0.023336410522460938
0.37747079133987427,0.7705720067024231,2.1345698542063474e-08,0.35487571358680725,0.7486615777015686,-0.01616508699953556,0.3461461067199707,0.7176306843757629,-0.026075497269630432,0.36120671033859253,0.6889661550521851,-0.03618665412068367,0.37750959396362305,0.672537088394165,-0.04552219435572624,0.3462885320186615,0.657360851764679,-0.012596974149346352,0.34838685393333435,0.6035639047622681,-0.02656945027410984,0.3533477187156677,0.5721626281738281,-0.03562392294406891,0.3580320179462433,0.5463184714317322,-0.04152907431125641,0.36662766337394714,0.6621807217597961,-0.012845716439187527,0.37398117780685425,0.6407020092010498,-0.037483058869838715,0.37369203567504883,0.6708897352218628,-0.044660888612270355,0.3708168864250183,0.6984844207763672,-0.04299308732151985,0.38524314761161804,0.6711125373840332,-0.015108425170183182,0.3900454044342041,0.66123366355896,-0.036938268691301346,0.3855145573616028,0.6931060552597046,-0.03549597039818764,0.37960201501846313,0.7169086933135986,-0.028002707287669182,0.40118932723999023,0.6847899556159973,-0.018986977636814117,0.4040752947330475,0.6760149002075195,-0.032577816396951675,0.39522314071655273,0.7014261484146118,-0.029868049547076225,0.38545215129852295,0.7216475605964661,-0.02353137731552124
0.37728652358055115,0.7706694602966309,1.182664899346264e-08,0.3549669682979584,0.7493662238121033,-0.015755174681544304,0.3464268743991852,0.7188854813575745,-0.02571863867342472,0.3613925278186798,0.6912924647331238,-0.03590653836727142,0.37759929895401,0.6750373840332031,-0.04530194401741028,0.34633052349090576,0.6573920249938965,-0.013131488114595413,0.34845399856567383,0.6038550734519958,-0.02687976136803627,0.3533705770969391,0.572742223739624,-0.03572000190615654,0.3578979969024658,0.5468612909317017,-0.041485872119665146,0.3667908012866974,0.661734402179718,-0.01351485401391983,0.3738943338394165,0.6415237188339233,-0.03761544078588486,0.3735584318637848,0.6720312833786011,-0.04451398551464081,0.3705001473426819,0.6993526220321655,-0.04286494106054306,0.3854297697544098,0.6703826189041138,-0.01580810546875,0.3897055685520172,0.6620896458625793,-0.036959871649742126,0.38522326946258545,0.6938104033470154,-0.03538750484585762,0.3795239329338074,0.7172588109970093,-0.028056222945451736,0.4016019403934479,0.6835987567901611,-0.01970275118947029,0.40429580211639404,0.6758687496185303,-0.032618314027786255,0.3955591917037964,0.700825572013855,-0.029753273352980614,0.3861289918422699,0.7206145524978638,-0.02349364385008812
0.3776662051677704,0.770712673664093,1.2840020602311597e-08,0.3552190363407135,0.7493638396263123,-0.015486292541027069,0.3464716076850891,0.7190173268318176,-0.025400258600711823,0.36147749423980713,0.6915850639343262,-0.03562960401177406,0.37775248289108276,0.6756607890129089,-0.04509568586945534,0.34668850898742676,0.6571861505508423,-0.012698912061750889,0.3488112986087799,0.6037715077400208,-0.02642274647951126,0.35372087359428406,0.5726244449615479,-0.03532639890909195,0.35807719826698303,0.5468932390213013,-0.04116499423980713,0.36691638827323914,0.6617604494094849,-0.013254321180284023,0.37401288747787476,0.6420645117759705,-0.03714956343173981,0.3736884295940399,0.6720579862594604,-0.04408378526568413,0.3705708086490631,0.6989006996154785,-0.04259871691465378,0.38550490140914917,0.6705256700515747,-0.01572377420961857,0.38996320962905884,0.6619614958763123,-0.03675837442278862,0.3854692876338959,0.693503737449646,-0.03522488847374916,0.37961792945861816,0.7169076204299927,-0.02804570458829403,0.40169259905815125,0.6840007901191711,-0.019783588126301765,0.40427565574645996,0.6769241690635681,-0.0327933169901371,0.3954249918460846,0.7022821307182312,-0.03000871278345585,0.38583335280418396,0.7222318053245544,-0.023835092782974243
0.3779779076576233,0.7702157497406006,2.1039143760503975e-08,0.35541391372680664,0.7488320469856262,-0.015486304648220539,0.34677407145500183,0.7187227606773376,-0.025395145639777184,0.36178648471832275,0.6916178464889526,-0.03556870296597481,0.3777267634868622,0.6755968332290649,-0.0449351966381073,0.34738072752952576,0.6564870476722717,-0.013047374784946442,0.3493792712688446,0.603299617767334,-0.026835190132260323,0.35433274507522583,0.5719597339630127,-0.03577299043536186,0.3589407801628113,0.5461787581443787,-0.04153140261769295,0.36751291155815125,0.6612042784690857,-0.013546057045459747,0.37531837821006775,0.6405487060546875,-0.03733397275209427,0.3745996356010437,0.6693611741065979,-0.04440278559923172,0.3708110749721527,0.6959633231163025,-0.04298527538776398,0.38592374324798584,0.6699353456497192,-0.015914397314190865,0.39108890295028687,0.6625723242759705,-0.0369117371737957,0.386350154876709,0.6939928531646729,-0.03557933121919632,0.380074679851532,0.7172511219978333,-0.028438648208975792,0.40183374285697937,0.683148205280304,-0.019862540066242218,0.4049908518791199,0.6761929988861084,-0.032598674297332764,0.3963790535926819,0.701380729675293,-0.029712678864598274,0.3867838978767395,0.7212847471237183,-0.023451799526810646
0.3777427673339844,0.770232617855072,2.0228027253210712e-08,0.3554632365703583,0.7483320236206055,-0.016005590558052063,0.3470342755317688,0.7179283499717712,-0.02615066058933735,0.3619162440299988,0.690437912940979,-0.03655148670077324,0.37791407108306885,0.6739223003387451,-0.04617030546069145,0.3475668728351593,0.6563915014266968,-0.013082803227007389,0.34971627593040466,0.6030175089836121,-0.02704685553908348,0.3544335663318634,0.5718475580215454,-0.03607688471674919,0.35876020789146423,0.5458917021751404,-0.04190463945269585,0.3675892949104309,0.6613386869430542,-0.013469060882925987,0.37473171949386597,0.6402829885482788,-0.03780783712863922,0.37386763095855713,0.6699926257133484,-0.04499005153775215,0.37056785821914673,0.6971229314804077,-0.043445296585559845,0.3859668970108032,0.6702724099159241,-0.01581452414393425,0.3904935419559479,0.6614128947257996,-0.037502847611904144,0.38586193323135376,0.6934764385223389,-0.036130864173173904,0.38020387291908264,0.7172050476074219,-0.028695136308670044,0.40190622210502625,0.6837038397789001,-0.019753560423851013,0.40475279092788696,0.67476886510849,-0.03306969627737999,0.3962070047855377,0.7002722024917603,-0.030157405883073807,0.3871009945869446,0.7206372618675232,-0.023698795586824417
0.37901610136032104,0.7703077793121338,2.5826759397773458e-08,0.3572950065135956,0.748401403427124,-0.01569376327097416,0.34936022758483887,0.7183691263198853,-0.025600945577025414,0.3643800616264343,0.6915940046310425,-0.0357394702732563,0.38081100583076477,0.6763524413108826,-0.04500201344490051,0.34898677468299866,0.6573927998542786,-0.012640049681067467,0.3510875701904297,0.6040647029876709,-0.02618427388370037,0.35626962780952454,0.5729668736457825,-0.03496084362268448,0.3608505129814148,0.5474225282669067,-0.040667369961738586,0.36897554993629456,0.6619784832000732,-0.013011647388339043,0.37632009387016296,0.6401698589324951,-0.03653104603290558,0.3761764466762543,0.6689998507499695,-0.04338763281702995,0.3728337585926056,0.6957192420959473,-0.04184504225850105,0.38733184337615967,0.6705599427223206,-0.015311379916965961,0.39222365617752075,0.6612792015075684,-0.03586466610431671,0.38781166076660156,0.6920304298400879,-0.034319374710321426,0.38166651129722595,0.7151744961738586,-0.027152827009558678,0.4031650722026825,0.6838740110397339,-0.019253740087151527,0.40655964612960815,0.6761890649795532,-0.031687360256910324,0.39789879322052,0.700612485408783,-0.028815163299441338,0.3881746232509613,0.7199909090995789,-0.02266230806708336
0.3791576027870178,0.7713667750358582,2.1730965471533636e-08,0.3572525382041931,0.7491217851638794,-0.01590031012892723,0.34944239258766174,0.7179955840110779,-0.025391114875674248,0.3641687333583832,0.6896618604660034,-0.035179611295461655,0.3791614770889282,0.673041045665741,-0.04427207633852959,0.3487570285797119,0.6576514840126038,-0.011423232033848763,0.3509001135826111,0.6046560406684875,-0.02491159737110138,0.35566264390945435,0.5734833478927612,-0.033777736127376556,0.36017099022865295,0.5478280782699585,-0.03952828794717789,0.36882612109184265,0.6633093357086182,-0.011620024219155312,0.37620919942855835,0.6408442854881287,-0.03582613915205002,0.37587249279022217,0.6720677018165588,-0.04280780628323555,0.3726889193058014,0.7007158398628235,-0.04093651473522186,0.38717222213745117,0.6727216839790344,-0.013846545480191708,0.392162948846817,0.6606172323226929,-0.035586167126894,0.38773640990257263,0.6937220096588135,-0.033903077244758606,0.38170361518859863,0.7187656164169312,-0.026088884100317955,0.40299952030181885,0.6867258548736572,-0.0176131222397089,0.40686798095703125,0.6744416356086731,-0.031154828146100044,0.3985947072505951,0.6998870372772217,-0.028035521507263184,0.3888087272644043,0.7209943532943726,-0.02130577340722084
0.3775046169757843,0.7711709141731262,2.7339519093061426e-08,0.35522034764289856,0.7488567233085632,-0.01621193066239357,0.3468736410140991,0.7179735898971558,-0.0260720644146204,0.3617536723613739,0.6899763941764832,-0.03618119657039642,0.3776514232158661,0.6743628978729248,-0.04551602900028229,0.3461648225784302,0.6572461128234863,-0.012408494018018246,0.3481261730194092,0.6039618849754333,-0.02627815119922161,0.35300737619400024,0.5726670026779175,-0.03530868515372276,0.35734301805496216,0.5466447472572327,-0.04114626720547676,0.36629518866539,0.6620370149612427,-0.012598092667758465,0.3738199472427368,0.6395957469940186,-0.03691405802965164,0.3732721507549286,0.6699474453926086,-0.04407050460577011,0.3695046007633209,0.697657585144043,-0.042385030537843704,0.3847701847553253,0.6708539128303528,-0.014796387404203415,0.39005139470100403,0.6602024435997009,-0.03636793792247772,0.3856324255466461,0.6922554969787598,-0.03493163362145424,0.3793013393878937,0.7163134813308716,-0.027386629953980446,0.40063220262527466,0.6845021843910217,-0.01861151121556759,0.40495312213897705,0.6743240356445312,-0.03179655596613884,0.39657270908355713,0.6990834474563599,-0.028870737180113792,0.38657766580581665,0.7192354202270508,-0.022379154339432716
0.37660080194473267,0.770037055015564,1.9436685150253652e-08,0.3542051613330841,0.7476046681404114,-0.0154500100761652,0.345400869846344,0.7164864540100098,-0.025070345029234886,0.35941410064697266,0.6884480714797974,-0.03509083390235901,0.3754747211933136,0.6729492545127869,-0.0443606860935688,0.3454013168811798,0.6561411619186401,-0.01201262604445219,0.3473622500896454,0.6025611758232117,-0.02594655193388462,0.352317750453949,0.571422278881073,-0.035057052969932556,0.35691073536872864,0.545433759689331,-0.04091262444853783,0.36553889513015747,0.6612833142280579,-0.01251326035708189,0.37303489446640015,0.6402283906936646,-0.03690728917717934,0.37219688296318054,0.6704553961753845,-0.04416729509830475,0.3686779737472534,0.6976157426834106,-0.04259466007351875,0.3840208351612091,0.6699744462966919,-0.01494911964982748,0.3891999423503876,0.6602986454963684,-0.03660018742084503,0.3846362233161926,0.6925941705703735,-0.035151053220033646,0.3786714971065521,0.7166953682899475,-0.02757832035422325,0.39991679787635803,0.6830089092254639,-0.018924079835414886,0.40332627296447754,0.673658549785614,-0.03209264576435089,0.39506515860557556,0.6990721821784973,-0.029037494212388992,0.3859199285507202,0.7194148898124695,-0.02241649478673935
0.37789297103881836,0.7695671916007996,2.615584371312707e-08,0.3554157316684723,0.7478005886077881,-0.016091901808977127,0.3467729389667511,0.7168323993682861,-0.025995157659053802,0.3614999055862427,0.6883797645568848,-0.03615536540746689,0.377653568983078,0.6724517345428467,-0.045550163835287094,0.34678807854652405,0.6560996770858765,-0.012697222642600536,0.34883564710617065,0.6023726463317871,-0.026908881962299347,0.35387423634529114,0.5706877708435059,-0.036139871925115585,0.3585565686225891,0.5445272326469421,-0.0420355498790741,0.3668568432331085,0.6610302329063416,-0.013003099709749222,0.3744141459465027,0.6387714743614197,-0.03813906013965607,0.3740047812461853,0.6690219640731812,-0.04560739919543266,0.37082672119140625,0.6969637870788574,-0.04383696988224983,0.3852683901786804,0.6695810556411743,-0.015281254425644875,0.3905397653579712,0.660304844379425,-0.03734508156776428,0.38626188039779663,0.6926544308662415,-0.035975128412246704,0.38036447763442993,0.7166874408721924,-0.028223352506756783,0.4012281000614166,0.6825259923934937,-0.01918083056807518,0.4044365882873535,0.6738637089729309,-0.03241917863488197,0.3961280882358551,0.6993183493614197,-0.029433179646730423,0.3868195116519928,0.7194738388061523,-0.022784309461712837
0.37806954979896545,0.7695204615592957,9.177645310387561e-09,0.355310320854187,0.7483260631561279,-0.015456371009349823,0.3464207351207733,0.7175815105438232,-0.025572964921593666,0.3615091145038605,0.6896538734436035,-0.036049969494342804,0.3776271939277649,0.6727558970451355,-0.04578012228012085,0.3472968637943268,0.6567700505256653,-0.013321761041879654,0.3496181070804596,0.6031864881515503,-0.02746812254190445,0.35510432720184326,0.5717542171478271,-0.036585330963134766,0.36013558506965637,0.5454187393188477,-0.042512889951467514,0.36750176548957825,0.6611722111701965,-0.013972297310829163,0.37469208240509033,0.6409822106361389,-0.03858160227537155,0.3740316331386566,0.6718443036079407,-0.045663196593523026,0.37086591124534607,0.699209988117218,-0.044091735035181046,0.38601040840148926,0.6696939468383789,-0.01650819554924965,0.39069002866744995,0.6604249477386475,-0.03804711252450943,0.38589227199554443,0.6926769614219666,-0.036278367042541504,0.3801041543483734,0.7165185213088989,-0.028739558532834053,0.4023556113243103,0.6827648878097534,-0.02062162756919861,0.4051678776741028,0.6737167239189148,-0.03371335566043854,0.3961260914802551,0.6987654566764832,-0.030707065016031265,0.3864831030368805,0.7188443541526794,-0.02431338094174862
0.3780101537704468,0.7698741555213928,2.1569195318704715e-09,0.3553740084171295,0.7484059929847717,-0.015065538696944714,0.34662798047065735,0.7171038389205933,-0.024762604385614395,0.3613321781158447,0.6892097592353821,-0.03484175354242325,0.3769935369491577,0.6729319095611572,-0.04422352463006973,0.3478640019893646,0.6557149887084961,-0.012726581655442715,0.3502998352050781,0.6025190949440002,-0.026571130380034447,0.35570472478866577,0.5712776184082031,-0.03560742363333702,0.36076244711875916,0.5449872612953186,-0.041510555893182755,0.36798742413520813,0.6600779891014099,-0.013364213518798351,0.37544792890548706,0.6416858434677124,-0.03773988038301468,0.3743654787540436,0.6733607649803162,-0.04488211125135422,0.3708597421646118,0.7010729312896729,-0.043343424797058105,0.3862646520137787,0.6686481237411499,-0.015827499330043793,0.39081913232803345,0.6611914038658142,-0.037114765495061874,0.3859417140483856,0.6933443546295166,-0.035500526428222656,0.3801102042198181,0.7169621586799622,-0.02808794192969799,0.40220776200294495,0.6816469430923462,-0.019823122769594193,0.40481117367744446,0.673420786857605,-0.03270285204052925,0.39606237411499023,0.6987823843955994,-0.029630335047841072,0.38684189319610596,0.7189278602600098,-0.023172767832875252
0.37805721163749695,0.7700847387313843,1.2971270280104363e-08,0.35532939434051514,0.7478047609329224,-0.01503603532910347,0.3467135429382324,0.7172237038612366,-0.024623187258839607,0.3619130551815033,0.6894681453704834,-0.0346321202814579,0.378147155046463,0.673669695854187,-0.04390329867601395,0.3477267026901245,0.6563448905944824,-0.01193363405764103,0.3500765562057495,0.6031939387321472,-0.02562643401324749,0.3554929792881012,0.571898341178894,-0.034649986773729324,0.3606306314468384,0.546195924282074,-0.04051221162080765,0.36793753504753113,0.6606498956680298,-0.012580047361552715,0.3754687011241913,0.6415094137191772,-0.03665405884385109,0.3749283254146576,0.6712215542793274,-0.04398798942565918,0.3717056214809418,0.6983982920646667,-0.042647670954465866,0.38639745116233826,0.6691319346427917,-0.015097844414412975,0.391358882188797,0.661419689655304,-0.036080408841371536,0.38668227195739746,0.692518413066864,-0.034837882965803146,0.3806478679180145,0.7161866426467896,-0.027742305770516396,0.4022861421108246,0.6822178959846497,-0.01918971538543701,0.4049549400806427,0.6755237579345703,-0.031919121742248535,0.3961530029773712,0.7001475691795349,-0.02921159565448761,0.3865874707698822,0.7200074195861816,-0.023044826462864876
0.37858283519744873,0.7705364227294922,2.123117148755682e-08,0.3559543788433075,0.7485572695732117,-0.01601000502705574,0.3476150631904602,0.7183712720870972,-0.026169007644057274,0.36321261525154114,0.6904339790344238,-0.03657836467027664,0.37951910495758057,0.6736655831336975,-0.04616212472319603,0.34813883900642395,0.6570294499397278,-0.013066554442048073,0.3509012758731842,0.6031550765037537,-0.027195094153285027,0.3566417694091797,0.5717175006866455,-0.03644688427448273,0.361850380897522,0.5457722544670105,-0.042438991367816925,0.36841604113578796,0.6618607044219971,-0.013355392962694168,0.3754507303237915,0.6407093405723572,-0.03759080544114113,0.3751288652420044,0.6705976128578186,-0.04482947289943695,0.3719290792942047,0.6976944804191589,-0.04345298931002617,0.3870367705821991,0.6706551313400269,-0.01559792086482048,0.3917945921421051,0.6604976654052734,-0.03690897673368454,0.38716834783554077,0.6921271681785583,-0.035286013036966324,0.38094544410705566,0.715958297252655,-0.02788977511227131,0.40306878089904785,0.6841970086097717,-0.01948016695678234,0.40654104948043823,0.6743728518486023,-0.03258218243718147,0.39758065342903137,0.6990501284599304,-0.029635939747095108,0.38735634088516235,0.7192440032958984,-0.023247241973876953
0.3782895803451538,0.7696128487586975,1.5980416989691548e-08,0.35667112469673157,0.748040497303009,-0.015679391101002693,0.34849613904953003,0.7171462178230286,-0.025603627786040306,0.3625745475292206,0.6893372535705566,-0.03585590422153473,0.37801170349121094,0.673100471496582,-0.04533272981643677,0.34731024503707886,0.6564247012138367,-0.012768648564815521,0.35038548707962036,0.6026380658149719,-0.02701282501220703,0.356027752161026,0.5715432167053223,-0.03644457459449768,0.3609573245048523,0.5454549789428711,-0.04251093044877052,0.3674543499946594,0.6614229679107666,-0.01319625973701477,0.3748343586921692,0.6410130262374878,-0.037816122174263,0.37400445342063904,0.6721509695053101,-0.04520749673247337,0.370366632938385,0.6988446712493896,-0.043798208236694336,0.3860738277435303,0.6697783470153809,-0.015512173064053059,0.39111489057540894,0.6588820815086365,-0.037164099514484406,0.3866349160671234,0.6917863488197327,-0.03517259657382965,0.3806082606315613,0.7156141996383667,-0.027319002896547318,0.4021531939506531,0.6824307441711426,-0.019394204020500183,0.4058167040348053,0.6715590953826904,-0.03230086714029312,0.3977317810058594,0.6970113515853882,-0.028610600158572197,0.38874807953834534,0.7172119617462158,-0.021573176607489586
0.3783133327960968,0.7692898511886597,2.1444094500111532e-08,0.35643842816352844,0.7478722929954529,-0.016077661886811256,0.3479691743850708,0.7171205878257751,-0.026275530457496643,0.3629077672958374,0.6898402571678162,-0.0367138497531414,0.37931573390960693,0.6742590069770813,-0.046381380409002304,0.3477424085140228,0.6560037136077881,-0.01345742866396904,0.35051584243774414,0.6021116971969604,-0.027505598962306976,0.3561134338378906,0.5708460807800293,-0.0365707203745842,0.361022025346756,0.5450124144554138,-0.04244080185890198,0.36804696917533875,0.660912811756134,-0.013837562873959541,0.3750748634338379,0.640011727809906,-0.038110848516225815,0.3745209574699402,0.6706401705741882,-0.04514811560511589,0.3714216351509094,0.6974104046821594,-0.04361024498939514,0.3867747485637665,0.6699472069740295,-0.01615588739514351,0.39098799228668213,0.6593874096870422,-0.03777853026986122,0.38656795024871826,0.6914671659469604,-0.03599341958761215,0.38099104166030884,0.7148990035057068,-0.028369149193167686,0.40303951501846313,0.6835635900497437,-0.020061593502759933,0.4061394929885864,0.6720731854438782,-0.033280517905950546,0.39776426553726196,0.6968790888786316,-0.029940156266093254,0.38865941762924194,0.7169580459594727,-0.023215018212795258
0.37969255447387695,0.7692140936851501,1.5692661392563423e-08,0.3589898645877838,0.7471429109573364,-0.016466105356812477,0.35189300775527954,0.7156481146812439,-0.026462581008672714,0.36578989028930664,0.6876692175865173,-0.03653811290860176,0.3806692361831665,0.6707211136817932,-0.04570278525352478,0.34914183616638184,0.656051754951477,-0.013617832213640213,0.3515181243419647,0.6022508144378662,-0.027787931263446808,0.3568042814731598,0.5709646940231323,-0.03681470453739166,0.36130863428115845,0.5449215173721313,-0.042446620762348175,0.3690628409385681,0.6611935496330261,-0.013512736186385155,0.37678685784339905,0.6392328143119812,-0.03844817727804184,0.37699660658836365,0.6717109680175781,-0.04549406096339226,0.37374812364578247,0.6995322108268738,-0.04342927783727646,0.38767707347869873,0.6695860028266907,-0.015304755419492722,0.39275696873664856,0.6587485671043396,-0.037254028022289276,0.38878312706947327,0.6921500563621521,-0.03512446582317352,0.3828110098838806,0.7159550189971924,-0.02682219073176384,0.4038957953453064,0.6821323037147522,-0.018667908385396004,0.4081900119781494,0.6702256202697754,-0.031386107206344604,0.40052783489227295,0.6946994066238403,-0.02745109423995018,0.39127790927886963,0.7139832377433777,-0.020122354850172997
0.37478774785995483,0.7663581371307373,1.4764120592758445e-08,0.35279470682144165,0.7450824975967407,-0.015123464167118073,0.3444019556045532,0.7145839333534241,-0.02501915954053402,0.3586500883102417,0.6874613761901855,-0.035280611366033554,0.3735126256942749,0.6723619103431702,-0.044771868735551834,0.3447946608066559,0.6528699994087219,-0.013557622209191322,0.34670692682266235,0.5990674495697021,-0.02792569436132908,0.35170865058898926,0.5675867199897766,-0.0374409519135952,0.3564762473106384,0.5411466360092163,-0.043647944927215576,0.3651183843612671,0.6586340069770813,-0.01426447369158268,0.37279030680656433,0.6368672251701355,-0.038521409034729004,0.37136054039001465,0.668573260307312,-0.04548660293221474,0.3671204149723053,0.695512056350708,-0.04406969994306564,0.3834955096244812,0.6676666140556335,-0.016791360452771187,0.3889617919921875,0.6556910276412964,-0.037832796573638916,0.3835483193397522,0.6881244778633118,-0.035534895956516266,0.37700530886650085,0.7117429375648499,-0.02779274806380272,0.3994293808937073,0.6805317401885986,-0.020857378840446472,0.4040800929069519,0.6682899594306946,-0.033150240778923035,0.39572495222091675,0.6921276450157166,-0.029444783926010132,0.38634365797042847,0.7111577391624451,-0.02269408293068409
0.37591609358787537,0.7707534432411194,1.6930547630522597e-08,0.353319376707077,0.7512136697769165,-0.015050320886075497,0.3439284861087799,0.7214853167533875,-0.024911826476454735,0.3586580753326416,0.6943535804748535,-0.035056255757808685,0.37470608949661255,0.6789251565933228,-0.04450218752026558,0.3449520468711853,0.658342182636261,-0.014025803655385971,0.34659987688064575,0.6045814156532288,-0.02752680703997612,0.3514671325683594,0.5728512406349182,-0.036236125975847244,0.3559131324291229,0.5465320348739624,-0.04184383153915405,0.36537614464759827,0.6633763313293457,-0.014717945829033852,0.3724624812602997,0.6400948166847229,-0.03802035003900528,0.3722243010997772,0.668992817401886,-0.04492627829313278,0.3689603805541992,0.6965553164482117,-0.043458178639411926,0.3840639293193817,0.6721684336662292,-0.017070677131414413,0.38802072405815125,0.6628669500350952,-0.03767518699169159,0.3838995099067688,0.6945448517799377,-0.036158669739961624,0.37863901257514954,0.7186581492424011,-0.028865819796919823,0.40046045184135437,0.6849851012229919,-0.020904764533042908,0.4026047885417938,0.6736205816268921,-0.03310583904385567,0.3947391211986542,0.6982564330101013,-0.029623504728078842,0.38626769185066223,0.7190640568733215,-0.02300470508635044
0.3752013146877289,0.767855703830719,1.4626535538297958e-08,0.3525349199771881,0.747813880443573,-0.014899207279086113,0.34392884373664856,0.716056227684021,-0.02435695193707943,0.3585022985935211,0.6880994439125061,-0.03430493175983429,0.37285616993904114,0.6725717782974243,-0.043659988790750504,0.34372419118881226,0.6554287075996399,-0.012127750553190708,0.3457241952419281,0.6011747717857361,-0.026044148951768875,0.35074231028556824,0.5692490935325623,-0.035250354558229446,0.3553893566131592,0.5429885983467102,-0.04118078202009201,0.3641698658466339,0.6606448888778687,-0.012940958142280579,0.3714026212692261,0.6414672136306763,-0.03790702298283577,0.37079569697380066,0.6742645502090454,-0.04519455507397652,0.3672837018966675,0.7024630308151245,-0.04356079548597336,0.3829285204410553,0.66923588514328,-0.015577460639178753,0.38750767707824707,0.6587240695953369,-0.03745080158114433,0.38320067524909973,0.6923626661300659,-0.035335175693035126,0.37729036808013916,0.7169913053512573,-0.02732868678867817,0.39939820766448975,0.6817153096199036,-0.019663425162434578,0.4021776616573334,0.6701952219009399,-0.03266526386141777,0.3947342038154602,0.6962342858314514,-0.028708551079034805,0.386483758687973,0.7171897292137146,-0.02143121138215065
0.37434887886047363,0.7632284164428711,1.85092545734733e-08,0.3511127531528473,0.7428299188613892,-0.015620957128703594,0.34182989597320557,0.7117729783058167,-0.025637919083237648,0.3576872646808624,0.6838735938072205,-0.03598867729306221,0.373683899641037,0.6669604182243347,-0.04555971175432205,0.3426325023174286,0.6515893936157227,-0.013301020488142967,0.34424203634262085,0.5978025197982788,-0.02713102102279663,0.3488220274448395,0.5656143426895142,-0.035971179604530334,0.35283195972442627,0.5388667583465576,-0.04179192706942558,0.36323103308677673,0.6561917066574097,-0.01383430790156126,0.3700699210166931,0.638185441493988,-0.03845725208520889,0.3701635003089905,0.6706414222717285,-0.04529103636741638,0.3673175275325775,0.6982345581054688,-0.04366813600063324,0.3819858431816101,0.6652984619140625,-0.0162886343896389,0.3869423270225525,0.6556564569473267,-0.03829868137836456,0.38261809945106506,0.6881725192070007,-0.03648244962096214,0.37665849924087524,0.7123971581459045,-0.028867820277810097,0.39826062321662903,0.6786117553710938,-0.02023056335747242,0.4017235338687897,0.6667129993438721,-0.033684149384498596,0.3936738073825836,0.6907447576522827,-0.030523749068379402,0.3843231201171875,0.7111760377883911,-0.023986797779798508
0.3757949769496918,0.7601298689842224,2.2704794488959124e-08,0.3523145020008087,0.740366518497467,-0.015394006855785847,0.3428763151168823,0.7093204259872437,-0.025272877886891365,0.358214795589447,0.6804832220077515,-0.03547346964478493,0.37375327944755554,0.6627634167671204,-0.0450015515089035,0.3439393937587738,0.6490190029144287,-0.013393297791481018,0.34547263383865356,0.5948770046234131,-0.027422212064266205,0.3500412404537201,0.5625216960906982,-0.03633907064795494,0.3543566167354584,0.5355416536331177,-0.042089615017175674,0.36450472474098206,0.6532147526741028,-0.013948709703981876,0.3718627989292145,0.6342393159866333,-0.038975127041339874,0.3718351125717163,0.6667062044143677,-0.0460219606757164,0.36886799335479736,0.6949802041053772,-0.04421070218086243,0.3831659257411957,0.6617926359176636,-0.016342002898454666,0.3883835971355438,0.653663694858551,-0.0386909544467926,0.38419321179389954,0.6867639422416687,-0.03698902577161789,0.3782791495323181,0.711384654045105,-0.029143091291189194,0.39944976568222046,0.6744006276130676,-0.020170729607343674,0.40283527970314026,0.6638969779014587,-0.03386353328824043,0.39534837007522583,0.6891453266143799,-0.03066674992442131,0.38650429248809814,0.7101806998252869,-0.023861350491642952
0.37479168176651,0.7582839727401733,1.1731202675946406e-08,0.351997971534729,0.7381280660629272,-0.015219091437757015,0.3429696261882782,0.7063714861869812,-0.02485480345785618,0.3581172227859497,0.6778293251991272,-0.03488798439502716,0.3734935224056244,0.6602475047111511,-0.044310472905635834,0.34363797307014465,0.6472393274307251,-0.012773080728948116,0.34506115317344666,0.5932726860046387,-0.026583774015307426,0.34976905584335327,0.5610846877098083,-0.03551386669278145,0.3541472554206848,0.5342177152633667,-0.0413229800760746,0.3640526235103607,0.6517952084541321,-0.013498876243829727,0.3701300024986267,0.6311942934989929,-0.03797270730137825,0.36976417899131775,0.6628584265708923,-0.04508219286799431,0.36693862080574036,0.6902517080307007,-0.04352187737822533,0.38279879093170166,0.6606821417808533,-0.016054606065154076,0.38686034083366394,0.6493964195251465,-0.03794417530298233,0.38239580392837524,0.6823753714561462,-0.03608759120106697,0.37690532207489014,0.7067068815231323,-0.028287086635828018,0.39923444390296936,0.6737188696861267,-0.02005705051124096,0.4019610583782196,0.6594383716583252,-0.033381387591362,0.3938693702220917,0.6840963959693909,-0.029867110773921013,0.38523080945014954,0.705127477645874,-0.022992700338363647
0.37834298610687256,0.7607214450836182,1.2772074953204537e-08,0.356309711933136,0.7380831837654114,-0.01475232932716608,0.3488323390483856,0.7057139873504639,-0.023717306554317474,0.3641718327999115,0.677365779876709,-0.03325393795967102,0.3802562355995178,0.6608542799949646,-0.04213709384202957,0.34787189960479736,0.6477643847465515,-0.010461978614330292,0.34977781772613525,0.5943590998649597,-0.023665498942136765,0.3547469973564148,0.5629650354385376,-0.0323491171002388,0.3592988848686218,0.5373695492744446,-0.03787644952535629,0.3679335117340088,0.653529942035675,-0.011182687245309353,0.3751363158226013,0.6309108138084412,-0.03485972434282303,0.37486621737480164,0.6604738831520081,-0.04220176860690117,0.3719120919704437,0.6875269412994385,-0.04072820022702217,0.38652926683425903,0.6628953814506531,-0.013761232607066631,0.39059722423553467,0.6500006318092346,-0.03487721458077431,0.3862677216529846,0.6816273331642151,-0.03339945152401924,0.3810754120349884,0.7055509090423584,-0.025810640305280685,0.4027378559112549,0.6765808463096619,-0.017794301733374596,0.4057597219944,0.6627627015113831,-0.03038605861365795,0.3978433609008789,0.6859534382820129,-0.026883278042078018,0.3892671763896942,0.7057898044586182,-0.01997501403093338
0.3816690146923065,0.7542664408683777,1.2411756067365332e-08,0.361786425113678,0.7307814955711365,-0.015457134693861008,0.3565467596054077,0.6978573799133301,-0.024265429005026817,0.3714599609375,0.6707544326782227,-0.0334499217569828,0.38625431060791016,0.6549865007400513,-0.04190295189619064,0.3530708849430084,0.6422618627548218,-0.01043639611452818,0.35521334409713745,0.5902689695358276,-0.02369491383433342,0.3600974678993225,0.5591058731079102,-0.032174400985240936,0.36473414301872253,0.5338968634605408,-0.03740004077553749,0.3729636073112488,0.648067057132721,-0.0107128219678998,0.38247689604759216,0.6273753046989441,-0.03516022115945816,0.38236284255981445,0.658158540725708,-0.042385950684547424,0.37909629940986633,0.6852542757987976,-0.04029146581888199,0.3912512958049774,0.657802939414978,-0.012928258627653122,0.3970496952533722,0.6481850147247314,-0.03436993807554245,0.39255595207214355,0.6788394451141357,-0.032819412648677826,0.38671374320983887,0.7009196877479553,-0.024816591292619705,0.406931608915329,0.6716397404670715,-0.016647305339574814,0.41084736585617065,0.6608944535255432,-0.02873380109667778,0.4031701982021332,0.6833401918411255,-0.02492029033601284,0.3947395384311676,0.701397716999054,-0.017680663615465164
0.3852636218070984,0.7625324130058289,1.0413876871950833e-08,0.36421462893486023,0.7401559948921204,-0.016653789207339287,0.3581339716911316,0.7072538733482361,-0.02571980655193329,0.37358346581459045,0.6781086921691895,-0.03474365174770355,0.387355774641037,0.6591030359268188,-0.042962752282619476,0.3552128076553345,0.6485124230384827,-0.011066700331866741,0.358028769493103,0.5972060561180115,-0.0240517258644104,0.36315664649009705,0.5660160779953003,-0.032586924731731415,0.3680407404899597,0.5405195951461792,-0.038029782474040985,0.375359445810318,0.6546705365180969,-0.010540463961660862,0.3853638768196106,0.6346443295478821,-0.03415042534470558,0.38524147868156433,0.6663225293159485,-0.04099259525537491,0.38226333260536194,0.6937506198883057,-0.039015285670757294,0.3936367928981781,0.6650228500366211,-0.0120842969045043,0.39989617466926575,0.6546682715415955,-0.03320252522826195,0.39517679810523987,0.6860430836677551,-0.03148895502090454,0.38937675952911377,0.7082825899124146,-0.023668687790632248,0.4091648459434509,0.6794487237930298,-0.015187717042863369,0.41312193870544434,0.6675828695297241,-0.02761244773864746,0.4055463671684265,0.6902450919151306,-0.024029366672039032,0.3969852328300476,0.7082329988479614,-0.017033502459526062
0.3843999207019806,0.7655410766601562,1.9804081929919448e-08,0.36413827538490295,0.7432344555854797,-0.01747741363942623,0.3574386537075043,0.7104434967041016,-0.02715456858277321,0.3727837800979614,0.6813539266586304,-0.03677697479724884,0.38809674978256226,0.6627605557441711,-0.04550394043326378,0.3540293872356415,0.650378942489624,-0.012139473110437393,0.3566361367702484,0.59760582447052,-0.025520363822579384,0.3616279065608978,0.5660030841827393,-0.03419167175889015,0.3662285804748535,0.5404613018035889,-0.03969147056341171,0.37425142526626587,0.6557117104530334,-0.011369082145392895,0.3841124475002289,0.6366714239120483,-0.03564363345503807,0.38431766629219055,0.6672980785369873,-0.04297127202153206,0.3812469244003296,0.6939857602119446,-0.04123714938759804,0.3926743268966675,0.6654353141784668,-0.012714318931102753,0.3988434672355652,0.6568214893341064,-0.03431463986635208,0.39450427889823914,0.6880831718444824,-0.03295871987938881,0.38874363899230957,0.7103675603866577,-0.02530498430132866,0.40806692838668823,0.6799468398094177,-0.015744948759675026,0.41281190514564514,0.6697670221328735,-0.028903555124998093,0.40475836396217346,0.6932226419448853,-0.025878092274069786,0.39546847343444824,0.7118576169013977,-0.019126106053590775
0.38743826746940613,0.7650909423828125,2.419324296454306e-08,0.3682880699634552,0.7411123514175415,-0.016675883904099464,0.3629365861415863,0.7097660899162292,-0.02599005214869976,0.376537948846817,0.68244469165802,-0.035436153411865234,0.39030203223228455,0.6654638051986694,-0.0439094714820385,0.3582708537578583,0.651000440120697,-0.011672195047140121,0.35995280742645264,0.5982303023338318,-0.02496274746954441,0.3641049861907959,0.5673031806945801,-0.03339042514562607,0.36803263425827026,0.5417619943618774,-0.03852375969290733,0.37801679968833923,0.657595694065094,-0.01115039736032486,0.3858356475830078,0.6346142888069153,-0.034836020320653915,0.38556036353111267,0.6632364988327026,-0.04230774566531181,0.38220536708831787,0.6887821555137634,-0.04072583466768265,0.3960459232330322,0.6674352288246155,-0.012604137882590294,0.40144094824790955,0.6568544507026672,-0.0342184342443943,0.3974335193634033,0.6876803040504456,-0.033350687474012375,0.3917134702205658,0.7103607058525085,-0.02575678378343582,0.4111297130584717,0.6813361048698425,-0.01558745838701725,0.4165630042552948,0.6676766872406006,-0.028359636664390564,0.4092375934123993,0.6901410818099976,-0.025174209848046303,0.4002896547317505,0.7093873023986816,-0.018266398459672928
0.4070948362350464,0.78429114818573,1.4853886121102278e-08,0.3882823884487152,0.7586372494697571,-0.015969177708029747,0.3832651674747467,0.7256891131401062,-0.024878162890672684,0.39786097407341003,0.6981344223022461,-0.033926356583833694,0.41185641288757324,0.6803713440895081,-0.04189612716436386,0.3804270029067993,0.6697690486907959,-0.01084982231259346,0.3827959895133972,0.6183981895446777,-0.023549459874629974,0.387703537940979,0.5875740051269531,-0.03138880431652069,0.39219072461128235,0.5614472031593323,-0.036357007920742035,0.39917734265327454,0.6759902238845825,-0.010727334767580032,0.4093639850616455,0.653938353061676,-0.033699728548526764,0.407791405916214,0.684084415435791,-0.040457095950841904,0.4029884338378906,0.7103275060653687,-0.038664788007736206,0.41637152433395386,0.6865120530128479,-0.012658722698688507,0.42352235317230225,0.6753504276275635,-0.033530499786138535,0.4182893633842468,0.7045830488204956,-0.03249990567564964,0.4119316637516022,0.7255674600601196,-0.02528560161590576,0.43082645535469055,0.7010294795036316,-0.016095537692308426,0.4368957579135895,0.6866427659988403,-0.02843957021832466,0.42900538444519043,0.7065920829772949,-0.02566046454012394,0.41975006461143494,0.7237362265586853,-0.019480571150779724
0.3978172838687897,0.787712037563324,1.8695558878789598e-08,0.37679144740104675,0.7626638412475586,-0.01679771952331066,0.37053921818733215,0.7297621369361877,-0.02598259225487709,0.38539254665374756,0.6997548937797546,-0.035362306982278824,0.3998968303203583,0.6817386150360107,-0.04375424608588219,0.36726078391075134,0.6722480058670044,-0.010484937578439713,0.36795344948768616,0.6198280453681946,-0.023603269830346107,0.37136539816856384,0.5885833501815796,-0.03165797144174576,0.37528905272483826,0.5626611709594727,-0.036632608622312546,0.3872268795967102,0.6780068874359131,-0.010074671357870102,0.3957279920578003,0.6533928513526917,-0.03434280306100845,0.39522311091423035,0.685069739818573,-0.04095996916294098,0.392724871635437,0.7133356928825378,-0.038372769951820374,0.40549537539482117,0.6879032254219055,-0.011935530230402946,0.411342054605484,0.6758723855018616,-0.03385080769658089,0.4068757891654968,0.7071709632873535,-0.032549578696489334,0.4014776647090912,0.7301939129829407,-0.024472126737236977,0.42089158296585083,0.7021081447601318,-0.015406034886837006,0.4269151985645294,0.6855785846710205,-0.02797914482653141,0.41869989037513733,0.7063836455345154,-0.02494022622704506,0.40878233313560486,0.7247503995895386,-0.018291622400283813
0.3921167850494385,0.7848204970359802,1.5747305681657053e-08,0.3705199956893921,0.7608347535133362,-0.0159506443887949,0.3633959889411926,0.7287698984146118,-0.02511908859014511,0.3776528835296631,0.6992323994636536,-0.03458322212100029,0.3908287584781647,0.6807615756988525,-0.043185874819755554,0.3614829182624817,0.6705866456031799,-0.011083375662565231,0.36203402280807495,0.6177765727043152,-0.024551883339881897,0.3657679259777069,0.5866274237632751,-0.03300686180591583,0.3699195981025696,0.5606345534324646,-0.03834165632724762,0.38181403279304504,0.6768695116043091,-0.011132786981761456,0.3897186517715454,0.6530336737632751,-0.03546764329075813,0.3889336884021759,0.685519278049469,-0.04206741601228714,0.38644319772720337,0.7137246131896973,-0.03982723131775856,0.4000069200992584,0.6870320439338684,-0.01335238479077816,0.4056502878665924,0.673378586769104,-0.035339996218681335,0.40085211396217346,0.7051786780357361,-0.03377027437090874,0.39548859000205994,0.7287338972091675,-0.02582602947950363,0.41544124484062195,0.7013427019119263,-0.01706915721297264,0.4207833707332611,0.6838973760604858,-0.030095135793089867,0.4127034544944763,0.7057852149009705,-0.02702951990067959,0.4033638834953308,0.7249132990837097,-0.020442182198166847
0.37904372811317444,0.7735975980758667,9.612528550917432e-09,0.35696589946746826,0.7506475448608398,-0.013167729601264,0.349033921957016,0.7176133394241333,-0.02176397480070591,0.3620050847530365,0.6894517540931702,-0.03112223744392395,0.375186949968338,0.6732637286186218,-0.03978479281067848,0.346645325422287,0.6602640151977539,-0.01010778546333313,0.3476840555667877,0.608986496925354,-0.022903921082615852,0.3514600694179535,0.5777087211608887,-0.03100651688873768,0.35543209314346313,0.5518553853034973,-0.03612687066197395,0.3665301501750946,0.6654768586158752,-0.011587307788431644,0.3758505880832672,0.6443182826042175,-0.03440159559249878,0.37390413880348206,0.6753605604171753,-0.04041152074933052,0.36978840827941895,0.7022074460983276,-0.038215670734643936,0.38482582569122314,0.6747364401817322,-0.014874090440571308,0.39027538895606995,0.6650810837745667,-0.034381967037916183,0.385099321603775,0.6947591304779053,-0.032009925693273544,0.3795246481895447,0.7158725261688232,-0.02432716079056263,0.4013665020465851,0.6881987452507019,-0.019544173032045364,0.40541818737983704,0.6752169728279114,-0.02970189042389393,0.3977852463722229,0.6956119537353516,-0.02541019208729267,0.3895914852619171,0.7121427655220032,-0.018577702343463898
0.3601700961589813,0.7498026490211487,2.0441444092966776e-09,0.33789730072021484,0.7280460596084595,-0.014263355173170567,0.32919785380363464,0.6961466073989868,-0.0233488567173481,0.3438481390476227,0.6677498817443848,-0.03311648592352867,0.3590382933616638,0.6505894064903259,-0.04232526198029518,0.3301326036453247,0.6368447542190552,-0.011471825651824474,0.3310859203338623,0.5831942558288574,-0.02486998215317726,0.3348945081233978,0.5515156984329224,-0.03351577743887901,0.3388679027557373,0.5251300930976868,-0.03913984075188637,0.35048046708106995,0.6427565217018127,-0.012707408517599106,0.3577396273612976,0.6207262277603149,-0.03652359917759895,0.35566407442092896,0.6509941816329956,-0.04360520467162132,0.3516945242881775,0.678647518157959,-0.04215846583247185,0.3692016303539276,0.6527760624885559,-0.015729783102869987,0.37324631214141846,0.6409101486206055,-0.037285901606082916,0.3677549660205841,0.6733317375183105,-0.03546757623553276,0.3620557188987732,0.6974970698356628,-0.027759036049246788,0.38536909222602844,0.6672355532646179,-0.020118024200201035,0.38848912715911865,0.6518105268478394,-0.03310253843665123,0.3797868490219116,0.676079511642456,-0.029322953894734383,0.3708973228931427,0.6969540119171143,-0.02234448865056038
0.36460065841674805,0.7456979155540466,9.903323494597771e-09,0.34348398447036743,0.7220678925514221,-0.0147660868242383,0.3363896906375885,0.6893797516822815,-0.022968141362071037,0.3496130108833313,0.6597673892974854,-0.03169660270214081,0.3625495135784149,0.6414408087730408,-0.039713673293590546,0.33411669731140137,0.634178102016449,-0.009413418360054493,0.33350950479507446,0.5819733738899231,-0.021842926740646362,0.3360159397125244,0.5507233142852783,-0.02958095073699951,0.3390168249607086,0.5254648923873901,-0.03434445336461067,0.35389265418052673,0.6401586532592773,-0.010049287229776382,0.36130356788635254,0.6137362122535706,-0.03377605229616165,0.36082538962364197,0.6425216197967529,-0.041048258543014526,0.3579231798648834,0.6710463762283325,-0.03905442729592323,0.37223681807518005,0.6499128937721252,-0.012593538500368595,0.37692731618881226,0.6368944644927979,-0.034405022859573364,0.37282830476760864,0.667762815952301,-0.03367333486676216,0.3676620125770569,0.6917076706886292,-0.02602844312787056,0.387798935174942,0.6636354327201843,-0.016463443636894226,0.3922312259674072,0.6469167470932007,-0.029202064499258995,0.3848366141319275,0.6683910489082336,-0.026050735265016556,0.3762926757335663,0.6881126165390015,-0.019319534301757812
0.3651016652584076,0.7401958107948303,1.7799456131228908e-08,0.3448863923549652,0.7161716222763062,-0.01503087766468525,0.33832478523254395,0.6841713190078735,-0.02337442710995674,0.3511132001876831,0.6550948619842529,-0.03218945115804672,0.3638384938240051,0.6363989114761353,-0.04009949043393135,0.33477404713630676,0.6277696490287781,-0.008933724835515022,0.33461156487464905,0.5771034359931946,-0.021249542012810707,0.3374671936035156,0.5471669435501099,-0.028794093057513237,0.3408166468143463,0.5226579308509827,-0.03330514207482338,0.35445791482925415,0.6341201663017273,-0.009483285248279572,0.36192071437835693,0.6089212894439697,-0.03293362632393837,0.36101529002189636,0.6380029916763306,-0.039922088384628296,0.3579707443714142,0.6655038595199585,-0.03767348453402519,0.3728158473968506,0.6441563963890076,-0.012068548239767551,0.3772216737270355,0.632837176322937,-0.03354562446475029,0.3732394874095917,0.6633384227752686,-0.032671499997377396,0.3684951663017273,0.6857439875602722,-0.02487081289291382,0.38848596811294556,0.6578865647315979,-0.016016053035855293,0.3929506242275238,0.6410186290740967,-0.027956219390034676,0.3859940767288208,0.661777138710022,-0.024428822100162506,0.37827643752098083,0.6798136830329895,-0.01747732423245907
0.3598648011684418,0.7325831651687622,1.427685614174834e-08,0.34209415316581726,0.7094891667366028,-0.016020145267248154,0.3370966613292694,0.677165150642395,-0.024356432259082794,0.35011956095695496,0.649770200252533,-0.032825734466314316,0.3628917336463928,0.6328187584877014,-0.040438372641801834,0.3295242190361023,0.6227218508720398,-0.009987442754209042,0.3294346034526825,0.5720110535621643,-0.022435639053583145,0.33150288462638855,0.5411014556884766,-0.030416730791330338,0.3337578773498535,0.5162793397903442,-0.03534736856818199,0.34886208176612854,0.628919780254364,-0.009650882333517075,0.3581026792526245,0.6066808700561523,-0.03288465738296509,0.3584704101085663,0.6355041265487671,-0.039917293936014175,0.35585492849349976,0.6618318557739258,-0.03799326345324516,0.3668360710144043,0.6385868191719055,-0.011304982006549835,0.3730749487876892,0.6265755295753479,-0.03231223300099373,0.3691332936286926,0.6566553115844727,-0.030926931649446487,0.36409851908683777,0.6785304546356201,-0.02311614528298378,0.38171297311782837,0.6522514820098877,-0.014457265846431255,0.3868139982223511,0.6384420394897461,-0.02660415880382061,0.37993124127388,0.660243034362793,-0.022947780787944794,0.3725024461746216,0.6782053709030151,-0.015888787806034088
0.3688514232635498,0.7311668992042542,2.214572880632204e-08,0.3500936031341553,0.7060873508453369,-0.01669202744960785,0.3437579572200775,0.6726844310760498,-0.024008825421333313,0.3561992347240448,0.6424458622932434,-0.031225129961967468,0.36889636516571045,0.6220059990882874,-0.03748728334903717,0.3333079218864441,0.6222651600837708,-0.0067064594477415085,0.3328881859779358,0.5742092728614807,-0.01767553761601448,0.334275484085083,0.5449227690696716,-0.024587810039520264,0.3361695408821106,0.5211844444274902,-0.028946014121174812,0.3534797430038452,0.6280348896980286,-0.005708484910428524,0.3609684407711029,0.6002936959266663,-0.027690140530467033,0.36054176092147827,0.6286045908927917,-0.03432291001081467,0.35860180854797363,0.6559149622917175,-0.03198441118001938,0.372208833694458,0.6376474499702454,-0.00706055760383606,0.3774290084838867,0.6229930520057678,-0.028056906536221504,0.37371203303337097,0.6524002552032471,-0.027655664831399918,0.3696712851524353,0.6742666363716125,-0.02024545706808567,0.3873782753944397,0.6516837477684021,-0.009898343123495579,0.3915709853172302,0.6329753398895264,-0.022618889808654785,0.38530126214027405,0.6538306474685669,-0.020023131743073463,0.3785393238067627,0.6723198890686035,-0.013715246692299843
0.3687555491924286,0.730701744556427,1.6648140643837905e-08,0.34702885150909424,0.7066071033477783,-0.01339187566190958,0.33808159828186035,0.6728368401527405,-0.020313825458288193,0.3491594195365906,0.6415679454803467,-0.027806272730231285,0.36190301179885864,0.6215283274650574,-0.034584470093250275,0.3326507806777954,0.6265844702720642,-0.007062786724418402,0.32939842343330383,0.577202558517456,-0.018792418763041496,0.3301340639591217,0.547105610370636,-0.025876803323626518,0.3317549526691437,0.5225703716278076,-0.030158495530486107,0.3524042069911957,0.6308535933494568,-0.00820119772106409,0.358407199382782,0.5999191999435425,-0.031501129269599915,0.3587481677532196,0.62872314453125,-0.03831401839852333,0.3572044372558594,0.6582322716712952,-0.03574413061141968,0.3710154891014099,0.6393707394599915,-0.01120371650904417,0.37509584426879883,0.6236039400100708,-0.03305649384856224,0.37226787209510803,0.6534884572029114,-0.03223966062068939,0.3686114549636841,0.6772946119308472,-0.02418777346611023,0.38677161931991577,0.6523741483688354,-0.015353137627243996,0.3902590572834015,0.6321751475334167,-0.02781481295824051,0.3850833773612976,0.6522343754768372,-0.02421189472079277,0.3792861998081207,0.6720090508460999,-0.01711161807179451
0.36966755986213684,0.7299717664718628,7.435018378743052e-09,0.34736549854278564,0.7065169811248779,-0.013082430697977543,0.3380569815635681,0.6723483204841614,-0.020024357363581657,0.3496071696281433,0.6409690976142883,-0.027638860046863556,0.36293190717697144,0.6211310625076294,-0.03450554236769676,0.33375754952430725,0.6255484223365784,-0.006991935428231955,0.3307914435863495,0.5754566788673401,-0.018837925046682358,0.33190375566482544,0.5454579591751099,-0.026026679202914238,0.33379626274108887,0.5207167267799377,-0.030391214415431023,0.3535345792770386,0.6296099424362183,-0.008281762711703777,0.3590281009674072,0.5993569493293762,-0.03199814260005951,0.35905298590660095,0.6292039155960083,-0.039001766592264175,0.3572952449321747,0.6591499447822571,-0.03648500144481659,0.37214815616607666,0.637458860874176,-0.011401737108826637,0.3756621778011322,0.6219924688339233,-0.033487118780612946,0.37268292903900146,0.6530989408493042,-0.032601967453956604,0.36901453137397766,0.6776682138442993,-0.024409636855125427,0.38807159662246704,0.6494858264923096,-0.015659714117646217,0.39123281836509705,0.6293176412582397,-0.028307393193244934,0.38604074716567993,0.6501304507255554,-0.02473575808107853,0.3803849220275879,0.6703720688819885,-0.017581187188625336
0.36986812949180603,0.7306346893310547,1.1757632201181423e-08,0.34765884280204773,0.7073692083358765,-0.01386458333581686,0.3383854925632477,0.6737160086631775,-0.021109292283654213,0.3493918478488922,0.642139732837677,-0.028821948915719986,0.36231932044029236,0.6220470070838928,-0.03569457679986954,0.3333970010280609,0.6266129612922668,-0.007955556735396385,0.3305368423461914,0.5764176249504089,-0.019950851798057556,0.3317817449569702,0.5463314652442932,-0.027228908613324165,0.33363768458366394,0.5214239954948425,-0.03168009594082832,0.3532194495201111,0.6304430365562439,-0.00874350592494011,0.35882678627967834,0.6006090044975281,-0.032468415796756744,0.35926181077957153,0.6302862167358398,-0.039556097239255905,0.35752034187316895,0.659973680973053,-0.03721345588564873,0.37180811166763306,0.6381653547286987,-0.011384978890419006,0.37572169303894043,0.6230621933937073,-0.03356701508164406,0.372963547706604,0.653810441493988,-0.032976411283016205,0.36914682388305664,0.6782615184783936,-0.025066470727324486,0.3876062035560608,0.6501643061637878,-0.015213064849376678,0.39127907156944275,0.630704402923584,-0.028172045946121216,0.3862047493457794,0.6513029336929321,-0.025058100000023842,0.3803144693374634,0.67155522108078,-0.018238339573144913
0.37056341767311096,0.7324262857437134,1.4286682947783902e-08,0.3477930426597595,0.7086955904960632,-0.013150935061275959,0.33817118406295776,0.6747639179229736,-0.020218227058649063,0.3499107360839844,0.6434886455535889,-0.027940915897488594,0.3635978698730469,0.6241722702980042,-0.03491303697228432,0.33412978053092957,0.6279174089431763,-0.007341750897467136,0.3311242461204529,0.5773341655731201,-0.019276797771453857,0.33241191506385803,0.5470337867736816,-0.02648739516735077,0.3345303237438202,0.5221056342124939,-0.030892029404640198,0.35409584641456604,0.6317185759544373,-0.008591636084020138,0.3597145080566406,0.6009973287582397,-0.03214835748076439,0.3596304953098297,0.6308541297912598,-0.03887678310275078,0.357705295085907,0.66080641746521,-0.03625649958848953,0.3726087212562561,0.6395823359489441,-0.011690592393279076,0.3762633204460144,0.6237246990203857,-0.033458881080150604,0.37319397926330566,0.6544832587242126,-0.0323680154979229,0.3693580627441406,0.6788793206214905,-0.02420356683433056,0.3883175849914551,0.6518483757972717,-0.01596905291080475,0.3918718993663788,0.6322289109230042,-0.028366127982735634,0.3864820599555969,0.6528415083885193,-0.02477702684700489,0.38034388422966003,0.6728271842002869,-0.017724551260471344
0.37047526240348816,0.7320877313613892,2.3401717896831542e-08,0.3484285771846771,0.7084438800811768,-0.013779846020042896,0.3390057384967804,0.674732506275177,-0.021068042144179344,0.35040250420570374,0.6428541541099548,-0.02889678068459034,0.36426448822021484,0.6225520372390747,-0.03600547835230827,0.33481326699256897,0.6271259784698486,-0.007434854283928871,0.3319636583328247,0.5767877697944641,-0.01956707052886486,0.33333057165145874,0.5465638041496277,-0.027035249397158623,0.3353555202484131,0.5216768383979797,-0.03162314370274544,0.35449346899986267,0.6310290098190308,-0.00840885378420353,0.3601186275482178,0.5996824502944946,-0.032025791704654694,0.3596053123474121,0.6281000375747681,-0.03921873867511749,0.35697904229164124,0.6572760343551636,-0.03695664554834366,0.3729352653026581,0.638913094997406,-0.011279365979135036,0.37721681594848633,0.6234744191169739,-0.03355523198843002,0.3736681044101715,0.6546394228935242,-0.03294847905635834,0.3691401779651642,0.6790828108787537,-0.025001415982842445,0.3885405659675598,0.6511951088905334,-0.015340352430939674,0.3918997049331665,0.632656991481781,-0.028615381568670273,0.38622429966926575,0.6549871563911438,-0.025427179411053658,0.37972670793533325,0.6759071350097656,-0.018471715971827507
0.37066173553466797,0.7328536510467529,1.0956165752418201e-08,0.3479982316493988,0.7087895274162292,-0.013077273033559322,0.3388746380805969,0.6743659973144531,-0.019867900758981705,0.3503282070159912,0.6425983905792236,-0.027332939207553864,0.36363279819488525,0.623018741607666,-0.03409057855606079,0.3345451354980469,0.6280491948127747,-0.006566980388015509,0.33210837841033936,0.5775882005691528,-0.018329747021198273,0.3336520195007324,0.5474448800086975,-0.025508901104331017,0.33579686284065247,0.5223706364631653,-0.029867662116885185,0.35436806082725525,0.632137656211853,-0.007724728900939226,0.36024683713912964,0.6010985970497131,-0.03127280995249748,0.3604053556919098,0.6313246488571167,-0.038306985050439835,0.35830116271972656,0.6615761518478394,-0.03579103201627731,0.37289199233055115,0.6397992372512817,-0.010717581026256084,0.3768155872821808,0.6237173080444336,-0.03270667418837547,0.3741164207458496,0.6550658345222473,-0.0318998247385025,0.3703308403491974,0.6800553202629089,-0.023736367002129555,0.3886192739009857,0.6515682339668274,-0.014846112579107285,0.3916151225566864,0.6315959692001343,-0.027604330331087112,0.3869054615497589,0.6529976725578308,-0.024160845205187798,0.3814753592014313,0.6737558245658875,-0.017048778012394905
0.37056636810302734,0.7331026792526245,8.633002757107988e-09,0.34771960973739624,0.7106823921203613,-0.013535048812627792,0.33798947930336,0.6770310401916504,-0.02084713615477085,0.3493081033229828,0.6452327370643616,-0.028693227097392082,0.3628588318824768,0.6252739429473877,-0.035780977457761765,0.33448562026023865,0.6297681331634521,-0.008402633480727673,0.33192673325538635,0.5782513618469238,-0.02053530514240265,0.3334518074989319,0.5476129055023193,-0.027812665328383446,0.33556655049324036,0.5221611261367798,-0.032256267964839935,0.3541816174983978,0.6332979202270508,-0.009351463988423347,0.3598754107952118,0.6028526425361633,-0.033206596970558167,0.3606998324394226,0.6334362626075745,-0.04001453518867493,0.3591567575931549,0.6637170314788818,-0.037461038678884506,0.3726097047328949,0.6404086351394653,-0.012100948952138424,0.376423716545105,0.6240248680114746,-0.03423609584569931,0.37409207224845886,0.6556682586669922,-0.03314049169421196,0.37060701847076416,0.6809313893318176,-0.02491091750562191,0.3885052800178528,0.6514638662338257,-0.01601768471300602,0.3916274607181549,0.631255030632019,-0.028974205255508423,0.38704797625541687,0.6525208950042725,-0.025592373684048653,0.3818110525608063,0.6732581853866577,-0.018577104434370995
0.3702337443828583,0.7345064878463745,1.0270984063254218e-08,0.34751027822494507,0.7120607495307922,-0.014008692465722561,0.3372705578804016,0.6794309020042419,-0.022022670134902,0.3478102684020996,0.6476903557777405,-0.030586885288357735,0.3614256680011749,0.627102255821228,-0.03838057443499565,0.3347892761230469,0.6313621401786804,-0.009262967854738235,0.33154043555259705,0.5795325040817261,-0.02194307930767536,0.332938015460968,0.5489825010299683,-0.02948402613401413,0.3351505994796753,0.523440957069397,-0.03407404199242592,0.35443252325057983,0.6346412301063538,-0.010192928835749626,0.3596850633621216,0.6044551134109497,-0.03442106768488884,0.3604629635810852,0.6352882385253906,-0.04124663397669792,0.35921967029571533,0.6649826765060425,-0.038734883069992065,0.3727433979511261,0.6418160796165466,-0.012997578829526901,0.3763158619403839,0.6259562373161316,-0.035430844873189926,0.3738556206226349,0.6574601531028748,-0.03435349091887474,0.370365172624588,0.6823112964630127,-0.026154428720474243,0.3887918293476105,0.653027355670929,-0.017016161233186722,0.3920724093914032,0.6324301958084106,-0.030170369893312454,0.3871431350708008,0.6531825661659241,-0.026897022500634193,0.38115471601486206,0.6737191677093506,-0.019971759989857674
0.37033921480178833,0.7342450618743896,1.4804816927949105e-08,0.347178190946579,0.7120341062545776,-0.013409672304987907,0.33656448125839233,0.6796431541442871,-0.020841533318161964,0.3468800485134125,0.6474419236183167,-0.028870750218629837,0.36053013801574707,0.6274524927139282,-0.03624730929732323,0.3343513309955597,0.6325302124023438,-0.008451047353446484,0.3311898410320282,0.5812203884124756,-0.020624428987503052,0.3325047791004181,0.5505624413490295,-0.028017988428473473,0.3345339298248291,0.5250710844993591,-0.03254193440079689,0.35379642248153687,0.6359449625015259,-0.009469695389270782,0.35901471972465515,0.6039366722106934,-0.032694511115550995,0.3588975667953491,0.6323010921478271,-0.03953973948955536,0.3566799759864807,0.6616049408912659,-0.037268176674842834,0.3719097673892975,0.6431041359901428,-0.012268788181245327,0.37563425302505493,0.6265506744384766,-0.03385541960597038,0.37287020683288574,0.6570961475372314,-0.032975342124700546,0.3690958619117737,0.6818906664848328,-0.02511105313897133,0.38764870166778564,0.6542380452156067,-0.016241835430264473,0.3906938433647156,0.6341753602027893,-0.028787914663553238,0.3857944905757904,0.6548498272895813,-0.025516454130411148,0.3800234794616699,0.6754204034805298,-0.01876426488161087
0.3709951341152191,0.7336070537567139,2.8242528316013704e-08,0.34798985719680786,0.7111168503761292,-0.013982641510665417,0.3375839591026306,0.6791038513183594,-0.02163294143974781,0.34825995564460754,0.6470343470573425,-0.029816435649991035,0.36103764176368713,0.6266926527023315,-0.037304338067770004,0.3337675929069519,0.629101037979126,-0.008139672689139843,0.33083927631378174,0.5782206058502197,-0.020194172859191895,0.3327743411064148,0.5478522777557373,-0.027648476883769035,0.3351575434207916,0.522804319858551,-0.032139476388692856,0.35349929332733154,0.6327577233314514,-0.008852939121425152,0.35945001244544983,0.6024336814880371,-0.03207111731171608,0.3601013720035553,0.6312759518623352,-0.03910006582736969,0.35793352127075195,0.6604111790657043,-0.03684906288981438,0.37168216705322266,0.6400541663169861,-0.01144531462341547,0.3764479458332062,0.6248040199279785,-0.0330706387758255,0.37410449981689453,0.6554840803146362,-0.032416313886642456,0.3699761927127838,0.6801238656044006,-0.02462279424071312,0.3872697353363037,0.6513870358467102,-0.015244496054947376,0.391267865896225,0.6318781971931458,-0.027867397293448448,0.3866457939147949,0.653209924697876,-0.02466064691543579,0.38041457533836365,0.6739991903305054,-0.0178045853972435
0.3704968988895416,0.7325747013092041,1.374698399558838e-08,0.34785327315330505,0.7099490165710449,-0.013606569729745388,0.3381586968898773,0.6765592098236084,-0.020847754552960396,0.3491195738315582,0.6445017457008362,-0.028774727135896683,0.36165931820869446,0.6234715580940247,-0.0360446535050869,0.3335312604904175,0.628180205821991,-0.006763112731277943,0.330998033285141,0.577745795249939,-0.018676018342375755,0.332607626914978,0.5477354526519775,-0.026087351143360138,0.33493608236312866,0.522666871547699,-0.030596589669585228,0.3533913493156433,0.6321828961372375,-0.007718131877481937,0.35907894372940063,0.6023781895637512,-0.031190985813736916,0.35923659801483154,0.6327848434448242,-0.038275185972452164,0.35749557614326477,0.6624284386634827,-0.035944484174251556,0.3718458116054535,0.6396732330322266,-0.010596665553748608,0.3756367862224579,0.6229188442230225,-0.0325126051902771,0.37303411960601807,0.6545613408088684,-0.03156507387757301,0.36946940422058105,0.6797415018081665,-0.023442329838871956,0.38779181241989136,0.651125967502594,-0.014662262983620167,0.3907884955406189,0.6304161548614502,-0.027511177584528923,0.3861899673938751,0.65187668800354,-0.024062059819698334,0.3807688057422638,0.6726948022842407,-0.016942637041211128
0.3702842593193054,0.7327643632888794,1.3749342997471103e-08,0.34742119908332825,0.709829568862915,-0.013239014893770218,0.3372613787651062,0.6768808364868164,-0.02054278366267681,0.3477342128753662,0.6453114748001099,-0.028562083840370178,0.3610553443431854,0.6254472732543945,-0.03585530444979668,0.33363038301467896,0.6286794543266296,-0.007640151772648096,0.33082476258277893,0.5777329206466675,-0.019804544746875763,0.33224159479141235,0.5474026203155518,-0.02733532339334488,0.33433523774147034,0.5223883986473083,-0.031935710459947586,0.35335296392440796,0.6324579119682312,-0.008871902711689472,0.35855671763420105,0.6016042232513428,-0.032509468495845795,0.3586560785770416,0.6306436657905579,-0.03981241583824158,0.35676637291908264,0.6600955128669739,-0.03774021193385124,0.37180736660957336,0.6398632526397705,-0.011916491203010082,0.37548863887786865,0.6235069036483765,-0.03393535688519478,0.3727658689022064,0.6544277667999268,-0.03339942917227745,0.36897769570350647,0.6793835163116455,-0.02561931125819683,0.38780277967453003,0.6513788104057312,-0.016104353591799736,0.3910815417766571,0.6308130025863647,-0.028818698599934578,0.3860367238521576,0.6513183116912842,-0.02557363733649254,0.38013049960136414,0.6718118190765381,-0.018733669072389603
0.36944812536239624,0.7316058874130249,8.026871611832576e-09,0.3465680181980133,0.7087023258209229,-0.01346796564757824,0.3372177481651306,0.674832820892334,-0.020505612716078758,0.3483183681964874,0.6430909037590027,-0.02811097539961338,0.36124950647354126,0.622638463973999,-0.0349508561193943,0.33229538798332214,0.626913845539093,-0.006911654956638813,0.33001458644866943,0.5771980285644531,-0.018720431253314018,0.33148691058158875,0.5474491119384766,-0.025798065587878227,0.3336201012134552,0.5227325558662415,-0.030058426782488823,0.3522655963897705,0.6306662559509277,-0.007933502085506916,0.3577004373073578,0.6005232930183411,-0.031484272330999374,0.35831281542778015,0.6312485933303833,-0.03827150911092758,0.3569740951061249,0.6615596413612366,-0.03557470068335533,0.3709726929664612,0.6382655501365662,-0.010856728069484234,0.37494340538978577,0.6224136352539062,-0.033016402274370193,0.37234872579574585,0.6541194319725037,-0.032142274081707,0.3686657249927521,0.6790725588798523,-0.023936890065670013,0.38713008165359497,0.6500560641288757,-0.014914041385054588,0.39038997888565063,0.6303123235702515,-0.027881870046257973,0.3854438066482544,0.6520233154296875,-0.024531517177820206,0.3796437680721283,0.6726813316345215,-0.017461465671658516
0.3692477345466614,0.7315369844436646,1.1507206743033294e-08,0.34617576003074646,0.7080966234207153,-0.012930180877447128,0.33686310052871704,0.6738890409469604,-0.01983240805566311,0.3485009968280792,0.6422895789146423,-0.02742397040128708,0.3617238998413086,0.6222467422485352,-0.034327469766139984,0.3320445120334625,0.6287896633148193,-0.006846446078270674,0.3291253447532654,0.5787227153778076,-0.018599076196551323,0.33039364218711853,0.5483389496803284,-0.025574326515197754,0.3323352038860321,0.5233739614486694,-0.0297774039208889,0.35177162289619446,0.6320850849151611,-0.008132856339216232,0.3569759130477905,0.6011645197868347,-0.031183669343590736,0.35742151737213135,0.6305575966835022,-0.03764837607741356,0.3560674488544464,0.659938633441925,-0.03495445102453232,0.37023553252220154,0.639528751373291,-0.011281444691121578,0.3740723431110382,0.6229530572891235,-0.032743461430072784,0.3713768720626831,0.6533525586128235,-0.03161368519067764,0.36783307790756226,0.6775017976760864,-0.023510541766881943,0.38626524806022644,0.6514819860458374,-0.015582527965307236,0.3893910050392151,0.6315181255340576,-0.027863286435604095,0.3840677738189697,0.6517639756202698,-0.024358082562685013,0.3779081106185913,0.671644389629364,-0.01742411032319069
0.36932802200317383,0.7309866547584534,7.394386436487821e-09,0.3464055359363556,0.7085490822792053,-0.01276602316647768,0.33609268069267273,0.6752883791923523,-0.019817495718598366,0.3471328318119049,0.6446423530578613,-0.02762029320001602,0.36107853055000305,0.6260250210762024,-0.03481995686888695,0.3322954773902893,0.6274477243423462,-0.007419779431074858,0.3295917510986328,0.577229380607605,-0.01917906291782856,0.33078163862228394,0.5471805334091187,-0.026475435122847557,0.33262261748313904,0.5221783518791199,-0.03108164854347706,0.352122038602829,0.6314752697944641,-0.008807752281427383,0.356934517621994,0.6020623445510864,-0.03169639781117439,0.35707908868789673,0.6318865418434143,-0.03833383694291115,0.3556666970252991,0.6608960032463074,-0.0360967293381691,0.37066003680229187,0.6391858458518982,-0.011976541951298714,0.37358173727989197,0.6224161982536316,-0.033167432993650436,0.3709165155887604,0.6534086465835571,-0.031904250383377075,0.36768969893455505,0.6779190301895142,-0.024001507088541985,0.38687506318092346,0.6511309742927551,-0.016305388882756233,0.389401376247406,0.6306943297386169,-0.028571823611855507,0.3841322958469391,0.6511720418930054,-0.02499985322356224,0.37843751907348633,0.6711512207984924,-0.018159346655011177
0.36889219284057617,0.7319537997245789,7.464808327029004e-09,0.3459905982017517,0.7090833783149719,-0.013336028903722763,0.33651918172836304,0.6748132109642029,-0.02028181217610836,0.3478212058544159,0.6429990530014038,-0.027844544500112534,0.36128827929496765,0.6228394508361816,-0.034777332097291946,0.332367867231369,0.6277665495872498,-0.006753910332918167,0.329711377620697,0.5776956081390381,-0.018465165048837662,0.33096104860305786,0.5476810932159424,-0.0255544725805521,0.33298102021217346,0.5226918458938599,-0.02990039810538292,0.3521882891654968,0.6315985918045044,-0.007865174673497677,0.3570789694786072,0.6008579134941101,-0.031198805198073387,0.35707998275756836,0.6311473846435547,-0.038005512207746506,0.35557061433792114,0.6609283685684204,-0.03544759377837181,0.3707701563835144,0.6392809152603149,-0.010858400724828243,0.37408265471458435,0.6226680874824524,-0.03284424543380737,0.37126636505126953,0.6541677117347717,-0.03196863457560539,0.36792251467704773,0.6788598895072937,-0.023864885792136192,0.38686811923980713,0.6510880589485168,-0.014996680431067944,0.3890697956085205,0.6310985684394836,-0.028000129386782646,0.3839792311191559,0.6528373956680298,-0.024675149470567703,0.3786945343017578,0.6735562086105347,-0.017677417024970055
0.3692207932472229,0.7328082323074341,7.387828571125965e-09,0.34674176573753357,0.7098374366760254,-0.014013465493917465,0.3369894325733185,0.6761188507080078,-0.02131238766014576,0.34782928228378296,0.6442364454269409,-0.029115110635757446,0.3609136939048767,0.6240193247795105,-0.03610639274120331,0.3322916626930237,0.6284313201904297,-0.007817991077899933,0.3293357193470001,0.5776230096817017,-0.01988932117819786,0.3306528925895691,0.5474320650100708,-0.027174513787031174,0.3328019976615906,0.5222483277320862,-0.031602632254362106,0.35222071409225464,0.6318389177322388,-0.008492440916597843,0.3573383092880249,0.6021093130111694,-0.03226344659924507,0.3577796518802643,0.6325745582580566,-0.03919652849435806,0.35661014914512634,0.6621881127357483,-0.03670140355825424,0.37080901861190796,0.639112651348114,-0.011090010404586792,0.3743613064289093,0.6234642267227173,-0.03329049423336983,0.37178513407707214,0.6547158360481262,-0.03257213532924652,0.36859166622161865,0.6793860197067261,-0.024530265480279922,0.3868345618247986,0.6505654454231262,-0.014903589151799679,0.39019325375556946,0.6304994225502014,-0.027879873290657997,0.38511478900909424,0.6512898206710815,-0.024805128574371338,0.37961018085479736,0.6714982986450195,-0.017983287572860718
0.368703156709671,0.7327114939689636,6.139762920298608e-09,0.3465014100074768,0.7102023363113403,-0.013939875178039074,0.3367973268032074,0.6763688325881958,-0.02128114365041256,0.34776973724365234,0.6441841125488281,-0.029169954359531403,0.36129817366600037,0.6238996386528015,-0.0363675057888031,0.3326953947544098,0.6280933022499084,-0.007660125382244587,0.32974833250045776,0.577768087387085,-0.01977325789630413,0.33089479804039,0.5476999282836914,-0.02723277546465397,0.33285126090049744,0.5226187109947205,-0.031848784536123276,0.3525519371032715,0.6317296028137207,-0.008510487154126167,0.35718849301338196,0.6010955572128296,-0.03227599337697029,0.35717904567718506,0.6314286589622498,-0.039429813623428345,0.35564547777175903,0.6611449718475342,-0.03711458295583725,0.3711146116256714,0.6392080187797546,-0.011274157091975212,0.37443047761917114,0.6223903298377991,-0.033563703298568726,0.37143629789352417,0.6541135311126709,-0.032925769686698914,0.36791694164276123,0.67913818359375,-0.02495180256664753,0.3872288465499878,0.6508752107620239,-0.01523666549474001,0.38994473218917847,0.6302677989006042,-0.02847074344754219,0.38466566801071167,0.6518070101737976,-0.02544485591351986,0.3790167272090912,0.6727412343025208,-0.018649721518158913
0.36870941519737244,0.732550323009491,4.735488889906492e-09,0.34641075134277344,0.7101046442985535,-0.013307932764291763,0.3366178572177887,0.676484227180481,-0.020360354334115982,0.3480290472507477,0.6448008418083191,-0.028009768575429916,0.36201077699661255,0.6257210969924927,-0.034952014684677124,0.3324820399284363,0.6279657483100891,-0.007454442325979471,0.3297302722930908,0.5774635672569275,-0.019213976338505745,0.3309386968612671,0.5475994944572449,-0.02636808715760708,0.3327906131744385,0.5227742195129395,-0.03079899214208126,0.35235995054244995,0.6316852569580078,-0.008459622040390968,0.35770052671432495,0.6016867160797119,-0.03154084086418152,0.3575928509235382,0.6309094429016113,-0.038474876433610916,0.35552141070365906,0.6596927642822266,-0.03623933717608452,0.3710147738456726,0.6389297246932983,-0.011265596374869347,0.37476128339767456,0.6233279705047607,-0.03291930630803108,0.3717970550060272,0.6546919345855713,-0.032160621136426926,0.36793553829193115,0.6790743470191956,-0.024339308962225914,0.3871556222438812,0.6503633260726929,-0.015226121060550213,0.38996151089668274,0.631275475025177,-0.028009682893753052,0.3845672607421875,0.6533517241477966,-0.02478380873799324,0.3786136209964752,0.6740477681159973,-0.01795966923236847
0.36829444766044617,0.7330557703971863,7.01847424622315e-09,0.3461865484714508,0.710360050201416,-0.01377695519477129,0.3366330862045288,0.677018940448761,-0.02110440470278263,0.3476983904838562,0.6451334357261658,-0.02901233360171318,0.3611297011375427,0.6246919631958008,-0.03622201830148697,0.33243128657341003,0.6278305053710938,-0.0074330479837954044,0.3296297788619995,0.577802300453186,-0.01940588839352131,0.3309122323989868,0.5478124618530273,-0.026759052649140358,0.33295202255249023,0.5229436159133911,-0.031290434300899506,0.3523140251636505,0.6316573619842529,-0.008366178721189499,0.35718613862991333,0.6013511419296265,-0.031738199293613434,0.3569851219654083,0.6309685111045837,-0.03879329562187195,0.3552367687225342,0.6603068709373474,-0.036521367728710175,0.3709564507007599,0.6393744349479675,-0.011209645308554173,0.3744684159755707,0.6229192018508911,-0.033205874264240265,0.37118688225746155,0.6543242931365967,-0.03254440799355507,0.3674665093421936,0.6790538430213928,-0.02464953064918518,0.38707295060157776,0.6513237953186035,-0.015238050371408463,0.38974958658218384,0.6311445832252502,-0.02822614088654518,0.3841628432273865,0.652722179889679,-0.025111988186836243,0.3782614469528198,0.6734930276870728,-0.018298989161849022
