x0,y0,z0,x1,y1,z1,x2,y2,z2,x3,y3,z3,x4,y4,z4,x5,y5,z5,x6,y6,z6,x7,y7,z7,x8,y8,z8,x9,y9,z9,x10,y10,z10,x11,y11,z11,x12,y12,z12,x13,y13,z13,x14,y14,z14,x15,y15,z15,x16,y16,z16,x17,y17,z17,x18,y18,z18,x19,y19,z19,x20,y20,z20
0.3173556327819824,0.8083510398864746,4.087730758328689e-07,0.3647823929786682,0.784527063369751,-0.02195805124938488,0.40857020020484924,0.7419534921646118,-0.03262552246451378,0.4427828788757324,0.7037298083305359,-0.042499832808971405,0.47224336862564087,0.683031439781189,-0.052041321992874146,0.3682154715061188,0.6349593997001648,-0.011039964854717255,0.3865782916545868,0.5705649852752686,-0.023558860644698143,0.3958931863307953,0.5311204791069031,-0.03602536767721176,0.4038144052028656,0.49696794152259827,-0.04541454836726189,0.3380870819091797,0.6244184374809265,-0.012301335111260414,0.3455295264720917,0.546457827091217,-0.021941114217042923,0.3494933247566223,0.49714550375938416,-0.03293029963970184,0.3530692756175995,0.4576774835586548,-0.04131416231393814,0.30950915813446045,0.6302090883255005,-0.016920369118452072,0.31051695346832275,0.5581444501876831,-0.027432836592197418,0.315507709980011,0.5133005380630493,-0.037035103887319565,0.3217045068740845,0.4747360944747925,-0.04403480514883995,0.2806920111179352,0.6506553292274475,-0.024079518392682076,0.26758816838264465,0.6029626727104187,-0.03461028262972832,0.26233404874801636,0.5695026516914368,-0.03945013880729675,0.26003727316856384,0.5373305678367615,-0.042474135756492615
0.33920779824256897,0.8012555837631226,3.9712705302008544e-07,0.3833697736263275,0.7769894599914551,-0.021177077665925026,0.42238473892211914,0.7354052066802979,-0.03135504573583603,0.44983506202697754,0.6938515305519104,-0.04034058004617691,0.47318267822265625,0.662941575050354,-0.048999808728694916,0.3783207833766937,0.6363645195960999,-0.011759740300476551,0.39368122816085815,0.5740939974784851,-0.024495746940374374,0.4023437798023224,0.5364235639572144,-0.03667251765727997,0.41002243757247925,0.5033764243125916,-0.04565288871526718,0.34918004274368286,0.6277592182159424,-0.012562987394630909,0.35600388050079346,0.5535268187522888,-0.022676633670926094,0.36051711440086365,0.50541752576828,-0.034000445157289505,0.3649965822696686,0.46624529361724854,-0.042750075459480286,0.3219418525695801,0.6350810527801514,-0.016602659597992897,0.32256844639778137,0.5654236674308777,-0.028128908947110176,0.3284670114517212,0.5210288166999817,-0.03867681324481964,0.33612561225891113,0.4822917580604553,-0.04631612077355385,0.29492509365081787,0.655363917350769,-0.022787153720855713,0.2809548079967499,0.6086679697036743,-0.03496260941028595,0.2764699161052704,0.5753699541091919,-0.0413641519844532,0.2760537564754486,0.5424595475196838,-0.04545530304312706
0.3386179506778717,0.8159995079040527,4.1214539692191465e-07,0.38342222571372986,0.7892948389053345,-0.02066047489643097,0.42213478684425354,0.7453700304031372,-0.030055945739150047,0.4486379027366638,0.7020336985588074,-0.03836275264620781,0.4694935977458954,0.668135404586792,-0.04626705124974251,0.3768033981323242,0.6461043953895569,-0.009255419485270977,0.3919949233531952,0.584200918674469,-0.021512342616915703,0.40044111013412476,0.5464355945587158,-0.033933259546756744,0.4075395464897156,0.5131385326385498,-0.043084487318992615,0.3481604754924774,0.6378548741340637,-0.010004298761487007,0.3559482991695404,0.5651662349700928,-0.01915181614458561,0.36025407910346985,0.5174127817153931,-0.030569246038794518,0.3642235994338989,0.47818243503570557,-0.03955628350377083,0.3205451965332031,0.6456047296524048,-0.01406580489128828,0.3224864602088928,0.5761592388153076,-0.02466133050620556,0.32708093523979187,0.5327891707420349,-0.03504854813218117,0.3332802355289459,0.49513888359069824,-0.04272046312689781,0.2923041582107544,0.6666967868804932,-0.020272763445973396,0.2801017761230469,0.620576024055481,-0.03156614303588867,0.2756228446960449,0.5884948372840881,-0.03741031512618065,0.2746681571006775,0.5570630431175232,-0.04114658012986183
0.33423924446105957,0.80741286277771,4.1738729805729236e-07,0.3798601031303406,0.7829818725585938,-0.02094760350883007,0.4188111424446106,0.7417246103286743,-0.030419064685702324,0.4482858180999756,0.701494038105011,-0.038772501051425934,0.4740650951862335,0.6763854622840881,-0.04668541997671127,0.37672126293182373,0.6394467949867249,-0.009356195107102394,0.395121693611145,0.5765442848205566,-0.020079148933291435,0.40341487526893616,0.5380078554153442,-0.031159112229943275,0.4094182848930359,0.5052090883255005,-0.03950415924191475,0.3471492528915405,0.6301676630973816,-0.009597345255315304,0.35550788044929504,0.5551308989524841,-0.017361942678689957,0.3589349687099457,0.5073741674423218,-0.027050865814089775,0.36160925030708313,0.4697423577308655,-0.03458758816123009,0.31910616159439087,0.6368687152862549,-0.013067237101495266,0.3205415606498718,0.5672985315322876,-0.02215430699288845,0.3248280882835388,0.5238503813743591,-0.03153344616293907,0.330336332321167,0.4865650534629822,-0.03854350000619888,0.29108870029449463,0.6573399305343628,-0.018816445022821426,0.27823328971862793,0.6137080192565918,-0.028700854629278183,0.27303099632263184,0.5832055807113647,-0.033663731068372726,0.2712515592575073,0.5538343191146851,-0.03676183894276619
0.32996898889541626,0.8087284564971924,4.3291882434459694e-07,0.3765948712825775,0.7831606864929199,-0.021094737574458122,0.4149504005908966,0.7411811947822571,-0.030556846410036087,0.4453958570957184,0.7030710577964783,-0.039103612303733826,0.4720584452152252,0.6825806498527527,-0.0472097173333168,0.3739085793495178,0.6356764435768127,-0.009814170189201832,0.39186012744903564,0.5716376900672913,-0.020820192992687225,0.3993242383003235,0.5318687558174133,-0.03221568837761879,0.4043189287185669,0.4979572594165802,-0.04077423736453056,0.34285610914230347,0.6264723539352417,-0.010136379860341549,0.3503684103488922,0.5507156848907471,-0.017814557999372482,0.35254642367362976,0.5033600330352783,-0.02742411009967327,0.3536459803581238,0.46586012840270996,-0.034825559705495834,0.3135716915130615,0.6340921521186829,-0.013618488796055317,0.3128393888473511,0.5662054419517517,-0.021777881309390068,0.3152688145637512,0.523430347442627,-0.030519558116793633,0.31861770153045654,0.48652806878089905,-0.037178006023168564,0.2845720648765564,0.656416654586792,-0.019582126289606094,0.2715787887573242,0.6146729588508606,-0.027674080803990364,0.2657492458820343,0.5854556560516357,-0.031385473906993866,0.26282840967178345,0.5576571226119995,-0.03372576832771301
0.3288016617298126,0.8272875547409058,4.325623592649208e-07,0.3739092946052551,0.7985308766365051,-0.023203471675515175,0.41183677315711975,0.753791332244873,-0.03502534702420235,0.4424982964992523,0.7122342586517334,-0.045707881450653076,0.47032275795936584,0.6854268908500671,-0.05604800209403038,0.3697706162929535,0.6496089696884155,-0.013229966163635254,0.3857579827308655,0.5838506817817688,-0.026825325563549995,0.3918972611427307,0.5426816940307617,-0.03999580070376396,0.39598548412323,0.5072020888328552,-0.04984506964683533,0.3378073573112488,0.6420011520385742,-0.013966115191578865,0.3433696925640106,0.5646504163742065,-0.024495059624314308,0.3446334898471832,0.5148419737815857,-0.03605727106332779,0.34555724263191223,0.4747233986854553,-0.04488053172826767,0.3079046308994293,0.6519635319709778,-0.018078014254570007,0.3074069023132324,0.580744743347168,-0.029262976720929146,0.31020984053611755,0.5354390740394592,-0.03950418159365654,0.31442320346832275,0.49604201316833496,-0.047082722187042236,0.27876177430152893,0.6771774888038635,-0.024671100080013275,0.26479262113571167,0.6333091855049133,-0.035852644592523575,0.25834545493125916,0.6012600064277649,-0.041216980665922165,0.25497904419898987,0.5700399875640869,-0.04461256042122841
0.3242177367210388,0.8363047242164612,4.252397616255621e-07,0.3694615960121155,0.8064627647399902,-0.02299124002456665,0.40691596269607544,0.7602047920227051,-0.035001665353775024,0.4372391998767853,0.7183786630630493,-0.045904796570539474,0.4644516110420227,0.6913568377494812,-0.05653645098209381,0.3626907765865326,0.6579263806343079,-0.015011578798294067,0.3776113986968994,0.5912548303604126,-0.029374148696660995,0.38310855627059937,0.5493724942207336,-0.04262448474764824,0.38668695092201233,0.513526439666748,-0.05237801373004913,0.3301619291305542,0.6516020894050598,-0.01582600362598896,0.3340734839439392,0.5737682580947876,-0.02690003253519535,0.33519992232322693,0.5251122713088989,-0.038129035383462906,0.3364211618900299,0.486052542924881,-0.046694569289684296,0.29986000061035156,0.6625199317932129,-0.019884461537003517,0.2980436384677887,0.5913569927215576,-0.031314171850681305,0.29971402883529663,0.5459620952606201,-0.04107800871133804,0.3027162253856659,0.5067017078399658,-0.04832430183887482,0.2706484794616699,0.6886199116706848,-0.026390710845589638,0.2569252848625183,0.6446107625961304,-0.037634704262018204,0.24971185624599457,0.6131576299667358,-0.04270573705434799,0.24488070607185364,0.5829476118087769,-0.04583275690674782
0.3206254839897156,0.8405722379684448,4.3444205743981e-07,0.3657287061214447,0.8106153607368469,-0.02314048632979393,0.40344011783599854,0.7666106820106506,-0.03580884262919426,0.43401357531547546,0.7279382348060608,-0.047657206654548645,0.4626923203468323,0.7042229771614075,-0.05926302447915077,0.3611215353012085,0.6598008275032043,-0.014992640353739262,0.37449243664741516,0.5919522047042847,-0.029683081433176994,0.37895074486732483,0.5494700074195862,-0.04320894181728363,0.3816069960594177,0.5123965740203857,-0.05323941633105278,0.32854288816452026,0.6541200280189514,-0.01622503623366356,0.331371009349823,0.5781139135360718,-0.02768235094845295,0.3309289216995239,0.5301638245582581,-0.03920162469148636,0.3305836021900177,0.49143290519714355,-0.047842565923929214,0.29789629578590393,0.665793240070343,-0.020718369632959366,0.29477620124816895,0.5956512689590454,-0.03221021965146065,0.2939336895942688,0.5503872632980347,-0.0417177677154541,0.2949627637863159,0.5107648968696594,-0.048649001866579056,0.2682681083679199,0.6931948661804199,-0.027789302170276642,0.25380006432533264,0.6495167016983032,-0.0389576330780983,0.24661734700202942,0.6177359223365784,-0.04376888647675514,0.24249331653118134,0.5868815183639526,-0.04652930796146393
0.3233891427516937,0.8528416156768799,4.3146127381987753e-07,0.36850467324256897,0.8220033645629883,-0.024497363716363907,0.40477249026298523,0.7780754566192627,-0.03845435380935669,0.4344291687011719,0.7405658960342407,-0.05149185284972191,0.4630059599876404,0.7163777351379395,-0.06436602026224136,0.3625655174255371,0.6673668026924133,-0.0171380415558815,0.3749406933784485,0.5976170897483826,-0.03264728561043739,0.37941572070121765,0.5542631149291992,-0.0465017706155777,0.3824344575405121,0.5168339014053345,-0.056786298751831055,0.328821063041687,0.6624513268470764,-0.01835721731185913,0.32849133014678955,0.5844393372535706,-0.03051723539829254,0.3266773819923401,0.5364090800285339,-0.042228810489177704,0.3253161311149597,0.4979497492313385,-0.051070407032966614,0.2977595329284668,0.6759480834007263,-0.022966807708144188,0.29327383637428284,0.6046218276023865,-0.035303741693496704,0.29136422276496887,0.5588366985321045,-0.04531460627913475,0.29111844301223755,0.5186998248100281,-0.0526912659406662,0.2683355510234833,0.7058120369911194,-0.030225474387407303,0.25296303629875183,0.6617347002029419,-0.04246937483549118,0.24429243803024292,0.630431056022644,-0.04780232161283493,0.23804426193237305,0.6000173091888428,-0.050971660763025284
0.3245975971221924,0.8449358940124512,4.7476981990257627e-07,0.3669969439506531,0.808995246887207,-0.02497100457549095,0.4025239050388336,0.7606835961341858,-0.03969592601060867,0.43301355838775635,0.7215606570243835,-0.05369061604142189,0.46125489473342896,0.6967725157737732,-0.06732941418886185,0.3511853814125061,0.6542279720306396,-0.017050547525286674,0.3584480583667755,0.5850271582603455,-0.032579317688941956,0.3604753017425537,0.5420494079589844,-0.04682611674070358,0.36130210757255554,0.5044012069702148,-0.057318150997161865,0.31739214062690735,0.6529960036277771,-0.01794544979929924,0.31381598114967346,0.5776932239532471,-0.029489487409591675,0.309990793466568,0.5321091413497925,-0.04058372974395752,0.30707305669784546,0.49560263752937317,-0.0489371083676815,0.2870882451534271,0.6692242622375488,-0.022335587069392204,0.2766611874103546,0.5984997749328613,-0.033412061631679535,0.26996007561683655,0.5543413758277893,-0.042015302926301956,0.2656146287918091,0.5164312720298767,-0.048347752541303635,0.2587147355079651,0.7020990252494812,-0.029633596539497375,0.23984049260616302,0.6585773825645447,-0.040012866258621216,0.22896713018417358,0.626920223236084,-0.04406344145536423,0.22123225033283234,0.596480667591095,-0.04629601165652275
0.33009544014930725,0.854303777217865,4.973878731107106e-07,0.3742591142654419,0.8151043653488159,-0.025293786078691483,0.4109163284301758,0.7634450197219849,-0.03996127471327782,0.44169068336486816,0.7212189435958862,-0.053891245275735855,0.47231045365333557,0.6941680908203125,-0.06772131472826004,0.35604333877563477,0.6546988487243652,-0.016580795869231224,0.36592897772789,0.5802742838859558,-0.0320269949734211,0.36896800994873047,0.5345304608345032,-0.04673871770501137,0.37069177627563477,0.4942304790019989,-0.05764264613389969,0.32113945484161377,0.6538330316543579,-0.01756313443183899,0.31925109028816223,0.5755406618118286,-0.02873758226633072,0.31487688422203064,0.5267505049705505,-0.04081982374191284,0.3111882507801056,0.4882547855377197,-0.05010441690683365,0.28985467553138733,0.6710127592086792,-0.022011175751686096,0.2808775305747986,0.5988810658454895,-0.032528799027204514,0.27560606598854065,0.5515475273132324,-0.04173643887042999,0.272220253944397,0.5104405283927917,-0.04886086657643318,0.2611524164676666,0.7050464749336243,-0.029393186792731285,0.24238842725753784,0.6617142558097839,-0.039153747260570526,0.23166102170944214,0.6305164694786072,-0.04263940453529358,0.22363141179084778,0.6007148027420044,-0.044645000249147415
0.32252615690231323,0.874748706817627,4.7367970523737313e-07,0.3689787685871124,0.8409512042999268,-0.024887001141905785,0.40761786699295044,0.7960202693939209,-0.03954035043716431,0.4390290379524231,0.7585794925689697,-0.053263384848833084,0.46791037917137146,0.7314132452011108,-0.06671908497810364,0.36085036396980286,0.6808058023452759,-0.01765519194304943,0.3742890954017639,0.6078950762748718,-0.034155044704675674,0.38041234016418457,0.5633654594421387,-0.04936792328953743,0.3854098618030548,0.5240429639816284,-0.06048153340816498,0.32659509778022766,0.6767223477363586,-0.01900460012257099,0.32940274477005005,0.5965460538864136,-0.03127196058630943,0.3287760019302368,0.545110821723938,-0.044255394488573074,0.32858291268348694,0.5036634802818298,-0.054330166429281235,0.29505977034568787,0.6913299560546875,-0.023796670138835907,0.29228174686431885,0.6162816882133484,-0.035924654453992844,0.2911088764667511,0.5676169395446777,-0.04694586992263794,0.29219403862953186,0.5258582234382629,-0.055233169347047806,0.2651613652706146,0.7225765585899353,-0.031281761825084686,0.2482537031173706,0.6771473288536072,-0.04370756447315216,0.23847495019435883,0.6447106599807739,-0.04951285198330879,0.23169812560081482,0.613815188407898,-0.0529409795999527
0.3234051465988159,0.8718979358673096,5.058687975179055e-07,0.3700880706310272,0.8403922319412231,-0.026469223201274872,0.4110957682132721,0.7967474460601807,-0.04223459213972092,0.44352418184280396,0.7594607472419739,-0.056775666773319244,0.47264206409454346,0.7336625456809998,-0.07084202766418457,0.36524441838264465,0.681557834148407,-0.0200943723320961,0.37880873680114746,0.6088771224021912,-0.03760340437293053,0.38563278317451477,0.564176619052887,-0.05313672497868538,0.39161786437034607,0.5250657200813293,-0.06416092813014984,0.3328056037425995,0.6756526231765747,-0.02087714709341526,0.33793970942497253,0.5949005484580994,-0.03404528275132179,0.33825379610061646,0.5414736270904541,-0.04696595296263695,0.3388958275318146,0.49880149960517883,-0.05672812461853027,0.30194228887557983,0.6877268552780151,-0.025210384279489517,0.30192339420318604,0.611899197101593,-0.03812325745820999,0.30248457193374634,0.5642671585083008,-0.048773158341646194,0.30512911081314087,0.5246683359146118,-0.05642643943428993,0.27143895626068115,0.716428279876709,-0.032399892807006836,0.25674980878829956,0.6692187786102295,-0.04522126540541649,0.24865937232971191,0.6351767778396606,-0.05107444152235985,0.24338430166244507,0.6032998561859131,-0.05437307432293892
0.3308947682380676,0.8365063667297363,4.72272688512021e-07,0.37625768780708313,0.8043386936187744,-0.023638272657990456,0.41465428471565247,0.7627055048942566,-0.037651147693395615,0.4432368278503418,0.7244235873222351,-0.05085420608520508,0.47073665261268616,0.6964066624641418,-0.06366285681724548,0.3717755079269409,0.6546146273612976,-0.016303077340126038,0.386991024017334,0.5851415991783142,-0.032338038086891174,0.3946532607078552,0.5425476431846619,-0.0469151996076107,0.40095391869544983,0.5051131844520569,-0.057114873081445694,0.3414304554462433,0.6484401226043701,-0.017649153247475624,0.346525639295578,0.5683135986328125,-0.029130147770047188,0.34817174077033997,0.5158523321151733,-0.0409245565533638,0.34966927766799927,0.4744885563850403,-0.04984411969780922,0.31313595175743103,0.6596581339836121,-0.0223569106310606,0.31216809153556824,0.5882060527801514,-0.03363196179270744,0.31424301862716675,0.5418494343757629,-0.04318493604660034,0.3181583285331726,0.5033775568008423,-0.05010998621582985,0.28508150577545166,0.6860871315002441,-0.0297466441988945,0.27116858959198,0.6408504843711853,-0.04070282727479935,0.2644084393978119,0.6086020469665527,-0.045156080275774,0.2599653899669647,0.579153835773468,-0.047563135623931885
0.3254266083240509,0.7915163636207581,4.181251540558151e-07,0.37138083577156067,0.7656072974205017,-0.021723754703998566,0.4116951823234558,0.7244358062744141,-0.032742224633693695,0.4425196051597595,0.6858336925506592,-0.04291245713829994,0.4699403643608093,0.6564792990684509,-0.05250269174575806,0.3744358420372009,0.6184403896331787,-0.01168394461274147,0.39108747243881226,0.5519808530807495,-0.02465629018843174,0.3994109630584717,0.5119620561599731,-0.037462566047906876,0.4062919020652771,0.47617289423942566,-0.046784136444330215,0.34444665908813477,0.6105062365531921,-0.012248547747731209,0.35305967926979065,0.5368361473083496,-0.02169518731534481,0.3565255105495453,0.48814505338668823,-0.03284621983766556,0.3591095507144928,0.4501539170742035,-0.041460953652858734,0.3161538243293762,0.6190956234931946,-0.01606353372335434,0.3180807828903198,0.5502533912658691,-0.02609912119805813,0.32228949666023254,0.5053128004074097,-0.035554610192775726,0.32756075263023376,0.4685595631599426,-0.04245372861623764,0.2878761291503906,0.6414487957954407,-0.0223527904599905,0.2771773934364319,0.5954488515853882,-0.03295464441180229,0.2721109390258789,0.562570333480835,-0.03796694055199623,0.2691408395767212,0.5326173305511475,-0.040763914585113525
0.354758620262146,0.7953358888626099,4.2327306459810643e-07,0.3961579203605652,0.772250771522522,-0.02199460379779339,0.43276655673980713,0.7376317977905273,-0.03531807288527489,0.4618537724018097,0.7056968212127686,-0.047849807888269424,0.4875662624835968,0.6806826591491699,-0.059942081570625305,0.39569365978240967,0.6270876526832581,-0.015248117037117481,0.41234132647514343,0.5621195435523987,-0.029559195041656494,0.4210927188396454,0.5217388868331909,-0.04271795600652695,0.4281882643699646,0.4873972237110138,-0.052226051688194275,0.36729708313941956,0.6188698410987854,-0.016747187823057175,0.3763130307197571,0.545102596282959,-0.02762819267809391,0.37890565395355225,0.49631980061531067,-0.03894778713583946,0.38067612051963806,0.4588767886161804,-0.04772697389125824,0.3400987386703491,0.6270526051521301,-0.02143135480582714,0.3424692749977112,0.5573134422302246,-0.03259340301156044,0.3474096655845642,0.5115058422088623,-0.042620640248060226,0.35343697667121887,0.4748416543006897,-0.05021468549966812,0.31255629658699036,0.6499444246292114,-0.02842565067112446,0.2985408306121826,0.6061856150627136,-0.03983991965651512,0.29228800535202026,0.5742610096931458,-0.04521214962005615,0.28917011618614197,0.5454594492912292,-0.04860662296414375
0.3726489543914795,0.804802656173706,4.264792039521126e-07,0.41395941376686096,0.7761490941047668,-0.024084074422717094,0.45006194710731506,0.7386903166770935,-0.038535021245479584,0.47985851764678955,0.7061488628387451,-0.0524461455643177,0.5070382356643677,0.6845585107803345,-0.0661824494600296,0.40886983275413513,0.6232280135154724,-0.014482560567557812,0.4199070632457733,0.5572761297225952,-0.028036266565322876,0.4227582812309265,0.5166192054748535,-0.04135078191757202,0.42454224824905396,0.48131129145622253,-0.05141289904713631,0.37729722261428833,0.618622899055481,-0.015664895996451378,0.37965935468673706,0.545793890953064,-0.025216763839125633,0.3772599697113037,0.5004406571388245,-0.036260105669498444,0.375336617231369,0.4653773307800293,-0.0450626015663147,0.3478727340698242,0.6308642029762268,-0.02031799778342247,0.3442051410675049,0.5638339519500732,-0.029531702399253845,0.34159761667251587,0.5195118188858032,-0.038936685770750046,0.3410766124725342,0.4830594062805176,-0.046526290476322174,0.3195696175098419,0.6583946347236633,-0.027844160795211792,0.3025818467140198,0.6176514029502869,-0.03696225583553314,0.29278406500816345,0.589413046836853,-0.04113620147109032,0.28615736961364746,0.5640338063240051,-0.04393840581178665
0.3791528344154358,0.8159914016723633,4.472231012186967e-07,0.4201626479625702,0.7867869138717651,-0.02296617440879345,0.4563086926937103,0.7490978240966797,-0.03687962144613266,0.4860297441482544,0.7181026935577393,-0.0508391410112381,0.5137472152709961,0.7003204822540283,-0.06463873386383057,0.4138365089893341,0.6333009004592896,-0.011861992068588734,0.4261205196380615,0.567426860332489,-0.025158852338790894,0.43058791756629944,0.5259514451026917,-0.03769305720925331,0.4340932071208954,0.49116575717926025,-0.046695150434970856,0.3830769956111908,0.6281664371490479,-0.013661499135196209,0.38332098722457886,0.5516244173049927,-0.022080671042203903,0.38017722964286804,0.5041278004646301,-0.030892418697476387,0.37777701020240784,0.46679049730300903,-0.037492409348487854,0.3547094166278839,0.6403997540473938,-0.019235575571656227,0.34575098752975464,0.5717492699623108,-0.028822651132941246,0.340325266122818,0.5278472304344177,-0.03752732276916504,0.33710458874702454,0.49177122116088867,-0.04377066716551781,0.3273080587387085,0.6682173609733582,-0.027711549773812294,0.3077031373977661,0.6279434561729431,-0.03792251646518707,0.2949637174606323,0.601108968257904,-0.042274050414562225,0.28513652086257935,0.5776559710502625,-0.04446934536099434
0.3742348253726959,0.8288811445236206,4.733233254228253e-07,0.4164077043533325,0.7991233468055725,-0.023627564311027527,0.4534721076488495,0.7580714821815491,-0.038186218589544296,0.485090047121048,0.7258458733558655,-0.05259678140282631,0.5158689022064209,0.7094652056694031,-0.0670030489563942,0.41133105754852295,0.6434187293052673,-0.01516218762844801,0.4231603741645813,0.5748807191848755,-0.029422570019960403,0.4272562861442566,0.5309851169586182,-0.04198083281517029,0.43033963441848755,0.49427545070648193,-0.051101479679346085,0.38017556071281433,0.6385007500648499,-0.017043642699718475,0.38119634985923767,0.5613319277763367,-0.02656480483710766,0.3784131407737732,0.5120978951454163,-0.035781655460596085,0.37617379426956177,0.47331881523132324,-0.04262504354119301,0.3512260317802429,0.6519991755485535,-0.02249399945139885,0.34163612127304077,0.5811118483543396,-0.032900936901569366,0.335160493850708,0.5353441834449768,-0.0422937385737896,0.3311593234539032,0.4973146319389343,-0.04912016540765762,0.3239973187446594,0.6822788119316101,-0.030808215960860252,0.30351248383522034,0.6435160040855408,-0.041956208646297455,0.29023277759552,0.6167264580726624,-0.047104932367801666,0.28012004494667053,0.5929871797561646,-0.04987655580043793
0.37057846784591675,0.8376681804656982,4.6194199398996716e-07,0.41213712096214294,0.8059977293014526,-0.023912696167826653,0.44878149032592773,0.766119658946991,-0.03962165117263794,0.4795142710208893,0.7344553470611572,-0.05525289103388786,0.5090557932853699,0.7168896198272705,-0.07108676433563232,0.40773850679397583,0.6515542268753052,-0.018179520964622498,0.41974762082099915,0.5826754570007324,-0.03463065251708031,0.42374715209007263,0.5385585427284241,-0.048979468643665314,0.4270228445529938,0.5006091594696045,-0.05954035744071007,0.3766818046569824,0.6462919116020203,-0.02111467719078064,0.3769666254520416,0.5683816075325012,-0.03313509374856949,0.3738311231136322,0.518141508102417,-0.04455861076712608,0.37162309885025024,0.47705280780792236,-0.05320248007774353,0.34749144315719604,0.6598015427589417,-0.02748129330575466,0.33891719579696655,0.5876646041870117,-0.040127579122781754,0.33336901664733887,0.5412080883979797,-0.05110033601522446,0.33010947704315186,0.501726508140564,-0.0591648630797863,0.31974321603775024,0.6905672550201416,-0.03661471605300903,0.2999274730682373,0.650995135307312,-0.04997136443853378,0.28690552711486816,0.6232963800430298,-0.05636252835392952,0.27636122703552246,0.5981441140174866,-0.06005511060357094
0.3711916506290436,0.8360183238983154,4.588076478739822e-07,0.41440561413764954,0.8058808445930481,-0.023853598162531853,0.4534841775894165,0.7650479674339294,-0.03935461863875389,0.4839852452278137,0.7313923239707947,-0.05438916012644768,0.5129052400588989,0.7124906778335571,-0.06947172433137894,0.4099041521549225,0.6521196961402893,-0.01939998008310795,0.4225694239139557,0.5826265811920166,-0.03632273152470589,0.42758360505104065,0.5393726825714111,-0.051212750375270844,0.4316760301589966,0.5011765956878662,-0.06216013804078102,0.3779352009296417,0.6465501189231873,-0.022075431421399117,0.37895891070365906,0.5668108463287354,-0.035241950303316116,0.37772008776664734,0.5168436765670776,-0.047528479248285294,0.37660476565361023,0.4772828221321106,-0.05680103600025177,0.3488750159740448,0.6595419645309448,-0.028003942221403122,0.33888936042785645,0.587213397026062,-0.04121255502104759,0.3344005048274994,0.540174126625061,-0.05168939754366875,0.3320683240890503,0.5007492899894714,-0.05915612354874611,0.32197436690330505,0.6892362236976624,-0.03663089871406555,0.301387220621109,0.6419647336006165,-0.049618545919656754,0.2893202602863312,0.6082332134246826,-0.05544918403029442,0.280195415019989,0.5765992999076843,-0.058837518095970154
0.364237517118454,0.7867231369018555,4.526379484559584e-07,0.4095481336116791,0.7652963399887085,-0.024276701733469963,0.4512876868247986,0.7337523698806763,-0.039672356098890305,0.48448365926742554,0.7076106071472168,-0.05431048944592476,0.5142632722854614,0.6892933249473572,-0.06858538091182709,0.41702768206596375,0.6120584607124329,-0.017431840300559998,0.4336705803871155,0.5492793917655945,-0.03347308561205864,0.4425911009311676,0.5102035999298096,-0.04855949059128761,0.44999459385871887,0.47374361753463745,-0.05981549248099327,0.3862464725971222,0.6010630130767822,-0.01860521361231804,0.39351382851600647,0.5301353335380554,-0.030694130808115005,0.3963335454463959,0.48644566535949707,-0.04292118176817894,0.3987218737602234,0.45077449083328247,-0.052353374660015106,0.3564486801624298,0.6081144213676453,-0.02303576096892357,0.3538060486316681,0.5429211854934692,-0.03410954773426056,0.3538544476032257,0.49932339787483215,-0.042999863624572754,0.35638684034347534,0.4606384038925171,-0.04976028576493263,0.32704079151153564,0.6311560869216919,-0.030319694429636,0.31370431184768677,0.5857348442077637,-0.04012959450483322,0.30796927213668823,0.554848313331604,-0.04370121657848358,0.30571797490119934,0.5255734324455261,-0.04587208479642868
0.38099396228790283,0.753985583782196,4.6425935806837515e-07,0.42901375889778137,0.7413058876991272,-0.023906422778964043,0.4732953906059265,0.7183483839035034,-0.037870634347200394,0.508139431476593,0.6956220865249634,-0.05091237276792526,0.5399808883666992,0.680966854095459,-0.0631258487701416,0.4471896290779114,0.5891785621643066,-0.011965126730501652,0.4696029722690582,0.5282996296882629,-0.02467324584722519,0.48118868470191956,0.48998862504959106,-0.0377524308860302,0.49133360385894775,0.4558929204940796,-0.047488436102867126,0.41865891218185425,0.5740917921066284,-0.011456011794507504,0.43391114473342896,0.5073590874671936,-0.01964634284377098,0.44186416268348694,0.46454086899757385,-0.030031904578208923,0.4486790597438812,0.4307655096054077,-0.038510728627443314,0.38971656560897827,0.5753282904624939,-0.014450406655669212,0.39485087990760803,0.5119054913520813,-0.022672202438116074,0.3994770348072052,0.47096800804138184,-0.030908966436982155,0.4053490161895752,0.43737471103668213,-0.037308864295482635,0.35941073298454285,0.5911165475845337,-0.020316902548074722,0.35231536626815796,0.5449641346931458,-0.028109945356845856,0.3502265512943268,0.514398992061615,-0.031268827617168427,0.3505515456199646,0.48784446716308594,-0.033124808222055435
0.3749692440032959,0.7680786848068237,4.396051167532278e-07,0.42267102003097534,0.7536171078681946,-0.02246059663593769,0.4666602611541748,0.7282682657241821,-0.03616014122962952,0.5032767057418823,0.7066591382026672,-0.049553412944078445,0.5362560153007507,0.6959986686706543,-0.06253505498170853,0.44739386439323425,0.6060024499893188,-0.012088022194802761,0.47027015686035156,0.5433034300804138,-0.02562706731259823,0.4828004539012909,0.5033295154571533,-0.0387454554438591,0.49401721358299255,0.46908774971961975,-0.048475366085767746,0.4182402789592743,0.5899590253829956,-0.013314733281731606,0.4334385395050049,0.5197502374649048,-0.022418849170207977,0.4417266249656677,0.4758073687553406,-0.032603517174720764,0.44949594140052795,0.4416254162788391,-0.04060579091310501,0.38839948177337646,0.5907328724861145,-0.017950277775526047,0.3954513967037201,0.5241339206695557,-0.0268072672188282,0.40172767639160156,0.4823536276817322,-0.03441178426146507,0.40981653332710266,0.448433518409729,-0.04045360907912254,0.356705904006958,0.6067409515380859,-0.02543788217008114,0.34865498542785645,0.5600414276123047,-0.0340525321662426,0.34643232822418213,0.5290048122406006,-0.03700726851820946,0.3473796248435974,0.5014230012893677,-0.03865744173526764
0.35932767391204834,0.7900562882423401,4.5043148588774784e-07,0.40719547867774963,0.7764976024627686,-0.02511005662381649,0.4511222541332245,0.749076783657074,-0.040265053510665894,0.4873424172401428,0.7245638966560364,-0.054626427590847015,0.5214558243751526,0.7129055261611938,-0.0685780942440033,0.4289854168891907,0.6238932013511658,-0.017179837450385094,0.4510268568992615,0.5589725971221924,-0.031875476241111755,0.46256160736083984,0.5179213285446167,-0.045218270272016525,0.47193804383277893,0.48206591606140137,-0.05519004911184311,0.3988227844238281,0.608916163444519,-0.017909981310367584,0.4139763414859772,0.5365601778030396,-0.028509967029094696,0.4196346402168274,0.490375816822052,-0.03912952169775963,0.42353835701942444,0.45392537117004395,-0.047362569719552994,0.3683856129646301,0.6123093962669373,-0.0220814011991024,0.3739848732948303,0.5444234013557434,-0.03258476406335831,0.37813040614128113,0.5021078586578369,-0.041107241064310074,0.3832872807979584,0.4667419493198395,-0.047614630311727524,0.33636710047721863,0.6319207549095154,-0.029214845970273018,0.32697200775146484,0.5847069621086121,-0.039500270038843155,0.3223460912704468,0.5535348057746887,-0.043561942875385284,0.320390909910202,0.5254181623458862,-0.045927565544843674
0.35131749510765076,0.8010719418525696,4.7105481826292817e-07,0.40079593658447266,0.7828198671340942,-0.024276889860630035,0.4457699954509735,0.7518733739852905,-0.039173673838377,0.4828353524208069,0.7251139879226685,-0.05359620973467827,0.5175151228904724,0.714577853679657,-0.06769618391990662,0.41942936182022095,0.6297731995582581,-0.016078630462288857,0.44047293066978455,0.5619961619377136,-0.030507920309901237,0.45221853256225586,0.5203845500946045,-0.0434357225894928,0.4622199237346649,0.4847416281700134,-0.05311151593923569,0.3891521990299225,0.6170651316642761,-0.017354924231767654,0.4020628333091736,0.5420186519622803,-0.028346003964543343,0.40817683935165405,0.4942384362220764,-0.0394270159304142,0.41342148184776306,0.4552004933357239,-0.04787652939558029,0.35905858874320984,0.6214905977249146,-0.02205929532647133,0.3626021146774292,0.5519917011260986,-0.033511869609355927,0.3671760559082031,0.5080270171165466,-0.04310261830687523,0.3732107877731323,0.47138118743896484,-0.04994641989469528,0.3273784816265106,0.6416666507720947,-0.02959841676056385,0.31577175855636597,0.5917782783508301,-0.04104398563504219,0.3101450502872467,0.5571728348731995,-0.04649103060364723,0.307320773601532,0.5253638029098511,-0.04961786046624184
0.3402101993560791,0.7908914685249329,4.602040633017168e-07,0.38969147205352783,0.7764416337013245,-0.023818297311663628,0.43425238132476807,0.7460882663726807,-0.037917740643024445,0.4723832905292511,0.7183660268783569,-0.05157908424735069,0.5083568096160889,0.710390567779541,-0.06486130505800247,0.40941107273101807,0.6243640184402466,-0.015631496906280518,0.4320504069328308,0.5575296878814697,-0.02966754138469696,0.44465988874435425,0.516048789024353,-0.04217059165239334,0.455003559589386,0.48044562339782715,-0.051521968096494675,0.38021937012672424,0.6103162169456482,-0.016659682616591454,0.3939618170261383,0.5357829928398132,-0.027282660827040672,0.4011165201663971,0.48935163021087646,-0.03772466629743576,0.40730610489845276,0.45078250765800476,-0.04566395655274391,0.3509066700935364,0.6128483414649963,-0.021021312102675438,0.35501354932785034,0.5446974039077759,-0.03184036165475845,0.36015328764915466,0.5019481778144836,-0.04068831354379654,0.36684542894363403,0.4659305810928345,-0.04698905721306801,0.31989312171936035,0.6309008598327637,-0.02821534313261509,0.3074178397655487,0.5820884704589844,-0.0386403352022171,0.3015899658203125,0.5488672852516174,-0.0433155782520771,0.29875707626342773,0.5188658237457275,-0.04594190791249275
0.3261113166809082,0.7905716300010681,4.394882182623405e-07,0.37637680768966675,0.7758129239082336,-0.025347471237182617,0.42262378334999084,0.7444839477539062,-0.03968663141131401,0.4621663987636566,0.7168006896972656,-0.05312979966402054,0.49821823835372925,0.7078006863594055,-0.06626538932323456,0.39727920293807983,0.6227649450302124,-0.01670798659324646,0.41973456740379333,0.5566779375076294,-0.031005458906292915,0.4312629699707031,0.5162711143493652,-0.04410899430513382,0.4406577944755554,0.48080915212631226,-0.053975868970155716,0.36750826239585876,0.6079424619674683,-0.017008861526846886,0.38199347257614136,0.533073365688324,-0.027788856998085976,0.3891388475894928,0.48686301708221436,-0.03875625133514404,0.3948080539703369,0.44943147897720337,-0.04716252163052559,0.33763039112091064,0.6104362607002258,-0.02075403556227684,0.34277254343032837,0.5412246584892273,-0.0313863530755043,0.3477557599544525,0.4988566040992737,-0.04040716215968132,0.353758305311203,0.46379631757736206,-0.0470200777053833,0.30637651681900024,0.6288211345672607,-0.027468176558613777,0.295306921005249,0.579282820224762,-0.03770189359784126,0.28989678621292114,0.544920027256012,-0.04247802868485451,0.28700321912765503,0.5136886835098267,-0.045300040394067764
0.3215424120426178,0.8003222942352295,4.511255440320383e-07,0.370822936296463,0.7832035422325134,-0.024466559290885925,0.4184541702270508,0.7482419013977051,-0.038572803139686584,0.4608387351036072,0.7200955152511597,-0.05210903286933899,0.4988669753074646,0.7113627791404724,-0.06544826924800873,0.39236122369766235,0.6290786266326904,-0.01578933745622635,0.4148074984550476,0.5615605115890503,-0.02972995676100254,0.4261218309402466,0.5199863910675049,-0.04244177043437958,0.43526822328567505,0.4840407073497772,-0.052240390330553055,0.3625950813293457,0.615548312664032,-0.016883691772818565,0.37666040658950806,0.5396232008934021,-0.027949856594204903,0.38411745429039,0.4921952486038208,-0.03927328810095787,0.3902581036090851,0.4533211588859558,-0.04805571585893631,0.33241918683052063,0.6185485124588013,-0.02144145965576172,0.33706486225128174,0.5487621426582336,-0.03280464559793472,0.34208935499191284,0.5060936212539673,-0.042948510497808456,0.34816187620162964,0.46998047828674316,-0.05036214366555214,0.30064794421195984,0.6368869543075562,-0.02884061262011528,0.2894560694694519,0.5868350863456726,-0.04004000499844551,0.2829321622848511,0.5526137351989746,-0.045891739428043365,0.27867621183395386,0.5209659337997437,-0.049597643315792084
0.31955283880233765,0.7984001040458679,4.546805030258838e-07,0.36960527300834656,0.7811813950538635,-0.024852147325873375,0.4177733361721039,0.7461028695106506,-0.03921458125114441,0.4603464901447296,0.7168631553649902,-0.05302959308028221,0.4990934133529663,0.7076114416122437,-0.06660926342010498,0.3903976082801819,0.6264892220497131,-0.014895333908498287,0.41284215450286865,0.5593092441558838,-0.028492964804172516,0.42428550124168396,0.5178437232971191,-0.0412135124206543,0.433607280254364,0.48210829496383667,-0.0510157011449337,0.3607260584831238,0.613074779510498,-0.01568123884499073,0.37441205978393555,0.537483811378479,-0.026070082560181618,0.3815036416053772,0.49029332399368286,-0.037135232239961624,0.38766545057296753,0.45159754157066345,-0.04577593132853508,0.3308805823326111,0.6159743070602417,-0.02001793496310711,0.3355383276939392,0.5464146137237549,-0.030507050454616547,0.34050512313842773,0.5037339329719543,-0.04005734622478485,0.3467211425304413,0.4675648808479309,-0.047197263687849045,0.2993360161781311,0.6342816948890686,-0.027334723621606827,0.2885432541370392,0.5844098925590515,-0.03756294399499893,0.28227174282073975,0.5499518513679504,-0.042777128517627716,0.2781132459640503,0.5183649063110352,-0.046125903725624084
0.31856340169906616,0.7995537519454956,4.556355577278737e-07,0.3690813183784485,0.7827089428901672,-0.024646688252687454,0.4172474443912506,0.7465841770172119,-0.038634344935417175,0.46019870042800903,0.7165743112564087,-0.05199991539120674,0.4988557696342468,0.7076281309127808,-0.06509218364953995,0.38888463377952576,0.6272492408752441,-0.01533101499080658,0.41147729754447937,0.5602211356163025,-0.028926437720656395,0.4229649603366852,0.5185715556144714,-0.041607409715652466,0.43226879835128784,0.48237982392311096,-0.05148591473698616,0.359330952167511,0.613495945930481,-0.016157962381839752,0.3731955885887146,0.5374293327331543,-0.026859106495976448,0.3807165026664734,0.4894476532936096,-0.038033995777368546,0.38716572523117065,0.44961005449295044,-0.04680610075592995,0.3295423984527588,0.6162636280059814,-0.020465247333049774,0.33392688632011414,0.5458720326423645,-0.03150920942425728,0.3389444649219513,0.5031191110610962,-0.04148564115166664,0.3451399803161621,0.4667087197303772,-0.04880790784955025,0.29795265197753906,0.6343039274215698,-0.027664439752697945,0.28684601187705994,0.5835036635398865,-0.038483500480651855,0.280667781829834,0.5486895442008972,-0.044235747307538986,0.27687960863113403,0.5165833234786987,-0.047941822558641434
0.3198133409023285,0.801558792591095,4.604827950061008e-07,0.370193749666214,0.7841640114784241,-0.024982094764709473,0.41759344935417175,0.7490284442901611,-0.03967152163386345,0.45964568853378296,0.719631552696228,-0.05378018692135811,0.49808868765830994,0.7105967402458191,-0.06770730018615723,0.3897818922996521,0.6292673945426941,-0.01632574014365673,0.4125673770904541,0.5613241791725159,-0.030352070927619934,0.42380291223526,0.5190320611000061,-0.043345313519239426,0.43269678950309753,0.48210400342941284,-0.05343857407569885,0.35995692014694214,0.6160679459571838,-0.017351502552628517,0.37406033277511597,0.5389771461486816,-0.028579432517290115,0.38156336545944214,0.49022334814071655,-0.04018334299325943,0.3876645565032959,0.45010626316070557,-0.049290746450424194,0.3297625184059143,0.619353711605072,-0.02185138314962387,0.3342137336730957,0.5483191609382629,-0.033156901597976685,0.3393474519252777,0.5044175982475281,-0.04346249997615814,0.3453789949417114,0.46719008684158325,-0.051113057881593704,0.29775458574295044,0.6377761960029602,-0.029259325936436653,0.28724151849746704,0.5857977867126465,-0.040224045515060425,0.2811470627784729,0.5495721101760864,-0.04612407088279724,0.27710217237472534,0.5161122679710388,-0.050045087933540344
0.31674036383628845,0.8022218346595764,4.5267799464454583e-07,0.36672136187553406,0.7846731543540955,-0.024985510855913162,0.41443291306495667,0.7487104535102844,-0.03931046277284622,0.4565213918685913,0.7195104956626892,-0.0529244989156723,0.494857519865036,0.7100790739059448,-0.0662866085767746,0.38574036955833435,0.6293078064918518,-0.016894932836294174,0.40772849321365356,0.561970591545105,-0.03132966533303261,0.4192325174808502,0.5203421711921692,-0.044440366327762604,0.42875027656555176,0.48372381925582886,-0.05454432591795921,0.35583290457725525,0.6157467365264893,-0.01799468882381916,0.36905136704444885,0.5391828417778015,-0.029434435069561005,0.37675559520721436,0.4912033677101135,-0.04086962714791298,0.38340306282043457,0.45082348585128784,-0.04983774945139885,0.3257032036781311,0.6193639039993286,-0.0225800983607769,0.3300759792327881,0.5491837859153748,-0.03431975841522217,0.3350832760334015,0.5055038332939148,-0.044590167701244354,0.34122493863105774,0.4674761891365051,-0.0521044060587883,0.29392480850219727,0.6384754776954651,-0.030065622180700302,0.2834777534008026,0.5868998765945435,-0.041447963565588,0.27743983268737793,0.5510373115539551,-0.04738187417387962,0.27333295345306396,0.5174064636230469,-0.05123808607459068
0.31530141830444336,0.8072290420532227,4.6731858560633555e-07,0.3654273450374603,0.7890880107879639,-0.025941507890820503,0.4128073453903198,0.7540057301521301,-0.04072745144367218,0.45370566844940186,0.7247841358184814,-0.05462794750928879,0.49148452281951904,0.7153817415237427,-0.06821981817483902,0.3842202425003052,0.6348816156387329,-0.017261264845728874,0.4065600037574768,0.566886842250824,-0.03153195604681969,0.4173291027545929,0.524719774723053,-0.04457379877567291,0.4256032705307007,0.4876841902732849,-0.054602935910224915,0.3539866507053375,0.6217632293701172,-0.017826249822974205,0.36803171038627625,0.5448691844940186,-0.029258694499731064,0.3752898871898651,0.4960975646972656,-0.040702637284994125,0.3810810446739197,0.45579391717910767,-0.04957106336951256,0.3232323229312897,0.6254668831825256,-0.02196475863456726,0.32763445377349854,0.5548237562179565,-0.03348495066165924,0.3325214684009552,0.5112131237983704,-0.04359126836061478,0.3383975327014923,0.4737076759338379,-0.0509861521422863,0.29079705476760864,0.6443801522254944,-0.02908938378095627,0.28040197491645813,0.5931954979896545,-0.040006767958402634,0.27436667680740356,0.5578518509864807,-0.045589230954647064,0.2703656852245331,0.5244166851043701,-0.04924262315034866
0.31229880452156067,0.8114571571350098,4.689196941853879e-07,0.36313650012016296,0.7932493090629578,-0.026867078617215157,0.4100364148616791,0.7581214308738708,-0.04241957142949104,0.4497126638889313,0.7288293838500977,-0.05678176134824753,0.4868004620075226,0.7172537446022034,-0.07094486802816391,0.37957412004470825,0.6394356489181519,-0.020959431305527687,0.40171030163764954,0.5711296796798706,-0.03668425604701042,0.4124833345413208,0.5281875729560852,-0.05069747194647789,0.4205767810344696,0.48965418338775635,-0.061542268842458725,0.3490384817123413,0.6263023018836975,-0.021743256598711014,0.36304640769958496,0.5475971698760986,-0.03509192168712616,0.3698571026325226,0.4966832101345062,-0.04803166165947914,0.3743608295917511,0.45457160472869873,-0.05809701979160309,0.3180087208747864,0.6308387517929077,-0.025950392708182335,0.32193586230278015,0.5584824085235596,-0.03940602391958237,0.3263750672340393,0.5132923126220703,-0.050872813910245895,0.3314361274242401,0.473957896232605,-0.05916912853717804,0.2853761315345764,0.6505405306816101,-0.033037103712558746,0.2746044993400574,0.5973326563835144,-0.04570887237787247,0.2683800160884857,0.5601266622543335,-0.05243672803044319,0.26422393321990967,0.5243369936943054,-0.05696579068899155
0.3089522421360016,0.8132268786430359,4.7502834377155523e-07,0.35817858576774597,0.7949736714363098,-0.02762683667242527,0.4044274091720581,0.7596408128738403,-0.04372360184788704,0.44441884756088257,0.7313322424888611,-0.0583970732986927,0.4802451431751251,0.7175702452659607,-0.07278122007846832,0.37453755736351013,0.6413745284080505,-0.023305434733629227,0.39512312412261963,0.5732186436653137,-0.04007121920585632,0.40526020526885986,0.5299957394599915,-0.054633717983961105,0.4129423499107361,0.49120303988456726,-0.06570729613304138,0.343960702419281,0.6277188658714294,-0.023882713168859482,0.3576027750968933,0.5481308102607727,-0.03809644281864166,0.36420994997024536,0.4964582920074463,-0.0512995645403862,0.3685617744922638,0.4535275995731354,-0.061460524797439575,0.3126756548881531,0.6321561336517334,-0.027873048558831215,0.31518274545669556,0.5593200922012329,-0.042170584201812744,0.3190477788448334,0.5151535868644714,-0.05370105430483818,0.3236490488052368,0.47663262486457825,-0.06185334920883179,0.2798919081687927,0.6518194675445557,-0.034759536385536194,0.26819777488708496,0.5981006026268005,-0.04801242798566818,0.2612755596637726,0.5616447925567627,-0.05485336109995842,0.2567266821861267,0.5261431336402893,-0.059378575533628464
0.305720716714859,0.8190028667449951,4.819872856387519e-07,0.35502809286117554,0.8003360033035278,-0.027836911380290985,0.40139609575271606,0.7643341422080994,-0.0439998023211956,0.4411886930465698,0.735715925693512,-0.05878690257668495,0.47729045152664185,0.721787691116333,-0.07334436476230621,0.3711912930011749,0.6461029052734375,-0.02292311005294323,0.3917589783668518,0.5772255063056946,-0.039762359112501144,0.4021625518798828,0.5336714386940002,-0.05454733595252037,0.4101603329181671,0.4944900572299957,-0.06574008613824844,0.3405359089374542,0.6330825686454773,-0.023441169410943985,0.35398292541503906,0.5533337593078613,-0.03764083981513977,0.3604521155357361,0.5011669993400574,-0.05105536803603172,0.364789754152298,0.45802831649780273,-0.06137232854962349,0.30919161438941956,0.6378701329231262,-0.027427446097135544,0.31171131134033203,0.5645468831062317,-0.04156903550028801,0.3153778612613678,0.5197842717170715,-0.052918463945388794,0.3198370635509491,0.4810667634010315,-0.060957279056310654,0.27636149525642395,0.6578118205070496,-0.034373171627521515,0.26457273960113525,0.6038615107536316,-0.04730274900794029,0.2576380670070648,0.5671309232711792,-0.05375269800424576,0.25299203395843506,0.5317256450653076,-0.05800491198897362
0.303642600774765,0.8211596012115479,4.811601002074894e-07,0.3537149131298065,0.8023165464401245,-0.028284037485718727,0.4005800187587738,0.765599250793457,-0.04441845789551735,0.43963736295700073,0.7363331913948059,-0.05907503515481949,0.4753521978855133,0.7217639088630676,-0.07350630313158035,0.3690667450428009,0.646217942237854,-0.023054925724864006,0.38929933309555054,0.5776671171188354,-0.03983836993575096,0.3996977210044861,0.5341974496841431,-0.05462365597486496,0.4076329171657562,0.4950672388076782,-0.06591673195362091,0.33794155716896057,0.6338495016098022,-0.023436833173036575,0.35047271847724915,0.554698646068573,-0.03770854324102402,0.35686132311820984,0.5029059648513794,-0.05131673067808151,0.3612624704837799,0.4596298038959503,-0.061847999691963196,0.30635350942611694,0.6394286155700684,-0.027326136827468872,0.309059739112854,0.5664780139923096,-0.04182661324739456,0.3129006624221802,0.5215826034545898,-0.05348784476518631,0.3175712823867798,0.48230409622192383,-0.06175900995731354,0.27336981892585754,0.6601563096046448,-0.03418704867362976,0.2619122266769409,0.6063302755355835,-0.04770370572805405,0.2552308440208435,0.5693400502204895,-0.05462595075368881,0.2509225904941559,0.5335092544555664,-0.05919502675533295
0.30107051134109497,0.8076187968254089,4.54898696489181e-07,0.3502611219882965,0.79022616147995,-0.027637850493192673,0.39726200699806213,0.7546704411506653,-0.04309269040822983,0.43715041875839233,0.7259523868560791,-0.05695654824376106,0.47292864322662354,0.7118931412696838,-0.07051639258861542,0.3687910735607147,0.6366005539894104,-0.02320854552090168,0.3895082175731659,0.5686283111572266,-0.03953021764755249,0.3996291160583496,0.5253259539604187,-0.0538034588098526,0.4073842167854309,0.48591214418411255,-0.06472126394510269,0.33777979016304016,0.6232311129570007,-0.023342838510870934,0.3499895930290222,0.5452714562416077,-0.03693932294845581,0.3562009334564209,0.49459463357925415,-0.04972904175519943,0.3606436252593994,0.4519840478897095,-0.059704333543777466,0.3063206970691681,0.6277978420257568,-0.0268379095941782,0.30980241298675537,0.5560504794120789,-0.04050612077116966,0.31388992071151733,0.5116791129112244,-0.05145164579153061,0.3187909722328186,0.4726629853248596,-0.05929682403802872,0.2734391391277313,0.6473299264907837,-0.033273372799158096,0.2625269889831543,0.5938113331794739,-0.0462641604244709,0.25616854429244995,0.557415246963501,-0.05279672145843506,0.2522597014904022,0.5222815871238708,-0.057009514421224594
0.30137431621551514,0.8088234663009644,4.677736740177352e-07,0.3513852655887604,0.7910414934158325,-0.027670376002788544,0.39846134185791016,0.7561496496200562,-0.043220534920692444,0.43774884939193726,0.7273450493812561,-0.05719814449548721,0.47283467650413513,0.7122518420219421,-0.0709151178598404,0.3682924509048462,0.63743656873703,-0.022919630631804466,0.3896696865558624,0.5693915486335754,-0.03937438130378723,0.40008777379989624,0.5256450176239014,-0.053767357021570206,0.4078560471534729,0.48620548844337463,-0.064713254570961,0.337181955575943,0.6244053244590759,-0.0230522770434618,0.3506622910499573,0.5459092855453491,-0.036765579134225845,0.3571971654891968,0.49481719732284546,-0.049696359783411026,0.36158955097198486,0.452346533536911,-0.059742413461208344,0.30565667152404785,0.6291036605834961,-0.02658756822347641,0.30941903591156006,0.5564888715744019,-0.04045053571462631,0.31354179978370667,0.5119311213493347,-0.05150287225842476,0.3182336390018463,0.4731980562210083,-0.05938703566789627,0.27266520261764526,0.6487959623336792,-0.033043272793293,0.26217949390411377,0.5949453115463257,-0.046214956790208817,0.25602030754089355,0.5580786466598511,-0.05283726379275322,0.25222247838974,0.5223901867866516,-0.05709952488541603
0.30323266983032227,0.8062925338745117,4.643708564344706e-07,0.3533547520637512,0.7884807586669922,-0.02756461314857006,0.40016329288482666,0.7541548013687134,-0.04327240586280823,0.4394390881061554,0.7255620956420898,-0.05737284943461418,0.4746403694152832,0.7102837562561035,-0.07121334969997406,0.36973869800567627,0.6362928152084351,-0.023491963744163513,0.39115312695503235,0.5677427053451538,-0.03998473659157753,0.40137356519699097,0.5242211818695068,-0.05416324734687805,0.40896767377853394,0.48482754826545715,-0.06492169201374054,0.33910539746284485,0.6231075525283813,-0.02366185560822487,0.3528633117675781,0.5443426966667175,-0.03758343309164047,0.3591243028640747,0.4930044412612915,-0.05049697309732437,0.363158643245697,0.45016512274742126,-0.06048509478569031,0.30786940455436707,0.6274303197860718,-0.027171632274985313,0.3113844692707062,0.5551828742027283,-0.041231200098991394,0.315329909324646,0.5104359984397888,-0.05244119465351105,0.31985607743263245,0.4715077579021454,-0.06037934869527817,0.27520042657852173,0.6465050578117371,-0.03353796899318695,0.26419854164123535,0.5925905704498291,-0.04682931303977966,0.2577689588069916,0.5557821393013,-0.05351981148123741,0.2537922263145447,0.5202538371086121,-0.057817425578832626
0.3065047860145569,0.8060435056686401,4.663514800995472e-07,0.3560411334037781,0.7875847816467285,-0.026724709197878838,0.4024854004383087,0.7521213293075562,-0.04184972122311592,0.44221988320350647,0.7233314514160156,-0.05546405538916588,0.477356880903244,0.708608090877533,-0.06879618018865585,0.37229278683662415,0.6346109509468079,-0.022496182471513748,0.3935806155204773,0.5663694143295288,-0.038494281470775604,0.40392783284187317,0.5227915644645691,-0.05235536769032478,0.4116385579109192,0.4836142957210541,-0.06289586424827576,0.3418445885181427,0.6212778091430664,-0.022933529689908028,0.3561321496963501,0.5425372123718262,-0.03625435382127762,0.3627278208732605,0.49125194549560547,-0.04867265373468399,0.3670768141746521,0.44859445095062256,-0.058259014040231705,0.3106175661087036,0.6255605816841125,-0.02666635252535343,0.3144646883010864,0.5530003309249878,-0.04027681052684784,0.3188507854938507,0.5087085962295532,-0.051277611404657364,0.3239055573940277,0.4703134298324585,-0.059087399393320084,0.27792486548423767,0.6447937488555908,-0.033191848546266556,0.2661442160606384,0.5917991399765015,-0.04598593711853027,0.25940829515457153,0.5557646751403809,-0.052399586886167526,0.25524309277534485,0.5210846662521362,-0.05654983967542648
0.3075861632823944,0.808433473110199,4.78507843126863e-07,0.357408344745636,0.7900141477584839,-0.02757526934146881,0.40435662865638733,0.7551928162574768,-0.042957402765750885,0.44395917654037476,0.7257550954818726,-0.05669583007693291,0.479551762342453,0.7130200862884521,-0.07016084343194962,0.3729307949542999,0.638185977935791,-0.02263452112674713,0.39463046193122864,0.5696719884872437,-0.03872358426451683,0.405322402715683,0.5259954929351807,-0.05292394384741783,0.4135255515575409,0.4869186282157898,-0.06365317106246948,0.342273473739624,0.6248729228973389,-0.022374479100108147,0.35640642046928406,0.5460031628608704,-0.035511065274477005,0.36299386620521545,0.49455201625823975,-0.04806944727897644,0.36760401725769043,0.45200544595718384,-0.05772335082292557,0.31124556064605713,0.6290082335472107,-0.025418968871235847,0.31667014956474304,0.5563135147094727,-0.038298722356557846,0.32134172320365906,0.5114557147026062,-0.049008555710315704,0.32654431462287903,0.4724735617637634,-0.05677109584212303,0.2788081765174866,0.6481477618217468,-0.03138481825590134,0.2693248987197876,0.5969215631484985,-0.04325762391090393,0.26412150263786316,0.5625781416893005,-0.049027200788259506,0.2610892653465271,0.5297437906265259,-0.05274970456957817
0.3127066195011139,0.8060662746429443,4.725148130546586e-07,0.3631590008735657,0.7881549596786499,-0.026816582307219505,0.4086390435695648,0.7539752721786499,-0.04233328998088837,0.4475453197956085,0.7260928153991699,-0.05638039484620094,0.4827803373336792,0.7144895792007446,-0.07031494379043579,0.37740811705589294,0.6363417506217957,-0.02384018339216709,0.40017980337142944,0.5694668292999268,-0.04016559198498726,0.41087090969085693,0.5263655185699463,-0.054212141782045364,0.4185107350349426,0.4877591133117676,-0.06492357701063156,0.3462529480457306,0.6230971813201904,-0.02475745417177677,0.36025407910346985,0.5439321994781494,-0.03852679207921028,0.36683064699172974,0.4924625754356384,-0.05091894045472145,0.3711172640323639,0.4495752453804016,-0.06029525771737099,0.31454336643218994,0.628358006477356,-0.028879480436444283,0.3185993432998657,0.5545697212219238,-0.04312694072723389,0.3231068253517151,0.5086455345153809,-0.05462890490889549,0.3282700479030609,0.46854299306869507,-0.06265924870967865,0.282426118850708,0.6494044065475464,-0.035714954137802124,0.2675110399723053,0.5982425808906555,-0.04961415007710457,0.2582542300224304,0.562604546546936,-0.05654191970825195,0.25157904624938965,0.5282537937164307,-0.06081465259194374
0.32444825768470764,0.7994439601898193,4.7588127927156165e-07,0.3758757710456848,0.7824405431747437,-0.024722957983613014,0.4204888939857483,0.751081645488739,-0.03994857519865036,0.45972535014152527,0.7233879566192627,-0.05464409664273262,0.4950752258300781,0.7115973830223083,-0.06930238753557205,0.3870266377925873,0.6293309330940247,-0.02102234587073326,0.4094151556491852,0.5634307265281677,-0.03672178089618683,0.4208405613899231,0.5213573575019836,-0.04955945536494255,0.42840269207954407,0.4835963845252991,-0.05957109481096268,0.35410892963409424,0.6141201257705688,-0.022829080000519753,0.35933828353881836,0.5338099598884583,-0.03700926527380943,0.3613213896751404,0.48315441608428955,-0.04922548308968544,0.35953181982040405,0.4416882395744324,-0.058043528348207474,0.3236604332923889,0.6199381351470947,-0.027742624282836914,0.3102322816848755,0.5462408065795898,-0.043028660118579865,0.30149561166763306,0.498196542263031,-0.05512601137161255,0.2943667769432068,0.45656633377075195,-0.06309559941291809,0.29678791761398315,0.6432574391365051,-0.03515468165278435,0.2750247120857239,0.5916065573692322,-0.04960566386580467,0.2620922923088074,0.5570394992828369,-0.057178836315870285,0.25243332982063293,0.5237964987754822,-0.06169182062149048
0.3225315511226654,0.805397629737854,4.382411589176627e-07,0.3729744255542755,0.7874208688735962,-0.023931697010993958,0.4195233881473541,0.7531751394271851,-0.0371515229344368,0.4583459496498108,0.7221088409423828,-0.0495174340903759,0.49342620372772217,0.7075715065002441,-0.061694834381341934,0.3881588876247406,0.6366297006607056,-0.015287524089217186,0.4112423360347748,0.5748270153999329,-0.029323618859052658,0.422783762216568,0.5358575582504272,-0.042778778821229935,0.4319196343421936,0.5002766847610474,-0.053315114229917526,0.35632768273353577,0.6205015182495117,-0.01648944616317749,0.3636586368083954,0.5409700274467468,-0.02787126414477825,0.3671438694000244,0.4922965168952942,-0.04009178280830383,0.36888474225997925,0.4523666501045227,-0.04953651875257492,0.3259875476360321,0.6242466568946838,-0.020865410566329956,0.3238731026649475,0.5532273650169373,-0.03234684839844704,0.32495149970054626,0.509433925151825,-0.042292751371860504,0.32759398221969604,0.47027668356895447,-0.049693696200847626,0.2963925898075104,0.6450276970863342,-0.027958370745182037,0.28379759192466736,0.5961476564407349,-0.038577381521463394,0.27912330627441406,0.5630394220352173,-0.04356607422232628,0.27802905440330505,0.5305076837539673,-0.04681549221277237
0.3216671049594879,0.8027334809303284,4.298403837310616e-07,0.3737925589084625,0.7848360538482666,-0.024716682732105255,0.4194191098213196,0.7517487406730652,-0.0383671410381794,0.45616844296455383,0.7197940349578857,-0.050979506224393845,0.48797452449798584,0.6982190608978271,-0.06340484321117401,0.38752928376197815,0.6336102485656738,-0.018915748223662376,0.40985509753227234,0.5677409768104553,-0.03377673402428627,0.42016348242759705,0.5267481207847595,-0.04676279053092003,0.427212655544281,0.4894840717315674,-0.0568825826048851,0.3550412654876709,0.6184111833572388,-0.01975465752184391,0.3633437752723694,0.5383940935134888,-0.03306658938527107,0.36788561940193176,0.48815834522247314,-0.045765720307826996,0.36887460947036743,0.44762933254241943,-0.05523393303155899,0.32433605194091797,0.6234191656112671,-0.023782426491379738,0.3178805708885193,0.5494810938835144,-0.03802364319562912,0.3142506182193756,0.501837968826294,-0.05019697546958923,0.3118041455745697,0.45979899168014526,-0.058572057634592056,0.29603052139282227,0.6450721621513367,-0.03026101365685463,0.2803639769554138,0.5922324061393738,-0.044537875801324844,0.27111172676086426,0.5561918616294861,-0.05239763483405113,0.26504820585250854,0.5210434794425964,-0.05716321989893913
0.3217475712299347,0.8022589683532715,4.3719808218156686e-07,0.37320569157600403,0.7842444181442261,-0.025118453428149223,0.4189717471599579,0.7521510124206543,-0.03942945599555969,0.45632031559944153,0.7218505144119263,-0.05275193229317665,0.4882802665233612,0.7007337212562561,-0.06590598821640015,0.38680827617645264,0.6337957978248596,-0.019298836588859558,0.4085244834423065,0.5677605271339417,-0.03400137275457382,0.4186898171901703,0.527188241481781,-0.04703803360462189,0.4256208837032318,0.49042102694511414,-0.05724572390317917,0.3547533452510834,0.6189577579498291,-0.02033047005534172,0.3637714982032776,0.5390016436576843,-0.03327955678105354,0.36837974190711975,0.48831820487976074,-0.04609231650829315,0.36943262815475464,0.4477834105491638,-0.05580773949623108,0.32407718896865845,0.624060332775116,-0.02457427605986595,0.31872332096099854,0.5490007400512695,-0.03854253888130188,0.31537938117980957,0.5011881589889526,-0.050966523587703705,0.31307047605514526,0.4598083198070526,-0.05967676267027855,0.29519253969192505,0.6460292339324951,-0.03131071478128433,0.2780003547668457,0.5932168364524841,-0.04564061760902405,0.2677111029624939,0.5569990873336792,-0.05374234542250633,0.26064425706863403,0.5221273303031921,-0.058741115033626556
0.3206861913204193,0.8046463131904602,4.486578575324529e-07,0.3711208403110504,0.7867618799209595,-0.024010013788938522,0.41810518503189087,0.7523984313011169,-0.0368325375020504,0.4558323919773102,0.7204758524894714,-0.048677682876586914,0.48801591992378235,0.7006986737251282,-0.06019408628344536,0.3866911232471466,0.6372926831245422,-0.017118867486715317,0.4114636480808258,0.5733737349510193,-0.031929101794958115,0.42413514852523804,0.5331587195396423,-0.045270465314388275,0.43338894844055176,0.4967026114463806,-0.055326882749795914,0.35598132014274597,0.6223794221878052,-0.017902465537190437,0.37055617570877075,0.545369565486908,-0.030109254643321037,0.37857574224472046,0.4955885708332062,-0.0422603040933609,0.3827407956123352,0.45425379276275635,-0.05144045129418373,0.32580918073654175,0.6263085007667542,-0.021948067471385002,0.3247763216495514,0.5553339123725891,-0.03464788198471069,0.3245460093021393,0.5105195641517639,-0.045727312564849854,0.325011670589447,0.4710486829280853,-0.05349324643611908,0.296083003282547,0.6461031436920166,-0.02856910042464733,0.2826884090900421,0.5955959558486938,-0.041007161140441895,0.27437177300453186,0.5616141557693481,-0.04747094586491585,0.2686043083667755,0.5288478136062622,-0.051375843584537506
0.32150810956954956,0.8048864603042603,4.475957382510387e-07,0.3719555735588074,0.7859314680099487,-0.02302025631070137,0.41796958446502686,0.7513179779052734,-0.03572876378893852,0.4549294710159302,0.7187410593032837,-0.04759914427995682,0.4862869381904602,0.6974961161613464,-0.05944456532597542,0.38441142439842224,0.6366393566131592,-0.01881779544055462,0.4069025218486786,0.5717400312423706,-0.03403221070766449,0.41832730174064636,0.5316037535667419,-0.04695902764797211,0.4264477789402008,0.4953486919403076,-0.056760307401418686,0.35333746671676636,0.6213499903678894,-0.020351238548755646,0.3658197820186615,0.5425411462783813,-0.03341676667332649,0.3725711405277252,0.4925696849822998,-0.045694150030612946,0.37555408477783203,0.4518207013607025,-0.05467624217271805,0.3227667212486267,0.6262724995613098,-0.02488335594534874,0.3164469003677368,0.5527028441429138,-0.03882433846592903,0.3125283718109131,0.5055990219116211,-0.051280345767736435,0.3102152943611145,0.46381911635398865,-0.059941112995147705,0.29351964592933655,0.648442268371582,-0.03165086731314659,0.27739766240119934,0.5997192859649658,-0.04516858235001564,0.2675827145576477,0.5675560235977173,-0.0526471808552742,0.2610330581665039,0.5362486839294434,-0.05728879198431969
0.31804874539375305,0.8127391338348389,3.6962194371881196e-07,0.3683909475803375,0.7906990647315979,-0.02325131744146347,0.4114452302455902,0.7491728067398071,-0.034741513431072235,0.4437881112098694,0.7071309685707092,-0.04509663209319115,0.4716663956642151,0.6736536026000977,-0.05513739958405495,0.37803709506988525,0.639502227306366,-0.015207400545477867,0.3952297568321228,0.5731528401374817,-0.029419168829917908,0.4034453332424164,0.5324639678001404,-0.042354755103588104,0.4103677570819855,0.49555444717407227,-0.052503831684589386,0.3460806608200073,0.627761721611023,-0.01600242592394352,0.35102972388267517,0.5505250692367554,-0.02864760346710682,0.35448357462882996,0.5027272701263428,-0.0416591502726078,0.3567903935909271,0.46313270926475525,-0.05166564881801605,0.3160816431045532,0.6342679858207703,-0.020036008208990097,0.3122538924217224,0.5620819926261902,-0.033712368458509445,0.31191036105155945,0.5154714584350586,-0.04515140503644943,0.31351640820503235,0.4729415476322174,-0.05346706882119179,0.28738725185394287,0.6554843783378601,-0.026440585032105446,0.27644896507263184,0.6029660105705261,-0.040659740567207336,0.271832674741745,0.5669535994529724,-0.04832026734948158,0.2704226076602936,0.5310611128807068,-0.05318783223628998
0.30543261766433716,0.8069518804550171,3.914583714959008e-07,0.3542649745941162,0.7807219624519348,-0.02316085435450077,0.3955070972442627,0.733954906463623,-0.03396878391504288,0.42135918140411377,0.6859856843948364,-0.04343968257308006,0.44392579793930054,0.6492558717727661,-0.05232653394341469,0.3575175702571869,0.6330188512802124,-0.01691017858684063,0.37568673491477966,0.5662063360214233,-0.03165422007441521,0.3833753168582916,0.5242303609848022,-0.043888434767723083,0.38797634840011597,0.48696252703666687,-0.05298697203397751,0.325248658657074,0.6221734881401062,-0.017431480810046196,0.33244678378105164,0.5429813265800476,-0.03036944381892681,0.3350040018558502,0.49354106187820435,-0.041974712163209915,0.33470600843429565,0.4521279036998749,-0.050220705568790436,0.2952162027359009,0.6299538016319275,-0.021056214347481728,0.2874109745025635,0.5595152378082275,-0.034710101783275604,0.28261324763298035,0.5136311650276184,-0.04521644115447998,0.27950483560562134,0.4717814326286316,-0.05237816646695137,0.2668430209159851,0.6535310745239258,-0.026988668367266655,0.2502175569534302,0.6067838072776794,-0.04035695642232895,0.2407194972038269,0.5746728777885437,-0.046771738678216934,0.23406806588172913,0.5424530506134033,-0.050424009561538696
0.2425505518913269,0.8121320605278015,4.07870317076231e-07,0.2923271059989929,0.7864470481872559,-0.024485569447278976,0.3376917541027069,0.7427108883857727,-0.03714824467897415,0.37254396080970764,0.7015905380249023,-0.04846333712339401,0.4016830325126648,0.6703104972839355,-0.059711042791604996,0.29890814423561096,0.6359142661094666,-0.022259967401623726,0.31496357917785645,0.564478874206543,-0.03852102905511856,0.32107001543045044,0.5203015208244324,-0.05161767825484276,0.32465860247612,0.4806951880455017,-0.06132053583860397,0.26507362723350525,0.6248894929885864,-0.022838015109300613,0.27094146609306335,0.5442143082618713,-0.03695514053106308,0.2730734646320343,0.49394315481185913,-0.049508024007081985,0.27246639132499695,0.4524420499801636,-0.05858336016535759,0.23323816061019897,0.6327911615371704,-0.026283906772732735,0.2247099131345749,0.5597224831581116,-0.04045986756682396,0.21937234699726105,0.5129440426826477,-0.05163973569869995,0.21575692296028137,0.4714064300060272,-0.05945666506886482,0.20306091010570526,0.6562919616699219,-0.03210907429456711,0.1867293417453766,0.6076236963272095,-0.04577276110649109,0.17724663019180298,0.5745280981063843,-0.052667975425720215,0.17037945985794067,0.5420855283737183,-0.05670871213078499
0.19545823335647583,0.809079647064209,3.881420980178518e-07,0.2471817135810852,0.7856341600418091,-0.024046799167990685,0.2935985028743744,0.7449982166290283,-0.036423735320568085,0.32777151465415955,0.7048607468605042,-0.04763985797762871,0.35685595870018005,0.6749754548072815,-0.058824583888053894,0.2575150728225708,0.63653963804245,-0.020770840346813202,0.27418461441993713,0.5654624104499817,-0.036963772028684616,0.28032684326171875,0.5206762552261353,-0.050528235733509064,0.28392210602760315,0.4801945090293884,-0.060600198805332184,0.2243039757013321,0.623938798904419,-0.02132299169898033,0.23088863492012024,0.5435774326324463,-0.035163260996341705,0.23282553255558014,0.49361345171928406,-0.0483255498111248,0.23215577006340027,0.4517859220504761,-0.05797582119703293,0.19314998388290405,0.6301644444465637,-0.024612626060843468,0.18791064620018005,0.558085024356842,-0.038117703050374985,0.18353185057640076,0.5116653442382812,-0.049129072576761246,0.18036489188671112,0.4706314504146576,-0.05686316639184952,0.16271255910396576,0.6521618962287903,-0.030307462438941002,0.14937424659729004,0.602595329284668,-0.04335363209247589,0.141458660364151,0.5694040656089783,-0.049718305468559265,0.13582539558410645,0.5376278758049011,-0.05326400324702263
0.17542986571788788,0.8040026426315308,3.815070215296146e-07,0.22604621946811676,0.7848765850067139,-0.026865143328905106,0.27151045203208923,0.745959997177124,-0.03990452364087105,0.3053061068058014,0.7060756683349609,-0.05128638818860054,0.33563393354415894,0.6767035126686096,-0.06233438849449158,0.23855945467948914,0.6344624757766724,-0.02031303569674492,0.2548496723175049,0.5654008388519287,-0.03621501848101616,0.26110777258872986,0.5223153829574585,-0.049955639988183975,0.26512858271598816,0.482811838388443,-0.060455989092588425,0.2065584659576416,0.6213386654853821,-0.019392194226384163,0.21381093561649323,0.5425652265548706,-0.03346029669046402,0.2162495106458664,0.4930570125579834,-0.047145843505859375,0.21598240733146667,0.451768159866333,-0.05742087587714195,0.17581894993782043,0.6266990303993225,-0.021743591874837875,0.1714927703142166,0.5559835433959961,-0.03635406866669655,0.1672307699918747,0.5099143981933594,-0.048348236829042435,0.16378408670425415,0.4694703221321106,-0.0567338801920414,0.1455267071723938,0.6466504335403442,-0.026711266487836838,0.13385054469108582,0.5968435406684875,-0.04091399535536766,0.12612155079841614,0.5637472867965698,-0.048469554632902145,0.12047085165977478,0.5317913293838501,-0.05305588245391846
0.1727471798658371,0.7821416258811951,3.7421330034703715e-07,0.22292037308216095,0.7660509347915649,-0.026445971801877022,0.2685909867286682,0.7332583069801331,-0.0399235375225544,0.30294495820999146,0.6976408362388611,-0.05173962935805321,0.3328225612640381,0.6695708632469177,-0.06308247894048691,0.24066224694252014,0.6192787885665894,-0.020279040560126305,0.258730411529541,0.5525638461112976,-0.0360739640891552,0.266319215297699,0.5115470886230469,-0.0496649295091629,0.2716935873031616,0.4735402464866638,-0.059919118881225586,0.21064649522304535,0.6046935319900513,-0.019418345764279366,0.22047042846679688,0.5275103449821472,-0.03327416256070137,0.22393229603767395,0.4788060784339905,-0.046714507043361664,0.224399134516716,0.4380456209182739,-0.056750837713479996,0.18112993240356445,0.6084502339363098,-0.02178173139691353,0.17879483103752136,0.5389143824577332,-0.036173608154058456,0.17589418590068817,0.49366095662117004,-0.04803488031029701,0.17359131574630737,0.45380184054374695,-0.056260570883750916,0.1512225866317749,0.6264265179634094,-0.026716219261288643,0.14107662439346313,0.5769280195236206,-0.04071073234081268,0.13391003012657166,0.5440956950187683,-0.04812317714095116,0.12873134016990662,0.5123254060745239,-0.052557606250047684
0.1960030347108841,0.7987349629402161,3.649244320058642e-07,0.24494032561779022,0.7736762166023254,-0.022967027500271797,0.2884056270122528,0.7321884632110596,-0.03490793704986572,0.3206997811794281,0.6935398578643799,-0.04586871713399887,0.34928426146507263,0.6664578318595886,-0.05670945718884468,0.2498936504125595,0.6283451914787292,-0.018822001293301582,0.2637239098548889,0.5603348016738892,-0.03421995788812637,0.26912909746170044,0.5180615186691284,-0.047218047082424164,0.2721925377845764,0.47978490591049194,-0.05700911208987236,0.21829478442668915,0.6182070374488831,-0.019937889650464058,0.22363431751728058,0.5410740971565247,-0.033468883484601974,0.22391998767852783,0.49175167083740234,-0.04612985625863075,0.22152450680732727,0.45066988468170166,-0.05544447526335716,0.18834832310676575,0.6256776452064514,-0.023949675261974335,0.18126820027828217,0.5555344223976135,-0.03777076676487923,0.1749056577682495,0.5103809833526611,-0.04918266460299492,0.1698102056980133,0.47126132249832153,-0.05713625252246857,0.15916688740253448,0.6479443907737732,-0.03025280497968197,0.1413768231868744,0.6011233925819397,-0.04371306300163269,0.13027897477149963,0.5692551136016846,-0.05069776251912117,0.12217101454734802,0.5385224223136902,-0.054841555655002594
0.2245977371931076,0.817304790019989,3.830676007510192e-07,0.2711769938468933,0.789271354675293,-0.025723757222294807,0.313681960105896,0.7431163191795349,-0.0395173504948616,0.3449445962905884,0.7009406089782715,-0.05174470692873001,0.3734474778175354,0.6690446734428406,-0.06369566172361374,0.2710633873939514,0.6423672437667847,-0.02290315553545952,0.28052467107772827,0.5721949338912964,-0.03969086706638336,0.28332218527793884,0.528691291809082,-0.053570885211229324,0.28412604331970215,0.4891239404678345,-0.06392736732959747,0.23769760131835938,0.6352040767669678,-0.023287484422326088,0.2381070852279663,0.5569474697113037,-0.03762534633278847,0.23591117560863495,0.5071703195571899,-0.050745971500873566,0.23210275173187256,0.46525120735168457,-0.060560960322618484,0.20714864134788513,0.645736575126648,-0.02671925351023674,0.1970953345298767,0.5752286911010742,-0.04106350988149643,0.18937668204307556,0.5299794673919678,-0.05263066291809082,0.18343117833137512,0.4895872473716736,-0.060827821493148804,0.17818056046962738,0.6715573072433472,-0.03268616273999214,0.15759839117527008,0.6250231266021729,-0.04669832065701485,0.1442970186471939,0.5935651063919067,-0.05389799922704697,0.1340031772851944,0.562149703502655,-0.05821341276168823
0.6089094877243042,0.8103621602058411,3.843698550554109e-07,0.5616998076438904,0.7984394431114197,-0.018224477767944336,0.5155598521232605,0.7656660079956055,-0.029910054057836533,0.4782114028930664,0.7459996342658997,-0.041086338460445404,0.4447866976261139,0.7406090497970581,-0.05306760221719742,0.5398015975952148,0.6387770175933838,-0.01495660562068224,0.5208383798599243,0.5688345432281494,-0.027470169588923454,0.5112438201904297,0.5247843265533447,-0.03972996771335602,0.5039263963699341,0.48647886514663696,-0.049987249076366425,0.5691422820091248,0.6246505379676819,-0.019856803119182587,0.5588300824165344,0.5425617694854736,-0.02883974276483059,0.5535578727722168,0.490627646446228,-0.039108965545892715,0.5485789775848389,0.44831591844558716,-0.04829609394073486,0.5985697507858276,0.6282683610916138,-0.027991916984319687,0.5949243903160095,0.552544891834259,-0.03862635791301727,0.5915083885192871,0.5050305128097534,-0.048804763704538345,0.5857123732566833,0.4636734127998352,-0.05790514871478081,0.6280617117881775,0.645887017250061,-0.038329653441905975,0.6388425827026367,0.5941013097763062,-0.04883294552564621,0.6436685919761658,0.55802983045578,-0.0548865906894207,0.644690752029419,0.5247293710708618,-0.060538411140441895
0.6104722619056702,0.8093233108520508,3.97653849404378e-07,0.5620079636573792,0.7974286675453186,-0.018243608996272087,0.5156661868095398,0.7641107439994812,-0.030316108837723732,0.47795870900154114,0.743479311466217,-0.042021866887807846,0.44324034452438354,0.7381319999694824,-0.05446639657020569,0.5397017002105713,0.6372361183166504,-0.013878931291401386,0.5203800201416016,0.5679333209991455,-0.026103314012289047,0.5108752846717834,0.5237225294113159,-0.038366034626960754,0.5036685466766357,0.4854748249053955,-0.04867492988705635,0.5691289901733398,0.6228121519088745,-0.019004151225090027,0.5581568479537964,0.5406754612922668,-0.027649592608213425,0.5524251461029053,0.4887074828147888,-0.03790038079023361,0.5472393035888672,0.4460783004760742,-0.047130391001701355,0.5988783836364746,0.626239001750946,-0.027393098920583725,0.5943185687065125,0.5501762628555298,-0.037662357091903687,0.590289294719696,0.5027017593383789,-0.04736993461847305,0.5841274261474609,0.46136748790740967,-0.056237462908029556,0.6287511587142944,0.6441616415977478,-0.03804565593600273,0.6389551162719727,0.592185378074646,-0.04794379323720932,0.6430703997612,0.5560038089752197,-0.053291190415620804,0.6434814929962158,0.5225067734718323,-0.05850793421268463
0.6125615239143372,0.8103657960891724,3.9634238646613085e-07,0.5643393397331238,0.7988606095314026,-0.018559500575065613,0.5182421207427979,0.7660805583000183,-0.030458249151706696,0.4808719754219055,0.7446634769439697,-0.04184867441654205,0.44696253538131714,0.7373350858688354,-0.05398684740066528,0.5422068238258362,0.640168309211731,-0.01449115201830864,0.5232431888580322,0.5709636807441711,-0.02737727202475071,0.5142621994018555,0.526528000831604,-0.040244318544864655,0.5074159502983093,0.48772263526916504,-0.05088108777999878,0.5714282393455505,0.6251871585845947,-0.019230760633945465,0.5606985092163086,0.5433146357536316,-0.028484994545578957,0.5549017786979675,0.4910433888435364,-0.03938613831996918,0.5495423674583435,0.44765377044677734,-0.049002621322870255,0.6009266972541809,0.6281707882881165,-0.02719014324247837,0.5963984727859497,0.5529822707176208,-0.03782697767019272,0.5923704504966736,0.5052614808082581,-0.04797747731208801,0.58625328540802,0.46343159675598145,-0.05706746503710747,0.630600094795227,0.6458513140678406,-0.03740654140710831,0.6406422853469849,0.5942742228507996,-0.04761791229248047,0.6446393132209778,0.5582858324050903,-0.0532132089138031,0.6451926231384277,0.5247606635093689,-0.058505214750766754
0.6127979755401611,0.8102871775627136,3.916233879408537e-07,0.5644184947013855,0.7998296022415161,-0.018791858106851578,0.5182325839996338,0.7666651606559753,-0.030884748324751854,0.4811895787715912,0.7443071603775024,-0.04238903895020485,0.4472026228904724,0.7358944416046143,-0.05448826029896736,0.5415288805961609,0.6395914554595947,-0.014616810716688633,0.5223891139030457,0.5701447129249573,-0.027118099853396416,0.5132439136505127,0.5259309411048889,-0.0395989790558815,0.506298303604126,0.4873352646827698,-0.05002875626087189,0.5708639621734619,0.6246010661125183,-0.01928071305155754,0.559685230255127,0.5427608489990234,-0.02821151725947857,0.5540243983268738,0.4905950725078583,-0.03864314407110214,0.5489052534103394,0.4474203288555145,-0.04800129681825638,0.6004176735877991,0.6275966167449951,-0.027208078652620316,0.5952765345573425,0.5522856116294861,-0.03763924911618233,0.5911529064178467,0.5049841403961182,-0.047406844794750214,0.5848972201347351,0.4634544253349304,-0.056332774460315704,0.6302542686462402,0.6450713276863098,-0.037431009113788605,0.6397603750228882,0.5931806564331055,-0.04757441207766533,0.6434934139251709,0.5571547746658325,-0.053130656480789185,0.6435989141464233,0.5233646035194397,-0.05846435949206352
0.6138997673988342,0.8092886805534363,4.0034933590504806e-07,0.5655683875083923,0.7978039979934692,-0.019567355513572693,0.5195680856704712,0.7648627758026123,-0.03215533867478371,0.4822361171245575,0.7433336973190308,-0.04398440942168236,0.4482801556587219,0.7355332970619202,-0.05647535249590874,0.5431897044181824,0.6388866901397705,-0.015965119004249573,0.523693323135376,0.5692849159240723,-0.02911665104329586,0.5146051049232483,0.5248516798019409,-0.04189140722155571,0.5079811811447144,0.4861631989479065,-0.052332986146211624,0.5725744962692261,0.6241928339004517,-0.020199613645672798,0.5616586804389954,0.5418722033500671,-0.029502106830477715,0.5562080144882202,0.4897651672363281,-0.040032126009464264,0.5513594150543213,0.4466405510902405,-0.04931711405515671,0.6020039916038513,0.627387523651123,-0.0277104452252388,0.5968726277351379,0.5516144037246704,-0.038366466760635376,0.5927240252494812,0.5043181777000427,-0.04803120717406273,0.5865659713745117,0.46302133798599243,-0.056712664663791656,0.6316659450531006,0.6449335217475891,-0.0375557579100132,0.6404792070388794,0.592759370803833,-0.04769019037485123,0.643898069858551,0.5568427443504333,-0.052981141954660416,0.6439056992530823,0.5234556198120117,-0.058001354336738586
0.6149905920028687,0.8094475865364075,3.8657614709336485e-07,0.5662290453910828,0.797073245048523,-0.019717467948794365,0.5206159949302673,0.7642882466316223,-0.03240083158016205,0.48426902294158936,0.7418429851531982,-0.04430514574050903,0.45084184408187866,0.7324966192245483,-0.05678008496761322,0.544528603553772,0.639968752861023,-0.016080662608146667,0.5252940058708191,0.5705534219741821,-0.029511284083127975,0.5158309936523438,0.5261878371238708,-0.04252881184220314,0.5085727572441101,0.4872780442237854,-0.053190767765045166,0.5732782483100891,0.6253176927566528,-0.020201707258820534,0.5626626014709473,0.5436235070228577,-0.029807383194565773,0.5576428174972534,0.4920755624771118,-0.04045906662940979,0.5531615018844604,0.44881993532180786,-0.04984476417303085,0.6019729375839233,0.628304660320282,-0.02760978788137436,0.5965203642845154,0.5533974766731262,-0.038166627287864685,0.5925336480140686,0.5061445832252502,-0.047693006694316864,0.5865777730941772,0.464474618434906,-0.05636996403336525,0.6313295364379883,0.6452763676643372,-0.03741597756743431,0.639336347579956,0.5937201976776123,-0.04735521227121353,0.642133891582489,0.5579688549041748,-0.05263064056634903,0.6415075063705444,0.524412989616394,-0.05770011246204376
0.6161959171295166,0.8084350824356079,3.949588176510588e-07,0.5675080418586731,0.7964262962341309,-0.019324133172631264,0.521359920501709,0.7622854709625244,-0.031555015593767166,0.48481887578964233,0.7387320399284363,-0.04305008798837662,0.4507405757904053,0.7304279208183289,-0.05507495626807213,0.5457302927970886,0.6388129591941833,-0.015255521051585674,0.5268000364303589,0.5696535110473633,-0.028138885274529457,0.5180526971817017,0.5251957178115845,-0.04080722853541374,0.5114042162895203,0.48624056577682495,-0.05130353569984436,0.5743816494941711,0.6241406798362732,-0.01953105255961418,0.5641903281211853,0.5421372056007385,-0.028703812509775162,0.5593544840812683,0.49049055576324463,-0.039103105664253235,0.5549032688140869,0.4473416209220886,-0.04832391440868378,0.6031565070152283,0.6272539496421814,-0.027073517441749573,0.5978620052337646,0.5523874163627625,-0.03744644671678543,0.5937166213989258,0.5051937103271484,-0.04690025374293327,0.5874865055084229,0.46360960602760315,-0.05550767853856087,0.6325321793556213,0.6445289254188538,-0.03698267042636871,0.6405858993530273,0.592353880405426,-0.04686177894473076,0.6429613828659058,0.5560322403907776,-0.052161868661642075,0.6417765617370605,0.521987795829773,-0.05726360157132149
0.6158438920974731,0.8099377155303955,3.9529399487037153e-07,0.5674394965171814,0.7977361679077148,-0.01983286254107952,0.5211830139160156,0.7638177275657654,-0.03261305391788483,0.4844195246696472,0.7404398322105408,-0.044573020190000534,0.45003747940063477,0.7311567664146423,-0.05704670771956444,0.5454152226448059,0.6397442817687988,-0.01625834032893181,0.5267906188964844,0.5705094337463379,-0.02948087640106678,0.5174838900566101,0.5262607336044312,-0.04232395440340042,0.5102123618125916,0.4874624013900757,-0.052924688905477524,0.5741368532180786,0.6254432201385498,-0.020386040210723877,0.5640777945518494,0.5433858036994934,-0.029995355755090714,0.5592987537384033,0.4915528893470764,-0.040499478578567505,0.5548084378242493,0.44817209243774414,-0.04978584870696068,0.6028918027877808,0.6287553906440735,-0.02779560349881649,0.5978425145149231,0.5536709427833557,-0.038514502346515656,0.5934540033340454,0.5067938566207886,-0.04792073369026184,0.5867478251457214,0.46569880843162537,-0.05645546317100525,0.6323338747024536,0.646007239818573,-0.03758998587727547,0.6403491497039795,0.5934831500053406,-0.04766489192843437,0.6425845623016357,0.5573294162750244,-0.05293780937790871,0.641069233417511,0.5236591696739197,-0.05800017714500427
0.6136084794998169,0.8037203550338745,4.162349114267272e-07,0.564052402973175,0.7921533584594727,-0.020321737974882126,0.5158531069755554,0.7613125443458557,-0.03373038023710251,0.4754074215888977,0.7406452298164368,-0.0463869571685791,0.43916165828704834,0.7359226942062378,-0.05963195860385895,0.5433361530303955,0.633985698223114,-0.016004208475351334,0.5235384106636047,0.5654948353767395,-0.02921922504901886,0.5148687958717346,0.521453857421875,-0.04209079593420029,0.5089291930198669,0.48224061727523804,-0.05257407948374748,0.5729637145996094,0.6189727187156677,-0.019759582355618477,0.5632151365280151,0.5373162031173706,-0.028438705950975418,0.5592435598373413,0.48651596903800964,-0.038193102926015854,0.5564221143722534,0.44360530376434326,-0.0470014289021492,0.6026160717010498,0.6223704814910889,-0.026925714686512947,0.6006483435630798,0.5486836433410645,-0.03659464418888092,0.5989885926246643,0.5010923147201538,-0.04517841339111328,0.595659077167511,0.4596162438392639,-0.05314016342163086,0.6315082311630249,0.6400493383407593,-0.036645062267780304,0.6401152014732361,0.5885478854179382,-0.045431412756443024,0.6439273953437805,0.5537052154541016,-0.04950811341404915,0.6448687314987183,0.5214210152626038,-0.053719546645879745
0.6136236786842346,0.815327525138855,4.3715721176340594e-07,0.5643854141235352,0.8036563992500305,-0.021784476935863495,0.5154247283935547,0.7713011503219604,-0.035745102912187576,0.472610205411911,0.7548291683197021,-0.04849455505609512,0.4338698983192444,0.7561812400817871,-0.06204240396618843,0.5475186705589294,0.6420829892158508,-0.018452845513820648,0.5295931100845337,0.5726003646850586,-0.03080444037914276,0.5217832922935486,0.5280711054801941,-0.04280046373605728,0.5156943202018738,0.48929107189178467,-0.0529751181602478,0.5790496468544006,0.6279160380363464,-0.021725023165345192,0.5735584497451782,0.5453401803970337,-0.02994582988321781,0.5712795853614807,0.49394309520721436,-0.039605122059583664,0.5697064995765686,0.45082980394363403,-0.04840242862701416,0.6096908450126648,0.634894609451294,-0.0282983910292387,0.6144711375236511,0.5613601803779602,-0.03889518976211548,0.6171727776527405,0.514069676399231,-0.048679839819669724,0.6174553036689758,0.4718301296234131,-0.05726464092731476,0.6375766396522522,0.6578307151794434,-0.03727590665221214,0.6513848900794983,0.6093286275863647,-0.047775592654943466,0.65899258852005,0.5756179690361023,-0.052694473415613174,0.6633898019790649,0.5424453020095825,-0.057288073003292084
0.6114146113395691,0.8148462176322937,4.286029877675901e-07,0.563515305519104,0.8019156455993652,-0.019788555800914764,0.514874279499054,0.7671658992767334,-0.03193764388561249,0.47310417890548706,0.7501530647277832,-0.04314358904957771,0.43590474128723145,0.7508115768432617,-0.05512165278196335,0.547231912612915,0.638725757598877,-0.015376781113445759,0.5310392379760742,0.5689938068389893,-0.026963310316205025,0.5248047113418579,0.5246963500976562,-0.03861759975552559,0.5203686952590942,0.48664146661758423,-0.04851045086979866,0.5784807801246643,0.6256421804428101,-0.019232412800192833,0.5744627714157104,0.543229877948761,-0.026709528639912605,0.5739442110061646,0.49174976348876953,-0.03613213077187538,0.5743985772132874,0.4499068856239319,-0.04471369460225105,0.6088504791259766,0.6327283978462219,-0.026392914354801178,0.6144381165504456,0.5588988065719604,-0.03643282875418663,0.6180368065834045,0.512501060962677,-0.046263016760349274,0.6195531487464905,0.47145265340805054,-0.05485972762107849,0.6363893747329712,0.6557830572128296,-0.0358361192047596,0.6511132121086121,0.6082784533500671,-0.046108052134513855,0.6596355438232422,0.5756574273109436,-0.05122626945376396,0.6650555729866028,0.5438663363456726,-0.05590767040848732
0.6102870106697083,0.8124694228172302,4.423085044891195e-07,0.5624338984489441,0.7982288599014282,-0.019803302362561226,0.5137157440185547,0.7640780210494995,-0.03237835317850113,0.4717409014701843,0.7479143142700195,-0.04418414086103439,0.4347369074821472,0.7503881454467773,-0.05670350417494774,0.5467633008956909,0.63687664270401,-0.015200859867036343,0.5298473834991455,0.5677430033683777,-0.026898378506302834,0.5234172344207764,0.5231974124908447,-0.0387629009783268,0.5186850428581238,0.48483842611312866,-0.04882572963833809,0.5777539610862732,0.62453693151474,-0.019211819395422935,0.5735744833946228,0.5429940223693848,-0.026867641136050224,0.5727417469024658,0.49185889959335327,-0.036316730082035065,0.5721739530563354,0.44961780309677124,-0.044900279492139816,0.6080226898193359,0.6315655708312988,-0.02653203159570694,0.6114614009857178,0.5586501359939575,-0.036221232265233994,0.6139490604400635,0.5125188827514648,-0.0453210324048996,0.6139973998069763,0.471643328666687,-0.05336662381887436,0.6358994841575623,0.6536629796028137,-0.036253392696380615,0.6488439440727234,0.6049988269805908,-0.04545212909579277,0.6560701727867126,0.5717265605926514,-0.0496734119951725,0.6599928140640259,0.5398885607719421,-0.053811345249414444
0.6111104488372803,0.813872218132019,4.470419696644967e-07,0.5629847049713135,0.8003689050674438,-0.02055358700454235,0.5155038237571716,0.7661808729171753,-0.033635105937719345,0.4741678237915039,0.7486723065376282,-0.045721832662820816,0.43695807456970215,0.7493566870689392,-0.058726876974105835,0.5484341382980347,0.6378850340843201,-0.017537033185362816,0.5317630767822266,0.567528486251831,-0.03006201609969139,0.5257105231285095,0.5226912498474121,-0.04228193685412407,0.5214696526527405,0.48336583375930786,-0.05257835611701012,0.5800347328186035,0.6251707673072815,-0.021408118307590485,0.5769309997558594,0.5419617295265198,-0.03031563013792038,0.5769581198692322,0.48947060108184814,-0.04080543667078018,0.5776039958000183,0.44576120376586914,-0.050129055976867676,0.6099861264228821,0.6328250765800476,-0.02851688116788864,0.6173493266105652,0.5592731237411499,-0.03982650861144066,0.6218868494033813,0.5114879012107849,-0.05061109736561775,0.6236216425895691,0.46870964765548706,-0.05969333276152611,0.6367244720458984,0.6557705402374268,-0.037864819169044495,0.6520239114761353,0.6065384745597839,-0.04843596741557121,0.6602219343185425,0.5726205706596375,-0.053828008472919464,0.6648391485214233,0.5393517017364502,-0.05883313715457916
0.6090514063835144,0.8079031705856323,3.970458521962428e-07,0.5592750310897827,0.7940353751182556,-0.02090669609606266,0.5138328075408936,0.7596911191940308,-0.03517816215753555,0.47415849566459656,0.733838677406311,-0.04882137477397919,0.4365857243537903,0.7214398980140686,-0.06281966716051102,0.549858808517456,0.6359465718269348,-0.014125179499387741,0.5335738658905029,0.5677492022514343,-0.02668466605246067,0.5270706415176392,0.5246497988700867,-0.03919509798288345,0.523460865020752,0.48657169938087463,-0.04950690269470215,0.5788354873657227,0.6243390440940857,-0.01777481660246849,0.5732036232948303,0.543086051940918,-0.026748038828372955,0.5716495513916016,0.4925087094306946,-0.036620285362005234,0.5713581442832947,0.44927313923835754,-0.04542725160717964,0.6066428422927856,0.6304796934127808,-0.0250855702906847,0.6083124279975891,0.5573176741600037,-0.035282306373119354,0.6093468070030212,0.5100835561752319,-0.04370810464024544,0.6087555885314941,0.4682050347328186,-0.051402345299720764,0.6328635811805725,0.6499199271202087,-0.03503647819161415,0.6423376798629761,0.5993853211402893,-0.04419656842947006,0.6463165283203125,0.5643056631088257,-0.048595134168863297,0.6472644805908203,0.5312566757202148,-0.05304940044879913
0.6056554317474365,0.8064579367637634,3.800490162575443e-07,0.5566908717155457,0.7933588027954102,-0.020275143906474113,0.5115367770195007,0.7588014602661133,-0.03379502147436142,0.47220009565353394,0.7328147292137146,-0.046620924025774,0.435590922832489,0.7195075750350952,-0.05975861847400665,0.5472128391265869,0.6351489424705505,-0.013536454178392887,0.5309922099113464,0.5674160122871399,-0.02561531774699688,0.5243625640869141,0.5246068835258484,-0.03788284212350845,0.5204015970230103,0.48687899112701416,-0.04815969243645668,0.5761295557022095,0.6234737634658813,-0.017205066978931427,0.5710251927375793,0.5432019233703613,-0.025539645925164223,0.5695513486862183,0.4935777485370636,-0.03499725088477135,0.5692260265350342,0.45208996534347534,-0.04367277771234512,0.6036182641983032,0.6296465992927551,-0.02451963908970356,0.6057652235031128,0.5567198991775513,-0.034320246428251266,0.6063978672027588,0.5097060203552246,-0.04271051660180092,0.605118989944458,0.46773576736450195,-0.050617627799510956,0.6297930479049683,0.6494801640510559,-0.034393325448036194,0.6400303840637207,0.599457859992981,-0.04389921948313713,0.6434274315834045,0.5647950768470764,-0.04875602945685387,0.6431418061256409,0.5317167043685913,-0.05359839275479317
0.6036624908447266,0.8046438694000244,3.937433348255581e-07,0.554520308971405,0.7909578084945679,-0.02048448845744133,0.5091677904129028,0.7573822736740112,-0.034646451473236084,0.469967246055603,0.7316727638244629,-0.04809802398085594,0.43382784724235535,0.7186277508735657,-0.06181100383400917,0.5435609817504883,0.6347917318344116,-0.01478541735559702,0.5274075269699097,0.5675938129425049,-0.02765684202313423,0.5210800170898438,0.524648904800415,-0.04038665443658829,0.517492949962616,0.48685431480407715,-0.050863686949014664,0.5719356536865234,0.622960090637207,-0.018366795033216476,0.5668831467628479,0.5428851246833801,-0.02738337591290474,0.5657477378845215,0.49320876598358154,-0.036787547171115875,0.5658022165298462,0.4517819285392761,-0.04530180245637894,0.5994096398353577,0.6286319494247437,-0.025552621111273766,0.6000646352767944,0.5557971000671387,-0.03558477759361267,0.6001497507095337,0.5088174939155579,-0.04364095255732536,0.5986502766609192,0.46714043617248535,-0.05125077813863754,0.6260674595832825,0.6478107571601868,-0.03533880412578583,0.6350637078285217,0.5974713563919067,-0.04485084116458893,0.6378070116043091,0.5625330805778503,-0.04954265430569649,0.6370594501495361,0.5293546319007874,-0.054191309958696365
0.6003153324127197,0.7989247441291809,3.9227495562954573e-07,0.5520074367523193,0.7854242324829102,-0.02041270211338997,0.5071481466293335,0.7521988749504089,-0.034443166106939316,0.468299001455307,0.7271372675895691,-0.047859370708465576,0.43274229764938354,0.7152990102767944,-0.0615803524851799,0.5408146381378174,0.6299861073493958,-0.014239486306905746,0.5251541137695312,0.5640419721603394,-0.02717345766723156,0.5184062123298645,0.5214100480079651,-0.04001659154891968,0.5141372084617615,0.48369288444519043,-0.050523724406957626,0.5688713192939758,0.6177583336830139,-0.017806807532906532,0.5635950565338135,0.5382300615310669,-0.02704407088458538,0.5615430474281311,0.4883374571800232,-0.036592159420251846,0.560481071472168,0.4460320472717285,-0.04509219154715538,0.5961958169937134,0.6228674054145813,-0.02497948333621025,0.5969862341880798,0.5511003732681274,-0.03503774479031563,0.5965360403060913,0.5044137239456177,-0.0429542139172554,0.5943829417228699,0.46325433254241943,-0.050275180488824844,0.6225967407226562,0.6415106058120728,-0.03479629009962082,0.63180011510849,0.5910165905952454,-0.0438588485121727,0.6343262195587158,0.5560723543167114,-0.04815411567687988,0.6333411335945129,0.523271381855011,-0.05249030143022537
0.6006502509117126,0.7975567579269409,3.8655144862786983e-07,0.5520341396331787,0.7847976684570312,-0.020050324499607086,0.5073819160461426,0.7525755167007446,-0.033790331333875656,0.4689575135707855,0.728035569190979,-0.04697904363274574,0.4337817132472992,0.7159878611564636,-0.06049462780356407,0.5404701828956604,0.6297793984413147,-0.013734561391174793,0.5249601602554321,0.5636117458343506,-0.026351196691393852,0.5183237195014954,0.520986795425415,-0.039000652730464935,0.5142195224761963,0.4833499491214752,-0.04940945655107498,0.568607747554779,0.617437481880188,-0.017410147935152054,0.5634252429008484,0.5377616882324219,-0.026247600093483925,0.5616282224655151,0.4882435202598572,-0.03566104173660278,0.560880184173584,0.4465446472167969,-0.0441000871360302,0.5959413647651672,0.6223005056381226,-0.024676455184817314,0.595803439617157,0.5503451228141785,-0.03447591885924339,0.594974160194397,0.5039142370223999,-0.042425163090229034,0.5924895405769348,0.46276596188545227,-0.04984356462955475,0.6227021813392639,0.6405520439147949,-0.03454367816448212,0.6315988898277283,0.5901635885238647,-0.04357368126511574,0.6341295838356018,0.5554730892181396,-0.04792662337422371,0.6330717206001282,0.5227619409561157,-0.05231112986803055
0.6035960912704468,0.7934597134590149,3.9260382322936493e-07,0.5542406439781189,0.7802503108978271,-0.020966187119483948,0.5093739032745361,0.7485897541046143,-0.03506934642791748,0.47111213207244873,0.7230316400527954,-0.048437636345624924,0.4362899363040924,0.7102415561676025,-0.06205005198717117,0.5430192351341248,0.6263207197189331,-0.014726928435266018,0.5269453525543213,0.5608884692192078,-0.02769588492810726,0.5205485224723816,0.518282413482666,-0.04050430282950401,0.5169278979301453,0.48077592253685,-0.05087914690375328,0.57101970911026,0.613906979560852,-0.01789800263941288,0.5655045509338379,0.5346710085868835,-0.027051325887441635,0.5638230443000793,0.48538854718208313,-0.03641263395547867,0.5635731220245361,0.4437178373336792,-0.04466893896460533,0.598328709602356,0.6186392307281494,-0.024720313027501106,0.5985521078109741,0.5474011301994324,-0.03465254232287407,0.5977915525436401,0.5013493895530701,-0.04234901815652847,0.5957708954811096,0.4605042338371277,-0.04945830628275871,0.6249394416809082,0.6367159485816956,-0.034245919436216354,0.6337761282920837,0.5864337086677551,-0.04329180344939232,0.6364471316337585,0.5518584847450256,-0.04742995649576187,0.6359946727752686,0.5191768407821655,-0.05153144150972366
0.603169322013855,0.7938275337219238,4.023462167879188e-07,0.5544363260269165,0.779268741607666,-0.021137753501534462,0.5098156929016113,0.7470952868461609,-0.035736870020627975,0.4710371494293213,0.7218268513679504,-0.04965142160654068,0.4354180097579956,0.7088760733604431,-0.06381901353597641,0.543464183807373,0.6263990998268127,-0.01474255695939064,0.5282982587814331,0.5608962774276733,-0.027808114886283875,0.5220265984535217,0.5185241103172302,-0.04071976989507675,0.5183382630348206,0.4809788465499878,-0.05125841498374939,0.5713874697685242,0.6141693592071533,-0.01808154582977295,0.566362738609314,0.5347647666931152,-0.027524083852767944,0.5647276043891907,0.48520219326019287,-0.03727513551712036,0.5642140507698059,0.44301837682724,-0.04589078575372696,0.5986599326133728,0.6192710995674133,-0.025086769834160805,0.5991186499595642,0.5480136275291443,-0.035458359867334366,0.5982499122619629,0.5017318725585938,-0.043601345270872116,0.5958042144775391,0.4606601595878601,-0.05104072391986847,0.6253654956817627,0.6377148032188416,-0.03477426990866661,0.6346637010574341,0.5875124931335449,-0.04410987347364426,0.6374062895774841,0.5527833700180054,-0.04857157915830612,0.6368142366409302,0.5200498104095459,-0.05299019068479538
0.600171685218811,0.7873836755752563,3.950709981381806e-07,0.552497386932373,0.7731571793556213,-0.02007410302758217,0.5079405307769775,0.7414231896400452,-0.03406435623764992,0.46989262104034424,0.7165151238441467,-0.04742579162120819,0.4349440336227417,0.7044944167137146,-0.061068445444107056,0.5412783026695251,0.6200189590454102,-0.01435788907110691,0.5257368683815002,0.5535674095153809,-0.026792507618665695,0.5192691683769226,0.5109137296676636,-0.039166998118162155,0.5153454542160034,0.4739149510860443,-0.04927711933851242,0.5689992904663086,0.6084522604942322,-0.017923101782798767,0.5637813210487366,0.5287942886352539,-0.026637844741344452,0.562068521976471,0.4796792268753052,-0.03578013926744461,0.5612936615943909,0.4389558732509613,-0.043985579162836075,0.5959800481796265,0.6134282946586609,-0.025031276047229767,0.5963456630706787,0.5415573120117188,-0.03473786637187004,0.5952982902526855,0.49529001116752625,-0.042647577822208405,0.592552900314331,0.4548458755016327,-0.05003873631358147,0.6223188638687134,0.6316329836845398,-0.03471052274107933,0.6316015720367432,0.5814917683601379,-0.043737202882766724,0.6344236731529236,0.5469323992729187,-0.04813402518630028,0.6337237358093262,0.5146320462226868,-0.052514418959617615
0.5914639234542847,0.7879908084869385,3.8787635503467754e-07,0.5431353449821472,0.7742817401885986,-0.02056008018553257,0.49883896112442017,0.7424925565719604,-0.03476911410689354,0.46085962653160095,0.7182567715644836,-0.04823824018239975,0.42542076110839844,0.7059661746025085,-0.06196185573935509,0.5312519669532776,0.6217047572135925,-0.014578315429389477,0.514809250831604,0.5558446645736694,-0.02677977830171585,0.5076651573181152,0.5136675238609314,-0.038890909403562546,0.503337025642395,0.4768823981285095,-0.04884934052824974,0.5590472221374512,0.6096221208572388,-0.017906945198774338,0.5525914430618286,0.5307600498199463,-0.02656850777566433,0.5500409603118896,0.4818549156188965,-0.03571763634681702,0.5488011837005615,0.4409253001213074,-0.043896496295928955,0.5860620737075806,0.6140438318252563,-0.024806298315525055,0.5853285193443298,0.54273921251297,-0.03458806127309799,0.5836887359619141,0.4965844750404358,-0.04273008555173874,0.5805832147598267,0.45596620440483093,-0.050261836498975754,0.6125439405441284,0.6313138604164124,-0.03428211063146591,0.6207416653633118,0.5813667178153992,-0.04338550940155983,0.6231041550636292,0.5467087030410767,-0.04796271771192551,0.6220484375953674,0.5140279531478882,-0.05246985703706741
0.584957480430603,0.7834724187850952,3.955713907544123e-07,0.536807119846344,0.7701488137245178,-0.020822493359446526,0.4923061430454254,0.7400476932525635,-0.03532668948173523,0.4543412923812866,0.7161516547203064,-0.0491504929959774,0.419325053691864,0.7040206789970398,-0.0632389634847641,0.524707555770874,0.6187681555747986,-0.015173741616308689,0.5083640813827515,0.5539681315422058,-0.02831260859966278,0.5009490251541138,0.5118573904037476,-0.0411720909178257,0.49633291363716125,0.4751235842704773,-0.051595065742731094,0.5519026517868042,0.6064337491989136,-0.01840311847627163,0.5454124212265015,0.5279977321624756,-0.0279740821570158,0.5431506037712097,0.4789010286331177,-0.037502121180295944,0.542687714099884,0.437701016664505,-0.0458533875644207,0.5786597728729248,0.6107791066169739,-0.025261377915740013,0.578179121017456,0.5399466156959534,-0.03576795756816864,0.5774655938148499,0.49370306730270386,-0.04403369501233101,0.5753971338272095,0.45316335558891296,-0.05150209739804268,0.6054473519325256,0.6283857822418213,-0.03473377600312233,0.6146653890609741,0.5787948966026306,-0.044314123690128326,0.6168375611305237,0.5444274544715881,-0.049085184931755066,0.6154702305793762,0.5122085809707642,-0.05365221947431564
0.5860708355903625,0.7828395962715149,3.952138456497778e-07,0.5374122262001038,0.7701268196105957,-0.02034672349691391,0.4929265081882477,0.739706814289093,-0.03456193208694458,0.4551180899143219,0.7159651517868042,-0.048191070556640625,0.4201165437698364,0.7033127546310425,-0.062157031148672104,0.5248396992683411,0.6183204650878906,-0.014605463482439518,0.5082945227622986,0.5531120300292969,-0.027532974258065224,0.5014718174934387,0.5111181735992432,-0.04032668471336365,0.49752679467201233,0.47394412755966187,-0.050619520246982574,0.5526849627494812,0.6058959364891052,-0.017964648082852364,0.5460232496261597,0.5272684693336487,-0.027143754065036774,0.5438219308853149,0.47808343172073364,-0.03677068278193474,0.5433453917503357,0.43625104427337646,-0.04526374861598015,0.5799502730369568,0.6099850535392761,-0.024840256199240685,0.5792937278747559,0.5396578907966614,-0.034575026482343674,0.5781086683273315,0.49364161491394043,-0.04245695099234581,0.5758218765258789,0.4532340168952942,-0.049747057259082794,0.6067004799842834,0.6269680261611938,-0.03433331847190857,0.6150296926498413,0.5765467286109924,-0.04293007776141167,0.6173364520072937,0.5421701669692993,-0.046900492161512375,0.616520881652832,0.5100769996643066,-0.05095437541604042
0.5887113213539124,0.7818115949630737,3.9270059914997546e-07,0.5407540202140808,0.7688266038894653,-0.020494947209954262,0.49671313166618347,0.7380388975143433,-0.034951239824295044,0.4587630033493042,0.7136881947517395,-0.04876174032688141,0.42337149381637573,0.7015380859375,-0.06288113445043564,0.5287123918533325,0.6170709729194641,-0.015220369212329388,0.5121846795082092,0.5515069365501404,-0.028190961107611656,0.5053629279136658,0.5095884799957275,-0.04080663621425629,0.5013588070869446,0.47270965576171875,-0.050946202129125595,0.5561834573745728,0.6048008799552917,-0.01838052272796631,0.5500448346138,0.5259899497032166,-0.02778634801506996,0.5480371117591858,0.4770580530166626,-0.037292417138814926,0.5477187037467957,0.43571606278419495,-0.04562508687376976,0.5831798911094666,0.6091418862342834,-0.0250102486461401,0.5828484296798706,0.5383144617080688,-0.03491777181625366,0.581832766532898,0.4922889471054077,-0.04277053847908974,0.5797098875045776,0.4520072340965271,-0.04997231066226959,0.6097084879875183,0.6262067556381226,-0.034228771924972534,0.618202269077301,0.5757145881652832,-0.04295099154114723,0.6203758716583252,0.5410970449447632,-0.047031305730342865,0.619374692440033,0.5087764263153076,-0.051121752709150314
0.593002438545227,0.7790827751159668,3.893019595579972e-07,0.5446669459342957,0.7655432820320129,-0.020449871197342873,0.5006814002990723,0.7351792454719543,-0.03467557206749916,0.4636569321155548,0.7108469009399414,-0.048262760043144226,0.4292278587818146,0.6981213688850403,-0.062196556478738785,0.5336718559265137,0.6148084402084351,-0.014729529619216919,0.5173450708389282,0.5500549077987671,-0.02733352780342102,0.5109875202178955,0.508216142654419,-0.03970963880419731,0.5074486136436462,0.4714183807373047,-0.049662310630083084,0.5616504549980164,0.6027023792266846,-0.017849959433078766,0.5559218525886536,0.5243186950683594,-0.026702620089054108,0.5541514158248901,0.47605305910110474,-0.035919856280088425,0.5537813305854797,0.4347914457321167,-0.04403642192482948,0.5889353156089783,0.6070901155471802,-0.0244494266808033,0.5880244970321655,0.5365207195281982,-0.0338594913482666,0.586672842502594,0.4910217821598053,-0.041369788348674774,0.5843658447265625,0.45103880763053894,-0.048347108066082,0.6154885292053223,0.6240031719207764,-0.03366183117032051,0.6231732368469238,0.5735143423080444,-0.04192983731627464,0.6254662275314331,0.5394432544708252,-0.045568905770778656,0.625106930732727,0.5076934099197388,-0.049335356801748276
0.5970052480697632,0.7791133522987366,3.8037708804949943e-07,0.5488889217376709,0.7658922672271729,-0.020340224727988243,0.505803644657135,0.733964741230011,-0.03434054180979729,0.46879667043685913,0.7087405920028687,-0.04757623001933098,0.43349629640579224,0.6973865032196045,-0.061192598193883896,0.5389983057975769,0.6150059700012207,-0.01496949139982462,0.5232079029083252,0.5498759150505066,-0.02740141935646534,0.5173049569129944,0.5079342126846313,-0.03949078917503357,0.5142790675163269,0.4714450240135193,-0.04932355880737305,0.5671886801719666,0.6031525135040283,-0.018033117055892944,0.5621540546417236,0.5251690745353699,-0.026839982718229294,0.5608385801315308,0.47751694917678833,-0.03591374680399895,0.5605835318565369,0.4374741315841675,-0.043961551040410995,0.5943104028701782,0.6079250574111938,-0.024556420743465424,0.59418785572052,0.5375137329101562,-0.034255463629961014,0.5927338600158691,0.49212414026260376,-0.04215257614850998,0.5899238586425781,0.4522998631000519,-0.04945077747106552,0.6206751465797424,0.6251671314239502,-0.03357812762260437,0.6293188333511353,0.5757783651351929,-0.042462680488824844,0.6318114399909973,0.5415253639221191,-0.04675694927573204,0.6310495734214783,0.5094239711761475,-0.05101574584841728
0.6004891991615295,0.7833459973335266,3.8980786598585837e-07,0.5516570806503296,0.7692082524299622,-0.02057393081486225,0.5083492994308472,0.7375679016113281,-0.03471232205629349,0.47121724486351013,0.7115610241889954,-0.048188358545303345,0.4359789490699768,0.6999334096908569,-0.06202543526887894,0.5420441031455994,0.6188300848007202,-0.014570075087249279,0.5260030031204224,0.5541398525238037,-0.027331670746207237,0.5197474360466003,0.5119444131851196,-0.03983205184340477,0.5162386894226074,0.4748939275741577,-0.04995357245206833,0.5698339939117432,0.6068270802497864,-0.01767864264547825,0.5650132298469543,0.5285972356796265,-0.026663649827241898,0.5637562870979309,0.48055702447891235,-0.035792697221040726,0.5635944604873657,0.4398975968360901,-0.0438496358692646,0.5967651605606079,0.6114495992660522,-0.024343160912394524,0.5965831875801086,0.5410767197608948,-0.03397104889154434,0.5950929522514343,0.49556964635849,-0.04155141860246658,0.5925039052963257,0.4556907117366791,-0.048613812774419785,0.6232060194015503,0.6287391781806946,-0.03363262489438057,0.6319755911827087,0.5791981220245361,-0.04225185140967369,0.6344753503799438,0.5449130535125732,-0.04621834307909012,0.6339654326438904,0.5127847194671631,-0.05024593323469162
0.5977055430412292,0.7774677872657776,3.835226607407094e-07,0.5496608018875122,0.7642859220504761,-0.019956234842538834,0.5059586763381958,0.7322235107421875,-0.03365191072225571,0.46846672892570496,0.7070749998092651,-0.04662492871284485,0.4331832826137543,0.6964667439460754,-0.05995874106884003,0.5388867855072021,0.613320529460907,-0.014342348091304302,0.5229333639144897,0.5491217970848083,-0.026688670739531517,0.5168893337249756,0.5071861743927002,-0.0388714037835598,0.5135050415992737,0.4709468483924866,-0.04878837615251541,0.5667439699172974,0.601285457611084,-0.017434395849704742,0.5618105530738831,0.5240117311477661,-0.02607891336083412,0.5604515671730042,0.47633928060531616,-0.03504267334938049,0.5600287318229675,0.43647950887680054,-0.04304570332169533,0.5936402082443237,0.6058946251869202,-0.023965060710906982,0.5937569737434387,0.5359210968017578,-0.033408842980861664,0.5921506881713867,0.49057096242904663,-0.04118390381336212,0.5890365839004517,0.4509928822517395,-0.048455338925123215,0.6198230385780334,0.6234844326972961,-0.032987259328365326,0.6292162537574768,0.5746160745620728,-0.04167554900050163,0.6315923929214478,0.5405641198158264,-0.04591137170791626,0.6304961442947388,0.5087203979492188,-0.05014517530798912
0.5883510112762451,0.782028317451477,3.881950760842301e-07,0.5398988127708435,0.7691543102264404,-0.02030402235686779,0.4961906373500824,0.7378947734832764,-0.034370847046375275,0.4587783217430115,0.7138456106185913,-0.04773491993546486,0.4238872230052948,0.7028675079345703,-0.06149989366531372,0.5290005207061768,0.6180403232574463,-0.015071338042616844,0.513160765171051,0.5532320737838745,-0.02783660776913166,0.5064784288406372,0.5109808444976807,-0.04041798412799835,0.5024418830871582,0.4741799235343933,-0.05062732845544815,0.5568135976791382,0.6055763363838196,-0.018336450681090355,0.5513144731521606,0.5273027420043945,-0.02745332010090351,0.5488154292106628,0.4788036048412323,-0.036776479333639145,0.5474043488502502,0.43798986077308655,-0.044978927820920944,0.5837182402610779,0.609650194644928,-0.025063537061214447,0.5830602049827576,0.538502037525177,-0.03500371798872948,0.5811086297035217,0.4926484227180481,-0.04294949024915695,0.5777419805526733,0.45242342352867126,-0.05025007575750351,0.6100747585296631,0.6267527937889099,-0.03432479873299599,0.6189106702804565,0.5771232843399048,-0.04340266063809395,0.6212292313575745,0.5425437688827515,-0.047693680971860886,0.6201146841049194,0.5100387334823608,-0.0518927127122879
0.5847371816635132,0.7769094705581665,3.8653146816614026e-07,0.5363791584968567,0.7637799978256226,-0.0193953700363636,0.492465078830719,0.7344263195991516,-0.033296409994363785,0.4547739624977112,0.7127149105072021,-0.046747464686632156,0.4200156331062317,0.7021058201789856,-0.060595545917749405,0.5240738391876221,0.6138020157814026,-0.013771528378129005,0.5072002410888672,0.5496917366981506,-0.026251500472426414,0.5001000165939331,0.5081483125686646,-0.038695164024829865,0.4956614375114441,0.47207558155059814,-0.04877086728811264,0.551409125328064,0.6015923023223877,-0.01743507944047451,0.545290470123291,0.5241098403930664,-0.026251643896102905,0.5429813265800476,0.47616034746170044,-0.035520706325769424,0.5421290993690491,0.43596792221069336,-0.04370389133691788,0.578188419342041,0.6057014465332031,-0.02455410361289978,0.5772476196289062,0.5353761911392212,-0.034051500260829926,0.5753375887870789,0.49008727073669434,-0.04186597838997841,0.5722113251686096,0.45032498240470886,-0.04912196844816208,0.6047024726867676,0.6228117346763611,-0.03416813910007477,0.613311767578125,0.573077917098999,-0.04271341487765312,0.6153520941734314,0.538989245891571,-0.046721622347831726,0.614099383354187,0.5069701671600342,-0.05077555403113365
0.5836507081985474,0.7746582627296448,3.893581776992505e-07,0.5353908538818359,0.7624722719192505,-0.01995958387851715,0.49187594652175903,0.7332772016525269,-0.0341632105410099,0.4547805190086365,0.7108949422836304,-0.047777291387319565,0.42002058029174805,0.7006571292877197,-0.06183323636651039,0.5237056612968445,0.6128877997398376,-0.01489859540015459,0.5069078207015991,0.5485031604766846,-0.027673443779349327,0.49980849027633667,0.5068302750587463,-0.04035838693380356,0.49525582790374756,0.470476895570755,-0.05058824643492699,0.551060140132904,0.6006539463996887,-0.018293142318725586,0.5446242094039917,0.5224730968475342,-0.027442893013358116,0.5418766140937805,0.4742085933685303,-0.0370120145380497,0.5404222011566162,0.433474600315094,-0.04534332826733589,0.5780425071716309,0.6045888662338257,-0.02508474327623844,0.5756291151046753,0.5341596603393555,-0.03482295945286751,0.5728475451469421,0.48851633071899414,-0.04293069615960121,0.5690314769744873,0.44841739535331726,-0.05034197121858597,0.6050981879234314,0.6211875677108765,-0.03438069671392441,0.61314457654953,0.5715057849884033,-0.04299811273813248,0.6150562763214111,0.5374890565872192,-0.04706532880663872,0.613689661026001,0.5054830312728882,-0.0511445552110672
0.5854564905166626,0.7792519330978394,3.813784985595703e-07,0.5377078056335449,0.7671212553977966,-0.020191382616758347,0.49411627650260925,0.7362269759178162,-0.034229718148708344,0.45691320300102234,0.7131556272506714,-0.04767804592847824,0.4222794771194458,0.7021358013153076,-0.061470095068216324,0.5271543264389038,0.6152865886688232,-0.014514465816318989,0.5104587078094482,0.5506729483604431,-0.027227774262428284,0.5030897259712219,0.5088844299316406,-0.039793699979782104,0.4984208345413208,0.4725661277770996,-0.04995591565966606,0.5543468594551086,0.6036451458930969,-0.01774938777089119,0.5471635460853577,0.5254209041595459,-0.027060948312282562,0.5439031720161438,0.4771227240562439,-0.036479998379945755,0.5418864488601685,0.43613824248313904,-0.04455145075917244,0.5814533233642578,0.6075765490531921,-0.024478474631905556,0.5772407054901123,0.5369260311126709,-0.0344880074262619,0.57352614402771,0.49185386300086975,-0.04238887131214142,0.5688693523406982,0.4519301652908325,-0.04946848377585411,0.6090463399887085,0.6240110993385315,-0.033768389374017715,0.6171268820762634,0.5738629102706909,-0.04259885102510452,0.6189767718315125,0.5393292307853699,-0.04679233208298683,0.6172618269920349,0.5069226622581482,-0.05084792524576187
0.5857635140419006,0.7790567874908447,3.788005926708138e-07,0.5373634099960327,0.7671114206314087,-0.020184431225061417,0.49358975887298584,0.7367514371871948,-0.0340731143951416,0.4559106230735779,0.7144750356674194,-0.047421906143426895,0.420990526676178,0.7046204209327698,-0.06120070442557335,0.5264164805412292,0.6163208484649658,-0.014354495331645012,0.5094575881958008,0.5517507791519165,-0.027156105265021324,0.5020512342453003,0.5097314715385437,-0.039832718670368195,0.49734681844711304,0.47312867641448975,-0.05009448900818825,0.5534675717353821,0.6039896011352539,-0.017539234831929207,0.5462999939918518,0.526457667350769,-0.026996932923793793,0.543050229549408,0.47819221019744873,-0.03652966022491455,0.5409846901893616,0.4372759461402893,-0.04469040036201477,0.5803614854812622,0.6073909997940063,-0.024242816492915154,0.5760207772254944,0.5374227166175842,-0.03446356579661369,0.5722844004631042,0.49278223514556885,-0.042545463889837265,0.5677155256271362,0.45342323184013367,-0.04970000311732292,0.6076322793960571,0.6235191822052002,-0.03350819647312164,0.6158165335655212,0.5743557214736938,-0.04255061596632004,0.6180986166000366,0.5402877330780029,-0.04688483476638794,0.6170405149459839,0.508226215839386,-0.0510144904255867
0.5858185291290283,0.7804125547409058,3.8235017996157694e-07,0.5382246971130371,0.766992449760437,-0.019584227353334427,0.49401843547821045,0.7359933853149414,-0.03353266417980194,0.4560602009296417,0.7146824598312378,-0.046974919736385345,0.4209875464439392,0.7048008441925049,-0.06079227477312088,0.5260906219482422,0.616120457649231,-0.014610198326408863,0.5090295672416687,0.5514446496963501,-0.027470389381051064,0.5015357732772827,0.5095440149307251,-0.04003223404288292,0.49659669399261475,0.4735528826713562,-0.05017441511154175,0.5530821084976196,0.6044281721115112,-0.018233289942145348,0.5457756519317627,0.5263470411300659,-0.027667051181197166,0.5423713326454163,0.4777642488479614,-0.03733183443546295,0.5401245951652527,0.4370589554309845,-0.04566511511802673,0.5800657868385315,0.6087186336517334,-0.02527596428990364,0.5760220289230347,0.5377553701400757,-0.035502947866916656,0.5725885033607483,0.49247485399246216,-0.044031981378793716,0.5679190158843994,0.4527001976966858,-0.05161109194159508,0.60748291015625,0.6259142756462097,-0.03474520519375801,0.6158089637756348,0.5759419798851013,-0.044021230190992355,0.6175743341445923,0.5413633584976196,-0.04878822714090347,0.6155810356140137,0.5088973045349121,-0.05328131839632988
0.5871247053146362,0.7792465090751648,3.96165489746636e-07,0.538542628288269,0.7666340470314026,-0.020077412948012352,0.49395209550857544,0.7366876602172852,-0.03454245626926422,0.45523786544799805,0.7146471738815308,-0.048435330390930176,0.419343501329422,0.7056729793548584,-0.06273486465215683,0.5262132883071899,0.6164612770080566,-0.01554659940302372,0.5097674131393433,0.5512955188751221,-0.02881692349910736,0.5027226209640503,0.5091320276260376,-0.04168487340211868,0.49816906452178955,0.4727684259414673,-0.05190190672874451,0.5534273386001587,0.6044906377792358,-0.018961967900395393,0.5465834140777588,0.5256351828575134,-0.0283905491232872,0.5435612797737122,0.4770687520503998,-0.03778931871056557,0.5419439673423767,0.43649065494537354,-0.045904505997896194,0.5806897282600403,0.6084343194961548,-0.025782044976949692,0.5782137513160706,0.5372229218482971,-0.035463351756334305,0.5752410292625427,0.4914339780807495,-0.043127987533807755,0.5712060332298279,0.4515959918498993,-0.05017508193850517,0.6080331802368164,0.62505704164505,-0.03515585884451866,0.6160073280334473,0.5745840072631836,-0.043436937034130096,0.6175929307937622,0.540244460105896,-0.04705538973212242,0.6159610748291016,0.5084527730941772,-0.0507744736969471
0.5858472585678101,0.7769615650177002,3.8213769926187524e-07,0.5373756289482117,0.7649749517440796,-0.01968833990395069,0.493216872215271,0.734726071357727,-0.03319096937775612,0.45583856105804443,0.7122719287872314,-0.04615829885005951,0.4208843410015106,0.7026124000549316,-0.059621233493089676,0.526340663433075,0.6138297915458679,-0.013609378598630428,0.5102972388267517,0.5499297976493835,-0.025581195950508118,0.5035949945449829,0.5084170699119568,-0.037483327090740204,0.49985644221305847,0.47252342104911804,-0.04719214886426926,0.5541777014732361,0.6013423204421997,-0.017009567469358444,0.5483363270759583,0.523633599281311,-0.025286123156547546,0.5463511943817139,0.47567254304885864,-0.034135330468416214,0.5460352897644043,0.4354077875614166,-0.042024023830890656,0.5812472105026245,0.6055638194084167,-0.023928554728627205,0.5823513865470886,0.5351800322532654,-0.033531274646520615,0.5823538899421692,0.4890212416648865,-0.04164357855916023,0.5810285210609436,0.4488071799278259,-0.04900328069925308,0.6073417663574219,0.622901976108551,-0.03331952542066574,0.6165938377380371,0.5738363265991211,-0.042131200432777405,0.619709849357605,0.5401681065559387,-0.04633675143122673,0.6194722056388855,0.5089282393455505,-0.05050535500049591
0.5855449438095093,0.7791025042533875,3.69401192301666e-07,0.5377328991889954,0.7671898603439331,-0.019465720281004906,0.49372103810310364,0.7362059950828552,-0.032525911927223206,0.456143856048584,0.7143421173095703,-0.044956665486097336,0.42084744572639465,0.7042853236198425,-0.0578492172062397,0.5261309742927551,0.6153411269187927,-0.013489760458469391,0.5101169943809509,0.5501534938812256,-0.024705249816179276,0.5027977228164673,0.5087908506393433,-0.035997774451971054,0.4979599118232727,0.4730220437049866,-0.04547262191772461,0.5540918111801147,0.6032189130783081,-0.016878856346011162,0.5478700399398804,0.5255030989646912,-0.02467871829867363,0.5453823208808899,0.47765040397644043,-0.03346520662307739,0.5441794395446777,0.4378865361213684,-0.04145994037389755,0.5813654065132141,0.607860267162323,-0.023701613768935204,0.5821993350982666,0.5370678901672363,-0.033208757638931274,0.5818161368370056,0.4905863404273987,-0.04173976927995682,0.5796694755554199,0.4497842788696289,-0.04951537400484085,0.6076982617378235,0.6255443096160889,-0.032889436930418015,0.6167103052139282,0.5762264132499695,-0.04198354482650757,0.619597315788269,0.5423802137374878,-0.04663989692926407,0.6188644170761108,0.5106244683265686,-0.05120057612657547
0.5879268050193787,0.7829017639160156,3.9230528159350797e-07,0.540008544921875,0.7704914808273315,-0.020715713500976562,0.4960220456123352,0.7397996187210083,-0.035212643444538116,0.45823052525520325,0.7163066864013672,-0.048971664160490036,0.42311713099479675,0.7044737339019775,-0.0631139874458313,0.5295141339302063,0.6191420555114746,-0.01590113155543804,0.5132508873939514,0.5540181398391724,-0.028958085924386978,0.5063340663909912,0.5123573541641235,-0.041623275727033615,0.5022218227386475,0.4754675030708313,-0.051900703459978104,0.5575977563858032,0.6068481206893921,-0.019182417541742325,0.5514512658119202,0.5276854634284973,-0.028515873476862907,0.5493517518043518,0.47873154282569885,-0.0381082147359848,0.548867404460907,0.4370695948600769,-0.04655998945236206,0.5851101875305176,0.6116757392883301,-0.025917360559105873,0.5849741697311401,0.5398430824279785,-0.03619522973895073,0.5842798948287964,0.4934736490249634,-0.04441241919994354,0.5822608470916748,0.4524914026260376,-0.051862917840480804,0.6118175387382507,0.6296473145484924,-0.03519275039434433,0.6203053593635559,0.5790704488754272,-0.04440513625741005,0.6229665875434875,0.5450156331062317,-0.04864209145307541,0.6225166916847229,0.5130422115325928,-0.052859269082546234
0.5885136723518372,0.7827516198158264,3.951558085191209e-07,0.5411586165428162,0.7686834335327148,-0.020775824785232544,0.4976901113986969,0.7375727891921997,-0.03540768846869469,0.45997971296310425,0.7147156596183777,-0.04921479523181915,0.42498743534088135,0.7029182314872742,-0.0634273886680603,0.5304778814315796,0.6178980469703674,-0.01674179546535015,0.5154944062232971,0.5527481436729431,-0.03027031198143959,0.5093012452125549,0.51102215051651,-0.0432933084666729,0.5056896209716797,0.47402051091194153,-0.053818490356206894,0.5583947896957397,0.6062844395637512,-0.020055964589118958,0.553137481212616,0.5278127193450928,-0.030079994350671768,0.5515962839126587,0.4787468910217285,-0.04010241851210594,0.551593542098999,0.43712571263313293,-0.048819221556186676,0.5857784748077393,0.6118202805519104,-0.026780955493450165,0.5864499807357788,0.54052734375,-0.03765324875712395,0.5859927535057068,0.493768572807312,-0.046297382563352585,0.5841138958930969,0.4521726369857788,-0.054000597447156906,0.6125212907791138,0.630530595779419,-0.03598836436867714,0.6218620538711548,0.5802788138389587,-0.04573691636323929,0.6246066093444824,0.5459001660346985,-0.05032960698008537,0.6240444183349609,0.5132942199707031,-0.05475033447146416
0.5879439115524292,0.7830225229263306,3.8421950421252404e-07,0.5404300689697266,0.7695234417915344,-0.0195953156799078,0.4967278242111206,0.7380576133728027,-0.03322895988821983,0.45919883251190186,0.7153003215789795,-0.0463300421833992,0.42411914467811584,0.7035942077636719,-0.0598616898059845,0.5301540493965149,0.617119312286377,-0.01408999040722847,0.5150685906410217,0.5515921711921692,-0.02617586962878704,0.5081732273101807,0.5098057389259338,-0.03824559599161148,0.5037267804145813,0.47336819767951965,-0.04819292947649956,0.5579443573951721,0.6057654023170471,-0.017696604132652283,0.552295446395874,0.5273219347000122,-0.026344625279307365,0.5503930449485779,0.47869646549224854,-0.03564928472042084,0.5499256253242493,0.4377724230289459,-0.04391837492585182,0.5851642489433289,0.6109391450881958,-0.024722995236516,0.5855532884597778,0.5397771000862122,-0.034535616636276245,0.5851404070854187,0.49333691596984863,-0.04277089610695839,0.5831853747367859,0.45218783617019653,-0.05028623715043068,0.6118000149726868,0.6289856433868408,-0.03418530523777008,0.6211525201797485,0.5788895487785339,-0.043176840990781784,0.6241326332092285,0.5446672439575195,-0.04748416692018509,0.6236467361450195,0.5124164819717407,-0.051758088171482086
0.5882234573364258,0.7844904661178589,3.8666954083055316e-07,0.540644645690918,0.7708958983421326,-0.020018501207232475,0.49671974778175354,0.7389993071556091,-0.03397148475050926,0.4586688280105591,0.7159525156021118,-0.047344233840703964,0.42277073860168457,0.7057085633277893,-0.06112869083881378,0.5300695300102234,0.6184289455413818,-0.014366324059665203,0.5144531726837158,0.5535929799079895,-0.026709312573075294,0.5075446963310242,0.5118192434310913,-0.03896962106227875,0.5033432245254517,0.4752443730831146,-0.04902537539601326,0.5575932264328003,0.6071081757545471,-0.017857206985354424,0.5516998171806335,0.52898108959198,-0.026704931631684303,0.5498185753822327,0.4803789258003235,-0.03600069135427475,0.5496126413345337,0.43916812539100647,-0.04420134425163269,0.5848342180252075,0.6123036742210388,-0.02481541410088539,0.5846160650253296,0.5414358973503113,-0.03471280634403229,0.583922266960144,0.4950990378856659,-0.04281537979841232,0.5820444822311401,0.45413246750831604,-0.050164639949798584,0.611609935760498,0.6302786469459534,-0.03427907079458237,0.6205403804779053,0.5801762938499451,-0.04309145733714104,0.6235105991363525,0.5457085371017456,-0.04720882326364517,0.623326301574707,0.5133045315742493,-0.05133797600865364
0.5882867574691772,0.7842082381248474,3.9854523947724374e-07,0.5397661328315735,0.7691588401794434,-0.021197613328695297,0.4959771931171417,0.7378773093223572,-0.036125291138887405,0.45777493715286255,0.7136584520339966,-0.050213977694511414,0.42210209369659424,0.7006990909576416,-0.06454506516456604,0.528022050857544,0.6188417077064514,-0.016580164432525635,0.5129322409629822,0.5526898503303528,-0.03028634749352932,0.5063008666038513,0.5102362632751465,-0.0433889739215374,0.5020827054977417,0.472976952791214,-0.05385203659534454,0.5559566617012024,0.6073336005210876,-0.019596071913838387,0.5502527356147766,0.5285484790802002,-0.0293826162815094,0.5484856367111206,0.47960788011550903,-0.039118003100156784,0.5480049252510071,0.43805450201034546,-0.047593411058187485,0.5834783315658569,0.6120326519012451,-0.026126936078071594,0.5834469795227051,0.5407901406288147,-0.03641051799058914,0.5828161239624023,0.49445217847824097,-0.0444616936147213,0.5806393027305603,0.45380663871765137,-0.051766205579042435,0.6105808615684509,0.6292004585266113,-0.035266704857349396,0.6192957758903503,0.5788471102714539,-0.04427226632833481,0.6216273307800293,0.5445050597190857,-0.04838915914297104,0.6207992434501648,0.5127270221710205,-0.05244743824005127
0.5930876731872559,0.7842977643013,3.6390972013577993e-07,0.5451061725616455,0.7707704901695251,-0.01887536235153675,0.5018364191055298,0.7384845018386841,-0.03190528228878975,0.46480417251586914,0.7143362164497375,-0.044442068785429,0.429500937461853,0.7020553350448608,-0.05752851814031601,0.5330406427383423,0.6188699007034302,-0.013622896745800972,0.5178205370903015,0.5540136694908142,-0.026035089045763016,0.511043906211853,0.5127009153366089,-0.03860456869006157,0.5063847899436951,0.47553738951683044,-0.049090560525655746,0.5613773465156555,0.6064712405204773,-0.01767527498304844,0.5557792782783508,0.5292022824287415,-0.026593446731567383,0.5538325309753418,0.4810749590396881,-0.03655054047703743,0.5525447130203247,0.43984901905059814,-0.04554085433483124,0.5887660980224609,0.611388623714447,-0.025048725306987762,0.5888561606407166,0.54063481092453,-0.0352344773709774,0.5877294540405273,0.49429917335510254,-0.04395380616188049,0.584798276424408,0.45298293232917786,-0.05201981961727142,0.615522027015686,0.6295848488807678,-0.03472794219851494,0.6248302459716797,0.5802680850028992,-0.044221874326467514,0.6277016997337341,0.5458025932312012,-0.048893559724092484,0.6270626187324524,0.5131784677505493,-0.05356982350349426
0.5904993414878845,0.7837765216827393,3.593123381051555e-07,0.5420271754264832,0.7712968587875366,-0.017668819054961205,0.49737706780433655,0.7385361790657043,-0.029391508549451828,0.4603312909603119,0.7145090103149414,-0.04068787023425102,0.42584043741226196,0.7027505040168762,-0.05256868898868561,0.5281722545623779,0.6192861795425415,-0.012762033380568027,0.5127654075622559,0.5533953905105591,-0.02462022192776203,0.5060200095176697,0.5117219686508179,-0.03667646273970604,0.5013301968574524,0.47468382120132446,-0.04669884964823723,0.5563462972640991,0.60679030418396,-0.01697365753352642,0.5499978065490723,0.5289227962493896,-0.02527293935418129,0.548142671585083,0.48083770275115967,-0.03477395325899124,0.5471245050430298,0.44032666087150574,-0.043367356061935425,0.5837371349334717,0.6113402247428894,-0.024360433220863342,0.5828096866607666,0.5401570796966553,-0.033970169723033905,0.5819574594497681,0.49429792165756226,-0.04232833907008171,0.579476535320282,0.4538366198539734,-0.05008411407470703,0.6105812788009644,0.6288689374923706,-0.03393970802426338,0.618862509727478,0.5790064334869385,-0.0429699644446373,0.6217155456542969,0.5446712970733643,-0.047284942120313644,0.6215349435806274,0.5124512314796448,-0.05163292586803436
0.5901049375534058,0.7832513451576233,3.5936724884777504e-07,0.5420805811882019,0.7711477875709534,-0.017708182334899902,0.49813875555992126,0.7388637065887451,-0.029793906956911087,0.46160250902175903,0.7150523066520691,-0.04149167984724045,0.4271352291107178,0.7027092576026917,-0.053819440305233,0.5289857387542725,0.6192824840545654,-0.013084106147289276,0.5133371949195862,0.5536887645721436,-0.025118382647633553,0.5069304704666138,0.5119936466217041,-0.03720837086439133,0.5028957724571228,0.47518277168273926,-0.0471978560090065,0.5569089651107788,0.6069785356521606,-0.017365073785185814,0.5504592061042786,0.5287960171699524,-0.025944149121642113,0.5486248135566711,0.4804231524467468,-0.035624004900455475,0.5478412508964539,0.439892053604126,-0.0443282388150692,0.5841324925422668,0.6117526888847351,-0.024819932878017426,0.5832265019416809,0.5403284430503845,-0.03467686101794243,0.582144558429718,0.49400097131729126,-0.04349122941493988,0.5794730186462402,0.4532034397125244,-0.05159007012844086,0.6109859347343445,0.6296175122261047,-0.03443804383277893,0.6197418570518494,0.5795843005180359,-0.04374552145600319,0.6225190162658691,0.5449523329734802,-0.04853884503245354,0.6219321489334106,0.51244056224823,-0.05326985940337181
0.5896507501602173,0.781792163848877,3.520847542404226e-07,0.541953444480896,0.7696549892425537,-0.0179310142993927,0.4982389807701111,0.7371875643730164,-0.029995543882250786,0.4617081880569458,0.7127929329872131,-0.041720785200595856,0.42703285813331604,0.7009475231170654,-0.05409638211131096,0.5298203825950623,0.6179999113082886,-0.012680178508162498,0.5139623880386353,0.553252100944519,-0.024738486856222153,0.5069338083267212,0.5117424726486206,-0.03698272258043289,0.5021964907646179,0.4747774600982666,-0.04719185829162598,0.5575144290924072,0.60535728931427,-0.01686914823949337,0.5507370829582214,0.5276715159416199,-0.025599896907806396,0.5485842227935791,0.47943902015686035,-0.03531333804130554,0.547540009021759,0.43872615694999695,-0.04405326768755913,0.5845239758491516,0.6097753047943115,-0.024301204830408096,0.5833714604377747,0.5388056635856628,-0.03423665091395378,0.5820654630661011,0.4926590323448181,-0.04285217076539993,0.5791944861412048,0.45197826623916626,-0.050810568034648895,0.6112573146820068,0.6272310018539429,-0.0339663028717041,0.6197675466537476,0.577311635017395,-0.04320674017071724,0.6222826838493347,0.5426610708236694,-0.04785245656967163,0.6213538646697998,0.5101922154426575,-0.05251510813832283
0.5876263976097107,0.7780200839042664,3.585740273592819e-07,0.5386789441108704,0.7665989398956299,-0.022159220650792122,0.4950330853462219,0.7357010841369629,-0.03578467667102814,0.4599355459213257,0.7075756192207336,-0.04818333685398102,0.4296397268772125,0.6831583380699158,-0.06033671647310257,0.5261716246604919,0.6148682832717896,-0.015022705309092999,0.5096081495285034,0.5492458343505859,-0.027574744075536728,0.5017136335372925,0.5080007314682007,-0.04010862112045288,0.4963780343532562,0.47115957736968994,-0.050385572016239166,0.5541741251945496,0.6014636754989624,-0.017149921506643295,0.5473120808601379,0.5238488912582397,-0.025913042947649956,0.5443923473358154,0.4762311577796936,-0.03548671677708626,0.5426538586616516,0.4361953139305115,-0.04408837854862213,0.5807387828826904,0.6047888994216919,-0.023014158010482788,0.5797999501228333,0.5332231521606445,-0.03290087729692459,0.5780659914016724,0.48784682154655457,-0.0411696694791317,0.5748011469841003,0.4472694396972656,-0.04893234744668007,0.606882631778717,0.621340811252594,-0.03155732527375221,0.6149672865867615,0.5721980333328247,-0.041490551084280014,0.6171478033065796,0.5378772616386414,-0.04662460833787918,0.6161733865737915,0.5050131678581238,-0.051404405385255814
0.5864534974098206,0.7720178365707397,3.545258948634e-07,0.5378497242927551,0.7607305645942688,-0.022844554856419563,0.4942430257797241,0.7324599027633667,-0.036824535578489304,0.4604334235191345,0.7026113271713257,-0.04941056668758392,0.43302538990974426,0.6743190884590149,-0.06146516650915146,0.5272355079650879,0.6119614243507385,-0.015652654692530632,0.5102909803390503,0.5463437438011169,-0.02927420660853386,0.5020474195480347,0.5055967569351196,-0.042306385934352875,0.49674659967422485,0.46906739473342896,-0.052518732845783234,0.5545949339866638,0.5990809798240662,-0.017085419967770576,0.5468689203262329,0.521416425704956,-0.026662688702344894,0.5438606142997742,0.47349804639816284,-0.03637195751070976,0.5426581501960754,0.43327057361602783,-0.04474325478076935,0.581058919429779,0.6021632552146912,-0.022375673055648804,0.5792257189750671,0.532190203666687,-0.03232310712337494,0.5779134035110474,0.486876904964447,-0.04012785106897354,0.575467050075531,0.44697117805480957,-0.047193460166454315,0.6077355742454529,0.6175758242607117,-0.03050285018980503,0.6154566407203674,0.5680373311042786,-0.039627693593502045,0.6174359321594238,0.534271776676178,-0.04411390423774719,0.6165581941604614,0.5030199289321899,-0.04821522906422615
0.5922607779502869,0.77862548828125,3.633836058725137e-07,0.5442723631858826,0.7673973441123962,-0.02295329049229622,0.5006417632102966,0.7354438900947571,-0.03664637729525566,0.4665259122848511,0.7046116590499878,-0.04876862093806267,0.43885189294815063,0.6767805814743042,-0.060575973242521286,0.5335349440574646,0.6161975860595703,-0.0166903305798769,0.5174798965454102,0.550687313079834,-0.030201371759176254,0.5118561387062073,0.5092579126358032,-0.04290495812892914,0.5095344185829163,0.4724586606025696,-0.05299156904220581,0.5618171691894531,0.6033899784088135,-0.018209392204880714,0.5560628771781921,0.525577962398529,-0.028024179860949516,0.5542886853218079,0.4777582883834839,-0.037846703082323074,0.5537575483322144,0.43783318996429443,-0.04632669314742088,0.5886811017990112,0.6074488759040833,-0.023522602394223213,0.5884597301483154,0.5365158319473267,-0.034381650388240814,0.5870767831802368,0.4909682273864746,-0.04307705909013748,0.5844452977180481,0.4500665068626404,-0.050803542137145996,0.6151379942893982,0.624841570854187,-0.031500525772571564,0.6241629123687744,0.5759798288345337,-0.042086161673069,0.6273113489151001,0.5419403314590454,-0.04771995171904564,0.6274787187576294,0.5093318223953247,-0.052663858979940414
0.5902819633483887,0.7785420417785645,3.6125021551924874e-07,0.5421712398529053,0.7664613127708435,-0.02244100160896778,0.49922415614128113,0.7356675863265991,-0.03597750514745712,0.46604323387145996,0.7061747908592224,-0.048109158873558044,0.4394056797027588,0.6777299046516418,-0.05987120419740677,0.5316827297210693,0.6165667176246643,-0.015466557815670967,0.515540361404419,0.552040159702301,-0.028682786971330643,0.5093543529510498,0.5112758874893188,-0.04126431420445442,0.5064815282821655,0.4749027490615845,-0.05127762630581856,0.559996485710144,0.6034901142120361,-0.017297472804784775,0.5539109110832214,0.5262587070465088,-0.026906821876764297,0.5516766905784607,0.4784771800041199,-0.03670499473810196,0.5507140159606934,0.4381832480430603,-0.04512462764978409,0.5869334936141968,0.6071734428405762,-0.02295265719294548,0.5861436128616333,0.5367412567138672,-0.033725690096616745,0.5844465494155884,0.4912509024143219,-0.042339637875556946,0.5815282464027405,0.45017582178115845,-0.04993852972984314,0.6135019659996033,0.6241022348403931,-0.03124910593032837,0.6219432950019836,0.5752888321876526,-0.04170253500342369,0.6247095465660095,0.5411495566368103,-0.04713554307818413,0.624629557132721,0.508301854133606,-0.051883481442928314
0.5922418832778931,0.7759241461753845,3.6787378121516667e-07,0.544566810131073,0.7638791799545288,-0.023152152076363564,0.5020848512649536,0.7343611121177673,-0.03741965442895889,0.46876198053359985,0.7056270837783813,-0.05018789693713188,0.44206660985946655,0.6777302026748657,-0.06258900463581085,0.5348049998283386,0.6133330464363098,-0.0169198140501976,0.5190580487251282,0.5484811067581177,-0.03043472021818161,0.512479305267334,0.5073515176773071,-0.043237585574388504,0.5088604688644409,0.47081005573272705,-0.05348014831542969,0.5630403757095337,0.6005023121833801,-0.01848195120692253,0.5575996041297913,0.5232305526733398,-0.028251612558960915,0.5555352568626404,0.4754819869995117,-0.038033295422792435,0.5544657111167908,0.43504464626312256,-0.04656871408224106,0.5897984504699707,0.6046501994132996,-0.023880038410425186,0.5901243686676025,0.5339834094047546,-0.034786876291036606,0.5890150666236877,0.4886103868484497,-0.04354940727353096,0.5862482786178589,0.44786471128463745,-0.05136802792549133,0.6162839531898499,0.6224392652511597,-0.03197529911994934,0.6269016265869141,0.5738769173622131,-0.042734794318675995,0.6303769946098328,0.5400891304016113,-0.04847875237464905,0.6302443742752075,0.5076318383216858,-0.05350165441632271
0.5960841178894043,0.7801806926727295,3.7450786294357385e-07,0.5488320589065552,0.7690154910087585,-0.02419278584420681,0.5057147741317749,0.7388171553611755,-0.03894658014178276,0.47197508811950684,0.7095214128494263,-0.051965199410915375,0.44477325677871704,0.6815768480300903,-0.0645829439163208,0.5387115478515625,0.6175487041473389,-0.018089497461915016,0.5231112241744995,0.5517446994781494,-0.031258437782526016,0.5168576836585999,0.51064532995224,-0.04363879933953285,0.5136255621910095,0.4743089973926544,-0.0536101758480072,0.5674645304679871,0.6051039099693298,-0.019179383292794228,0.5623356699943542,0.5270520448684692,-0.02872513234615326,0.5602893829345703,0.4795030951499939,-0.03834214061498642,0.5592218637466431,0.43979960680007935,-0.04676274582743645,0.5944967865943909,0.6094310879707336,-0.024132469668984413,0.5950479507446289,0.5379541516304016,-0.035012148320674896,0.5938435196876526,0.49235963821411133,-0.04393915459513664,0.5911312103271484,0.45177173614501953,-0.051875147968530655,0.6209030151367188,0.6271015405654907,-0.03182189539074898,0.6309779286384583,0.5783160328865051,-0.0427362285554409,0.6344894170761108,0.5443980097770691,-0.04874597117304802,0.6346509456634521,0.5120595693588257,-0.053959570825099945
0.5961415767669678,0.7776376008987427,3.6419922366803803e-07,0.548123300075531,0.7668361067771912,-0.023675838485360146,0.5053685903549194,0.737109363079071,-0.037662386894226074,0.47292235493659973,0.7078962326049805,-0.04991253837943077,0.4479498565196991,0.6770302057266235,-0.061659641563892365,0.5370866656303406,0.6165568232536316,-0.01731502264738083,0.5219812393188477,0.5508817434310913,-0.03068000264465809,0.515852689743042,0.5099576711654663,-0.043369393795728683,0.5127027034759521,0.47317636013031006,-0.05352335050702095,0.5656144618988037,0.6032034158706665,-0.018512606620788574,0.5602918267250061,0.5259246826171875,-0.02810327149927616,0.5583655834197998,0.4779747724533081,-0.03803643211722374,0.5575604438781738,0.43783634901046753,-0.04672932252287865,0.5922686457633972,0.6069120764732361,-0.02356353960931301,0.5932239294052124,0.5360110998153687,-0.034301575273275375,0.5922801494598389,0.49051016569137573,-0.043267346918582916,0.5897157192230225,0.4496176838874817,-0.05130162090063095,0.6184564828872681,0.6243079900741577,-0.03132036700844765,0.6285396814346313,0.5762044787406921,-0.0421537309885025,0.6319925785064697,0.5423796772956848,-0.048092614859342575,0.6321642994880676,0.5097899436950684,-0.0532505139708519
0.5932117700576782,0.7735042572021484,3.755638715574605e-07,0.5452383756637573,0.7618400454521179,-0.024263976141810417,0.5025525689125061,0.7323461174964905,-0.03892096132040024,0.4692448377609253,0.7029435634613037,-0.051808495074510574,0.44447073340415955,0.6716974973678589,-0.0641249567270279,0.5339243412017822,0.6120592951774597,-0.017514381557703018,0.5182916522026062,0.5473906397819519,-0.031236344948410988,0.5117177963256836,0.5064166784286499,-0.04409068077802658,0.5084050297737122,0.47008028626441956,-0.05427960678935051,0.5621882081031799,0.5986653566360474,-0.018485073000192642,0.5566969513893127,0.5216677188873291,-0.028225192800164223,0.5544102191925049,0.474528968334198,-0.03782035782933235,0.5531873106956482,0.4346807599067688,-0.04614727571606636,0.588824450969696,0.6020325422286987,-0.02342657372355461,0.5889194011688232,0.5315722227096558,-0.03425251692533493,0.5875232219696045,0.48676565289497375,-0.042703356593847275,0.5845763087272644,0.446355402469635,-0.05028511583805084,0.6149002909660339,0.6192151308059692,-0.031184405088424683,0.6244202852249146,0.571120023727417,-0.04205208271741867,0.627657413482666,0.5373479127883911,-0.047833554446697235,0.6277928948402405,0.5046993494033813,-0.05280037969350815
0.5910040140151978,0.7667871713638306,3.7204688396741403e-07,0.542946994304657,0.7571340799331665,-0.024376852437853813,0.50021892786026,0.7294577360153198,-0.03883872553706169,0.4679934084415436,0.7004194259643555,-0.05146607384085655,0.4445374608039856,0.6688414216041565,-0.06349686533212662,0.5317488312721252,0.6084992289543152,-0.017460700124502182,0.5154792070388794,0.5440694689750671,-0.030903007835149765,0.5090267062187195,0.5037198066711426,-0.043487437069416046,0.505896270275116,0.4677613377571106,-0.05342957377433777,0.559967041015625,0.5950040221214294,-0.018094448372721672,0.5538107752799988,0.5182954668998718,-0.02781212329864502,0.5512312054634094,0.4713022708892822,-0.037574101239442825,0.5498876571655273,0.43174681067466736,-0.045958515256643295,0.5864374041557312,0.5983443260192871,-0.02268226072192192,0.5859713554382324,0.5285985469818115,-0.03365565091371536,0.5841938257217407,0.48383498191833496,-0.04254676774144173,0.5811282396316528,0.4437776207923889,-0.05029354616999626,0.6125921607017517,0.6150556802749634,-0.030029579997062683,0.6219376921653748,0.5667411684989929,-0.04102654755115509,0.624996542930603,0.5332179665565491,-0.04700744152069092,0.625023365020752,0.5009861588478088,-0.05203915014863014
0.592893660068512,0.7633785605430603,3.595322084493091e-07,0.5448614954948425,0.7526552677154541,-0.023025868460536003,0.5022714138031006,0.7242416143417358,-0.03641287982463837,0.47032493352890015,0.6945866346359253,-0.048202935606241226,0.4462529122829437,0.6635292768478394,-0.05950058251619339,0.5346441864967346,0.6051201224327087,-0.015626855194568634,0.5182377099990845,0.5409321784973145,-0.028712168335914612,0.5118449926376343,0.5008849501609802,-0.041158419102430344,0.508811354637146,0.4650764763355255,-0.05092747509479523,0.5625941753387451,0.5918705463409424,-0.01666896417737007,0.556372880935669,0.5154343843460083,-0.026104969903826714,0.553794801235199,0.4683750867843628,-0.03586723655462265,0.5526022911071777,0.429111123085022,-0.044181372970342636,0.5890907049179077,0.5952706933021545,-0.021589219570159912,0.5884240865707397,0.5262387990951538,-0.03218551725149155,0.5864111185073853,0.4814709424972534,-0.04103205353021622,0.583332359790802,0.441658079624176,-0.04867645353078842,0.6155678629875183,0.6115902662277222,-0.02916777692735195,0.6244367957115173,0.5631142854690552,-0.03949761763215065,0.6273333430290222,0.5297305583953857,-0.04503869637846947,0.6273285150527954,0.4979296326637268,-0.04975441098213196
0.5951416492462158,0.769451916217804,3.625466717949166e-07,0.5474001169204712,0.7575845718383789,-0.02218090556561947,0.5047212839126587,0.7267372608184814,-0.035957105457782745,0.47018253803253174,0.6974571347236633,-0.04837063327431679,0.4403912425041199,0.6735921502113342,-0.060658689588308334,0.5372157692909241,0.6096217036247253,-0.01624220982193947,0.5213836431503296,0.5457425713539124,-0.029335040599107742,0.5154461860656738,0.5051198601722717,-0.04175690934062004,0.5124832391738892,0.4689332842826843,-0.0517333522439003,0.5651963949203491,0.5970134735107422,-0.017987744882702827,0.5593534708023071,0.5207054615020752,-0.027599720284342766,0.5576218366622925,0.47388118505477905,-0.037259649485349655,0.5571233034133911,0.43430063128471375,-0.045665331184864044,0.5918575525283813,0.6013581156730652,-0.02336956188082695,0.5918006896972656,0.5320953130722046,-0.034174468368291855,0.590359628200531,0.4871894121170044,-0.04276471957564354,0.5875658988952637,0.4471995234489441,-0.0504043847322464,0.618270993232727,0.6186295747756958,-0.0312899686396122,0.6276773810386658,0.5702155828475952,-0.041645538061857224,0.6305009126663208,0.5366755127906799,-0.04698497802019119,0.6300132274627686,0.5047054886817932,-0.05176864564418793
0.5956588983535767,0.7669969201087952,3.553820704382815e-07,0.5474945902824402,0.7548794150352478,-0.021795880049467087,0.5043879151344299,0.724663257598877,-0.035322871059179306,0.4696594774723053,0.6956323385238647,-0.04758993908762932,0.4396510720252991,0.6728681921958923,-0.05978359654545784,0.5375580787658691,0.6074782013893127,-0.015810526907444,0.5210612416267395,0.5438417196273804,-0.02918512560427189,0.5147056579589844,0.5029168725013733,-0.041814520955085754,0.5115240812301636,0.4668636918067932,-0.05176698416471481,0.5649479627609253,0.5947902798652649,-0.01757088303565979,0.5581214427947998,0.5188417434692383,-0.027276277542114258,0.5560354590415955,0.4722035229206085,-0.03678244352340698,0.555589497089386,0.43300750851631165,-0.04491933062672615,0.5914067625999451,0.5985695123672485,-0.022978782653808594,0.5905474424362183,0.529559314250946,-0.03354110196232796,0.589006245136261,0.484741747379303,-0.04176108166575432,0.5864874124526978,0.4454774856567383,-0.04902442544698715,0.6178552508354187,0.6151314973831177,-0.030962172895669937,0.6269208192825317,0.5666975975036621,-0.0408802293241024,0.6295837759971619,0.5331884026527405,-0.045849356800317764,0.6292620897293091,0.5018929243087769,-0.05026322603225708
0.5955250859260559,0.7701164484024048,3.62087689609325e-07,0.5474406480789185,0.7582459449768066,-0.022530941292643547,0.5049626231193542,0.7275660634040833,-0.03651340305805206,0.4701900780200958,0.6980883479118347,-0.04913762956857681,0.4391707479953766,0.6761292219161987,-0.06160040944814682,0.537040114402771,0.6110247373580933,-0.01587804965674877,0.521618127822876,0.5472782850265503,-0.028713436797261238,0.5152645111083984,0.5064723491668701,-0.04098758473992348,0.5117873549461365,0.4702773690223694,-0.05086524039506912,0.5648143887519836,0.5977885723114014,-0.0174049511551857,0.5590675473213196,0.521820604801178,-0.026663416996598244,0.557022750377655,0.47531580924987793,-0.035920459777116776,0.5561100244522095,0.43596208095550537,-0.043950535356998444,0.59131920337677,0.6012469530105591,-0.022636771202087402,0.591183066368103,0.5319515466690063,-0.03309125080704689,0.5894747972488403,0.4871743321418762,-0.04133322462439537,0.5863922238349915,0.4478015601634979,-0.04866758733987808,0.6177295446395874,0.6175443530082703,-0.03048533946275711,0.6275302171707153,0.5695814490318298,-0.04042218625545502,0.6305364370346069,0.5362367033958435,-0.04546011984348297,0.6302630305290222,0.5050159096717834,-0.049974486231803894
0.5954629182815552,0.772980272769928,3.5608880466497794e-07,0.5472618937492371,0.760607898235321,-0.02254723198711872,0.5040102601051331,0.7299902439117432,-0.03632206469774246,0.4692230820655823,0.7004861235618591,-0.048697538673877716,0.439799427986145,0.6753148436546326,-0.060859207063913345,0.5375175476074219,0.6132307648658752,-0.016268551349639893,0.5209017992019653,0.5494818091392517,-0.02971149981021881,0.5141302347183228,0.5084874033927917,-0.04231049865484238,0.5105907917022705,0.4722434878349304,-0.05227864906191826,0.5651968717575073,0.6006283164024353,-0.017820028588175774,0.5582405924797058,0.5244254469871521,-0.027577746659517288,0.5560575723648071,0.4774003326892853,-0.03707597032189369,0.5554941296577454,0.4378192126750946,-0.0452239103615284,0.5918748378753662,0.6046139001846313,-0.023114323616027832,0.5911827683448792,0.5357736349105835,-0.03377217799425125,0.5898213386535645,0.4910286068916321,-0.04195990785956383,0.5873141884803772,0.451387882232666,-0.04922420531511307,0.6183938384056091,0.6213406324386597,-0.031062694266438484,0.6272096037864685,0.5729743838310242,-0.04117182642221451,0.6297250986099243,0.5396297574043274,-0.046249713748693466,0.6292356252670288,0.508208155632019,-0.050757698714733124
0.5947725176811218,0.773680567741394,3.704043365360121e-07,0.5463871955871582,0.7621641159057617,-0.023304365575313568,0.5031259059906006,0.7315150499343872,-0.03755124658346176,0.4680804908275604,0.7015730738639832,-0.05030820518732071,0.437619686126709,0.6769699454307556,-0.06282767653465271,0.5357048511505127,0.614399254322052,-0.016501974314451218,0.5196107029914856,0.550609827041626,-0.029654884710907936,0.5131733417510986,0.5096138715744019,-0.04211602732539177,0.5098297595977783,0.4732282757759094,-0.052110034972429276,0.5635625720024109,0.601256251335144,-0.017827477306127548,0.5573083162307739,0.5246401429176331,-0.027365101501345634,0.5550776720046997,0.4775434732437134,-0.03673338145017624,0.5540454983711243,0.4378340542316437,-0.044864222407341,0.5901750326156616,0.604864239692688,-0.022995153442025185,0.5894654393196106,0.535334050655365,-0.033805571496486664,0.5876786112785339,0.4902143180370331,-0.042266786098480225,0.5845587253570557,0.4501619338989258,-0.04979533329606056,0.6167129278182983,0.6213299036026001,-0.030858883634209633,0.626337468624115,0.5733032822608948,-0.041313305497169495,0.6294618248939514,0.5397439002990723,-0.04678086191415787,0.6292805671691895,0.5079842805862427,-0.05163116380572319
0.6002625823020935,0.7597368359565735,3.601608398184908e-07,0.5520226359367371,0.7478272914886475,-0.02276976965367794,0.5093947649002075,0.7182089686393738,-0.03657436743378639,0.4751148819923401,0.6886186003684998,-0.0489150732755661,0.4462657570838928,0.6654461622238159,-0.06107736751437187,0.5427247285842896,0.6035963892936707,-0.016182489693164825,0.52672278881073,0.541274905204773,-0.02976222150027752,0.5204082727432251,0.5008924007415771,-0.042420003563165665,0.5169752836227417,0.4652658700942993,-0.05225810036063194,0.5702916383743286,0.5907813310623169,-0.017190024256706238,0.5645246505737305,0.5155943036079407,-0.02692210115492344,0.5624564290046692,0.46976107358932495,-0.0361558198928833,0.5616021752357483,0.4303324222564697,-0.04392583295702934,0.5965865850448608,0.594586968421936,-0.021925829350948334,0.5961916446685791,0.5271713733673096,-0.03235306218266487,0.594778835773468,0.4831547439098358,-0.04003092646598816,0.5923402905464172,0.44414472579956055,-0.046690329909324646,0.6224520802497864,0.611022412776947,-0.029358290135860443,0.6311038732528687,0.5632060170173645,-0.03887000307440758,0.6336167454719543,0.5307551622390747,-0.0432099774479866,0.6334568858146667,0.5002244710922241,-0.04703523591160774
0.6033741235733032,0.764696478843689,3.419179961383634e-07,0.5553204417228699,0.7521979808807373,-0.020866209641098976,0.5127355456352234,0.7210173606872559,-0.03341815993189812,0.4788860082626343,0.6916770935058594,-0.044759269803762436,0.44934916496276855,0.6688725352287292,-0.05608634650707245,0.5468747019767761,0.6066336035728455,-0.01449546404182911,0.5314363241195679,0.5437126755714417,-0.027038980275392532,0.525521993637085,0.5037186145782471,-0.03918732702732086,0.5223985910415649,0.46804362535476685,-0.048951756209135056,0.5746885538101196,0.593894898891449,-0.016534531489014626,0.5693792700767517,0.5189688801765442,-0.02572864666581154,0.5674723386764526,0.4729258418083191,-0.035351090133190155,0.5666893720626831,0.4345741868019104,-0.043653424829244614,0.6010603904724121,0.598102331161499,-0.022084224969148636,0.6011866331100464,0.5301865339279175,-0.03247670829296112,0.5993643999099731,0.48594266176223755,-0.04097815603017807,0.5965564846992493,0.4469696283340454,-0.0484582856297493,0.6268863677978516,0.6152684092521667,-0.030046353116631508,0.6359305381774902,0.5678134560585022,-0.03998227044939995,0.6388559937477112,0.5348723530769348,-0.04495543614029884,0.6390206813812256,0.5037035942077637,-0.04937824234366417
0.605170726776123,0.7655344009399414,3.417310665554396e-07,0.5576620697975159,0.7533763647079468,-0.02103649638593197,0.5149827003479004,0.7220906615257263,-0.03363385051488876,0.481164813041687,0.6926735639572144,-0.04498213529586792,0.45206061005592346,0.6693336367607117,-0.05627107620239258,0.5491094589233398,0.6075962781906128,-0.014617192558944225,0.5345718860626221,0.5441356301307678,-0.026755157858133316,0.5292719006538391,0.5041293501853943,-0.03858599811792374,0.5266420245170593,0.46847501397132874,-0.048231691122055054,0.5771788358688354,0.595080554485321,-0.016494549810886383,0.5722429752349854,0.5200665593147278,-0.02539195865392685,0.570833146572113,0.4740126132965088,-0.03479796648025513,0.5704718232154846,0.4356514513492584,-0.04306952282786369,0.603772759437561,0.5994295477867126,-0.02189847268164158,0.6044367551803589,0.5311558842658997,-0.03218333423137665,0.6031534075737,0.48690465092658997,-0.040724895894527435,0.6005079746246338,0.44784677028656006,-0.04833223670721054,0.6298937797546387,0.6166220903396606,-0.029716236516833305,0.6394252777099609,0.5690566301345825,-0.03975697234272957,0.6423612833023071,0.5361313819885254,-0.04499875754117966,0.6421217322349548,0.5048983693122864,-0.049698423594236374
0.5984418392181396,0.763614296913147,3.5863783409695316e-07,0.5513464212417603,0.7514120936393738,-0.021453440189361572,0.5093244314193726,0.7199611067771912,-0.034510593861341476,0.4752063453197479,0.6906973719596863,-0.04630421847105026,0.44535207748413086,0.6679280996322632,-0.05798017606139183,0.5409725308418274,0.6067265272140503,-0.014932921156287193,0.5257371664047241,0.5441131591796875,-0.027472898364067078,0.5204545855522156,0.503898024559021,-0.03941372409462929,0.5182186961174011,0.4683915078639984,-0.04897770658135414,0.5685638785362244,0.594074547290802,-0.01671016216278076,0.5631585717201233,0.5190249681472778,-0.026003969833254814,0.5612739324569702,0.47285494208335876,-0.03529152646660805,0.5604287385940552,0.433920294046402,-0.04325384646654129,0.5948575139045715,0.5975969433784485,-0.022099100053310394,0.5948044061660767,0.5291679501533508,-0.03281271457672119,0.5930330157279968,0.48487192392349243,-0.041270703077316284,0.5899267196655273,0.44559022784233093,-0.048631951212882996,0.6208247542381287,0.6139059662818909,-0.0299468245357275,0.630348801612854,0.5664528608322144,-0.040297575294971466,0.6332418918609619,0.5332189798355103,-0.04565782845020294,0.6328151822090149,0.5016951560974121,-0.05031873658299446
0.5906487703323364,0.7647961378097534,3.6661327840192826e-07,0.5437051057815552,0.7526935935020447,-0.022247346118092537,0.5013956427574158,0.7225044369697571,-0.036344900727272034,0.4668067693710327,0.6941249370574951,-0.049066852778196335,0.4364114999771118,0.6721511483192444,-0.06164298579096794,0.5328386425971985,0.6077784895896912,-0.016627389937639236,0.5171473622322083,0.5448485016822815,-0.029825232923030853,0.5112184286117554,0.5044888854026794,-0.042100369930267334,0.5084218382835388,0.46905946731567383,-0.05183287709951401,0.5600883960723877,0.5950539112091064,-0.018263017758727074,0.5544521808624268,0.5196391344070435,-0.028049318119883537,0.5524876713752747,0.4731500744819641,-0.03742866590619087,0.5516349673271179,0.43405306339263916,-0.0454447865486145,0.5860783457756042,0.5984605550765991,-0.023544009774923325,0.5859028697013855,0.5297843217849731,-0.03447427228093147,0.5842689275741577,0.48520398139953613,-0.043027885258197784,0.5812592506408691,0.44585373997688293,-0.050497639924287796,0.6118052005767822,0.6146020293235779,-0.03136010095477104,0.621502697467804,0.5673818588256836,-0.0418054535984993,0.6243535280227661,0.5340712070465088,-0.0473373644053936,0.6238160729408264,0.5026240348815918,-0.052155718207359314
0.5864580869674683,0.7621000409126282,3.5848412949235353e-07,0.5392671823501587,0.7504002451896667,-0.021430429071187973,0.4968952238559723,0.719815731048584,-0.03467008098959923,0.4627184271812439,0.6912683248519897,-0.046792056411504745,0.43291807174682617,0.6687455773353577,-0.058698780834674835,0.5287585258483887,0.6056599617004395,-0.013590333983302116,0.5133788585662842,0.5434732437133789,-0.025425856932997704,0.5075358152389526,0.5037841796875,-0.03688265383243561,0.5049231052398682,0.4689663052558899,-0.046152934432029724,0.5559267401695251,0.5932313799858093,-0.015462909825146198,0.5504745244979858,0.5183665156364441,-0.024133507162332535,0.5482243299484253,0.47234010696411133,-0.033053118735551834,0.5470788478851318,0.43368303775787354,-0.040796466171741486,0.5817579627037048,0.5967351198196411,-0.021075550466775894,0.5816449522972107,0.5284491777420044,-0.03122624382376671,0.5796372294425964,0.484457790851593,-0.03939050808548927,0.5761972665786743,0.44540175795555115,-0.04661806672811508,0.6073700189590454,0.6126383543014526,-0.02922614850103855,0.616725742816925,0.5654119849205017,-0.03909161314368248,0.6193231344223022,0.5319971442222595,-0.04433271288871765,0.6185387372970581,0.5003150701522827,-0.049010779708623886
0.5852895975112915,0.7624905109405518,3.5711175883079704e-07,0.5379378199577332,0.7505574822425842,-0.022028695791959763,0.4953489899635315,0.7220585942268372,-0.035986773669719696,0.4611927270889282,0.6941790580749512,-0.04873160645365715,0.4321434497833252,0.670049786567688,-0.06127995625138283,0.5271275639533997,0.6066267490386963,-0.015264036133885384,0.5111152529716492,0.5447084903717041,-0.028335869312286377,0.5045742988586426,0.5048154592514038,-0.040764182806015015,0.5013044476509094,0.4695865213871002,-0.05058421939611435,0.5540481805801392,0.5938032865524292,-0.01692349463701248,0.547089159488678,0.5194979310035706,-0.026640763506293297,0.544267475605011,0.47320556640625,-0.036193449050188065,0.5431692600250244,0.4338473677635193,-0.044329628348350525,0.5801209807395935,0.5969877243041992,-0.022296661511063576,0.5790344476699829,0.529525876045227,-0.032911453396081924,0.5769534111022949,0.4852992296218872,-0.04123875871300697,0.5737807750701904,0.44602125883102417,-0.04852550849318504,0.6064287424087524,0.6125652194023132,-0.030266327783465385,0.6151711344718933,0.5647730231285095,-0.04024855047464371,0.6172530055046082,0.5315766334533691,-0.04542813077569008,0.6160595417022705,0.5002226829528809,-0.04998233541846275
0.5839129686355591,0.759423553943634,3.5743556736633764e-07,0.536449134349823,0.7476114630699158,-0.0226951502263546,0.493699312210083,0.7185239791870117,-0.036846328526735306,0.4591142237186432,0.6904385685920715,-0.049637775868177414,0.4302608072757721,0.6658426523208618,-0.06212242692708969,0.5254572629928589,0.602571964263916,-0.01578216440975666,0.5098766684532166,0.5412589311599731,-0.029148533940315247,0.5028614401817322,0.5014562010765076,-0.04189588502049446,0.4987386465072632,0.46656250953674316,-0.051992107182741165,0.552085280418396,0.5899472236633301,-0.01720992662012577,0.5455985069274902,0.516334056854248,-0.027180418372154236,0.5424652099609375,0.47036296129226685,-0.0368732251226902,0.5407143235206604,0.4311516284942627,-0.045084308832883835,0.5778936147689819,0.5932821035385132,-0.02243325114250183,0.5771410465240479,0.525972306728363,-0.033368486911058426,0.5751616358757019,0.4821379780769348,-0.04180802032351494,0.5717059373855591,0.4431118369102478,-0.04910785332322121,0.6039223074913025,0.6093584895133972,-0.030316254124045372,0.6128342151641846,0.5619451403617859,-0.04068896546959877,0.6147737503051758,0.5291247367858887,-0.04610256105661392,0.6133490800857544,0.4982042908668518,-0.0507296659052372
0.5857155323028564,0.7580875158309937,3.631737399700796e-07,0.5386145114898682,0.7459521889686584,-0.022593211382627487,0.4960783123970032,0.7167062759399414,-0.03664407134056091,0.4613630175590515,0.6885734796524048,-0.049325261265039444,0.4324416518211365,0.6647387742996216,-0.061732035130262375,0.5267663598060608,0.6027746200561523,-0.016301175579428673,0.5105152726173401,0.5407079458236694,-0.029941324144601822,0.5037947297096252,0.500478208065033,-0.04261169955134392,0.5003554224967957,0.46526581048965454,-0.05249927192926407,0.5533944368362427,0.5901684761047363,-0.017701372504234314,0.5462296009063721,0.5159735679626465,-0.028036655858159065,0.5432918667793274,0.4694995880126953,-0.03777138888835907,0.5420932173728943,0.4300035238265991,-0.04590051248669624,0.5794091820716858,0.5933261513710022,-0.022848278284072876,0.5782759189605713,0.5256717205047607,-0.03398391976952553,0.5761281847953796,0.4815308451652527,-0.04248436540365219,0.5728240609169006,0.44245558977127075,-0.04974593594670296,0.6057232022285461,0.6089855432510376,-0.030617469921708107,0.6146676540374756,0.5610633492469788,-0.04102224484086037,0.6167304515838623,0.5278055667877197,-0.04643914848566055,0.615641176700592,0.4965319037437439,-0.05104367434978485
0.5894678831100464,0.7538397312164307,3.4724166653177235e-07,0.5417149662971497,0.7422126531600952,-0.021834542974829674,0.4989888072013855,0.7132327556610107,-0.03507868945598602,0.46530649065971375,0.6841471195220947,-0.04700424149632454,0.43756163120269775,0.6596213579177856,-0.0587129071354866,0.5311882495880127,0.5990868210792542,-0.015049600973725319,0.5153176188468933,0.5376863479614258,-0.02807481214404106,0.5088552832603455,0.4978613555431366,-0.04048001021146774,0.5053344964981079,0.46305209398269653,-0.05019207298755646,0.5579459071159363,0.5862858295440674,-0.01641501486301422,0.5517186522483826,0.5125024318695068,-0.025984449312090874,0.5491257905960083,0.4666669964790344,-0.03525100648403168,0.548011839389801,0.42820024490356445,-0.04310685396194458,0.5837924480438232,0.5897257328033447,-0.021474996581673622,0.5828644037246704,0.522715151309967,-0.031797800213098526,0.5803996920585632,0.47927427291870117,-0.03978860378265381,0.5768458247184753,0.44086724519729614,-0.04675140604376793,0.6098614931106567,0.605785608291626,-0.02912818267941475,0.6183679103851318,0.5578211545944214,-0.03898288309574127,0.6197354197502136,0.5248826742172241,-0.04400264099240303,0.618029773235321,0.4936720132827759,-0.04831676557660103
0.5893398523330688,0.7525977492332458,3.5741791748478136e-07,0.541777491569519,0.7421091198921204,-0.022436855360865593,0.49944132566452026,0.713767945766449,-0.036326438188552856,0.4660220742225647,0.6847844123840332,-0.048783786594867706,0.43786293268203735,0.6596609354019165,-0.060979776084423065,0.5296241044998169,0.5989560484886169,-0.015892241150140762,0.5144215226173401,0.5372376441955566,-0.02895607054233551,0.5085775852203369,0.49782004952430725,-0.041265349835157394,0.5058125257492065,0.4629589915275574,-0.05103570222854614,0.5570168495178223,0.585468590259552,-0.017282968387007713,0.550157368183136,0.511393666267395,-0.027146026492118835,0.5475080609321594,0.46540915966033936,-0.0367969311773777,0.5461889505386353,0.42644593119621277,-0.04502775892615318,0.5832340717315674,0.5884234309196472,-0.022377673536539078,0.5816594362258911,0.5211338400840759,-0.03338449075818062,0.5792144536972046,0.47735393047332764,-0.042000602930784225,0.5754894614219666,0.43847906589508057,-0.049453623592853546,0.6096425652503967,0.6040042638778687,-0.030019965022802353,0.6177979707717896,0.5562059283256531,-0.04059766232967377,0.6193346381187439,0.5230951905250549,-0.04623035714030266,0.6177000403404236,0.4916796386241913,-0.05106101557612419
0.592675507068634,0.75211501121521,3.482619774786144e-07,0.5448372960090637,0.741316020488739,-0.022334879264235497,0.5024710893630981,0.7119004726409912,-0.036092329770326614,0.4692668616771698,0.6815162897109985,-0.04836960881948471,0.4405911862850189,0.6570442914962769,-0.06052073836326599,0.5346346497535706,0.5968485474586487,-0.016633031889796257,0.5198417901992798,0.5351739525794983,-0.029801631346344948,0.5134698748588562,0.4954283833503723,-0.04224565997719765,0.5097920894622803,0.46040594577789307,-0.052155423909425735,0.5621474385261536,0.5837693810462952,-0.018001604825258255,0.5560606122016907,0.5098708868026733,-0.027824848890304565,0.5534942746162415,0.464180052280426,-0.03744351118803024,0.552000105381012,0.4252113401889801,-0.04568606987595558,0.5883942246437073,0.5875513553619385,-0.02294928953051567,0.5874611735343933,0.5202651023864746,-0.033817391842603683,0.5851233601570129,0.476237416267395,-0.042341314256191254,0.5814748406410217,0.4371984601020813,-0.049787022173404694,0.6144505739212036,0.6040511131286621,-0.03041798435151577,0.6229321360588074,0.5564067959785461,-0.04082658514380455,0.6246869564056396,0.523396372795105,-0.04623863473534584,0.6234506964683533,0.4921486973762512,-0.05092170089483261
0.5937992334365845,0.7549522519111633,3.507390999857307e-07,0.5461833477020264,0.7431380748748779,-0.0223374105989933,0.5039150714874268,0.7131206393241882,-0.035848915576934814,0.47087156772613525,0.6828798055648804,-0.04786977916955948,0.44244179129600525,0.6578985452651978,-0.059686724096536636,0.5365335941314697,0.5981385111808777,-0.016134943813085556,0.5218054056167603,0.5351412892341614,-0.028689859434962273,0.515497624874115,0.4950217008590698,-0.040585871785879135,0.5118244290351868,0.4598466157913208,-0.05016756057739258,0.5642226934432983,0.5855129361152649,-0.017404718324542046,0.5586109757423401,0.5107567310333252,-0.02664201892912388,0.5564247369766235,0.4650246500968933,-0.03591826185584068,0.5551885366439819,0.4264857769012451,-0.04397150129079819,0.5904918909072876,0.5893046259880066,-0.02229156345129013,0.5898503661155701,0.5213890075683594,-0.03282897546887398,0.5877525210380554,0.4775587320327759,-0.0413653589785099,0.5843132138252258,0.43878525495529175,-0.04887267202138901,0.616544783115387,0.6056219339370728,-0.029705708846449852,0.6257272958755493,0.5584169626235962,-0.0399697944521904,0.6283124089241028,0.5256049036979675,-0.04551327973604202,0.6279025077819824,0.4945683479309082,-0.05033532530069351
0.5943542122840881,0.7544100880622864,3.4664350323510007e-07,0.5467386841773987,0.7428411245346069,-0.022005142644047737,0.504726231098175,0.712528645992279,-0.03526465594768524,0.47188854217529297,0.6817039251327515,-0.04706672579050064,0.4436788558959961,0.6563506126403809,-0.05869148671627045,0.5377687215805054,0.5979260206222534,-0.0160202756524086,0.5232884287834167,0.5352146625518799,-0.02877693809568882,0.5175432562828064,0.4951222538948059,-0.04090508073568344,0.5146039724349976,0.4597357511520386,-0.05064626410603523,0.5652733445167542,0.5852566361427307,-0.01737341843545437,0.5596666932106018,0.510658323764801,-0.026810383424162865,0.557807207107544,0.4647789001464844,-0.036206986755132675,0.5570591688156128,0.42628663778305054,-0.04438669979572296,0.59137362241745,0.5892773866653442,-0.022305287420749664,0.5912434458732605,0.5213409662246704,-0.03299928456544876,0.5895938277244568,0.4771665334701538,-0.0415620282292366,0.5864908695220947,0.438265323638916,-0.04912132769823074,0.6174206733703613,0.6061145663261414,-0.02973330207169056,0.6271089911460876,0.5585809946060181,-0.04023105278611183,0.6296370029449463,0.5256444215774536,-0.045869022607803345,0.6287638545036316,0.49465274810791016,-0.050761185586452484
0.595156192779541,0.7546734809875488,3.428179411457677e-07,0.547691822052002,0.7431200742721558,-0.021956922486424446,0.5054504871368408,0.7123847007751465,-0.035045456141233444,0.47260481119155884,0.6811341047286987,-0.04667771980166435,0.4449010193347931,0.654876172542572,-0.05811026319861412,0.5381324887275696,0.598429799079895,-0.01595347933471203,0.5236783623695374,0.5355547666549683,-0.028759680688381195,0.5179157257080078,0.4954981803894043,-0.040878355503082275,0.5149657130241394,0.46007877588272095,-0.05057220160961151,0.5656399726867676,0.5856846570968628,-0.017323307693004608,0.5598664283752441,0.5109999775886536,-0.02685604616999626,0.557989776134491,0.4649786949157715,-0.0362616591155529,0.5572634339332581,0.4264436364173889,-0.04435436800122261,0.5918879508972168,0.5895207524299622,-0.022266730666160583,0.591349184513092,0.5214593410491943,-0.03293032571673393,0.5895373821258545,0.47717058658599854,-0.04138632118701935,0.5863909721374512,0.43806445598602295,-0.048805173486471176,0.618226170539856,0.6059527397155762,-0.029712151736021042,0.6271873712539673,0.5580347180366516,-0.040058162063360214,0.6295389533042908,0.524970293045044,-0.04552391916513443,0.6286850571632385,0.4938508868217468,-0.05025262013077736
0.5944765210151672,0.7553128600120544,3.4414532024129585e-07,0.5473884344100952,0.7441723346710205,-0.022588802501559258,0.5050604343414307,0.7125492095947266,-0.035845253616571426,0.4721514582633972,0.6798527240753174,-0.04745439812541008,0.444785475730896,0.6525387167930603,-0.05876268073916435,0.5376449227333069,0.5982522964477539,-0.01678767055273056,0.523454487323761,0.5351159572601318,-0.029665278270840645,0.5177973508834839,0.4949752390384674,-0.04180717095732689,0.5149664878845215,0.4595821499824524,-0.05152416601777077,0.5652294754981995,0.5858275294303894,-0.0178216602653265,0.5601891279220581,0.5108954310417175,-0.027233604341745377,0.5583987832069397,0.46500372886657715,-0.03631412237882614,0.5576367378234863,0.42686301469802856,-0.044209666550159454,0.59129399061203,0.5899629592895508,-0.02249336801469326,0.5915234684944153,0.5214037895202637,-0.033140767365694046,0.5901700854301453,0.4773642420768738,-0.04133155569434166,0.5872882008552551,0.4384640157222748,-0.04862303286790848,0.6172425746917725,0.6068970561027527,-0.029740065336227417,0.6265149116516113,0.5594554543495178,-0.04037198796868324,0.6290698051452637,0.526340663433075,-0.04600614309310913,0.6283152103424072,0.4950616657733917,-0.050846535712480545
0.5936022996902466,0.7527324557304382,3.398557737455121e-07,0.5465455651283264,0.7419170141220093,-0.022820068523287773,0.5043973326683044,0.7096723318099976,-0.0362020768225193,0.4719718396663666,0.6753613352775574,-0.047875918447971344,0.4446107745170593,0.6476457118988037,-0.0592154860496521,0.5370694994926453,0.5957160592079163,-0.01665933057665825,0.5225719213485718,0.5330190062522888,-0.029544329270720482,0.516861617565155,0.49325037002563477,-0.04166386276483536,0.5139341354370117,0.45822596549987793,-0.0513731949031353,0.5645802617073059,0.5834397673606873,-0.01763838902115822,0.5591281056404114,0.5089879035949707,-0.027180064469575882,0.5568227171897888,0.4634433388710022,-0.036407701671123505,0.5554477572441101,0.4253820776939392,-0.04440207779407501,0.5905264616012573,0.5876337885856628,-0.022285427898168564,0.5903192162513733,0.5198231935501099,-0.032993532717227936,0.5884609222412109,0.476196825504303,-0.04118163138628006,0.5851215124130249,0.43734273314476013,-0.048472579568624496,0.61629319190979,0.6044096946716309,-0.029529575258493423,0.6248006224632263,0.5570479035377502,-0.040200475603342056,0.6267809271812439,0.5241659283638,-0.04587530717253685,0.6257138848304749,0.49281758069992065,-0.05074816942214966
0.5914682149887085,0.751335859298706,3.3079189165619027e-07,0.5445407032966614,0.7405864000320435,-0.022600077092647552,0.5018192529678345,0.7076069712638855,-0.03535216674208641,0.4695761203765869,0.6730705499649048,-0.04635014757514,0.442438006401062,0.645462691783905,-0.057079803198575974,0.534300684928894,0.5963709950447083,-0.016991348937153816,0.5199230313301086,0.5341365337371826,-0.02976372092962265,0.5137295126914978,0.4945458769798279,-0.04170646145939827,0.5103997588157654,0.4592297673225403,-0.05133037641644478,0.5614523887634277,0.5841659307479858,-0.0179241094738245,0.5561105608940125,0.5095612406730652,-0.02756345644593239,0.5539357662200928,0.46362990140914917,-0.03677516058087349,0.5527731776237488,0.4252176284790039,-0.04472265765070915,0.5871768593788147,0.5882355570793152,-0.022444039583206177,0.5866764187812805,0.5201062560081482,-0.03334815800189972,0.5848231911659241,0.47601914405822754,-0.04170391336083412,0.5816940665245056,0.43685874342918396,-0.04901210218667984,0.6131048202514648,0.6044942140579224,-0.02949085831642151,0.621326744556427,0.5567761063575745,-0.04029710590839386,0.6233857870101929,0.5232354998588562,-0.04604732245206833,0.6224753260612488,0.4914398789405823,-0.05094918608665466
0.5897819399833679,0.7472330927848816,3.2529092663935444e-07,0.5429027080535889,0.7365773916244507,-0.02197263017296791,0.5007066130638123,0.7045531272888184,-0.03440740332007408,0.46889737248420715,0.6708929538726807,-0.04518303647637367,0.44211605191230774,0.6437355279922485,-0.05571781098842621,0.5322726368904114,0.5937243103981018,-0.01646672934293747,0.5176585912704468,0.5319579243659973,-0.02928912453353405,0.5114177465438843,0.49263250827789307,-0.04131637141108513,0.5078117847442627,0.4576534032821655,-0.050935298204422,0.5593573451042175,0.5807687044143677,-0.017539232969284058,0.55370032787323,0.5068766474723816,-0.027061281725764275,0.55107182264328,0.4615672528743744,-0.03627216815948486,0.5494077205657959,0.42394357919692993,-0.044234227389097214,0.5850363969802856,0.5843552350997925,-0.022124767303466797,0.5844166278839111,0.51703941822052,-0.032642338424921036,0.5822864174842834,0.47387734055519104,-0.04062753543257713,0.5788723826408386,0.43570345640182495,-0.047720592468976974,0.6107012033462524,0.6006612181663513,-0.029211146757006645,0.6186130046844482,0.5534144639968872,-0.03954899683594704,0.6203458309173584,0.5204359889030457,-0.04488005116581917,0.6192460656166077,0.4891728460788727,-0.04947178065776825
0.5888054966926575,0.7475621700286865,3.2876155842131993e-07,0.5422253012657166,0.7365520000457764,-0.022029297426342964,0.5001145601272583,0.7037914991378784,-0.03453008085489273,0.4683385491371155,0.6693727970123291,-0.04539598897099495,0.44143354892730713,0.6418023705482483,-0.05593298748135567,0.5312702655792236,0.5924450159072876,-0.015738805755972862,0.516704261302948,0.5308837890625,-0.028412742540240288,0.5107954740524292,0.4915398955345154,-0.040344465523958206,0.5076646208763123,0.4565315246582031,-0.049892205744981766,0.5584312081336975,0.5795520544052124,-0.016761211678385735,0.5527406334877014,0.5059530138969421,-0.026098953559994698,0.5502632260322571,0.46049752831459045,-0.03511827066540718,0.5486774444580078,0.42235156893730164,-0.04291367158293724,0.5841533541679382,0.5830471515655518,-0.0213937908411026,0.5836217403411865,0.5159470438957214,-0.03190143033862114,0.5814736485481262,0.4725937247276306,-0.03996451944112778,0.577785849571228,0.43418994545936584,-0.04706442728638649,0.6098996996879578,0.5991161465644836,-0.028547106310725212,0.6180028319358826,0.551866352558136,-0.038982093334198,0.6194635629653931,0.5188397169113159,-0.044555552303791046,0.617689311504364,0.4875648021697998,-0.049296651035547256
0.5878121852874756,0.7489156723022461,3.221300630684709e-07,0.541031539440155,0.7382678985595703,-0.022007659077644348,0.49882030487060547,0.7051222324371338,-0.03430473804473877,0.4669404923915863,0.6703881025314331,-0.044937558472156525,0.4404813051223755,0.6422165632247925,-0.05521194636821747,0.5310906171798706,0.5944087505340576,-0.015660857781767845,0.5170055031776428,0.5320245027542114,-0.028265422210097313,0.5110374689102173,0.49249589443206787,-0.0401129424571991,0.5077599287033081,0.45750173926353455,-0.04956958070397377,0.5582773089408875,0.581789493560791,-0.016651175916194916,0.5530518293380737,0.5074439644813538,-0.025937899947166443,0.5505995750427246,0.4617832899093628,-0.03491419181227684,0.5489535331726074,0.4237624406814575,-0.042625486850738525,0.5838428735733032,0.585335910320282,-0.02124566026031971,0.5838583111763,0.517755925655365,-0.031679365783929825,0.5818037986755371,0.4741036295890808,-0.039682142436504364,0.5781558156013489,0.43554583191871643,-0.04672059044241905,0.6093915104866028,0.6012791395187378,-0.028352078050374985,0.6178386807441711,0.5541842579841614,-0.03871292993426323,0.6195986866950989,0.5214013457298279,-0.04414159059524536,0.6181565523147583,0.49042224884033203,-0.0487549714744091
0.5856635570526123,0.7482800483703613,3.246022117764369e-07,0.538719654083252,0.7370796799659729,-0.02220190316438675,0.4964766800403595,0.7043108940124512,-0.03464131057262421,0.4646648168563843,0.6700723171234131,-0.04544500261545181,0.4384840726852417,0.6419813632965088,-0.055911220610141754,0.5298690795898438,0.5930595397949219,-0.015621500089764595,0.5153986811637878,0.5311554670333862,-0.028433337807655334,0.5094285011291504,0.4917316734790802,-0.040543653070926666,0.506446123123169,0.45662248134613037,-0.050191134214401245,0.5567071437835693,0.5804318189620972,-0.016582602635025978,0.5510755181312561,0.5063004493713379,-0.026128850877285004,0.5488686561584473,0.46046021580696106,-0.035320986062288284,0.5481166839599609,0.4225643575191498,-0.043186210095882416,0.5820409059524536,0.584244966506958,-0.021205801516771317,0.5815533399581909,0.5166263580322266,-0.03177498281002045,0.5797203183174133,0.4732278287410736,-0.039847634732723236,0.5768463015556335,0.43501168489456177,-0.04690245911478996,0.6075413227081299,0.6005727648735046,-0.028395825996994972,0.6153604388237,0.5533810257911682,-0.038785967975854874,0.6168891787528992,0.5202096700668335,-0.04431620240211487,0.6155902743339539,0.48892742395401,-0.04900675266981125
0.584492564201355,0.753494143486023,3.175051972448273e-07,0.5375638604164124,0.7419591546058655,-0.022167794406414032,0.49604424834251404,0.708676278591156,-0.034664586186409,0.46443724632263184,0.6741296052932739,-0.045596297830343246,0.43769702315330505,0.6458433270454407,-0.056190066039562225,0.5296483039855957,0.5976700782775879,-0.015078291296958923,0.5154737234115601,0.5349000096321106,-0.027662592008709908,0.5090354084968567,0.495157390832901,-0.03960103914141655,0.5054455995559692,0.4600929915904999,-0.04913182929158211,0.5566117763519287,0.5855113863945007,-0.01616397313773632,0.551447868347168,0.5112233757972717,-0.025464851409196854,0.549193263053894,0.46531912684440613,-0.0345720499753952,0.54799884557724,0.4273892939090729,-0.04238175228238106,0.5817523002624512,0.5893680453300476,-0.020954245701432228,0.5816775560379028,0.5220010280609131,-0.031258873641490936,0.5798490047454834,0.4784926176071167,-0.03914261236786842,0.5766608715057373,0.44010359048843384,-0.04612374305725098,0.6068278551101685,0.6053385138511658,-0.02834261953830719,0.6148022413253784,0.5581719875335693,-0.03845538571476936,0.6165862679481506,0.5252049565315247,-0.04373158514499664,0.6154335737228394,0.4941316545009613,-0.048281434923410416
0.582199215888977,0.7185013294219971,3.246267112899659e-07,0.5361109375953674,0.7061640024185181,-0.02091733179986477,0.4946308135986328,0.6747869253158569,-0.03379445895552635,0.46287259459495544,0.642780601978302,-0.0450708344578743,0.4361068606376648,0.6172604560852051,-0.05618051066994667,0.5258833169937134,0.5668188333511353,-0.0176825150847435,0.5105853080749512,0.5052958726882935,-0.03144735097885132,0.5043237209320068,0.46627068519592285,-0.04391995817422867,0.5010733604431152,0.432287335395813,-0.05352376028895378,0.5530219078063965,0.5544889569282532,-0.0191720612347126,0.5473843812942505,0.4813898503780365,-0.029246758669614792,0.5455224514007568,0.4365294575691223,-0.038587648421525955,0.5447086095809937,0.39889147877693176,-0.04652008041739464,0.5786826014518738,0.5584097504615784,-0.02392103523015976,0.5786691904067993,0.49104171991348267,-0.03473329544067383,0.5774865746498108,0.4483698606491089,-0.04268573224544525,0.574759304523468,0.4106830358505249,-0.04963495209813118,0.6041690111160278,0.5753957629203796,-0.030940314754843712,0.6125308275222778,0.5280440449714661,-0.041581399738788605,0.613984227180481,0.49572882056236267,-0.046669431030750275,0.6122075319290161,0.46531248092651367,-0.05083611607551575
0.5804354548454285,0.7488110065460205,3.1497651775680424e-07,0.5339006185531616,0.7378175258636475,-0.022691812366247177,0.4923592209815979,0.7053642272949219,-0.03583798184990883,0.4603855013847351,0.6711148023605347,-0.047375064343214035,0.43344607949256897,0.6420811414718628,-0.05850531905889511,0.5249329805374146,0.5943198204040527,-0.015549993142485619,0.510643720626831,0.5314996242523193,-0.028342531993985176,0.5038458704948425,0.4923498034477234,-0.04025917500257492,0.499971866607666,0.4579218029975891,-0.049698129296302795,0.5517816543579102,0.5815250873565674,-0.016592975705862045,0.5462799668312073,0.5070152878761292,-0.026451289653778076,0.5435437560081482,0.46125268936157227,-0.03572596609592438,0.5420202016830444,0.4237353503704071,-0.04341359809041023,0.5767644047737122,0.5848649144172668,-0.02135767973959446,0.5761751532554626,0.5174127221107483,-0.032063230872154236,0.5741592645645142,0.4745104908943176,-0.039780713617801666,0.5710568428039551,0.4369819760322571,-0.046433109790086746,0.6015304923057556,0.6004794836044312,-0.028734449297189713,0.6091057658195496,0.5535264015197754,-0.03897115960717201,0.6107749342918396,0.5209685564041138,-0.04400608688592911,0.6096335053443909,0.49091750383377075,-0.04822280630469322
0.5818811058998108,0.7522750496864319,3.2474508770974353e-07,0.5348889231681824,0.7404288053512573,-0.021848367527127266,0.49339962005615234,0.7082857489585876,-0.034796345978975296,0.4615832269191742,0.6749343276023865,-0.046281661838293076,0.43442562222480774,0.6470521092414856,-0.057495009154081345,0.5250642895698547,0.5984488129615784,-0.015760747715830803,0.5097548365592957,0.5367953777313232,-0.029128696769475937,0.5039044618606567,0.4974933862686157,-0.0415504164993763,0.5013703107833862,0.46255409717559814,-0.051228784024715424,0.5517756938934326,0.5856740474700928,-0.01708492822945118,0.5457742810249329,0.5121575593948364,-0.026885664090514183,0.5434791445732117,0.4666179418563843,-0.036215201020240784,0.5426943898200989,0.42871153354644775,-0.04417458921670914,0.5770857334136963,0.5891152024269104,-0.022041117772459984,0.5767002701759338,0.5220627188682556,-0.032414741814136505,0.5747795104980469,0.4791027009487152,-0.040151651948690414,0.5717474818229675,0.4412851333618164,-0.04704632982611656,0.6025582551956177,0.6048935055732727,-0.029560469090938568,0.6096863746643066,0.5575308799743652,-0.03953593969345093,0.6105903387069702,0.5244362950325012,-0.044604282826185226,0.6086367964744568,0.4934197962284088,-0.04898738116025925
0.5855974555015564,0.7635033130645752,3.170983120526216e-07,0.53863525390625,0.7519063949584961,-0.021218618378043175,0.4966247081756592,0.7197935581207275,-0.033966850489377975,0.46479588747024536,0.6864368915557861,-0.045266322791576385,0.4376046061515808,0.6593643426895142,-0.05630100890994072,0.5284922122955322,0.6107553839683533,-0.015931475907564163,0.5128650665283203,0.5493800640106201,-0.029304148629307747,0.5070301294326782,0.5101377964019775,-0.04171185567975044,0.5044189095497131,0.4753730297088623,-0.05139660835266113,0.5552983283996582,0.597556471824646,-0.017355166375637054,0.5490742921829224,0.52464359998703,-0.027145991101861,0.5469392538070679,0.4795524775981903,-0.03634127974510193,0.5461798310279846,0.44208261370658875,-0.044265471398830414,0.5806759595870972,0.600683331489563,-0.022283753380179405,0.58022141456604,0.5341735482215881,-0.03257954493165016,0.5785992741584778,0.491272896528244,-0.04027947410941124,0.575495183467865,0.4537055492401123,-0.047210048884153366,0.6062635779380798,0.6162853837013245,-0.02969026379287243,0.6136317849159241,0.5688056349754333,-0.03963087871670723,0.6141284108161926,0.5362950563430786,-0.0446527898311615,0.6110843420028687,0.5061106085777283,-0.04901992902159691
0.5892412066459656,0.7862313389778137,3.1711013548374467e-07,0.5419937968254089,0.7752825617790222,-0.022350434213876724,0.49972569942474365,0.7421594858169556,-0.034815043210983276,0.4681265652179718,0.7069305181503296,-0.04572497308254242,0.4422956109046936,0.6766021251678467,-0.056191958487033844,0.5322858095169067,0.6297905445098877,-0.014429225586354733,0.5180357098579407,0.5675951838493347,-0.026934850960969925,0.5117456912994385,0.5279521346092224,-0.03894943371415138,0.5084327459335327,0.49261975288391113,-0.04853660240769386,0.5593283176422119,0.6170543432235718,-0.015418333932757378,0.5537360906600952,0.5432386994361877,-0.02440609224140644,0.5509021878242493,0.49725833535194397,-0.03321637958288193,0.5492313504219055,0.4590967297554016,-0.040873926132917404,0.5845906734466553,0.6204813122749329,-0.02023836225271225,0.5845751762390137,0.5535905361175537,-0.03010571002960205,0.5822283029556274,0.510235607624054,-0.03755125030875206,0.5783603191375732,0.4717540144920349,-0.04431971535086632,0.6098553538322449,0.6361019015312195,-0.027767186984419823,0.617233395576477,0.5885986089706421,-0.03769724443554878,0.6183379888534546,0.5554271936416626,-0.04285799339413643,0.6163737177848816,0.5239519476890564,-0.04734501615166664
0.5897261500358582,0.7779191732406616,3.2126374094332277e-07,0.5417951345443726,0.766099214553833,-0.022524163126945496,0.49987295269966125,0.7337275147438049,-0.03529014065861702,0.46856454014778137,0.698956310749054,-0.046491172164678574,0.44298356771469116,0.6681562066078186,-0.05718852952122688,0.5331894159317017,0.6217716932296753,-0.014527949504554272,0.5184676051139832,0.560062825679779,-0.027256689965724945,0.5123746395111084,0.5206519365310669,-0.03933286294341087,0.509451687335968,0.4855234622955322,-0.04888513684272766,0.5602023601531982,0.6091015338897705,-0.01541544497013092,0.554167628288269,0.535635232925415,-0.024531574919819832,0.5517197847366333,0.49006038904190063,-0.03333023190498352,0.5508258938789368,0.45190882682800293,-0.04095791280269623,0.5856140851974487,0.6127524375915527,-0.020169546827673912,0.5850017070770264,0.5457544922828674,-0.03013804741203785,0.5830543041229248,0.5028162002563477,-0.03748658299446106,0.579963743686676,0.4646407961845398,-0.04413595423102379,0.6112719774246216,0.628745436668396,-0.027637815102934837,0.6182198524475098,0.581074059009552,-0.03751524165272713,0.6192915439605713,0.5481026768684387,-0.042549923062324524,0.6174662113189697,0.5168299674987793,-0.04691076651215553
0.5955479741096497,0.7323334813117981,3.3469430604782247e-07,0.548545241355896,0.7203391790390015,-0.021402282640337944,0.5081291198730469,0.6874405741691589,-0.0338771678507328,0.47746142745018005,0.6539122462272644,-0.04467549920082092,0.4534633457660675,0.6241239905357361,-0.0548844188451767,0.5412607192993164,0.5778601765632629,-0.015438612550497055,0.52717524766922,0.5153865814208984,-0.02803421951830387,0.5210381150245667,0.4764634966850281,-0.03981875255703926,0.517428994178772,0.44309908151626587,-0.04887964949011803,0.5689799785614014,0.5656270384788513,-0.016200197860598564,0.564035952091217,0.4919629693031311,-0.024836909025907516,0.561995267868042,0.44678574800491333,-0.033221274614334106,0.560917854309082,0.4099767804145813,-0.04037988930940628,0.5950614809989929,0.5696936845779419,-0.020472463220357895,0.5955737233161926,0.5023611783981323,-0.029950156807899475,0.5944685339927673,0.4604617655277252,-0.03706439584493637,0.5917301177978516,0.42362669110298157,-0.04340127110481262,0.6205325126647949,0.5870046615600586,-0.027200063690543175,0.6291019916534424,0.5396777987480164,-0.03698320686817169,0.630412220954895,0.5083800554275513,-0.0417456328868866,0.6282606720924377,0.47901731729507446,-0.04555301368236542
0.6034732460975647,0.7351680994033813,3.3666745480331883e-07,0.5549605488777161,0.7226684093475342,-0.025301232933998108,0.5136581063270569,0.6909896731376648,-0.040158774703741074,0.4826000928878784,0.6554219722747803,-0.05296466499567032,0.45850080251693726,0.6211017966270447,-0.06509318202733994,0.5479912161827087,0.58035808801651,-0.018917739391326904,0.5355221033096313,0.5168112516403198,-0.03383367136120796,0.5299420356750488,0.4771038889884949,-0.04728136584162712,0.5270551443099976,0.4418944716453552,-0.05752578377723694,0.5761136412620544,0.5684674978256226,-0.019097980111837387,0.571394681930542,0.49453026056289673,-0.03054131008684635,0.5693800449371338,0.4490145444869995,-0.040883373469114304,0.5686997175216675,0.41045600175857544,-0.04919950291514397,0.6022968888282776,0.5723568797111511,-0.02320818044245243,0.602656364440918,0.5047340393066406,-0.03501978889107704,0.6018292903900146,0.46223509311676025,-0.04311206564307213,0.5999945402145386,0.4246266484260559,-0.04977035894989967,0.6280755996704102,0.5883620381355286,-0.030143871903419495,0.6361134648323059,0.5408913493156433,-0.04092486947774887,0.6386522650718689,0.5083090662956238,-0.04605494812130928,0.638820469379425,0.4780302345752716,-0.05012447386980057
0.618801474571228,0.8875519037246704,3.25835685544007e-07,0.5699037909507751,0.8737872838973999,-0.023188242688775063,0.5289937853813171,0.8398818969726562,-0.03633234649896622,0.4978082478046417,0.8033303618431091,-0.04785478115081787,0.4738732576370239,0.7680546045303345,-0.05856448784470558,0.564015805721283,0.7295918464660645,-0.013913226313889027,0.5508508086204529,0.6655175685882568,-0.027198530733585358,0.545218288898468,0.6259934306144714,-0.039781585335731506,0.5426076650619507,0.5907623171806335,-0.049480218440294266,0.5914254784584045,0.7184388637542725,-0.014537968672811985,0.5861455798149109,0.6442607641220093,-0.0240340456366539,0.5840936303138733,0.5990530848503113,-0.03325924649834633,0.5835039615631104,0.560883641242981,-0.04095133766531944,0.6170186996459961,0.7228507995605469,-0.019180605188012123,0.6160756349563599,0.6553037762641907,-0.02917710691690445,0.614546537399292,0.6133876442909241,-0.03603195771574974,0.6122621893882751,0.5759153962135315,-0.04209860786795616,0.6424457430839539,0.7390927672386169,-0.0266523826867342,0.648931086063385,0.6913408041000366,-0.03608778119087219,0.6508562564849854,0.6590874195098877,-0.040379587560892105,0.6506953835487366,0.6284498572349548,-0.044012993574142456
0.621918797492981,0.9205626845359802,3.337769953759562e-07,0.5732510685920715,0.906930685043335,-0.02292981930077076,0.5323631763458252,0.872378945350647,-0.035590190440416336,0.5012075901031494,0.8367652893066406,-0.04658908396959305,0.4775756895542145,0.8020142316818237,-0.05680960789322853,0.5658041834831238,0.7622695565223694,-0.013624699786305428,0.5536860823631287,0.6980764865875244,-0.02644692361354828,0.548272967338562,0.6585274338722229,-0.03881493955850601,0.5454634428024292,0.6231523752212524,-0.048477087169885635,0.5935680270195007,0.7507485747337341,-0.014245418831706047,0.5890982747077942,0.6764575839042664,-0.02333882823586464,0.5870549082756042,0.6306189298629761,-0.032455574721097946,0.5861472487449646,0.5925622582435608,-0.040180105715990067,0.6192103028297424,0.7551000118255615,-0.0188696701079607,0.6188493371009827,0.6878100037574768,-0.02866959385573864,0.6172822713851929,0.6454027891159058,-0.03589843213558197,0.6144217848777771,0.6074038147926331,-0.04235830157995224,0.6448083519935608,0.7713801264762878,-0.026276065036654472,0.6523386836051941,0.7240524291992188,-0.035912156105041504,0.6541666984558105,0.6916427612304688,-0.040723636746406555,0.6533966660499573,0.6605666875839233,-0.04480040818452835
0.6445677280426025,0.8090674877166748,3.740868521617813e-07,0.5954940319061279,0.7929727435112,-0.02209957130253315,0.553008496761322,0.7570433020591736,-0.035392794758081436,0.5216884016990662,0.7206066846847534,-0.04692704230546951,0.4947134852409363,0.6895168423652649,-0.05814441666007042,0.5867120027542114,0.6461670398712158,-0.017632659524679184,0.5731897950172424,0.580472469329834,-0.031152740120887756,0.5687153339385986,0.5399109125137329,-0.04362793639302254,0.5669751167297363,0.5039592385292053,-0.05353490635752678,0.6161565780639648,0.6345587372779846,-0.019321966916322708,0.6123322248458862,0.5578082799911499,-0.029123442247509956,0.6128503680229187,0.5105400681495667,-0.03887416049838066,0.6146733164787292,0.472008615732193,-0.04740659147500992,0.6433430314064026,0.6409549117088318,-0.02449149824678898,0.6453086733818054,0.5717454552650452,-0.03564755246043205,0.6463472843170166,0.5275641083717346,-0.04416729882359505,0.6463123559951782,0.48829278349876404,-0.051854103803634644,0.669532299041748,0.6609868407249451,-0.03204376623034477,0.6794490218162537,0.6141234636306763,-0.04349316284060478,0.6834917068481445,0.5818418264389038,-0.04911835491657257,0.6852436661720276,0.5505239367485046,-0.05386774614453316
0.6350113749504089,0.747539758682251,3.564856854154641e-07,0.5860323905944824,0.7336308360099792,-0.022154688835144043,0.5435342192649841,0.7016957998275757,-0.03560812398791313,0.5119291543960571,0.667525053024292,-0.047255564481019974,0.48621928691864014,0.6357749700546265,-0.05860007181763649,0.5759516954421997,0.592323362827301,-0.018730580806732178,0.5610496401786804,0.5291562080383301,-0.03342757374048233,0.5553964376449585,0.4897449016571045,-0.0466708242893219,0.5527212023735046,0.45433154702186584,-0.056900594383478165,0.6045339107513428,0.5798177719116211,-0.02013491466641426,0.5987539887428284,0.5055721402168274,-0.031078584492206573,0.5978477001190186,0.459381639957428,-0.04134095832705498,0.5984084010124207,0.4207470417022705,-0.05004802346229553,0.6314179301261902,0.5849472284317017,-0.02495548315346241,0.6317336559295654,0.5178996324539185,-0.036952242255210876,0.6313991546630859,0.4747319221496582,-0.04546772688627243,0.6299869418144226,0.43590396642684937,-0.0528075210750103,0.6578245759010315,0.6035259962081909,-0.032108720391988754,0.666537880897522,0.5567044019699097,-0.04414086788892746,0.6690449714660645,0.5247877836227417,-0.049766525626182556,0.6691664457321167,0.49370110034942627,-0.05421866476535797
0.6381134390830994,0.6566985249519348,3.6837835182268464e-07,0.5887658596038818,0.6405755877494812,-0.02210172638297081,0.547005832195282,0.608260989189148,-0.03625883162021637,0.5153005719184875,0.5742900967597961,-0.04856911674141884,0.4894556999206543,0.5424933433532715,-0.06055938079953194,0.580406904220581,0.49942728877067566,-0.02048400416970253,0.5665639042854309,0.4337562620639801,-0.035910263657569885,0.561535656452179,0.392788827419281,-0.04939483106136322,0.5593177676200867,0.35663706064224243,-0.059664856642484665,0.609577476978302,0.4872816801071167,-0.022169481962919235,0.6056631207466125,0.41083842515945435,-0.03387124836444855,0.6060102581977844,0.36352968215942383,-0.04446063190698624,0.6074222922325134,0.324088454246521,-0.053235385566949844,0.6369447708129883,0.4926552176475525,-0.027108076959848404,0.6379214525222778,0.42333513498306274,-0.039622850716114044,0.6382020711898804,0.3790106475353241,-0.04839840531349182,0.6372261643409729,0.3395357131958008,-0.05578935891389847,0.6638113856315613,0.5115987062454224,-0.03428950533270836,0.674278199672699,0.46358630061149597,-0.04660084843635559,0.6779094934463501,0.43068021535873413,-0.05231998488306999,0.678963303565979,0.39877814054489136,-0.05671034753322601
0.6418507099151611,0.6678446531295776,3.621357222982624e-07,0.5909862518310547,0.6549441814422607,-0.02651270665228367,0.5485588908195496,0.6201764941215515,-0.04165521264076233,0.5171125531196594,0.5832311511039734,-0.05422285944223404,0.49192655086517334,0.5457231998443604,-0.06611938774585724,0.5837722420692444,0.5037140846252441,-0.021202513948082924,0.5720977187156677,0.4364524185657501,-0.03619001433253288,0.5670173168182373,0.39524757862091064,-0.0497390516102314,0.5646939873695374,0.35811835527420044,-0.06033549830317497,0.6135612726211548,0.49176010489463806,-0.0216660238802433,0.611126720905304,0.41375333070755005,-0.03364865109324455,0.6112223267555237,0.3645104169845581,-0.044975485652685165,0.6126607656478882,0.3238772749900818,-0.0541035495698452,0.6407860517501831,0.4980400502681732,-0.026044804602861404,0.6427114605903625,0.4264976382255554,-0.039429474622011185,0.6433397531509399,0.3814541697502136,-0.04932580888271332,0.6434601545333862,0.34116965532302856,-0.05731911212205887,0.6674363613128662,0.5176244974136353,-0.03312025964260101,0.6768026351928711,0.46851375699043274,-0.04655483365058899,0.681377649307251,0.4355759620666504,-0.05324525386095047,0.6842186450958252,0.40399909019470215,-0.05826751887798309
0.6385742425918579,0.6409027576446533,3.3293912338194787e-07,0.5880222320556641,0.626774787902832,-0.024068836122751236,0.5453291535377502,0.5951769948005676,-0.039231639355421066,0.5130853056907654,0.5616805553436279,-0.05260671675205231,0.4868197441101074,0.5290632843971252,-0.06576710194349289,0.5812995433807373,0.4798359274864197,-0.02128475345671177,0.5666145086288452,0.4115263521671295,-0.03817431628704071,0.5597695112228394,0.3693055510520935,-0.0531342476606369,0.5561295747756958,0.33181554079055786,-0.06437747180461884,0.6102646589279175,0.4668877422809601,-0.023330653086304665,0.6052588820457458,0.3866889178752899,-0.03735727444291115,0.6034764051437378,0.3361591696739197,-0.04985987767577171,0.6036726236343384,0.29412490129470825,-0.05941949412226677,0.6370662450790405,0.4718471169471741,-0.028983574360609055,0.6378030776977539,0.39644354581832886,-0.043980229645967484,0.6380862593650818,0.35029536485671997,-0.05410910025238991,0.6381016373634338,0.31011509895324707,-0.06173570826649666,0.6634489893913269,0.49054357409477234,-0.0370604582130909,0.6733623743057251,0.43982386589050293,-0.051250699907541275,0.6771673560142517,0.40552276372909546,-0.05756116285920143,0.6789252758026123,0.37363845109939575,-0.061925146728754044
0.6455692052841187,0.6624326705932617,3.3638602303653897e-07,0.5951400399208069,0.6484502553939819,-0.024820439517498016,0.5519921779632568,0.6147892475128174,-0.04000299423933029,0.5200088024139404,0.5796921253204346,-0.053192343562841415,0.49382638931274414,0.545563817024231,-0.06606746464967728,0.5875442624092102,0.4979420006275177,-0.021389644593000412,0.5738586783409119,0.42976245284080505,-0.038180649280548096,0.5674929022789001,0.38762181997299194,-0.053123828023672104,0.5639914274215698,0.35000085830688477,-0.06444134563207626,0.6167626976966858,0.48536163568496704,-0.023097844794392586,0.6129691004753113,0.40505310893058777,-0.03711105138063431,0.61199951171875,0.35470128059387207,-0.04953518137335777,0.6124711632728577,0.312734454870224,-0.0590474009513855,0.6437215805053711,0.49080389738082886,-0.028525743633508682,0.6449328660964966,0.4159542918205261,-0.04378748685121536,0.6455448865890503,0.3700207471847534,-0.05404181033372879,0.6456243991851807,0.3294304609298706,-0.06173066422343254,0.6703279614448547,0.5101088285446167,-0.03644254803657532,0.6805278062820435,0.459631085395813,-0.050997138023376465,0.6850839257240295,0.4254591763019562,-0.05755886435508728,0.6874315738677979,0.39324575662612915,-0.06210128962993622
0.6486440300941467,0.6838588118553162,3.762849871691287e-07,0.5975984930992126,0.6696603298187256,-0.026232367381453514,0.5537794232368469,0.635428786277771,-0.04181353375315666,0.5214324593544006,0.5982359051704407,-0.055010389536619186,0.4937823712825775,0.5631330013275146,-0.06769028306007385,0.5876536965370178,0.519601583480835,-0.022514808923006058,0.5740218162536621,0.4497416317462921,-0.03842531889677048,0.56853848695755,0.4068688750267029,-0.05245092883706093,0.5661448836326599,0.36795949935913086,-0.06314818561077118,0.6176596283912659,0.5064164996147156,-0.023200254887342453,0.6134090423583984,0.42518940567970276,-0.03547874465584755,0.6129072904586792,0.3739641308784485,-0.04680033400654793,0.6139811277389526,0.331515371799469,-0.05596436932682991,0.6454238295555115,0.5115991234779358,-0.027656855061650276,0.6464531421661377,0.43881145119667053,-0.040588803589344025,0.6471632122993469,0.39282405376434326,-0.05008105933666229,0.647352397441864,0.352078378200531,-0.05791362375020981,0.6725221872329712,0.5298110246658325,-0.03484783321619034,0.6814426183700562,0.4806506037712097,-0.04712208732962608,0.685876727104187,0.44691208004951477,-0.05296634882688522,0.6887757182121277,0.4148089289665222,-0.0575435571372509
0.6506178379058838,0.6830299496650696,3.8572827065763704e-07,0.5993741750717163,0.6695185303688049,-0.027193285524845123,0.5555590391159058,0.6355775594711304,-0.04334775730967522,0.5227999091148376,0.5978931188583374,-0.05697328597307205,0.4949353337287903,0.5623478889465332,-0.07008073478937149,0.5890824794769287,0.5199364423751831,-0.023680491372942924,0.5751134753227234,0.4500638246536255,-0.04024624824523926,0.5695978999137878,0.40683767199516296,-0.05460618436336517,0.567281186580658,0.3676016926765442,-0.0655294731259346,0.6192896962165833,0.5063486099243164,-0.024079175665974617,0.6153299808502197,0.42500171065330505,-0.037047285586595535,0.6144416332244873,0.3738657236099243,-0.048877015709877014,0.6149716973304749,0.3311152756214142,-0.0584372952580452,0.6469714045524597,0.5111302733421326,-0.028293872252106667,0.6480734348297119,0.43849220871925354,-0.04184598848223686,0.6483871340751648,0.39256370067596436,-0.051552288234233856,0.6480239629745483,0.35165366530418396,-0.05953749269247055,0.6738013029098511,0.5290983319282532,-0.03530101478099823,0.6827324032783508,0.47989219427108765,-0.04803777486085892,0.6873477697372437,0.44629380106925964,-0.054007384926080704,0.6902787089347839,0.41429173946380615,-0.058693818747997284
0.6521826982498169,0.6852404475212097,4.009321230569185e-07,0.6008207201957703,0.6713526844978333,-0.027798835188150406,0.5571103096008301,0.6379523277282715,-0.0442909374833107,0.5243115425109863,0.6000627279281616,-0.058152005076408386,0.49669209122657776,0.5638170838356018,-0.07139028608798981,0.5907994508743286,0.5210593938827515,-0.023856420069932938,0.5771411657333374,0.45106470584869385,-0.040490180253982544,0.5718143582344055,0.4076719880104065,-0.055024661123752594,0.569617509841919,0.3679611086845398,-0.06603989750146866,0.6210116147994995,0.5074922442436218,-0.023955518379807472,0.6169695258140564,0.4256458580493927,-0.03657107427716255,0.6163039207458496,0.3740043640136719,-0.04805734381079674,0.6170241236686707,0.33080312609672546,-0.057443227618932724,0.6488149166107178,0.5123183727264404,-0.02798647992312908,0.6494959592819214,0.43974560499191284,-0.04092000424861908,0.6495659947395325,0.3929891586303711,-0.050153665244579315,0.6490049362182617,0.351574182510376,-0.05794202536344528,0.6759454607963562,0.5301370024681091,-0.03496319055557251,0.684668779373169,0.4802471101284027,-0.046982668340206146,0.689258873462677,0.44635868072509766,-0.052486713975667953,0.6922308802604675,0.41435369849205017,-0.056926414370536804
0.6517060995101929,0.6902560591697693,4.14428512840459e-07,0.6001406908035278,0.6750594973564148,-0.02640901692211628,0.5571385622024536,0.6412079334259033,-0.04207639396190643,0.5239880681037903,0.6049796938896179,-0.05547621101140976,0.49551719427108765,0.5716367959976196,-0.06836908310651779,0.5900144577026367,0.5252009034156799,-0.020770754665136337,0.5763044357299805,0.4564540684223175,-0.03650916740298271,0.571307897567749,0.41309744119644165,-0.05063995346426964,0.5691820979118347,0.3739778399467468,-0.0616028867661953,0.6200865507125854,0.5116645097732544,-0.021381136029958725,0.6159311532974243,0.4305977523326874,-0.033156681805849075,0.6157850027084351,0.37957581877708435,-0.04430452361702919,0.6170821189880371,0.3368024230003357,-0.05366430804133415,0.6480817794799805,0.5169535875320435,-0.025968685746192932,0.6484000086784363,0.44432953000068665,-0.038544390350580215,0.6487448215484619,0.3971847891807556,-0.04766977205872536,0.6484560966491699,0.3550618588924408,-0.055536217987537384,0.6756270527839661,0.5356654524803162,-0.033419568091630936,0.6845189929008484,0.48625966906547546,-0.045518938452005386,0.6888936161994934,0.4520261287689209,-0.05124899744987488,0.6915589570999146,0.4189950227737427,-0.05598212778568268
0.6503021717071533,0.7076067924499512,4.0416031765744265e-07,0.5992985963821411,0.69402676820755,-0.026502998545765877,0.555352509021759,0.6601918935775757,-0.04178529232740402,0.5222350358963013,0.6235948204994202,-0.054703082889318466,0.49433258175849915,0.5904242396354675,-0.06710481643676758,0.5877535343170166,0.5439616441726685,-0.021197879686951637,0.5742603540420532,0.4752873480319977,-0.03679075837135315,0.5694188475608826,0.43222981691360474,-0.05063238367438316,0.5674577951431274,0.3933859169483185,-0.0612897127866745,0.6179470419883728,0.5300309062004089,-0.02156512811779976,0.6137924790382385,0.44920653104782104,-0.03327011317014694,0.6134085059165955,0.3985007703304291,-0.04430568963289261,0.6143615245819092,0.3557639718055725,-0.05348055809736252,0.6458051800727844,0.5347582697868347,-0.02587328478693962,0.6467224955558777,0.46262654662132263,-0.03830734267830849,0.6470341682434082,0.41629260778427124,-0.04741350933909416,0.6465815305709839,0.374905526638031,-0.05514001473784447,0.6729517579078674,0.5527215003967285,-0.03303850442171097,0.6817523837089539,0.5036517381668091,-0.04470501095056534,0.6860154867172241,0.4697893261909485,-0.050245754420757294,0.6885168552398682,0.4373975992202759,-0.05483609810471535
0.6460102796554565,0.7233051061630249,3.763042002447037e-07,0.5953943729400635,0.7105459570884705,-0.024655483663082123,0.551560640335083,0.6766899824142456,-0.03842494636774063,0.5189957022666931,0.6405960321426392,-0.05013911798596382,0.4917873740196228,0.6089703440666199,-0.06139710545539856,0.5839647650718689,0.5624397993087769,-0.018238672986626625,0.5705362558364868,0.4957576096057892,-0.032706551253795624,0.5651446580886841,0.4538300037384033,-0.04602935165166855,0.5624721646308899,0.41570061445236206,-0.05645694583654404,0.6133465766906738,0.5486537218093872,-0.01906582899391651,0.6087152361869812,0.4699035584926605,-0.02972256951034069,0.6074590682983398,0.42038172483444214,-0.04026985913515091,0.6075644493103027,0.37850672006607056,-0.049216970801353455,0.6404959559440613,0.5529860854148865,-0.02374664880335331,0.6408671140670776,0.4822929799556732,-0.03528240695595741,0.6404671669006348,0.4371815621852875,-0.04385056346654892,0.6391869783401489,0.39689332246780396,-0.05129219964146614,0.6671114563941956,0.5705288052558899,-0.03118816576898098,0.6755609512329102,0.52211993932724,-0.042219121009111404,0.6792955994606018,0.488899290561676,-0.0474068745970726,0.6809685230255127,0.45719820261001587,-0.0518098920583725
0.6405053734779358,0.7315924763679504,3.5904596984437376e-07,0.5906673669815063,0.7192384600639343,-0.02325993962585926,0.5476889610290527,0.6851381063461304,-0.03621697053313255,0.5161240100860596,0.6496883630752563,-0.04726291820406914,0.4882247745990753,0.6207495927810669,-0.0579516664147377,0.5791150331497192,0.5740543007850647,-0.016730204224586487,0.5649735331535339,0.5095627307891846,-0.0300470981746912,0.559380054473877,0.46907317638397217,-0.04251597821712494,0.5564375519752502,0.43267208337783813,-0.05247541889548302,0.6075776219367981,0.5603116154670715,-0.017873739823698997,0.6024274230003357,0.48338139057159424,-0.027757421135902405,0.6011034846305847,0.4360884428024292,-0.037705838680267334,0.6012161374092102,0.39712685346603394,-0.04619520157575607,0.6339447498321533,0.5643668174743652,-0.02273082360625267,0.6342345476150513,0.4947540760040283,-0.033782705664634705,0.633543074131012,0.4502817988395691,-0.04229295998811722,0.6320599317550659,0.411008358001709,-0.049780409783124924,0.6598172187805176,0.5814623236656189,-0.030175350606441498,0.6680558919906616,0.5343410968780518,-0.04101361334323883,0.6712993383407593,0.5013380646705627,-0.046388890594244,0.6724813580513,0.47001785039901733,-0.05099298059940338
0.6332999467849731,0.7393178343772888,3.3979551972151967e-07,0.585708737373352,0.72798091173172,-0.020689910277724266,0.5440438389778137,0.6963986158370972,-0.032518889755010605,0.5136191248893738,0.663433313369751,-0.042930617928504944,0.48690906167030334,0.6367829442024231,-0.0532047338783741,0.5734633803367615,0.5897736549377441,-0.014696093276143074,0.5594336986541748,0.5285195708274841,-0.027129068970680237,0.5537143349647522,0.48996490240097046,-0.03894738480448723,0.5505647659301758,0.45516687631607056,-0.04847719892859459,0.6006836891174316,0.5767967700958252,-0.01665996015071869,0.5947907567024231,0.5029779672622681,-0.025961125269532204,0.5930525064468384,0.4575953483581543,-0.0355040468275547,0.5928846001625061,0.41983312368392944,-0.04377051815390587,0.626272976398468,0.580523669719696,-0.022060289978981018,0.6256657242774963,0.5133475661277771,-0.032635390758514404,0.6246383786201477,0.4701375365257263,-0.04080342501401901,0.6228874325752258,0.431643009185791,-0.048082783818244934,0.6516240835189819,0.596685528755188,-0.02979787066578865,0.6584923267364502,0.5503541827201843,-0.0402100645005703,0.6607369184494019,0.5178045034408569,-0.045311883091926575,0.660995364189148,0.4864765703678131,-0.04979977011680603
0.6339152455329895,0.7405803203582764,3.1830563784751575e-07,0.5862295627593994,0.7307124137878418,-0.022232966497540474,0.5435124039649963,0.6978244781494141,-0.034334730356931686,0.5126599073410034,0.6621562838554382,-0.044662702828645706,0.48584800958633423,0.6329089999198914,-0.054530248045921326,0.5738176703453064,0.5922636389732361,-0.01580147072672844,0.5594683289527893,0.5294187664985657,-0.02821503020823002,0.5534995198249817,0.49083393812179565,-0.039851877838373184,0.5502973794937134,0.45578277111053467,-0.04910483956336975,0.6005879044532776,0.5793953537940979,-0.016661303117871284,0.594477117061615,0.506202220916748,-0.026032647117972374,0.5924095511436462,0.46047651767730713,-0.03549826890230179,0.5920416712760925,0.42274099588394165,-0.04350510239601135,0.6256749629974365,0.5823889970779419,-0.02103753574192524,0.625174880027771,0.5164517164230347,-0.031168650835752487,0.623958945274353,0.4745136499404907,-0.039077721536159515,0.6221396923065186,0.43754658102989197,-0.04602393880486488,0.6504358053207397,0.5966924428939819,-0.027932059019804,0.6571612358093262,0.5515374541282654,-0.03773517534136772,0.6593828201293945,0.5198858976364136,-0.0426962710916996,0.6599869728088379,0.4900219738483429,-0.04697047919034958
0.6330852508544922,0.7395408153533936,3.4443041840859223e-07,0.5849254131317139,0.7286601662635803,-0.022036539390683174,0.5432941317558289,0.6972804069519043,-0.03413685783743858,0.5134131908416748,0.6638578176498413,-0.044558461755514145,0.48762163519859314,0.6349740624427795,-0.05461694300174713,0.5736961364746094,0.5910042524337769,-0.015630118548870087,0.5598267912864685,0.5290998220443726,-0.028316278010606766,0.5543138980865479,0.49042636156082153,-0.040116969496011734,0.5513261556625366,0.4553937017917633,-0.04948139190673828,0.6009868383407593,0.5780259966850281,-0.016813088208436966,0.5953136682510376,0.5045662522315979,-0.026452070102095604,0.5933728814125061,0.45893970131874084,-0.03617793321609497,0.5930213332176208,0.4208467900753021,-0.04440084844827652,0.6264020204544067,0.5813798904418945,-0.02154671400785446,0.6260404586791992,0.5153429508209229,-0.0321822464466095,0.6248035430908203,0.4729275703430176,-0.040350548923015594,0.6229652166366577,0.43512392044067383,-0.04743132367730141,0.6514107584953308,0.5965705513954163,-0.02876243367791176,0.6585363149642944,0.5510258078575134,-0.03899882361292839,0.6610434055328369,0.5191186666488647,-0.044028010219335556,0.6617038249969482,0.48864954710006714,-0.04832657054066658
0.6342691779136658,0.7352266907691956,3.455825208220631e-07,0.5862846374511719,0.7245510220527649,-0.02190101332962513,0.5443660020828247,0.6921172142028809,-0.03403884544968605,0.5139364004135132,0.6578524112701416,-0.04447820782661438,0.48738861083984375,0.6294227838516235,-0.054539721459150314,0.5748677849769592,0.584469199180603,-0.015051287598907948,0.5610579252243042,0.523228645324707,-0.02724611572921276,0.5554935932159424,0.48470020294189453,-0.03893105313181877,0.5524141192436218,0.45018282532691956,-0.04835626855492592,0.6020821332931519,0.5720339417457581,-0.016280651092529297,0.5960728526115417,0.4985336363315582,-0.025184080004692078,0.5946021676063538,0.45311200618743896,-0.03430623933672905,0.5948318243026733,0.4156543016433716,-0.04226621612906456,0.6278004050254822,0.5762265920639038,-0.021117664873600006,0.6268361210823059,0.5093973875045776,-0.03125432878732681,0.6258761882781982,0.46665602922439575,-0.03905298188328743,0.6243152022361755,0.4285460114479065,-0.04608488082885742,0.6532992124557495,0.5925238132476807,-0.028448816388845444,0.6599151492118835,0.5459306836128235,-0.03857189416885376,0.6622025966644287,0.5139005184173584,-0.04359912499785423,0.6626870632171631,0.48296114802360535,-0.048007603734731674
0.6352386474609375,0.7357727885246277,3.5172178058928694e-07,0.5875979661941528,0.7242609858512878,-0.022934893146157265,0.5463935732841492,0.6937314867973328,-0.036194346845149994,0.5156493186950684,0.6602275967597961,-0.04772915318608284,0.49001359939575195,0.6299331784248352,-0.05870102718472481,0.577380895614624,0.5872937440872192,-0.01590055227279663,0.5640366673469543,0.5267238616943359,-0.02921946905553341,0.5586572885513306,0.48812031745910645,-0.04143008217215538,0.5560203194618225,0.4532141089439392,-0.05098804086446762,0.6046298742294312,0.5745726227760315,-0.016472183167934418,0.5991221070289612,0.502449631690979,-0.025939181447029114,0.5978078246116638,0.4576720595359802,-0.03486461937427521,0.5982310175895691,0.4197167158126831,-0.04256518557667732,0.6303537487983704,0.5781059861183167,-0.02081134356558323,0.6294196844100952,0.5132604837417603,-0.030847648158669472,0.6285712718963623,0.4714406728744507,-0.03786194324493408,0.6272582411766052,0.4341111183166504,-0.0442245751619339,0.6558979749679565,0.5934678316116333,-0.02785220555961132,0.6624593734741211,0.5480295419692993,-0.03740650787949562,0.6644251346588135,0.5166490077972412,-0.04190366715192795,0.6645957231521606,0.4866304397583008,-0.04586586356163025
0.6410161256790161,0.7272394299507141,3.5361725281291e-07,0.5935084223747253,0.7150978446006775,-0.022221969440579414,0.5529572367668152,0.6845827698707581,-0.034870415925979614,0.5233057141304016,0.6507651805877686,-0.04586956277489662,0.4987229108810425,0.6201356649398804,-0.0563700832426548,0.5835146307945251,0.5801340937614441,-0.014786147512495518,0.5703785419464111,0.5200554132461548,-0.027392582967877388,0.565049946308136,0.4818635582923889,-0.039176519960165024,0.5621626973152161,0.44748854637145996,-0.04849473759531975,0.6109394431114197,0.567754328250885,-0.015628114342689514,0.606339156627655,0.4960169494152069,-0.02470303140580654,0.6051855683326721,0.4515421986579895,-0.03360318765044212,0.6052708625793457,0.41418319940567017,-0.04132286086678505,0.6363869905471802,0.5715618133544922,-0.020176444202661514,0.6363117694854736,0.5072109699249268,-0.030288685113191605,0.635464608669281,0.46559253334999084,-0.037550631910562515,0.6338486671447754,0.4286915063858032,-0.04404313117265701,0.6613433957099915,0.5872553586959839,-0.027291875332593918,0.6683708429336548,0.5419124364852905,-0.037143681198358536,0.6706675887107849,0.5109199285507202,-0.04174688830971718,0.670891523361206,0.48141905665397644,-0.045742493122816086
0.6391063928604126,0.7332726716995239,3.475213929959864e-07,0.5910556316375732,0.7225654125213623,-0.022758761420845985,0.5502164363861084,0.6919148564338684,-0.03561609610915184,0.5203402638435364,0.6578787565231323,-0.04672149941325188,0.4952852427959442,0.6274789571762085,-0.05729277804493904,0.5814269781112671,0.5860209465026855,-0.015504512935876846,0.5683581233024597,0.5261372923851013,-0.028384219855070114,0.5630267858505249,0.48780500888824463,-0.040285974740982056,0.5602127909660339,0.45336994528770447,-0.0496557243168354,0.6085615158081055,0.5737157464027405,-0.016147764399647713,0.6035019159317017,0.5022181272506714,-0.02538071945309639,0.602077841758728,0.45789599418640137,-0.034297261387109756,0.6021600365638733,0.4202963709831238,-0.04197680950164795,0.6339823603630066,0.577444314956665,-0.02050643414258957,0.6332979798316956,0.512913703918457,-0.030491696670651436,0.6322697401046753,0.47163820266723633,-0.037420861423015594,0.6307440400123596,0.43471255898475647,-0.043684136122465134,0.6591209769248962,0.5928298234939575,-0.027532346546649933,0.6655615568161011,0.5472801923751831,-0.03712982311844826,0.6675364375114441,0.5160214900970459,-0.04147765412926674,0.6678004264831543,0.48625850677490234,-0.04528282955288887
0.6419677734375,0.7347867488861084,3.539375086347718e-07,0.5941920280456543,0.7232804298400879,-0.022862259298563004,0.5535914897918701,0.6928136944770813,-0.0358712263405323,0.5234671831130981,0.6594529151916504,-0.04716572165489197,0.4983111023902893,0.6290450096130371,-0.057871121913194656,0.5836421251296997,0.5874997973442078,-0.015363690443336964,0.570553183555603,0.5273362398147583,-0.02844233624637127,0.5653374195098877,0.48895758390426636,-0.04049303010106087,0.5626345276832581,0.45432865619659424,-0.04995469003915787,0.6109427809715271,0.5753049254417419,-0.016010085120797157,0.6060668230056763,0.5040508508682251,-0.02543460763990879,0.6047520041465759,0.4594586491584778,-0.034425538033246994,0.6048113703727722,0.4213002324104309,-0.04216470941901207,0.6365211009979248,0.5791652798652649,-0.02045542746782303,0.6364011764526367,0.5149904489517212,-0.030622251331806183,0.6355581283569336,0.4741480350494385,-0.037520308047533035,0.6339812874794006,0.4372468590736389,-0.04370905086398125,0.6617842316627502,0.5945819616317749,-0.027596915140748024,0.6687804460525513,0.5492901802062988,-0.03736906126141548,0.670824408531189,0.5181668996810913,-0.04183971881866455,0.6708785891532898,0.48807471990585327,-0.04571886360645294
0.6427170038223267,0.7390710115432739,3.516884703458345e-07,0.5951667428016663,0.7278333306312561,-0.023379430174827576,0.5545796155929565,0.6960700154304504,-0.0364813432097435,0.5246391892433167,0.6623252630233765,-0.047604940831661224,0.499382883310318,0.6319952607154846,-0.05825657770037651,0.5841128826141357,0.5929317474365234,-0.01735036075115204,0.5708782076835632,0.5326979160308838,-0.03097572922706604,0.5656834840774536,0.494279146194458,-0.04316798597574234,0.563174843788147,0.4594151973724365,-0.05270940810441971,0.6118616461753845,0.5799450874328613,-0.018077105283737183,0.6072351336479187,0.507997453212738,-0.02828528732061386,0.6060283780097961,0.4632532596588135,-0.037873003631830215,0.6061892509460449,0.4255785346031189,-0.04591434821486473,0.6375278234481812,0.5835891962051392,-0.022489160299301147,0.6374974250793457,0.5183457732200623,-0.033687151968479156,0.6366013288497925,0.476337194442749,-0.04155023396015167,0.6350475549697876,0.43877148628234863,-0.048250745981931686,0.6625427603721619,0.5990695357322693,-0.0294578168541193,0.6690806150436401,0.553622841835022,-0.04009689763188362,0.6713604927062988,0.521889865398407,-0.04506433382630348,0.6718591451644897,0.49172019958496094,-0.04920671880245209
0.6437591314315796,0.7302235960960388,3.524862393078365e-07,0.5965681076049805,0.72040855884552,-0.023167967796325684,0.5552921891212463,0.6910757422447205,-0.03632759302854538,0.5234989523887634,0.6587847471237183,-0.047499991953372955,0.4979633092880249,0.628639817237854,-0.057923488318920135,0.582033634185791,0.5862108469009399,-0.015816083177924156,0.5670862197875977,0.5265780687332153,-0.028435617685317993,0.5607573390007019,0.48871445655822754,-0.0401175282895565,0.5572456121444702,0.45515432953834534,-0.04923781380057335,0.6090342402458191,0.5729684829711914,-0.015920571982860565,0.6016765832901001,0.5029395222663879,-0.024445340037345886,0.5996417999267578,0.45926040410995483,-0.03265772759914398,0.5993627309799194,0.4230833649635315,-0.03986102342605591,0.6347179412841797,0.5754870772361755,-0.019820144400000572,0.6323115229606628,0.5115967988967896,-0.029349252581596375,0.6307694911956787,0.47065192461013794,-0.03598517179489136,0.6284725666046143,0.43396681547164917,-0.04207440838217735,0.6601216793060303,0.5896978974342346,-0.026390891522169113,0.6655057072639465,0.544805109500885,-0.0359836220741272,0.6668446063995361,0.5143834352493286,-0.040415700525045395,0.6661869883537292,0.4851681888103485,-0.04420579969882965
0.6433179378509521,0.7327156662940979,3.5239455087321403e-07,0.5957019925117493,0.723423421382904,-0.023832177743315697,0.5547695755958557,0.6938976049423218,-0.03730107843875885,0.5226737856864929,0.6616817712783813,-0.04868406429886818,0.49692532420158386,0.6321560740470886,-0.05929356813430786,0.5827246904373169,0.5895788073539734,-0.016527382656931877,0.5681885480880737,0.5290915369987488,-0.029283812269568443,0.5618624687194824,0.4909936189651489,-0.0408642441034317,0.5583274960517883,0.4572920799255371,-0.049814678728580475,0.6096397042274475,0.5764852166175842,-0.016364578157663345,0.6026114821434021,0.505425214767456,-0.02521146461367607,0.6001700162887573,0.46145695447921753,-0.033656079322099686,0.599434494972229,0.4246845841407776,-0.04088214039802551,0.6351013779640198,0.5789248943328857,-0.019967632368206978,0.6330804824829102,0.514802098274231,-0.029402270913124084,0.6312173008918762,0.47400963306427,-0.03592398017644882,0.6288728713989258,0.4378328025341034,-0.041820988059043884,0.660051167011261,0.5926873683929443,-0.026320084929466248,0.6653811931610107,0.547321617603302,-0.03526655212044716,0.6667355298995972,0.5165730714797974,-0.039236340671777725,0.6665106415748596,0.48733893036842346,-0.04270445555448532
0.6376727223396301,0.7282707691192627,3.548591109847621e-07,0.5898194909095764,0.7196909785270691,-0.022130470722913742,0.5487701892852783,0.690361738204956,-0.034565865993499756,0.5172098875045776,0.6586518883705139,-0.045187920331954956,0.49050554633140564,0.6320760846138,-0.05524041876196861,0.5754029750823975,0.5869336128234863,-0.014740226790308952,0.5599882006645203,0.5261930823326111,-0.026979202404618263,0.5539368391036987,0.488203227519989,-0.03852611780166626,0.5507596135139465,0.45464807748794556,-0.04745539650321007,0.6018842458724976,0.5731654763221741,-0.015349519439041615,0.594440758228302,0.5012549161911011,-0.02395266480743885,0.5917372107505798,0.4568268358707428,-0.03246235102415085,0.5909463763237,0.420473575592041,-0.03971276432275772,0.6268507838249207,0.5748202800750732,-0.01962263509631157,0.6247616410255432,0.5092368721961975,-0.029336759820580482,0.6229286193847656,0.4680100679397583,-0.036235958337783813,0.6205166578292847,0.4316612482070923,-0.042353611439466476,0.6515765190124512,0.5877845287322998,-0.02640756219625473,0.6571477651596069,0.541714072227478,-0.03589067980647087,0.6583033800125122,0.5106338858604431,-0.04000568389892578,0.6575887203216553,0.4808814227581024,-0.04350946098566055
0.6311217546463013,0.7223614454269409,3.4960100947500905e-07,0.5830380320549011,0.7147716879844666,-0.022947920486330986,0.5426728129386902,0.6865401864051819,-0.03572220355272293,0.5104103088378906,0.6555817127227783,-0.04657139256596565,0.48445191979408264,0.6268912553787231,-0.056654687970876694,0.5683691501617432,0.5832242965698242,-0.01449599303305149,0.552527666091919,0.5230614542961121,-0.026603255420923233,0.5456387400627136,0.4852816164493561,-0.037812527269124985,0.5415779948234558,0.4519927203655243,-0.046493351459503174,0.5946612358093262,0.5692425966262817,-0.014613407664000988,0.5864921808242798,0.4985732436180115,-0.02288108505308628,0.5833847522735596,0.4551481008529663,-0.030990250408649445,0.5820658802986145,0.41908931732177734,-0.03790365159511566,0.61952143907547,0.5705789923667908,-0.018543008714914322,0.6166967153549194,0.5060988664627075,-0.027666572481393814,0.6146049499511719,0.46554839611053467,-0.03393905237317085,0.6119599938392639,0.42939937114715576,-0.039637450128793716,0.6438243985176086,0.582994282245636,-0.025156455114483833,0.6481397151947021,0.5375770926475525,-0.03403094783425331,0.6490976810455322,0.5069469213485718,-0.03781198710203171,0.648663341999054,0.4775620400905609,-0.04108358547091484
0.6274380683898926,0.7118403911590576,3.281911915564706e-07,0.5807711482048035,0.7043044567108154,-0.021901186555624008,0.5393751263618469,0.6757656335830688,-0.03424818441271782,0.5078259706497192,0.645319938659668,-0.044709257781505585,0.4823307991027832,0.6180070638656616,-0.05466953292489052,0.5656150579452515,0.5721379518508911,-0.016716761514544487,0.5500296354293823,0.5124492645263672,-0.029371017590165138,0.5431297421455383,0.47520196437835693,-0.0408177450299263,0.538881778717041,0.4417269229888916,-0.04976215958595276,0.5919913053512573,0.5582714080810547,-0.01738654635846615,0.5838038325309753,0.48788297176361084,-0.02675490453839302,0.5806611180305481,0.44443702697753906,-0.03578205034136772,0.5795060396194458,0.40808817744255066,-0.04341347515583038,0.617102861404419,0.5602048635482788,-0.02141781896352768,0.6142457127571106,0.4960387647151947,-0.031246433034539223,0.6118543744087219,0.4556954801082611,-0.03821256384253502,0.6091581583023071,0.419795423746109,-0.04439903423190117,0.6418737173080444,0.5733810067176819,-0.027905480936169624,0.6461678147315979,0.5280519127845764,-0.037057265639305115,0.6468870043754578,0.49714863300323486,-0.041136957705020905,0.6461836695671082,0.4676477611064911,-0.044695887714624405
0.624779999256134,0.7120038270950317,3.193560189629352e-07,0.5782194137573242,0.7042803168296814,-0.020932398736476898,0.5368424654006958,0.6753151416778564,-0.03276743367314339,0.5056312084197998,0.6446837782859802,-0.043021149933338165,0.48007115721702576,0.6185901761054993,-0.05293017998337746,0.5633461475372314,0.5720763206481934,-0.015349390916526318,0.5481671094894409,0.5130612850189209,-0.027619680389761925,0.541569709777832,0.47617462277412415,-0.03886488080024719,0.5375756025314331,0.4428110122680664,-0.047847919166088104,0.5898598432540894,0.5580024719238281,-0.016691524535417557,0.5820456743240356,0.48765724897384644,-0.025959817692637444,0.5786079168319702,0.44411924481391907,-0.03513973951339722,0.5768303871154785,0.4076218008995056,-0.04299262911081314,0.6150529384613037,0.5600352883338928,-0.02138623408973217,0.6123822927474976,0.49599170684814453,-0.031528763473033905,0.6098179221153259,0.4552198052406311,-0.03914337977766991,0.6067232489585876,0.4190521240234375,-0.04584648087620735,0.6400548815727234,0.5734978914260864,-0.02841772884130478,0.6447177529335022,0.5286036729812622,-0.038097627460956573,0.6452187299728394,0.49729499220848083,-0.042828213423490524,0.6439325213432312,0.4675559997558594,-0.04697338864207268
0.6268863677978516,0.7168400883674622,3.32201125274878e-07,0.5795733332633972,0.7075480222702026,-0.021085776388645172,0.537662923336029,0.6777921915054321,-0.03293386846780777,0.5063164830207825,0.6466835141181946,-0.043283991515636444,0.48093533515930176,0.6193005442619324,-0.05326441675424576,0.5665929913520813,0.5720439553260803,-0.014453694224357605,0.551891565322876,0.5124760270118713,-0.026641391217708588,0.5455514788627625,0.47498878836631775,-0.03822558373212814,0.5416250228881836,0.4412612020969391,-0.04746954143047333,0.5932037234306335,0.5585081577301025,-0.015521286986768246,0.5857628583908081,0.48750990629196167,-0.024460159242153168,0.5830651521682739,0.44336193799972534,-0.03350340574979782,0.5819331407546997,0.4063042998313904,-0.041334133595228195,0.6186281442642212,0.5611637234687805,-0.02004842460155487,0.6161473989486694,0.49723225831985474,-0.02960112690925598,0.6142644286155701,0.4562017321586609,-0.036775387823581696,0.611809492111206,0.41974854469299316,-0.04325667768716812,0.6438174843788147,0.5754167437553406,-0.02704595774412155,0.6489748954772949,0.5298916697502136,-0.036175813525915146,0.6499069929122925,0.4987033009529114,-0.040559154003858566,0.649031937122345,0.4689745008945465,-0.044492848217487335
0.6252626180648804,0.72230064868927,3.2556943097006297e-07,0.5785466432571411,0.7138526439666748,-0.020659808069467545,0.5367748737335205,0.6842498779296875,-0.03258446976542473,0.5051267147064209,0.6530871987342834,-0.04309900104999542,0.47910046577453613,0.6256963610649109,-0.05328446254134178,0.564485490322113,0.5780411958694458,-0.014749656431376934,0.5499532222747803,0.5180218815803528,-0.02686210907995701,0.543660044670105,0.48059606552124023,-0.038243167102336884,0.5399563908576965,0.4466381072998047,-0.04740186035633087,0.5909881591796875,0.5643202662467957,-0.01634463295340538,0.5837088227272034,0.4929346442222595,-0.025364642962813377,0.580708920955658,0.4485515356063843,-0.03445464000105858,0.5793532133102417,0.411404013633728,-0.04237303137779236,0.6162285208702087,0.566748857498169,-0.02132391184568405,0.6143662929534912,0.5021033883094788,-0.03104672208428383,0.6123839020729065,0.46064993739128113,-0.03845030814409256,0.6095986366271973,0.42390966415405273,-0.04522540420293808,0.6412538886070251,0.5807593464851379,-0.028705794364213943,0.646835446357727,0.5355430245399475,-0.03810637816786766,0.6477804780006409,0.5040581226348877,-0.04277237504720688,0.6466577053070068,0.4743853509426117,-0.046992670744657516
0.6225398778915405,0.7186375260353088,3.3072794280997186e-07,0.575115442276001,0.7103531360626221,-0.02024402841925621,0.5336615443229675,0.6813986301422119,-0.03175017237663269,0.5024443864822388,0.6504025459289551,-0.04193508252501488,0.4761448800563812,0.6240541338920593,-0.05182184278964996,0.5620208978652954,0.5743054747581482,-0.013402823358774185,0.5466497540473938,0.5144973993301392,-0.0248892679810524,0.5397855639457703,0.47715550661087036,-0.03611777350306511,0.5353298187255859,0.4436204433441162,-0.045157499611377716,0.5882569551467896,0.5611898899078369,-0.014835097827017307,0.5806047320365906,0.4895191192626953,-0.022921038791537285,0.5776824355125427,0.44524866342544556,-0.031546059995889664,0.5764864683151245,0.40899133682250977,-0.03919093683362007,0.6135306358337402,0.5638564825057983,-0.019669068977236748,0.6103833913803101,0.49918660521507263,-0.02833196148276329,0.607930600643158,0.4578470289707184,-0.03511149808764458,0.6051698327064514,0.421472430229187,-0.041521310806274414,0.6387869715690613,0.5779789686203003,-0.026964154094457626,0.6433596611022949,0.5318796634674072,-0.035382188856601715,0.6438370943069458,0.5004410743713379,-0.03940712660551071,0.6426251530647278,0.47075289487838745,-0.04319453984498978
0.6250090599060059,0.7213913798332214,3.2958206475086627e-07,0.5779025554656982,0.7133967876434326,-0.022140592336654663,0.5370539426803589,0.6840651035308838,-0.03446955606341362,0.506666362285614,0.6517934799194336,-0.04492340609431267,0.480415940284729,0.6242672204971313,-0.054928410798311234,0.5646505951881409,0.5779310464859009,-0.015986915677785873,0.5491675734519958,0.517754077911377,-0.028178930282592773,0.5426487326622009,0.48051130771636963,-0.03958753123879433,0.5389119982719421,0.4468684196472168,-0.048731639981269836,0.5911511778831482,0.5637491941452026,-0.01671825721859932,0.5837687253952026,0.4918734133243561,-0.025842567905783653,0.5806877017021179,0.4478801488876343,-0.0350152887403965,0.5792942643165588,0.4117739796638489,-0.04289448261260986,0.6161050796508789,0.5660297274589539,-0.0209218617528677,0.6134570837020874,0.5007933378219604,-0.031102271750569344,0.610670268535614,0.459022581577301,-0.03885671868920326,0.6075162291526794,0.42215901613235474,-0.04574217274785042,0.6408379077911377,0.5803262591362,-0.027568254619836807,0.6454267501831055,0.5350335240364075,-0.03766016289591789,0.645957887172699,0.5036764144897461,-0.04256226867437363,0.6447239518165588,0.47384315729141235,-0.04677554965019226
0.622963011264801,0.7220827341079712,3.2528186011404614e-07,0.5757578015327454,0.7140944004058838,-0.020601097494363785,0.5340084433555603,0.6847040057182312,-0.032181914895772934,0.5030240416526794,0.6535131931304932,-0.04223327711224556,0.47686588764190674,0.6267922520637512,-0.05193224549293518,0.5613811612129211,0.578450620174408,-0.014191457070410252,0.546109676361084,0.5190109610557556,-0.0257064551115036,0.539556086063385,0.4819382131099701,-0.03677954152226448,0.5356870889663696,0.4484671354293823,-0.04574979096651077,0.5876011848449707,0.5649140477180481,-0.015517672523856163,0.579895555973053,0.49360406398773193,-0.02382029965519905,0.5770593285560608,0.4495285153388977,-0.032532814890146255,0.5762050151824951,0.41339391469955444,-0.040251005440950394,0.612708330154419,0.5673809051513672,-0.020243311300873756,0.6097747087478638,0.5028111338615417,-0.029477493837475777,0.6075331568717957,0.46127888560295105,-0.036756448447704315,0.604934573173523,0.42467623949050903,-0.043506938964128494,0.6378048658370972,0.5814946889877319,-0.027369355782866478,0.6420410871505737,0.536115825176239,-0.03656774014234543,0.6423639059066772,0.5045498013496399,-0.04116145148873329,0.6410130858421326,0.47449973225593567,-0.045333825051784515
0.6220009326934814,0.7243168354034424,3.2157137752619747e-07,0.5747045874595642,0.7161508202552795,-0.02129458822309971,0.5330982208251953,0.6863878965377808,-0.03333776816725731,0.5020807385444641,0.6547330021858215,-0.04372746869921684,0.4760013818740845,0.627254068851471,-0.0538015216588974,0.5612474679946899,0.5807157158851624,-0.015718510374426842,0.5466552972793579,0.5201625823974609,-0.028134014457464218,0.5404178500175476,0.4823533892631531,-0.03965945169329643,0.5368221998214722,0.448358952999115,-0.048855092376470566,0.5877273678779602,0.5669370293617249,-0.017044732347130775,0.5804613828659058,0.4949325621128082,-0.026357972994446754,0.5776758193969727,0.45030075311660767,-0.03565693646669388,0.5766720771789551,0.4132859408855438,-0.043661221861839294,0.6128928661346436,0.5695555806159973,-0.021772323176264763,0.6104730367660522,0.5042551159858704,-0.0318930521607399,0.6083869934082031,0.4622025489807129,-0.039600126445293427,0.6057434678077698,0.4247470498085022,-0.04651062190532684,0.6378878355026245,0.5839055180549622,-0.028889400884509087,0.6422156095504761,0.5384106636047363,-0.03870378062129021,0.6426162719726562,0.5069178342819214,-0.04347653314471245,0.6413033604621887,0.47690027952194214,-0.04769863188266754
0.6226251125335693,0.7233207821846008,3.302119466752629e-07,0.5757425427436829,0.7155900001525879,-0.021421127021312714,0.5343150496482849,0.6852589845657349,-0.033221881836652756,0.5034783482551575,0.6537660956382751,-0.04324990510940552,0.47722554206848145,0.627112865447998,-0.052905842661857605,0.5616234540939331,0.5806437730789185,-0.015590366907417774,0.5468977689743042,0.5194912552833557,-0.027775775641202927,0.5407488346099854,0.48161494731903076,-0.03901815414428711,0.5371792316436768,0.44830042123794556,-0.04784351587295532,0.588109016418457,0.5672013759613037,-0.01665368676185608,0.5808125138282776,0.4948980212211609,-0.025775456801056862,0.5785245895385742,0.45002052187919617,-0.034893326461315155,0.5781927108764648,0.41346606612205505,-0.04257485643029213,0.613244891166687,0.5697931051254272,-0.021112626418471336,0.611068606376648,0.5041807889938354,-0.03107600472867489,0.6095342040061951,0.46247369050979614,-0.03861792013049126,0.607670247554779,0.42558667063713074,-0.04521756246685982,0.6378830671310425,0.5838733911514282,-0.02795078419148922,0.6425899863243103,0.5382077097892761,-0.03743923082947731,0.6437811851501465,0.5070093274116516,-0.041836220771074295,0.6436529159545898,0.47715675830841064,-0.04565552994608879
0.6198192834854126,0.7201083302497864,3.317664436508494e-07,0.5722624063491821,0.7128119468688965,-0.022181648761034012,0.5318580865859985,0.6840088963508606,-0.03397403657436371,0.5018182992935181,0.6523221731185913,-0.0438072606921196,0.4772878587245941,0.623633861541748,-0.05306646227836609,0.5590834021568298,0.5822511911392212,-0.015483355149626732,0.5447633266448975,0.5219570994377136,-0.02777283266186714,0.538590133190155,0.4840312600135803,-0.039011623710393906,0.5350310802459717,0.45048603415489197,-0.04769273102283478,0.5855394601821899,0.568335235118866,-0.015783822163939476,0.5778343081474304,0.4975682497024536,-0.024607455357909203,0.5751549005508423,0.45349448919296265,-0.03326164931058884,0.5746713280677795,0.4170931577682495,-0.04053976759314537,0.6105623245239258,0.5700933933258057,-0.019611360505223274,0.607984721660614,0.5054974555969238,-0.02909632958471775,0.6063389778137207,0.46416398882865906,-0.03587089478969574,0.6046382784843445,0.42753687500953674,-0.041861049830913544,0.6352768540382385,0.5830912590026855,-0.025965319946408272,0.6399162411689758,0.5378014445304871,-0.03490014001727104,0.6411380171775818,0.5069465041160583,-0.038740791380405426,0.6411824822425842,0.4775557219982147,-0.04205755889415741
0.6320016384124756,0.7379246950149536,2.946607935427892e-07,0.586161732673645,0.7300736904144287,-0.0213033277541399,0.5455098152160645,0.7011104822158813,-0.03286602348089218,0.5164169073104858,0.6685998439788818,-0.0424773134291172,0.4931371212005615,0.6392465829849243,-0.051340501755476,0.5736502408981323,0.6020417809486389,-0.015898188576102257,0.5601089596748352,0.542090117931366,-0.027713628485798836,0.5546130537986755,0.5055235624313354,-0.03831605613231659,0.5516332983970642,0.47356709837913513,-0.04647217318415642,0.599634051322937,0.5900975465774536,-0.016447825357317924,0.5929336547851562,0.5212216377258301,-0.02556529827415943,0.5905971527099609,0.47865843772888184,-0.034247953444719315,0.5901117324829102,0.4439752697944641,-0.04126005992293358,0.6238974928855896,0.5928226113319397,-0.020287886261940002,0.6231065392494202,0.5293692350387573,-0.030542053282260895,0.6227433085441589,0.49057576060295105,-0.03775312006473541,0.6218050122261047,0.45665693283081055,-0.04358849301934242,0.6476259231567383,0.6060953140258789,-0.02639559656381607,0.6534420251846313,0.5621908903121948,-0.03630371019244194,0.6550643444061279,0.5327466726303101,-0.0407620370388031,0.6551728248596191,0.5051463842391968,-0.04414021596312523
0.6428931355476379,0.7856227159500122,3.232848939660471e-07,0.5982806086540222,0.7727379202842712,-0.02162211947143078,0.5607489943504333,0.7420832514762878,-0.03327227011322975,0.5315729975700378,0.708169162273407,-0.04297610744833946,0.5083763599395752,0.6774283647537231,-0.052105046808719635,0.5905849933624268,0.6470101475715637,-0.015595091506838799,0.5793995261192322,0.5865576267242432,-0.027931882068514824,0.5756389498710632,0.5501245260238647,-0.039070405066013336,0.5742053985595703,0.5175286531448364,-0.04751874879002571,0.6173262000083923,0.6367761492729187,-0.015493922866880894,0.613773763179779,0.5680113434791565,-0.024449173361063004,0.6133753657341003,0.5257077217102051,-0.033261142671108246,0.6141384840011597,0.49031925201416016,-0.040523190051317215,0.6420945525169373,0.6410000324249268,-0.018740640953183174,0.6446031332015991,0.578843355178833,-0.0285474993288517,0.6462944746017456,0.5396322011947632,-0.03561437502503395,0.6469085812568665,0.5050308108329773,-0.04143645614385605,0.6655431389808655,0.6557847857475281,-0.0243137925863266,0.6735055446624756,0.6122708320617676,-0.03330857679247856,0.6772328615188599,0.5835773348808289,-0.037195056676864624,0.6794186234474182,0.5564385056495667,-0.040329597890377045
0.6402809023857117,0.7834683656692505,3.290670349542779e-07,0.5967434048652649,0.7715210318565369,-0.021803386509418488,0.5598655939102173,0.7412749528884888,-0.033986009657382965,0.5309032201766968,0.7072535157203674,-0.0440741665661335,0.5081807374954224,0.6762639880180359,-0.053556397557258606,0.5888366103172302,0.6453222036361694,-0.01711384207010269,0.5775964260101318,0.5850200057029724,-0.029781701043248177,0.5734370946884155,0.5483044385910034,-0.04076174646615982,0.5721075534820557,0.5155277252197266,-0.04910096153616905,0.6156120896339417,0.6351733803749084,-0.01711519993841648,0.6110944151878357,0.5659889578819275,-0.026204735040664673,0.6106424331665039,0.5234441161155701,-0.034627337008714676,0.6118656396865845,0.48876917362213135,-0.04166340082883835,0.6404951810836792,0.6396305561065674,-0.020397309213876724,0.641572892665863,0.5773195624351501,-0.03018723614513874,0.6420082449913025,0.5374152660369873,-0.036862801760435104,0.6418633460998535,0.5017284154891968,-0.04262324422597885,0.6643533706665039,0.6546837091445923,-0.02602258510887623,0.6717000007629395,0.6113166213035583,-0.03532897308468819,0.6751634478569031,0.5819428563117981,-0.03935305029153824,0.6773231029510498,0.5533208847045898,-0.042614713311195374
0.6190328001976013,0.7833283543586731,3.2565438345955044e-07,0.5738819241523743,0.7737802863121033,-0.02162809669971466,0.5356313586235046,0.7458088994026184,-0.03336121886968613,0.5067963004112244,0.7138519287109375,-0.04323570802807808,0.48358604311943054,0.6845856308937073,-0.05258216708898544,0.5640101432800293,0.646748960018158,-0.014829295687377453,0.5515736937522888,0.5887486934661865,-0.02655031718313694,0.5464804172515869,0.552330732345581,-0.03750406205654144,0.5438559055328369,0.5197063684463501,-0.04606488347053528,0.5898894667625427,0.6350243091583252,-0.014982462860643864,0.5838309526443481,0.5671935081481934,-0.02335222065448761,0.5818718075752258,0.5248597264289856,-0.03184447064995766,0.5816218256950378,0.48965030908584595,-0.039086759090423584,0.6142147183418274,0.6380804181098938,-0.01857168972492218,0.6137235760688782,0.5765603184700012,-0.027961010113358498,0.6129577159881592,0.5366355776786804,-0.03496626019477844,0.6116570830345154,0.5011329650878906,-0.041071318089962006,0.6381494998931885,0.6517196297645569,-0.02458510920405388,0.6442933082580566,0.6082875728607178,-0.03366776183247566,0.6466146111488342,0.5789721608161926,-0.037890978157520294,0.6474487781524658,0.5508381128311157,-0.04145802557468414
0.619322657585144,0.7837997078895569,3.251463738251914e-07,0.5739217400550842,0.7737780809402466,-0.02147708833217621,0.5359833836555481,0.7454851865768433,-0.0333881676197052,0.507602870464325,0.7132833003997803,-0.0434592068195343,0.4840261936187744,0.6844421625137329,-0.05303920432925224,0.5641809105873108,0.646837055683136,-0.015327701345086098,0.5517079830169678,0.5881145596504211,-0.027210911735892296,0.5469579696655273,0.5514322519302368,-0.03820306435227394,0.5446297526359558,0.5187623500823975,-0.046750444918870926,0.5902630686759949,0.635009229183197,-0.01566685549914837,0.5844680666923523,0.5670511722564697,-0.02428559772670269,0.5825987458229065,0.5246121883392334,-0.032975416630506516,0.582341730594635,0.4894518256187439,-0.04034314677119255,0.6147276163101196,0.6380382180213928,-0.019365007057785988,0.6146842837333679,0.576183557510376,-0.02892960235476494,0.6141247749328613,0.5360279679298401,-0.03607696667313576,0.6129885911941528,0.5004836916923523,-0.04229205846786499,0.6385685205459595,0.6519193053245544,-0.025436319410800934,0.6448555588722229,0.6085227727890015,-0.03461528941988945,0.6471182703971863,0.5789824724197388,-0.038822878152132034,0.6478105783462524,0.550805926322937,-0.04237433895468712
0.6190034747123718,0.7815534472465515,3.2374768466070236e-07,0.573884904384613,0.7723837494850159,-0.021244565024971962,0.5357740521430969,0.7443508505821228,-0.03283875808119774,0.5066739916801453,0.7119439840316772,-0.04263142868876457,0.483158141374588,0.6825430393218994,-0.05189548805356026,0.5635034441947937,0.645308792591095,-0.014439353719353676,0.5504318475723267,0.5868184566497803,-0.026091456413269043,0.5448681116104126,0.5503072142601013,-0.03697771206498146,0.5418282747268677,0.5177943110466003,-0.04548012837767601,0.5893979072570801,0.6334989666938782,-0.014698266983032227,0.5826801657676697,0.565534234046936,-0.022928236052393913,0.5804165005683899,0.523181140422821,-0.0312914103269577,0.5798624753952026,0.48831212520599365,-0.038477037101984024,0.6137881875038147,0.6363734602928162,-0.018375298008322716,0.6126703023910522,0.5744354128837585,-0.027683455497026443,0.611661970615387,0.5343054533004761,-0.034649211913347244,0.6099517941474915,0.4985682964324951,-0.04080260545015335,0.6377037763595581,0.650070071220398,-0.024419410154223442,0.6435725092887878,0.606525719165802,-0.03355507180094719,0.6455895304679871,0.5773086547851562,-0.03779860958456993,0.6458600759506226,0.54911208152771,-0.041395194828510284
0.6202422380447388,0.7821679711341858,3.237914825149346e-07,0.5750058889389038,0.7726431488990784,-0.02142980322241783,0.5369380116462708,0.7446125745773315,-0.03313237056136131,0.5080529451370239,0.7127256393432617,-0.04299071058630943,0.4843963384628296,0.6838676333427429,-0.05234577879309654,0.5647231340408325,0.6458060145378113,-0.0149601511657238,0.5519639253616333,0.5874651074409485,-0.026941616088151932,0.5467823147773743,0.5510004162788391,-0.038055580109357834,0.544144868850708,0.5183677673339844,-0.046695057302713394,0.5903990864753723,0.6338874697685242,-0.01518008392304182,0.583897590637207,0.5660359859466553,-0.023834435269236565,0.5819141864776611,0.5237970352172852,-0.03250241279602051,0.581692636013031,0.48876091837882996,-0.039829645305871964,0.6146766543388367,0.6367936134338379,-0.018801512196660042,0.6137769222259521,0.5750565528869629,-0.02849682606756687,0.6129119396209717,0.5349018573760986,-0.035744648426771164,0.6114420294761658,0.49915993213653564,-0.04197787120938301,0.6386522650718689,0.6504602432250977,-0.02478875033557415,0.6447713375091553,0.6069062948226929,-0.03410712257027626,0.6469081044197083,0.5776105523109436,-0.0384819470345974,0.6473552584648132,0.5495235323905945,-0.04213034734129906
0.621425211429596,0.7832657098770142,3.067626721531269e-07,0.5758914947509766,0.7740192413330078,-0.02118060551583767,0.536730170249939,0.745553731918335,-0.03221232071518898,0.507727324962616,0.7128663659095764,-0.041467588394880295,0.4842480421066284,0.683455228805542,-0.050167422741651535,0.565459668636322,0.6466407179832458,-0.013377080671489239,0.552762508392334,0.5890125036239624,-0.024989141151309013,0.5472429990768433,0.5528799295425415,-0.03601755201816559,0.5441237688064575,0.520595371723175,-0.0446496456861496,0.5910810828208923,0.6346762776374817,-0.013584508560597897,0.5844506621360779,0.5675068497657776,-0.02196572534739971,0.5820744037628174,0.5257609486579895,-0.03073204681277275,0.5815116763114929,0.49100261926651,-0.0381227545440197,0.6153061985969543,0.6374847292900085,-0.017258698120713234,0.6136946082115173,0.5764776468276978,-0.026741202920675278,0.6125088334083557,0.5370755195617676,-0.03394686430692673,0.6108626127243042,0.502119243144989,-0.04010293632745743,0.6393933296203613,0.6509383320808411,-0.023313922807574272,0.6447520852088928,0.6080830693244934,-0.03239038959145546,0.6467536687850952,0.5791819095611572,-0.036645326763391495,0.6474848389625549,0.5516958236694336,-0.040192101150751114
0.6232137084007263,0.7840064764022827,3.1736243499835837e-07,0.578403115272522,0.7742887735366821,-0.02116517536342144,0.5401055216789246,0.7457394599914551,-0.032505691051483154,0.511323094367981,0.7135888338088989,-0.04206259548664093,0.4879477024078369,0.6848414540290833,-0.05114174634218216,0.5681549906730652,0.6467024683952332,-0.014361669309437275,0.5555946230888367,0.5889034271240234,-0.026396533474326134,0.5502907633781433,0.5524123311042786,-0.037569161504507065,0.547562301158905,0.5198366045951843,-0.0462423637509346,0.5937667489051819,0.6346555352210999,-0.014627276919782162,0.5876186490058899,0.5670253038406372,-0.02339528501033783,0.585474967956543,0.5248285531997681,-0.03217159956693649,0.5850353837013245,0.48992395401000977,-0.03955059126019478,0.6179799437522888,0.6374136209487915,-0.018306897953152657,0.6170288324356079,0.5762292146682739,-0.02803199365735054,0.6158292293548584,0.5361675024032593,-0.035424139350652695,0.6140612363815308,0.5007270574569702,-0.041727423667907715,0.6419849395751953,0.651133120059967,-0.02434219792485237,0.6482685208320618,0.6079801917076111,-0.03354514390230179,0.6504296064376831,0.5786542892456055,-0.037988945841789246,0.6509233713150024,0.550690233707428,-0.0417059063911438
0.6222360730171204,0.7910796999931335,3.154021044338151e-07,0.5770161151885986,0.7811974287033081,-0.021392837166786194,0.538510262966156,0.7516074180603027,-0.0328686349093914,0.5093798637390137,0.7196624875068665,-0.04250385984778404,0.4856630861759186,0.6906468868255615,-0.05151776596903801,0.5664271712303162,0.6512452960014343,-0.013888132758438587,0.5537848472595215,0.592831015586853,-0.02560306154191494,0.5481722950935364,0.5562324523925781,-0.03662780299782753,0.5451754927635193,0.5241143107414246,-0.04527513310313225,0.5920755863189697,0.6390362977981567,-0.014357009902596474,0.5856824517250061,0.570611834526062,-0.022969935089349747,0.5831596255302429,0.5282111167907715,-0.03174431249499321,0.5823596119880676,0.49358510971069336,-0.03905343636870384,0.6161603331565857,0.6419360637664795,-0.018321966752409935,0.6152600049972534,0.5786826014518738,-0.028231073170900345,0.6138877868652344,0.5378795862197876,-0.03594861924648285,0.6118790507316589,0.501798689365387,-0.042503830045461655,0.6399114727973938,0.6561954021453857,-0.024632886052131653,0.6466455459594727,0.6132059097290039,-0.03439555689692497,0.6487157940864563,0.583367109298706,-0.03929082304239273,0.6491833329200745,0.5547813177108765,-0.04327359423041344
0.625698447227478,0.7893619537353516,3.212543333575013e-07,0.5801950097084045,0.7803452014923096,-0.021590040996670723,0.5414992570877075,0.7505704760551453,-0.033141136169433594,0.5127948522567749,0.7171982526779175,-0.04283364862203598,0.4884868264198303,0.6885169148445129,-0.051997486501932144,0.5704589486122131,0.6503787636756897,-0.014438219368457794,0.5579910278320312,0.5916931629180908,-0.026239190250635147,0.5524804592132568,0.55466228723526,-0.03725867345929146,0.54947829246521,0.5221798419952393,-0.04586353152990341,0.5963521599769592,0.6383400559425354,-0.014597423374652863,0.5904414653778076,0.5697457790374756,-0.023063411936163902,0.5885470509529114,0.5269452929496765,-0.03160723298788071,0.5884212255477905,0.49213019013404846,-0.0388617180287838,0.6206635236740112,0.6412661075592041,-0.018234524875879288,0.6198208928108215,0.5792281031608582,-0.027714591473340988,0.6188661456108093,0.5388776659965515,-0.03498942777514458,0.6173382997512817,0.5034295320510864,-0.04132559895515442,0.6447353363037109,0.6550920009613037,-0.02428870089352131,0.6514250040054321,0.6119707822799683,-0.033390920609235764,0.6536580920219421,0.5826246738433838,-0.037842363119125366,0.6541972756385803,0.5547550916671753,-0.04162508621811867
