x0,y0,z0,x1,y1,z1,x2,y2,z2,x3,y3,z3,x4,y4,z4,x5,y5,z5,x6,y6,z6,x7,y7,z7,x8,y8,z8,x9,y9,z9,x10,y10,z10,x11,y11,z11,x12,y12,z12,x13,y13,z13,x14,y14,z14,x15,y15,z15,x16,y16,z16,x17,y17,z17,x18,y18,z18,x19,y19,z19,x20,y20,z20
0.4678087532520294,0.5723233819007874,-4.3260314441795344e-07,0.4418734014034271,0.630198061466217,-0.015364833176136017,0.39444082975387573,0.6779277324676514,-0.023432161659002304,0.3642904460430145,0.7189658284187317,-0.032551608979701996,0.351458877325058,0.7633545994758606,-0.0382150299847126,0.3385297358036041,0.6301547288894653,0.0031003179028630257,0.33517229557037354,0.6684885621070862,-0.020337572321295738,0.37364012002944946,0.6565883159637451,-0.03680358827114105,0.39328932762145996,0.6417080163955688,-0.04533930867910385,0.33334606885910034,0.5943666696548462,0.0009065505582839251,0.34196165204048157,0.6341922283172607,-0.022065531462430954,0.38284942507743835,0.6221804022789001,-0.029321899637579918,0.3940621316432953,0.606023907661438,-0.0297979936003685,0.34168586134910583,0.5577297806739807,-0.005907135549932718,0.3499855101108551,0.5952457189559937,-0.026630356907844543,0.38593199849128723,0.5913187861442566,-0.019482333213090897,0.394151508808136,0.5759563446044922,-0.009706980548799038,0.3560936450958252,0.5238601565361023,-0.01499878615140915,0.35875654220581055,0.5553215742111206,-0.02314400114119053,0.3825710415840149,0.5647342801094055,-0.014990615658462048,0.3890063166618347,0.5573874711990356,-0.006337068043649197
0.468770831823349,0.5811175107955933,-4.364569292647502e-07,0.4436095356941223,0.6374568343162537,-0.013622555881738663,0.3968622088432312,0.6863084435462952,-0.021197667345404625,0.3676910996437073,0.7283092141151428,-0.03006034903228283,0.35530009865760803,0.7725977301597595,-0.035736508667469025,0.33891698718070984,0.6414249539375305,0.0043012890964746475,0.33638015389442444,0.6800276637077332,-0.018518701195716858,0.37422165274620056,0.6670512557029724,-0.03463933616876602,0.39376476407051086,0.6515539884567261,-0.04306330904364586,0.3339221775531769,0.6048398017883301,0.0011879988014698029,0.34249043464660645,0.6453224420547485,-0.021753279492259026,0.38384509086608887,0.6322537064552307,-0.02919011376798153,0.3964362144470215,0.6164613962173462,-0.0296351108700037,0.341991126537323,0.567132294178009,-0.006275394931435585,0.3507654666900635,0.6061233282089233,-0.02705557458102703,0.3874049186706543,0.600019097328186,-0.020258832722902298,0.3964315354824066,0.5846979022026062,-0.010659640654921532,0.3560228645801544,0.5323032736778259,-0.015745515003800392,0.36114147305488586,0.5666248798370361,-0.024384060874581337,0.3856782615184784,0.5735546946525574,-0.01656910590827465,0.3917703330516815,0.5650805234909058,-0.008045515045523643
0.46261879801750183,0.5822281837463379,-4.619505489245057e-07,0.43655773997306824,0.6386023759841919,-0.011923675425350666,0.39014342427253723,0.6867712736129761,-0.018700050190091133,0.36150693893432617,0.7275518178939819,-0.02721831388771534,0.34837648272514343,0.7704862952232361,-0.03255694732069969,0.3318803608417511,0.6394213438034058,0.006401302292943001,0.3290594518184662,0.6802151203155518,-0.016215356066823006,0.36748191714286804,0.6690036058425903,-0.032199494540691376,0.3880084156990051,0.6542483568191528,-0.0402337908744812,0.32764890789985657,0.6044982671737671,0.002785631688311696,0.33484947681427,0.6473942399024963,-0.02015630714595318,0.37625572085380554,0.6353588700294495,-0.027384139597415924,0.3897538185119629,0.6190508008003235,-0.02738170698285103,0.33546561002731323,0.5683549046516418,-0.005108318757265806,0.34271618723869324,0.6090264320373535,-0.02555171586573124,0.37970656156539917,0.6037090420722961,-0.01867351308465004,0.3898192048072815,0.5878477692604065,-0.008788720704615116,0.34925296902656555,0.534285843372345,-0.014924315735697746,0.35215264558792114,0.5687655806541443,-0.02334165945649147,0.3768714368343353,0.5767821669578552,-0.015471984632313251,0.3843388557434082,0.5683220028877258,-0.006659186910837889
0.4571607708930969,0.5867342948913574,-4.6511880213984114e-07,0.432134211063385,0.6432987451553345,-0.012738479301333427,0.38486263155937195,0.6931164264678955,-0.01937830075621605,0.35607609152793884,0.7343828678131104,-0.027635077014565468,0.3427775502204895,0.7781737446784973,-0.032737165689468384,0.32712477445602417,0.6480101346969604,0.006286696530878544,0.32435959577560425,0.6873993277549744,-0.016514236107468605,0.36304011940956116,0.6743103861808777,-0.03278123959898949,0.38440367579460144,0.658568263053894,-0.04100237041711807,0.3222435712814331,0.6123262643814087,0.0027619071770459414,0.33017733693122864,0.6532979607582092,-0.020350217819213867,0.37233835458755493,0.6390104293823242,-0.02797458879649639,0.38708266615867615,0.6221025586128235,-0.028133371844887733,0.32968297600746155,0.5750709176063538,-0.0051604025065898895,0.337088018655777,0.614133358001709,-0.026124440133571625,0.37540560960769653,0.6072500348091125,-0.019304126501083374,0.38701730966567993,0.5915588736534119,-0.009221864864230156,0.34324201941490173,0.5397390127182007,-0.015078485943377018,0.3463221490383148,0.5736252665519714,-0.0240288358181715,0.3720748722553253,0.5806309580802917,-0.01609748601913452,0.3803432881832123,0.5724217891693115,-0.0071058315224945545
0.4533866345882416,0.5847970247268677,-4.615773718796845e-07,0.42925986647605896,0.6409856677055359,-0.011910607106983662,0.38196003437042236,0.6909468173980713,-0.01783321425318718,0.35320720076560974,0.731648325920105,-0.025531752035021782,0.3413257300853729,0.7752525806427002,-0.030149148777127266,0.32626938819885254,0.645941972732544,0.006496936082839966,0.3210301101207733,0.6843522787094116,-0.016006963327527046,0.36001652479171753,0.6719601154327393,-0.031347841024398804,0.38153430819511414,0.6571390628814697,-0.03874458745121956,0.3217880427837372,0.6103722453117371,0.0028870594687759876,0.3248318135738373,0.650377094745636,-0.020173801109194756,0.3672933578491211,0.6375656723976135,-0.02690003626048565,0.38210803270339966,0.6216183304786682,-0.02614111453294754,0.32884615659713745,0.5733528733253479,-0.00502448296174407,0.3330530524253845,0.6110324263572693,-0.02574133686721325,0.3713972866535187,0.6052759289741516,-0.01828223466873169,0.3830440640449524,0.590328574180603,-0.007641794625669718,0.34183648228645325,0.5381883382797241,-0.014795966446399689,0.34178733825683594,0.5696207284927368,-0.02303449437022209,0.36733388900756836,0.5780507922172546,-0.014368184842169285,0.37607601284980774,0.5710550546646118,-0.004893054254353046
0.45074769854545593,0.5854803919792175,-4.5583988139696885e-07,0.4264363944530487,0.6415829658508301,-0.012464250437915325,0.37922149896621704,0.6915771961212158,-0.018751461058855057,0.35035479068756104,0.7324706315994263,-0.026739750057458878,0.33697509765625,0.7763628363609314,-0.03152112290263176,0.32271960377693176,0.6473824977874756,0.006110506597906351,0.31881847977638245,0.6863715052604675,-0.01695450395345688,0.3576057255268097,0.6733300089836121,-0.03273883834481239,0.3785608410835266,0.6574423313140869,-0.04048583284020424,0.3180634379386902,0.6116589903831482,0.0027284114621579647,0.3232730031013489,0.6526471972465515,-0.021103868260979652,0.3652696907520294,0.6389197707176208,-0.028215227648615837,0.3791444003582001,0.621647834777832,-0.027807731181383133,0.3251737654209137,0.5748118162155151,-0.0050581046380102634,0.33100515604019165,0.6131116151809692,-0.02621019445359707,0.3686496317386627,0.6070020794868469,-0.018873265013098717,0.3792971968650818,0.591064453125,-0.00839634332805872,0.33799177408218384,0.5400397181510925,-0.014812316745519638,0.33996087312698364,0.5720111131668091,-0.023272229358553886,0.36516866087913513,0.5806809067726135,-0.01503064762800932,0.3730621933937073,0.5734531283378601,-0.005953195504844189
0.44684502482414246,0.5904785394668579,-4.6450529112007644e-07,0.42289096117019653,0.6462314128875732,-0.011102407239377499,0.3780759274959564,0.695602536201477,-0.01662631146609783,0.3507816791534424,0.7342770099639893,-0.02403613179922104,0.336934357881546,0.7742963433265686,-0.028272343799471855,0.3213014304637909,0.6529431939125061,0.0073455944657325745,0.3156959116458893,0.6912585496902466,-0.014611194841563702,0.3543497622013092,0.678346574306488,-0.02969687432050705,0.37576523423194885,0.6626161336898804,-0.036890383809804916,0.3171596825122833,0.6179388165473938,0.003514741314575076,0.3198513984680176,0.6582788228988647,-0.01986222341656685,0.36221441626548767,0.6443852782249451,-0.026837768033146858,0.37814778089523315,0.6271715760231018,-0.02598736062645912,0.32345831394195557,0.5815488696098328,-0.004541866015642881,0.32634854316711426,0.618854820728302,-0.02568203955888748,0.3650338053703308,0.6120198369026184,-0.018688160926103592,0.3781476318836212,0.5960472226142883,-0.00801884476095438,0.33554673194885254,0.5465499758720398,-0.01436767540872097,0.33411604166030884,0.5772089958190918,-0.023662429302930832,0.36059460043907166,0.5860602855682373,-0.015613515861332417,0.3713472783565521,0.5796740055084229,-0.006161001976579428
0.4460555613040924,0.5926403403282166,-4.5984580765434657e-07,0.4231427013874054,0.6489655375480652,-0.012156863696873188,0.37661248445510864,0.7006821036338806,-0.01782161556184292,0.34818142652511597,0.7420159578323364,-0.025202859193086624,0.3353305459022522,0.7850072979927063,-0.02942291460931301,0.3201438784599304,0.6578318476676941,0.007938153110444546,0.3154973089694977,0.6966439485549927,-0.014294112101197243,0.3540220856666565,0.6832917928695679,-0.029989661648869514,0.37595927715301514,0.6672665476799011,-0.03773188963532448,0.31496211886405945,0.622968316078186,0.004426306113600731,0.3192910850048065,0.6636490225791931,-0.01876174472272396,0.36168360710144043,0.6491643190383911,-0.026114728301763535,0.37786865234375,0.6320984959602356,-0.025630014017224312,0.32117176055908203,0.5863165259361267,-0.0035492752213031054,0.32578471302986145,0.624876081943512,-0.024409381672739983,0.3642488420009613,0.617293655872345,-0.017595862969756126,0.37712159752845764,0.6013205051422119,-0.007184869609773159,0.3335375189781189,0.5512390732765198,-0.013479508459568024,0.3353798985481262,0.5841110348701477,-0.022473523393273354,0.36108478903770447,0.5907016396522522,-0.014759477227926254,0.3701130151748657,0.5829024910926819,-0.005749193485826254
0.44445380568504333,0.5844426155090332,-4.7134514602475974e-07,0.4212346374988556,0.6400545835494995,-0.012018061242997646,0.37373197078704834,0.690264105796814,-0.01770048588514328,0.34488385915756226,0.7312518358230591,-0.025157861411571503,0.33265942335128784,0.7761078476905823,-0.029498746618628502,0.317768931388855,0.6491108536720276,0.008161182515323162,0.3134952485561371,0.6860117316246033,-0.014673608355224133,0.3522859811782837,0.6734612584114075,-0.03050342947244644,0.3738865256309509,0.659350574016571,-0.03819888457655907,0.3124828636646271,0.6142359972000122,0.004404230508953333,0.316622793674469,0.6532853841781616,-0.018786359578371048,0.3590032458305359,0.6397164463996887,-0.025874877348542213,0.3741488456726074,0.6242051124572754,-0.02524733915925026,0.3186737596988678,0.5775535702705383,-0.003882510354742408,0.32345253229141235,0.6148114800453186,-0.025130566209554672,0.3622002601623535,0.6077942252159119,-0.01793416030704975,0.3741087317466736,0.5931558609008789,-0.0072973123751580715,0.3311586380004883,0.5423402786254883,-0.014064902439713478,0.33256852626800537,0.5745171308517456,-0.02331603690981865,0.35896676778793335,0.5811229944229126,-0.015094149857759476,0.36764952540397644,0.5739583969116211,-0.0057311104610562325
0.44974246621131897,0.5871633887290955,-4.899534360447433e-07,0.4263516664505005,0.6447082757949829,-0.011115471832454205,0.37736839056015015,0.6949893832206726,-0.016000714153051376,0.34734243154525757,0.734782338142395,-0.02296401374042034,0.33263280987739563,0.7784079313278198,-0.026779981330037117,0.32248786091804504,0.6498004198074341,0.009820358827710152,0.31673765182495117,0.6904101967811584,-0.01298318151384592,0.3557339012622833,0.6776077151298523,-0.02876744419336319,0.37737172842025757,0.6620154976844788,-0.03636101260781288,0.31790024042129517,0.6156438589096069,0.005626438185572624,0.3199925720691681,0.6589354276657104,-0.01768418960273266,0.36349987983703613,0.6449265480041504,-0.024614673107862473,0.3798704147338867,0.6274287104606628,-0.023746563121676445,0.3240000009536743,0.5796251893043518,-0.003183657070621848,0.32580775022506714,0.6210064888000488,-0.024631129577755928,0.36609727144241333,0.6138078570365906,-0.017078449949622154,0.3797031044960022,0.5973378419876099,-0.006009992212057114,0.33658337593078613,0.5450630187988281,-0.013860061764717102,0.33562254905700684,0.5798958539962769,-0.023669756948947906,0.36281895637512207,0.5867316722869873,-0.015471411868929863,0.3730565011501312,0.5782971978187561,-0.005889192223548889
0.44817057251930237,0.5895452499389648,-4.567994835724676e-07,0.42328792810440063,0.6470768451690674,-0.012426979839801788,0.3744972348213196,0.6978935599327087,-0.018294448032975197,0.34439602494239807,0.7397764325141907,-0.025968682020902634,0.32945117354393005,0.7840403914451599,-0.030400391668081284,0.3211480975151062,0.6535892486572266,0.007786971051245928,0.31465834379196167,0.69276362657547,-0.015912922099232674,0.35324937105178833,0.6790516972541809,-0.031903523951768875,0.37449589371681213,0.663181483745575,-0.03949454426765442,0.3168492317199707,0.6182974576950073,0.004266120959073305,0.3181692361831665,0.6604430675506592,-0.020174190402030945,0.3611892759799957,0.6457799077033997,-0.027196109294891357,0.3764182925224304,0.6275525093078613,-0.026235707104206085,0.3233310580253601,0.5812313556671143,-0.003943815361708403,0.3254518210887909,0.6211303472518921,-0.02598673105239868,0.36461615562438965,0.6139876246452332,-0.01833738572895527,0.3766656816005707,0.5971104502677917,-0.007080735173076391,0.33602190017700195,0.5461305975914001,-0.014102311804890633,0.3349688947200775,0.5802714824676514,-0.023499740287661552,0.36127737164497375,0.5876083970069885,-0.015145366080105305,0.37026867270469666,0.5790953636169434,-0.005579004529863596
0.45035749673843384,0.5953570008277893,-4.956148700330232e-07,0.4266778826713562,0.6514193415641785,-0.010610588826239109,0.378406286239624,0.6998059749603271,-0.015576634556055069,0.3490709066390991,0.738721489906311,-0.022705327719449997,0.3345731794834137,0.7817601561546326,-0.026809005066752434,0.3230123519897461,0.6560629606246948,0.009093853645026684,0.31693291664123535,0.6953964233398438,-0.013688203878700733,0.35594990849494934,0.683284342288971,-0.029420942068099976,0.3779336214065552,0.667590856552124,-0.036940254271030426,0.3186150789260864,0.6220788955688477,0.004563181661069393,0.32166367769241333,0.6621330380439758,-0.018320700153708458,0.3648594915866852,0.6480788588523865,-0.02476959303021431,0.3811437785625458,0.6306679844856262,-0.02372627891600132,0.32459747791290283,0.5860849618911743,-0.0045181261375546455,0.3269805908203125,0.6253527402877808,-0.02550632320344448,0.3671402335166931,0.6182916164398193,-0.017850346863269806,0.38105034828186035,0.6021139025688171,-0.006901705637574196,0.33703088760375977,0.5506385564804077,-0.015489510260522366,0.3357909321784973,0.5842595100402832,-0.025073107331991196,0.3629918098449707,0.5913625955581665,-0.016805000603199005,0.37374335527420044,0.5835974216461182,-0.007201818749308586
0.46286502480506897,0.5828180909156799,-4.652357858958567e-07,0.4376009702682495,0.6378049254417419,-0.01320264395326376,0.3897337317466736,0.6859161257743835,-0.01972340978682041,0.3598550856113434,0.7259100675582886,-0.027690017595887184,0.3444080650806427,0.7691135406494141,-0.0322057381272316,0.33271685242652893,0.640234112739563,0.006696040276437998,0.3295573592185974,0.6791166663169861,-0.016860080882906914,0.36817729473114014,0.6670397520065308,-0.03338652849197388,0.388857364654541,0.6523018479347229,-0.04157032072544098,0.32822051644325256,0.6051621437072754,0.0034888461232185364,0.3353874683380127,0.6452963948249817,-0.01959865726530552,0.37760546803474426,0.6328021287918091,-0.026685483753681183,0.39105430245399475,0.61702960729599,-0.026458270847797394,0.33624497056007385,0.5689042210578918,-0.004365992266684771,0.34315934777259827,0.6064337491989136,-0.025589168071746826,0.3809158504009247,0.6017231345176697,-0.018240511417388916,0.39154356718063354,0.5874308347702026,-0.007718333974480629,0.3506689667701721,0.5349187850952148,-0.014292285777628422,0.3522869050502777,0.5651170611381531,-0.02349102683365345,0.37738102674484253,0.573960542678833,-0.015363969840109348,0.3854091763496399,0.5679201483726501,-0.00608237087726593
0.4699750542640686,0.5810515880584717,-4.443242858087615e-07,0.4437040686607361,0.6372882723808289,-0.014300723560154438,0.3966616690158844,0.6861960291862488,-0.022012464702129364,0.36715367436408997,0.727168083190918,-0.031028255820274353,0.3518514633178711,0.7706102132797241,-0.03670639544725418,0.3397178649902344,0.6400433778762817,0.004812354221940041,0.3365664482116699,0.6790242195129395,-0.019658511504530907,0.374366819858551,0.6673368215560913,-0.03732103481888771,0.39570531249046326,0.6527214646339417,-0.046314239501953125,0.33495599031448364,0.6039145588874817,0.001886341953650117,0.3426600992679596,0.644858181476593,-0.022243352606892586,0.3839161694049835,0.6325734853744507,-0.030445296317338943,0.3983491063117981,0.6161469221115112,-0.030951714143157005,0.34288865327835083,0.566961944103241,-0.005764135159552097,0.35083475708961487,0.6057316660881042,-0.026938801631331444,0.38724493980407715,0.601094126701355,-0.020492810755968094,0.3977835476398468,0.5860345363616943,-0.010798855684697628,0.3571683466434479,0.5326970815658569,-0.015650203451514244,0.3616628646850586,0.5659083724021912,-0.024521583691239357,0.3858218789100647,0.573502242565155,-0.017168253660202026,0.3924175202846527,0.5653794407844543,-0.008733116090297699
0.4782355725765228,0.5813581943511963,-4.4305974711278395e-07,0.4515300393104553,0.6367480754852295,-0.013654177077114582,0.405357301235199,0.6848087310791016,-0.02112140879034996,0.377064049243927,0.7261123657226562,-0.02995513752102852,0.3629915714263916,0.7695910334587097,-0.03554332256317139,0.34844860434532166,0.636442244052887,0.00472614448517561,0.34678763151168823,0.676576554775238,-0.018713543191552162,0.38382455706596375,0.6652083992958069,-0.035996213555336,0.4042588174343109,0.6504212021827698,-0.044888854026794434,0.34425145387649536,0.6011476516723633,0.0019165098201483488,0.353019654750824,0.6426862478256226,-0.020717015489935875,0.3925766050815582,0.6308432221412659,-0.028537046164274216,0.4056251049041748,0.6144592761993408,-0.029294779524207115,0.3528275787830353,0.5649998784065247,-0.00535538699477911,0.36080402135849,0.603050947189331,-0.025258943438529968,0.39522191882133484,0.5998760461807251,-0.018826065585017204,0.40498510003089905,0.5857046842575073,-0.009478844702243805,0.36749544739723206,0.5315212607383728,-0.01483504381030798,0.36983630061149597,0.5611633658409119,-0.022803595289587975,0.39249882102012634,0.5715919137001038,-0.015233229845762253,0.39985358715057373,0.5664112567901611,-0.006786956451833248
0.47938409447669983,0.5809440612792969,-4.256548891135026e-07,0.453117311000824,0.6387993097305298,-0.015159988775849342,0.4082814157009125,0.6895553469657898,-0.023901967331767082,0.3789511024951935,0.7318158149719238,-0.033639658242464066,0.3630467355251312,0.7746075391769409,-0.0400252491235733,0.34778422117233276,0.6399907469749451,0.004120068158954382,0.34818035364151,0.6839075684547424,-0.01962154731154442,0.3856094777584076,0.6713240742683411,-0.037465982139110565,0.4050860106945038,0.6556112170219421,-0.04701891541481018,0.342649906873703,0.6045567393302917,0.0017120294505730271,0.3525945246219635,0.6522650718688965,-0.022331347689032555,0.3931739330291748,0.6380562782287598,-0.03114338032901287,0.40714454650878906,0.6200019121170044,-0.03234454244375229,0.35108786821365356,0.5688071250915527,-0.005243962164968252,0.3602010905742645,0.6140740513801575,-0.026284510269761086,0.39613601565361023,0.6078864932060242,-0.020320240408182144,0.40656155347824097,0.5912113189697266,-0.011104309000074863,0.36598289012908936,0.5365328788757324,-0.014496157877147198,0.37228554487228394,0.5749498009681702,-0.02369886077940464,0.396104633808136,0.5819224119186401,-0.016994304955005646,0.40272483229637146,0.5726799964904785,-0.00901288352906704
0.473751962184906,0.592997670173645,-4.5215338673187944e-07,0.4473152756690979,0.6512892246246338,-0.012735087424516678,0.40183204412460327,0.7017268538475037,-0.020448042079806328,0.37369534373283386,0.7449452877044678,-0.029683170840144157,0.36047810316085815,0.7889862060546875,-0.03574104234576225,0.3425288200378418,0.6534566879272461,0.005085494834929705,0.3425525426864624,0.6973750591278076,-0.017940742895007133,0.38096651434898376,0.6834012866020203,-0.03478989377617836,0.400605708360672,0.6664677858352661,-0.043721940368413925,0.33735644817352295,0.6178185939788818,0.0014839699724689126,0.3477979302406311,0.6640652418136597,-0.021473342552781105,0.3890383243560791,0.6490767002105713,-0.0292659942060709,0.4022243916988373,0.6310573816299438,-0.03004290908575058,0.34563130140304565,0.5808478593826294,-0.006383050233125687,0.35569027066230774,0.62494957447052,-0.026954570785164833,0.39254236221313477,0.6175963282585144,-0.020272836089134216,0.4021889567375183,0.6006040573120117,-0.010805269703269005,0.36048203706741333,0.5468364953994751,-0.016247516497969627,0.36651286482810974,0.5849318504333496,-0.0250578410923481,0.3912285566329956,0.5917230248451233,-0.017556417733430862,0.39801549911499023,0.5823048949241638,-0.009169342927634716
0.46927008032798767,0.5857495069503784,-4.501845864979259e-07,0.44460180401802063,0.6411364674568176,-0.012839010916650295,0.3975745439529419,0.6894799470901489,-0.019349224865436554,0.36798936128616333,0.7298803925514221,-0.027333073318004608,0.3523557782173157,0.772646427154541,-0.03205167129635811,0.33931851387023926,0.6433671116828918,0.007039814256131649,0.33691543340682983,0.6839427351951599,-0.015662554651498795,0.375077486038208,0.6721140742301941,-0.0319114625453949,0.3954058885574341,0.657024621963501,-0.04019010812044144,0.3347446918487549,0.6078328490257263,0.003906446974724531,0.34116131067276,0.6516712307929993,-0.01942107081413269,0.38265517354011536,0.6386485695838928,-0.026931101456284523,0.3974311351776123,0.6219851970672607,-0.02694001793861389,0.3423116207122803,0.5714766979217529,-0.0037174150347709656,0.3493494987487793,0.6136428713798523,-0.024314522743225098,0.38635972142219543,0.6076081395149231,-0.017627034336328506,0.3973506987094879,0.5920543670654297,-0.007805043365806341,0.35617128014564514,0.5377349257469177,-0.01340786088258028,0.36125630140304565,0.5743050575256348,-0.022231969982385635,0.38573116064071655,0.5810450315475464,-0.015174143016338348,0.3924767076969147,0.5723037123680115,-0.00692716846242547
0.4655360281467438,0.5891899466514587,-4.645395677016495e-07,0.440079927444458,0.6469324231147766,-0.01392442174255848,0.392655611038208,0.6966249942779541,-0.021562067791819572,0.3623011112213135,0.7372604012489319,-0.03064529225230217,0.34624677896499634,0.7808305025100708,-0.036377549171447754,0.3325739800930023,0.6472258567810059,0.005643800366669893,0.330242782831192,0.6907439827919006,-0.018363285809755325,0.36984556913375854,0.6784250736236572,-0.03559165820479393,0.3917510211467743,0.6620808839797974,-0.044283218681812286,0.3284238576889038,0.6112503409385681,0.0024813483469188213,0.3355695307254791,0.6581153869628906,-0.022096671164035797,0.3785476088523865,0.6445016860961914,-0.030128777027130127,0.3948651850223541,0.6268292665481567,-0.030280617997050285,0.3365515470504761,0.5748880505561829,-0.005326297599822283,0.34289926290512085,0.6193628907203674,-0.027022413909435272,0.3817949891090393,0.6130841374397278,-0.020119862630963326,0.3948311507701874,0.5966651439666748,-0.00980933103710413,0.3510267734527588,0.5408487319946289,-0.015310602262616158,0.35471218824386597,0.5787580609321594,-0.024860922247171402,0.380158007144928,0.5860025882720947,-0.017493119463324547,0.38837307691574097,0.577285647392273,-0.008738859556615353
0.46556562185287476,0.5934314131736755,-4.6985715584924037e-07,0.4406626522541046,0.6507377624511719,-0.013831645250320435,0.39281439781188965,0.7014747858047485,-0.020885232836008072,0.3633479177951813,0.7435753345489502,-0.02936522290110588,0.34824883937835693,0.7874207496643066,-0.03443605825304985,0.3338214159011841,0.6551190614700317,0.006598836276680231,0.33192163705825806,0.6977303624153137,-0.01727290451526642,0.37133777141571045,0.6851540803909302,-0.034406062215566635,0.3928881883621216,0.6688332557678223,-0.04306009039282799,0.3289406895637512,0.6192708611488342,0.0033836085349321365,0.33684253692626953,0.6649231314659119,-0.020746752619743347,0.37946784496307373,0.6506043076515198,-0.028600744903087616,0.39531588554382324,0.6328356862068176,-0.028594160452485085,0.3364012539386749,0.5823941826820374,-0.0046158344484865665,0.3441277742385864,0.626285970211029,-0.02607782743871212,0.3825206160545349,0.6189144849777222,-0.01947571337223053,0.3945268988609314,0.6020709872245789,-0.009367609396576881,0.350480854511261,0.5477641224861145,-0.014818841591477394,0.35556185245513916,0.5861266851425171,-0.024310344830155373,0.38078510761260986,0.5918315052986145,-0.017271528020501137,0.3883921802043915,0.5823756456375122,-0.008782773278653622
0.47648105025291443,0.5945252180099487,-4.622393987574469e-07,0.4499622583389282,0.6514389514923096,-0.01425093226134777,0.4020695984363556,0.7020580768585205,-0.02162684127688408,0.37296485900878906,0.7454231381416321,-0.030322274193167686,0.3581761419773102,0.789156973361969,-0.03559994325041771,0.3426959216594696,0.6529243588447571,0.006480508483946323,0.34223687648773193,0.696750283241272,-0.017169544473290443,0.3811752498149872,0.6849901080131531,-0.034408967941999435,0.401894211769104,0.6689268946647644,-0.04327026754617691,0.33837080001831055,0.6171713471412659,0.0033482348080724478,0.3478851318359375,0.6638625860214233,-0.020210381597280502,0.39033758640289307,0.6504603028297424,-0.028113067150115967,0.4052358567714691,0.6327223181724548,-0.028399566188454628,0.34693899750709534,0.5806493759155273,-0.0045739938504993916,0.3558804988861084,0.6252828240394592,-0.02604297548532486,0.39426371455192566,0.6192522048950195,-0.019516905769705772,0.4057977795600891,0.6029545068740845,-0.009482549503445625,0.3620328903198242,0.5468482375144958,-0.01472818199545145,0.3669646084308624,0.5851550102233887,-0.024112680926918983,0.39230766892433167,0.5920267701148987,-0.0167597196996212,0.39999744296073914,0.5834507346153259,-0.008053240366280079
0.48549166321754456,0.5959630608558655,-4.70108261652058e-07,0.4578242301940918,0.6537309885025024,-0.012550922110676765,0.4096984565258026,0.7031794190406799,-0.01948123425245285,0.3804134130477905,0.7456085681915283,-0.028152018785476685,0.3648495376110077,0.7888563275337219,-0.03336719423532486,0.34949609637260437,0.6542733907699585,0.007506370544433594,0.34866786003112793,0.6995714902877808,-0.01570640131831169,0.3876489996910095,0.6870969533920288,-0.03270990028977394,0.40708455443382263,0.6710725426673889,-0.04170777648687363,0.3450683355331421,0.6187485456466675,0.0034050894901156425,0.35441043972969055,0.6673541069030762,-0.020272457972168922,0.3970429599285126,0.6532548069953918,-0.028260434046387672,0.41089823842048645,0.63523930311203,-0.028689196333289146,0.353689968585968,0.5821598172187805,-0.005279108881950378,0.3626403212547302,0.6285746693611145,-0.026269923895597458,0.4004993140697479,0.6218437552452087,-0.019620660692453384,0.4104880690574646,0.6046127676963806,-0.009859433397650719,0.36889293789863586,0.5483702421188354,-0.016130603849887848,0.37423354387283325,0.5872225761413574,-0.025263868272304535,0.39888131618499756,0.5945316553115845,-0.018103694543242455,0.4055265486240387,0.585244357585907,-0.009744317270815372
0.4864848256111145,0.6031526923179626,-4.834710694012756e-07,0.4610055983066559,0.6607936024665833,-0.012796144932508469,0.41459694504737854,0.7121133208274841,-0.01992708630859852,0.3859051465988159,0.7535862922668457,-0.028683822602033615,0.36955732107162476,0.7946761846542358,-0.03393058478832245,0.3520693778991699,0.6617327928543091,0.0061204275116324425,0.3529779314994812,0.7101962566375732,-0.01760345697402954,0.39273232221603394,0.6978132128715515,-0.03459714725613594,0.4128488004207611,0.6806409358978271,-0.04336581379175186,0.34802743792533875,0.6266679167747498,0.0020681326277554035,0.3587314188480377,0.6784076690673828,-0.02210010401904583,0.40172818303108215,0.6645785570144653,-0.029591256752610207,0.41555750370025635,0.6458438038825989,-0.029606273397803307,0.35668250918388367,0.5903581976890564,-0.006596154533326626,0.36554351449012756,0.638678789138794,-0.02852628007531166,0.4042004644870758,0.6317467093467712,-0.02144530415534973,0.4147017300128937,0.6135075092315674,-0.011138571426272392,0.3716791272163391,0.5562412738800049,-0.01739104837179184,0.3770808279514313,0.5955849885940552,-0.027443846687674522,0.40239185094833374,0.603442907333374,-0.020120978355407715,0.409697026014328,0.5944488048553467,-0.011349690146744251
0.4815640449523926,0.6094040274620056,-4.84763859276427e-07,0.456424742937088,0.6676188707351685,-0.01123096328228712,0.41259822249412537,0.7190214991569519,-0.01822306402027607,0.3844773471355438,0.7579869031906128,-0.026974687352776527,0.367304265499115,0.7959192991256714,-0.032253485172986984,0.3472789525985718,0.6680275797843933,0.006161474157124758,0.34836769104003906,0.7176452875137329,-0.017087815329432487,0.3876822590827942,0.7052611112594604,-0.03382400795817375,0.4074915647506714,0.6883596777915955,-0.04242938756942749,0.3438916504383087,0.6331526637077332,0.0017050118185579777,0.3537221848964691,0.687462568283081,-0.021994609385728836,0.3970392644405365,0.6728173494338989,-0.028862861916422844,0.41121670603752136,0.653555154800415,-0.028549861162900925,0.3524295687675476,0.5973660945892334,-0.00712823960930109,0.36003291606903076,0.6475509405136108,-0.028262365609407425,0.3992120325565338,0.6403288245201111,-0.020697109401226044,0.4104628264904022,0.6221930980682373,-0.010272221639752388,0.3674112558364868,0.563472330570221,-0.017965853214263916,0.3713203966617584,0.6037511229515076,-0.027822375297546387,0.3965991735458374,0.6121145486831665,-0.020475611090660095,0.40442928671836853,0.6034436225891113,-0.011685550212860107
0.47484785318374634,0.607934832572937,-4.687063324126939e-07,0.4486168324947357,0.6671937108039856,-0.012348117306828499,0.4028114676475525,0.7194409966468811,-0.019654974341392517,0.37383705377578735,0.7615851163864136,-0.02871282771229744,0.3569371998310089,0.8032447099685669,-0.034303680062294006,0.340512216091156,0.669866144657135,0.0070396894589066505,0.34044504165649414,0.7182608246803284,-0.01698935031890869,0.38000383973121643,0.7045720219612122,-0.034448057413101196,0.4006851017475128,0.6871396899223328,-0.04344270005822182,0.3360469937324524,0.6348189115524292,0.0029915450140833855,0.34545332193374634,0.6874436736106873,-0.021960904821753502,0.38844507932662964,0.6713221669197083,-0.030084362253546715,0.40317854285240173,0.6512546539306641,-0.03034556657075882,0.3440729081630707,0.5985957384109497,-0.00562690757215023,0.3516848087310791,0.6478919982910156,-0.027538402006030083,0.39044854044914246,0.639127790927887,-0.020593823865056038,0.4016372561454773,0.620036244392395,-0.010375451296567917,0.3584311902523041,0.5650542974472046,-0.01633603870868683,0.3637349307537079,0.6063183546066284,-0.026287473738193512,0.3895677924156189,0.6126699447631836,-0.01918211206793785,0.39682286977767944,0.6020770072937012,-0.010622219182550907
0.4720786213874817,0.6058798432350159,-4.711625365416694e-07,0.4471138119697571,0.6635879278182983,-0.01265776064246893,0.4015073776245117,0.7155379056930542,-0.01992880553007126,0.37250033020973206,0.7575044631958008,-0.028812753036618233,0.35561439394950867,0.7993737459182739,-0.034235551953315735,0.33695289492607117,0.6668145060539246,0.006730581168085337,0.3381837010383606,0.715753436088562,-0.017471250146627426,0.37784597277641296,0.7022491693496704,-0.035023223608732224,0.3986316919326782,0.6845598220825195,-0.04391181096434593,0.33250391483306885,0.6315761208534241,0.003112595761194825,0.34202900528907776,0.6853861212730408,-0.022188954055309296,0.3855645954608917,0.6696465015411377,-0.030322564765810966,0.4011981785297394,0.6496350169181824,-0.030224360525608063,0.3406082093715668,0.5955547094345093,-0.005048796068876982,0.3496142625808716,0.645818829536438,-0.027087319642305374,0.38849157094955444,0.6371447443962097,-0.02027146890759468,0.40013569593429565,0.6184667944908142,-0.00980846956372261,0.3550437092781067,0.5621742010116577,-0.0153024448081851,0.3609868884086609,0.6043282151222229,-0.025069184601306915,0.3862171769142151,0.6098454594612122,-0.018003348261117935,0.3931730091571808,0.5989654064178467,-0.009267639368772507
0.46252623200416565,0.6108392477035522,-4.7571617756148044e-07,0.43737512826919556,0.6701052188873291,-0.011781455017626286,0.39106985926628113,0.7229024171829224,-0.01864243671298027,0.3620048761367798,0.7651864290237427,-0.027440186589956284,0.3459809720516205,0.8077402114868164,-0.03287331759929657,0.32825228571891785,0.6750563383102417,0.007576581556349993,0.32824891805648804,0.7223979234695435,-0.016719605773687363,0.3677995204925537,0.7076106071472168,-0.034100357443094254,0.388635516166687,0.6892708539962769,-0.042841821908950806,0.3241061866283417,0.6394683718681335,0.0031264510471373796,0.3330107629299164,0.691067099571228,-0.021946946159005165,0.3768148422241211,0.6742955446243286,-0.029658617451786995,0.39194774627685547,0.6537666320800781,-0.029371770098805428,0.332038015127182,0.6026504039764404,-0.005942766088992357,0.3393840193748474,0.6513782143592834,-0.0281843114644289,0.3793211281299591,0.6429203748703003,-0.020756535232067108,0.3912023603916168,0.6244551539421082,-0.00987478718161583,0.3463728129863739,0.5683165192604065,-0.017036285251379013,0.3508162200450897,0.6092546582221985,-0.026904357597231865,0.37702909111976624,0.6155900359153748,-0.01921011321246624,0.38484227657318115,0.6054011583328247,-0.010052716359496117
0.45989733934402466,0.6130797266960144,-4.808776452591701e-07,0.43271034955978394,0.6741014719009399,-0.011608598753809929,0.3859354555606842,0.7283182144165039,-0.01837385632097721,0.3570988178253174,0.7720532417297363,-0.027200786396861076,0.34037545323371887,0.8156383037567139,-0.032871488481760025,0.3250904679298401,0.6788378357887268,0.008495712652802467,0.3250732421875,0.7276272773742676,-0.01522110030055046,0.3641997277736664,0.7135724425315857,-0.032825373113155365,0.38586804270744324,0.6955855488777161,-0.04183480143547058,0.3204405605792999,0.6431499719619751,0.004021173343062401,0.32882922887802124,0.695988655090332,-0.02073388360440731,0.37153083086013794,0.6793701648712158,-0.029545780271291733,0.3884248733520508,0.6593929529190063,-0.0301380418241024,0.3279450237751007,0.6061753034591675,-0.004942048341035843,0.33553001284599304,0.6560665369033813,-0.026947451755404472,0.37485432624816895,0.6466472744941711,-0.020678719505667686,0.3885143995285034,0.6283899545669556,-0.010587789118289948,0.34215766191482544,0.5718918442726135,-0.01585167646408081,0.3463355302810669,0.6151213645935059,-0.025823015719652176,0.372469037771225,0.6204109787940979,-0.018643375486135483,0.3815132975578308,0.6100808382034302,-0.009835007600486279
0.45887333154678345,0.6120787262916565,-4.815005922864657e-07,0.4311692416667938,0.674920380115509,-0.011494831182062626,0.3840741515159607,0.7295252680778503,-0.01880706660449505,0.3551977872848511,0.7745828628540039,-0.028252890333533287,0.3388464152812958,0.8198069334030151,-0.03445066511631012,0.3232916295528412,0.6791877150535583,0.007852775976061821,0.32308444380760193,0.7287538647651672,-0.016902755945920944,0.3627336025238037,0.714089572429657,-0.034891195595264435,0.384047269821167,0.6959649920463562,-0.04403120279312134,0.3186377286911011,0.6437385678291321,0.003231518203392625,0.3275761306285858,0.6976694464683533,-0.022161809727549553,0.371110200881958,0.6801537275314331,-0.030724678188562393,0.38694828748703003,0.6594539880752563,-0.031175926327705383,0.3260742425918579,0.6068856120109558,-0.005932068917900324,0.33434075117111206,0.6578901410102844,-0.028258608654141426,0.37420135736465454,0.6474525928497314,-0.02144041284918785,0.3866494297981262,0.628065288066864,-0.011070573702454567,0.3403566777706146,0.5729967355728149,-0.01704423874616623,0.34537696838378906,0.6169077754020691,-0.026931211352348328,0.3714047074317932,0.6210139989852905,-0.0195020604878664,0.379153847694397,0.6092019081115723,-0.010632171295583248
0.4651070833206177,0.609498143196106,-4.942576197208837e-07,0.43955081701278687,0.6698656678199768,-0.012745161540806293,0.39247095584869385,0.7237812280654907,-0.020137719810009003,0.3636349141597748,0.7677880525588989,-0.029211578890681267,0.3478149175643921,0.8125922679901123,-0.03501984104514122,0.3304405212402344,0.6731555461883545,0.006342373788356781,0.33130210638046265,0.721790075302124,-0.018008045852184296,0.37060004472732544,0.708158552646637,-0.03550556302070618,0.3913589417934418,0.6904049515724182,-0.044476963579654694,0.3257601857185364,0.637390673160553,0.0022806786000728607,0.33609211444854736,0.6895819306373596,-0.022578038275241852,0.37949663400650024,0.6739274263381958,-0.03081105649471283,0.3949039876461029,0.6548619866371155,-0.031209738925099373,0.3337377905845642,0.6006350517272949,-0.006347027141600847,0.34299522638320923,0.6503146290779114,-0.029113300144672394,0.382630854845047,0.6416501402854919,-0.022329948842525482,0.3949431777000427,0.6239211559295654,-0.011899414472281933,0.34825167059898376,0.5667764544487,-0.016944516450166702,0.3536566495895386,0.6091009974479675,-0.02767646685242653,0.3800349831581116,0.6141087412834167,-0.02038745768368244,0.3881722688674927,0.6038089990615845,-0.01146391499787569
0.4715759754180908,0.6088259816169739,-4.830372404285299e-07,0.44542938470840454,0.6692891716957092,-0.012931267730891705,0.39730727672576904,0.7228866815567017,-0.020160803571343422,0.36800432205200195,0.7667409181594849,-0.02919006161391735,0.3524530529975891,0.8113342523574829,-0.03481714800000191,0.3363792598247528,0.6721667647361755,0.006645729299634695,0.3360739052295685,0.7217438817024231,-0.018092015758156776,0.37588709592819214,0.7071735262870789,-0.035760290920734406,0.396353155374527,0.6886298060417175,-0.04475008323788643,0.3315407931804657,0.636196494102478,0.002651193179190159,0.34153568744659424,0.6894627213478088,-0.0225203949958086,0.38476210832595825,0.6723712086677551,-0.03067527711391449,0.3990804851055145,0.6515007615089417,-0.03095967508852482,0.33942222595214844,0.5992072820663452,-0.0060639576986432076,0.34824085235595703,0.6494240760803223,-0.028806140646338463,0.3876911997795105,0.6406688690185547,-0.02186930924654007,0.39909541606903076,0.6216442584991455,-0.01136665791273117,0.35379558801651,0.565464437007904,-0.016886744648218155,0.35816583037376404,0.6069557666778564,-0.02735946886241436,0.3842855989933014,0.6139464378356934,-0.02009967528283596,0.39251908659935,0.604261040687561,-0.011267430149018764
0.47048527002334595,0.6091111898422241,-4.922579819321982e-07,0.44462820887565613,0.6693586111068726,-0.011761540547013283,0.39699286222457886,0.722179114818573,-0.01863810420036316,0.3672454059123993,0.7642527222633362,-0.027505720034241676,0.3508346974849701,0.8077620267868042,-0.03314477205276489,0.33679330348968506,0.6726469993591309,0.007174239028245211,0.33541038632392883,0.7205639481544495,-0.017069051042199135,0.37520644068717957,0.707197904586792,-0.03421592339873314,0.3966771364212036,0.6894082427024841,-0.042833030223846436,0.3325470983982086,0.6368706226348877,0.002522254828363657,0.34061744809150696,0.6887432336807251,-0.02254238910973072,0.3845422863960266,0.6731403470039368,-0.030523236840963364,0.4006026089191437,0.6533942222595215,-0.030541250482201576,0.34035608172416687,0.599766194820404,-0.006695701740682125,0.34740200638771057,0.6486567854881287,-0.029442431405186653,0.3876407742500305,0.6397735476493835,-0.02236245386302471,0.4003569781780243,0.6208500862121582,-0.011700406670570374,0.3545416593551636,0.5652379393577576,-0.01782100275158882,0.35796329379081726,0.6068136096000671,-0.02838420495390892,0.3847593367099762,0.6127411127090454,-0.020802181214094162,0.3934673070907593,0.6021353602409363,-0.011711277067661285
0.48071855306625366,0.6167800426483154,-4.947719958181551e-07,0.4535537362098694,0.6768348813056946,-0.012783660553395748,0.40583863854408264,0.7288362979888916,-0.020091798156499863,0.37623605132102966,0.7714673280715942,-0.02918461337685585,0.35976463556289673,0.8158557415008545,-0.035102542489767075,0.34583091735839844,0.6763126850128174,0.006645313464105129,0.3460038900375366,0.7239150404930115,-0.01752089522778988,0.3850575387477875,0.7119490504264832,-0.03489141911268234,0.40599527955055237,0.6945734620094299,-0.043691929429769516,0.34211093187332153,0.6405150294303894,0.0024938504211604595,0.35130494832992554,0.6916744709014893,-0.021563764661550522,0.3945358693599701,0.6781941652297974,-0.02933940291404724,0.41050800681114197,0.6596118211746216,-0.029595045372843742,0.35063233971595764,0.6034414172172546,-0.006328761111944914,0.3580443263053894,0.6519176363945007,-0.028898507356643677,0.3977338969707489,0.6455181837081909,-0.022109171375632286,0.41098645329475403,0.6280940175056458,-0.011665674857795238,0.36578047275543213,0.5685132145881653,-0.01712469942867756,0.3671224117279053,0.6085295677185059,-0.027698729187250137,0.3933914005756378,0.616668701171875,-0.02002423256635666,0.40349718928337097,0.608506977558136,-0.010791636072099209
0.49141761660575867,0.6183916330337524,-4.76646647484813e-07,0.4622213840484619,0.677833616733551,-0.01292021106928587,0.4139593243598938,0.7278687357902527,-0.020406650379300117,0.3835352063179016,0.7703942656517029,-0.029583845287561417,0.3670704662799835,0.8150535225868225,-0.035580769181251526,0.3545551300048828,0.6758667230606079,0.007028954569250345,0.3539963960647583,0.7210711240768433,-0.01658232882618904,0.3927985429763794,0.7105416059494019,-0.03434162214398384,0.41393086314201355,0.6949819922447205,-0.04375310614705086,0.35068824887275696,0.6390814185142517,0.0032988707534968853,0.3603508770465851,0.6884588599205017,-0.020150473341345787,0.40273070335388184,0.6758260130882263,-0.028609484434127808,0.4179796874523163,0.6577997207641602,-0.029670188203454018,0.35981249809265137,0.6017436385154724,-0.0049761394038796425,0.3683992028236389,0.6490230560302734,-0.026176856830716133,0.4064578711986542,0.6434386372566223,-0.019894853234291077,0.4183328151702881,0.6266644597053528,-0.01037612184882164,0.3758293688297272,0.5674508810043335,-0.015342826955020428,0.3800370693206787,0.6077202558517456,-0.024865929037332535,0.40534305572509766,0.6159451603889465,-0.017675213515758514,0.41380414366722107,0.6075581908226013,-0.009222702123224735
0.49250328540802,0.6187925338745117,-4.6088536009847303e-07,0.46108102798461914,0.6789754033088684,-0.013165794312953949,0.4121692180633545,0.7285186052322388,-0.0212783832103014,0.38072267174720764,0.7709270715713501,-0.03130820766091347,0.3618108928203583,0.8147112131118774,-0.03803207725286484,0.3539496064186096,0.6729559302330017,0.007374203763902187,0.3522718548774719,0.7202838659286499,-0.017145639285445213,0.3916870057582855,0.7085257172584534,-0.03543790429830551,0.41286638379096985,0.6922714114189148,-0.04501480236649513,0.35123440623283386,0.6369311213493347,0.003614527639001608,0.35898062586784363,0.68924480676651,-0.021186484023928642,0.402188241481781,0.6754676699638367,-0.029953720048069954,0.417394757270813,0.6562060713768005,-0.03097066469490528,0.3610474467277527,0.6002580523490906,-0.004830691032111645,0.3659607768058777,0.6499298214912415,-0.026789600029587746,0.40536022186279297,0.6444398164749146,-0.019856000319123268,0.41799259185791016,0.6267117261886597,-0.009684376418590546,0.37748458981513977,0.5668857097625732,-0.015418277122080326,0.37935957312583923,0.608930230140686,-0.024969246238470078,0.40450507402420044,0.6170569658279419,-0.017323246225714684,0.41278108954429626,0.6068517565727234,-0.008496614173054695
0.4962785542011261,0.6009858846664429,-4.759072282922716e-07,0.4648343622684479,0.6559696793556213,-0.01045951247215271,0.4156484305858612,0.7016063928604126,-0.016692684963345528,0.3850521743297577,0.7405825853347778,-0.025115469470620155,0.3678365647792816,0.7817713022232056,-0.030597088858485222,0.36081966757774353,0.6446239948272705,0.007708714343607426,0.35591962933540344,0.689130425453186,-0.014941628091037273,0.3950681686401367,0.6827291250228882,-0.03141544759273529,0.4168684184551239,0.6699461340904236,-0.03975853696465492,0.35930001735687256,0.6092746257781982,0.0033605340868234634,0.36264294385910034,0.6570407748222351,-0.019714243710041046,0.40510380268096924,0.649415135383606,-0.027442822232842445,0.42088285088539124,0.6341274976730347,-0.027762169018387794,0.3694624602794647,0.5738692283630371,-0.005111901089549065,0.373393714427948,0.61836177110672,-0.02578924596309662,0.41131827235221863,0.6169379949569702,-0.019261270761489868,0.4241316616535187,0.60218745470047,-0.009432105347514153,0.385852187871933,0.5414937734603882,-0.01533359196037054,0.38448572158813477,0.5774123668670654,-0.023992525413632393,0.4089988172054291,0.5890273451805115,-0.016036033630371094,0.4189540445804596,0.5823016166687012,-0.006986888125538826
0.470060795545578,0.5840884447097778,-4.268029556442343e-07,0.4426858425140381,0.6367972493171692,-0.014530044049024582,0.39229920506477356,0.6809132695198059,-0.021967515349388123,0.3581288754940033,0.7158560752868652,-0.030712565407156944,0.33785906434059143,0.7559779286384583,-0.03621333837509155,0.33904996514320374,0.630791425704956,0.005230962764471769,0.3317200541496277,0.6654842495918274,-0.019971182569861412,0.3713012933731079,0.6562128663063049,-0.037155069410800934,0.39456701278686523,0.643025815486908,-0.045096490532159805,0.33848559856414795,0.5938395261764526,0.002863842062652111,0.335036963224411,0.6330661177635193,-0.023362478241324425,0.38069841265678406,0.625579297542572,-0.030909834429621696,0.40017592906951904,0.610709547996521,-0.029652228578925133,0.3483485281467438,0.5572255849838257,-0.004293844569474459,0.3467588424682617,0.5929112434387207,-0.027896065264940262,0.38715657591819763,0.5930806398391724,-0.020311012864112854,0.4032492935657501,0.5804005265235901,-0.008312427438795567,0.3634473979473114,0.5227668285369873,-0.013443383388221264,0.35860514640808105,0.5515249371528625,-0.02349998988211155,0.3842845559120178,0.56402188539505,-0.015005380846560001,0.39505642652511597,0.5593464374542236,-0.004916859325021505
0.4388440251350403,0.595228910446167,-4.6767550543336256e-07,0.410362184047699,0.6512722969055176,-0.012388222850859165,0.3574676215648651,0.6998246312141418,-0.01808682084083557,0.32309645414352417,0.7369893789291382,-0.02577093243598938,0.30306562781333923,0.7795167565345764,-0.03064306639134884,0.3083009123802185,0.6515346765518188,0.00939212553203106,0.2956655025482178,0.6869345307350159,-0.015302452258765697,0.3357730805873871,0.6756117343902588,-0.032188430428504944,0.3622256815433502,0.6614314317703247,-0.039434053003787994,0.3080100417137146,0.614982545375824,0.006331356707960367,0.2977747321128845,0.6556523442268372,-0.019475631415843964,0.3441614806652069,0.644580602645874,-0.027278410270810127,0.3686462938785553,0.6289055347442627,-0.025738390162587166,0.3157285451889038,0.5771795511245728,-0.0015077211428433657,0.3067103922367096,0.6159526705741882,-0.024981047958135605,0.35006043314933777,0.6121854782104492,-0.017840448766946793,0.3725927770137787,0.5989643335342407,-0.005604273173958063,0.328731894493103,0.5396386384963989,-0.011021902784705162,0.31868118047714233,0.5748658180236816,-0.021767795085906982,0.34744879603385925,0.5828452706336975,-0.013248213566839695,0.362874835729599,0.5753604173660278,-0.0026536870282143354
0.44659388065338135,0.5992159247398376,-5.123015967001265e-07,0.41848546266555786,0.6550639271736145,-0.012109195813536644,0.3651706874370575,0.7031571269035339,-0.017434829846024513,0.33047476410865784,0.7397007942199707,-0.024748945608735085,0.31125399470329285,0.7817951440811157,-0.02927815541625023,0.31599554419517517,0.6558318734169006,0.008372965268790722,0.3040447235107422,0.6909191012382507,-0.016323739662766457,0.3438427746295929,0.6803414225578308,-0.0329081155359745,0.36975419521331787,0.6654946208000183,-0.04034062474966049,0.31351664662361145,0.6179704070091248,0.004512058570981026,0.30785879492759705,0.6549822092056274,-0.020727194845676422,0.35413166880607605,0.6447195410728455,-0.028209276497364044,0.37551915645599365,0.6293644905090332,-0.02700631506741047,0.32086682319641113,0.5793231725692749,-0.004093149211257696,0.3166635036468506,0.6158161163330078,-0.02765354886651039,0.35948890447616577,0.6126039624214172,-0.020198727026581764,0.3781481385231018,0.5998802185058594,-0.008311256766319275,0.3342463970184326,0.5423352718353271,-0.014411605894565582,0.327745258808136,0.5744084715843201,-0.025339944288134575,0.3561330735683441,0.5834687352180481,-0.016423167660832405,0.36893603205680847,0.577416181564331,-0.005854292307049036
0.47779273986816406,0.5599604249000549,-4.682748340201215e-07,0.4500526189804077,0.614536702632904,-0.01567704789340496,0.3959791958332062,0.6604681611061096,-0.022336319088935852,0.36043211817741394,0.6971058249473572,-0.030182061716914177,0.34182360768318176,0.7404390573501587,-0.034788280725479126,0.3440830111503601,0.6084533929824829,0.005328602157533169,0.33537280559539795,0.6412781476974487,-0.020005088299512863,0.376258909702301,0.6333312392234802,-0.03719877079129219,0.4005955755710602,0.6216842532157898,-0.04519951716065407,0.34158188104629517,0.5703408122062683,0.00333102373406291,0.33655762672424316,0.6042520999908447,-0.022294294089078903,0.38323649764060974,0.5985234975814819,-0.02967008948326111,0.40283599495887756,0.5863228440284729,-0.028367720544338226,0.3508836030960083,0.5316911339759827,-0.0036703511141240597,0.34874632954597473,0.5631074905395508,-0.02742721140384674,0.38982152938842773,0.565824031829834,-0.019974874332547188,0.40535178780555725,0.556131899356842,-0.0081110168248415,0.3664192259311676,0.49497589468955994,-0.012745685875415802,0.35936370491981506,0.519684910774231,-0.02297155000269413,0.38588738441467285,0.5341328978538513,-0.014128671027719975,0.39713841676712036,0.5325911641120911,-0.003870120970532298
0.48092329502105713,0.5806530117988586,-5.014999828745204e-07,0.45328813791275024,0.6389989852905273,-0.016922958195209503,0.3995210528373718,0.6886113286018372,-0.02501634694635868,0.36404576897621155,0.7282681465148926,-0.034180983901023865,0.3434501588344574,0.7727376222610474,-0.039953913539648056,0.34240835905075073,0.6388359665870667,0.0030149389058351517,0.33434101939201355,0.675264298915863,-0.023210981860756874,0.3761405348777771,0.6641993522644043,-0.04129605367779732,0.4019440710544586,0.6488834023475647,-0.04982040822505951,0.33845964074134827,0.5971344709396362,0.0008421436068601906,0.3405745327472687,0.6343943476676941,-0.025153450667858124,0.3878456652164459,0.6248892545700073,-0.03329186514019966,0.4086776673793793,0.6098031997680664,-0.032749056816101074,0.3473842740058899,0.5555863976478577,-0.006373003125190735,0.3504895567893982,0.5913553833961487,-0.031078439205884933,0.39333853125572205,0.5902437567710876,-0.02406538464128971,0.4112037122249603,0.577286958694458,-0.012371744960546494,0.36263763904571533,0.5162562131881714,-0.01577356643974781,0.3593735098838806,0.5451921224594116,-0.0273834727704525,0.3874330520629883,0.557985782623291,-0.018778949975967407,0.40053579211235046,0.5548696517944336,-0.008238165639340878
0.49131834506988525,0.5624781250953674,-4.7229966071427043e-07,0.46385788917541504,0.6193546652793884,-0.01803840510547161,0.4091079533100128,0.6661562323570251,-0.026394348591566086,0.3733346164226532,0.7053368091583252,-0.0355820506811142,0.35334518551826477,0.7499598860740662,-0.04112938046455383,0.3528570532798767,0.6148150563240051,0.002674858784303069,0.34615662693977356,0.647978663444519,-0.02398294396698475,0.3875902593135834,0.6383213996887207,-0.04230412840843201,0.41187340021133423,0.6257922649383545,-0.050960954278707504,0.3492094874382019,0.5741865634918213,0.0012899133143946528,0.3511256277561188,0.6079257130622864,-0.02444363385438919,0.3975647985935211,0.6006239652633667,-0.03231078013777733,0.4147503674030304,0.5871847867965698,-0.0317930169403553,0.3594849109649658,0.5341852307319641,-0.005311450455337763,0.36276257038116455,0.5649251937866211,-0.029773235321044922,0.4039100110530853,0.5670250058174133,-0.02250681258738041,0.41808509826660156,0.5561808347702026,-0.010898761451244354,0.3760909140110016,0.4970686435699463,-0.014251177199184895,0.3716140389442444,0.5192301273345947,-0.025240467861294746,0.3987080454826355,0.5355512499809265,-0.016357989981770515,0.41032159328460693,0.5363830924034119,-0.005898714531213045
0.4899958670139313,0.5672406554222107,-4.904578077002952e-07,0.46288010478019714,0.6238216161727905,-0.017528027296066284,0.4102042615413666,0.672006368637085,-0.026020042598247528,0.3753540813922882,0.711706817150116,-0.03537280112504959,0.35395580530166626,0.755501925945282,-0.04116903245449066,0.35143864154815674,0.6217175722122192,0.003064792137593031,0.3450227379798889,0.6586934328079224,-0.022910326719284058,0.38650426268577576,0.648301899433136,-0.041008464992046356,0.41114041209220886,0.6338284611701965,-0.04966088384389877,0.34753087162971497,0.5811525583267212,0.001434855512343347,0.3514554798603058,0.6210289001464844,-0.024040041491389275,0.39768749475479126,0.6117335557937622,-0.032276663929224014,0.4167355000972748,0.5968838334083557,-0.03207797929644585,0.3569125533103943,0.5411191582679749,-0.005277971737086773,0.36171936988830566,0.5792320370674133,-0.02962464839220047,0.40385422110557556,0.5776616334915161,-0.02289702370762825,0.42014288902282715,0.5640453100204468,-0.011668876744806767,0.37266701459884644,0.5036211013793945,-0.014252637512981892,0.3720894455909729,0.5352277755737305,-0.02594088576734066,0.4005286693572998,0.5483462810516357,-0.017950691282749176,0.41310471296310425,0.5452675819396973,-0.007982493378221989
0.4925622045993805,0.56500643491745,-4.729563443106599e-07,0.46550530195236206,0.6228838562965393,-0.01869574934244156,0.4115952253341675,0.6705219149589539,-0.027302654460072517,0.37662559747695923,0.7106720209121704,-0.03666616976261139,0.3565469980239868,0.7556968927383423,-0.04222870245575905,0.3541927635669708,0.618834376335144,0.002034807112067938,0.34873899817466736,0.6547195315361023,-0.024677397683262825,0.3902418613433838,0.6445285677909851,-0.04306546598672867,0.41375771164894104,0.6304413676261902,-0.051897041499614716,0.3499820828437805,0.5785066485404968,0.000981619581580162,0.35520869493484497,0.6159999370574951,-0.025020387023687363,0.4012007713317871,0.6072549223899841,-0.03305820748209953,0.417873352766037,0.591793417930603,-0.03278722986578941,0.3599470555782318,0.5388162136077881,-0.005363801959902048,0.36563894152641296,0.5730916261672974,-0.03000437654554844,0.40625348687171936,0.5734052062034607,-0.023008255288004875,0.41998574137687683,0.5601956844329834,-0.01163245365023613,0.37632542848587036,0.5019949674606323,-0.014166579581797123,0.3734685182571411,0.5262085199356079,-0.02547469735145569,0.400003045797348,0.5415215492248535,-0.017224496230483055,0.4115303158760071,0.5409383177757263,-0.007206377573311329
0.4947994351387024,0.5627834796905518,-4.6949725174272317e-07,0.46762821078300476,0.6194308996200562,-0.019090527668595314,0.41396987438201904,0.6664873957633972,-0.02802368439733982,0.3791661560535431,0.7062662839889526,-0.037554170936346054,0.3592349588871002,0.7516293525695801,-0.043427206575870514,0.35720518231391907,0.6168059706687927,0.0011878357036039233,0.35154038667678833,0.651063859462738,-0.02585613913834095,0.39276322722435,0.6401469707489014,-0.04450364038348198,0.41680580377578735,0.6253318786621094,-0.053384821861982346,0.35349786281585693,0.5760480761528015,0.00014049357559997588,0.3579427897930145,0.6109836101531982,-0.025713343173265457,0.40388351678848267,0.6018665432929993,-0.033612873405218124,0.42158371210098267,0.5864033699035645,-0.033277831971645355,0.3634158968925476,0.5358732342720032,-0.006225814577192068,0.367734432220459,0.5680200457572937,-0.030789487063884735,0.40881556272506714,0.5686556696891785,-0.02351323328912258,0.42408517003059387,0.5566225647926331,-0.01197428535670042,0.3796442449092865,0.4985954761505127,-0.015066133812069893,0.3753625750541687,0.5212029814720154,-0.026501035317778587,0.40246355533599854,0.5363335609436035,-0.017860140651464462,0.4149942398071289,0.5363734364509583,-0.0074873073026537895
0.49510467052459717,0.5592668056488037,-4.834735705117055e-07,0.46860256791114807,0.6154546737670898,-0.018224351108074188,0.4151979684829712,0.6613911986351013,-0.02681739814579487,0.38052016496658325,0.7000433802604675,-0.03614828735589981,0.36098942160606384,0.7449660897254944,-0.041811130940914154,0.35685452818870544,0.6098775267601013,0.0022984405513852835,0.3526920974254608,0.6456553339958191,-0.024683773517608643,0.39377424120903015,0.6359168887138367,-0.043212082237005234,0.4178486466407776,0.6224178075790405,-0.051883745938539505,0.35368889570236206,0.5698629021644592,0.0007693760562688112,0.35832422971725464,0.6062918901443481,-0.025101203471422195,0.404081255197525,0.5978837609291077,-0.03313005715608597,0.4212498664855957,0.5835968852043152,-0.03269035741686821,0.3643057346343994,0.5305184721946716,-0.005983198992908001,0.36962705850601196,0.564288854598999,-0.030751947313547134,0.4106791317462921,0.5653173923492432,-0.023476550355553627,0.4248744249343872,0.5535897612571716,-0.011770283803343773,0.38130003213882446,0.4938863515853882,-0.015081058256328106,0.37770235538482666,0.5190703868865967,-0.02654360607266426,0.4047786295413971,0.5345732569694519,-0.017706874758005142,0.41662338376045227,0.5343078374862671,-0.007072835229337215
0.4920346140861511,0.5595824122428894,-4.789835088558902e-07,0.46570926904678345,0.6168913245201111,-0.018447859212756157,0.41235560178756714,0.664294421672821,-0.02690693363547325,0.3775393068790436,0.7031779289245605,-0.036049071699380875,0.35707545280456543,0.7475178241729736,-0.04151788353919983,0.3549208641052246,0.6149885058403015,0.0023272093385457993,0.3492509722709656,0.6501678824424744,-0.023535963147878647,0.39094504714012146,0.6397119164466858,-0.04154273122549057,0.4152696430683136,0.625725507736206,-0.050154104828834534,0.35061776638031006,0.5746501088142395,0.0011598507408052683,0.3549119830131531,0.6114484071731567,-0.024064624682068825,0.40103450417518616,0.6027588844299316,-0.0321609228849411,0.41964179277420044,0.5881327390670776,-0.031927440315485,0.36018091440200806,0.5349627137184143,-0.00515031348913908,0.3644392788410187,0.5694751143455505,-0.029652824625372887,0.40643110871315,0.569141685962677,-0.02289566583931446,0.4228631258010864,0.5564035773277283,-0.011601286008954048,0.37610605359077454,0.4979618489742279,-0.013817310333251953,0.3730766475200653,0.5240599513053894,-0.026078293099999428,0.4013412296772003,0.5388767719268799,-0.018074966967105865,0.41503214836120605,0.5384570956230164,-0.007950576022267342
0.4929570257663727,0.5591570138931274,-4.797764745489985e-07,0.46569669246673584,0.6155402660369873,-0.018309731036424637,0.412240207195282,0.6620606780052185,-0.02677064947783947,0.3775206208229065,0.7013075947761536,-0.03599119931459427,0.3577856123447418,0.746302604675293,-0.04156498983502388,0.35481521487236023,0.6116514205932617,0.0026609657797962427,0.35003843903541565,0.6468994617462158,-0.023722955957055092,0.3913017809391022,0.6366897225379944,-0.04208507761359215,0.41512176394462585,0.6224621534347534,-0.05084674432873726,0.3510126769542694,0.5712890028953552,0.00139048567507416,0.35631808638572693,0.6075938940048218,-0.02398354560136795,0.4020947515964508,0.5990173816680908,-0.03215751796960831,0.41986405849456787,0.5843244194984436,-0.03201238438487053,0.36101216077804565,0.5314034819602966,-0.005082747433334589,0.36655041575431824,0.5654478669166565,-0.029439134523272514,0.4077307879924774,0.5660887956619263,-0.022581065073609352,0.4231715798377991,0.5540253520011902,-0.011263025924563408,0.37735143303871155,0.49450984597206116,-0.013942886143922806,0.37458115816116333,0.5197720527648926,-0.02539939619600773,0.4017280638217926,0.5349580645561218,-0.017094377428293228,0.4143622815608978,0.5344362854957581,-0.0068831415846943855
0.49274033308029175,0.5586684942245483,-4.698349300724658e-07,0.465621680021286,0.6153244972229004,-0.01820557564496994,0.4124341905117035,0.6621946692466736,-0.02659640647470951,0.3778788447380066,0.7020857930183411,-0.03576011210680008,0.3581726849079132,0.7468781471252441,-0.0412675105035305,0.3558865785598755,0.6140836477279663,0.002284527523443103,0.34994056820869446,0.6483312249183655,-0.0239105261862278,0.39097779989242554,0.6375166177749634,-0.04215588420629501,0.4149044156074524,0.6235957741737366,-0.050931498408317566,0.35158759355545044,0.5734711289405823,0.001069418853148818,0.3567686676979065,0.6084423661231995,-0.02400197461247444,0.4021320044994354,0.599118709564209,-0.03215137496590614,0.41914963722229004,0.584502637386322,-0.03218766674399376,0.3612979054450989,0.5330800414085388,-0.005298476666212082,0.3666066527366638,0.5655127763748169,-0.02926996909081936,0.40716513991355896,0.5654634237289429,-0.02258809097111225,0.4216434061527252,0.5534833669662476,-0.011617394164204597,0.3774481415748596,0.49566805362701416,-0.01404491439461708,0.37388715147972107,0.5191186666488647,-0.02534598484635353,0.40050679445266724,0.5339112281799316,-0.017183339223265648,0.4126444160938263,0.5339619517326355,-0.007218739949166775
0.4926503598690033,0.556707501411438,-4.829895488001057e-07,0.46496492624282837,0.6126906275749207,-0.017161952331662178,0.4122728705406189,0.6596189141273499,-0.025251783430576324,0.37810012698173523,0.6983721852302551,-0.034253787249326706,0.3581103980541229,0.7422424554824829,-0.039718884974718094,0.3555576205253601,0.609203040599823,0.003294685622677207,0.3501244783401489,0.6450348496437073,-0.022135308012366295,0.3912665843963623,0.6351048946380615,-0.039971087127923965,0.4153931140899658,0.621310830116272,-0.048503998667001724,0.35182055830955505,0.5697054862976074,0.0016768650384619832,0.3561462461948395,0.6074607968330383,-0.023169681429862976,0.40165844559669495,0.5989902019500732,-0.031174879521131516,0.4206070303916931,0.5848737359046936,-0.0309335645288229,0.3612094223499298,0.5305302739143372,-0.004937588237226009,0.36600691080093384,0.5662555694580078,-0.028649089857935905,0.40719351172447205,0.5655776262283325,-0.021959228441119194,0.4237072765827179,0.5528400540351868,-0.010868426412343979,0.3769752085208893,0.4936525225639343,-0.013828769326210022,0.37471267580986023,0.5213326811790466,-0.02525084652006626,0.4022354483604431,0.535396933555603,-0.017209690064191818,0.4155779480934143,0.5340899229049683,-0.007218071725219488
0.4952477514743805,0.5639308094978333,-4.814554586118902e-07,0.46756792068481445,0.6215015053749084,-0.01812061481177807,0.4146096706390381,0.6680909395217896,-0.026751210913062096,0.38036277890205383,0.7074390053749084,-0.03613622859120369,0.36164483428001404,0.7528761029243469,-0.04194819927215576,0.3577044904232025,0.6170835494995117,0.0017833563033491373,0.353151798248291,0.652260959148407,-0.02454439364373684,0.3940167725086212,0.6422646045684814,-0.04312256723642349,0.41787245869636536,0.6281358003616333,-0.052106622606515884,0.35388946533203125,0.5769581198692322,0.00033030929625965655,0.36024338006973267,0.6134288907051086,-0.024413513019680977,0.4048950672149658,0.6043825745582581,-0.03232622519135475,0.42202192544937134,0.5889330506324768,-0.03239201009273529,0.36398598551750183,0.5372748374938965,-0.006271757651120424,0.3692968487739563,0.5713112950325012,-0.030256589874625206,0.40946388244628906,0.5717940330505371,-0.02319417893886566,0.4246656894683838,0.5592235326766968,-0.011987852863967419,0.3805203437805176,0.5004071593284607,-0.015278410166501999,0.37477928400039673,0.5244680643081665,-0.026806410402059555,0.4017728567123413,0.5405545234680176,-0.018038278445601463,0.4157862961292267,0.54133141040802,-0.007533146068453789
0.4960877597332001,0.5604504346847534,-4.703862828137062e-07,0.46928519010543823,0.6177597641944885,-0.018677204847335815,0.41843321919441223,0.666791558265686,-0.02810252644121647,0.38484203815460205,0.7075597047805786,-0.03798979893326759,0.36508941650390625,0.7520642876625061,-0.04422524943947792,0.35903310775756836,0.6165798902511597,0.0009699279326014221,0.3557163178920746,0.6532526016235352,-0.02551962621510029,0.3961484134197235,0.642889678478241,-0.04412752389907837,0.4196122884750366,0.6283721327781677,-0.05326114967465401,0.35431981086730957,0.5764195322990417,-0.00012158581375842914,0.36278605461120605,0.6155945062637329,-0.02595340460538864,0.4073944687843323,0.6054502129554749,-0.03463933989405632,0.42415380477905273,0.5901122093200684,-0.03503568470478058,0.36370086669921875,0.536942183971405,-0.0063078622333705425,0.3725588619709015,0.5739760994911194,-0.030535535886883736,0.4122472107410431,0.572090744972229,-0.0242691021412611,0.42553985118865967,0.5584602952003479,-0.013738882727921009,0.37922990322113037,0.5003595352172852,-0.014898697845637798,0.3814099431037903,0.5311326384544373,-0.026056872680783272,0.40867742896080017,0.5439613461494446,-0.018370483070611954,0.41908594965934753,0.5408141016960144,-0.008965068496763706
0.5021867752075195,0.5638427138328552,-4.786633098774473e-07,0.4750751852989197,0.619393527507782,-0.01847698912024498,0.42282217741012573,0.6660466194152832,-0.027307074517011642,0.3888832628726959,0.7051606774330139,-0.03648734465241432,0.3696165084838867,0.7495648860931396,-0.04220402240753174,0.3647400736808777,0.6147189736366272,-6.698175275232643e-05,0.3620489239692688,0.6494691371917725,-0.025700006633996964,0.40199121832847595,0.6395246386528015,-0.04413820058107376,0.42583951354026794,0.6258330345153809,-0.053200602531433105,0.3607199788093567,0.5743786692619324,-0.000901868159417063,0.3712158203125,0.6099427938461304,-0.024543998762965202,0.4148297607898712,0.6009116172790527,-0.03255592659115791,0.4312526285648346,0.5863286852836609,-0.033171311020851135,0.3715271055698395,0.5348334312438965,-0.006622640416026115,0.38043904304504395,0.5671960711479187,-0.029221931472420692,0.4187372922897339,0.5682384967803955,-0.0227054376155138,0.4325704872608185,0.5572078227996826,-0.012442304752767086,0.38859620690345764,0.498547226190567,-0.014735467731952667,0.3869779109954834,0.5214055180549622,-0.025214597582817078,0.41241955757141113,0.5364588499069214,-0.01695326529443264,0.4241364896297455,0.5369536280632019,-0.007143138442188501
0.5134240984916687,0.5606719851493835,-4.7265277203223377e-07,0.48416170477867126,0.6180427670478821,-0.01689278706908226,0.43372055888175964,0.6661854982376099,-0.02576281875371933,0.4016968905925751,0.7079459428787231,-0.035576000809669495,0.3830024302005768,0.7522985935211182,-0.041814494878053665,0.37563538551330566,0.6138976216316223,0.00209156540222466,0.37295427918434143,0.6538166403770447,-0.022988945245742798,0.41351622343063354,0.6429792642593384,-0.040897149592638016,0.4357394874095917,0.6285074353218079,-0.04997294768691063,0.3715328574180603,0.574761152267456,0.00029158679535612464,0.38059431314468384,0.6161940097808838,-0.024200351908802986,0.4246378540992737,0.6058965921401978,-0.032544881105422974,0.4395037889480591,0.5899897217750549,-0.033351026475429535,0.38195252418518066,0.5357980132102966,-0.006256254855543375,0.389860063791275,0.5738837718963623,-0.02892686054110527,0.42878806591033936,0.5726592540740967,-0.021987469866871834,0.44065627455711365,0.5584970712661743,-0.011662157252430916,0.3986879587173462,0.5002012848854065,-0.015129185281693935,0.39890846610069275,0.5289958119392395,-0.02506454475224018,0.42479079961776733,0.543372631072998,-0.016700593754649162,0.43468812108039856,0.5406519174575806,-0.007223091553896666
0.5026350617408752,0.5589256882667542,-4.6545093823624484e-07,0.4761422872543335,0.6162446737289429,-0.018178706988692284,0.4255385994911194,0.6636006236076355,-0.027228206396102905,0.3924747705459595,0.7038131952285767,-0.0369107611477375,0.3736799657344818,0.7486120462417603,-0.043007269501686096,0.36621516942977905,0.6140387654304504,0.0008789463900029659,0.36463621258735657,0.6489410400390625,-0.024888942018151283,0.4040166735649109,0.6380839943885803,-0.04334013909101486,0.4265441596508026,0.6242490410804749,-0.05241147428750992,0.36193767189979553,0.574175238609314,-0.00024514246615581214,0.37189894914627075,0.6093711853027344,-0.024114089086651802,0.4145212471485138,0.6000826954841614,-0.03211367502808571,0.42950862646102905,0.5859026908874512,-0.0327298603951931,0.372297465801239,0.5343425869941711,-0.006329999305307865,0.38089221715927124,0.5658421516418457,-0.029362650588154793,0.41858240962028503,0.5664873123168945,-0.022835860028862953,0.43100911378860474,0.5552440881729126,-0.012543611228466034,0.3890913724899292,0.4974648952484131,-0.014815263450145721,0.386746346950531,0.5180698037147522,-0.02558843418955803,0.41223642230033875,0.5338277816772461,-0.01739146187901497,0.4239353835582733,0.5351707339286804,-0.007676559966057539
0.49421122670173645,0.5617651343345642,-4.798836243935511e-07,0.4676772952079773,0.6188139915466309,-0.01779027283191681,0.4163922667503357,0.6671726703643799,-0.026439333334565163,0.3826135993003845,0.7070257663726807,-0.03579389676451683,0.36366772651672363,0.7518044710159302,-0.04149583354592323,0.357380747795105,0.6171054244041443,0.002529152436181903,0.3547383248806,0.6545910239219666,-0.023481428623199463,0.3955528736114502,0.6430423259735107,-0.04172923043370247,0.4185102880001068,0.6279740929603577,-0.05064121261239052,0.3528175950050354,0.577855110168457,0.0010479300981387496,0.36118084192276,0.616985559463501,-0.024231109768152237,0.4061633050441742,0.6057682633399963,-0.03241006284952164,0.42263728380203247,0.5898539423942566,-0.03253540024161339,0.3621061444282532,0.5388345718383789,-0.005514068994671106,0.3700066804885864,0.575542151927948,-0.029468337073922157,0.4102468192577362,0.5731091499328613,-0.022534893825650215,0.4237253963947296,0.5589831471443176,-0.011563658714294434,0.37768128514289856,0.5027773380279541,-0.014448586851358414,0.37802019715309143,0.5320913195610046,-0.02552756667137146,0.4057420492172241,0.5449010729789734,-0.01728689856827259,0.4170471429824829,0.5416684150695801,-0.007441109512001276
0.49618759751319885,0.5649139881134033,-4.795422228198731e-07,0.4684661626815796,0.6225851774215698,-0.016391273587942123,0.4181952178478241,0.6727772355079651,-0.024782082065939903,0.3858287036418915,0.7142000794410706,-0.03406952694058418,0.3667098879814148,0.7583393454551697,-0.040043048560619354,0.35859358310699463,0.6206146478652954,0.0029820844065397978,0.35718291997909546,0.6605814695358276,-0.021733036264777184,0.39670780301094055,0.6491179466247559,-0.0400061272084713,0.42005082964897156,0.6342728137969971,-0.0492013581097126,0.35416436195373535,0.5814356803894043,0.0009967493824660778,0.3638625741004944,0.6227665543556213,-0.022859856486320496,0.4073812961578369,0.6108985543251038,-0.031651999801397324,0.4252079129219055,0.5957667231559753,-0.03261683136224747,0.3633456826210022,0.5423719882965088,-0.005661230534315109,0.3729434609413147,0.5810012817382812,-0.028225164860486984,0.4120280146598816,0.5771954655647278,-0.022379545494914055,0.42677685618400574,0.5639921426773071,-0.012501122429966927,0.37887728214263916,0.5057504773139954,-0.01453398447483778,0.38002318143844604,0.5361599922180176,-0.02493259869515896,0.40689989924430847,0.5482125878334045,-0.01705436408519745,0.4188072681427002,0.5462106466293335,-0.007589057553559542
0.4989677667617798,0.5562131404876709,-4.6794528429927595e-07,0.47233644127845764,0.6137455105781555,-0.017475945875048637,0.4208051264286041,0.6618806719779968,-0.02572791464626789,0.3875381350517273,0.7025178074836731,-0.034788891673088074,0.3686523139476776,0.7471279501914978,-0.040356386452913284,0.36181846261024475,0.6126525402069092,0.003322556149214506,0.35998547077178955,0.649350643157959,-0.022598762065172195,0.39953476190567017,0.6369874477386475,-0.041511062532663345,0.4229632616043091,0.6224340200424194,-0.05070922151207924,0.35735824704170227,0.5726401805877686,0.0019055280135944486,0.36658206582069397,0.6099439859390259,-0.022142842411994934,0.4100308120250702,0.5984271168708801,-0.03064202144742012,0.42566779255867004,0.5830411314964294,-0.03126174211502075,0.367355614900589,0.5328587293624878,-0.004548642318695784,0.37533125281333923,0.5670034289360046,-0.027389857918024063,0.4139745831489563,0.5658161640167236,-0.020886605605483055,0.42677775025367737,0.5536991953849792,-0.010417981073260307,0.38395190238952637,0.4961382746696472,-0.013375918380916119,0.3827696144580841,0.5209459662437439,-0.023647859692573547,0.40875545144081116,0.535325288772583,-0.015119456686079502,0.4198266863822937,0.5352146625518799,-0.0050665233284235
0.5010858178138733,0.5563586950302124,-4.7100226652219135e-07,0.4731428623199463,0.6146360039710999,-0.017194803804159164,0.4222560226917267,0.6626027822494507,-0.02584649994969368,0.38958314061164856,0.7032122015953064,-0.03539436683058739,0.37054193019866943,0.7470376491546631,-0.041381388902664185,0.3637344241142273,0.6109554171562195,0.0025637394282966852,0.361940860748291,0.6496240496635437,-0.023669784888625145,0.4022223651409149,0.6379449367523193,-0.04231095686554909,0.4248935282230377,0.623568058013916,-0.05143224075436592,0.35942065715789795,0.5713621973991394,0.0007792596588842571,0.36859461665153503,0.6110764145851135,-0.024184441193938255,0.4125675559043884,0.6002846956253052,-0.03277717903256416,0.4268634021282196,0.5846117734909058,-0.03342533856630325,0.3696267902851105,0.5320347547531128,-0.005942217074334621,0.3780882954597473,0.56884765625,-0.0295267216861248,0.41738182306289673,0.567518949508667,-0.022788695991039276,0.4285593032836914,0.553827702999115,-0.012185908854007721,0.38635629415512085,0.4960465431213379,-0.01496001984924078,0.3870406746864319,0.524501383304596,-0.0253817830234766,0.4133533537387848,0.5380564332008362,-0.016760405153036118,0.4229415953159332,0.5349155068397522,-0.006786283105611801
0.5015880465507507,0.5586851835250854,-4.654696112993406e-07,0.47317788004875183,0.6160719990730286,-0.017362825572490692,0.42363643646240234,0.6644782423973083,-0.026814661920070648,0.39105722308158875,0.7051233053207397,-0.03696370869874954,0.37138837575912476,0.7488489151000977,-0.04366115480661392,0.36372414231300354,0.6116566061973572,0.0019559164065867662,0.3634989261627197,0.6518235802650452,-0.024009034037590027,0.40312618017196655,0.640037477016449,-0.04308769106864929,0.4256969094276428,0.6252627968788147,-0.05281050130724907,0.35904452204704285,0.5728973746299744,0.0001621674164198339,0.36964914202690125,0.6148471236228943,-0.025309639051556587,0.41358646750450134,0.6034677624702454,-0.0347556471824646,0.4300791323184967,0.5881752967834473,-0.035983260720968246,0.36880171298980713,0.534398078918457,-0.00642981706187129,0.37926357984542847,0.5735074281692505,-0.02967716008424759,0.4178102910518646,0.5708370804786682,-0.023664824664592743,0.43020394444465637,0.5570050477981567,-0.013763664290308952,0.38498520851135254,0.4992397129535675,-0.015374697744846344,0.3898489475250244,0.5316385626792908,-0.02569260261952877,0.41622522473335266,0.543144702911377,-0.018019462004303932,0.42519840598106384,0.5381786227226257,-0.008923538029193878
0.5019232630729675,0.5535723567008972,-4.749096831346833e-07,0.473420113325119,0.6120233535766602,-0.016802756115794182,0.42256519198417664,0.6600046753883362,-0.02540871687233448,0.3898915648460388,0.700882613658905,-0.03498918190598488,0.3706481456756592,0.7450006008148193,-0.04096829518675804,0.3639447093009949,0.6075560450553894,0.00299363536760211,0.3627083897590637,0.6478219032287598,-0.023084862157702446,0.4026918113231659,0.6363064050674438,-0.04182586446404457,0.4250301420688629,0.6216974258422852,-0.05118812248110771,0.3594138026237488,0.5688702464103699,0.0009352166089229286,0.3700389862060547,0.6100472807884216,-0.02389717660844326,0.4140051603317261,0.5985262393951416,-0.03246086463332176,0.4283687472343445,0.5820181369781494,-0.0332661010324955,0.3694576323032379,0.5298908948898315,-0.00608042161911726,0.379010409116745,0.5680432915687561,-0.02917160466313362,0.41787996888160706,0.5660662651062012,-0.022434959188103676,0.4286952018737793,0.5514183044433594,-0.012144941836595535,0.3862378001213074,0.49407798051834106,-0.015461319126188755,0.38798168301582336,0.5237556099891663,-0.025691108778119087,0.413991779088974,0.536791205406189,-0.01744520291686058,0.4230843186378479,0.5326113104820251,-0.007945042103528976
0.5008603930473328,0.5567437410354614,-4.743627357584046e-07,0.47326433658599854,0.6141247749328613,-0.017899449914693832,0.4226849675178528,0.6612862348556519,-0.02702588029205799,0.38991421461105347,0.7011536359786987,-0.03675759211182594,0.37030595541000366,0.7452797889709473,-0.04292714595794678,0.36363130807876587,0.6097199320793152,0.0012320794630795717,0.3627784848213196,0.6481847763061523,-0.024838173761963844,0.4029363989830017,0.6369022130966187,-0.043519578874111176,0.42545807361602783,0.6226211190223694,-0.05278933793306351,0.35897350311279297,0.5704111456871033,-0.00013811742246616632,0.37026819586753845,0.6097739338874817,-0.024779610335826874,0.4139622449874878,0.5991346836090088,-0.03338267281651497,0.42887231707572937,0.5840585231781006,-0.03425338864326477,0.36914756894111633,0.5314958691596985,-0.006407787092030048,0.3791431486606598,0.5682418346405029,-0.029573220759630203,0.4178425967693329,0.566914975643158,-0.02306775003671646,0.42974552512168884,0.5536297559738159,-0.012869385071098804,0.3857370615005493,0.4959476590156555,-0.015060056000947952,0.38846784830093384,0.5248861312866211,-0.02560667134821415,0.4148120582103729,0.5380675196647644,-0.01756877452135086,0.4246654808521271,0.5347440838813782,-0.008088323287665844
0.5057309865951538,0.5534418225288391,-4.5874421061853354e-07,0.4772743582725525,0.6109722256660461,-0.017840106040239334,0.4277261197566986,0.6598472595214844,-0.02712750807404518,0.3952682912349701,0.7006005644798279,-0.03707771375775337,0.37522318959236145,0.7432250380516052,-0.043416839092969894,0.36835384368896484,0.6082043051719666,0.0019408869557082653,0.3675747513771057,0.6463922262191772,-0.02418171986937523,0.40727508068084717,0.6343995928764343,-0.04319123178720474,0.4297826588153839,0.6202614903450012,-0.05279026925563812,0.3633318543434143,0.5688692927360535,0.00041689135832712054,0.3747062087059021,0.6088624000549316,-0.02480718120932579,0.4182271361351013,0.5974075198173523,-0.03417688608169556,0.4333883225917816,0.5823102593421936,-0.035406190901994705,0.3731088936328888,0.5297300815582275,-0.006017974577844143,0.3843159079551697,0.5664488673210144,-0.029295101761817932,0.4223625659942627,0.5638769865036011,-0.023369913920760155,0.4335530400276184,0.5505633354187012,-0.013496804051101208,0.38927122950553894,0.4937535524368286,-0.014849857427179813,0.3931182324886322,0.5227188467979431,-0.025060368701815605,0.41884666681289673,0.5343620777130127,-0.017180584371089935,0.42738258838653564,0.5304287672042847,-0.007889862172305584
0.5097882747650146,0.5557987689971924,-4.646684601539164e-07,0.481427401304245,0.6144850850105286,-0.017517050728201866,0.43278491497039795,0.6631964445114136,-0.027110882103443146,0.4011591970920563,0.7038512229919434,-0.03732499107718468,0.38151031732559204,0.7464604377746582,-0.04386938735842705,0.3725973069667816,0.6114263534545898,0.0007876876043155789,0.37160202860832214,0.6506178379058838,-0.025357572361826897,0.41198453307151794,0.6384515762329102,-0.04423638805747032,0.4342479109764099,0.6241773366928101,-0.053865186870098114,0.36726078391075134,0.5715842247009277,-0.0009213373414240777,0.38004639744758606,0.6130648851394653,-0.02594359777867794,0.4237363636493683,0.6012631058692932,-0.035002030432224274,0.43774667382240295,0.5858532190322876,-0.03623976558446884,0.37700748443603516,0.532355546951294,-0.007419904228299856,0.3898533582687378,0.571321427822113,-0.0298022273927927,0.4277329742908478,0.5683073997497559,-0.02341965027153492,0.4373917579650879,0.5542943477630615,-0.013742983341217041,0.3932534456253052,0.49693530797958374,-0.016350645571947098,0.4001516103744507,0.529084324836731,-0.0257085133343935,0.42569485306739807,0.539178192615509,-0.0176642257720232,0.43250203132629395,0.532892644405365,-0.008582623675465584
0.510895848274231,0.5544294118881226,-4.676057869801298e-07,0.4831576347351074,0.6114329099655151,-0.017600998282432556,0.43459904193878174,0.659776508808136,-0.027092602103948593,0.4025537967681885,0.6999443173408508,-0.03711434081196785,0.382662832736969,0.742713451385498,-0.04359034448862076,0.3732620179653168,0.6082836389541626,0.0005535993259400129,0.37391015887260437,0.6471142172813416,-0.025410430505871773,0.41320234537124634,0.6350793242454529,-0.044272445142269135,0.43529531359672546,0.6210458874702454,-0.05380565673112869,0.3682069778442383,0.5687761902809143,-0.0009904294274747372,0.3814524710178375,0.6084662079811096,-0.025475218892097473,0.4242354929447174,0.5977913737297058,-0.03457631543278694,0.4382924437522888,0.5839875340461731,-0.03593401238322258,0.37853094935417175,0.5294727087020874,-0.007236689329147339,0.3915691673755646,0.5658674836158752,-0.029755234718322754,0.42882880568504333,0.5644185543060303,-0.023707367479801178,0.4388251304626465,0.5525453090667725,-0.014130450785160065,0.3953123688697815,0.4934804439544678,-0.015825161710381508,0.4013313949108124,0.5221020579338074,-0.025515533983707428,0.42624905705451965,0.5335578322410583,-0.017570029944181442,0.4335624873638153,0.5296875238418579,-0.00839520525187254
0.5116665363311768,0.5522334575653076,-4.6540409925910353e-07,0.48350203037261963,0.6087479591369629,-0.018650131300091743,0.4345621168613434,0.6566873788833618,-0.0285604577511549,0.40233588218688965,0.6966416239738464,-0.0387386791408062,0.3829634487628937,0.7395845651626587,-0.045412577688694,0.37419480085372925,0.604970395565033,-0.00020214570395182818,0.3755398094654083,0.6417985558509827,-0.02738974802196026,0.41488921642303467,0.63121098279953,-0.04734811559319496,0.43830516934394836,0.6180365085601807,-0.05743827298283577,0.36920884251594543,0.5646280646324158,-0.0014790924033150077,0.383706271648407,0.6034762859344482,-0.02687568962574005,0.4263175427913666,0.5933434367179871,-0.036728739738464355,0.4410928189754486,0.5792859792709351,-0.038465674966573715,0.3797559142112732,0.5252549052238464,-0.007667269557714462,0.39358773827552795,0.5611244440078735,-0.030888186767697334,0.4306340515613556,0.5604778528213501,-0.025375621393322945,0.44102412462234497,0.5490700006484985,-0.016002297401428223,0.3967610001564026,0.48950880765914917,-0.016321631148457527,0.4034392535686493,0.5180948376655579,-0.026490410789847374,0.42856523394584656,0.5300390124320984,-0.018844999372959137,0.4360032081604004,0.5268959999084473,-0.00980832614004612
0.5135302543640137,0.5502435564994812,-4.5944821636112465e-07,0.4845139682292938,0.608056366443634,-0.018527237698435783,0.4361647963523865,0.6576632857322693,-0.0289771668612957,0.4039975702762604,0.6991474032402039,-0.03981397673487663,0.3836069703102112,0.7424620985984802,-0.047117479145526886,0.375516802072525,0.6053988933563232,-0.0009735613130033016,0.37706083059310913,0.6438617706298828,-0.027667228132486343,0.416059672832489,0.6332191228866577,-0.047225989401340485,0.4380010962486267,0.6197353005409241,-0.057387515902519226,0.3702445328235626,0.565599262714386,-0.0024680732749402523,0.3861600160598755,0.6064049005508423,-0.027442801743745804,0.42791494727134705,0.5951918363571167,-0.03689068928360939,0.4408905804157257,0.579867959022522,-0.03887815400958061,0.3806452751159668,0.5262100696563721,-0.008812692947685719,0.3948415219783783,0.5640954375267029,-0.031685732305049896,0.4309771955013275,0.561672568321228,-0.025983257219195366,0.4399481415748596,0.5480313897132874,-0.016972221434116364,0.39743828773498535,0.49013131856918335,-0.01761404611170292,0.403605580329895,0.5211597681045532,-0.027675040066242218,0.42837998270988464,0.5323167443275452,-0.0200340673327446,0.4354981482028961,0.5276445150375366,-0.011274305172264576
0.5069000720977783,0.5578737854957581,-4.6279853904707124e-07,0.4783051013946533,0.618139922618866,-0.01762654259800911,0.4306116998195648,0.6694924235343933,-0.027699759230017662,0.39921072125434875,0.7122118473052979,-0.038485877215862274,0.37950700521469116,0.7560534477233887,-0.045593224465847015,0.3683302402496338,0.6167298555374146,4.831998739973642e-05,0.3700043261051178,0.6577447652816772,-0.02583344839513302,0.4093286395072937,0.6455135941505432,-0.04488861933350563,0.4310058057308197,0.6308092474937439,-0.05486283823847771,0.3632681965827942,0.5772395133972168,-0.001756031415425241,0.3783261775970459,0.6209467649459839,-0.026235055178403854,0.42054569721221924,0.6085284948348999,-0.03513093292713165,0.43381914496421814,0.5923135876655579,-0.03679530322551727,0.37376803159713745,0.5374994277954102,-0.008321705274283886,0.38670939207077026,0.5763888955116272,-0.030777158215641975,0.42300084233283997,0.5724546909332275,-0.024625582620501518,0.4323435425758362,0.5577780604362488,-0.015303220599889755,0.39088693261146545,0.5006263852119446,-0.01730228215456009,0.393888920545578,0.5289462208747864,-0.027220387011766434,0.41773536801338196,0.5402964949607849,-0.01936843991279602,0.42551833391189575,0.5365616679191589,-0.010412711650133133
0.5009527802467346,0.5543941259384155,-4.878975232713856e-07,0.47377532720565796,0.6140528321266174,-0.017277002334594727,0.42485928535461426,0.6653883457183838,-0.02658666856586933,0.39308613538742065,0.7071961164474487,-0.03690163418650627,0.3741459846496582,0.7521136999130249,-0.04366936534643173,0.3605819642543793,0.6135571599006653,0.0019830651581287384,0.3637921214103699,0.6541025042533875,-0.025074465200304985,0.4033285081386566,0.6426153779029846,-0.045085448771715164,0.42652779817581177,0.6281082630157471,-0.05495892092585564,0.3563292324542999,0.5743806958198547,-0.00022823743347544223,0.37030065059661865,0.6143046617507935,-0.025091150775551796,0.4129152297973633,0.6028175950050354,-0.034352656453847885,0.4277041554450989,0.5875670313835144,-0.035564761608839035,0.36707624793052673,0.53447425365448,-0.007413719780743122,0.37890660762786865,0.5705363154411316,-0.030826304107904434,0.4163266122341156,0.5687510967254639,-0.024965040385723114,0.4273131489753723,0.555878758430481,-0.015002458356320858,0.3848956525325775,0.49695998430252075,-0.016959773376584053,0.384874552488327,0.5216255784034729,-0.027433380484580994,0.40940433740615845,0.5353546738624573,-0.019135473296046257,0.41936981678009033,0.5342893600463867,-0.0092610539868474
0.49058735370635986,0.5397431254386902,-4.6454849211841065e-07,0.46427080035209656,0.5986183285713196,-0.01700390689074993,0.414252907037735,0.6483712792396545,-0.025693850591778755,0.38215288519859314,0.6902265548706055,-0.035358626395463943,0.3635958731174469,0.7348916530609131,-0.041524529457092285,0.35479220747947693,0.6013256311416626,0.0017334645381197333,0.354463130235672,0.6383740305900574,-0.024550653994083405,0.3945697247982025,0.6251876950263977,-0.043325189501047134,0.4171270430088043,0.6104903817176819,-0.052673887461423874,0.3495906889438629,0.5620288252830505,-0.0003596538444980979,0.3593183755874634,0.5993590950965881,-0.025354500859975815,0.4034102261066437,0.5873397588729858,-0.03384064510464668,0.417944997549057,0.5716626048088074,-0.03453923016786575,0.3593318462371826,0.5215873122215271,-0.007305296137928963,0.36765891313552856,0.5553870797157288,-0.030922940000891685,0.407287061214447,0.5533588528633118,-0.023852672427892685,0.4186306893825531,0.5398779511451721,-0.013168898411095142,0.37579381465911865,0.4840703010559082,-0.016549644991755486,0.37565699219703674,0.5085819363594055,-0.027316546067595482,0.4021816551685333,0.5222823023796082,-0.018612472340464592,0.41196638345718384,0.5201510190963745,-0.008660570718348026
0.5001582503318787,0.5459845662117004,-4.6417090970862773e-07,0.47277021408081055,0.6050242781639099,-0.01790708489716053,0.42261412739753723,0.6548601984977722,-0.02686452679336071,0.38971146941185,0.695449948310852,-0.03654031455516815,0.3699321746826172,0.7389481067657471,-0.042652685195207596,0.36408698558807373,0.6056785583496094,0.0016454447759315372,0.3633997440338135,0.6419302225112915,-0.024690574035048485,0.40303835272789,0.6289767026901245,-0.04380422458052635,0.42568159103393555,0.6143316030502319,-0.053347840905189514,0.35878986120224,0.5652183294296265,0.0002277088788105175,0.36966681480407715,0.6030861735343933,-0.024747706949710846,0.41283291578292847,0.5916391015052795,-0.03372123837471008,0.4279121160507202,0.5763140320777893,-0.03479878604412079,0.3683275580406189,0.5247852802276611,-0.0061778961680829525,0.3780779242515564,0.5590850114822388,-0.029659178107976913,0.41640523076057434,0.5578278303146362,-0.023358462378382683,0.428432822227478,0.5453020334243774,-0.013182070106267929,0.38429176807403564,0.48767316341400146,-0.014973116107285023,0.38512447476387024,0.5128679871559143,-0.025613628327846527,0.41109147667884827,0.5266573429107666,-0.017477164044976234,0.4211667776107788,0.5253199338912964,-0.007911164313554764
0.4998583495616913,0.5524570941925049,-4.756093119340221e-07,0.4737052023410797,0.6094354391098022,-0.017449554055929184,0.4227730333805084,0.6577816009521484,-0.02554316259920597,0.3891904354095459,0.6968122720718384,-0.03439674526453018,0.3704178035259247,0.7405149936676025,-0.03974144160747528,0.3646436631679535,0.6085334420204163,0.0025474398862570524,0.3632012605667114,0.6437664031982422,-0.02315402217209339,0.40238791704177856,0.6334087252616882,-0.04157380387187004,0.4252556562423706,0.6201660633087158,-0.05051329359412193,0.3601315915584564,0.5694589018821716,0.0012314309133216739,0.3687818944454193,0.604524552822113,-0.023056624457240105,0.4124543070793152,0.5947069525718689,-0.03110864944756031,0.4277871549129486,0.5800673961639404,-0.031333256512880325,0.370195209980011,0.5304499864578247,-0.005060671363025904,0.37755799293518066,0.5615253448486328,-0.028732163831591606,0.4161207973957062,0.5618415474891663,-0.022217189893126488,0.4286728501319885,0.5504252910614014,-0.011509085074067116,0.38700681924819946,0.49435660243034363,-0.013602296821773052,0.38333481550216675,0.5144439935684204,-0.025014571845531464,0.40879517793655396,0.5293943881988525,-0.016827816143631935,0.42022353410720825,0.5305653810501099,-0.0068372939713299274
0.5188541412353516,0.5399495959281921,-4.5985785845914506e-07,0.49382534623146057,0.5949267148971558,-0.02046392112970352,0.44521787762641907,0.6410542130470276,-0.03085392899811268,0.4124683737754822,0.679598867893219,-0.04131165146827698,0.3925446569919586,0.7230265140533447,-0.04813660681247711,0.38528433442115784,0.592035174369812,-0.002127361483871937,0.3858962059020996,0.6255168318748474,-0.02975723333656788,0.4251949191093445,0.6158269047737122,-0.049813490360975266,0.44856637716293335,0.6029528975486755,-0.059804607182741165,0.38035061955451965,0.5515390634536743,-0.002390237059444189,0.3936844766139984,0.5868850350379944,-0.02756313420832157,0.4361390173435211,0.5775220394134521,-0.036726292222738266,0.4507262110710144,0.5629473924636841,-0.03813403099775314,0.39104241132736206,0.5118057727813721,-0.007808067835867405,0.40144801139831543,0.5435078740119934,-0.031986285001039505,0.43813997507095337,0.5439794659614563,-0.026389777660369873,0.4497208297252655,0.532880961894989,-0.016610054299235344,0.40816280245780945,0.4755066931247711,-0.015781013295054436,0.40706130862236023,0.49587613344192505,-0.027956804260611534,0.43107327818870544,0.5111052989959717,-0.020740758627653122,0.4415225684642792,0.5129835605621338,-0.011482402682304382
0.5149479508399963,0.5531798601150513,-4.6014173449293594e-07,0.4882851243019104,0.6103335022926331,-0.01771826483309269,0.4394340515136719,0.6593514084815979,-0.02658168040215969,0.40649279952049255,0.6991098523139954,-0.036092035472393036,0.38591843843460083,0.7405953407287598,-0.04193376004695892,0.3808038830757141,0.6106588244438171,0.0011782469227910042,0.3793719708919525,0.6480781435966492,-0.02436228096485138,0.41827189922332764,0.635558009147644,-0.042915962636470795,0.44054165482521057,0.6209746599197388,-0.05228450149297714,0.37507006525993347,0.5708624720573425,6.771539483452216e-05,0.38605359196662903,0.6099876165390015,-0.02425927110016346,0.42858830094337463,0.5984804034233093,-0.032899145036935806,0.4432394206523895,0.5831608772277832,-0.03396899998188019,0.3842945694923401,0.5310150980949402,-0.005880191456526518,0.39438122510910034,0.5656317472457886,-0.02893684059381485,0.4319916367530823,0.5638221502304077,-0.02276238426566124,0.4435519874095917,0.550982654094696,-0.0128216203302145,0.40002942085266113,0.49465128779411316,-0.014186144806444645,0.40064501762390137,0.5187855362892151,-0.025033721700310707,0.425851434469223,0.5323262214660645,-0.017413539811968803,0.4357292652130127,0.5311378240585327,-0.008239511400461197
0.5184200406074524,0.5601879358291626,-4.66239669094648e-07,0.49123331904411316,0.6176232099533081,-0.018005309626460075,0.44283732771873474,0.667217493057251,-0.02728530578315258,0.41057103872299194,0.7074701189994812,-0.0371309295296669,0.39006227254867554,0.7491605281829834,-0.04322832077741623,0.3830704987049103,0.6178642511367798,0.0005993387312628329,0.38297897577285767,0.656904935836792,-0.025760475546121597,0.4221707880496979,0.6442951560020447,-0.044596850872039795,0.4441227316856384,0.6289931535720825,-0.05400712415575981,0.3776808977127075,0.5784938931465149,-0.0006499424343928695,0.39001286029815674,0.6188879013061523,-0.026017773896455765,0.4326145052909851,0.607430636882782,-0.035000111907720566,0.44674715399742126,0.5916850566864014,-0.0360327884554863,0.38726845383644104,0.5391245484352112,-0.006813115440309048,0.39981868863105774,0.5754446387290955,-0.03030277043581009,0.4367273449897766,0.5733165740966797,-0.024372728541493416,0.4468294084072113,0.5595706701278687,-0.014558734372258186,0.40321823954582214,0.5030001401901245,-0.015384785830974579,0.4069386422634125,0.5300323963165283,-0.026025529950857162,0.4320032298564911,0.5429351925849915,-0.01854262687265873,0.44062328338623047,0.5402282476425171,-0.009533173404633999
0.5205342173576355,0.5621354579925537,-4.599715737185761e-07,0.49309855699539185,0.6204869747161865,-0.01789110153913498,0.4451495110988617,0.6702178716659546,-0.027569198980927467,0.41304662823677063,0.7104853987693787,-0.03780891001224518,0.3923526406288147,0.7524423003196716,-0.04431777447462082,0.384601891040802,0.620236337184906,0.00045696739107370377,0.38527724146842957,0.6586817502975464,-0.026108959689736366,0.424600213766098,0.6457703113555908,-0.04541223123669624,0.44615671038627625,0.6313661336898804,-0.05541446805000305,0.3786003887653351,0.5808967351913452,-0.0011183625319972634,0.39238035678863525,0.6213436126708984,-0.0267090555280447,0.4349534809589386,0.6088348627090454,-0.036226704716682434,0.4481542110443115,0.593131959438324,-0.03787420317530632,0.3880231976509094,0.5416412949562073,-0.0075585194863379,0.40185874700546265,0.5783902406692505,-0.030291125178337097,0.43804696202278137,0.5752572417259216,-0.02422737330198288,0.4463408291339874,0.5612297058105469,-0.014878126792609692,0.40382683277130127,0.5060341358184814,-0.016505887731909752,0.41122862696647644,0.5352173447608948,-0.026088638231158257,0.43569567799568176,0.5462294816970825,-0.01852750964462757,0.4416458010673523,0.54117351770401,-0.009950629435479641
0.5218899250030518,0.5587978363037109,-4.6262925934570376e-07,0.49580201506614685,0.6145201325416565,-0.018998384475708008,0.4481256306171417,0.6631619930267334,-0.0289341788738966,0.41605430841445923,0.702165424823761,-0.03914666548371315,0.39498040080070496,0.7437190413475037,-0.045654021203517914,0.386309951543808,0.6145679354667664,-0.0007997049251571298,0.38912317156791687,0.6500445008277893,-0.028161725029349327,0.42826414108276367,0.6384106874465942,-0.04804052412509918,0.45085248351097107,0.6244253516197205,-0.05808958411216736,0.38126856088638306,0.5747559070587158,-0.0019016391597688198,0.3960578143596649,0.6110121607780457,-0.027443163096904755,0.4379980266094208,0.6004202961921692,-0.03692937269806862,0.45157280564308167,0.5859399437904358,-0.03849406912922859,0.3917069435119629,0.5349559783935547,-0.00797796156257391,0.4053359627723694,0.5672796964645386,-0.031200552359223366,0.4413968622684479,0.5667572617530823,-0.025119906291365623,0.4505248963832855,0.5554383993148804,-0.015497895888984203,0.40854179859161377,0.4981650710105896,-0.01660894602537155,0.41307252645492554,0.5212315917015076,-0.02695704996585846,0.43700435757637024,0.5341957211494446,-0.019159279763698578,0.44408971071243286,0.532788872718811,-0.010037902742624283
0.5291597247123718,0.5574270486831665,-4.5946467253088485e-07,0.5023048520088196,0.6140945553779602,-0.019195515662431717,0.45529904961586,0.6636066436767578,-0.02949085459113121,0.42392632365226746,0.7041423320770264,-0.0401005744934082,0.402795672416687,0.7458471655845642,-0.046998605132102966,0.39255303144454956,0.6144366264343262,-0.0014646739000454545,0.39568114280700684,0.6525715589523315,-0.02882663533091545,0.43480828404426575,0.6400647759437561,-0.04895763099193573,0.45669206976890564,0.6255617141723633,-0.05929026007652283,0.3870338201522827,0.5746199488639832,-0.002421020995825529,0.40385445952415466,0.6132293939590454,-0.027594905346632004,0.445014625787735,0.601677417755127,-0.03739266097545624,0.45715728402137756,0.5865832567214966,-0.039542995393276215,0.3976839780807495,0.5345451235771179,-0.008266330696642399,0.41223597526550293,0.5692517161369324,-0.03132053092122078,0.44783130288124084,0.56777423620224,-0.02551846392452717,0.4563116133213043,0.5554444789886475,-0.01626480184495449,0.41501978039741516,0.49770498275756836,-0.01669887825846672,0.4199711084365845,0.5224061608314514,-0.027266984805464745,0.4433598220348358,0.5350919961929321,-0.01971949264407158,0.4504696726799011,0.5332574844360352,-0.01074300892651081
0.5332066416740417,0.5612363219261169,-4.7363138833134144e-07,0.5061262249946594,0.615750253200531,-0.01882462203502655,0.4593752324581146,0.6651390790939331,-0.029310205951333046,0.4290984272956848,0.7048214077949524,-0.040130604058504105,0.4084811210632324,0.7461869716644287,-0.047306980937719345,0.3965148329734802,0.615059494972229,-0.0019954319577664137,0.40008416771888733,0.6541901230812073,-0.030198613181710243,0.43996328115463257,0.6436108350753784,-0.050707150250673294,0.46294766664505005,0.6297257542610168,-0.06116632744669914,0.3913286030292511,0.5759861469268799,-0.003366130869835615,0.4091804027557373,0.6155491471290588,-0.02959623746573925,0.45017528533935547,0.6040480732917786,-0.03965814411640167,0.462489515542984,0.588800311088562,-0.04178431257605553,0.4014989137649536,0.536897599697113,-0.009688771329820156,0.41771456599235535,0.5729864239692688,-0.032911866903305054,0.4529472589492798,0.5707982182502747,-0.027375822886824608,0.4608473777770996,0.5582087635993958,-0.018444882705807686,0.4179075062274933,0.5005314946174622,-0.018629632890224457,0.42601585388183594,0.5285939574241638,-0.0290949996560812,0.4497882127761841,0.5393832325935364,-0.02193920686841011,0.45566555857658386,0.5355324745178223,-0.013372409157454967
0.5348256230354309,0.5528393387794495,-4.5818586613677326e-07,0.5078166127204895,0.6093026399612427,-0.01926282048225403,0.46145471930503845,0.658944845199585,-0.030359340831637383,0.4306236207485199,0.6991012096405029,-0.04175840690732002,0.40996140241622925,0.7420986294746399,-0.049414027482271194,0.3989484906196594,0.6094443202018738,-0.0026894507464021444,0.4036664366722107,0.6469362378120422,-0.03145534545183182,0.44308069348335266,0.6355913877487183,-0.052172355353832245,0.4652302861213684,0.621666669845581,-0.06270954012870789,0.3937000334262848,0.5699300169944763,-0.004083390813320875,0.41124582290649414,0.6086717844009399,-0.031003553420305252,0.4523073434829712,0.5969801545143127,-0.04135500639677048,0.4643705487251282,0.5821663737297058,-0.0435335636138916,0.4040204584598541,0.530530571937561,-0.01040470041334629,0.42104315757751465,0.5657477378845215,-0.034054506570100784,0.45611611008644104,0.5633552670478821,-0.02850181609392166,0.46359771490097046,0.5513810515403748,-0.019456226378679276,0.4205494821071625,0.4941038489341736,-0.019379422068595886,0.42956438660621643,0.5214148163795471,-0.029696209356188774,0.4528791308403015,0.5324589014053345,-0.022441521286964417,0.45815712213516235,0.5292031764984131,-0.013882123865187168
0.5276037454605103,0.5578775405883789,-4.6078685045358725e-07,0.5015281438827515,0.6149150729179382,-0.018486522138118744,0.45485809445381165,0.663970410823822,-0.028871765360236168,0.4232427775859833,0.7040098309516907,-0.039688579738140106,0.40282413363456726,0.7468637228012085,-0.04691317677497864,0.3932766318321228,0.6149520874023438,-0.00213974853977561,0.3947594463825226,0.6531689167022705,-0.02959935925900936,0.4338938593864441,0.6404577493667603,-0.049192510545253754,0.4560634195804596,0.6256901025772095,-0.059061042964458466,0.3876003324985504,0.5757572650909424,-0.003312785876914859,0.40266597270965576,0.6156054139137268,-0.02924414351582527,0.44423165917396545,0.6032442450523376,-0.03870081901550293,0.45734697580337524,0.5878984332084656,-0.04028576985001564,0.3972705602645874,0.5363940596580505,-0.009279916994273663,0.41221538186073303,0.5727712512016296,-0.03266176953911781,0.44789358973503113,0.5690762996673584,-0.02689138613641262,0.4564977288246155,0.5554090142250061,-0.017518101260066032,0.4130217730998993,0.5001360177993774,-0.017702246084809303,0.41963431239128113,0.52847820520401,-0.02810017392039299,0.44375231862068176,0.5392388105392456,-0.020793169736862183,0.45039287209510803,0.5350223183631897,-0.012082556262612343
0.5293870568275452,0.5603389739990234,-4.527036878698709e-07,0.5018814206123352,0.6159588098526001,-0.01918434351682663,0.4556829035282135,0.6663056015968323,-0.02996596321463585,0.42495372891426086,0.7065287828445435,-0.04092266410589218,0.40422123670578003,0.7479139566421509,-0.04835059866309166,0.3936782479286194,0.616801917552948,-0.002266589319333434,0.39788705110549927,0.6548891067504883,-0.02997506596148014,0.43666812777519226,0.6428976058959961,-0.05043989047408104,0.45885199308395386,0.6289430856704712,-0.06107970327138901,0.387857049703598,0.5773659348487854,-0.0033159293234348297,0.40510687232017517,0.6171804666519165,-0.029672343283891678,0.44596630334854126,0.6047005653381348,-0.04018638655543327,0.4589613378047943,0.5897395610809326,-0.04259087145328522,0.3978574275970459,0.5380107760429382,-0.009178551845252514,0.41426384449005127,0.5739086270332336,-0.03260430693626404,0.4490216374397278,0.570347249507904,-0.02745657041668892,0.4571521282196045,0.5576199293136597,-0.018667038530111313,0.4140053391456604,0.5019171833992004,-0.017600661143660545,0.42253023386001587,0.5302408337593079,-0.028028996661305428,0.44616782665252686,0.540156900882721,-0.02097858302295208,0.4517830014228821,0.5359100103378296,-0.012542104348540306
0.5394518375396729,0.5633997321128845,-4.643579529783892e-07,0.512990415096283,0.6213874220848083,-0.020157532766461372,0.4665237069129944,0.6734600067138672,-0.031399160623550415,0.4364568591117859,0.7147730588912964,-0.04271179810166359,0.41610991954803467,0.7567792534828186,-0.05012257397174835,0.40297824144363403,0.6210828423500061,-0.0036133471876382828,0.40872427821159363,0.6618314385414124,-0.03305099904537201,0.4483189880847931,0.6503818035125732,-0.05397343635559082,0.4710526168346405,0.6347154974937439,-0.06460501253604889,0.3977406919002533,0.5810565948486328,-0.004926567431539297,0.4173121750354767,0.6240856051445007,-0.033000532537698746,0.4578530788421631,0.6114916205406189,-0.04339491203427315,0.46987953782081604,0.5937113165855408,-0.045297909528017044,0.40829455852508545,0.5414947271347046,-0.011397401802241802,0.42766666412353516,0.5802823305130005,-0.03583336994051933,0.46158653497695923,0.5772470235824585,-0.03036642074584961,0.46773937344551086,0.5627496242523193,-0.021251551806926727,0.4250287711620331,0.5053285956382751,-0.020661193877458572,0.4361664056777954,0.5356864929199219,-0.03178498521447182,0.4592870771884918,0.5451729893684387,-0.024892637506127357,0.46359342336654663,0.5386073589324951,-0.016402382403612137
0.5383474230766296,0.5608691573143005,-4.6395254571507394e-07,0.5122888684272766,0.6175373196601868,-0.01990612968802452,0.46666306257247925,0.668669581413269,-0.03118586353957653,0.4366874694824219,0.709485650062561,-0.04253492131829262,0.41688257455825806,0.7520602941513062,-0.05000488460063934,0.40285342931747437,0.6181945204734802,-0.004304617643356323,0.4093647003173828,0.658099889755249,-0.03351922333240509,0.4490357041358948,0.6469568610191345,-0.054099004715681076,0.47181499004364014,0.6317198872566223,-0.06432558596134186,0.39799731969833374,0.577934741973877,-0.005431466735899448,0.4176695644855499,0.6192715167999268,-0.032503824681043625,0.4579649865627289,0.6066231727600098,-0.04230641573667526,0.46973541378974915,0.589543342590332,-0.04400080814957619,0.40878063440322876,0.5383514165878296,-0.011549982242286205,0.4279469847679138,0.5756884813308716,-0.03537223860621452,0.46218255162239075,0.5728461742401123,-0.02964312769472599,0.46892181038856506,0.5595596432685852,-0.02038104273378849,0.42568808794021606,0.5022355318069458,-0.020381666719913483,0.43582165241241455,0.5309520363807678,-0.03084799088537693,0.45836928486824036,0.5413601994514465,-0.023549633100628853,0.4632333517074585,0.536992073059082,-0.014791607856750488
0.5387043952941895,0.5650003552436829,-4.626213296887727e-07,0.5123099684715271,0.6227467060089111,-0.01916562207043171,0.4669969379901886,0.6742099523544312,-0.03036866895854473,0.43709662556648254,0.7150731682777405,-0.04186177998781204,0.4171474277973175,0.7573061585426331,-0.04955550655722618,0.4023863673210144,0.623211145401001,-0.003057433059439063,0.4083486497402191,0.6640281081199646,-0.03272821754217148,0.447439968585968,0.6526229381561279,-0.05399366095662117,0.4703148901462555,0.6371213793754578,-0.06474294513463974,0.39709752798080444,0.5834307670593262,-0.004842944443225861,0.41715535521507263,0.6261144280433655,-0.03267454728484154,0.4572049379348755,0.6133595108985901,-0.04320543631911278,0.46940162777900696,0.5963215231895447,-0.04519614204764366,0.4074014723300934,0.5441266894340515,-0.011701727285981178,0.4275512099266052,0.5830879807472229,-0.035622261464595795,0.46140795946121216,0.579106330871582,-0.030287960544228554,0.46768051385879517,0.5651441216468811,-0.021353183314204216,0.4242400825023651,0.5079874992370605,-0.0212942436337471,0.43702155351638794,0.5392232537269592,-0.03184124082326889,0.45969513058662415,0.547433614730835,-0.02500883862376213,0.4632227420806885,0.5409240126609802,-0.016664939001202583
0.5373643040657043,0.5650430917739868,-4.6879819137757295e-07,0.5102487206459045,0.6219637393951416,-0.018410705029964447,0.4653725326061249,0.6740542650222778,-0.02944261208176613,0.43564730882644653,0.7150787711143494,-0.04087446630001068,0.41562995314598083,0.7565058469772339,-0.04886964336037636,0.40160560607910156,0.6215038299560547,-0.0027961258310824633,0.4073117971420288,0.6639567017555237,-0.03153425455093384,0.4458042085170746,0.6530529260635376,-0.052436355501413345,0.4694167375564575,0.6372958421707153,-0.06299957633018494,0.39677152037620544,0.5818666219711304,-0.004664277192205191,0.4154454469680786,0.6263152360916138,-0.03165818750858307,0.4551658034324646,0.6136788725852966,-0.04226624593138695,0.4692034125328064,0.5967135429382324,-0.04453951120376587,0.40684929490089417,0.5426803827285767,-0.011377193033695221,0.42518579959869385,0.583034098148346,-0.0350661426782608,0.4593338072299957,0.5785263776779175,-0.030424850061535835,0.46785661578178406,0.5642696022987366,-0.021917063742876053,0.4231981933116913,0.5062483549118042,-0.0206280667334795,0.43355903029441833,0.5392062664031982,-0.03133435174822807,0.4569319188594818,0.5479434728622437,-0.02483239769935608,0.4625754952430725,0.5420163869857788,-0.01667415350675583
0.5405910611152649,0.5605989694595337,-4.666449058277067e-07,0.514220118522644,0.6167008280754089,-0.019625898450613022,0.46860653162002563,0.6671401262283325,-0.030811863020062447,0.4386601448059082,0.7069801092147827,-0.042070820927619934,0.41835734248161316,0.7483575940132141,-0.049595266580581665,0.4042881727218628,0.6156769394874573,-0.003858348121866584,0.41188350319862366,0.656045138835907,-0.03248262032866478,0.45130932331085205,0.6457124352455139,-0.05313452333211899,0.4738207757472992,0.6306027173995972,-0.06363990157842636,0.3998471200466156,0.5756616592407227,-0.005219569429755211,0.41930335760116577,0.6174225807189941,-0.031614966690540314,0.45924192667007446,0.6062100529670715,-0.04149792715907097,0.47132232785224915,0.5894994735717773,-0.043518614023923874,0.4108482599258423,0.5363537073135376,-0.011494734324514866,0.42871761322021484,0.5741361379623413,-0.03497683256864548,0.463082492351532,0.5727545022964478,-0.029213398694992065,0.47057199478149414,0.5596664547920227,-0.020136965438723564,0.4281322658061981,0.5004889369010925,-0.020471807569265366,0.436788409948349,0.5285786390304565,-0.03124826028943062,0.45981624722480774,0.539827287197113,-0.023886853829026222,0.4658828675746918,0.5355141758918762,-0.015067856758832932
0.5466679930686951,0.5565499067306519,-4.4866081339023367e-07,0.5194083452224731,0.6140419244766235,-0.021063927561044693,0.47449102997779846,0.6649937033653259,-0.03357184678316116,0.44468164443969727,0.706107497215271,-0.0459229052066803,0.42430126667022705,0.7482231855392456,-0.05436353757977486,0.40900465846061707,0.6109243035316467,-0.005628759507089853,0.41753053665161133,0.6536864638328552,-0.03587447106838226,0.4568231999874115,0.6422386765480042,-0.05752090364694595,0.4782675504684448,0.6255418658256531,-0.0686003565788269,0.40473154187202454,0.5712775588035583,-0.006616980768740177,0.4253488779067993,0.6156402230262756,-0.034606654196977615,0.46548640727996826,0.6032636761665344,-0.0448891781270504,0.47669199109077454,0.5852200388908386,-0.04709552973508835,0.4164024889469147,0.532566249370575,-0.01274600625038147,0.43654298782348633,0.5726608633995056,-0.037315722554922104,0.47060540318489075,0.5700226426124573,-0.031722959131002426,0.4769490957260132,0.5557655692100525,-0.022721819579601288,0.43431150913238525,0.49740588665008545,-0.02174985222518444,0.44546186923980713,0.5284042954444885,-0.03290572762489319,0.468006432056427,0.5384337902069092,-0.025885509327054024,0.47263386845588684,0.5327396988868713,-0.01740192621946335
0.5494678616523743,0.5601693987846375,-4.558087312034331e-07,0.52327960729599,0.6162737011909485,-0.02145271934568882,0.4794148802757263,0.6671319603919983,-0.03412184119224548,0.45005640387535095,0.707585871219635,-0.04658929631114006,0.4293978214263916,0.7483782172203064,-0.05513487011194229,0.4132360517978668,0.6142822504043579,-0.006021473556756973,0.4215274751186371,0.6567376852035522,-0.036693353205919266,0.460544228553772,0.6457159519195557,-0.05823758244514465,0.4822903275489807,0.6293308734893799,-0.06898675113916397,0.4086490273475647,0.573908805847168,-0.006944576278328896,0.4290159046649933,0.6184661388397217,-0.03563776984810829,0.46913179755210876,0.606664776802063,-0.04613300785422325,0.48095494508743286,0.589343249797821,-0.04803875461220741,0.4198177456855774,0.5344963073730469,-0.013087740167975426,0.44062569737434387,0.5749841928482056,-0.038536567240953445,0.47481656074523926,0.5717142820358276,-0.033478137105703354,0.4813389480113983,0.5573687553405762,-0.024370484054088593,0.43728092312812805,0.4981863796710968,-0.022063426673412323,0.44880640506744385,0.5302261710166931,-0.0338459275662899,0.47161102294921875,0.5391988158226013,-0.027184881269931793,0.4762047827243805,0.5330145359039307,-0.018653778359293938
0.5449572801589966,0.5553067922592163,-4.406939240197971e-07,0.5178471207618713,0.6123613715171814,-0.020192934200167656,0.4734039008617401,0.6628166437149048,-0.032417550683021545,0.4440293610095978,0.7035018801689148,-0.04471587762236595,0.42387309670448303,0.7455954551696777,-0.05325288698077202,0.4094136655330658,0.6114910840988159,-0.0049476646818220615,0.416253924369812,0.6513739824295044,-0.03511878848075867,0.4550219476222992,0.640809953212738,-0.05659404769539833,0.47704315185546875,0.625967264175415,-0.06741552799940109,0.4046982228755951,0.5712062120437622,-0.006258805748075247,0.4250147044658661,0.6127596497535706,-0.03428902477025986,0.4645400941371918,0.6009321212768555,-0.044885288923978806,0.47572264075279236,0.5840938687324524,-0.04703503102064133,0.4153837561607361,0.5318415760993958,-0.012617402710020542,0.43534055352211,0.5702100992202759,-0.03689664229750633,0.46923503279685974,0.5675666332244873,-0.03153172507882118,0.4753122925758362,0.5540132522583008,-0.022602224722504616,0.4323543310165405,0.49585121870040894,-0.02176067605614662,0.44509947299957275,0.5266321897506714,-0.032465122640132904,0.4680151343345642,0.5358954668045044,-0.025486262515187263,0.47194424271583557,0.5296513438224792,-0.017046671360731125
0.5456973314285278,0.5618460774421692,-4.5392391712084645e-07,0.5189776420593262,0.6173744201660156,-0.020793523639440536,0.4750954210758209,0.6686956286430359,-0.03331802785396576,0.4455392062664032,0.7097613215446472,-0.04563342034816742,0.42467159032821655,0.7507493495941162,-0.054132431745529175,0.4086465835571289,0.6152939796447754,-0.005093966610729694,0.4175364673137665,0.657784640789032,-0.03511539846658707,0.4563044011592865,0.6467592120170593,-0.056852035224437714,0.47893011569976807,0.6302953362464905,-0.06793144345283508,0.40427184104919434,0.575579822063446,-0.006199418567121029,0.4252055287361145,0.6203647255897522,-0.03426835313439369,0.46540600061416626,0.6080425977706909,-0.045019444078207016,0.4784696102142334,0.5902912616729736,-0.047308389097452164,0.4156363606452942,0.5369172096252441,-0.012396415695548058,0.4363853633403778,0.5767518281936646,-0.03676270321011543,0.46996575593948364,0.57342529296875,-0.03190802037715912,0.4769275188446045,0.559301495552063,-0.0232979878783226,0.43313828110694885,0.501253068447113,-0.021420661360025406,0.44560161232948303,0.5331242084503174,-0.03244810178875923,0.46864232420921326,0.5425747036933899,-0.02592751756310463,0.47310030460357666,0.5369843244552612,-0.01776636578142643
0.5533149838447571,0.5624576210975647,-4.514293721058493e-07,0.5264941453933716,0.6192519068717957,-0.021527912467718124,0.4816116690635681,0.6699432730674744,-0.03406931087374687,0.45174306631088257,0.7109932899475098,-0.04635489732027054,0.4313119649887085,0.7522198557853699,-0.05466628447175026,0.41552671790122986,0.6153218150138855,-0.0057955775409936905,0.42530372738838196,0.658079206943512,-0.0360519178211689,0.4638272225856781,0.6472499370574951,-0.05762738361954689,0.4844411015510559,0.6305703520774841,-0.06862331926822662,0.41177427768707275,0.5751485228538513,-0.006744232960045338,0.4335823655128479,0.6201695799827576,-0.03471259027719498,0.47357773780822754,0.6085146069526672,-0.044863734394311905,0.4845513105392456,0.5900059938430786,-0.04690803587436676,0.42391395568847656,0.5361344218254089,-0.01293576043099165,0.4446782171726227,0.5758989453315735,-0.03793187439441681,0.4788420796394348,0.5739056468009949,-0.032450269907712936,0.48515504598617554,0.559434711933136,-0.023288389667868614,0.4423253536224365,0.5004773139953613,-0.022035770118236542,0.4520180821418762,0.5302111506462097,-0.033420685678720474,0.47490355372428894,0.5411484837532043,-0.026265673339366913,0.48013192415237427,0.5361335277557373,-0.01756289415061474
0.5567321181297302,0.5602660775184631,-4.5650077140635403e-07,0.5299942493438721,0.6168425679206848,-0.021389910951256752,0.48541969060897827,0.6674830317497253,-0.03395313024520874,0.45552703738212585,0.7077891826629639,-0.04625023901462555,0.4350632131099701,0.7489603757858276,-0.05451340600848198,0.41938427090644836,0.6129357814788818,-0.006297661457210779,0.4286026060581207,0.6556202173233032,-0.036689646542072296,0.467434287071228,0.6447957158088684,-0.05805861949920654,0.48856037855148315,0.6276465058326721,-0.06880880147218704,0.41553279757499695,0.5724815726280212,-0.007188115268945694,0.43733716011047363,0.6175133585929871,-0.03500762954354286,0.4768378436565399,0.6059713363647461,-0.04464764893054962,0.48776206374168396,0.587226390838623,-0.046354010701179504,0.4274355173110962,0.53339684009552,-0.013351096771657467,0.4488168954849243,0.5739161372184753,-0.03815469145774841,0.4822165071964264,0.5718860030174255,-0.03254853934049606,0.4881424605846405,0.5571049451828003,-0.023366779088974,0.4455285966396332,0.49751168489456177,-0.022431137040257454,0.4560198485851288,0.5284803509712219,-0.03386205807328224,0.4784286618232727,0.5394964814186096,-0.026904506608843803,0.4835256338119507,0.5345268845558167,-0.01832645758986473
0.5564010143280029,0.5569159388542175,-4.474005379506707e-07,0.5305163264274597,0.6123180389404297,-0.021742578595876694,0.4863940179347992,0.6619682312011719,-0.03442666307091713,0.4562225043773651,0.7015254497528076,-0.04666709899902344,0.43557265400886536,0.7424341440200806,-0.054952461272478104,0.4199683368206024,0.6095916032791138,-0.006135206203907728,0.42948856949806213,0.6494760513305664,-0.03636093810200691,0.4675477147102356,0.6390055418014526,-0.05803443863987923,0.4884583055973053,0.6226937770843506,-0.06910627335309982,0.41581588983535767,0.5694463849067688,-0.006863697897642851,0.4372687339782715,0.6111878156661987,-0.03456023707985878,0.4764821231365204,0.6001774072647095,-0.044728245586156845,0.4871576726436615,0.5823895931243896,-0.04679137468338013,0.4276295304298401,0.5304034948348999,-0.012795094400644302,0.44834083318710327,0.5677558779716492,-0.03750183805823326,0.4813988506793976,0.5668883919715881,-0.03204933926463127,0.48709046840667725,0.5536669492721558,-0.022985251620411873,0.44569891691207886,0.4946075975894928,-0.02164601907134056,0.4563082456588745,0.5230040550231934,-0.0331321582198143,0.47895970940589905,0.5341759920120239,-0.026038188487291336,0.4839189648628235,0.5297296643257141,-0.017323167994618416
0.5618873834609985,0.5551478266716003,-4.438574592313671e-07,0.5360889434814453,0.6102129817008972,-0.022562824189662933,0.49257606267929077,0.6598161458969116,-0.03554387018084526,0.46279269456863403,0.7004181146621704,-0.04786631464958191,0.4426884949207306,0.74118572473526,-0.05610692501068115,0.42531999945640564,0.6061363816261292,-0.006939156446605921,0.4367128014564514,0.6468490362167358,-0.03642794489860535,0.47496354579925537,0.6353527903556824,-0.05724673345685005,0.49425968527793884,0.617989718914032,-0.06792096048593521,0.42183443903923035,0.5666811466217041,-0.007149579469114542,0.4438042640686035,0.608887791633606,-0.034187328070402145,0.4837300181388855,0.5978227257728577,-0.043482836335897446,0.49345141649246216,0.5795335173606873,-0.04520217329263687,0.43408918380737305,0.5283645391464233,-0.012580109760165215,0.45489659905433655,0.5654389262199402,-0.037483636289834976,0.48825302720069885,0.5644388198852539,-0.03201498091220856,0.49333062767982483,0.5503374338150024,-0.02290065959095955,0.45217573642730713,0.49280062317848206,-0.02092277631163597,0.46068108081817627,0.5198034048080444,-0.03267991542816162,0.48311150074005127,0.5312087535858154,-0.02559850923717022,0.4881303906440735,0.526996374130249,-0.016907338052988052
0.5631539821624756,0.5550291538238525,-4.561173909678473e-07,0.537223756313324,0.6101492643356323,-0.022136101499199867,0.49273431301116943,0.6593707799911499,-0.03455958142876625,0.4626665711402893,0.698576807975769,-0.04635007679462433,0.44354450702667236,0.7391073703765869,-0.054043248295784,0.426766574382782,0.604762613773346,-0.0075138830579817295,0.43700742721557617,0.6454566717147827,-0.03657826781272888,0.4755026698112488,0.6357892155647278,-0.05672416463494301,0.495805025100708,0.6194687485694885,-0.06687230616807938,0.42313987016677856,0.5642387270927429,-0.0077107148244977,0.44567441940307617,0.6070385575294495,-0.03392164781689644,0.4848664700984955,0.5972574353218079,-0.04262305423617363,0.49478745460510254,0.5792955756187439,-0.04414280131459236,0.43550530076026917,0.5254858732223511,-0.013049351051449776,0.4569709897041321,0.5631381273269653,-0.037238575518131256,0.4900180995464325,0.5635229349136353,-0.031522613018751144,0.49606287479400635,0.5501537919044495,-0.022403115406632423,0.45405083894729614,0.48970872163772583,-0.021306820213794708,0.46250301599502563,0.5161383152008057,-0.032800447195768356,0.4844723641872406,0.5301000475883484,-0.02571181394159794,0.4909929931163788,0.5287702679634094,-0.01700086146593094
0.5602356791496277,0.5560129880905151,-4.5133265302865766e-07,0.5338246822357178,0.6105877757072449,-0.021742630749940872,0.4895775318145752,0.6601279973983765,-0.03439033776521683,0.4592246115207672,0.6997218728065491,-0.04653742164373398,0.4389793276786804,0.7402855157852173,-0.05467889457941055,0.4229397177696228,0.6059498190879822,-0.006028700154274702,0.43319475650787354,0.6476459503173828,-0.03594043478369713,0.47183987498283386,0.6369352340698242,-0.05719522759318352,0.4929654896259308,0.6203638315200806,-0.06790785491466522,0.4191257655620575,0.5660127997398376,-0.006623290944844484,0.440658837556839,0.6101887226104736,-0.033794376999139786,0.48075002431869507,0.5990700125694275,-0.04342283308506012,0.4922606647014618,0.5815109610557556,-0.04515684396028519,0.43127167224884033,0.5274807810783386,-0.012422635219991207,0.45326489210128784,0.5670146942138672,-0.03687937185168266,0.48692160844802856,0.5652726888656616,-0.031527627259492874,0.49327847361564636,0.5514128804206848,-0.022476591169834137,0.44952842593193054,0.4919370710849762,-0.021122625097632408,0.4607892632484436,0.5230673551559448,-0.03209963068366051,0.48350292444229126,0.5340830087661743,-0.025016481056809425,0.48865050077438354,0.5295127034187317,-0.016389166936278343
0.5591477751731873,0.5571230053901672,-4.632964589745825e-07,0.5321714282035828,0.6117815971374512,-0.02018093690276146,0.4879895746707916,0.661893904209137,-0.032122042030096054,0.45797210931777954,0.7013673186302185,-0.04384101927280426,0.4379737079143524,0.740706205368042,-0.0517163947224617,0.42265185713768005,0.6048928499221802,-0.004820275120437145,0.4316897988319397,0.6493266820907593,-0.03364255279302597,0.4709361791610718,0.639589786529541,-0.05414779856801033,0.4933259189128876,0.6229971647262573,-0.06445072591304779,0.41921547055244446,0.5657624006271362,-0.005941981449723244,0.43900859355926514,0.612291693687439,-0.032861337065696716,0.47911590337753296,0.601842999458313,-0.04251523315906525,0.4921044111251831,0.5845339298248291,-0.04411504790186882,0.4309611916542053,0.5281435251235962,-0.01202175859361887,0.4518996775150299,0.5698509216308594,-0.03592345863580704,0.4855186641216278,0.5674901604652405,-0.03092421218752861,0.4924994707107544,0.5529529452323914,-0.022160116583108902,0.44861161708831787,0.4934515655040741,-0.020825710147619247,0.4603518545627594,0.5268587470054626,-0.03160716965794563,0.4832988679409027,0.5362098217010498,-0.024862904101610184,0.48839396238327026,0.5296935439109802,-0.016503121703863144
0.5674582719802856,0.5607314705848694,-4.794108008354669e-07,0.5421737432479858,0.6138871908187866,-0.020169787108898163,0.4982399046421051,0.6636561155319214,-0.03200146183371544,0.4690362513065338,0.7033773064613342,-0.04346804693341255,0.44952234625816345,0.7433408498764038,-0.05106543377041817,0.4307566285133362,0.6099574565887451,-0.005734836217015982,0.4434255063533783,0.6519953012466431,-0.03414716199040413,0.48235684633255005,0.641573429107666,-0.0541347861289978,0.5027646422386169,0.6248643398284912,-0.06434900313615799,0.4277140498161316,0.5711962580680847,-0.006960524711757898,0.44953468441963196,0.6152828335762024,-0.03360160067677498,0.49045705795288086,0.6048988103866577,-0.04272139444947243,0.5020556449890137,0.5879014730453491,-0.04416463151574135,0.43999984860420227,0.533341109752655,-0.013027386739850044,0.4615324139595032,0.5729292035102844,-0.037076499313116074,0.49495983123779297,0.5709773898124695,-0.03186197951436043,0.5003578066825867,0.556939423084259,-0.023135365918278694,0.4579681158065796,0.49832332134246826,-0.02175528183579445,0.4680294990539551,0.5286018252372742,-0.033081553876399994,0.49082711338996887,0.5384643077850342,-0.026265069842338562,0.49561572074890137,0.5330415964126587,-0.017875228077173233
0.5783606171607971,0.5577292442321777,-4.6763960881435196e-07,0.5541250109672546,0.6095963716506958,-0.02040219120681286,0.5122304558753967,0.6590806841850281,-0.03251290321350098,0.4841042757034302,0.6983529329299927,-0.04408260062336922,0.4653724730014801,0.7387620210647583,-0.05214513838291168,0.4441641569137573,0.6087111234664917,-0.006123648956418037,0.4595278799533844,0.6469297409057617,-0.034124113619327545,0.49770453572273254,0.6376915574073792,-0.05456775054335594,0.5186774730682373,0.6227001547813416,-0.06521894782781601,0.44085484743118286,0.5692694783210754,-0.007085582707077265,0.463339626789093,0.6106453537940979,-0.033023785799741745,0.5036513209342957,0.6014116406440735,-0.04283469170331955,0.5166610479354858,0.5861108899116516,-0.044844891875982285,0.4531051516532898,0.5305646657943726,-0.01265799906104803,0.4758538603782654,0.568236231803894,-0.0359063595533371,0.5078921914100647,0.56620192527771,-0.03152632713317871,0.5133039951324463,0.5537203550338745,-0.023573216050863266,0.47096487879753113,0.4951570928096771,-0.020821083337068558,0.48221415281295776,0.524590790271759,-0.031708117574453354,0.5044616460800171,0.53216552734375,-0.024989230558276176,0.5086334943771362,0.5259996056556702,-0.016781333833932877
0.5865110158920288,0.5577636957168579,-4.5844714691156696e-07,0.5630950331687927,0.6107957363128662,-0.02151103876531124,0.5224825143814087,0.6611291766166687,-0.0339449979364872,0.4949864149093628,0.6989554166793823,-0.04531742259860039,0.4770521819591522,0.7373080253601074,-0.05299874022603035,0.45362913608551025,0.6114580631256104,-0.009086241014301777,0.47269219160079956,0.6497484445571899,-0.03736947104334831,0.5098426938056946,0.6395286917686462,-0.057266540825366974,0.5291568636894226,0.6230287551879883,-0.06752147525548935,0.4507056176662445,0.5710182189941406,-0.009739496745169163,0.4769129157066345,0.6131552457809448,-0.03569680079817772,0.5158975124359131,0.6035373210906982,-0.04473389685153961,0.527212917804718,0.5870268940925598,-0.04639368876814842,0.46329230070114136,0.5318433046340942,-0.0150570347905159,0.4891195595264435,0.569125235080719,-0.03891588747501373,0.519775927066803,0.5673834085464478,-0.03427828103303909,0.5237898230552673,0.5536835789680481,-0.02608836255967617,0.4815096855163574,0.4956410527229309,-0.023042714223265648,0.49298200011253357,0.5239640474319458,-0.0347345769405365,0.5147441029548645,0.533233106136322,-0.028032425791025162,0.5194379091262817,0.5280439853668213,-0.019687114283442497
0.582217812538147,0.5598034858703613,-4.6905830686228e-07,0.5574997663497925,0.6138741374015808,-0.01985809952020645,0.5165732502937317,0.6654112935066223,-0.0317830964922905,0.48892295360565186,0.7040700912475586,-0.04315652325749397,0.4708540737628937,0.7431660890579224,-0.050950970500707626,0.4472746253013611,0.613440752029419,-0.0062961336225271225,0.46471482515335083,0.6546117663383484,-0.03433441370725632,0.5025413632392883,0.6429722905158997,-0.054598450660705566,0.5225462317466736,0.6256709694862366,-0.06520730257034302,0.44420871138572693,0.5740466117858887,-0.007689945865422487,0.46914806962013245,0.6187047362327576,-0.03394045680761337,0.5090630650520325,0.6071382761001587,-0.04363970831036568,0.521511435508728,0.5908437967300415,-0.04560866951942444,0.45659083127975464,0.5353478789329529,-0.013658752664923668,0.48198655247688293,0.5754789710044861,-0.03699171915650368,0.5133708119392395,0.5715377926826477,-0.0325872004032135,0.5177392363548279,0.5578473210334778,-0.0247145127505064,0.4747278690338135,0.49961283802986145,-0.02220693603157997,0.4879790246486664,0.5315093398094177,-0.033216580748558044,0.5100688338279724,0.5380213856697083,-0.026698365807533264,0.5136827230453491,0.5307542681694031,-0.018684839829802513
0.5838295221328735,0.5639793872833252,-4.676671210290806e-07,0.5588984489440918,0.6190276145935059,-0.020641576498746872,0.516969621181488,0.6706926822662354,-0.03286454826593399,0.48918265104293823,0.7105754017829895,-0.044412724673748016,0.47132185101509094,0.7510018944740295,-0.05224611237645149,0.4475488066673279,0.6182427406311035,-0.006937590427696705,0.4649093449115753,0.6604581475257874,-0.035933803766965866,0.5030350685119629,0.6478051543235779,-0.05653173476457596,0.5226088762283325,0.629560112953186,-0.06723387539386749,0.444445937871933,0.5785927772521973,-0.008154564537107944,0.47005975246429443,0.624248206615448,-0.03498503938317299,0.5096550583839417,0.6118072271347046,-0.04430270567536354,0.5207418203353882,0.5945382714271545,-0.04598529264330864,0.4566326439380646,0.5396117568016052,-0.014217615127563477,0.4823637008666992,0.5813144445419312,-0.038203105330467224,0.513874351978302,0.5766468048095703,-0.03337927535176277,0.5173618197441101,0.5621896982192993,-0.025180654600262642,0.474473237991333,0.5035723447799683,-0.022997362539172173,0.48859283328056335,0.5374072790145874,-0.03463977202773094,0.5111749172210693,0.5430855751037598,-0.02824798785150051,0.5141609311103821,0.5348793268203735,-0.020245838910341263
0.5803200602531433,0.5618953108787537,-4.6587217639171286e-07,0.5552327036857605,0.6160417199134827,-0.021036792546510696,0.5132626891136169,0.6687065362930298,-0.03357809782028198,0.48592740297317505,0.710151195526123,-0.04545757547020912,0.4686540961265564,0.7514215707778931,-0.053476762026548386,0.44358766078948975,0.6154689192771912,-0.007648133207112551,0.4602412283420563,0.6586014032363892,-0.03677719086408615,0.499093621969223,0.6471407413482666,-0.05721593648195267,0.518944263458252,0.6286120414733887,-0.06769057363271713,0.44056546688079834,0.5758370161056519,-0.008584288880228996,0.46678081154823303,0.6214342713356018,-0.03512907400727272,0.5056910514831543,0.6087941527366638,-0.043965596705675125,0.5159667134284973,0.5901127457618713,-0.04545179381966591,0.45286184549331665,0.5372337698936462,-0.014462758786976337,0.4796660542488098,0.5787169337272644,-0.038107119500637054,0.5110964775085449,0.5739571452140808,-0.03312552347779274,0.514747142791748,0.5586402416229248,-0.024911588057875633,0.4707295894622803,0.5012325644493103,-0.023162582889199257,0.48520588874816895,0.5348395109176636,-0.03425681218504906,0.507290780544281,0.5418294072151184,-0.027796730399131775,0.5107121467590332,0.5345391631126404,-0.019857482984662056
0.5769408345222473,0.5644031763076782,-4.6062410774538876e-07,0.5531060695648193,0.6206011176109314,-0.020567677915096283,0.5113390684127808,0.6732857823371887,-0.03247125819325447,0.483176052570343,0.7132952213287354,-0.04371907562017441,0.46585237979888916,0.753859281539917,-0.05113959312438965,0.4415668845176697,0.6211442351341248,-0.006591413635760546,0.4584725499153137,0.6622670292854309,-0.034890029579401016,0.49593445658683777,0.6491948366165161,-0.05454537644982338,0.5133726596832275,0.6307579874992371,-0.06483589857816696,0.43804264068603516,0.5814223289489746,-0.007826744578778744,0.46366530656814575,0.6254701018333435,-0.03404301032423973,0.5032339096069336,0.612297773361206,-0.04231730103492737,0.5124384760856628,0.5944340229034424,-0.04344601184129715,0.4497935473918915,0.5422909259796143,-0.013983896002173424,0.47594454884529114,0.5837726593017578,-0.03802026808261871,0.5082898736000061,0.5789190530776978,-0.03248608112335205,0.5113320350646973,0.5645014047622681,-0.023806734010577202,0.4673936069011688,0.5063073635101318,-0.022849904373288155,0.48216426372528076,0.540595293045044,-0.0347474180161953,0.504814863204956,0.5457158088684082,-0.028181031346321106,0.5073795318603516,0.5373234152793884,-0.0200160164386034
0.5793429613113403,0.5707840323448181,-4.718535535630508e-07,0.5538007616996765,0.6283884048461914,-0.01921975240111351,0.5106112957000732,0.6813440322875977,-0.030878357589244843,0.48320120573043823,0.7226905822753906,-0.04226827248930931,0.46697935461997986,0.7646218538284302,-0.049905240535736084,0.4428085386753082,0.6282351016998291,-0.006225807126611471,0.4584360420703888,0.6707241535186768,-0.03490367531776428,0.49653691053390503,0.6580208539962769,-0.054759085178375244,0.5147426128387451,0.6396862268447876,-0.06511218100786209,0.4395415782928467,0.5886609554290771,-0.008344129659235477,0.4654237627983093,0.6337233185768127,-0.034569647163152695,0.5045414566993713,0.6203631162643433,-0.04269378259778023,0.513030469417572,0.6017907857894897,-0.04386596381664276,0.45153915882110596,0.549411416053772,-0.015349355526268482,0.4764239192008972,0.5917288064956665,-0.03932507336139679,0.5088421106338501,0.5870343446731567,-0.03350108489394188,0.5115004777908325,0.5717786550521851,-0.024789640679955482,0.46937814354896545,0.5131345987319946,-0.024949485436081886,0.48263534903526306,0.5474743843078613,-0.03680018335580826,0.5055071115493774,0.55341637134552,-0.029968680813908577,0.5083093047142029,0.5448575019836426,-0.021686825901269913
0.5741600394248962,0.5664666295051575,-4.69707231331995e-07,0.5486096143722534,0.6218482851982117,-0.019118880853056908,0.5071643590927124,0.6746921539306641,-0.030645636841654778,0.4794362783432007,0.7147082090377808,-0.04189227893948555,0.460696816444397,0.7539472579956055,-0.04939281940460205,0.4382995367050171,0.6215521693229675,-0.004956916905939579,0.45306140184402466,0.6663531064987183,-0.033083993941545486,0.49113011360168457,0.6547132730484009,-0.05311860889196396,0.5113484263420105,0.6367079615592957,-0.06340181082487106,0.43485555052757263,0.5830420851707458,-0.0065000723116099834,0.45893988013267517,0.6302162408828735,-0.032745037227869034,0.49781954288482666,0.6171255707740784,-0.04196463152766228,0.5093748569488525,0.5988624691963196,-0.04355594515800476,0.4463520646095276,0.5450299978256226,-0.012778748758137226,0.47133493423461914,0.5880359411239624,-0.035996414721012115,0.502927839756012,0.5823884010314941,-0.031391680240631104,0.5073819160461426,0.5669519901275635,-0.023365888744592667,0.46368569135665894,0.5096747875213623,-0.021671127527952194,0.4778909981250763,0.5446189045906067,-0.03277231380343437,0.5001285672187805,0.5502870082855225,-0.026679283007979393,0.5035672783851624,0.5418635010719299,-0.018889091908931732
0.5845145583152771,0.556633472442627,-4.5041318230687466e-07,0.5602754354476929,0.6085358262062073,-0.02043924480676651,0.5197157859802246,0.6582371592521667,-0.03240480273962021,0.4926795959472656,0.6973086595535278,-0.04363732412457466,0.4750531017780304,0.7368348836898804,-0.05144781619310379,0.4530264735221863,0.6106943488121033,-0.007177481893450022,0.4692689776420593,0.6461225152015686,-0.03476138040423393,0.5052251219749451,0.6356050968170166,-0.054702796041965485,0.5240580439567566,0.6197007894515991,-0.06515605747699738,0.4495900273323059,0.5708888173103333,-0.00801151618361473,0.4729292094707489,0.6092564463615417,-0.03330603241920471,0.5111705660820007,0.5991770625114441,-0.04251331090927124,0.522476077079773,0.5834216475486755,-0.044414520263671875,0.4612942039966583,0.5316995978355408,-0.013433652929961681,0.4840866029262543,0.5661178231239319,-0.03663462772965431,0.5148711204528809,0.5641224384307861,-0.03218274191021919,0.5195796489715576,0.5521398782730103,-0.024294471368193626,0.47869598865509033,0.4954807758331299,-0.021433034911751747,0.48824092745780945,0.5217306613922119,-0.0328032523393631,0.5100384950637817,0.5298948884010315,-0.02625146135687828,0.5147698521614075,0.5251805782318115,-0.01815773919224739
0.5872325897216797,0.5734496116638184,-4.4713334546031547e-07,0.563143789768219,0.6284247636795044,-0.01978001557290554,0.5241965651512146,0.6807123422622681,-0.03221108019351959,0.49705204367637634,0.718781590461731,-0.04379872977733612,0.4779151380062103,0.7550535202026367,-0.05144233629107475,0.45315322279930115,0.6294155716896057,-0.008386693894863129,0.4706040322780609,0.6748752593994141,-0.036018650978803635,0.5079795718193054,0.6620317697525024,-0.055085230618715286,0.5270156860351562,0.6433644890785217,-0.0648730993270874,0.44996047019958496,0.5903681516647339,-0.009821590967476368,0.4759570062160492,0.6388571858406067,-0.03539213538169861,0.5139333605766296,0.6250913739204407,-0.04361224174499512,0.5239067673683167,0.6063922047615051,-0.0447915755212307,0.4619351327419281,0.5523432493209839,-0.015763461589813232,0.4878059923648834,0.5956240892410278,-0.03819520026445389,0.517482578754425,0.5895767211914062,-0.03300857916474342,0.5198290348052979,0.5732327699661255,-0.024974694475531578,0.479810893535614,0.5168774127960205,-0.024363238364458084,0.49446901679039,0.5516887307167053,-0.03504268825054169,0.5165077447891235,0.5576221346855164,-0.02856515534222126,0.5197033882141113,0.5492286086082458,-0.020608073100447655
0.5905817747116089,0.5753654837608337,-4.6385915197788563e-07,0.5669618844985962,0.6298250555992126,-0.018821991980075836,0.5287938714027405,0.6812827587127686,-0.03053884394466877,0.5025521516799927,0.7176992893218994,-0.04156176373362541,0.483306348323822,0.7524895071983337,-0.048886362463235855,0.45759522914886475,0.6324425935745239,-0.007568781264126301,0.47568169236183167,0.6753641366958618,-0.03546946123242378,0.512597918510437,0.664497971534729,-0.05489562079310417,0.5326898097991943,0.6472232937812805,-0.06465467810630798,0.45429930090904236,0.5925527215003967,-0.009241518564522266,0.48026546835899353,0.6392096877098083,-0.0348837710916996,0.5181013345718384,0.6265532374382019,-0.04343748092651367,0.5294804573059082,0.6085565686225891,-0.04455121234059334,0.4654126763343811,0.5538219809532166,-0.01536957174539566,0.49253275990486145,0.596450924873352,-0.03792288154363632,0.5230579376220703,0.5905937552452087,-0.033229049295186996,0.5263107419013977,0.5750039219856262,-0.02532842755317688,0.4825485348701477,0.5178108215332031,-0.0240323506295681,0.4991755187511444,0.5536483526229858,-0.034981660544872284,0.5216586589813232,0.5584617853164673,-0.028924718499183655,0.5245124697685242,0.549612283706665,-0.021130384877324104
0.5892741680145264,0.5905115604400635,-4.4601745230465895e-07,0.5643297433853149,0.6481398940086365,-0.01970706321299076,0.5255730748176575,0.701370120048523,-0.03214726969599724,0.4992164075374603,0.7401865720748901,-0.04400361701846123,0.48088011145591736,0.7764480710029602,-0.05176416411995888,0.4561777114868164,0.6481212377548218,-0.00871797651052475,0.471394419670105,0.6952740550041199,-0.036408763378858566,0.5094839930534363,0.6826066970825195,-0.055189378559589386,0.5290094017982483,0.6630238890647888,-0.06449586153030396,0.452767014503479,0.6090734601020813,-0.00977683812379837,0.4797409474849701,0.6584267616271973,-0.03508317098021507,0.5161911249160767,0.6445448994636536,-0.042953431606292725,0.5254731178283691,0.6247360110282898,-0.04400145262479782,0.46441900730133057,0.5706918835639954,-0.015381976962089539,0.49091869592666626,0.6137633323669434,-0.037213824689388275,0.5202881097793579,0.6071140766143799,-0.031578149646520615,0.5236956477165222,0.5896090269088745,-0.02322728931903839,0.48175519704818726,0.5344148874282837,-0.023739270865917206,0.4949644207954407,0.5676756501197815,-0.03359072655439377,0.5156096816062927,0.5749199390411377,-0.026829231530427933,0.51983243227005,0.5675874948501587,-0.018666118383407593
0.5908278226852417,0.5747382640838623,-4.656772318867297e-07,0.5657992959022522,0.6297987699508667,-0.018768535926938057,0.5267845988273621,0.6809839010238647,-0.030489442870020866,0.49949464201927185,0.7181540131568909,-0.041671376675367355,0.4810856580734253,0.7547091841697693,-0.049157314002513885,0.45773059129714966,0.6293392777442932,-0.007120832335203886,0.47337672114372253,0.673145592212677,-0.03367750719189644,0.5105567574501038,0.6615810990333557,-0.05234536901116371,0.5303590297698975,0.6438049674034119,-0.06189930811524391,0.45459407567977905,0.5904991030693054,-0.008538859896361828,0.4799061417579651,0.6375070214271545,-0.03298488259315491,0.5174276232719421,0.6252232789993286,-0.041338831186294556,0.5287699103355408,0.6078187227249146,-0.04280271381139755,0.4661027491092682,0.5525286793708801,-0.014288149774074554,0.4915226697921753,0.5945997834205627,-0.03579128906130791,0.5210166573524475,0.5892791748046875,-0.03115398809313774,0.5251410007476807,0.5739018321037292,-0.023611852899193764,0.4834749698638916,0.5170385241508484,-0.022576775401830673,0.4970967769622803,0.5505645275115967,-0.03284043073654175,0.5184170007705688,0.5566813349723816,-0.02673349156975746,0.5226998925209045,0.5487399101257324,-0.01909477263689041
0.6021924018859863,0.5758326649665833,-4.4864114556730783e-07,0.5770850777626038,0.6299403309822083,-0.018834462389349937,0.53961580991745,0.6794608235359192,-0.0310970451682806,0.5131802558898926,0.7158893346786499,-0.04287358745932579,0.4934350848197937,0.7506213188171387,-0.051185719668865204,0.46938323974609375,0.6284002661705017,-0.005976335145533085,0.48764100670814514,0.6724182963371277,-0.03412676230072975,0.5231173038482666,0.6629588007926941,-0.05458885431289673,0.5418872833251953,0.6460574269294739,-0.06501635909080505,0.4671266973018646,0.5896241664886475,-0.007629830855876207,0.49227920174598694,0.6369844675064087,-0.03301076218485832,0.5291379690170288,0.6260083913803101,-0.04226435348391533,0.5399160385131836,0.6086670160293579,-0.04401927813887596,0.4787769317626953,0.551886260509491,-0.01382057648152113,0.504004716873169,0.5947769284248352,-0.036405049264431,0.5338125824928284,0.5901176929473877,-0.032141681760549545,0.5373463034629822,0.5749223232269287,-0.02443033643066883,0.4964662194252014,0.5168006420135498,-0.022543784230947495,0.5097718238830566,0.5510768890380859,-0.03342911973595619,0.5316351652145386,0.5564998388290405,-0.027150427922606468,0.5356541872024536,0.547897219657898,-0.01905810460448265
0.6060917973518372,0.5866804718971252,-4.6348046112143493e-07,0.5804018974304199,0.6407442092895508,-0.019231492653489113,0.5400744080543518,0.6906507015228271,-0.031080331653356552,0.5127097964286804,0.7271272540092468,-0.04237460717558861,0.4932090938091278,0.7617501616477966,-0.049668628722429276,0.4711330831050873,0.6366128325462341,-0.00806981697678566,0.4857051968574524,0.6851006746292114,-0.035416364669799805,0.5235543251037598,0.6752440333366394,-0.05395549535751343,0.543302059173584,0.6574029922485352,-0.06319179385900497,0.46882352232933044,0.5981360673904419,-0.009394478984177113,0.4933569133281708,0.6488767266273499,-0.034549910575151443,0.531256377696991,0.6374112367630005,-0.04222606122493744,0.5412111878395081,0.6180280447006226,-0.043006256222724915,0.4811646044254303,0.5608652830123901,-0.015205667354166508,0.5057690143585205,0.6054304838180542,-0.037302520126104355,0.5362328290939331,0.6015010476112366,-0.03167834132909775,0.5394605398178101,0.5844945311546326,-0.023258548229932785,0.49940556287765503,0.5257688164710999,-0.0236881785094738,0.5108815431594849,0.559149980545044,-0.03404799848794937,0.5322745442390442,0.5681810975074768,-0.027254896238446236,0.5367572903633118,0.5613467693328857,-0.018969129770994186
0.6030547022819519,0.5833078026771545,-4.572949308112584e-07,0.5773860216140747,0.6395362615585327,-0.01840766705572605,0.5370051860809326,0.6920795440673828,-0.02999628521502018,0.5106425881385803,0.7308832406997681,-0.04122922569513321,0.49200010299682617,0.7671737670898438,-0.048715054988861084,0.4679865539073944,0.6392487287521362,-0.0057590496726334095,0.48414865136146545,0.6890138387680054,-0.034956853836774826,0.5215990543365479,0.676841676235199,-0.05579591542482376,0.5417829155921936,0.6582219004631042,-0.06629393994808197,0.46501198410987854,0.5999754667282104,-0.007526228204369545,0.49054381251335144,0.6528029441833496,-0.033879537135362625,0.5279557108879089,0.6376518607139587,-0.04272882267832756,0.5378031730651855,0.6173539161682129,-0.044087521731853485,0.4766993224620819,0.561938464641571,-0.014019815251231194,0.5025754570960999,0.609443724155426,-0.03662784770131111,0.5331516861915588,0.6023162007331848,-0.031375858932733536,0.5357964038848877,0.5852225422859192,-0.02311643399298191,0.49431154131889343,0.5269186496734619,-0.02315758727490902,0.5096205472946167,0.5656607151031494,-0.0338367335498333,0.5316676497459412,0.5702051520347595,-0.02746753580868244,0.5342377424240112,0.5604539513587952,-0.019487371668219566
0.5938149094581604,0.5770131945610046,-4.4708798441206454e-07,0.5694350004196167,0.6325069665908813,-0.019119612872600555,0.5294920802116394,0.6843727231025696,-0.030806800350546837,0.502385675907135,0.7214030623435974,-0.04184374213218689,0.4831879734992981,0.7572619915008545,-0.049018729478120804,0.4600054919719696,0.6318677663803101,-0.007397542241960764,0.47760289907455444,0.6774327754974365,-0.034884750843048096,0.5147891044616699,0.664508581161499,-0.05408964678645134,0.5335659980773926,0.645986795425415,-0.06403467804193497,0.45715826749801636,0.5930019617080688,-0.008956103585660458,0.48308923840522766,0.6416494846343994,-0.03451090678572655,0.5204694867134094,0.6272380948066711,-0.0427706241607666,0.52993243932724,0.6080982685089111,-0.04400942847132683,0.4691722095012665,0.5550917387008667,-0.0150230024009943,0.494162917137146,0.5993695259094238,-0.03740869089961052,0.5241501927375793,0.5933108329772949,-0.03203129768371582,0.5265616178512573,0.577130138874054,-0.023899240419268608,0.48704761266708374,0.5197764039039612,-0.023706812411546707,0.5012032389640808,0.5554170608520508,-0.03457476198673248,0.5227038264274597,0.5608745813369751,-0.02821449004113674,0.5251984596252441,0.5519298911094666,-0.0203599464148283
0.6048705577850342,0.5837897062301636,-4.565086726415757e-07,0.5803062915802002,0.6395977139472961,-0.01988859847187996,0.540546715259552,0.6916181445121765,-0.03185952827334404,0.514595627784729,0.7299321889877319,-0.04308323562145233,0.495119571685791,0.7654926776885986,-0.05055452138185501,0.47054293751716614,0.641116201877594,-0.00701621500775218,0.4898795485496521,0.6870660781860352,-0.035628098994493484,0.5264877676963806,0.6754859089851379,-0.055920280516147614,0.5456697344779968,0.6577776670455933,-0.06617585569620132,0.46776893734931946,0.6007629036903381,-0.0083039915189147,0.4935913383960724,0.6508882641792297,-0.03480491414666176,0.5315384268760681,0.6370564699172974,-0.04403698071837425,0.542517900466919,0.6181409358978271,-0.045431699603796005,0.47944188117980957,0.5618217587471008,-0.014245381578803062,0.5063515901565552,0.6076914072036743,-0.037672411650419235,0.537395179271698,0.6006597280502319,-0.03301491588354111,0.5405300855636597,0.5843738317489624,-0.02483024261891842,0.4970038831233978,0.5261666774749756,-0.022840118035674095,0.5124956965446472,0.5636131763458252,-0.03426019102334976,0.5351122617721558,0.5676522850990295,-0.027946319431066513,0.5380902886390686,0.5581231117248535,-0.01981264352798462
0.6002539992332458,0.5804349780082703,-4.4434619894673233e-07,0.5745543837547302,0.6363465785980225,-0.02023947983980179,0.5334649085998535,0.687918484210968,-0.032679662108421326,0.5061982274055481,0.7261159420013428,-0.044259700924158096,0.48723143339157104,0.7631285786628723,-0.05205392464995384,0.46503230929374695,0.63258296251297,-0.007934389635920525,0.48261815309524536,0.68000727891922,-0.03690572828054428,0.519422709941864,0.6685047149658203,-0.05733906477689743,0.5386298894882202,0.6504550576210022,-0.06777887046337128,0.4624103307723999,0.5929824113845825,-0.009167271666228771,0.4881913363933563,0.6438026428222656,-0.03550054132938385,0.5257678627967834,0.6305385231971741,-0.04437773674726486,0.5358130931854248,0.6109218001365662,-0.04586765915155411,0.47470271587371826,0.5551574230194092,-0.01514325849711895,0.5006799101829529,0.6015181541442871,-0.03826720267534256,0.5313444137573242,0.596047580242157,-0.033158041536808014,0.5344069004058838,0.579196572303772,-0.024951903149485588,0.4930104911327362,0.520561158657074,-0.023889537900686264,0.5083730816841125,0.5585717558860779,-0.03519890084862709,0.5309341549873352,0.5644593238830566,-0.028928767889738083,0.534322202205658,0.5552647113800049,-0.020986735820770264
0.6031186580657959,0.5846412181854248,-4.6515216922671243e-07,0.5777676105499268,0.639896810054779,-0.01983589120209217,0.5368477702140808,0.6918312311172485,-0.03206583857536316,0.510536253452301,0.7321432828903198,-0.043758898973464966,0.49218782782554626,0.7704865336418152,-0.05179832503199577,0.46822041273117065,0.6410736441612244,-0.006455841939896345,0.4857694208621979,0.6860824227333069,-0.035117052495479584,0.5232430100440979,0.6752633452415466,-0.0559193454682827,0.5435012578964233,0.6579804420471191,-0.06667301058769226,0.4657845199108124,0.6013876795768738,-0.007910063490271568,0.4905981719493866,0.6505596041679382,-0.03391583636403084,0.5290727615356445,0.637886643409729,-0.04327569901943207,0.5406850576400757,0.6195487976074219,-0.04502374678850174,0.4778076410293579,0.5625747442245483,-0.01410267036408186,0.5033895373344421,0.6074830293655396,-0.03686267510056496,0.5339017510414124,0.6018664836883545,-0.032307036221027374,0.5372755527496338,0.5860953330993652,-0.02445605956017971,0.4955318570137024,0.5266767144203186,-0.023007795214653015,0.5093536376953125,0.5628122091293335,-0.03380769118666649,0.5315523743629456,0.5680431127548218,-0.027320049703121185,0.5350379943847656,0.5593042969703674,-0.019291410222649574
0.606066107749939,0.5890609622001648,-4.612407451531908e-07,0.5805186033248901,0.6443458795547485,-0.019452976062893867,0.5397687554359436,0.6962763667106628,-0.03144894167780876,0.5136963725090027,0.7349653840065002,-0.04278939962387085,0.4956466555595398,0.7719730734825134,-0.05039159581065178,0.4706576466560364,0.6426153779029846,-0.0071104299277067184,0.48896026611328125,0.6911686658859253,-0.036416634917259216,0.5264489650726318,0.6807461380958557,-0.057091306895017624,0.5469721555709839,0.6629235744476318,-0.06749556213617325,0.46827417612075806,0.6024314165115356,-0.008694682270288467,0.49394506216049194,0.6555947065353394,-0.03571416065096855,0.5323002934455872,0.6422252058982849,-0.04489236697554588,0.5432794690132141,0.6225250959396362,-0.04618782550096512,0.4804763197898865,0.5641974806785583,-0.014994718134403229,0.5072221755981445,0.612370491027832,-0.03837065026164055,0.5381717085838318,0.605574905872345,-0.033562637865543365,0.540806770324707,0.5885078310966492,-0.02538856863975525,0.4984973073005676,0.5293296575546265,-0.023948470130562782,0.5150219202041626,0.5687877535820007,-0.03525551036000252,0.5373426675796509,0.5725926160812378,-0.029190460219979286,0.5394310355186462,0.5621756911277771,-0.021328885108232498
0.6021705865859985,0.5812869668006897,-4.525721237769176e-07,0.5774127840995789,0.635112464427948,-0.019586466252803802,0.5373902916908264,0.6864025592803955,-0.031246066093444824,0.5111926198005676,0.724890410900116,-0.04216489940881729,0.4928547441959381,0.7615953087806702,-0.049356553703546524,0.4684353470802307,0.6361145973205566,-0.006885823328047991,0.4872226119041443,0.6794664263725281,-0.03466735780239105,0.5230458974838257,0.6682507991790771,-0.05424864590167999,0.5404385924339294,0.6507679224014282,-0.06445915251970291,0.4659592807292938,0.5965742468833923,-0.008348699659109116,0.4921324849128723,0.6431218385696411,-0.03366595879197121,0.5293420553207397,0.6304539442062378,-0.04194905236363411,0.5378530621528625,0.6118147373199463,-0.043260883539915085,0.4780557155609131,0.5578306913375854,-0.01449586357921362,0.5039440989494324,0.6004902124404907,-0.037543103098869324,0.5343698263168335,0.5956502556800842,-0.032416075468063354,0.5358739495277405,0.5801937580108643,-0.024309204891324043,0.4960291087627411,0.5219373106956482,-0.023250900208950043,0.5097432136535645,0.556449830532074,-0.03485951945185661,0.5318431854248047,0.5619992613792419,-0.028443075716495514,0.5342689752578735,0.5533856153488159,-0.020439812913537025
0.5883476734161377,0.5800557136535645,-4.769991051034594e-07,0.5632144808769226,0.6365562081336975,-0.01847379095852375,0.5208849310874939,0.6889318227767944,-0.028675921261310577,0.49321842193603516,0.7264536619186401,-0.038666319102048874,0.47482529282569885,0.7637536525726318,-0.044709235429763794,0.4545575678348541,0.6354575753211975,-0.004486626945436001,0.46821561455726624,0.6782556772232056,-0.031976260244846344,0.5056443810462952,0.6674632430076599,-0.05111156031489372,0.5249996781349182,0.6499040722846985,-0.060763973742723465,0.4515224099159241,0.5965906381607056,-0.006144414190202951,0.47628819942474365,0.6417813897132874,-0.03123065084218979,0.5133084058761597,0.629241406917572,-0.03926035016775131,0.5225331783294678,0.6104124784469604,-0.040272146463394165,0.4628317356109619,0.5585246086120605,-0.012652982957661152,0.4870910048484802,0.6002026796340942,-0.035515040159225464,0.5177739858627319,0.5958090424537659,-0.030220944434404373,0.5215697884559631,0.5803490281105042,-0.02168828248977661,0.4799689054489136,0.5229013562202454,-0.021775249391794205,0.491601824760437,0.5554724335670471,-0.03306577354669571,0.5123348236083984,0.5632413029670715,-0.02676156908273697,0.5161426067352295,0.556710958480835,-0.018652815371751785
0.58739173412323,0.573416531085968,-4.6628096583845036e-07,0.5632072687149048,0.6288034915924072,-0.01892458274960518,0.5209895968437195,0.6803032159805298,-0.029657835140824318,0.4930599331855774,0.718694806098938,-0.04012325033545494,0.47472041845321655,0.7574697732925415,-0.04670465737581253,0.454628586769104,0.6280848383903503,-0.004051226656883955,0.4687896966934204,0.6700277328491211,-0.0318281315267086,0.5062420964241028,0.6582438945770264,-0.051524851471185684,0.5253029465675354,0.6409093141555786,-0.06165182590484619,0.4509328007698059,0.589687168598175,-0.005652428139001131,0.4758470356464386,0.6340019702911377,-0.03087640181183815,0.513765275478363,0.6203645467758179,-0.039250943809747696,0.5228918790817261,0.6018043756484985,-0.04048851877450943,0.46215251088142395,0.5517281293869019,-0.012180673889815807,0.486650675535202,0.593389630317688,-0.034907735884189606,0.5177983045578003,0.5879098176956177,-0.029671939089894295,0.5208227038383484,0.5721046924591064,-0.02133718691766262,0.47935232520103455,0.5163121223449707,-0.021383095532655716,0.49305814504623413,0.5507586598396301,-0.03235230967402458,0.5145496129989624,0.5569517612457275,-0.0260634683072567,0.517280101776123,0.5488590002059937,-0.01818680390715599
0.5853710174560547,0.5648203492164612,-4.627015641744947e-07,0.560573935508728,0.6168914437294006,-0.017934782430529594,0.5182247161865234,0.6659520864486694,-0.027969317510724068,0.492247611284256,0.7051685452461243,-0.03787629306316376,0.4753069281578064,0.744487464427948,-0.04420686885714531,0.45438525080680847,0.6186277866363525,-0.00397574994713068,0.4677995443344116,0.6580954790115356,-0.031463563442230225,0.5049166083335876,0.6476126909255981,-0.05096138268709183,0.5245737433433533,0.631192147731781,-0.06084970757365227,0.4509568214416504,0.5796836614608765,-0.005825855769217014,0.474570095539093,0.6217454075813293,-0.030555205419659615,0.5120746493339539,0.6099929809570312,-0.038821905851364136,0.5216838717460632,0.5921522378921509,-0.03996077924966812,0.461976557970047,0.5411864519119263,-0.012403939850628376,0.48433199524879456,0.579906702041626,-0.03480321541428566,0.5154615044593811,0.5768570303916931,-0.029340224340558052,0.5193253755569458,0.5629287958145142,-0.020840268582105637,0.47907567024230957,0.505530595779419,-0.021495740860700607,0.49014487862586975,0.5352795720100403,-0.032426122575998306,0.512210488319397,0.5435394048690796,-0.025611208751797676,0.5165674686431885,0.5377340316772461,-0.017248187214136124
0.5901114344596863,0.5627228021621704,-4.658730574647052e-07,0.5657731890678406,0.615304708480835,-0.01854277402162552,0.5245895385742188,0.6647006869316101,-0.029283760115504265,0.4966391921043396,0.7016323804855347,-0.03965651988983154,0.4784846305847168,0.7395724654197693,-0.04646029695868492,0.4587785005569458,0.6148608922958374,-0.004580873530358076,0.47381171584129333,0.6543909907341003,-0.031789131462574005,0.5108121633529663,0.6426074504852295,-0.05134302377700806,0.5302726030349731,0.6261529922485352,-0.061580002307891846,0.45486944913864136,0.5762297511100769,-0.006186067592352629,0.4784843623638153,0.6194883584976196,-0.0314079187810421,0.5170420408248901,0.6071350574493408,-0.040438659489154816,0.5279474854469299,0.5907094478607178,-0.04213149473071098,0.4660119414329529,0.5382498502731323,-0.012352291494607925,0.4898361265659332,0.5779603123664856,-0.03491917997598648,0.5208894610404968,0.573701798915863,-0.030043086037039757,0.5248417258262634,0.5601564049720764,-0.022039862349629402,0.4830135703086853,0.5034703612327576,-0.021037477999925613,0.49702876806259155,0.535542368888855,-0.03199701011180878,0.5187394022941589,0.5419701933860779,-0.025718342512845993,0.52177894115448,0.5349974036216736,-0.01790705882012844
0.5971405506134033,0.5766565799713135,-4.5051760366732196e-07,0.5721091032028198,0.6324100494384766,-0.018820451572537422,0.5330651998519897,0.6834298372268677,-0.030712246894836426,0.5056406855583191,0.7204759120941162,-0.04215338081121445,0.4866494834423065,0.7566304802894592,-0.04973980039358139,0.4649360179901123,0.6287380456924438,-0.006608170922845602,0.47891026735305786,0.6755704879760742,-0.03362615033984184,0.516069233417511,0.6647028923034668,-0.052556294947862625,0.5358038544654846,0.6465254426002502,-0.06215144321322441,0.46179044246673584,0.5906807780265808,-0.008022882975637913,0.48580485582351685,0.6396641135215759,-0.03253107890486717,0.522650957107544,0.6274639368057251,-0.04069902002811432,0.5325759053230286,0.6085093021392822,-0.04205130413174629,0.4732198119163513,0.5538472533226013,-0.013927562162280083,0.4972468316555023,0.5981536507606506,-0.03524087369441986,0.5267710089683533,0.5935568809509277,-0.03011818788945675,0.5303677320480347,0.5769762396812439,-0.02224711701273918,0.490686297416687,0.5195471048355103,-0.022467048838734627,0.503335177898407,0.5546512603759766,-0.032256219536066055,0.5242600440979004,0.5620332956314087,-0.025770606473088264,0.5284431576728821,0.5540494322776794,-0.01789223961532116
0.5973395705223083,0.5838513374328613,-4.536112498954026e-07,0.5729801058769226,0.6387173533439636,-0.018266035243868828,0.5344892740249634,0.6909275054931641,-0.02988397516310215,0.5078308582305908,0.7287188768386841,-0.04109831899404526,0.4889684319496155,0.7643123865127563,-0.048539500683546066,0.4655735194683075,0.6384531855583191,-0.00639778608456254,0.4802689850330353,0.6857224702835083,-0.03336639329791069,0.5171713829040527,0.6744841933250427,-0.052487410604953766,0.5369768738746643,0.6559902429580688,-0.0622079111635685,0.4625602066516876,0.6004332304000854,-0.00804209429770708,0.4873965084552765,0.6493438482284546,-0.03249877318739891,0.5234931111335754,0.6358658671379089,-0.04072815924882889,0.5338348746299744,0.6167159080505371,-0.042086195200681686,0.4738314151763916,0.5633412599563599,-0.014142253436148167,0.49839505553245544,0.6074328422546387,-0.03529085963964462,0.5271580219268799,0.6011072993278503,-0.03053363598883152,0.5304659605026245,0.5844367146492004,-0.0229800958186388,0.4909835755825043,0.5285127758979797,-0.022834036499261856,0.5044894814491272,0.563823938369751,-0.0327247716486454,0.5254101157188416,0.5699983239173889,-0.02665386162698269,0.5291988253593445,0.5619310736656189,-0.01908757910132408
0.5907832384109497,0.5802326798439026,-4.442409249350021e-07,0.565707802772522,0.636674165725708,-0.017763936892151833,0.525700569152832,0.6880044341087341,-0.028361469507217407,0.4986664652824402,0.725323498249054,-0.038966886699199677,0.4807659089565277,0.7626511454582214,-0.04582003131508827,0.45989125967025757,0.6376692056655884,-0.00396312028169632,0.47259992361068726,0.6806827783584595,-0.03151138499379158,0.5094579458236694,0.6675252318382263,-0.05104769021272659,0.5282214283943176,0.6491488814353943,-0.06096133962273598,0.45549604296684265,0.5989707708358765,-0.00588300172239542,0.4803425073623657,0.6437620520591736,-0.030721276998519897,0.5163767337799072,0.629916787147522,-0.03926869109272957,0.5253563523292542,0.6120622158050537,-0.040681447833776474,0.46592286229133606,0.5610219240188599,-0.012515257112681866,0.4907420873641968,0.6025377511978149,-0.034226465970277786,0.5207061767578125,0.5962103009223938,-0.0291909072548151,0.524345338344574,0.5808780193328857,-0.021151939406991005,0.48255354166030884,0.5253549814224243,-0.02178175561130047,0.49835333228111267,0.5599393844604492,-0.031435754150152206,0.5195481181144714,0.5667006373405457,-0.02519616298377514,0.5227668881416321,0.5598098039627075,-0.017530860379338264
0.5985855460166931,0.5882813930511475,-4.6484967697324464e-07,0.573745608329773,0.6466410756111145,-0.01778791844844818,0.5333164930343628,0.7003699541091919,-0.0288094449788332,0.5056250691413879,0.7385026812553406,-0.03962908685207367,0.48661714792251587,0.7752283215522766,-0.046388473361730576,0.46398675441741943,0.6456109285354614,-0.005479729268699884,0.4781222343444824,0.6969958543777466,-0.03224960342049599,0.5162226557731628,0.6824177503585815,-0.0507529154419899,0.5337545871734619,0.6614274382591248,-0.0602140799164772,0.4604727029800415,0.6079286336898804,-0.007291213143616915,0.48630666732788086,0.6596292853355408,-0.03160373866558075,0.5228010416030884,0.6434617042541504,-0.03860479220747948,0.5300567746162415,0.6226353049278259,-0.03935398533940315,0.4717325270175934,0.5708556771278381,-0.013679170049726963,0.49670150876045227,0.6181867122650146,-0.03489784151315689,0.5269638895988464,0.6101986169815063,-0.028612790629267693,0.528851330280304,0.5919031500816345,-0.020160356536507607,0.48884135484695435,0.5361425876617432,-0.022700507193803787,0.5027060508728027,0.5742906928062439,-0.03264552354812622,0.5242212414741516,0.5792539715766907,-0.0259555634111166,0.527279257774353,0.5693384408950806,-0.017979253083467484
0.6080038547515869,0.5918169617652893,-4.338264716352569e-07,0.582341730594635,0.6497998237609863,-0.01792261004447937,0.5433324575424194,0.7037459015846252,-0.029819460585713387,0.5181322693824768,0.7451595067977905,-0.04153309762477875,0.5007123947143555,0.7824525833129883,-0.049412183463573456,0.4742451310157776,0.6507075428962708,-0.005307394545525312,0.4908181428909302,0.7019510865211487,-0.033410150557756424,0.5281205177307129,0.6884562373161316,-0.05403575301170349,0.547248363494873,0.6676486134529114,-0.06469263881444931,0.471003919839859,0.6129834651947021,-0.007226460613310337,0.49822014570236206,0.6658793091773987,-0.03221483901143074,0.5330228209495544,0.6506254076957703,-0.041066717356443405,0.5417384505271912,0.6292247772216797,-0.04285880923271179,0.48247361183166504,0.5758389830589294,-0.013707512058317661,0.5088521242141724,0.6229269504547119,-0.03428049013018608,0.5365431308746338,0.6153541207313538,-0.029102930799126625,0.5389450192451477,0.5969336032867432,-0.021353377029299736,0.49983009696006775,0.5410692691802979,-0.022967195138335228,0.514235258102417,0.5779051780700684,-0.032003019005060196,0.534542441368103,0.5833547711372375,-0.025354424491524696,0.5381842255592346,0.5740578174591064,-0.017365993931889534
0.6124308109283447,0.5996763110160828,-4.4510679231279937e-07,0.5870728492736816,0.656008243560791,-0.016682377085089684,0.5489506721496582,0.7074882388114929,-0.028003759682178497,0.5240363478660583,0.7476966381072998,-0.039316583424806595,0.5063467621803284,0.7826229333877563,-0.046880465000867844,0.4800249934196472,0.6555964946746826,-0.004402468912303448,0.49528592824935913,0.7070467472076416,-0.032178934663534164,0.5322776436805725,0.693752110004425,-0.052316814661026,0.5503639578819275,0.6732850670814514,-0.0627446323633194,0.47688424587249756,0.618030846118927,-0.006571059115231037,0.5041271448135376,0.6718149185180664,-0.03154792636632919,0.5407270193099976,0.6571201086044312,-0.03987906128168106,0.5494244694709778,0.6369004845619202,-0.041251618415117264,0.48832112550735474,0.5808086395263672,-0.013172256760299206,0.514265775680542,0.6282122135162354,-0.0338120236992836,0.5431417226791382,0.6211258172988892,-0.027970897033810616,0.5455999374389648,0.6033411622047424,-0.01970718614757061,0.5057864785194397,0.5462469458580017,-0.022377030923962593,0.5197632312774658,0.581951916217804,-0.03187786415219307,0.5397421717643738,0.5876787900924683,-0.02528613805770874,0.5428771376609802,0.5787850022315979,-0.017164796590805054
0.6154507398605347,0.60540771484375,-4.409971552377101e-07,0.5892342329025269,0.6633347868919373,-0.01594853401184082,0.5509517788887024,0.7158585786819458,-0.02693750709295273,0.526500403881073,0.7566149830818176,-0.038003649562597275,0.5088245272636414,0.7907311320304871,-0.045343685895204544,0.482373982667923,0.6617729663848877,-0.004031243734061718,0.49752798676490784,0.7161067724227905,-0.031255319714546204,0.5341147780418396,0.7035678625106812,-0.05104236304759979,0.5520197749137878,0.6824559569358826,-0.061221491545438766,0.4797174036502838,0.623913586139679,-0.006329056341201067,0.5073240995407104,0.6800757050514221,-0.030341876670718193,0.5430553555488586,0.6657697558403015,-0.03824733570218086,0.5511350631713867,0.645267903804779,-0.03965599462389946,0.49144816398620605,0.5868455767631531,-0.012975044548511505,0.51703280210495,0.6364657282829285,-0.03281383216381073,0.5453429818153381,0.6292857527732849,-0.02694759890437126,0.5478862524032593,0.6110296249389648,-0.01894070953130722,0.5091895461082458,0.5524333119392395,-0.022163527086377144,0.5222131609916687,0.5899316668510437,-0.031183118000626564,0.5420644283294678,0.595880389213562,-0.024530082941055298,0.5458642840385437,0.5869612693786621,-0.016483087092638016
0.6184599995613098,0.605781614780426,-4.6055799884925364e-07,0.5940911769866943,0.6629016995429993,-0.016130480915308,0.5592373013496399,0.7125164270401001,-0.02690642513334751,0.5358800292015076,0.7474086880683899,-0.037725016474723816,0.515241801738739,0.7749927639961243,-0.0444566085934639,0.48379194736480713,0.6643745303153992,-0.0042454516515135765,0.5011005997657776,0.7180250287055969,-0.032039858400821686,0.5390820503234863,0.7047711610794067,-0.05133624002337456,0.5569218993186951,0.6838226914405823,-0.06085287034511566,0.48094165325164795,0.6265232563018799,-0.006853850092738867,0.5080581307411194,0.6829766631126404,-0.032168854027986526,0.544782817363739,0.6682395935058594,-0.040017105638980865,0.5525646209716797,0.6477017402648926,-0.040587276220321655,0.4915001094341278,0.5899179577827454,-0.013946318998932838,0.5189223885536194,0.6406842470169067,-0.035274676978588104,0.5487465262413025,0.63261878490448,-0.02979990653693676,0.5500903129577637,0.6141554117202759,-0.021452011540532112,0.5083450078964233,0.5557607412338257,-0.023605555295944214,0.524781346321106,0.5960351824760437,-0.03377227485179901,0.5466112494468689,0.6001554131507874,-0.027665145695209503,0.549304723739624,0.5894788503646851,-0.019552629441022873
0.6079273819923401,0.5953398942947388,-4.535508821845724e-07,0.5839354991912842,0.6529194712638855,-0.017517605796456337,0.5460864901542664,0.7060912847518921,-0.028584251180291176,0.5209816694259644,0.7442405223846436,-0.03937701880931854,0.5018553137779236,0.7777206897735596,-0.04615619778633118,0.4751364588737488,0.6558147072792053,-0.0060015455819666386,0.4915449321269989,0.7063201665878296,-0.033005863428115845,0.5278985500335693,0.6933456659317017,-0.05166574940085411,0.5463805198669434,0.6732052564620972,-0.06094660237431526,0.47203412652015686,0.6173971891403198,-0.00796099565923214,0.4996531903743744,0.6689205765724182,-0.03237414360046387,0.5348656177520752,0.6536611914634705,-0.04004718363285065,0.5430245399475098,0.6327126622200012,-0.04091309383511543,0.482889860868454,0.5796564817428589,-0.014391401782631874,0.5101957321166992,0.6270053386688232,-0.035428065806627274,0.5394144654273987,0.6195589900016785,-0.03002140484750271,0.5415072441101074,0.6017616391181946,-0.021936558187007904,0.4997938871383667,0.5440234541893005,-0.023436687886714935,0.5147551894187927,0.5825310349464417,-0.03336938098073006,0.5361922979354858,0.5881268978118896,-0.026955746114253998,0.5395932197570801,0.5790472030639648,-0.01893702708184719
0.5904003381729126,0.5739092230796814,-4.5848312879570585e-07,0.5665273666381836,0.6291270852088928,-0.01676183007657528,0.5260066986083984,0.6808999180793762,-0.026438020169734955,0.5000050663948059,0.7193443775177002,-0.036180827766656876,0.48295798897743225,0.7570990920066833,-0.04224496707320213,0.4595269560813904,0.6325939893722534,-0.0034678704105317593,0.47437286376953125,0.6744933724403381,-0.02981589548289776,0.5103104114532471,0.6619219779968262,-0.048269499093294144,0.5269005298614502,0.643170952796936,-0.05771329253911972,0.45578861236572266,0.5942738652229309,-0.005755383055657148,0.48198747634887695,0.6369444131851196,-0.029219286516308784,0.5179881453514099,0.6241822838783264,-0.03655536472797394,0.5251290202140808,0.606019914150238,-0.03753269091248512,0.4665044844150543,0.5561078786849976,-0.012610578909516335,0.49060460925102234,0.5952067375183105,-0.03411709889769554,0.5213875770568848,0.5914472341537476,-0.028177857398986816,0.5244671106338501,0.5768837928771973,-0.019675783812999725,0.48321983218193054,0.5200836062431335,-0.021948928013443947,0.4956241548061371,0.5503972172737122,-0.03209640830755234,0.5175480842590332,0.5596996545791626,-0.02517201192677021,0.5219629406929016,0.5544686913490295,-0.016910826787352562
0.6011770367622375,0.5566871762275696,-4.4394059273145103e-07,0.5806705355644226,0.6057493090629578,-0.01974528096616268,0.5444479584693909,0.654277503490448,-0.03178075700998306,0.5192650556564331,0.6908441185951233,-0.042813561856746674,0.502201497554779,0.7274097800254822,-0.05051489919424057,0.47560104727745056,0.612753689289093,-0.008148260414600372,0.4941770136356354,0.6460681557655334,-0.03472684696316719,0.5295711755752563,0.6368388533592224,-0.05385289713740349,0.5487765073776245,0.6225946545600891,-0.06372485309839249,0.47145166993141174,0.5735657811164856,-0.008968304842710495,0.4952337443828583,0.6108638048171997,-0.033383842557668686,0.532900333404541,0.6015108823776245,-0.04260830953717232,0.5448548793792725,0.5874277353286743,-0.044374823570251465,0.48204106092453003,0.5347698926925659,-0.013937031850218773,0.5070928335189819,0.5682488679885864,-0.03604220226407051,0.5371963977813721,0.5648081302642822,-0.03218245506286621,0.5413888692855835,0.5533161759376526,-0.02476794458925724,0.4980938136577606,0.4988183379173279,-0.021316198632121086,0.5108484625816345,0.526681661605835,-0.03186853602528572,0.5333043932914734,0.5331193208694458,-0.025407379493117332,0.5374903678894043,0.5278188586235046,-0.0173752810806036
0.6200066208839417,0.5727689862251282,-4.488666149882192e-07,0.6000732779502869,0.6221548318862915,-0.01779550313949585,0.5680540204048157,0.6688684821128845,-0.029487285763025284,0.5444596409797668,0.7028188109397888,-0.040328219532966614,0.5273280739784241,0.735241174697876,-0.04764990881085396,0.4925558865070343,0.6245388388633728,-0.007194553967565298,0.5131961107254028,0.6633939743041992,-0.031568996608257294,0.547733724117279,0.6525258421897888,-0.048873089253902435,0.563538134098053,0.6348409652709961,-0.05789375677704811,0.49024248123168945,0.5872901082038879,-0.008780797012150288,0.5174177885055542,0.6285969018936157,-0.03095841221511364,0.553537130355835,0.6193322539329529,-0.03845477104187012,0.5634328722953796,0.6052835583686829,-0.039604995399713516,0.5005292296409607,0.550777792930603,-0.014275634661316872,0.5267052054405212,0.587852954864502,-0.03401516377925873,0.5556643009185791,0.5848168730735779,-0.029206404462456703,0.5595154762268066,0.5727397203445435,-0.021771246567368507,0.5168971419334412,0.5153408646583557,-0.022272774949669838,0.5297973155975342,0.5439971089363098,-0.03187872841954231,0.5517467856407166,0.5523784160614014,-0.02560809627175331,0.5574413537979126,0.548460066318512,-0.017664097249507904
0.6187853813171387,0.579233705997467,-4.38902191035595e-07,0.5973227620124817,0.6298158764839172,-0.018669236451387405,0.5632094740867615,0.6774086952209473,-0.030592957511544228,0.5389614105224609,0.7120473980903625,-0.041626762598752975,0.5213087797164917,0.7446079254150391,-0.048832375556230545,0.4891718626022339,0.6318255662918091,-0.007216195110231638,0.510483980178833,0.673664927482605,-0.03309622406959534,0.5455935597419739,0.6617658138275146,-0.05077604204416275,0.5617362856864929,0.6439465284347534,-0.05959664657711983,0.48725175857543945,0.594106137752533,-0.00877575296908617,0.5148641467094421,0.6390384435653687,-0.03255283460021019,0.551313042640686,0.627533495426178,-0.039933670312166214,0.5604641437530518,0.6116101741790771,-0.04052876681089401,0.4985140860080719,0.556705892086029,-0.014600311405956745,0.5253602266311646,0.5967180132865906,-0.03594521805644035,0.5551254749298096,0.5915234088897705,-0.030546877533197403,0.558012068271637,0.577426552772522,-0.022219302132725716,0.5158013701438904,0.5207608938217163,-0.022999268025159836,0.5297025442123413,0.5519707202911377,-0.03321579471230507,0.5517961382865906,0.5584102869033813,-0.02654505893588066,0.5562794804573059,0.5522106289863586,-0.018146054819226265
0.6003727316856384,0.5754035711288452,-4.3530212678888347e-07,0.5769753456115723,0.6275374889373779,-0.01982382871210575,0.5391833782196045,0.6770498156547546,-0.031590502709150314,0.513613760471344,0.713144063949585,-0.04253505542874336,0.49529585242271423,0.7472992539405823,-0.049560051411390305,0.47204843163490295,0.6280344128608704,-0.008188505657017231,0.4876762330532074,0.669632077217102,-0.03465593233704567,0.5233834981918335,0.6587300896644592,-0.052629414945840836,0.5420035123825073,0.6417432427406311,-0.06154559925198555,0.46866318583488464,0.5896701216697693,-0.008886747993528843,0.4935604929924011,0.6335390210151672,-0.03315108269453049,0.5294721126556396,0.6214179396629333,-0.04099811241030693,0.5384071469306946,0.6031555533409119,-0.04207780957221985,0.47953009605407715,0.5521763563156128,-0.014017670415341854,0.5044363737106323,0.5899704098701477,-0.03551914542913437,0.5339105129241943,0.5859024524688721,-0.030162064358592033,0.5371054410934448,0.5706664323806763,-0.021957583725452423,0.4961964786052704,0.5168618559837341,-0.021841678768396378,0.5081376433372498,0.5458688139915466,-0.0315508097410202,0.5288436412811279,0.5553762316703796,-0.024747120216488838,0.5329751968383789,0.5507329106330872,-0.016630444675683975
0.5933281779289246,0.5784928798675537,-4.495751682043192e-07,0.5690777897834778,0.6340627670288086,-0.017065642401576042,0.531779408454895,0.6847474575042725,-0.02781318500638008,0.5055986046791077,0.7227693200111389,-0.03868892788887024,0.48769333958625793,0.7597446441650391,-0.04612283408641815,0.46524491906166077,0.6356297135353088,-0.0032437716145068407,0.47958165407180786,0.6772451400756836,-0.028769852593541145,0.5149160027503967,0.6668233275413513,-0.04791916906833649,0.5337480902671814,0.6483698487281799,-0.05787346884608269,0.461586058139801,0.5984956622123718,-0.005089412909001112,0.4881255328655243,0.6414186358451843,-0.027307888492941856,0.5214818120002747,0.6302003860473633,-0.03586061671376228,0.5310345888137817,0.6117349863052368,-0.03815256804227829,0.4712294638156891,0.5614638924598694,-0.011366816237568855,0.494870662689209,0.5995545387268066,-0.031129829585552216,0.522347092628479,0.5956236124038696,-0.026856310665607452,0.5278230309486389,0.5802919864654541,-0.01987602561712265,0.4870324730873108,0.5258152484893799,-0.020248761400580406,0.4968838691711426,0.5539503693580627,-0.02965141087770462,0.5174674987792969,0.5637345314025879,-0.02356605790555477,0.5251376628875732,0.5596327185630798,-0.016010161489248276
0.6104092001914978,0.5823042988777161,-4.252023018125328e-07,0.5872746109962463,0.6349273920059204,-0.020494289696216583,0.5510709881782532,0.6837577819824219,-0.033462658524513245,0.5262599587440491,0.7219128608703613,-0.04544573649764061,0.5082308053970337,0.7581576704978943,-0.0536341667175293,0.4820498824119568,0.6368072628974915,-0.007005850784480572,0.5009108781814575,0.676835834980011,-0.03457767143845558,0.5364763140678406,0.6654115915298462,-0.054375384002923965,0.5551431775093079,0.6485263109207153,-0.06458047032356262,0.478531152009964,0.5991774201393127,-0.007776694837957621,0.5039085745811462,0.6437732577323914,-0.032941222190856934,0.5402049422264099,0.6318362355232239,-0.0422481931746006,0.5496231317520142,0.6150780320167542,-0.04415270313620567,0.4892600178718567,0.5617654919624329,-0.013135463930666447,0.5153590440750122,0.6011614203453064,-0.03508394956588745,0.5436809659004211,0.5956950187683105,-0.030660303309559822,0.5453671813011169,0.5810040235519409,-0.023059479892253876,0.5057176351547241,0.5270578861236572,-0.021238623186945915,0.5204991698265076,0.5584012866020203,-0.031327441334724426,0.5419237017631531,0.5645363330841064,-0.024931276217103004,0.5449710488319397,0.5574774742126465,-0.017056364566087723
0.6124650239944458,0.5661101341247559,-4.373294473225542e-07,0.5934225916862488,0.617836594581604,-0.017414303496479988,0.5598507523536682,0.6668310761451721,-0.02806105837225914,0.5354641675949097,0.7009974718093872,-0.03805076330900192,0.5179839730262756,0.7330034971237183,-0.044531721621751785,0.48694679141044617,0.6253669261932373,-0.004692555870860815,0.5069496035575867,0.6655125021934509,-0.03053063340485096,0.5413928627967834,0.6529847979545593,-0.049152810126543045,0.5588467121124268,0.634640634059906,-0.05851874127984047,0.4840737283229828,0.5869365930557251,-0.006379315629601479,0.5117367506027222,0.6296646595001221,-0.029367640614509583,0.5466932058334351,0.6168637871742249,-0.037338271737098694,0.5560622811317444,0.6003553867340088,-0.038451313972473145,0.49428653717041016,0.5487897396087646,-0.012361337430775166,0.5206710696220398,0.5867362022399902,-0.03292473778128624,0.549071192741394,0.5809836387634277,-0.02807130478322506,0.5523123145103455,0.5674043297767639,-0.02017035335302353,0.5106086134910583,0.5121786594390869,-0.020797135308384895,0.5242029428482056,0.5420637130737305,-0.030926024541258812,0.5459570288658142,0.5479431748390198,-0.0245354101061821,0.5507838129997253,0.5421568155288696,-0.016247479245066643
0.6068757176399231,0.5557225346565247,-4.3918538494835957e-07,0.5855731964111328,0.6085931658744812,-0.019275594502687454,0.5487205982208252,0.6588518619537354,-0.030202660709619522,0.5233411192893982,0.6939584016799927,-0.04031046852469444,0.5033553838729858,0.7257235050201416,-0.046827275305986404,0.4800681173801422,0.6147658824920654,-0.005372447893023491,0.49846774339675903,0.6533776521682739,-0.03179430216550827,0.5338422060012817,0.6428380012512207,-0.051019664853811264,0.5534846782684326,0.6269116997718811,-0.06085910275578499,0.4762037992477417,0.5758321285247803,-0.006412904243916273,0.5006476640701294,0.6183212995529175,-0.03120790421962738,0.5374159216880798,0.6064536571502686,-0.04077047482132912,0.5491161942481995,0.5899622440338135,-0.042393021285533905,0.48640260100364685,0.5372532606124878,-0.011847790330648422,0.5120041370391846,0.5758945941925049,-0.033968642354011536,0.5417726039886475,0.5705538392066956,-0.030069611966609955,0.5450722575187683,0.5568800568580627,-0.02240530587732792,0.502385139465332,0.5012049674987793,-0.019785305485129356,0.5169841647148132,0.5329611301422119,-0.03050118498504162,0.5385755896568298,0.5378013849258423,-0.02431468293070793,0.5413143634796143,0.5305122137069702,-0.016239289194345474
0.6040714979171753,0.5638595223426819,-4.5246292756928597e-07,0.5803548693656921,0.6180274486541748,-0.015852028504014015,0.5438080430030823,0.6672906279563904,-0.02618500590324402,0.5181669592857361,0.7035666704177856,-0.03647565469145775,0.5011942982673645,0.7388089895248413,-0.043348800390958786,0.4747757613658905,0.6183932423591614,-0.0031987219117581844,0.4913204312324524,0.6612125635147095,-0.027921753004193306,0.5248976945877075,0.6512154936790466,-0.0454205721616745,0.5408673286437988,0.6338300704956055,-0.05443381890654564,0.4717984199523926,0.5809803009033203,-0.0057672965340316296,0.498383104801178,0.6274298429489136,-0.027915392071008682,0.5328623652458191,0.617435872554779,-0.03529670834541321,0.5417011380195618,0.6009262204170227,-0.03650465980172157,0.4819455146789551,0.5437321066856384,-0.012552566826343536,0.5068384408950806,0.5854164958000183,-0.03261727839708328,0.5350493788719177,0.5812016725540161,-0.027488328516483307,0.538719654083252,0.5665895342826843,-0.01985752210021019,0.4983856976032257,0.5078086256980896,-0.021728381514549255,0.5103322863578796,0.5394876003265381,-0.03187873959541321,0.5309654474258423,0.5461177825927734,-0.025623707100749016,0.5360225439071655,0.5395689606666565,-0.017699100077152252
0.6119005084037781,0.5737583637237549,-4.6597341452070395e-07,0.5871143937110901,0.6277914643287659,-0.016185365617275238,0.5507045984268188,0.676421046257019,-0.027283649891614914,0.5243829488754272,0.7117295265197754,-0.038453858345746994,0.5055117607116699,0.7455287575721741,-0.04621713608503342,0.4810143709182739,0.6263051629066467,-0.003310450818389654,0.4955306351184845,0.6710401773452759,-0.029380200430750847,0.5314346551895142,0.6624400019645691,-0.04828907921910286,0.5514956116676331,0.6453487873077393,-0.057827647775411606,0.4785629212856293,0.5891754031181335,-0.005837182980030775,0.5018336176872253,0.6370226740837097,-0.02934698946774006,0.5382030010223389,0.6270954608917236,-0.03803509846329689,0.5499350428581238,0.6106281876564026,-0.03961673006415367,0.4890729784965515,0.5525408387184143,-0.012593998573720455,0.5135607123374939,0.5954796075820923,-0.03300755098462105,0.5423637628555298,0.5905889272689819,-0.028799861669540405,0.5470587015151978,0.5755166411399841,-0.021473422646522522,0.505568265914917,0.5177294015884399,-0.021725231781601906,0.5175024271011353,0.55142742395401,-0.031267113983631134,0.5385230779647827,0.5572954416275024,-0.02503519505262375,0.5440579652786255,0.5496315956115723,-0.01705760508775711
0.6139251589775085,0.5736760497093201,-4.476539459119522e-07,0.5917806029319763,0.6283656358718872,-0.01850348338484764,0.554080605506897,0.6799978613853455,-0.0297011137008667,0.5285387635231018,0.7176616787910461,-0.040393006056547165,0.5103185176849365,0.7535098791122437,-0.0473727323114872,0.4841778874397278,0.6347678303718567,-0.005939415656030178,0.5021355152130127,0.6784994006156921,-0.03344032168388367,0.5377041697502136,0.666053056716919,-0.052900925278663635,0.5565032958984375,0.6481185555458069,-0.06287399679422379,0.48029592633247375,0.5959527492523193,-0.007570836693048477,0.5063250660896301,0.6422442197799683,-0.03332194313406944,0.5429710149765015,0.6275647282600403,-0.042203765362501144,0.552591860294342,0.6087662577629089,-0.04354741796851158,0.4906894564628601,0.5575709939002991,-0.013695264235138893,0.51678866147995,0.6001587510108948,-0.03625232353806496,0.5469765663146973,0.5935061573982239,-0.031302083283662796,0.5493907928466797,0.5782361030578613,-0.023209890350699425,0.507084310054779,0.5218641757965088,-0.02236076071858406,0.5224428176879883,0.5568382143974304,-0.033611640334129333,0.5441172122955322,0.5608876943588257,-0.027519643306732178,0.5459867715835571,0.5516601204872131,-0.019649092108011246
0.6136267781257629,0.5673583149909973,-4.4462200321504497e-07,0.5910183787345886,0.6220040917396545,-0.018921848386526108,0.5527753233909607,0.6731343269348145,-0.03015112318098545,0.5266907215118408,0.7093454599380493,-0.04069885239005089,0.5069488883018494,0.7426519393920898,-0.047453027218580246,0.48439979553222656,0.6243475675582886,-0.005386759992688894,0.5016288757324219,0.6661777496337891,-0.032769303768873215,0.5375058650970459,0.6552519202232361,-0.05227040499448776,0.5583001375198364,0.6382449269294739,-0.06202242895960808,0.4810437560081482,0.5856109857559204,-0.006705881096422672,0.5053767561912537,0.6314724683761597,-0.03166469931602478,0.5421776175498962,0.6179143786430359,-0.04061673581600189,0.553179144859314,0.5994687080383301,-0.04198870062828064,0.49179041385650635,0.5477918386459351,-0.01258573867380619,0.5177854299545288,0.5891729593276978,-0.03435389697551727,0.5475059747695923,0.5831364989280701,-0.029572047293186188,0.5505738854408264,0.5681039094924927,-0.021564096212387085,0.5084644556045532,0.5127766132354736,-0.02105075493454933,0.5232235789299011,0.5468472242355347,-0.031135985627770424,0.5448911190032959,0.5522754192352295,-0.02447640709578991,0.547859787940979,0.5446330308914185,-0.016283830627799034
0.6130729913711548,0.5608446002006531,-4.298078408737638e-07,0.5925250053405762,0.6120564937591553,-0.01913752593100071,0.5586229562759399,0.6602655053138733,-0.03067125752568245,0.534009575843811,0.6930832266807556,-0.04128684103488922,0.5118424892425537,0.7193827033042908,-0.047814592719078064,0.4859062731266022,0.61762535572052,-0.006649279501289129,0.5030074119567871,0.658147394657135,-0.03358839452266693,0.5388529896736145,0.6456603407859802,-0.05237000063061714,0.557606041431427,0.6293435096740723,-0.06169511005282402,0.4819815456867218,0.5801469683647156,-0.007687454577535391,0.5061344504356384,0.6228150725364685,-0.03286055848002434,0.5432419776916504,0.6091477870941162,-0.04174082726240158,0.5531857013702393,0.5930864810943604,-0.04276762902736664,0.49178797006607056,0.5432040691375732,-0.013085171580314636,0.5180526375770569,0.5814358592033386,-0.03486356511712074,0.5483548641204834,0.5748974084854126,-0.030136501416563988,0.5507860779762268,0.5614378452301025,-0.02199498377740383,0.5077175498008728,0.5082943439483643,-0.021087801083922386,0.5239253044128418,0.539953887462616,-0.031562551856040955,0.5458783507347107,0.5443795919418335,-0.025357788428664207,0.5480042099952698,0.5370786786079407,-0.01717793382704258
0.58921879529953,0.5460681915283203,-3.8639245758531615e-07,0.5676716566085815,0.5980930328369141,-0.018682844936847687,0.5360081791877747,0.6446324586868286,-0.030185984447598457,0.5150272846221924,0.6782326698303223,-0.04121825844049454,0.49541717767715454,0.7037162184715271,-0.04828808456659317,0.463591605424881,0.6032838821411133,-0.0057808407582342625,0.4773567318916321,0.6401381492614746,-0.030417313799262047,0.510448694229126,0.6288586854934692,-0.04749491438269615,0.5253129005432129,0.6129398941993713,-0.055914293974637985,0.4600103497505188,0.5660204887390137,-0.0068142409436404705,0.480724960565567,0.6017066240310669,-0.029930515214800835,0.5162472724914551,0.5920986533164978,-0.037950318306684494,0.5233038067817688,0.5771948099136353,-0.0387166328728199,0.4689294099807739,0.5291829705238342,-0.012128416448831558,0.4890759289264679,0.5600640773773193,-0.03339206799864769,0.5197280645370483,0.5586408972740173,-0.02870388701558113,0.5236717462539673,0.5460138320922852,-0.0203245859593153,0.4841757118701935,0.4934522211551666,-0.01995069719851017,0.49165236949920654,0.5154436826705933,-0.029682209715247154,0.513974130153656,0.5282585024833679,-0.022887716069817543,0.5209658741950989,0.5264942646026611,-0.01420164667069912
0.5622456073760986,0.5408328175544739,-4.129079513859324e-07,0.5423544645309448,0.5895546078681946,-0.016232281923294067,0.5038945078849792,0.6352797746658325,-0.024207426235079765,0.4768723249435425,0.6668888330459595,-0.03228491544723511,0.4549345374107361,0.6931782960891724,-0.03687532618641853,0.4416808485984802,0.5975310802459717,-0.0004431222623679787,0.4438203275203705,0.6302237510681152,-0.023217452690005302,0.4775908589363098,0.6181122064590454,-0.03942897170782089,0.4974466562271118,0.6027899980545044,-0.04699941724538803,0.43733376264572144,0.5606237053871155,-0.0013581496896222234,0.446851521730423,0.5920323133468628,-0.02256651781499386,0.4835890829563141,0.5817096829414368,-0.030097708106040955,0.49730321764945984,0.5691187977790833,-0.030328281223773956,0.44471243023872375,0.5227271914482117,-0.0065025403164327145,0.4558848440647125,0.550096333026886,-0.02747221104800701,0.48863887786865234,0.5479305982589722,-0.023017195984721184,0.4990718960762024,0.5382208824157715,-0.014133818447589874,0.4575307369232178,0.4858658015727997,-0.013666355982422829,0.4550989866256714,0.5046684145927429,-0.024216827005147934,0.47797900438308716,0.5165531039237976,-0.017331160604953766,0.4889279305934906,0.51731276512146,-0.00815499760210514
0.5651745796203613,0.5592387318611145,-4.6447061663457134e-07,0.543054461479187,0.6134950518608093,-0.01705947332084179,0.4998880624771118,0.6635631322860718,-0.02560419775545597,0.4699002206325531,0.7006798982620239,-0.0345146544277668,0.45091497898101807,0.7381234169006348,-0.03985448554158211,0.43946486711502075,0.6246709823608398,0.00044344423804432154,0.44284552335739136,0.6588711738586426,-0.02448037639260292,0.4794292449951172,0.6454137563705444,-0.041903555393218994,0.5014967322349548,0.6288794875144958,-0.05008471757173538,0.4338967502117157,0.5861025452613831,-0.0008736498421058059,0.4500163197517395,0.6198198795318604,-0.023212654516100883,0.4878212511539459,0.6069432497024536,-0.030861245468258858,0.5007932782173157,0.5920975804328918,-0.03150249272584915,0.4413299262523651,0.5459008812904358,-0.006928214803338051,0.45633625984191895,0.5763102769851685,-0.028514059260487556,0.4900154769420624,0.5712114572525024,-0.022992834448814392,0.4996386766433716,0.5586565732955933,-0.013849235139787197,0.4542918801307678,0.5065508484840393,-0.01527284923940897,0.4563242495059967,0.5299237966537476,-0.02565605752170086,0.4802791476249695,0.5396102666854858,-0.01816343516111374,0.4898831248283386,0.5377903580665588,-0.008948037400841713
0.5679100751876831,0.5780080556869507,-4.598602174610278e-07,0.5459242463111877,0.633765697479248,-0.017361139878630638,0.5019408464431763,0.6844569444656372,-0.025812065228819847,0.4726467430591583,0.721523106098175,-0.03467705845832825,0.45471876859664917,0.7618997693061829,-0.04013241082429886,0.4418240785598755,0.6461737155914307,0.0011071006301790476,0.44916337728500366,0.6800237894058228,-0.0253000445663929,0.4849017262458801,0.6665731072425842,-0.04446492716670036,0.5056264400482178,0.6494512557983398,-0.053766727447509766,0.435570627450943,0.607336699962616,-0.0003103750350419432,0.45434245467185974,0.640339732170105,-0.023609958589076996,0.49171432852745056,0.6274251341819763,-0.03231604024767876,0.502689778804779,0.6113346219062805,-0.03361892327666283,0.44310304522514343,0.5673218965530396,-0.006672652903944254,0.46093446016311646,0.597820520401001,-0.02855081483721733,0.4935804307460785,0.5943033695220947,-0.02320086397230625,0.5006044507026672,0.5819794535636902,-0.014211011119186878,0.45665687322616577,0.5292842388153076,-0.01546467375010252,0.46262192726135254,0.5529122352600098,-0.025353258475661278,0.48609626293182373,0.5629569888114929,-0.017729049548506737,0.4938977062702179,0.5607526302337646,-0.008602581918239594
0.566357433795929,0.5720358490943909,-4.4115844843872765e-07,0.5434650182723999,0.6273140907287598,-0.01690605841577053,0.5005130171775818,0.6759904026985168,-0.025377944111824036,0.4712646007537842,0.7116333842277527,-0.034275829792022705,0.45323485136032104,0.7499635219573975,-0.03989678993821144,0.4424717128276825,0.6363104581832886,0.0013228452298790216,0.4467960298061371,0.6705000400543213,-0.024108625948429108,0.4821632504463196,0.6566835641860962,-0.04264792054891586,0.5035275816917419,0.6406228542327881,-0.05161124840378761,0.4357108771800995,0.5978273153305054,-2.8870583264506422e-05,0.4523572027683258,0.6313457489013672,-0.023077387362718582,0.48963645100593567,0.6181111335754395,-0.03219705820083618,0.5025551319122314,0.603422224521637,-0.033637773245573044,0.44269102811813354,0.5585020184516907,-0.006106710061430931,0.4596899449825287,0.5888619422912598,-0.027575554326176643,0.4930686056613922,0.584347665309906,-0.022852618247270584,0.5023884177207947,0.5725204348564148,-0.014185856096446514,0.4557955265045166,0.5211405754089355,-0.014524351805448532,0.46299734711647034,0.5459606647491455,-0.024275053292512894,0.486983984708786,0.5552690625190735,-0.017333580181002617,0.49537235498428345,0.5529804825782776,-0.008706907741725445
0.5793935656547546,0.5778027176856995,-4.55988669045837e-07,0.5585203766822815,0.6332317590713501,-0.018301162868738174,0.5167363286018372,0.6849629878997803,-0.027545440942049026,0.4876294434070587,0.7205886244773865,-0.03668259084224701,0.4688209295272827,0.757378101348877,-0.04204893857240677,0.45283418893814087,0.6419215798377991,-0.0008465915452688932,0.4655989408493042,0.6803969144821167,-0.02843916229903698,0.5020639300346375,0.6657013297080994,-0.04823075607419014,0.5224002599716187,0.6472288370132446,-0.05783180519938469,0.4471597969532013,0.6038941740989685,-0.002150153275579214,0.46991798281669617,0.6438851356506348,-0.027072029188275337,0.5072614550590515,0.6287474036216736,-0.036161258816719055,0.5182381868362427,0.6107946038246155,-0.03725305199623108,0.45572376251220703,0.5654148459434509,-0.008399426005780697,0.4797460436820984,0.6008342504501343,-0.030933504924178123,0.5118144154548645,0.5942614078521729,-0.025618107989430428,0.5176897048950195,0.5798272490501404,-0.0164018701761961,0.47003263235092163,0.5291802287101746,-0.01728530414402485,0.48278936743736267,0.5584571361541748,-0.027361495420336723,0.5052466988563538,0.5651293992996216,-0.020137643441557884,0.5102585554122925,0.5597182512283325,-0.011141975410282612
0.5746920108795166,0.5796704292297363,-4.745635351355304e-07,0.551687479019165,0.6349126100540161,-0.017566146329045296,0.5074149966239929,0.6854366064071655,-0.026396369561553,0.4766071140766144,0.7208074331283569,-0.03542862832546234,0.45710644125938416,0.7580018639564514,-0.04075106978416443,0.4466126561164856,0.6410794258117676,2.8986209144932218e-05,0.45327526330947876,0.6791504621505737,-0.026855187490582466,0.49136701226234436,0.6661695241928101,-0.046054672449827194,0.5136811137199402,0.6493268609046936,-0.05538655072450638,0.4405001103878021,0.6026067137718201,-0.0013841250911355019,0.4599495232105255,0.6407359838485718,-0.02560362033545971,0.4981115758419037,0.6271819472312927,-0.03414049372076988,0.5103507041931152,0.6105512380599976,-0.03511747345328331,0.4487506151199341,0.5639611482620239,-0.007781373802572489,0.46825525164604187,0.5987752079963684,-0.029699310660362244,0.5012761950492859,0.5939242839813232,-0.024256564676761627,0.5089189410209656,0.5805749893188477,-0.015299756079912186,0.4630042612552643,0.5271782875061035,-0.016742760315537453,0.47336485981941223,0.5562154054641724,-0.026589371263980865,0.49668803811073303,0.5651516914367676,-0.019587183371186256,0.5030922293663025,0.5614163279533386,-0.010987067595124245
0.595686137676239,0.5845337510108948,-4.83319809063687e-07,0.5732080936431885,0.6385159492492676,-0.017732327803969383,0.5295425057411194,0.6872143149375916,-0.026712831109762192,0.49884316325187683,0.7205981612205505,-0.03571803495287895,0.47808098793029785,0.7557214498519897,-0.04096146300435066,0.4665447473526001,0.641949474811554,-0.00036570566589944065,0.47667980194091797,0.6802111864089966,-0.027294423431158066,0.514494776725769,0.6696938872337341,-0.04664740711450577,0.5368723273277283,0.6539283990859985,-0.05604246258735657,0.46190884709358215,0.6034007668495178,-0.001813732087612152,0.4824894964694977,0.6435314416885376,-0.026029711589217186,0.5207927227020264,0.6323546171188354,-0.03467307612299919,0.5333868861198425,0.616392970085144,-0.03563534840941429,0.47149187326431274,0.5649884939193726,-0.00815260037779808,0.49225735664367676,0.6005721092224121,-0.030074037611484528,0.5245240330696106,0.5969849228858948,-0.02469460666179657,0.5314306020736694,0.5836647152900696,-0.01571705937385559,0.48690614104270935,0.5285054445266724,-0.0170743390917778,0.49683910608291626,0.5562657117843628,-0.0271292794495821,0.5194630026817322,0.5664358139038086,-0.020104171708226204,0.5256646275520325,0.5637940168380737,-0.011337465606629848
0.6011642813682556,0.5864213109016418,-4.79336847547529e-07,0.5798762440681458,0.6389028429985046,-0.017790649086236954,0.5353166460990906,0.6864744424819946,-0.02574576437473297,0.5045104026794434,0.7196980714797974,-0.03372500464320183,0.48445364832878113,0.7550995349884033,-0.03803623095154762,0.4736787974834442,0.6435533761978149,0.0007645415607839823,0.4849919080734253,0.6799232363700867,-0.025111239403486252,0.5220276713371277,0.6689799427986145,-0.04386156424880028,0.5431437492370605,0.6518998146057129,-0.05286022648215294,0.46907487511634827,0.604712724685669,-0.0004691266512963921,0.4894952178001404,0.6417664289474487,-0.022947274148464203,0.5270310640335083,0.6315625309944153,-0.03111734427511692,0.5387104153633118,0.6148465871810913,-0.03184071555733681,0.47882747650146484,0.5660425424575806,-0.00658811442553997,0.4999559223651886,0.5994267463684082,-0.028062891215085983,0.532305896282196,0.5980257987976074,-0.022831181064248085,0.5395882725715637,0.5853023529052734,-0.013701730407774448,0.49438852071762085,0.5294480323791504,-0.01523528527468443,0.5021468997001648,0.5543687343597412,-0.025414030998945236,0.5248187780380249,0.5664666891098022,-0.017921095713973045,0.5332338213920593,0.5655496120452881,-0.008490310050547123
0.6056681871414185,0.5859152674674988,-4.834649303120386e-07,0.5845105648040771,0.6384256482124329,-0.018676452338695526,0.5423482060432434,0.6854305863380432,-0.028065746650099754,0.5114030838012695,0.7165380716323853,-0.036936111748218536,0.49085623025894165,0.7500981092453003,-0.042043838649988174,0.47801125049591064,0.6402336359024048,-0.0036791989114135504,0.48996374011039734,0.6776010990142822,-0.02939656935632229,0.5272439122200012,0.6670280694961548,-0.04728103056550026,0.5485605001449585,0.6502691507339478,-0.05594756454229355,0.4739159643650055,0.601538896560669,-0.0045966487377882,0.4947328567504883,0.6399470567703247,-0.027570458129048347,0.5328108072280884,0.6305276155471802,-0.03520175442099571,0.5454404950141907,0.6152963042259216,-0.03585880249738693,0.48396575450897217,0.5633574724197388,-0.0101090669631958,0.5045743584632874,0.5971975922584534,-0.03163726255297661,0.5363122820854187,0.5958738327026367,-0.026159649714827538,0.5437932014465332,0.5837758183479309,-0.017277346923947334,0.4998360574245453,0.5268994569778442,-0.018185514956712723,0.5069248676300049,0.5513203144073486,-0.02893310785293579,0.5292810201644897,0.5639737248420715,-0.02199590764939785,0.5375620126724243,0.5641446113586426,-0.013121835887432098
0.6134346723556519,0.589691698551178,-4.675476645843446e-07,0.5907526612281799,0.6432164907455444,-0.017672933638095856,0.5478081107139587,0.6896600723266602,-0.0273539237678051,0.5179572701454163,0.7227768898010254,-0.03688091039657593,0.4987161159515381,0.7587499618530273,-0.04277033731341362,0.48477068543434143,0.6436660289764404,-0.0025241589173674583,0.49718475341796875,0.6848930716514587,-0.02987843193113804,0.5340879559516907,0.6750562787055969,-0.04912548139691353,0.5544456839561462,0.6584264039993286,-0.05839410796761513,0.48146307468414307,0.6057261228561401,-0.004120275378227234,0.5046494603157043,0.6478976011276245,-0.027618899941444397,0.5416222214698792,0.6372872591018677,-0.03522424399852753,0.5518688559532166,0.6210083365440369,-0.035953279584646225,0.49206575751304626,0.56772381067276,-0.01050819642841816,0.51494961977005,0.6052872538566589,-0.03174711763858795,0.5461462140083313,0.6018973588943481,-0.02573549561202526,0.5516461730003357,0.58795166015625,-0.01674640364944935,0.5081712603569031,0.5315508842468262,-0.01953219436109066,0.5183272957801819,0.560321033000946,-0.029426436871290207,0.5405107736587524,0.5702297687530518,-0.02207287587225437,0.5468162298202515,0.5668108463287354,-0.013116713613271713
0.6177418231964111,0.5973778963088989,-4.856353825744009e-07,0.5959737300872803,0.6510298252105713,-0.01648743636906147,0.556008517742157,0.698196530342102,-0.02544582448899746,0.5269595384597778,0.7286702394485474,-0.034356724470853806,0.504525363445282,0.7578392624855042,-0.039503954350948334,0.4889482855796814,0.65412437915802,-0.0019122377270832658,0.5011262893676758,0.6964128017425537,-0.027586394920945168,0.5388235449790955,0.6866486072540283,-0.046191129833459854,0.5613998770713806,0.6693984866142273,-0.055144812911748886,0.48578882217407227,0.6158522367477417,-0.0035608436446636915,0.5087368488311768,0.6586471199989319,-0.02548646368086338,0.5456293225288391,0.6479010581970215,-0.033096712082624435,0.5576947331428528,0.6314094066619873,-0.033950500190258026,0.49637919664382935,0.5778394341468811,-0.009667564183473587,0.5188726782798767,0.6154511570930481,-0.02932579815387726,0.5490347743034363,0.6117539405822754,-0.023974280804395676,0.5546851754188538,0.5980887413024902,-0.015719061717391014,0.5128450989723206,0.5414513349533081,-0.01823151856660843,0.5228143930435181,0.5693560838699341,-0.027331426739692688,0.5443496704101562,0.5800400972366333,-0.0202772356569767,0.5507756471633911,0.5779808759689331,-0.011604496277868748
0.6219034194946289,0.5965702533721924,-4.6907769046811154e-07,0.601151704788208,0.6488606929779053,-0.018357953056693077,0.5615057349205017,0.6958059668540955,-0.027858734130859375,0.5319762229919434,0.7264907360076904,-0.03681552782654762,0.5096485614776611,0.7561631202697754,-0.041797738522291183,0.4936946928501129,0.6519274115562439,-0.003207959234714508,0.5066707730293274,0.693648099899292,-0.028652174398303032,0.5441630482673645,0.6833906173706055,-0.046735115349292755,0.566135048866272,0.6656671166419983,-0.055396050214767456,0.49061447381973267,0.613596498966217,-0.003914512228220701,0.5134146809577942,0.6562185287475586,-0.025773953646421432,0.5508543252944946,0.6461322903633118,-0.033113811165094376,0.562932014465332,0.6300569772720337,-0.03374965861439705,0.5015814304351807,0.5752090215682983,-0.009182033129036427,0.5245150923728943,0.6120922565460205,-0.029476815834641457,0.5553056597709656,0.6089453101158142,-0.024048807099461555,0.5617045164108276,0.5960017442703247,-0.015475510619580746,0.5183445811271667,0.5380041599273682,-0.017000870779156685,0.5279264450073242,0.5647570490837097,-0.026766696944832802,0.5497881174087524,0.5757583379745483,-0.019734520465135574,0.5568699836730957,0.574441134929657,-0.010871012695133686
0.6189828515052795,0.5953347682952881,-4.4626978024098207e-07,0.5971361994743347,0.6482939720153809,-0.018315983936190605,0.556427538394928,0.6936619877815247,-0.02788485586643219,0.526623010635376,0.7237581610679626,-0.03703678026795387,0.5044685006141663,0.7542965412139893,-0.04238323122262955,0.4904884397983551,0.6495378017425537,-0.0023935630451887846,0.5031113028526306,0.6907356381416321,-0.027911705896258354,0.5392878651618958,0.681326687335968,-0.04649348556995392,0.560969352722168,0.6650491952896118,-0.05546659231185913,0.4869540333747864,0.6109460592269897,-0.003073296044021845,0.5087892413139343,0.6526301503181458,-0.025112127885222435,0.5457542538642883,0.6425938606262207,-0.03304620832204819,0.5576115250587463,0.6263872385025024,-0.03406958281993866,0.4976152777671814,0.5725962519645691,-0.008325043134391308,0.5190025568008423,0.6077511310577393,-0.028488896787166595,0.5498307347297668,0.6057713031768799,-0.022983066737651825,0.5568766593933105,0.5934522747993469,-0.014329199679195881,0.5141251087188721,0.535835862159729,-0.016180988401174545,0.5221081972122192,0.5602810382843018,-0.02551557868719101,0.5438250303268433,0.5737507343292236,-0.01811191998422146,0.5516179203987122,0.5749082565307617,-0.009026532992720604
0.611772894859314,0.5909792184829712,-4.7547334247610706e-07,0.5894458889961243,0.6429277658462524,-0.016261707991361618,0.5474955439567566,0.6897331476211548,-0.025260580703616142,0.5172844529151917,0.7209442853927612,-0.03427276015281677,0.49594876170158386,0.7526503801345825,-0.039809465408325195,0.4825454652309418,0.6432632803916931,-0.000829335127491504,0.4917697608470917,0.6843822002410889,-0.026746414601802826,0.5287948846817017,0.6755127310752869,-0.04581783711910248,0.5513906478881836,0.6607887148857117,-0.05524575710296631,0.4781143367290497,0.6056908965110779,-0.0027798491064459085,0.498257040977478,0.6488285660743713,-0.02603980340063572,0.5370367765426636,0.638760507106781,-0.034463733434677124,0.550748348236084,0.623756468296051,-0.03546259179711342,0.4880561828613281,0.5679458975791931,-0.009197273291647434,0.5089621543884277,0.6055201292037964,-0.02974907122552395,0.5412161946296692,0.6018335223197937,-0.024252215400338173,0.5487357378005981,0.5886356830596924,-0.01563483104109764,0.5038819909095764,0.5319187641143799,-0.018054455518722534,0.5148577094078064,0.5613786578178406,-0.02745944634079933,0.5381377339363098,0.5710527896881104,-0.02033965103328228,0.5444005131721497,0.5674489736557007,-0.011652100831270218
0.6057307124137878,0.5887962579727173,-4.749821584937308e-07,0.5824030041694641,0.64348304271698,-0.01715357042849064,0.5406254529953003,0.6912803649902344,-0.02692999690771103,0.5100942850112915,0.7237296104431152,-0.036768846213817596,0.48962175846099854,0.7588167190551758,-0.04296514019370079,0.4773657023906708,0.6453795433044434,-0.001869344967417419,0.48743224143981934,0.6865089535713196,-0.029086442664265633,0.5250800848007202,0.6769569516181946,-0.04854230955243111,0.5478749871253967,0.6614448428153992,-0.05802405625581741,0.4723568856716156,0.6072322726249695,-0.0036084011662751436,0.4944789409637451,0.6496675610542297,-0.028000935912132263,0.5319519639015198,0.6378005146980286,-0.036792367696762085,0.5443975329399109,0.6211791634559631,-0.03806165233254433,0.48185691237449646,0.5692265629768372,-0.010005870833992958,0.504787802696228,0.6068338751792908,-0.031453292816877365,0.5364457964897156,0.6018217206001282,-0.02611609920859337,0.5430974960327148,0.5875131487846375,-0.01755499467253685,0.4972675144672394,0.5335224866867065,-0.018946640193462372,0.5103625059127808,0.5642290115356445,-0.02869894914329052,0.5328132510185242,0.5726794600486755,-0.02189265564084053,0.5381284356117249,0.5678737163543701,-0.013479814864695072
0.6130836606025696,0.5901955366134644,-4.769601105181209e-07,0.5939046740531921,0.6415576338768005,-0.018299510702490807,0.5531442165374756,0.6879315376281738,-0.027320656925439835,0.5226787328720093,0.7161327600479126,-0.0357111431658268,0.49929118156433105,0.7447770833969116,-0.04011116921901703,0.4849376380443573,0.6452558040618896,-0.002871813951060176,0.4979653060436249,0.6816731095314026,-0.028199736028909683,0.5351256728172302,0.6708844900131226,-0.045916758477687836,0.5562747120857239,0.6548874378204346,-0.054338037967681885,0.48098382353782654,0.6069248914718628,-0.0037288093008100986,0.5037238597869873,0.6451943516731262,-0.02610350400209427,0.5416096448898315,0.6351514458656311,-0.0335092730820179,0.5537221431732178,0.6206337809562683,-0.03384224697947502,0.490953654050827,0.5686252117156982,-0.009175857529044151,0.5136828422546387,0.6026224493980408,-0.029816335067152977,0.5448219776153564,0.5993719100952148,-0.024286944419145584,0.5508453249931335,0.587096631526947,-0.015455082058906555,0.5068287253379822,0.5315114259719849,-0.017185766249895096,0.5157349109649658,0.5571331977844238,-0.027147110551595688,0.5378303527832031,0.5673142671585083,-0.020038453862071037,0.5443325638771057,0.5657501816749573,-0.010997234843671322
0.608921468257904,0.5915836691856384,-4.651427900626004e-07,0.5877618789672852,0.6444960236549377,-0.016897566616535187,0.5469447374343872,0.6906189918518066,-0.025978725403547287,0.5172737240791321,0.7198017835617065,-0.03482426702976227,0.4961242079734802,0.750745952129364,-0.039988283067941666,0.48065727949142456,0.6468096375465393,-0.001603900222107768,0.49328410625457764,0.6872666478157043,-0.027573661878705025,0.5298889875411987,0.6762485504150391,-0.04613340273499489,0.5511260628700256,0.659476101398468,-0.054985225200653076,0.476881742477417,0.6087143421173096,-0.0032573696225881577,0.49921536445617676,0.6505533456802368,-0.026110008358955383,0.5373988151550293,0.6393907070159912,-0.033856816589832306,0.5495792627334595,0.623680830001831,-0.034419283270835876,0.4868724048137665,0.5703886151313782,-0.009433888830244541,0.5091103315353394,0.6065983176231384,-0.030127394944429398,0.5414633750915527,0.6028337478637695,-0.02403189428150654,0.5484344363212585,0.590204119682312,-0.014852091670036316,0.5027465224266052,0.5335263013839722,-0.018090158700942993,0.5130867958068848,0.560827374458313,-0.027511514723300934,0.536160409450531,0.5709925889968872,-0.01970657706260681,0.5428699254989624,0.5690557956695557,-0.01031320821493864
0.6108145713806152,0.5968165397644043,-4.563361244436237e-07,0.5889649391174316,0.6488316059112549,-0.01621159538626671,0.5475099682807922,0.6936724781990051,-0.02474093623459339,0.5192157030105591,0.7247268557548523,-0.03322688862681389,0.49967044591903687,0.7574137449264526,-0.038288190960884094,0.4830481708049774,0.6515529751777649,-0.00048748787958174944,0.49791204929351807,0.6903278231620789,-0.025770096108317375,0.5326250791549683,0.6792276501655579,-0.04448142275214195,0.5517075061798096,0.6621701121330261,-0.05366290360689163,0.4800959527492523,0.6132131814956665,-0.0022631739266216755,0.5034879446029663,0.6540980339050293,-0.023810751736164093,0.5403918027877808,0.6427780985832214,-0.031220661476254463,0.5511305928230286,0.6257628202438354,-0.03214140608906746,0.4908638596534729,0.5744006037712097,-0.008495856076478958,0.5106183886528015,0.6100103259086609,-0.028280306607484818,0.5412241220474243,0.6079345345497131,-0.021885249763727188,0.5477436780929565,0.5948361158370972,-0.012848959304392338,0.5073217153549194,0.5372108221054077,-0.01717783696949482,0.5116897225379944,0.5617135763168335,-0.026681162416934967,0.5338460206985474,0.5748504996299744,-0.01854262873530388,0.5425993800163269,0.5749340057373047,-0.00896486360579729
0.6073789596557617,0.590715229511261,-4.6609025616817235e-07,0.5872132778167725,0.6421601176261902,-0.014819882810115814,0.5480930209159851,0.6882312297821045,-0.02223936654627323,0.5198288559913635,0.7181282043457031,-0.029810192063450813,0.4991994798183441,0.7486668229103088,-0.03420855849981308,0.4816983640193939,0.6519861221313477,0.001366131822578609,0.49768614768981934,0.6881154775619507,-0.02348841167986393,0.5327836275100708,0.6777610182762146,-0.042006418108940125,0.5532661080360413,0.6611632108688354,-0.05094113200902939,0.4781714677810669,0.6142575740814209,-0.0009326513390988111,0.5005789995193481,0.6491828560829163,-0.022730166092514992,0.5360634326934814,0.6396691799163818,-0.03109186328947544,0.5483943819999695,0.6255438327789307,-0.03208589553833008,0.48692429065704346,0.5757879018783569,-0.007557576987892389,0.5093790888786316,0.6071574687957764,-0.027595775201916695,0.5397535562515259,0.6047708988189697,-0.023143021389842033,0.5463321208953857,0.5940771102905273,-0.015148501843214035,0.5014182329177856,0.5376462936401367,-0.016420526430010796,0.5118124485015869,0.5622255206108093,-0.026116592809557915,0.5343074798583984,0.571144700050354,-0.019319582730531693,0.5411760807037354,0.5688768625259399,-0.010531297884881496
0.5904741287231445,0.58684241771698,-4.784291718351597e-07,0.5697489976882935,0.6413102746009827,-0.01714932546019554,0.529691755771637,0.6896898746490479,-0.02596086636185646,0.5001256465911865,0.7208874821662903,-0.03455011546611786,0.48082488775253296,0.7547474503517151,-0.03957514464855194,0.4656428098678589,0.6484708189964294,-0.0015855504898354411,0.4791190028190613,0.683870255947113,-0.02718326635658741,0.5149976015090942,0.6724357604980469,-0.04561840370297432,0.5363733172416687,0.6558797359466553,-0.05453278496861458,0.4609239399433136,0.6099840402603149,-0.0029898162465542555,0.4837420880794525,0.6475082039833069,-0.025519991293549538,0.5207487940788269,0.6360747814178467,-0.033737581223249435,0.5337137579917908,0.6202666759490967,-0.03484714776277542,0.4697694182395935,0.5712534189224243,-0.008909838274121284,0.49222883582115173,0.6033974289894104,-0.02983640693128109,0.5235978364944458,0.5996724367141724,-0.02469010278582573,0.531397819519043,0.5872543454170227,-0.01609916053712368,0.48436853289604187,0.5340517163276672,-0.017259085550904274,0.4926861524581909,0.5588610172271729,-0.027231531217694283,0.5154494047164917,0.5698001384735107,-0.020097391679883003,0.5237794518470764,0.5691468119621277,-0.011231653392314911
0.588128387928009,0.5854508876800537,-4.809994607057888e-07,0.5666676759719849,0.6387296319007874,-0.01548400241881609,0.5254745483398438,0.6865130662918091,-0.023537300527095795,0.4951687455177307,0.717434287071228,-0.031721606850624084,0.47614920139312744,0.7511873245239258,-0.03663334250450134,0.462869256734848,0.644869863986969,0.00013730161299463362,0.47249138355255127,0.6809937357902527,-0.024032162502408028,0.5090345740318298,0.6704230308532715,-0.04190429672598839,0.5305339097976685,0.6548268795013428,-0.05083293467760086,0.4576801061630249,0.6065388321876526,-0.00177876022644341,0.4785408675670624,0.6435292363166809,-0.023129373788833618,0.5156100392341614,0.6329988837242126,-0.03097211755812168,0.5290961861610413,0.6189571022987366,-0.03213676065206528,0.46602946519851685,0.5681858062744141,-0.008021356537938118,0.4860585033893585,0.6018754839897156,-0.027651045471429825,0.5176255106925964,0.5984414219856262,-0.022411281242966652,0.526526927947998,0.5869520902633667,-0.014237028546631336,0.48027339577674866,0.5316329002380371,-0.016586333513259888,0.49017179012298584,0.559148907661438,-0.026011072099208832,0.5133947134017944,0.5686414837837219,-0.019163943827152252,0.5216331481933594,0.5664198994636536,-0.010746882297098637
0.5814769864082336,0.5834179520606995,-4.6393816433010215e-07,0.5601816773414612,0.6345109939575195,-0.015711585059762,0.5191549062728882,0.679475724697113,-0.02327713742852211,0.4888739287853241,0.7090680003166199,-0.03084711544215679,0.4701903760433197,0.7425670027732849,-0.03524740785360336,0.45912858843803406,0.6418708562850952,-0.0009735072962939739,0.4688057005405426,0.6742278337478638,-0.02353975921869278,0.5044558644294739,0.6637891530990601,-0.039684176445007324,0.5259001851081848,0.6485407948493958,-0.04756144806742668,0.45450425148010254,0.6034425497055054,-0.0024629016406834126,0.47348275780677795,0.6352221965789795,-0.022406302392482758,0.5091501474380493,0.6264172792434692,-0.029909605160355568,0.5226821899414062,0.6135028004646301,-0.031132519245147705,0.4628385901451111,0.5645096302032471,-0.008005709387362003,0.48086005449295044,0.5913726091384888,-0.02768084779381752,0.5116535425186157,0.5908775329589844,-0.023097286000847816,0.521310567855835,0.5819758176803589,-0.015292382799088955,0.476863294839859,0.5267834067344666,-0.015660932287573814,0.48020806908607483,0.5462769269943237,-0.026065241545438766,0.5030809640884399,0.5590939521789551,-0.019354892894625664,0.5138859152793884,0.5613822937011719,-0.010821246542036533
0.5800009369850159,0.5814393758773804,-4.6753930860177206e-07,0.559673011302948,0.6329272389411926,-0.015868976712226868,0.517739474773407,0.6788560152053833,-0.023742593824863434,0.4868414103984833,0.7091456651687622,-0.03168892487883568,0.46714043617248535,0.7423322200775146,-0.03628126159310341,0.45493772625923157,0.6404501795768738,-4.99294837936759e-05,0.46289125084877014,0.6761245131492615,-0.02415509894490242,0.49956923723220825,0.6651922464370728,-0.04146449640393257,0.5208265781402588,0.6510463953018188,-0.04999624937772751,0.4498521685600281,0.6035459637641907,-0.0017685777274891734,0.4675249457359314,0.6401934027671814,-0.02383769303560257,0.5067158341407776,0.629123866558075,-0.03107626363635063,0.5199028849601746,0.614907443523407,-0.03156127780675888,0.4584736227989197,0.5652058124542236,-0.007868253625929356,0.4741167724132538,0.5969388484954834,-0.028617219999432564,0.5070691108703613,0.594498336315155,-0.022532815113663673,0.5156970620155334,0.5830960273742676,-0.013460097834467888,0.473102331161499,0.5278774499893188,-0.016212502494454384,0.4771542251110077,0.55082106590271,-0.026795240119099617,0.5008007287979126,0.561908483505249,-0.019495876505970955,0.5093224048614502,0.5611364245414734,-0.010515628382563591
0.5767890810966492,0.5830625295639038,-4.552004497782036e-07,0.5559975504875183,0.6361744999885559,-0.016879156231880188,0.5149319767951965,0.6824657917022705,-0.025490140542387962,0.4842231869697571,0.7132053375244141,-0.03409457206726074,0.46481573581695557,0.7474022507667542,-0.039269790053367615,0.4534226953983307,0.6441534161567688,-0.0012634381419047713,0.4605676233768463,0.6806699633598328,-0.025958040729165077,0.4970502257347107,0.6685285568237305,-0.043338216841220856,0.5178040862083435,0.6528527736663818,-0.05166372284293175,0.4474540650844574,0.606885552406311,-0.002476197201758623,0.46602335572242737,0.6423546671867371,-0.02432098239660263,0.5034703016281128,0.6305307149887085,-0.03182406350970268,0.5155754685401917,0.6159206032752991,-0.032639872282743454,0.45527222752571106,0.5690200924873352,-0.008140184916555882,0.4741065800189972,0.6006085276603699,-0.028979575261473656,0.5071096420288086,0.596607506275177,-0.023408666253089905,0.5160737037658691,0.5841829776763916,-0.014611215330660343,0.4689008295536041,0.5325681567192078,-0.016149159520864487,0.4754122495651245,0.5575146079063416,-0.026416907086968422,0.49964967370033264,0.5685135722160339,-0.019187811762094498,0.5093348622322083,0.5674916505813599,-0.010264863260090351
0.5687843561172485,0.5798494219779968,-4.6252034735516645e-07,0.5504229664802551,0.6315387487411499,-0.017154045403003693,0.5087682008743286,0.6780205368995667,-0.025024399161338806,0.47774648666381836,0.7083814144134521,-0.03274976834654808,0.45812663435935974,0.74297696352005,-0.03699326515197754,0.4464935064315796,0.6435368657112122,-3.869010106427595e-05,0.45399752259254456,0.6766473650932312,-0.02473694272339344,0.4906167685985565,0.6639407873153687,-0.042268987745046616,0.5120397210121155,0.649269700050354,-0.050613533705472946,0.43972378969192505,0.6067626476287842,-0.0009537572041153908,0.45863965153694153,0.6392977237701416,-0.02294853702187538,0.497033953666687,0.6265954971313477,-0.030416645109653473,0.5100928544998169,0.6129329204559326,-0.03080887719988823,0.44671154022216797,0.5684922337532043,-0.006512083113193512,0.4658363461494446,0.5980216860771179,-0.02716631442308426,0.49879899621009827,0.5931404829025269,-0.021529754623770714,0.5075103640556335,0.5814109444618225,-0.012530919164419174,0.45955267548561096,0.5313311815261841,-0.014470269903540611,0.4689795970916748,0.5561382174491882,-0.02444065548479557,0.4926716387271881,0.5640318393707275,-0.017510367557406425,0.5002927184104919,0.5606784820556641,-0.008749867789447308
0.5806445479393005,0.5798026919364929,-4.825591304324917e-07,0.5626041889190674,0.6314385533332825,-0.01736990362405777,0.5227118730545044,0.6785041093826294,-0.0255320705473423,0.4921458065509796,0.7076458930969238,-0.03342347964644432,0.47266510128974915,0.74046391248703,-0.03768692910671234,0.4586901068687439,0.641145646572113,-0.0018500275909900665,0.4686608910560608,0.6743325591087341,-0.026558129116892815,0.5053490400314331,0.6633592247962952,-0.04380004107952118,0.5267173051834106,0.6480125188827515,-0.0520675890147686,0.4525953531265259,0.6033123135566711,-0.002820523688569665,0.4732269048690796,0.6376219987869263,-0.024717124179005623,0.5110479593276978,0.6270413994789124,-0.031819965690374374,0.5237585306167603,0.6127466559410095,-0.03222424536943436,0.46025559306144714,0.5649406909942627,-0.008351245895028114,0.4807852506637573,0.5949050784111023,-0.02904503419995308,0.5125341415405273,0.5918695330619812,-0.02339296229183674,0.5207188725471497,0.5802810192108154,-0.01454401109367609,0.4737732708454132,0.5274986624717712,-0.016335725784301758,0.48117807507514954,0.5502668619155884,-0.026743805035948753,0.5038538575172424,0.5608699917793274,-0.019893379881978035,0.5125061869621277,0.5603591203689575,-0.01116566639393568
0.5783876776695251,0.5795096755027771,-4.802287207894551e-07,0.559043288230896,0.6310468316078186,-0.016829561442136765,0.517920732498169,0.6774831414222717,-0.024907104671001434,0.4875304400920868,0.7081450819969177,-0.03283035010099411,0.4678296148777008,0.7412190437316895,-0.03718505799770355,0.45503735542297363,0.6392702460289001,-0.0019210897153243423,0.4636344015598297,0.6764727234840393,-0.02562147192656994,0.5009326934814453,0.6643157601356506,-0.04230435565114021,0.5228399634361267,0.6483522653579712,-0.05026824027299881,0.4494645595550537,0.6019130945205688,-0.0028071145061403513,0.4692290127277374,0.6383211016654968,-0.02389742247760296,0.5075558423995972,0.6265189051628113,-0.030634524300694466,0.5209008455276489,0.6119565367698669,-0.03108849935233593,0.4577581286430359,0.5635568499565125,-0.007984100840985775,0.47491705417633057,0.5949918627738953,-0.0281439870595932,0.5080249309539795,0.5921826958656311,-0.02190980687737465,0.5182822346687317,0.5809447169303894,-0.012809435836970806,0.4720643162727356,0.5265628099441528,-0.015503150410950184,0.47592267394065857,0.5478414297103882,-0.025864960625767708,0.4992915987968445,0.5606217980384827,-0.018518736585974693,0.5099424123764038,0.5622912049293518,-0.009417848661541939
0.5797196626663208,0.5789573192596436,-4.735636878194782e-07,0.5608018636703491,0.6314128637313843,-0.01672367937862873,0.5201085209846497,0.678842306137085,-0.02498616650700569,0.4892972409725189,0.7083630561828613,-0.033063456416130066,0.4694709777832031,0.7412026524543762,-0.037560854107141495,0.4569114148616791,0.6405984163284302,-0.001755035133101046,0.46588096022605896,0.6765918731689453,-0.02677055634558201,0.5028166770935059,0.664242684841156,-0.04418525472283363,0.5245462656021118,0.6483619809150696,-0.05247516930103302,0.4507545232772827,0.6030729413032532,-0.0031603462994098663,0.4706744849681854,0.6388569474220276,-0.025665756314992905,0.5087042450904846,0.626848578453064,-0.03311533108353615,0.5218426585197449,0.6125920414924622,-0.033525533974170685,0.45860153436660767,0.5649712681770325,-0.009005831554532051,0.47914034128189087,0.596908450126648,-0.029695862904191017,0.5116186141967773,0.5923725366592407,-0.023887114599347115,0.5199766159057617,0.5802924036979675,-0.01493088435381651,0.4723623991012573,0.5284160375595093,-0.017239727079868317,0.4827297329902649,0.554043710231781,-0.027157383039593697,0.5057044625282288,0.5628575682640076,-0.020119069144129753,0.5129926800727844,0.5603315234184265,-0.011356701143085957
0.5923758745193481,0.5771023035049438,-4.781966254086001e-07,0.5739458203315735,0.6269949078559875,-0.017312729731202126,0.5337302684783936,0.6719294190406799,-0.025961173698306084,0.5035809874534607,0.7011336088180542,-0.033925674855709076,0.48435625433921814,0.7339279651641846,-0.03818196803331375,0.46877628564834595,0.6333378553390503,-0.004358009900897741,0.4788247346878052,0.6678093671798706,-0.02816454879939556,0.5159406065940857,0.6568485498428345,-0.044131964445114136,0.5357888340950012,0.6418769955635071,-0.05193335562944412,0.46369749307632446,0.5963113307952881,-0.005382833536714315,0.4840565323829651,0.6313471794128418,-0.02701210230588913,0.5226556062698364,0.620618462562561,-0.03310336545109749,0.5340980291366577,0.6073217988014221,-0.03304281085729599,0.47234559059143066,0.558971107006073,-0.010604123584926128,0.4925406575202942,0.589815080165863,-0.030552107840776443,0.5246946215629578,0.5867809653282166,-0.02372387796640396,0.5317150950431824,0.5758851766586304,-0.01457175798714161,0.48670971393585205,0.5227693319320679,-0.018259353935718536,0.49474021792411804,0.5464127063751221,-0.02828698232769966,0.5178838968276978,0.5560104250907898,-0.020939815789461136,0.5252476334571838,0.5543716549873352,-0.01206211932003498
0.5972034335136414,0.5787057876586914,-4.717094839179481e-07,0.5790092349052429,0.6283279061317444,-0.017685426399111748,0.5400272011756897,0.6737947463989258,-0.02628111094236374,0.51056969165802,0.702717661857605,-0.034289512783288956,0.4903400242328644,0.7340653538703918,-0.038630664348602295,0.47529542446136475,0.6374697089195251,-0.003697966458275914,0.48824796080589294,0.6702741384506226,-0.027703456580638885,0.5242730975151062,0.660190224647522,-0.04410006105899811,0.5453718304634094,0.6445916295051575,-0.051879268139600754,0.47016000747680664,0.5999407768249512,-0.004590397700667381,0.4918476939201355,0.6333378553390503,-0.026073424145579338,0.5286760926246643,0.6235813498497009,-0.033211275935173035,0.5414448380470276,0.6088705062866211,-0.033658966422080994,0.4788362383842468,0.5618252158164978,-0.009748570621013641,0.5012551546096802,0.5906177759170532,-0.030185075476765633,0.532396137714386,0.58856201171875,-0.02493489533662796,0.5401847958564758,0.5772298574447632,-0.01645473949611187,0.49334266781806946,0.5247806310653687,-0.017307056114077568,0.500732421875,0.5462009906768799,-0.0278424434363842,0.5233875513076782,0.558408260345459,-0.021017035469412804,0.5325552225112915,0.5593954920768738,-0.012262198142707348
0.5843110084533691,0.5705863237380981,-4.3149830730726535e-07,0.5653750896453857,0.6198322772979736,-0.017909539863467216,0.5245755910873413,0.6627430319786072,-0.02639692835509777,0.49426496028900146,0.691806972026825,-0.03438456729054451,0.4745297133922577,0.7251296043395996,-0.03896725922822952,0.4634355902671814,0.6298324465751648,-0.0029753511771559715,0.47100937366485596,0.66117924451828,-0.026644697412848473,0.5062915086746216,0.6497304439544678,-0.043108683079481125,0.5273877382278442,0.6360995173454285,-0.05088493227958679,0.4575812816619873,0.5925514101982117,-0.0032497539650648832,0.4748823046684265,0.6220910549163818,-0.024591000750660896,0.5109850764274597,0.6118112206459045,-0.03229489177465439,0.5235795378684998,0.6000077128410339,-0.03322135657072067,0.4653909504413605,0.5541180372238159,-0.007778514642268419,0.4823666512966156,0.5796665549278259,-0.028067894279956818,0.5139768719673157,0.5779991745948792,-0.023081190884113312,0.5230658650398254,0.5690009593963623,-0.014761775732040405,0.4788414537906647,0.5171809792518616,-0.014639982022345066,0.4839269816875458,0.5362459421157837,-0.02505527436733246,0.5068320035934448,0.5477315783500671,-0.018509984016418457,0.5158907771110535,0.5486829876899719,-0.010047296062111855
0.576434850692749,0.568462610244751,-4.6184553070816037e-07,0.5591550469398499,0.6175037622451782,-0.016983427107334137,0.5151384472846985,0.659083366394043,-0.023868175223469734,0.48266568779945374,0.6860284209251404,-0.03031955100595951,0.4638402462005615,0.7193976044654846,-0.033334966748952866,0.45680731534957886,0.6241697669029236,-0.0011206628987565637,0.4607046842575073,0.6546273827552795,-0.023294150829315186,0.49768465757369995,0.6432133316993713,-0.03851315751671791,0.5189592838287354,0.6304663419723511,-0.04578181728720665,0.45104822516441345,0.5880444049835205,-0.0015991185791790485,0.4657505750656128,0.6184420585632324,-0.021199246868491173,0.5046399831771851,0.6091777086257935,-0.027048874646425247,0.5175040364265442,0.5985649824142456,-0.026954887434840202,0.45898911356925964,0.55092453956604,-0.006419335957616568,0.47310134768486023,0.5771868228912354,-0.026220189407467842,0.5066559910774231,0.5757573843002319,-0.019958190619945526,0.5165035724639893,0.5668129324913025,-0.010838589631021023,0.4725249409675598,0.5145570635795593,-0.013454321771860123,0.4752150774002075,0.5343257188796997,-0.024080755189061165,0.49914243817329407,0.545813798904419,-0.016965867951512337,0.5091201066970825,0.5469553470611572,-0.008115803822875023
0.5902080535888672,0.5717344880104065,-4.637076642666216e-07,0.5728676915168762,0.619306206703186,-0.01758747361600399,0.5325671434402466,0.66069495677948,-0.025787120684981346,0.5017560124397278,0.6872881650924683,-0.03323082998394966,0.48265740275382996,0.7197749614715576,-0.03707451745867729,0.4703311622142792,0.6239740252494812,-0.005258966702967882,0.4775421917438507,0.6537661552429199,-0.027354326099157333,0.5135759711265564,0.6446027755737305,-0.04181162267923355,0.535090982913971,0.6314454674720764,-0.04844196140766144,0.4657583236694336,0.5869995951652527,-0.005616089329123497,0.48381391167640686,0.6166682839393616,-0.02563345804810524,0.5216531157493591,0.6088064312934875,-0.031371891498565674,0.5359253883361816,0.5971994400024414,-0.03118796832859516,0.47474581003189087,0.5500149130821228,-0.009928485378623009,0.49237796664237976,0.5750272274017334,-0.029864706099033356,0.5252621173858643,0.5743353366851807,-0.023779800161719322,0.536820650100708,0.5653747320175171,-0.01474534347653389,0.4893516004085541,0.5141147971153259,-0.01646851748228073,0.4914701581001282,0.5308076739311218,-0.027050618082284927,0.5137008428573608,0.5433900952339172,-0.019856279715895653,0.5242607593536377,0.5459778308868408,-0.010842655785381794
0.5938106775283813,0.5749518275260925,-4.511319673383696e-07,0.573552131652832,0.6242203116416931,-0.017089415341615677,0.5321894288063049,0.6668972373008728,-0.025364680215716362,0.5009405612945557,0.6948636174201965,-0.03330933302640915,0.4802156388759613,0.7266162633895874,-0.037612080574035645,0.4691852033138275,0.628063440322876,-0.0022959085181355476,0.47783637046813965,0.6622147560119629,-0.02517993189394474,0.5136936902999878,0.6517423987388611,-0.041211385279893875,0.5339757204055786,0.6374280452728271,-0.04900740832090378,0.4642678201198578,0.5910578966140747,-0.0030362980905920267,0.48373299837112427,0.6241617202758789,-0.023221489042043686,0.5197663903236389,0.6152784824371338,-0.030174771323800087,0.5315066576004028,0.602825403213501,-0.031016219407320023,0.4733763039112091,0.5535097122192383,-0.007951720617711544,0.4922521710395813,0.5818871855735779,-0.027222318574786186,0.5231724381446838,0.5816295742988586,-0.021624550223350525,0.531954824924469,0.5724355578422546,-0.01323713082820177,0.48835045099258423,0.5172547698020935,-0.015259056352078915,0.4932578504085541,0.5370810627937317,-0.025154687464237213,0.515109658241272,0.5499985218048096,-0.018236491829156876,0.5245864987373352,0.5519567131996155,-0.009562228806316853
0.5868777632713318,0.5781167149543762,-4.6247171781033103e-07,0.5662898421287537,0.6271420121192932,-0.01649216003715992,0.5216100215911865,0.6683428287506104,-0.023753467947244644,0.48882198333740234,0.696233868598938,-0.030848190188407898,0.46863800287246704,0.7294182181358337,-0.03453236445784569,0.4615734815597534,0.6280530691146851,-0.00013871255214326084,0.46613532304763794,0.6636053323745728,-0.022381970658898354,0.5037373900413513,0.6527576446533203,-0.03821435198187828,0.5249493718147278,0.6389881372451782,-0.04602038860321045,0.4567064940929413,0.5915896892547607,-0.0009789876639842987,0.4718506932258606,0.627699077129364,-0.02101782336831093,0.5110294222831726,0.6184527277946472,-0.027375774458050728,0.5245335698127747,0.6066786646842957,-0.027663979679346085,0.46609029173851013,0.5544542670249939,-0.006081121042370796,0.47924166917800903,0.5855290293693542,-0.025886230170726776,0.5128549933433533,0.5849879384040833,-0.019623110070824623,0.5235564112663269,0.575929582118988,-0.010515278205275536,0.4812313914299011,0.518498420715332,-0.013426728546619415,0.4830254018306732,0.5407368540763855,-0.023873865604400635,0.5070604681968689,0.5542781949043274,-0.016530515626072884,0.5177337527275085,0.5562775731086731,-0.007485625334084034
0.591930627822876,0.5648713111877441,-4.6642409756714187e-07,0.5708518028259277,0.6081433892250061,-0.018087923526763916,0.5250024795532227,0.6479658484458923,-0.025906402617692947,0.4943695664405823,0.6799712181091309,-0.033031415194272995,0.4759860038757324,0.7160496711730957,-0.03673163428902626,0.46728184819221497,0.6062889695167542,-0.003377435263246298,0.471324622631073,0.6314600706100464,-0.02476314641535282,0.5079357624053955,0.626237154006958,-0.0394696481525898,0.5306828022003174,0.6166912317276001,-0.0465129092335701,0.463561087846756,0.5696440935134888,-0.003040133975446224,0.47663894295692444,0.595771074295044,-0.023036489263176918,0.5153295397758484,0.5923140048980713,-0.029821041971445084,0.5303911566734314,0.5829355120658875,-0.03015398606657982,0.4737255573272705,0.5328391790390015,-0.006731721106916666,0.48464128375053406,0.5547850131988525,-0.02710605226457119,0.5162991285324097,0.5599230527877808,-0.02259496971964836,0.5272971391677856,0.5548590421676636,-0.014330003410577774,0.4893365502357483,0.4977429509162903,-0.01247736532241106,0.48583105206489563,0.5088541507720947,-0.024032963439822197,0.5077524781227112,0.5253867506980896,-0.017668625339865685,0.5191850662231445,0.5325499773025513,-0.009051029570400715
0.5864599943161011,0.5559245944023132,-4.452606674476556e-07,0.5624383687973022,0.6002670526504517,-0.017915338277816772,0.5137556791305542,0.6364506483078003,-0.025495469570159912,0.4800761044025421,0.6656876802444458,-0.03275467827916145,0.4618854224681854,0.7018264532089233,-0.036805570125579834,0.46256089210510254,0.5890924334526062,-0.00250055268406868,0.4640151560306549,0.6066445112228394,-0.023475954309105873,0.49946802854537964,0.605224072933197,-0.03810073062777519,0.5202828049659729,0.5988715291023254,-0.04548012837767601,0.46049273014068604,0.551056981086731,-0.0023987821768969297,0.4694627821445465,0.5702170729637146,-0.022212207317352295,0.5067960619926453,0.5734521150588989,-0.02917819283902645,0.5217856764793396,0.5680203437805176,-0.03008258529007435,0.47166430950164795,0.5146856904029846,-0.006433331873267889,0.4763181209564209,0.5299339294433594,-0.027601653710007668,0.5068663358688354,0.5418195724487305,-0.023853668943047523,0.5196800827980042,0.5413463115692139,-0.01609431765973568,0.48797714710235596,0.4814712703227997,-0.012432911433279514,0.47881054878234863,0.48539501428604126,-0.025314567610621452,0.49872589111328125,0.5039426684379578,-0.019942767918109894,0.5113288164138794,0.5136642456054688,-0.012121797539293766
0.5884131193161011,0.555116593837738,-4.366940515865281e-07,0.5651496648788452,0.5995689630508423,-0.01761515624821186,0.5137819647789001,0.6325409412384033,-0.024459443986415863,0.47810715436935425,0.658942461013794,-0.031245466321706772,0.45968636870384216,0.6961667537689209,-0.03516998887062073,0.46754512190818787,0.5869167447090149,-0.0007376529974862933,0.4647780954837799,0.6017091274261475,-0.02254282869398594,0.5002799034118652,0.6007280945777893,-0.03802282735705376,0.5225912928581238,0.5956498980522156,-0.04558682069182396,0.4661523401737213,0.5488057136535645,-0.0006877142004668713,0.46936553716659546,0.5645588636398315,-0.021197419613599777,0.5075578689575195,0.5691198110580444,-0.028580645099282265,0.52603679895401,0.566551923751831,-0.029151739552617073,0.4770248234272003,0.5129029750823975,-0.0049597774632275105,0.4775295853614807,0.5259731411933899,-0.026488585397601128,0.5097072124481201,0.538631796836853,-0.02280312590301037,0.5259928703308105,0.5404858589172363,-0.014551871456205845,0.4926544725894928,0.4803771376609802,-0.011151882819831371,0.48219525814056396,0.48450160026550293,-0.024023987352848053,0.5026112198829651,0.5028877258300781,-0.018661193549633026,0.5162914395332336,0.5126898288726807,-0.010660470463335514
0.601127028465271,0.5618313550949097,-4.499256363033055e-07,0.5796199440956116,0.6039324998855591,-0.018709683790802956,0.5275230407714844,0.635672390460968,-0.025330642238259315,0.4911913573741913,0.6594030857086182,-0.031212491914629936,0.47043538093566895,0.6939464211463928,-0.033964939415454865,0.47994890809059143,0.5905561447143555,-0.0019897534511983395,0.4814557731151581,0.6063335537910461,-0.023423081263899803,0.5177034139633179,0.6070266366004944,-0.03851838409900665,0.5403473377227783,0.6030451655387878,-0.04601382091641426,0.4785819947719574,0.5519145131111145,-0.001409059390425682,0.48700278997421265,0.5694575905799866,-0.02105109952390194,0.524903416633606,0.5737426280975342,-0.028095366433262825,0.5420207381248474,0.5702791810035706,-0.028843048959970474,0.49043720960617065,0.5159292221069336,-0.005168667994439602,0.4953637719154358,0.5311203598976135,-0.026046207174658775,0.5268645882606506,0.543128490447998,-0.02192036621272564,0.5408591032028198,0.5435669422149658,-0.013860253617167473,0.5073485970497131,0.4836221933364868,-0.011014978401362896,0.4999064803123474,0.4895351827144623,-0.024127153679728508,0.5204828977584839,0.5076928734779358,-0.018794607371091843,0.5328696966171265,0.5169997215270996,-0.010912485420703888
0.6117075681686401,0.5659836530685425,-4.7159812766039977e-07,0.590700089931488,0.6106950044631958,-0.019065510481595993,0.5376136898994446,0.6407806873321533,-0.025033999234437943,0.498769611120224,0.6582069396972656,-0.029996057972311974,0.47531378269195557,0.6882657408714294,-0.03164832293987274,0.48970016837120056,0.5969193577766418,-0.003206376451998949,0.4935449957847595,0.6138832569122314,-0.0246916301548481,0.5298062562942505,0.6140179634094238,-0.03878127783536911,0.5528260469436646,0.6102451086044312,-0.045299723744392395,0.4887431859970093,0.5570604205131531,-0.0025956030003726482,0.5009176135063171,0.5761035084724426,-0.021691961213946342,0.5379124879837036,0.580211341381073,-0.027859235182404518,0.5539836287498474,0.5762737989425659,-0.02819456160068512,0.500834047794342,0.5197030901908875,-0.006405483931303024,0.5082403421401978,0.5356830954551697,-0.027515443041920662,0.5394842028617859,0.5477467775344849,-0.02308349497616291,0.5527920126914978,0.5472054481506348,-0.014895575121045113,0.5180887579917908,0.4853169023990631,-0.012321471236646175,0.5103166103363037,0.4915124177932739,-0.026144392788410187,0.5314220190048218,0.5105465650558472,-0.02060532756149769,0.5444266200065613,0.5202564597129822,-0.012362461537122726
0.6076229214668274,0.5719941258430481,-4.6523800278919225e-07,0.5858067870140076,0.6161324977874756,-0.020689191296696663,0.5335031151771545,0.6480231285095215,-0.027911467477679253,0.4952569603919983,0.6672960519790649,-0.033728212118148804,0.47058096528053284,0.6970596313476562,-0.03588434308767319,0.4836927652359009,0.6010078191757202,-0.005069295410066843,0.4890497922897339,0.6213797330856323,-0.027433520182967186,0.5261983275413513,0.6208369135856628,-0.04189802333712578,0.5486714839935303,0.6156072020530701,-0.04876488447189331,0.4823385179042816,0.5613064169883728,-0.0038244749885052443,0.4963020086288452,0.5834631323814392,-0.02438938058912754,0.5337415933609009,0.5862393975257874,-0.030872434377670288,0.5478063225746155,0.5799003839492798,-0.03137025609612465,0.49471044540405273,0.5247920155525208,-0.00711929053068161,0.5035605430603027,0.5434507131576538,-0.02889678254723549,0.5342633724212646,0.5543221831321716,-0.023955846205353737,0.5445294380187988,0.5511108636856079,-0.015572830103337765,0.5124339461326599,0.4914839565753937,-0.012742573395371437,0.5076744556427002,0.5000951886177063,-0.02660122700035572,0.5288428664207458,0.519532322883606,-0.020953956991434097,0.5395008325576782,0.5279363989830017,-0.012806469574570656
0.6173774003982544,0.5622527599334717,-4.582693691190798e-07,0.5924719572067261,0.6061612963676453,-0.0190583523362875,0.5427917838096619,0.6385161280632019,-0.027515165507793427,0.506912887096405,0.6644881367683411,-0.03543603792786598,0.4848364591598511,0.6999850869178772,-0.04025895148515701,0.4917351007461548,0.5877951383590698,-0.004097949247807264,0.4960673451423645,0.6046306490898132,-0.025609584525227547,0.5325132608413696,0.6064353585243225,-0.04113989695906639,0.5551514029502869,0.6014703512191772,-0.04908924922347069,0.49133333563804626,0.5497561693191528,-0.0037288402672857046,0.5022836923599243,0.5664411187171936,-0.023236854001879692,0.5391866564750671,0.57318514585495,-0.030875977128744125,0.5562353134155273,0.5693463683128357,-0.03268909081816673,0.5045685172080994,0.5138140916824341,-0.007426020689308643,0.5077778100967407,0.5242570638656616,-0.02904067002236843,0.537962019443512,0.5405102372169495,-0.025799304246902466,0.5537413954734802,0.5437438488006592,-0.018500862643122673,0.5232076644897461,0.48121994733810425,-0.013061033561825752,0.5114877223968506,0.47975659370422363,-0.027327662333846092,0.5308030843734741,0.5008116960525513,-0.022235555574297905,0.5454016923904419,0.5141514539718628,-0.014382117427885532
0.6192883253097534,0.5747410655021667,-4.593213986936462e-07,0.5960423946380615,0.6171423196792603,-0.019307902082800865,0.5436220765113831,0.6457926034927368,-0.026655035093426704,0.5049341917037964,0.6646813750267029,-0.03312600776553154,0.48113295435905457,0.6962621212005615,-0.03646642342209816,0.4944929778575897,0.5965835452079773,-0.0031101920176297426,0.49710431694984436,0.612608790397644,-0.024950584396719933,0.5340794920921326,0.6149517893791199,-0.04077247530221939,0.5584195256233215,0.6116888523101807,-0.04875162988901138,0.4948907494544983,0.5565470457077026,-0.0024348637089133263,0.5044491291046143,0.5729619860649109,-0.02194039523601532,0.540542483329773,0.5799200534820557,-0.029957279562950134,0.5581919550895691,0.5788788199424744,-0.03183666616678238,0.5083820819854736,0.5201134085655212,-0.0060853511095047,0.5126881003379822,0.533103346824646,-0.026944966986775398,0.5414550304412842,0.5476208925247192,-0.024154724553227425,0.5558242201805115,0.5507959127426147,-0.017414947971701622,0.52698814868927,0.4875667095184326,-0.011834648437798023,0.5178937315940857,0.49050602316856384,-0.025760820135474205,0.537484347820282,0.5108363032341003,-0.02135227620601654,0.5509928464889526,0.5233893394470215,-0.014172290451824665
0.6196308135986328,0.5771210789680481,-4.7011636183924566e-07,0.5975798964500427,0.6208350658416748,-0.020077718421816826,0.5446438789367676,0.6496956944465637,-0.02717750519514084,0.505087673664093,0.6664572358131409,-0.033077534288167953,0.47941896319389343,0.6960569620132446,-0.03544093668460846,0.4945153594017029,0.6031985878944397,-0.004332525655627251,0.49774065613746643,0.6188124418258667,-0.026120424270629883,0.5356867909431458,0.6199997663497925,-0.04058334603905678,0.5592854619026184,0.6162147521972656,-0.04748767986893654,0.4943772852420807,0.5623387694358826,-0.0033114785328507423,0.5060667991638184,0.5792334675788879,-0.02245427295565605,0.543365478515625,0.5855510234832764,-0.028954626992344856,0.5591607689857483,0.5832304358482361,-0.02978253923356533,0.5076314210891724,0.5250346064567566,-0.006728530861437321,0.5141077041625977,0.5394985675811768,-0.02782907895743847,0.5446776151657104,0.5537870526313782,-0.02358505316078663,0.5574344396591187,0.5549044013023376,-0.015774071216583252,0.5259570479393005,0.49139443039894104,-0.012294303625822067,0.517558753490448,0.49581432342529297,-0.026253273710608482,0.5377659201622009,0.5161219239234924,-0.02089201845228672,0.5501247644424438,0.5272791981697083,-0.012872962281107903
0.6072021722793579,0.5779896378517151,-4.5804162596141396e-07,0.5878438949584961,0.6220184564590454,-0.019428227096796036,0.5327101945877075,0.6462165117263794,-0.024445567280054092,0.49065783619880676,0.6549402475357056,-0.028239639475941658,0.4627494215965271,0.6789027452468872,-0.028574682772159576,0.48657697439193726,0.6044431328773499,-0.0027511927764862776,0.4841054081916809,0.6157559752464294,-0.023160601034760475,0.5224547982215881,0.6173531413078308,-0.036027941852808,0.54574054479599,0.616135835647583,-0.041917864233255386,0.4874520003795624,0.5643124580383301,-0.0014838596107438207,0.48921316862106323,0.5763681530952454,-0.020246535539627075,0.5284436941146851,0.583720862865448,-0.025425082072615623,0.5456746816635132,0.5848345160484314,-0.024798385798931122,0.5000953674316406,0.5274546146392822,-0.004737113136798143,0.5013465881347656,0.5369461178779602,-0.025378655642271042,0.5336290001869202,0.5523220896720886,-0.02056063339114189,0.5472882986068726,0.5571778416633606,-0.012105473317205906,0.5173682570457458,0.4938133955001831,-0.010008163750171661,0.5078434348106384,0.49605774879455566,-0.02330312319099903,0.5287278294563293,0.516326904296875,-0.018044166266918182,0.5407814979553223,0.5288378000259399,-0.010264710523188114
0.6226906776428223,0.5778417587280273,-4.500865031786816e-07,0.6041943430900574,0.6216590404510498,-0.020070530474185944,0.5520578026771545,0.6465811729431152,-0.025984058156609535,0.5117720365524292,0.6548184752464294,-0.030175644904375076,0.4824174642562866,0.6749978065490723,-0.030623996630311012,0.5014879703521729,0.605218768119812,-0.004922841209918261,0.5025045871734619,0.6174219250679016,-0.025023028254508972,0.5398688316345215,0.6176484823226929,-0.03742297366261482,0.5625987648963928,0.6160647869110107,-0.042932212352752686,0.5022838115692139,0.564872145652771,-0.0034714755602180958,0.5090749263763428,0.5776578187942505,-0.021412385627627373,0.5466318130493164,0.5837711095809937,-0.026638658717274666,0.563225269317627,0.5847194790840149,-0.0264462698251009,0.5148938298225403,0.5273827910423279,-0.006378237158060074,0.5190905332565308,0.5376559495925903,-0.026271799579262733,0.5498440265655518,0.5516030788421631,-0.021699927747249603,0.563256561756134,0.5556901097297668,-0.013888807967305183,0.5323945879936218,0.49285826086997986,-0.011388307437300682,0.5241924524307251,0.4953466057777405,-0.025078969076275826,0.5447716116905212,0.5155101418495178,-0.020078018307685852,0.5575950145721436,0.5284481644630432,-0.01234943512827158
0.624967098236084,0.5795561671257019,-4.304591527670709e-07,0.6042609810829163,0.6219694018363953,-0.020707886666059494,0.5536893010139465,0.6471534967422485,-0.027094557881355286,0.5134658217430115,0.654541015625,-0.03140462562441826,0.4804447889328003,0.6664669513702393,-0.03167155757546425,0.5010085701942444,0.6044289469718933,-0.006085529923439026,0.5046205520629883,0.6160366535186768,-0.024400806054472923,0.5416381359100342,0.6150158643722534,-0.03557470068335533,0.5655989646911621,0.6141101121902466,-0.040389712899923325,0.5020574331283569,0.5643497109413147,-0.0037481694016605616,0.5114983320236206,0.5773060917854309,-0.02086528390645981,0.5488052368164062,0.5830270648002625,-0.026508180424571037,0.5664523839950562,0.5849782824516296,-0.026823708787560463,0.5152308940887451,0.527259349822998,-0.0053503322415053844,0.5190062522888184,0.536299467086792,-0.024783387780189514,0.5485724210739136,0.5492618680000305,-0.021120812743902206,0.5628913640975952,0.5538408756256104,-0.013982181437313557,0.5333070158958435,0.4939805269241333,-0.008945826441049576,0.5241386294364929,0.4944098889827728,-0.022870821878314018,0.5442899465560913,0.5133244395256042,-0.01835024356842041,0.5581563711166382,0.525816798210144,-0.010824142023921013
0.6217147707939148,0.5722090601921082,-4.255447834111692e-07,0.6026036739349365,0.6157093048095703,-0.02055809646844864,0.5521510243415833,0.6421699523925781,-0.026747051626443863,0.5119799375534058,0.6490778923034668,-0.031031809747219086,0.47907209396362305,0.6598168611526489,-0.03132070228457451,0.49988505244255066,0.6002505421638489,-0.0051330565474927425,0.5001124143600464,0.6106824278831482,-0.024499092251062393,0.5374555587768555,0.6100504398345947,-0.03662194311618805,0.5619620084762573,0.6096190810203552,-0.04189335182309151,0.5005353689193726,0.5597498416900635,-0.002946290420368314,0.5062158107757568,0.5708407163619995,-0.02090407907962799,0.5439314246177673,0.5767671465873718,-0.026881996542215347,0.5621100664138794,0.5797922015190125,-0.027078157290816307,0.5128247141838074,0.5223370790481567,-0.004934186581522226,0.515593409538269,0.53059321641922,-0.024558134377002716,0.5455449819564819,0.5439556837081909,-0.020928379148244858,0.5596673488616943,0.5500761270523071,-0.013700569979846478,0.5299884080886841,0.48877814412117004,-0.008970087394118309,0.5216749310493469,0.489660382270813,-0.022523874416947365,0.542039692401886,0.5086448192596436,-0.018006419762969017,0.5551798939704895,0.5219530463218689,-0.010569341480731964
0.6018174290657043,0.5781042575836182,-4.1156332031278e-07,0.5800835490226746,0.6187700629234314,-0.017707012593746185,0.5279451012611389,0.6455965042114258,-0.02201482467353344,0.48698946833610535,0.6551497578620911,-0.026081090793013573,0.4535256624221802,0.6643131971359253,-0.02665887027978897,0.4845115840435028,0.6043741106987,0.0026958591770380735,0.47488394379615784,0.6141402721405029,-0.017544744536280632,0.5103537440299988,0.6156008243560791,-0.030673231929540634,0.5343733429908752,0.6143637895584106,-0.03611775115132332,0.4863812327384949,0.5676813125610352,0.003849652362987399,0.4793913960456848,0.5768822431564331,-0.015529129654169083,0.5171865820884705,0.583356499671936,-0.021885544061660767,0.5359407067298889,0.5840054750442505,-0.02118086814880371,0.49697351455688477,0.5327193140983582,0.0002693482965696603,0.4898108243942261,0.5378511548042297,-0.02039949595928192,0.5204339027404785,0.5515605211257935,-0.017144257202744484,0.5356283187866211,0.5559564828872681,-0.008960886858403683,0.5115712881088257,0.5001521706581116,-0.005102828145027161,0.4962090253829956,0.49826714396476746,-0.017487702891230583,0.5154428482055664,0.5155636072158813,-0.012733052484691143,0.5285357236862183,0.5260722041130066,-0.004996442701667547
0.6023367643356323,0.5768518447875977,-4.3912854152949876e-07,0.5825053453445435,0.6208599805831909,-0.018801718950271606,0.5285750031471252,0.6471672654151917,-0.023099282756447792,0.48650193214416504,0.6536712050437927,-0.026356948539614677,0.45265570282936096,0.6621877551078796,-0.02581665851175785,0.48334336280822754,0.6060289144515991,-0.001112628960981965,0.4755052924156189,0.6159814596176147,-0.019336318597197533,0.5132468342781067,0.6168203353881836,-0.030329564586281776,0.5391117334365845,0.6171926856040955,-0.034793104976415634,0.4848444163799286,0.5669465065002441,0.0003789671463891864,0.4800978899002075,0.5770140886306763,-0.01746886409819126,0.5190515518188477,0.5832465291023254,-0.022834600880742073,0.5395578742027283,0.586552619934082,-0.021939938887953758,0.496115505695343,0.5299515724182129,-0.0024550636298954487,0.48973628878593445,0.5366601943969727,-0.022176768630743027,0.5218920707702637,0.5501574873924255,-0.01827002689242363,0.5388885140419006,0.5567183494567871,-0.010172954760491848,0.5118731260299683,0.49583566188812256,-0.007118081673979759,0.4971136450767517,0.49604740738868713,-0.02038556896150112,0.5175957083702087,0.5133681893348694,-0.015749013051390648,0.5319703817367554,0.5251196026802063,-0.008096669800579548
0.6184640526771545,0.592820405960083,-4.398863495680416e-07,0.5977968573570251,0.6386500000953674,-0.02031826600432396,0.5459533333778381,0.6665485501289368,-0.02584058977663517,0.5055608153343201,0.6736823320388794,-0.029739322140812874,0.4715490937232971,0.6814432144165039,-0.029321692883968353,0.49439218640327454,0.6242678165435791,-0.002442100318148732,0.49297910928726196,0.6372209787368774,-0.022335879504680634,0.5307897925376892,0.6366235613822937,-0.03425517678260803,0.5541272163391113,0.6339000463485718,-0.03926848992705345,0.49440380930900574,0.5833806395530701,-0.0008213394903577864,0.4979882836341858,0.597152590751648,-0.01984606869518757,0.5367451310157776,0.6023408770561218,-0.025258995592594147,0.5532307624816895,0.601681649684906,-0.02429005689918995,0.5060954689979553,0.5456278920173645,-0.0037770597264170647,0.5107970833778381,0.5580864548683167,-0.024277660995721817,0.5429197549819946,0.5710051655769348,-0.019380241632461548,0.5551297068595886,0.5732215642929077,-0.010650977492332458,0.5232460498809814,0.5105810165405273,-0.00892777182161808,0.515845775604248,0.5151696801185608,-0.021970288828015327,0.5370683073997498,0.5347951650619507,-0.016305943951010704,0.5487185120582581,0.5460342764854431,-0.007833952084183693
