x0,y0,z0,x1,y1,z1,x2,y2,z2,x3,y3,z3,x4,y4,z4,x5,y5,z5,x6,y6,z6,x7,y7,z7,x8,y8,z8,x9,y9,z9,x10,y10,z10,x11,y11,z11,x12,y12,z12,x13,y13,z13,x14,y14,z14,x15,y15,z15,x16,y16,z16,x17,y17,z17,x18,y18,z18,x19,y19,z19,x20,y20,z20
0.5157834887504578,0.7088656425476074,-1.125037769611481e-07,0.48921099305152893,0.7148140072822571,-0.028027784079313278,0.4646889269351959,0.7175926566123962,-0.0480060838162899,0.47193893790245056,0.7341665029525757,-0.06315254420042038,0.500397264957428,0.7449425458908081,-0.07469052821397781,0.4824405908584595,0.6340556740760803,-0.0417083203792572,0.4766607880592346,0.6899519562721252,-0.06302208453416824,0.4763534367084503,0.6993445754051208,-0.07386110723018646,0.4792081117630005,0.6830217242240906,-0.08099818974733353,0.5128552317619324,0.6345128417015076,-0.036961134523153305,0.5059414505958557,0.7120128273963928,-0.05508659407496452,0.4992589056491852,0.7178505659103394,-0.055952440947294235,0.4988073408603668,0.6913734078407288,-0.055704016238451004,0.5385149717330933,0.6473338603973389,-0.03483947739005089,0.5323026776313782,0.720282793045044,-0.05058871582150459,0.522210955619812,0.7207143306732178,-0.042023174464702606,0.5197953581809998,0.6963241100311279,-0.033928874880075455,0.5592487454414368,0.6650816798210144,-0.03630770370364189,0.5526872277259827,0.7137356400489807,-0.050748929381370544,0.5431206226348877,0.7156585454940796,-0.04956760257482529,0.5407320261001587,0.7003638744354248,-0.045325733721256256
0.514220118522644,0.6983911991119385,-8.805336904060823e-08,0.4877898395061493,0.7046093344688416,-0.029088452458381653,0.46328005194664,0.7080475091934204,-0.04959573224186897,0.46924862265586853,0.723076343536377,-0.06477609276771545,0.49738651514053345,0.7300774455070496,-0.07651036977767944,0.4771643280982971,0.6215953826904297,-0.04320232570171356,0.47151535749435425,0.682845413684845,-0.06414490193128586,0.47423824667930603,0.6954651474952698,-0.07542312890291214,0.47863033413887024,0.6788561940193176,-0.08299549669027328,0.5083454847335815,0.62197345495224,-0.03769339621067047,0.5004923939704895,0.7000385522842407,-0.05430720001459122,0.4958818852901459,0.7065690755844116,-0.05511268973350525,0.49580931663513184,0.6822583079338074,-0.05542610213160515,0.53495192527771,0.6354610323905945,-0.034705132246017456,0.5265727639198303,0.7083157896995544,-0.04877035319805145,0.5181459784507751,0.7083796858787537,-0.039889682084321976,0.5170881152153015,0.6855063438415527,-0.03221798315644264,0.556159257888794,0.6541417241096497,-0.03531605005264282,0.5465196371078491,0.7029858827590942,-0.04790491610765457,0.5384371876716614,0.7037651538848877,-0.04577666148543358,0.5379765033721924,0.6888521909713745,-0.04140862077474594
0.5125988125801086,0.694380521774292,-8.80798367575153e-08,0.4875151216983795,0.700876772403717,-0.02806903049349785,0.4642249345779419,0.7048807740211487,-0.047408897429704666,0.4692035913467407,0.7207870483398438,-0.06168671324849129,0.4963473081588745,0.7286815643310547,-0.07266973704099655,0.4767504334449768,0.6189139485359192,-0.04079904779791832,0.4720209240913391,0.6793782114982605,-0.06119208782911301,0.4724118113517761,0.6895143985748291,-0.0727212131023407,0.4756121039390564,0.6725397109985352,-0.0803711786866188,0.5066831111907959,0.6198216080665588,-0.035530298948287964,0.5009246468544006,0.6978967189788818,-0.05219772830605507,0.49485376477241516,0.7002402544021606,-0.05373745784163475,0.4943895936012268,0.6752495169639587,-0.0541829876601696,0.5326803922653198,0.633628249168396,-0.03271123766899109,0.5259103775024414,0.7073982954025269,-0.04716617614030838,0.5159151554107666,0.7043946981430054,-0.03921493887901306,0.5139356255531311,0.6800146102905273,-0.0317126102745533,0.5528952479362488,0.6524870991706848,-0.03341031074523926,0.5438727736473083,0.703619658946991,-0.046584825962781906,0.5355098247528076,0.7000758647918701,-0.04547499120235443,0.5351589322090149,0.6810152530670166,-0.04149696230888367
0.5152580142021179,0.7032498121261597,-9.858515426230952e-08,0.49112260341644287,0.7088395357131958,-0.02759484574198723,0.46942421793937683,0.7122218608856201,-0.04655814915895462,0.47531062364578247,0.726685643196106,-0.060730136930942535,0.501829981803894,0.7329619526863098,-0.0715927854180336,0.48013564944267273,0.6245664358139038,-0.03895820304751396,0.475151002407074,0.681917667388916,-0.05954219028353691,0.47570136189460754,0.6927710175514221,-0.07122758775949478,0.47857317328453064,0.6762275099754333,-0.0790029764175415,0.5101194977760315,0.6251351237297058,-0.0340803898870945,0.5037965178489685,0.7013201117515564,-0.05108759179711342,0.4977699816226959,0.7074421644210815,-0.052654046565294266,0.496843546628952,0.6829062104225159,-0.05302409082651138,0.5359753370285034,0.6388551592826843,-0.031824205070734024,0.5286773443222046,0.7116856575012207,-0.046130817383527756,0.5184900760650635,0.7126068472862244,-0.03775349259376526,0.5159918069839478,0.6895012855529785,-0.030155422165989876,0.5560508370399475,0.6578715443611145,-0.03313423693180084,0.5470603704452515,0.7089326977729797,-0.045888885855674744,0.5381539463996887,0.7092255353927612,-0.04437006264925003,0.5371734499931335,0.6923538446426392,-0.04024288430809975
0.5137454271316528,0.7072738409042358,-9.534770839536577e-08,0.4885292053222656,0.7130386233329773,-0.027518320828676224,0.46552765369415283,0.716962456703186,-0.04644334316253662,0.47118937969207764,0.732854425907135,-0.06036368012428284,0.49820372462272644,0.740145206451416,-0.07116157561540604,0.47797492146492004,0.6301940083503723,-0.04021323099732399,0.47390395402908325,0.6894902586936951,-0.060227349400520325,0.4747311472892761,0.6993866562843323,-0.07173430174589157,0.47688379883766174,0.6821126341819763,-0.07958964258432388,0.508253276348114,0.6299651861190796,-0.0349695160984993,0.5013052225112915,0.7081449031829834,-0.050750765949487686,0.49601417779922485,0.7122786641120911,-0.05217263847589493,0.49506905674934387,0.6876349449157715,-0.05302783101797104,0.5344486236572266,0.6428274512290955,-0.03209051862359047,0.5262711048126221,0.7169495820999146,-0.0454728864133358,0.5172721743583679,0.7161543369293213,-0.03728577867150307,0.5154033899307251,0.6929059624671936,-0.030195681378245354,0.5550957322120667,0.6608529686927795,-0.03270982578396797,0.5458438992500305,0.7118357419967651,-0.045049767941236496,0.5383999347686768,0.7113034725189209,-0.04348022863268852,0.5383967161178589,0.6943051815032959,-0.03956401348114014
0.51396644115448,0.7075231671333313,-9.019387192665818e-08,0.48845064640045166,0.7147908210754395,-0.027987835928797722,0.46481961011886597,0.7200176119804382,-0.047716956585645676,0.47030264139175415,0.7351402640342712,-0.0624106265604496,0.49729639291763306,0.7411993741989136,-0.07405644655227661,0.4763698875904083,0.6334709525108337,-0.041522473096847534,0.4723122715950012,0.6929693222045898,-0.06201335787773132,0.47326162457466125,0.7043678760528564,-0.07379544526338577,0.47525885701179504,0.6877760291099548,-0.08201755583286285,0.5070855021476746,0.6340118050575256,-0.036743633449077606,0.5001505613327026,0.7114542126655579,-0.05401263013482094,0.494631290435791,0.7175015211105347,-0.05650906264781952,0.4931051731109619,0.6931184530258179,-0.05806940793991089,0.5335376262664795,0.6475529074668884,-0.03429832309484482,0.5249425172805786,0.7209694385528564,-0.04858090355992317,0.5161900520324707,0.7201615571975708,-0.04087831825017929,0.5138429999351501,0.6959533095359802,-0.034232303500175476,0.554093599319458,0.6661868095397949,-0.035318490117788315,0.5443623065948486,0.7180425524711609,-0.04817511513829231,0.5380426645278931,0.715998113155365,-0.04681094363331795,0.5383017063140869,0.6965467929840088,-0.04320432245731354
0.5157750844955444,0.7131127715110779,-4.9846331506842034e-08,0.48965469002723694,0.7215222120285034,-0.028431741520762444,0.46597573161125183,0.7292461395263672,-0.04823705181479454,0.4718710780143738,0.7470605373382568,-0.06273774802684784,0.4988892674446106,0.755171000957489,-0.07408212870359421,0.47862738370895386,0.6437610983848572,-0.04354460909962654,0.4727139472961426,0.7056925296783447,-0.06408493220806122,0.4738992750644684,0.7107346057891846,-0.07570438832044601,0.47661587595939636,0.6918888688087463,-0.08355603367090225,0.5089241862297058,0.6441602110862732,-0.03811383247375488,0.5009279251098633,0.7244005799293518,-0.054520558565855026,0.4974641799926758,0.7211066484451294,-0.056014932692050934,0.4971745014190674,0.694738507270813,-0.05679509416222572,0.535327672958374,0.6573535203933716,-0.03488641604781151,0.5256351232528687,0.7332624197006226,-0.04879457876086235,0.5189098715782166,0.7260444164276123,-0.03966440260410309,0.5178634524345398,0.6999436020851135,-0.031546879559755325,0.5559481978416443,0.6757904887199402,-0.03530405834317207,0.5455572009086609,0.7292420864105225,-0.04885657876729965,0.5401545763015747,0.7227450609207153,-0.04735168442130089,0.5412340760231018,0.7007685899734497,-0.04295813664793968
0.5162109136581421,0.7184914350509644,-7.741388685644779e-08,0.4899447560310364,0.726780354976654,-0.027989642694592476,0.4665919542312622,0.7334258556365967,-0.04736541956663132,0.4734807014465332,0.7511276602745056,-0.06157567352056503,0.5012190341949463,0.7591907978057861,-0.07264057546854019,0.4792819023132324,0.6476816534996033,-0.042387574911117554,0.47480878233909607,0.7081503868103027,-0.06270962208509445,0.47449028491973877,0.7148697376251221,-0.07398707419633865,0.47588369250297546,0.6968902945518494,-0.0816173329949379,0.5093140006065369,0.647867739200592,-0.03735751658678055,0.5027234554290771,0.7270236015319824,-0.054032787680625916,0.49751952290534973,0.7265499234199524,-0.05552757531404495,0.49639272689819336,0.7010270953178406,-0.05623948946595192,0.5355200171470642,0.6609543561935425,-0.03461663797497749,0.527394711971283,0.7359325885772705,-0.049131885170936584,0.5190227031707764,0.7313253879547119,-0.04058343917131424,0.5171546339988708,0.7059093713760376,-0.03280748426914215,0.5560360550880432,0.6791624426841736,-0.03544364124536514,0.5470054745674133,0.7312659621238708,-0.04926096275448799,0.5407314300537109,0.7264098525047302,-0.048019181936979294,0.540995717048645,0.7051694989204407,-0.043934863060712814
0.5125468969345093,0.7281496524810791,-9.819708424174678e-08,0.4864327013492584,0.7361973524093628,-0.028942231088876724,0.46262484788894653,0.7413942813873291,-0.04929804429411888,0.4701310098171234,0.7569077014923096,-0.0645853653550148,0.4984279274940491,0.7627806067466736,-0.07668542861938477,0.47371435165405273,0.653652548789978,-0.0427275225520134,0.47081905603408813,0.7118971943855286,-0.0648149624466896,0.47185495495796204,0.7233555912971497,-0.07693296670913696,0.47341978549957275,0.7065052390098572,-0.08482758700847626,0.5047316551208496,0.6527213454246521,-0.03778083622455597,0.49938642978668213,0.7310819625854492,-0.056097935885190964,0.493735671043396,0.7392873764038086,-0.057563796639442444,0.4917808473110199,0.714481770992279,-0.0577741302549839,0.5315989851951599,0.6648702621459961,-0.03550804406404495,0.5252334475517273,0.7391847968101501,-0.051068101078271866,0.5159507393836975,0.74022376537323,-0.04234393313527107,0.5129557847976685,0.7160513997077942,-0.03425801917910576,0.5528953671455383,0.6822002530097961,-0.03686199709773064,0.5451992750167847,0.7333163022994995,-0.050597161054611206,0.5377206802368164,0.7341992855072021,-0.04870780557394028,0.5369082689285278,0.7170354127883911,-0.04410700127482414
0.5112318396568298,0.7266663312911987,-8.954366137459147e-08,0.48556312918663025,0.736173152923584,-0.0286641214042902,0.46160566806793213,0.7421953678131104,-0.04834333434700966,0.46922844648361206,0.7580162882804871,-0.06283669173717499,0.4979281723499298,0.7645688652992249,-0.07406570762395859,0.47208371758461,0.6558323502540588,-0.043114397674798965,0.4701860547065735,0.7145141959190369,-0.06435093283653259,0.470200777053833,0.7242622971534729,-0.07576163858175278,0.471296489238739,0.7073443531990051,-0.08322696387767792,0.5029916167259216,0.6541814208030701,-0.037853192538022995,0.49915874004364014,0.7330548763275146,-0.05534761771559715,0.4925973117351532,0.7368689775466919,-0.056146007031202316,0.49013280868530273,0.7113651037216187,-0.05580563470721245,0.5299249291419983,0.6659929752349854,-0.03508372604846954,0.5245183706283569,0.7410905361175537,-0.04992426186800003,0.5147911906242371,0.7383714318275452,-0.04030005261301994,0.5117847919464111,0.713399350643158,-0.031375110149383545,0.5511413216590881,0.6830847859382629,-0.03597782924771309,0.54365473985672,0.7349573969841003,-0.05015059560537338,0.5363720059394836,0.7315101027488708,-0.048467040061950684,0.5360241532325745,0.7116310000419617,-0.043597061187028885
0.5106094479560852,0.726515531539917,-8.219495128969356e-08,0.48457854986190796,0.7356303334236145,-0.02855846658349037,0.4607931971549988,0.7422105669975281,-0.049002792686223984,0.46810048818588257,0.7580387592315674,-0.06442973762750626,0.49627912044525146,0.7644520998001099,-0.07663852721452713,0.471899151802063,0.654792070388794,-0.04315970838069916,0.46912145614624023,0.7155995965003967,-0.06470416486263275,0.47039854526519775,0.7253003716468811,-0.07662101089954376,0.4727019667625427,0.7086198329925537,-0.08443361520767212,0.5031765699386597,0.6537582874298096,-0.038402218371629715,0.4985385537147522,0.7345300912857056,-0.05630398169159889,0.49237552285194397,0.7382283806800842,-0.0576300285756588,0.4902076721191406,0.7139326930046082,-0.05768843740224838,0.5302150845527649,0.6659696698188782,-0.03612685948610306,0.5237658023834229,0.7414267063140869,-0.05115528404712677,0.5148242115974426,0.7382064461708069,-0.04165678471326828,0.5122373104095459,0.7134251594543457,-0.0328538604080677,0.5515643358230591,0.6836161017417908,-0.03751436248421669,0.5434632301330566,0.7353187203407288,-0.051178090274333954,0.5362447500228882,0.7320501804351807,-0.048858024179935455,0.5356820225715637,0.7122412323951721,-0.04363083839416504
0.5112608671188354,0.7255752682685852,-7.47284047974972e-08,0.48455125093460083,0.7341066598892212,-0.02784174680709839,0.4608422815799713,0.7408991456031799,-0.047860801219940186,0.468045711517334,0.7569361925125122,-0.06291017681360245,0.4960945248603821,0.765120267868042,-0.07484022527933121,0.4726308286190033,0.6534157395362854,-0.041809335350990295,0.46887609362602234,0.7153379321098328,-0.06261277943849564,0.47081804275512695,0.7243627905845642,-0.0745907798409462,0.4739322066307068,0.7074418067932129,-0.08255282044410706,0.5038173794746399,0.6529186964035034,-0.03711667284369469,0.49792975187301636,0.7337960004806519,-0.05406320095062256,0.49337393045425415,0.7355425953865051,-0.056056272238492966,0.4923793077468872,0.7112095952033997,-0.057046256959438324,0.5308376550674438,0.6654505133628845,-0.03476109355688095,0.5231915712356567,0.7413461208343506,-0.04898260533809662,0.5153895020484924,0.7377586960792542,-0.04045696556568146,0.5134598016738892,0.7134565114974976,-0.03266001120209694,0.552312433719635,0.6832069754600525,-0.03599587455391884,0.5434162616729736,0.735207200050354,-0.04860552027821541,0.5369483828544617,0.7317531108856201,-0.04644039645791054,0.5367888808250427,0.712192177772522,-0.04171803593635559
0.5119086503982544,0.7228594422340393,-6.915261963058583e-08,0.486731618642807,0.7314001321792603,-0.028116250410676003,0.46354204416275024,0.7385683059692383,-0.04820520058274269,0.4706246554851532,0.7549731731414795,-0.06313605606555939,0.4985092580318451,0.7619802951812744,-0.07497237622737885,0.4756568968296051,0.6509827375411987,-0.043271925300359726,0.4710153043270111,0.7119953632354736,-0.0632481724023819,0.47161778807640076,0.7199056148529053,-0.07486430555582047,0.47374457120895386,0.7025615572929382,-0.08303143084049225,0.5060790181159973,0.6507443189620972,-0.038285959511995316,0.4993569254875183,0.7302703261375427,-0.05443643033504486,0.4946097433567047,0.7311901450157166,-0.0563277043402195,0.4936997592449188,0.7064481377601624,-0.05777919292449951,0.532625138759613,0.66343754529953,-0.03541690483689308,0.5246500968933105,0.7386082410812378,-0.04877607896924019,0.5167166590690613,0.7347289323806763,-0.0402725487947464,0.5149653553962708,0.7103473544120789,-0.03313892334699631,0.553577184677124,0.6816568970680237,-0.036153022199869156,0.5443289279937744,0.7333457469940186,-0.04851320758461952,0.5380185842514038,0.7298592925071716,-0.04659365862607956,0.5386398434638977,0.7101384401321411,-0.042457614094018936
0.511910080909729,0.7265855073928833,-7.973278570716502e-08,0.4862056374549866,0.7347137331962585,-0.028356852009892464,0.46277114748954773,0.7407917976379395,-0.04816937819123268,0.46951931715011597,0.7567405104637146,-0.06283514201641083,0.49744492769241333,0.7641595602035522,-0.07432371377944946,0.47425568103790283,0.6524676084518433,-0.041633978486061096,0.47106054425239563,0.7140814661979675,-0.06204482913017273,0.47240978479385376,0.7245134115219116,-0.07389891147613525,0.4751282036304474,0.7074740529060364,-0.08202686905860901,0.5049996376037598,0.652526319026947,-0.036412496119737625,0.4991304874420166,0.7314422726631165,-0.05269261822104454,0.4938948452472687,0.7351477146148682,-0.0543905645608902,0.49288254976272583,0.7107143402099609,-0.05546317994594574,0.5316079258918762,0.6656255125999451,-0.03360237553715706,0.5243216156959534,0.7398694157600403,-0.04741891473531723,0.5159697532653809,0.7378846406936646,-0.03928916156291962,0.5142949819564819,0.7140331864356995,-0.03213095664978027,0.5527191758155823,0.6838179230690002,-0.034362755715847015,0.5438922047615051,0.7344732880592346,-0.04690870642662048,0.536936342716217,0.7327104210853577,-0.045252181589603424,0.5369963049888611,0.7147163152694702,-0.04121594876050949
0.5122511386871338,0.727010190486908,-7.757394371310511e-08,0.48685914278030396,0.7359251976013184,-0.02796175889670849,0.4642866551876068,0.7436842322349548,-0.04761335626244545,0.47100281715393066,0.7599846720695496,-0.0621473491191864,0.4977228045463562,0.7657762169837952,-0.07361845672130585,0.47407644987106323,0.6562007069587708,-0.04224875196814537,0.4717664420604706,0.7190436720848083,-0.06282538175582886,0.47248944640159607,0.7282776832580566,-0.07487456500530243,0.47437894344329834,0.7107622623443604,-0.08327901363372803,0.5043836832046509,0.6554168462753296,-0.03730209916830063,0.5001094937324524,0.7351270914077759,-0.05416369438171387,0.4944761097431183,0.7371191382408142,-0.05656442418694496,0.49259480834007263,0.7120230793952942,-0.05817525461316109,0.5310367941856384,0.6675620079040527,-0.034587085247039795,0.5251741409301758,0.7431278228759766,-0.04901229962706566,0.5168694853782654,0.7399370670318604,-0.0413392074406147,0.5145507454872131,0.714792788028717,-0.03456364944577217,0.5523727536201477,0.6851797103881836,-0.03533143177628517,0.5445678234100342,0.7384792566299438,-0.0488363653421402,0.5381198525428772,0.7351484894752502,-0.047792594879865646,0.5380903482437134,0.7145678997039795,-0.04418935626745224
0.5114904046058655,0.7304844260215759,-7.867431861541263e-08,0.4860715866088867,0.7392353415489197,-0.028996305540204048,0.4637792706489563,0.7457100749015808,-0.049128223210573196,0.4713141918182373,0.7613612413406372,-0.06397535651922226,0.49843740463256836,0.7670208811759949,-0.07567131519317627,0.47428226470947266,0.6571829915046692,-0.04303199052810669,0.4719046652317047,0.7197409868240356,-0.06405756622552872,0.4731839895248413,0.7307407855987549,-0.07626298069953918,0.4753533899784088,0.7135536670684814,-0.0846993550658226,0.5050646066665649,0.6569429039955139,-0.037722427397966385,0.5004838109016418,0.7360252141952515,-0.05511252582073212,0.4946029782295227,0.7398025989532471,-0.05740826949477196,0.49249181151390076,0.7144975066184998,-0.0587482824921608,0.531769335269928,0.6697380542755127,-0.03479975834488869,0.5256285667419434,0.7442017793655396,-0.04954857751727104,0.5171284079551697,0.7417120337486267,-0.04148205742239952,0.5148100852966309,0.7163946032524109,-0.034267596900463104,0.5528322458267212,0.6877309679985046,-0.035438455641269684,0.5452188849449158,0.7394015192985535,-0.049059633165597916,0.5387304425239563,0.7368115186691284,-0.047723643481731415,0.5387648344039917,0.7167028188705444,-0.04376843571662903
0.5130805969238281,0.7256857752799988,-6.56387584285767e-08,0.4865262508392334,0.7339379191398621,-0.028398336842656136,0.4635673463344574,0.7406574487686157,-0.04857293888926506,0.4702385663986206,0.7568448185920715,-0.06353721767663956,0.497706800699234,0.7648534774780273,-0.07544108480215073,0.4744935929775238,0.6532387733459473,-0.042702458798885345,0.4702332019805908,0.7165204286575317,-0.06354788690805435,0.4733640253543854,0.7265615463256836,-0.07585638016462326,0.4773952066898346,0.7097565531730652,-0.0841466411948204,0.5054818391799927,0.6537059545516968,-0.0375279039144516,0.4986133575439453,0.7341676950454712,-0.054118216037750244,0.49509158730506897,0.7363405227661133,-0.05628437176346779,0.49517130851745605,0.7124695777893066,-0.057656411081552505,0.5324493050575256,0.6673104166984558,-0.034633804112672806,0.5243511199951172,0.7426427602767944,-0.048478927463293076,0.5173576474189758,0.7388159036636353,-0.04017021507024765,0.5164802074432373,0.7143102884292603,-0.032832901924848557,0.5539703965187073,0.6861359477043152,-0.03529965132474899,0.5443059802055359,0.7381822466850281,-0.047782108187675476,0.5387199521064758,0.7340695858001709,-0.04578847438097,0.539795458316803,0.7137531042098999,-0.041444823145866394
0.5136034488677979,0.7224546074867249,-5.6286150851292405e-08,0.4876905679702759,0.730728030204773,-0.028041334822773933,0.46446508169174194,0.7387492656707764,-0.04789336025714874,0.4703375995159149,0.7561984658241272,-0.06261079013347626,0.4973231852054596,0.7648147344589233,-0.07423528283834457,0.4754641652107239,0.6526093482971191,-0.04279020056128502,0.4704819917678833,0.7141417860984802,-0.06338400393724442,0.47139933705329895,0.7203550338745117,-0.07532886415719986,0.4737081825733185,0.7025306820869446,-0.08337625116109848,0.505568265914917,0.6533949375152588,-0.0377865731716156,0.49836069345474243,0.7334747910499573,-0.05425232648849487,0.49427011609077454,0.7321716547012329,-0.056031156331300735,0.4939614236354828,0.707346498966217,-0.05703219398856163,0.5320456624031067,0.6670278906822205,-0.03502226620912552,0.523613452911377,0.7423259615898132,-0.04927645996212959,0.5165262222290039,0.7366688847541809,-0.040785785764455795,0.5155755281448364,0.7117437720298767,-0.033054281026124954,0.5532598495483398,0.6856444478034973,-0.035814009606838226,0.5439175367355347,0.7379871606826782,-0.04924101009964943,0.5384852886199951,0.732555091381073,-0.04766882210969925,0.5397002696990967,0.7115617990493774,-0.043313879519701004
0.512294590473175,0.726848304271698,-8.158242081890421e-08,0.48602479696273804,0.7343848943710327,-0.028174076229333878,0.4626162648200989,0.74043208360672,-0.04821255803108215,0.46894392371177673,0.756644606590271,-0.06308979541063309,0.4960300326347351,0.7639469504356384,-0.0748383104801178,0.47456830739974976,0.6540940403938293,-0.04301829636096954,0.4707755744457245,0.7162044048309326,-0.06391920894384384,0.47274935245513916,0.7269138693809509,-0.07599848508834839,0.4757348895072937,0.710213840007782,-0.08435075730085373,0.5052277445793152,0.6545760035514832,-0.03813522681593895,0.4991574287414551,0.7339894771575928,-0.05533229187130928,0.49408888816833496,0.7374913692474365,-0.057549018412828445,0.49298393726348877,0.7130288481712341,-0.05897606164216995,0.5318633913993835,0.6681385636329651,-0.03553415834903717,0.5247460603713989,0.7428561449050903,-0.04989482834935188,0.5161731839179993,0.7399815320968628,-0.041754983365535736,0.5141977667808533,0.7154489755630493,-0.03471750766038895,0.5530644059181213,0.6867865324020386,-0.03645498305559158,0.5447128415107727,0.7390634417533875,-0.0498834028840065,0.538236141204834,0.7357684373855591,-0.048614129424095154,0.5383809804916382,0.7158583998680115,-0.04487467557191849
0.5128505825996399,0.7251054048538208,-6.291330123531225e-08,0.4864932596683502,0.7328354120254517,-0.02777254395186901,0.4625336527824402,0.7398121356964111,-0.047764264047145844,0.468715101480484,0.7568166255950928,-0.06279485672712326,0.49647825956344604,0.765380859375,-0.07464530318975449,0.47528764605522156,0.6540605425834656,-0.04197964817285538,0.4697111248970032,0.7159970998764038,-0.06319819390773773,0.4724777340888977,0.7248543500900269,-0.07552959769964218,0.4766593873500824,0.7074584364891052,-0.08367739617824554,0.5060744285583496,0.6547958850860596,-0.0371854230761528,0.49796217679977417,0.7356346845626831,-0.05400707945227623,0.49344703555107117,0.7360854148864746,-0.055511221289634705,0.49312493205070496,0.7103927135467529,-0.05602225661277771,0.5326383113861084,0.6688297986984253,-0.0347750298678875,0.5233679413795471,0.7444742321968079,-0.04870660603046417,0.5157753229141235,0.7386027574539185,-0.03921785578131676,0.5147621035575867,0.7128719687461853,-0.030658002942800522,0.5536141991615295,0.6879327297210693,-0.03598162159323692,0.542924165725708,0.7409664392471313,-0.04919512942433357,0.5372832417488098,0.7346938848495483,-0.04707881435751915,0.5384771227836609,0.7125712633132935,-0.04211169108748436
0.512087881565094,0.7283337712287903,-7.441303750965744e-08,0.4860653281211853,0.7361702919006348,-0.02822990156710148,0.4626460075378418,0.7421998977661133,-0.04783179238438606,0.4692014157772064,0.7584117650985718,-0.06235732510685921,0.4969281256198883,0.7661429643630981,-0.07373343408107758,0.47593948245048523,0.6562512516975403,-0.04190411418676376,0.4717414677143097,0.7168623208999634,-0.06287455558776855,0.4724977910518646,0.7252699136734009,-0.07507897168397903,0.47523555159568787,0.7076501846313477,-0.08329572528600693,0.5066266655921936,0.656771183013916,-0.03689949959516525,0.5004178285598755,0.7360355854034424,-0.05406834930181503,0.4943690896034241,0.7369299530982971,-0.05611075088381767,0.49317899346351624,0.7117866277694702,-0.057033076882362366,0.5331330299377441,0.6704187393188477,-0.03429543972015381,0.5257681608200073,0.7451251149177551,-0.049074120819568634,0.5168503522872925,0.7401633858680725,-0.040780045092105865,0.5149983167648315,0.7145109176635742,-0.033010661602020264,0.5539773106575012,0.6892750263214111,-0.035261981189250946,0.5455640554428101,0.7414510846138,-0.04908813163638115,0.5387928485870361,0.7361881136894226,-0.04775853082537651,0.5389605164527893,0.7147808074951172,-0.04346513748168945
0.5127394199371338,0.729641854763031,-6.86174104203019e-08,0.48708468675613403,0.7369512915611267,-0.027971528470516205,0.4632580280303955,0.7432616353034973,-0.047901373356580734,0.46893569827079773,0.7602907419204712,-0.06289909034967422,0.4966503083705902,0.770067572593689,-0.07477714866399765,0.47703567147254944,0.657098114490509,-0.04147111997008324,0.47164204716682434,0.717830240726471,-0.06239119544625282,0.47185006737709045,0.7255851626396179,-0.07469294220209122,0.4741705060005188,0.7080541849136353,-0.08302093297243118,0.5071796178817749,0.6584315896034241,-0.03666123375296593,0.49934327602386475,0.7373092174530029,-0.05348297208547592,0.4940210282802582,0.738177478313446,-0.05521203577518463,0.49355536699295044,0.7136515378952026,-0.05599990114569664,0.5332179665565491,0.6727960109710693,-0.03428690508008003,0.5247786045074463,0.7469654679298401,-0.048846472054719925,0.5163907408714294,0.742874801158905,-0.04025043174624443,0.5151146054267883,0.7184582948684692,-0.03231765329837799,0.5538194179534912,0.6922313570976257,-0.03551209345459938,0.5446838140487671,0.7436202764511108,-0.04907514527440071,0.5379103422164917,0.7397098541259766,-0.04751606285572052,0.5382616519927979,0.7200894951820374,-0.0431230254471302
0.5127654075622559,0.7312206029891968,-7.927637568627688e-08,0.48663708567619324,0.7391567230224609,-0.028492284938693047,0.4627445340156555,0.7451261878013611,-0.04882192239165306,0.4691956043243408,0.7614291310310364,-0.06412642449140549,0.4969559609889984,0.7709627747535706,-0.07618916779756546,0.47774600982666016,0.6573639512062073,-0.04173516109585762,0.4722796678543091,0.7170925140380859,-0.06198222562670708,0.47251129150390625,0.7258550524711609,-0.07358025759458542,0.4752933979034424,0.7082852125167847,-0.08162163197994232,0.5081190466880798,0.6586718559265137,-0.03680114820599556,0.49979090690612793,0.7362350821495056,-0.053235527127981186,0.4945117235183716,0.7383314967155457,-0.05518213286995888,0.4945787787437439,0.713043749332428,-0.0564858503639698,0.5341554880142212,0.672727108001709,-0.03426498919725418,0.5254600644111633,0.7459657192230225,-0.048544853925704956,0.5168336629867554,0.7435237765312195,-0.040763530880212784,0.5156001448631287,0.719188392162323,-0.03385281562805176,0.555018424987793,0.6919723749160767,-0.03531574085354805,0.5454832911491394,0.7426450252532959,-0.04819557070732117,0.5380966067314148,0.7408266067504883,-0.04681331291794777,0.5380751490592957,0.7228686213493347,-0.043032724410295486
0.5136318802833557,0.7299165725708008,-7.193809636873993e-08,0.4876873791217804,0.7378778457641602,-0.028127744793891907,0.4646379351615906,0.7456069588661194,-0.04827921465039253,0.4705662429332733,0.7633063793182373,-0.06330765038728714,0.49705779552459717,0.7723659873008728,-0.07526762783527374,0.478439062833786,0.6590156555175781,-0.043171629309654236,0.47320306301116943,0.7209673523902893,-0.0629187598824501,0.4728506803512573,0.7280016541481018,-0.07423079013824463,0.4745349884033203,0.7099552154541016,-0.08226053416728973,0.5084407925605774,0.6603542566299438,-0.038167111575603485,0.500339686870575,0.7393021583557129,-0.054350655525922775,0.49552640318870544,0.738335907459259,-0.05645209550857544,0.4950161278247833,0.7129946947097778,-0.05807003751397133,0.5346423983573914,0.6740458607673645,-0.03522346541285515,0.5253990888595581,0.7478033304214478,-0.04927825182676315,0.5179089307785034,0.7427532076835632,-0.041381094604730606,0.5166814923286438,0.7175895571708679,-0.03449869155883789,0.5553630590438843,0.6928781867027283,-0.03576698526740074,0.545522928237915,0.7438214421272278,-0.048928309231996536,0.5398440361022949,0.7390641570091248,-0.047595154494047165,0.5408116579055786,0.7181751728057861,-0.04382990300655365
0.5113266706466675,0.7314339280128479,-6.408674124713798e-08,0.4851539134979248,0.7393540143966675,-0.028910988941788673,0.46250367164611816,0.7455341815948486,-0.049203358590602875,0.4694889485836029,0.7617897987365723,-0.06419463455677032,0.49706903100013733,0.7699086666107178,-0.0760752260684967,0.4765692949295044,0.6591416001319885,-0.04371672868728638,0.47223976254463196,0.7219097018241882,-0.06459623575210571,0.4726346731185913,0.7302382588386536,-0.0764077752828598,0.4753621220588684,0.712052047252655,-0.08449319005012512,0.5072050094604492,0.6607835292816162,-0.03851284086704254,0.49994394183158875,0.7388792037963867,-0.05558345094323158,0.49394479393959045,0.7393563985824585,-0.0574781596660614,0.493173748254776,0.7130888104438782,-0.05858463793992996,0.533428430557251,0.6750582456588745,-0.035604726523160934,0.5248175859451294,0.7487149834632874,-0.05010832101106644,0.5157451629638672,0.7440831661224365,-0.041546307504177094,0.5141838788986206,0.7183089256286621,-0.033956654369831085,0.5538957118988037,0.6944349408149719,-0.03631816431879997,0.5441722869873047,0.7453814744949341,-0.049720972776412964,0.5370653867721558,0.7404360771179199,-0.048129092901945114,0.5374959111213684,0.7195367217063904,-0.044014591723680496
0.5131796598434448,0.7306658029556274,-6.085025461288751e-08,0.4880542457103729,0.7385850548744202,-0.02844257466495037,0.466457337141037,0.7466443181037903,-0.04868507385253906,0.4730336368083954,0.7648561000823975,-0.06366747617721558,0.49853813648223877,0.7724210619926453,-0.07575737684965134,0.47711119055747986,0.662006676197052,-0.04466434195637703,0.4732747972011566,0.724282443523407,-0.06566154211759567,0.47338709235191345,0.7320438027381897,-0.07780738174915314,0.47481492161750793,0.7144849300384521,-0.08624807000160217,0.5072945952415466,0.6626076102256775,-0.039556313306093216,0.5009554028511047,0.7414831519126892,-0.056988783180713654,0.49537718296051025,0.7415066361427307,-0.05949488654732704,0.493670791387558,0.7161024808883667,-0.0611526221036911,0.5336810350418091,0.675947904586792,-0.03651292622089386,0.5259234309196472,0.7504405975341797,-0.05120231211185455,0.5179047584533691,0.7457836866378784,-0.04295435920357704,0.5159786343574524,0.7198456525802612,-0.03576929494738579,0.5541703104972839,0.6943922638893127,-0.036943066865205765,0.5449422597885132,0.7477293610572815,-0.05086829513311386,0.5391730070114136,0.7426486611366272,-0.049654897302389145,0.5402215719223022,0.7201207876205444,-0.045845095068216324
0.5137311816215515,0.7323806881904602,-5.964606941688544e-08,0.48811301589012146,0.7404563426971436,-0.028771840035915375,0.46549081802368164,0.7481537461280823,-0.04876057431101799,0.47168099880218506,0.7661020755767822,-0.06330295652151108,0.49869096279144287,0.7752854228019714,-0.07462657988071442,0.4784310460090637,0.6617901921272278,-0.043736912310123444,0.4735352694988251,0.7253625392913818,-0.06444442272186279,0.473882257938385,0.7320312857627869,-0.07645221799612045,0.47631216049194336,0.7134928703308105,-0.0847519263625145,0.508780300617218,0.6630562543869019,-0.03821573778986931,0.5013654828071594,0.7430831789970398,-0.05487707629799843,0.49649709463119507,0.7410596609115601,-0.056749772280454636,0.49647122621536255,0.7143321633338928,-0.05801507458090782,0.535041332244873,0.6770856380462646,-0.03493863716721535,0.5267238020896912,0.752368152141571,-0.0493648387491703,0.518470048904419,0.7460116744041443,-0.04094596207141876,0.5174657106399536,0.7198010087013245,-0.03345567733049393,0.5557014346122742,0.6962598562240601,-0.035275716334581375,0.5463509559631348,0.7482421398162842,-0.04921096935868263,0.5397635102272034,0.7420871257781982,-0.04819277673959732,0.5406044721603394,0.72044438123703,-0.04437372460961342
0.5134047865867615,0.7312877774238586,-6.956961584592136e-08,0.48819875717163086,0.7390946745872498,-0.027654146775603294,0.4654013514518738,0.7475928664207458,-0.04771113395690918,0.4717230200767517,0.7669263482093811,-0.06279019266366959,0.49792617559432983,0.7767156958580017,-0.0747833400964737,0.47997140884399414,0.6634448170661926,-0.043870776891708374,0.4752109944820404,0.7251803278923035,-0.06490951031446457,0.47369349002838135,0.7309838533401489,-0.0769955962896347,0.4751201570034027,0.7131217122077942,-0.0853094607591629,0.5099977850914001,0.6642355918884277,-0.03903338313102722,0.5023068189620972,0.7445063591003418,-0.05586601793766022,0.4952525794506073,0.7429949641227722,-0.05720214545726776,0.49418893456459045,0.7172482013702393,-0.05789807066321373,0.5358572006225586,0.6779012084007263,-0.03635083884000778,0.5273756980895996,0.7535220980644226,-0.050916124135255814,0.5182411670684814,0.7469245791435242,-0.04203236475586891,0.516895592212677,0.7209025621414185,-0.03404705598950386,0.5562699437141418,0.6969782114028931,-0.03718947619199753,0.5470801591873169,0.7493122220039368,-0.05152058228850365,0.5398440361022949,0.7430406808853149,-0.05028845742344856,0.5402719378471375,0.72185879945755,-0.04603658616542816
0.5134950876235962,0.7301689982414246,-6.184662737496183e-08,0.4887467324733734,0.7386394739151001,-0.029142264276742935,0.46640121936798096,0.7480714917182922,-0.04967090114951134,0.47236981987953186,0.7680279016494751,-0.06473547965288162,0.4988130033016205,0.7772464156150818,-0.07656141370534897,0.48069384694099426,0.6636191606521606,-0.04591039940714836,0.47580206394195557,0.7267650365829468,-0.06709978729486465,0.47403907775878906,0.7327447533607483,-0.07880852371454239,0.47530898451805115,0.7143754959106445,-0.08693967014551163,0.5109374523162842,0.6648845672607422,-0.040244948118925095,0.5030225515365601,0.7444289326667786,-0.05725354328751564,0.49595025181770325,0.7431915402412415,-0.05823105201125145,0.4948980212211609,0.7165548801422119,-0.05883223935961723,0.5366567373275757,0.6787861585617065,-0.03681721165776253,0.5277409553527832,0.7540844082832336,-0.05156559497117996,0.5181871652603149,0.7482079267501831,-0.0423368439078331,0.516622006893158,0.722514808177948,-0.03429039567708969,0.5565930604934692,0.6979215145111084,-0.03703629598021507,0.5473515391349792,0.7497599720954895,-0.05184755474328995,0.539486289024353,0.7445524334907532,-0.05086643993854523,0.539473295211792,0.7245992422103882,-0.04690840467810631
0.5140458345413208,0.7291617393493652,-6.174116862212031e-08,0.4887450933456421,0.7376112341880798,-0.028571907430887222,0.46636027097702026,0.7469437718391418,-0.04940291866660118,0.47311490774154663,0.7671576738357544,-0.06495005637407303,0.49923720955848694,0.7780903577804565,-0.0774555578827858,0.4821154773235321,0.6636359691619873,-0.0458807572722435,0.4771944582462311,0.7250177264213562,-0.06670331954956055,0.4753466546535492,0.7301632165908813,-0.0783722847700119,0.4767051935195923,0.7125861048698425,-0.08660294860601425,0.5118011832237244,0.6653116345405579,-0.04059223830699921,0.5035826563835144,0.7422349452972412,-0.057076577097177505,0.49711376428604126,0.7418932914733887,-0.05811215937137604,0.4968802034854889,0.7159810662269592,-0.05915939807891846,0.5369211435317993,0.6790387630462646,-0.03744633123278618,0.5285186171531677,0.7517420053482056,-0.051938798278570175,0.518478274345398,0.7477119565010071,-0.043444473296403885,0.5165542960166931,0.723014771938324,-0.03636159375309944,0.5566707849502563,0.6979098320007324,-0.037842679768800735,0.5482379794120789,0.7476745247840881,-0.052002303302288055,0.5394428372383118,0.7450495958328247,-0.05111323669552803,0.5385928750038147,0.7275426983833313,-0.04777999222278595
0.5123305320739746,0.7287144660949707,-3.3044393887848855e-08,0.4876892566680908,0.7371767163276672,-0.02862785942852497,0.4657382667064667,0.7460659742355347,-0.04909498617053032,0.4727371633052826,0.7654739618301392,-0.06430334597826004,0.49870291352272034,0.7755537033081055,-0.07657604664564133,0.48009949922561646,0.6619380116462708,-0.04513278231024742,0.4744550883769989,0.7229094505310059,-0.0662054643034935,0.47436022758483887,0.7273677587509155,-0.07857972383499146,0.4771862030029297,0.7102082967758179,-0.08684608340263367,0.5103527903556824,0.6628895401954651,-0.03969213739037514,0.5017262101173401,0.7414265275001526,-0.05585687980055809,0.4969048798084259,0.7379767894744873,-0.057331059128046036,0.4973783791065216,0.7136346697807312,-0.05828476324677467,0.5360035300254822,0.6768842339515686,-0.03641529381275177,0.5262455344200134,0.7510359287261963,-0.05018353834748268,0.5182757377624512,0.7442514300346375,-0.04105309769511223,0.5176622867584229,0.7203331589698792,-0.03297536447644234,0.5559585690498352,0.6963441371917725,-0.036808595061302185,0.5458957552909851,0.7470396757125854,-0.04994039982557297,0.5387668609619141,0.7416650652885437,-0.04790593311190605,0.5394148230552673,0.7230969071388245,-0.04320984333753586
0.5134696364402771,0.7299140095710754,-5.382943513154714e-08,0.48728394508361816,0.738743245601654,-0.027994224801659584,0.4641001224517822,0.7470823526382446,-0.04802298918366432,0.47074466943740845,0.7648972868919373,-0.06292913109064102,0.49803170561790466,0.7733863592147827,-0.07483956217765808,0.4776473343372345,0.6614325046539307,-0.042672302573919296,0.4738488793373108,0.7246058583259583,-0.063260518014431,0.4737195372581482,0.7306311726570129,-0.07574649900197983,0.47549688816070557,0.7120852470397949,-0.08448690176010132,0.5078496932983398,0.6623716354370117,-0.037750884890556335,0.5014595985412598,0.7409674525260925,-0.054004520177841187,0.4966261684894562,0.7384973764419556,-0.056267790496349335,0.49610835313796997,0.7121421098709106,-0.05808710679411888,0.5340662598609924,0.6757421493530273,-0.03503258526325226,0.5263286828994751,0.7496991753578186,-0.048909056931734085,0.5184581279754639,0.743671715259552,-0.04077855497598648,0.5171082019805908,0.718063235282898,-0.03379178047180176,0.5548155903816223,0.6944129467010498,-0.03589491546154022,0.5459260940551758,0.7459201812744141,-0.04895947128534317,0.5396014451980591,0.7401004433631897,-0.04758712649345398,0.5400934219360352,0.7186377644538879,-0.043840985745191574
0.5133270025253296,0.7308757901191711,-6.030115429211946e-08,0.48723217844963074,0.7391164302825928,-0.028736507520079613,0.4644612669944763,0.7469574213027954,-0.04906139150261879,0.4709773063659668,0.7650247812271118,-0.06405942887067795,0.4977831244468689,0.7746210694313049,-0.07594954967498779,0.4781148433685303,0.6618378162384033,-0.04399868845939636,0.47372618317604065,0.7246894836425781,-0.06452230364084244,0.4740217924118042,0.7324298024177551,-0.07624348998069763,0.47640377283096313,0.714221179485321,-0.08437014371156693,0.5087684392929077,0.6632075905799866,-0.03864975646138191,0.501331090927124,0.7415133714675903,-0.05524435639381409,0.49582940340042114,0.7407499551773071,-0.05713261291384697,0.4952302873134613,0.7148417234420776,-0.05840853974223137,0.5350587368011475,0.6770752668380737,-0.035492341965436935,0.5262516736984253,0.7507565021514893,-0.049890682101249695,0.5179632902145386,0.7450354099273682,-0.041799649596214294,0.5167909860610962,0.7193831205368042,-0.034596238285303116,0.5556201338768005,0.6960132718086243,-0.03586495667695999,0.545978307723999,0.747381865978241,-0.04939951375126839,0.5394465327262878,0.7418475151062012,-0.04821334406733513,0.5400604605674744,0.7211217880249023,-0.044433772563934326
0.5120699405670166,0.7349662780761719,-8.494850334272996e-08,0.4872433543205261,0.7421093583106995,-0.028279557824134827,0.46531859040260315,0.7489702701568604,-0.047868676483631134,0.4715467691421509,0.7667128443717957,-0.06225794926285744,0.4974629878997803,0.7755789756774902,-0.07352554053068161,0.478579580783844,0.6617497801780701,-0.04230201989412308,0.4748461842536926,0.722709596157074,-0.06239835545420647,0.47402071952819824,0.7314326167106628,-0.07384046912193298,0.4754578173160553,0.7140735983848572,-0.08193119615316391,0.5092662572860718,0.6628211736679077,-0.037085603922605515,0.5019015073776245,0.7400845885276794,-0.0536816269159317,0.4956308901309967,0.7430862784385681,-0.05583875626325607,0.49439647793769836,0.71828693151474,-0.05744659900665283,0.5353727340698242,0.6766639947891235,-0.03411228954792023,0.5264865756034851,0.7499536275863647,-0.04848749563097954,0.5172727704048157,0.7486846446990967,-0.04103901609778404,0.5151982307434082,0.7247077226638794,-0.03461720794439316,0.5556022524833679,0.695753276348114,-0.03462839871644974,0.5463380217552185,0.746974766254425,-0.047921039164066315,0.5388235449790955,0.7463461756706238,-0.04702660068869591,0.5386284589767456,0.7291877269744873,-0.04375864192843437
0.5134573578834534,0.7341662049293518,-7.222474351920027e-08,0.48762473464012146,0.7418364882469177,-0.028009459376335144,0.4648025929927826,0.7494388818740845,-0.047865282744169235,0.4711975157260895,0.7671571969985962,-0.062499064952135086,0.4979756474494934,0.7753827571868896,-0.07394161075353622,0.47729992866516113,0.662529706954956,-0.04274404048919678,0.4739397168159485,0.7266778945922852,-0.06328089535236359,0.4751548171043396,0.7361745834350586,-0.07529618591070175,0.47784850001335144,0.7182888388633728,-0.08375954627990723,0.5080533623695374,0.6633766889572144,-0.03757340461015701,0.5015082359313965,0.7431589961051941,-0.05398028716444969,0.4964507818222046,0.7442461252212524,-0.055694881826639175,0.4959105849266052,0.7181800603866577,-0.056977517902851105,0.5345112085342407,0.6772838830947876,-0.03460819274187088,0.5264026522636414,0.7521965503692627,-0.04841558635234833,0.5180864334106445,0.7483914494514465,-0.03973007947206497,0.5167038440704346,0.7232833504676819,-0.032405730336904526,0.5553256273269653,0.6965207457542419,-0.03516298532485962,0.5457928776741028,0.748952329158783,-0.04855945333838463,0.5392856597900391,0.7445969581604004,-0.04726767539978027,0.5399802923202515,0.7238062024116516,-0.043474555015563965
0.5135510563850403,0.7364333271980286,-6.471657343354309e-08,0.4875246286392212,0.7442626357078552,-0.028029901906847954,0.46440815925598145,0.7518775463104248,-0.04810386896133423,0.47112417221069336,0.7691950798034668,-0.0630834698677063,0.49853193759918213,0.77762770652771,-0.07500185072422028,0.47789743542671204,0.6641361713409424,-0.04219033569097519,0.4733073115348816,0.726824939250946,-0.06289593130350113,0.47353553771972656,0.7343588471412659,-0.07543404400348663,0.4758315086364746,0.7163125276565552,-0.08413102477788925,0.5083764791488647,0.6652691960334778,-0.037291914224624634,0.5010902285575867,0.7442628145217896,-0.053659044206142426,0.4958478808403015,0.7439286708831787,-0.05581267923116684,0.49538418650627136,0.7183597683906555,-0.05736961588263512,0.5347484350204468,0.6793009638786316,-0.03469337895512581,0.5261682271957397,0.7535051107406616,-0.04867582768201828,0.5179300308227539,0.7482123374938965,-0.04056369513273239,0.5167021155357361,0.7229211330413818,-0.03345143422484398,0.5555756092071533,0.6986483931541443,-0.03565441071987152,0.5460014343261719,0.7497979402542114,-0.048791270703077316,0.5393091440200806,0.744410514831543,-0.04738125950098038,0.5397902131080627,0.7235824465751648,-0.04346972703933716
0.5110098719596863,0.7366135716438293,-6.282277809077641e-08,0.48582524061203003,0.7444121837615967,-0.027888856828212738,0.4644724428653717,0.7512972950935364,-0.04750468581914902,0.47201427817344666,0.7688024044036865,-0.06204678490757942,0.4976084232330322,0.7772713303565979,-0.0737227201461792,0.47549742460250854,0.6653450727462769,-0.042069870978593826,0.47281089425086975,0.7269339561462402,-0.06315775960683823,0.4727689027786255,0.734825849533081,-0.07623833417892456,0.4741281270980835,0.7173827290534973,-0.08535684645175934,0.5058092474937439,0.6657140851020813,-0.037122391164302826,0.49999773502349854,0.7427743673324585,-0.05365731194615364,0.4948059022426605,0.7446094751358032,-0.056229230016469955,0.49357062578201294,0.7198444604873657,-0.05824945494532585,0.5320351123809814,0.6791053414344788,-0.03446979820728302,0.5252115726470947,0.7518656849861145,-0.04849044978618622,0.5169644355773926,0.749886691570282,-0.04079868644475937,0.5151214003562927,0.7261859774589539,-0.0342659093439579,0.5529502630233765,0.6976694464683533,-0.03531690686941147,0.5452101826667786,0.7482576966285706,-0.04857274517416954,0.5382550954818726,0.7463321089744568,-0.04746371880173683,0.5384224653244019,0.7282406687736511,-0.04398450627923012
0.5106440186500549,0.7351145148277283,-6.649972306149721e-08,0.4855538010597229,0.7424935102462769,-0.027735987678170204,0.4638555943965912,0.7497532367706299,-0.047460660338401794,0.4709559977054596,0.7670990228652954,-0.062165889889001846,0.4965454638004303,0.7759153842926025,-0.07400789856910706,0.47604599595069885,0.6637333035469055,-0.042619068175554276,0.4729866087436676,0.7258331179618835,-0.06340660899877548,0.4721389412879944,0.7327636480331421,-0.0762108564376831,0.47322770953178406,0.7149118781089783,-0.08520828932523727,0.506279706954956,0.6643022298812866,-0.0376916229724884,0.49974489212036133,0.7433578372001648,-0.05443404242396355,0.4939364492893219,0.7431638240814209,-0.05725836008787155,0.4928884208202362,0.717931866645813,-0.05938170105218887,0.5324935913085938,0.6779137849807739,-0.03486740589141846,0.5247479677200317,0.7520834803581238,-0.04920778423547745,0.5164210200309753,0.747593343257904,-0.04179474338889122,0.514801025390625,0.7228352427482605,-0.03523949906229973,0.5532931089401245,0.6967639923095703,-0.035480886697769165,0.5446115732192993,0.7488065361976624,-0.04899436607956886,0.5379133820533752,0.7442301511764526,-0.04803561791777611,0.5383291244506836,0.7239011526107788,-0.04448864609003067
0.5123416781425476,0.7372323870658875,-6.960322451732281e-08,0.48741304874420166,0.7449231743812561,-0.028043201193213463,0.46566203236579895,0.7515302300453186,-0.04783088341355324,0.4723774492740631,0.7683781981468201,-0.0625632181763649,0.4976043999195099,0.7763111591339111,-0.07435972988605499,0.4760061800479889,0.6655934453010559,-0.04237449914216995,0.47272083163261414,0.7259350419044495,-0.06349900364875793,0.4724026620388031,0.7336933016777039,-0.0762113481760025,0.47363168001174927,0.7160563468933105,-0.08501911163330078,0.5059332847595215,0.6657885313034058,-0.03741486370563507,0.5002077221870422,0.7425124645233154,-0.0546967051923275,0.49499720335006714,0.74422687292099,-0.057529840618371964,0.49368441104888916,0.7190873026847839,-0.05946032330393791,0.5320613980293274,0.6788127422332764,-0.03470565378665924,0.5252667665481567,0.7515219449996948,-0.049628846347332,0.5170305967330933,0.7485580444335938,-0.04248734936118126,0.5147772431373596,0.7233795523643494,-0.0360742062330246,0.5528333783149719,0.6970105171203613,-0.03540520742535591,0.5448516607284546,0.7486308217048645,-0.04897091165184975,0.5386580228805542,0.745017409324646,-0.04818588122725487,0.5390107035636902,0.7243527173995972,-0.04488837346434593
0.5109384059906006,0.7409000396728516,-8.738861367874051e-08,0.4847661852836609,0.7479597330093384,-0.02767670713365078,0.4630211591720581,0.7527205348014832,-0.04680517688393593,0.4708608388900757,0.7694426774978638,-0.06088600307703018,0.4964746832847595,0.7779496908187866,-0.07189744710922241,0.4758549928665161,0.6663313508033752,-0.0413377471268177,0.4734208881855011,0.7275950908660889,-0.061920057982206345,0.47192394733428955,0.7363625764846802,-0.07418245077133179,0.4727591872215271,0.7190943956375122,-0.08272691071033478,0.5063049793243408,0.6670762300491333,-0.036391790956258774,0.5005679726600647,0.7457906007766724,-0.05328644812107086,0.49375590682029724,0.7472060322761536,-0.05563105270266533,0.4923221468925476,0.7219574451446533,-0.05712556838989258,0.5327004790306091,0.6810123324394226,-0.03371316194534302,0.5253902673721313,0.7547914981842041,-0.048058390617370605,0.5163115859031677,0.7504390478134155,-0.040151722729206085,0.5144510269165039,0.7246506214141846,-0.033081188797950745,0.5535285472869873,0.7002030611038208,-0.03449064493179321,0.5449875593185425,0.7512041926383972,-0.04828508943319321,0.5381187796592712,0.7454850077629089,-0.04738634079694748,0.5385897159576416,0.7238417863845825,-0.04365416616201401
0.5108076930046082,0.7393321990966797,-8.088760239388648e-08,0.4851658046245575,0.7467893958091736,-0.028565209358930588,0.46232593059539795,0.7533531188964844,-0.04872240126132965,0.46877235174179077,0.7694138288497925,-0.0637197196483612,0.49515554308891296,0.7766793966293335,-0.07567470520734787,0.47515755891799927,0.6658403873443604,-0.04224550724029541,0.47281843423843384,0.7294415831565857,-0.06349068135023117,0.47314754128456116,0.7398523092269897,-0.07627668231725693,0.4751465320587158,0.7223718166351318,-0.08509428799152374,0.5063371062278748,0.6666284203529358,-0.0370824821293354,0.4999135136604309,0.745456337928772,-0.054226551204919815,0.49425917863845825,0.7486854195594788,-0.05673976615071297,0.493389755487442,0.7228988409042358,-0.05841830372810364,0.5331349968910217,0.6802780628204346,-0.034295570105314255,0.5252962708473206,0.7541478872299194,-0.048759013414382935,0.5164074897766113,0.7516183257102966,-0.04110397771000862,0.514550507068634,0.7265686392784119,-0.03433947265148163,0.5543861389160156,0.6990000605583191,-0.03503519296646118,0.5449390411376953,0.7502528429031372,-0.04817019775509834,0.5373631715774536,0.7469979524612427,-0.046917933970689774,0.5371717214584351,0.7272306680679321,-0.04323497787117958
0.5131963491439819,0.7423917055130005,-8.850871324739273e-08,0.4873592257499695,0.7498928308486938,-0.028647400438785553,0.4639008939266205,0.7557360529899597,-0.04876464232802391,0.4699999988079071,0.7718782424926758,-0.06366418302059174,0.49686506390571594,0.7796809077262878,-0.07527963072061539,0.47653913497924805,0.6679716110229492,-0.04251987114548683,0.4732726514339447,0.7302775979042053,-0.0633830726146698,0.47319862246513367,0.740402340888977,-0.07545237988233566,0.47498729825019836,0.7224642634391785,-0.08385869860649109,0.507189929485321,0.668145477771759,-0.03718447685241699,0.5009815096855164,0.7469916939735413,-0.05410436540842056,0.4957709014415741,0.7497410774230957,-0.05594684183597565,0.4951879680156708,0.7234631180763245,-0.057136885821819305,0.5338606834411621,0.681422233581543,-0.03421417996287346,0.5266616940498352,0.7554131150245667,-0.04862980172038078,0.518041729927063,0.7520161271095276,-0.04072333872318268,0.5162646174430847,0.7260891199111938,-0.03378452733159065,0.5550662279129028,0.7000967264175415,-0.03475939482450485,0.5462136268615723,0.7512803673744202,-0.048115044832229614,0.5392045974731445,0.747208297252655,-0.047085683792829514,0.5394129753112793,0.7265326976776123,-0.04351409152150154
0.511641800403595,0.740303635597229,-7.598557516530491e-08,0.48590588569641113,0.7478073835372925,-0.02811657451093197,0.46407052874565125,0.7545381188392639,-0.04774264991283417,0.4709637761116028,0.7715049982070923,-0.062196530401706696,0.4969595968723297,0.7802246809005737,-0.07348618656396866,0.47543713450431824,0.6675286889076233,-0.04114028066396713,0.47245198488235474,0.7313958406448364,-0.061273034662008286,0.4737892150878906,0.7411684989929199,-0.07315889745950699,0.47641074657440186,0.7230215072631836,-0.08154169470071793,0.5061078071594238,0.667996346950531,-0.03587943688035011,0.4999537765979767,0.7472740411758423,-0.0518924817442894,0.4957627058029175,0.7490105032920837,-0.054011303931474686,0.495442271232605,0.722382128238678,-0.05568426102399826,0.5326226949691772,0.6812888383865356,-0.03290974721312523,0.5250353813171387,0.7552984356880188,-0.046716731041669846,0.5171099305152893,0.7523722052574158,-0.03920482471585274,0.5154052376747131,0.7266734838485718,-0.03281325101852417,0.5536304712295532,0.6996946930885315,-0.03338623046875,0.5447701215744019,0.7513470649719238,-0.04625224694609642,0.5382866263389587,0.7484763860702515,-0.04523206129670143,0.5387498140335083,0.7284601926803589,-0.041923001408576965
0.5135492086410522,0.7410574555397034,-7.565751047877711e-08,0.487472802400589,0.7493082880973816,-0.02753683738410473,0.4649195671081543,0.7576769590377808,-0.04708404839038849,0.471174031496048,0.7746458649635315,-0.061663173139095306,0.49705174565315247,0.7830179333686829,-0.07316974550485611,0.47578319907188416,0.6701861023902893,-0.040843162685632706,0.47296619415283203,0.7326103448867798,-0.060910459607839584,0.4723418056964874,0.7393866181373596,-0.07282084971666336,0.47322237491607666,0.7211616039276123,-0.08115561306476593,0.5057384371757507,0.6704384684562683,-0.03599674627184868,0.5000870227813721,0.7499343752861023,-0.05198563635349274,0.4954369068145752,0.7489391565322876,-0.05405356362462044,0.4945453405380249,0.7228988409042358,-0.05559450015425682,0.5322847962379456,0.6834401488304138,-0.033420175313949585,0.5249486565589905,0.7581390738487244,-0.047581762075424194,0.5172574520111084,0.7531039714813232,-0.04009110480546951,0.5153514742851257,0.7272064089775085,-0.03342153877019882,0.5533978343009949,0.7017344236373901,-0.034287236630916595,0.5442885160446167,0.7546404004096985,-0.04762444645166397,0.5385311841964722,0.7490823268890381,-0.04684785008430481,0.5390034914016724,0.7269665002822876,-0.04346548020839691
0.5119890570640564,0.7352675795555115,-4.893383120929684e-08,0.48624712228775024,0.7436280250549316,-0.02764412760734558,0.46486416459083557,0.7534615993499756,-0.04760132357478142,0.4721369743347168,0.773320198059082,-0.062477484345436096,0.4980661869049072,0.7840496897697449,-0.0745430737733841,0.4764721691608429,0.6690487265586853,-0.042904000729322433,0.47289153933525085,0.7319145798683167,-0.06302107125520706,0.47185301780700684,0.7360017895698547,-0.0751507505774498,0.4731501042842865,0.7179763317108154,-0.08370713144540787,0.5065430998802185,0.6694476008415222,-0.03811265528202057,0.49992960691452026,0.7497930526733398,-0.054120924323797226,0.4949110746383667,0.7465766668319702,-0.05653367191553116,0.4945357143878937,0.721476137638092,-0.05854036286473274,0.5327491164207458,0.6824650168418884,-0.03538345545530319,0.5241624712944031,0.7580015063285828,-0.049236979335546494,0.5161833167076111,0.7518566846847534,-0.04164780303835869,0.5145275592803955,0.7269986867904663,-0.03507291525602341,0.5534562468528748,0.70062655210495,-0.03617146238684654,0.544045090675354,0.7539311647415161,-0.04932035133242607,0.5376231670379639,0.7487955093383789,-0.04826483875513077,0.5378955602645874,0.7283508777618408,-0.04478029906749725
0.510400116443634,0.7371443510055542,-5.657061308284028e-08,0.4861108362674713,0.7454034090042114,-0.028418835252523422,0.4641590118408203,0.7543516755104065,-0.048504434525966644,0.47041043639183044,0.7736263871192932,-0.06338131427764893,0.49660181999206543,0.783917248249054,-0.07521466910839081,0.47749194502830505,0.670382559299469,-0.04435715079307556,0.4740855395793915,0.7327772974967957,-0.06501471251249313,0.4718153476715088,0.7377187013626099,-0.07708036154508591,0.4725034832954407,0.7200791835784912,-0.08551926165819168,0.5071321725845337,0.6699221134185791,-0.039025045931339264,0.5003024935722351,0.7504172921180725,-0.055407553911209106,0.4940347969532013,0.7474412322044373,-0.0571003183722496,0.49350476264953613,0.7224805355072021,-0.058373719453811646,0.5327968001365662,0.6827839612960815,-0.03586176782846451,0.5248618125915527,0.7584066987037659,-0.050287120044231415,0.5157420635223389,0.7519716620445251,-0.04200480133295059,0.5140074491500854,0.727837324142456,-0.0345766544342041,0.5533691644668579,0.7012642025947571,-0.0362829864025116,0.5448505878448486,0.7527791857719421,-0.05044856667518616,0.5371213555335999,0.747188150882721,-0.04953564703464508,0.5368584990501404,0.7283167839050293,-0.045689430087804794
0.5106701254844666,0.7435588836669922,-7.387644984646613e-08,0.4852377772331238,0.7513678073883057,-0.027887312695384026,0.462760865688324,0.7585919499397278,-0.04759123921394348,0.4699430465698242,0.7769591808319092,-0.06218073144555092,0.49693822860717773,0.7869105935096741,-0.07380656152963638,0.47734102606773376,0.6722108721733093,-0.042127467691898346,0.4740772247314453,0.7344878315925598,-0.061430424451828,0.4724588394165039,0.7400538921356201,-0.0729636549949646,0.4733864665031433,0.722246527671814,-0.08132124692201614,0.5074710249900818,0.6723030209541321,-0.03719997778534889,0.5007482767105103,0.7518986463546753,-0.05270873010158539,0.495367169380188,0.7500559091567993,-0.05497723072767258,0.49501216411590576,0.7251657247543335,-0.05707539618015289,0.5335747003555298,0.6854060888290405,-0.03438593074679375,0.5253978371620178,0.7601664662361145,-0.04797952622175217,0.5168941020965576,0.754971444606781,-0.04085377976298332,0.515175461769104,0.7305995225906372,-0.034784380346536636,0.5542315244674683,0.7041563391685486,-0.03510202839970589,0.545054018497467,0.7557430267333984,-0.04796440899372101,0.5379590392112732,0.7513615489006042,-0.047085754573345184,0.5377498269081116,0.7321311831474304,-0.04391235485672951
0.5114326477050781,0.743525505065918,-8.99737457871197e-08,0.4855148196220398,0.7512571215629578,-0.02832227759063244,0.46246573328971863,0.7581311464309692,-0.04834819585084915,0.46960312128067017,0.7758594155311584,-0.06319515407085419,0.49709051847457886,0.7862616777420044,-0.07487869262695312,0.4776705503463745,0.671314537525177,-0.04273466393351555,0.4742167592048645,0.7334464192390442,-0.06288552284240723,0.47305241227149963,0.7408629655838013,-0.07440339028835297,0.4740835130214691,0.7233868837356567,-0.08246658742427826,0.5079430341720581,0.6715456247329712,-0.0376790352165699,0.5012093186378479,0.7515595555305481,-0.054281458258628845,0.49525097012519836,0.7520918250083923,-0.056278932839632034,0.49445876479148865,0.7269098162651062,-0.05780062824487686,0.5342147946357727,0.6846246123313904,-0.034883204847574234,0.5268369913101196,0.759825587272644,-0.04921796917915344,0.5173770189285278,0.7559235095977783,-0.04167325794696808,0.5150155425071716,0.7313749194145203,-0.03502867370843887,0.5552152991294861,0.7033023238182068,-0.035684116184711456,0.5468252301216125,0.7545432448387146,-0.04906320944428444,0.5388847589492798,0.7509811520576477,-0.04820067435503006,0.5379023551940918,0.731971025466919,-0.04482533037662506
0.5115131139755249,0.7443990707397461,-8.987990440800786e-08,0.4863751530647278,0.7529038786888123,-0.028079066425561905,0.46336811780929565,0.7601547241210938,-0.048098374158144,0.47059184312820435,0.777396023273468,-0.06312882155179977,0.49805960059165955,0.785557746887207,-0.07495751231908798,0.47736430168151855,0.6734256744384766,-0.04219347983598709,0.47450876235961914,0.7344522476196289,-0.0631016418337822,0.4729313552379608,0.7426167726516724,-0.07510732859373093,0.4739163815975189,0.7252605557441711,-0.08347652107477188,0.5075616240501404,0.6731197834014893,-0.037460554391145706,0.5016003847122192,0.7518148422241211,-0.05447453632950783,0.49501755833625793,0.7543023824691772,-0.05627775192260742,0.49400004744529724,0.728500485420227,-0.05755845084786415,0.5336378216743469,0.6858614683151245,-0.035159882158041,0.5268892645835876,0.7601868510246277,-0.04975085332989693,0.516846776008606,0.757919192314148,-0.041786015033721924,0.5141867399215698,0.7329159379005432,-0.03488804027438164,0.5545673370361328,0.7044383883476257,-0.036450281739234924,0.5464145541191101,0.7550188302993774,-0.0498981736600399,0.5378145575523376,0.7527434229850769,-0.048742569983005524,0.5365571975708008,0.7342478036880493,-0.04518349841237068
0.5110339522361755,0.7384176850318909,-5.9498407978253454e-08,0.4852791428565979,0.7473609447479248,-0.029316145926713943,0.46252214908599854,0.7560379505157471,-0.050313957035541534,0.4704612195491791,0.7749122381210327,-0.06599707156419754,0.4982924461364746,0.7853932976722717,-0.07856900990009308,0.4790400266647339,0.6716668605804443,-0.045347731560468674,0.47429442405700684,0.7340164184570312,-0.06593526899814606,0.4728885889053345,0.7393975853919983,-0.07770400494337082,0.475149542093277,0.7215958833694458,-0.08598161488771439,0.5093065500259399,0.6716678142547607,-0.03993894159793854,0.5017070174217224,0.7518795132637024,-0.05669029429554939,0.4961188733577728,0.7503310441970825,-0.05845390632748604,0.49641844630241394,0.7256665229797363,-0.05984916165471077,0.5349082946777344,0.6845645904541016,-0.03676052391529083,0.5268329977989197,0.7593666911125183,-0.05130254104733467,0.5180981755256653,0.7542445063591003,-0.04312782734632492,0.5167708396911621,0.7302338480949402,-0.03591827675700188,0.5551791191101074,0.7029234766960144,-0.03728864714503288,0.5466796159744263,0.7536789178848267,-0.050874561071395874,0.5386685729026794,0.7502246499061584,-0.049591463059186935,0.5379459857940674,0.7327402830123901,-0.045746657997369766
0.5111649632453918,0.7446541786193848,-8.781137239566306e-08,0.4865962266921997,0.7528561949729919,-0.029395222663879395,0.46370694041252136,0.7599644660949707,-0.05034032464027405,0.4695171117782593,0.777299165725708,-0.0660012885928154,0.4968627393245697,0.785496711730957,-0.07836317270994186,0.4777226150035858,0.6730337738990784,-0.04408632963895798,0.47498470544815063,0.7349992394447327,-0.06495470553636551,0.4733683168888092,0.7440609335899353,-0.07681725174188614,0.4743715226650238,0.7265938520431519,-0.08536882698535919,0.5075468420982361,0.6729221343994141,-0.038707174360752106,0.5019177794456482,0.7504271864891052,-0.05605998635292053,0.495574951171875,0.7543361186981201,-0.05812162533402443,0.4948064684867859,0.7290356159210205,-0.059784479439258575,0.5332220792770386,0.6853488683700562,-0.03572830930352211,0.5275622606277466,0.7582114338874817,-0.05105536803603172,0.5175474882125854,0.7585126757621765,-0.04372250661253929,0.5148903727531433,0.7356557846069336,-0.037405826151371,0.5541244745254517,0.7032055854797363,-0.03633803874254227,0.5477777719497681,0.7523455619812012,-0.05054552108049393,0.5385771989822388,0.7534405589103699,-0.0500510036945343,0.5364888310432434,0.7385441660881042,-0.04710337147116661
0.5118558406829834,0.7450951337814331,-8.780960314425101e-08,0.48655208945274353,0.7533261775970459,-0.028599049896001816,0.4632491171360016,0.7605241537094116,-0.04905131086707115,0.4703591763973236,0.7780159711837769,-0.06437427550554276,0.49793145060539246,0.7867431640625,-0.07639164477586746,0.4778842628002167,0.6731994152069092,-0.0430031381547451,0.47495123744010925,0.7356493473052979,-0.06345605850219727,0.4732568562030792,0.7438488006591797,-0.07498373836278915,0.47415870428085327,0.7262199521064758,-0.08326855301856995,0.5077102780342102,0.673259973526001,-0.03807147964835167,0.5019647479057312,0.7512524127960205,-0.054902877658605576,0.4957123398780823,0.7540892362594604,-0.05655185133218765,0.49467629194259644,0.7282312512397766,-0.057934995740652084,0.5334373712539673,0.685825765132904,-0.035542652010917664,0.5273603200912476,0.7589894533157349,-0.05032854899764061,0.517588198184967,0.7582767009735107,-0.042652375996112823,0.5147714018821716,0.7346843481063843,-0.03611759468913078,0.5542412400245667,0.7039924263954163,-0.03661109134554863,0.5475184917449951,0.7532962560653687,-0.05045831948518753,0.5385876893997192,0.7537338733673096,-0.04970616474747658,0.5366562008857727,0.7380510568618774,-0.04655202850699425
0.511715829372406,0.737468957901001,-5.3670909494485386e-08,0.4865804612636566,0.7465786337852478,-0.028296492993831635,0.4629332721233368,0.7552763819694519,-0.048777032643556595,0.4698715806007385,0.7737497091293335,-0.0641668513417244,0.4976629316806793,0.7837537527084351,-0.07641085237264633,0.47808709740638733,0.6704634428024292,-0.04426437243819237,0.4734196960926056,0.7313874959945679,-0.06459245830774307,0.4726354479789734,0.7358044981956482,-0.07643704116344452,0.47498369216918945,0.7179692983627319,-0.08482866734266281,0.5083039402961731,0.6700103282928467,-0.03935697674751282,0.5008529424667358,0.7506480813026428,-0.05553485453128815,0.4962451457977295,0.7486328482627869,-0.057033367455005646,0.49697020649909973,0.7241873741149902,-0.05836335942149162,0.5342130661010742,0.6828484535217285,-0.03664625436067581,0.5260184407234192,0.7586534023284912,-0.05054328963160515,0.5177545547485352,0.7540172934532166,-0.041735030710697174,0.516792356967926,0.7313567399978638,-0.03420943394303322,0.5550963282585144,0.7014672756195068,-0.03767400234937668,0.546640932559967,0.7520963549613953,-0.05093736946582794,0.5389195084571838,0.7488297820091248,-0.04928150400519371,0.5386621356010437,0.7324073910713196,-0.04515179619193077
0.5114899277687073,0.7403914332389832,-6.290384391149928e-08,0.4860362410545349,0.7480942606925964,-0.028987498953938484,0.4633796513080597,0.7551640272140503,-0.04983319714665413,0.47108855843544006,0.7727643847465515,-0.06546831130981445,0.49919599294662476,0.7824954986572266,-0.07794861495494843,0.4786338806152344,0.6693800687789917,-0.04471389949321747,0.47489693760871887,0.7308328151702881,-0.06545066833496094,0.4734352231025696,0.7369232177734375,-0.07695362716913223,0.4748894274234772,0.7194920182228088,-0.08492476493120193,0.5091153979301453,0.6693134903907776,-0.03959539160132408,0.5019655227661133,0.74937903881073,-0.05665622279047966,0.4960178732872009,0.7486330270767212,-0.058223072439432144,0.49560487270355225,0.7242221236228943,-0.05922436714172363,0.5350020527839661,0.6823553442955017,-0.03676130250096321,0.5265880227088928,0.7573537230491638,-0.05153500661253929,0.5175253748893738,0.7536222338676453,-0.04284460470080376,0.5157714486122131,0.7301470041275024,-0.03510262444615364,0.5554520487785339,0.7009466290473938,-0.037632282823324203,0.5463317632675171,0.7519240379333496,-0.05140000581741333,0.5385323762893677,0.7488829493522644,-0.049935296177864075,0.5381881594657898,0.7309138774871826,-0.045793160796165466
0.5118764638900757,0.7378671169281006,-6.388378182009546e-08,0.48665279150009155,0.7465884685516357,-0.029132898896932602,0.4639889597892761,0.7548412680625916,-0.04976939037442207,0.4712751805782318,0.7736645936965942,-0.06504224985837936,0.49851906299591064,0.7824973464012146,-0.07711859792470932,0.477938175201416,0.6688855886459351,-0.04514109715819359,0.47397348284721375,0.73200923204422,-0.06574229151010513,0.47293657064437866,0.737646222114563,-0.07747285813093185,0.4744613766670227,0.7195221185684204,-0.0858590304851532,0.5084366202354431,0.6685469150543213,-0.03983818739652634,0.5012383460998535,0.7491683959960938,-0.05646326765418053,0.49585044384002686,0.7485711574554443,-0.058258309960365295,0.495374470949173,0.723108172416687,-0.05992588400840759,0.5344836711883545,0.6812390089035034,-0.03676372766494751,0.5260565876960754,0.7570723295211792,-0.05099679157137871,0.5170663595199585,0.7539988160133362,-0.04254930838942528,0.5150111317634583,0.7304297685623169,-0.03554084524512291,0.555174708366394,0.699696958065033,-0.037429582327604294,0.5464150905609131,0.7507649660110474,-0.05111274868249893,0.5384006500244141,0.74843829870224,-0.04998515918850899,0.5377401113510132,0.7310729026794434,-0.04646773636341095
0.5116081833839417,0.7402631640434265,-7.938570689702829e-08,0.48675134778022766,0.7487227320671082,-0.028420163318514824,0.4637351930141449,0.7561261653900146,-0.048812951892614365,0.4710300862789154,0.7735549211502075,-0.06400546431541443,0.49855780601501465,0.7817561626434326,-0.07594767957925797,0.4775717258453369,0.6686582565307617,-0.04374920204281807,0.4748614728450775,0.7304367423057556,-0.06358291953802109,0.47353124618530273,0.7375720143318176,-0.07460784167051315,0.4744468927383423,0.7201312184333801,-0.08269394934177399,0.5076944828033447,0.6678501963615417,-0.038875240832567215,0.5020957589149475,0.7464863657951355,-0.055152781307697296,0.4962620139122009,0.7483500242233276,-0.05660835653543472,0.4951407313346863,0.7237405180931091,-0.058079663664102554,0.5336675047874451,0.6801344156265259,-0.036237943917512894,0.5271430611610413,0.754062831401825,-0.05032122880220413,0.5180476903915405,0.7530835270881653,-0.042166631668806076,0.5156106352806091,0.7302717566490173,-0.03554410859942436,0.554550051689148,0.6984352469444275,-0.03722292184829712,0.5471295118331909,0.7485219240188599,-0.050705891102552414,0.538944661617279,0.7485165596008301,-0.04966336488723755,0.5377418398857117,0.7322109341621399,-0.04637865349650383
0.5133216381072998,0.7393958568572998,-6.689671749882109e-08,0.4878310263156891,0.7486685514450073,-0.029553325846791267,0.463426411151886,0.7568761110305786,-0.050563156604766846,0.4693049192428589,0.7743362784385681,-0.06618492305278778,0.49746596813201904,0.7817100882530212,-0.07857970148324966,0.4773326516151428,0.6698490381240845,-0.0451265424489975,0.4742797613143921,0.7315825819969177,-0.06600029766559601,0.4737299382686615,0.7385880947113037,-0.07755178958177567,0.47494518756866455,0.7202793955802917,-0.08555714040994644,0.5081717371940613,0.6692042350769043,-0.03963654488325119,0.5024355053901672,0.7495714426040649,-0.05680391192436218,0.4965730309486389,0.749839723110199,-0.058426301926374435,0.49536755681037903,0.7238507270812988,-0.0594976507127285,0.5348390340805054,0.681559681892395,-0.03646489232778549,0.5279154777526855,0.7568356990814209,-0.051203787326812744,0.5186569094657898,0.7525849938392639,-0.042611945420503616,0.5162841081619263,0.7274380922317505,-0.03503270074725151,0.5561650991439819,0.699367880821228,-0.03698708862066269,0.5480093955993652,0.7500131130218506,-0.05073364078998566,0.5404772758483887,0.7462409734725952,-0.04926742985844612,0.5402616858482361,0.7271804809570312,-0.04520999640226364
0.5128856897354126,0.7409008741378784,-7.003474422617728e-08,0.4871615171432495,0.7490739226341248,-0.028737984597682953,0.4630548059940338,0.756077229976654,-0.049267642199993134,0.4696503281593323,0.7742587924003601,-0.06468182802200317,0.497569739818573,0.7841097712516785,-0.07692199945449829,0.4783467650413513,0.6706447601318359,-0.043838076293468475,0.47415974736213684,0.7313055396080017,-0.06456639617681503,0.4732598066329956,0.7373414039611816,-0.0759035274386406,0.47477713227272034,0.7195055484771729,-0.08354078233242035,0.5088773965835571,0.6698799133300781,-0.03872794285416603,0.5021891593933105,0.7501214742660522,-0.055552560836076736,0.4962802231311798,0.7492888569831848,-0.056586477905511856,0.4953314960002899,0.7243170738220215,-0.05695366859436035,0.5352008938789368,0.6823247075080872,-0.035988472402095795,0.5276968479156494,0.7577091455459595,-0.05068221315741539,0.5181723833084106,0.7533667087554932,-0.0415998250246048,0.5158573985099792,0.7289668321609497,-0.033331792801618576,0.5560927391052246,0.7005223631858826,-0.03695289045572281,0.547640323638916,0.7516376376152039,-0.050787195563316345,0.5395016074180603,0.7483522295951843,-0.04909788444638252,0.5387601256370544,0.7299745082855225,-0.04455948993563652
0.5124432444572449,0.7488305568695068,-1.0647238468664e-07,0.4864627420902252,0.756331741809845,-0.029497560113668442,0.46206018328666687,0.760404646396637,-0.05036337301135063,0.46951937675476074,0.7756190299987793,-0.06593742221593857,0.4984011650085449,0.7841317057609558,-0.07813761383295059,0.47834569215774536,0.6707144379615784,-0.043629080057144165,0.4744468033313751,0.7301504611968994,-0.0639629140496254,0.47369784116744995,0.7416442036628723,-0.07464439421892166,0.475077360868454,0.7252577543258667,-0.08209779858589172,0.5093606114387512,0.6709042191505432,-0.03849972039461136,0.5019970536231995,0.7487671971321106,-0.05592234805226326,0.49541959166526794,0.755723774433136,-0.05765266343951225,0.49428099393844604,0.7313774824142456,-0.05872714892029762,0.5357534289360046,0.6843248605728149,-0.035811133682727814,0.5276973843574524,0.7574028372764587,-0.05067460611462593,0.5176539421081543,0.7588428258895874,-0.043059125542640686,0.5150431990623474,0.7357419729232788,-0.036430876702070236,0.5566749572753906,0.7033096551895142,-0.03676214814186096,0.5480395555496216,0.752424955368042,-0.05004730820655823,0.5396122932434082,0.7536513209342957,-0.04886247590184212,0.538489580154419,0.7376381158828735,-0.04537053033709526
0.5132707953453064,0.744611918926239,-9.587865434923515e-08,0.4861518144607544,0.7525880336761475,-0.029358426108956337,0.46124812960624695,0.7579247951507568,-0.05022558569908142,0.4693771302700043,0.7747794389724731,-0.06580451130867004,0.49856364727020264,0.7858834266662598,-0.07795608043670654,0.4781761169433594,0.6710279583930969,-0.04471343755722046,0.4735293686389923,0.7314969897270203,-0.06542953103780746,0.4726254940032959,0.7412513494491577,-0.07619846612215042,0.4743850827217102,0.7245455384254456,-0.08354455232620239,0.5095148682594299,0.6708793640136719,-0.03962421417236328,0.5013875365257263,0.7511085867881775,-0.05665925517678261,0.49507051706314087,0.7544994950294495,-0.057566456496715546,0.49440503120422363,0.7303683757781982,-0.05796775221824646,0.5359589457511902,0.6841230392456055,-0.036962687969207764,0.5267280340194702,0.7599952220916748,-0.05149776116013527,0.5169762969017029,0.7585448622703552,-0.04254002124071121,0.514991283416748,0.7351105809211731,-0.0346444696187973,0.5570358037948608,0.7027881145477295,-0.03808097541332245,0.5471627116203308,0.7540733814239502,-0.05147102102637291,0.5389868021011353,0.7531812787055969,-0.04974646121263504,0.538432776927948,0.7364673018455505,-0.04543789476156235
0.5121698975563049,0.7456426620483398,-1.0255112670165545e-07,0.486156702041626,0.7535001039505005,-0.029288573190569878,0.4618713855743408,0.7588704228401184,-0.049614857882261276,0.46991437673568726,0.7760187983512878,-0.06455926597118378,0.4988977909088135,0.7865153551101685,-0.07611045241355896,0.47806036472320557,0.6724909543991089,-0.04430258274078369,0.475261926651001,0.7337261438369751,-0.0646807923913002,0.4729933440685272,0.7434321045875549,-0.07546693086624146,0.47352585196495056,0.7267819046974182,-0.08303380012512207,0.5089770555496216,0.671597957611084,-0.03899284452199936,0.5029447674751282,0.7507450580596924,-0.055873386561870575,0.49538546800613403,0.7550665736198425,-0.05693242326378822,0.4939553439617157,0.73139488697052,-0.057709433138370514,0.5352314114570618,0.6840870976448059,-0.03611944615840912,0.5281197428703308,0.7594979405403137,-0.050724096596241,0.5170329213142395,0.7597064971923828,-0.042583007365465164,0.5141265392303467,0.7376517057418823,-0.035509366542100906,0.5561832785606384,0.7022027969360352,-0.03699582442641258,0.5488725304603577,0.7523910999298096,-0.050751231610774994,0.5392181873321533,0.7530850768089294,-0.0498284287750721,0.5369501113891602,0.738319993019104,-0.04635084792971611
0.5112566947937012,0.7445732355117798,-8.190185951661988e-08,0.4856700599193573,0.7529146671295166,-0.029537605121731758,0.4621011018753052,0.7590089440345764,-0.05033692345023155,0.470131516456604,0.7769195437431335,-0.06567607074975967,0.49882563948631287,0.7866766452789307,-0.07756492495536804,0.4782804548740387,0.6733076572418213,-0.04609322547912598,0.4758404493331909,0.7351875305175781,-0.06709376722574234,0.47301173210144043,0.741129457950592,-0.07867953181266785,0.4734005928039551,0.7237200736999512,-0.08700188994407654,0.5082297325134277,0.6719263792037964,-0.04059184715151787,0.5033016204833984,0.7525456547737122,-0.0579916276037693,0.496271550655365,0.7530720829963684,-0.059512536972761154,0.4953742027282715,0.727911651134491,-0.060929689556360245,0.5340555906295776,0.6840394735336304,-0.0373956672847271,0.5290015339851379,0.760211169719696,-0.05239216238260269,0.5183246731758118,0.7572817802429199,-0.044301990419626236,0.5156247615814209,0.7332630157470703,-0.037524063140153885,0.5549537539482117,0.7023573517799377,-0.03796045854687691,0.549441397190094,0.7527721524238586,-0.05255177244544029,0.540172815322876,0.7507079839706421,-0.05215081572532654,0.5383285284042358,0.7334890365600586,-0.049083732068538666
0.5126495361328125,0.7403567433357239,-8.080438362867426e-08,0.48568350076675415,0.7483444809913635,-0.029464775696396828,0.46075814962387085,0.7541810274124146,-0.05073162540793419,0.46809327602386475,0.7723493576049805,-0.06667672097682953,0.49713680148124695,0.7839705348014832,-0.07912364602088928,0.4783629775047302,0.6698048710823059,-0.046401966363191605,0.4721969664096832,0.7309144139289856,-0.06774096190929413,0.472726434469223,0.7396768927574158,-0.07860560715198517,0.47631552815437317,0.7232265472412109,-0.08578318357467651,0.5094735622406006,0.6696144938468933,-0.04119644686579704,0.500993013381958,0.7508165240287781,-0.05876801908016205,0.49545082449913025,0.7527562379837036,-0.05946575477719307,0.49552661180496216,0.7290027141571045,-0.05956564098596573,0.535595715045929,0.6827322244644165,-0.03835232928395271,0.5265055894851685,0.758621335029602,-0.05334069952368736,0.5172483325004578,0.7562440633773804,-0.04381754994392395,0.5158917307853699,0.7334423065185547,-0.0352778434753418,0.556413471698761,0.7012128829956055,-0.03930647671222687,0.5471596717834473,0.7513307332992554,-0.05320435389876366,0.5386017560958862,0.7496718168258667,-0.05131944641470909,0.5377480983734131,0.7333210110664368,-0.04663781449198723
0.5119090676307678,0.7401250004768372,-9.931160604992328e-08,0.4851662516593933,0.7486017346382141,-0.029794661328196526,0.4611244201660156,0.7551395893096924,-0.05095218867063522,0.4696962237358093,0.7726452350616455,-0.06662699580192566,0.49888598918914795,0.7835872173309326,-0.07871722429990768,0.4781661629676819,0.6691728830337524,-0.04617861658334732,0.4731624722480774,0.7303913831710815,-0.06680671870708466,0.4730106294155121,0.7419763803482056,-0.07668986171483994,0.4758172035217285,0.7262728214263916,-0.08330020308494568,0.5093727111816406,0.6686677932739258,-0.04065791890025139,0.5008782744407654,0.747965931892395,-0.05785861983895302,0.4949701428413391,0.7529393434524536,-0.05806353688240051,0.49498170614242554,0.729927659034729,-0.057850923389196396,0.5354531407356262,0.6813700795173645,-0.037529561668634415,0.526315450668335,0.7560790181159973,-0.05255361273884773,0.5166261792182922,0.7560119032859802,-0.04340464249253273,0.5148553252220154,0.7340999245643616,-0.03522401303052902,0.5562319755554199,0.6994099020957947,-0.03812981769442558,0.5474677085876465,0.7489398121833801,-0.05217295140028,0.539119303226471,0.7492131590843201,-0.050664376467466354,0.5379928946495056,0.7340657711029053,-0.046393878757953644
0.5118672251701355,0.7404845356941223,-7.111792399427941e-08,0.4860764741897583,0.7494195699691772,-0.029679959639906883,0.4617418348789215,0.7566007971763611,-0.05050903558731079,0.4688848853111267,0.77390056848526,-0.06587675958871841,0.49744540452957153,0.7834782004356384,-0.07781952619552612,0.47794216871261597,0.6700818538665771,-0.04499271884560585,0.4741467833518982,0.7323113679885864,-0.06505750119686127,0.47258222103118896,0.7391517162322998,-0.0762186124920845,0.47454679012298584,0.7212081551551819,-0.08428577333688736,0.5082288980484009,0.6691597700119019,-0.03945126384496689,0.5020344853401184,0.7486124038696289,-0.055653270334005356,0.49638617038726807,0.7484534382820129,-0.05708199739456177,0.49665337800979614,0.7240901589393616,-0.058567874133586884,0.5342405438423157,0.6814093589782715,-0.036254774779081345,0.5275064706802368,0.7569378614425659,-0.05036582797765732,0.5179036259651184,0.7542927265167236,-0.04240087419748306,0.5164542198181152,0.7317247986793518,-0.0357603058218956,0.555383563041687,0.6995776295661926,-0.03687411919236183,0.5481033325195312,0.7499343156814575,-0.05029316991567612,0.5391650795936584,0.7486218214035034,-0.04951261729001999,0.5378769040107727,0.7331329584121704,-0.04639624431729317
0.5098201632499695,0.7429324388504028,-9.568774572699112e-08,0.4835364520549774,0.7497810125350952,-0.028535371646285057,0.45965108275413513,0.7535601854324341,-0.04904929921030998,0.46871140599250793,0.7699803709983826,-0.0644342377781868,0.4976910650730133,0.7814623117446899,-0.07660268247127533,0.4765286147594452,0.6688713431358337,-0.044714078307151794,0.4724152386188507,0.7251784205436707,-0.0652090534567833,0.47162485122680664,0.734095573425293,-0.07583748549222946,0.4731065034866333,0.7194845080375671,-0.0829196497797966,0.5072823762893677,0.6677887439727783,-0.03984323516488075,0.49991992115974426,0.7477654814720154,-0.05703707039356232,0.49407804012298584,0.7518602609634399,-0.058177243918180466,0.4935331642627716,0.7307584881782532,-0.05865883454680443,0.5334522128105164,0.680503249168396,-0.03725592792034149,0.525421142578125,0.7563920021057129,-0.051717694848775864,0.515919029712677,0.7557319402694702,-0.04310505464673042,0.5138168334960938,0.7347721457481384,-0.035424843430519104,0.5543888211250305,0.6987190246582031,-0.038367170840501785,0.5459332466125488,0.7495654821395874,-0.05150299891829491,0.5379809141159058,0.7493138313293457,-0.04969155043363571,0.5371400117874146,0.7341465950012207,-0.045315515249967575
0.5129457116127014,0.7439670562744141,-9.265372113986814e-08,0.4876141846179962,0.7527989149093628,-0.028765523806214333,0.46354931592941284,0.7589879035949707,-0.049269214272499084,0.4698239266872406,0.7739146947860718,-0.06462666392326355,0.4975873529911041,0.780483603477478,-0.07668261975049973,0.4753513038158417,0.6700358390808105,-0.04242267087101936,0.4736262559890747,0.7302631735801697,-0.06279277056455612,0.47335654497146606,0.7405102252960205,-0.07439841330051422,0.47457975149154663,0.7234525084495544,-0.0827309638261795,0.5056173205375671,0.6686931252479553,-0.03757079690694809,0.5013742446899414,0.7459608912467957,-0.054576463997364044,0.49590396881103516,0.7511650323867798,-0.05713716894388199,0.49465471506118774,0.7262977361679077,-0.0592259056866169,0.5321120619773865,0.6803334355354309,-0.03511744737625122,0.5272378325462341,0.7542062997817993,-0.04968602955341339,0.517833948135376,0.7558928728103638,-0.042773421853780746,0.5148265361785889,0.7334556579589844,-0.036995191127061844,0.5539456009864807,0.6977065205574036,-0.036269836127758026,0.5476716756820679,0.7474660277366638,-0.04931667074561119,0.5393078327178955,0.7494072318077087,-0.048528220504522324,0.5375775694847107,0.7346462607383728,-0.0456547886133194
0.5108627080917358,0.7474564909934998,-1.1268168265132772e-07,0.48561426997184753,0.7550350427627563,-0.0289568230509758,0.46158528327941895,0.758921205997467,-0.049275659024715424,0.4685038924217224,0.7737072110176086,-0.0645146518945694,0.4972882866859436,0.7809229493141174,-0.07635147869586945,0.4757866859436035,0.6696459054946899,-0.04208553954958916,0.47389286756515503,0.7281513810157776,-0.0629388839006424,0.4726346731185913,0.7399436235427856,-0.07441724836826324,0.47356468439102173,0.7237751483917236,-0.08239392936229706,0.5064818859100342,0.668883740901947,-0.03720112517476082,0.5013325214385986,0.7466647624969482,-0.05505024641752243,0.49431562423706055,0.7544670701026917,-0.05713717266917229,0.49320387840270996,0.7305954694747925,-0.058331917971372604,0.5326918959617615,0.6813524961471558,-0.03490670025348663,0.527111828327179,0.7553364038467407,-0.04994397237896919,0.5164356827735901,0.757507860660553,-0.042444635182619095,0.5135323405265808,0.7348698377609253,-0.03580699488520622,0.5538138747215271,0.6996213793754578,-0.036294493824243546,0.5470523238182068,0.7492557764053345,-0.04958841949701309,0.5378220677375793,0.751276969909668,-0.04851477965712547,0.535987138748169,0.7362505793571472,-0.045046646147966385
0.5121124386787415,0.7459896802902222,-1.095978063858638e-07,0.4860008955001831,0.7541264891624451,-0.02817455120384693,0.4616001546382904,0.7600763440132141,-0.04807212948799133,0.46875569224357605,0.7756075859069824,-0.06295619159936905,0.497296541929245,0.7844199538230896,-0.07460827380418777,0.4758126139640808,0.6719292402267456,-0.041891008615493774,0.4729583263397217,0.7306404709815979,-0.06173264607787132,0.4716876745223999,0.7402479648590088,-0.07266470789909363,0.472613126039505,0.7240386605262756,-0.08023805916309357,0.5066066980361938,0.6709409952163696,-0.03708159178495407,0.5006285905838013,0.7503632307052612,-0.05369948595762253,0.4944557547569275,0.7551223039627075,-0.055624496191740036,0.49341103434562683,0.7318034172058105,-0.05691593512892723,0.5333340764045715,0.6832039952278137,-0.03462124988436699,0.5264713168144226,0.7586572170257568,-0.049111995846033096,0.5163561105728149,0.7588016986846924,-0.04191596806049347,0.5133442282676697,0.7368271350860596,-0.03543737158179283,0.554902195930481,0.7010536789894104,-0.035738006234169006,0.5474151372909546,0.7521001100540161,-0.04899086058139801,0.5388398170471191,0.7523121237754822,-0.04804527759552002,0.5369847416877747,0.7369176149368286,-0.04456939175724983
0.5122060775756836,0.7437939047813416,-1.00468255936903e-07,0.48662513494491577,0.7525557279586792,-0.028641439974308014,0.4623478055000305,0.7596561908721924,-0.04892976954579353,0.4689841568470001,0.7769870758056641,-0.06401944160461426,0.4971175789833069,0.7865458726882935,-0.07584014534950256,0.47734975814819336,0.672649621963501,-0.043739017099142075,0.47368714213371277,0.7327751517295837,-0.06362108141183853,0.47188296914100647,0.7415206432342529,-0.07423705607652664,0.4726504981517792,0.7246894836425781,-0.08166995644569397,0.5076189637184143,0.671960175037384,-0.038612235337495804,0.5009527802467346,0.7506682276725769,-0.055080000311136246,0.4948161840438843,0.7542916536331177,-0.05635688081383705,0.49417293071746826,0.7304151654243469,-0.05724787712097168,0.5337244868278503,0.6844516396522522,-0.03575081750750542,0.5266224145889282,0.7588173747062683,-0.05035693198442459,0.5170828104019165,0.7575907111167908,-0.04262079298496246,0.5150056481361389,0.7345548272132874,-0.035728294402360916,0.554656445980072,0.7024975419044495,-0.036451179534196854,0.54686039686203,0.7525689601898193,-0.050161171704530716,0.5384612083435059,0.7519183158874512,-0.04927996173501015,0.5372286438941956,0.7357792258262634,-0.04576408490538597
0.5110006928443909,0.7495884895324707,-1.2439502938832447e-07,0.4853568375110626,0.757092297077179,-0.029193511232733727,0.46130338311195374,0.7611526250839233,-0.0497913621366024,0.46898138523101807,0.7766860723495483,-0.06525726616382599,0.4982110559940338,0.7856646180152893,-0.0771426111459732,0.47711488604545593,0.6720594167709351,-0.04306943342089653,0.474115788936615,0.732545793056488,-0.06425590068101883,0.4726249873638153,0.7461209297180176,-0.07545929402112961,0.47407013177871704,0.7305660247802734,-0.08316225558519363,0.5079335570335388,0.6715346574783325,-0.03811194747686386,0.5019013285636902,0.7515713572502136,-0.05622072517871857,0.4944459795951843,0.7605870366096497,-0.057624995708465576,0.49360454082489014,0.7368172407150269,-0.05817216634750366,0.534135103225708,0.6845375299453735,-0.03576521575450897,0.5275477766990662,0.7603309750556946,-0.05076056718826294,0.5162028074264526,0.7623154520988464,-0.042632754892110825,0.513405978679657,0.7393141388893127,-0.035467728972435,0.554818332195282,0.7035507559776306,-0.037157949060201645,0.5471722483634949,0.7542864680290222,-0.05080617591738701,0.5377939343452454,0.7548438906669617,-0.04982946813106537,0.5362126231193542,0.7383766174316406,-0.046221211552619934
0.5111091732978821,0.7451872825622559,-1.09889874977398e-07,0.48548632860183716,0.7536152601242065,-0.028995763510465622,0.4615519642829895,0.7596343755722046,-0.0492582693696022,0.46930965781211853,0.7764005661010742,-0.06429188698530197,0.49816909432411194,0.7860715985298157,-0.07585358619689941,0.4780156910419464,0.6724727153778076,-0.04401860758662224,0.4754367768764496,0.7339971661567688,-0.06462129950523376,0.4724883735179901,0.744030237197876,-0.07539483904838562,0.4726642966270447,0.7276122570037842,-0.08281385898590088,0.5084797739982605,0.6720122694969177,-0.038833778351545334,0.5026323199272156,0.7525858879089355,-0.05613132566213608,0.4947553277015686,0.7566399574279785,-0.05704232305288315,0.4934685230255127,0.732261598110199,-0.0573381707072258,0.5345309376716614,0.684807300567627,-0.03606675937771797,0.5277923941612244,0.7608616948127747,-0.05100096017122269,0.5166706442832947,0.7594027519226074,-0.042371056973934174,0.51397305727005,0.7359685897827148,-0.03456724062561989,0.5551286339759827,0.7034114003181458,-0.03701473027467728,0.5475244522094727,0.7537585496902466,-0.05127982795238495,0.5383126735687256,0.7518084049224854,-0.050302039831876755,0.5368226170539856,0.7347626686096191,-0.04634677246212959
0.5123264789581299,0.7448979616165161,-1.0955238138876666e-07,0.48684579133987427,0.7539370656013489,-0.029253916814923286,0.46270906925201416,0.7604005336761475,-0.05002189055085182,0.47009676694869995,0.7767267227172852,-0.06554214656352997,0.4990721344947815,0.785807192325592,-0.07763416320085526,0.47856444120407104,0.6731843948364258,-0.04403185471892357,0.4748982787132263,0.7349780797958374,-0.06462395936250687,0.47356942296028137,0.7465764284133911,-0.0755082219839096,0.4753756523132324,0.7300241589546204,-0.08314373344182968,0.5087260007858276,0.672654390335083,-0.03884989768266678,0.5020909309387207,0.7514568567276001,-0.056145843118429184,0.4961155652999878,0.7574424147605896,-0.057548802345991135,0.49595001339912415,0.7330635190010071,-0.058500997722148895,0.5345122814178467,0.6849597096443176,-0.03610801324248314,0.5275936722755432,0.759137749671936,-0.05116056650876999,0.5175341963768005,0.7600966095924377,-0.0436096116900444,0.5151166319847107,0.7372634410858154,-0.03699285537004471,0.5552676916122437,0.7028829455375671,-0.03699338436126709,0.5475354790687561,0.752491295337677,-0.050781723111867905,0.5386115908622742,0.7535133957862854,-0.05010572820901871,0.5370372533798218,0.7381842732429504,-0.04694517329335213
0.5111263394355774,0.7464393973350525,-1.0410073514321994e-07,0.4861147105693817,0.7544479370117188,-0.028860757127404213,0.46308964490890503,0.760082483291626,-0.04913025721907616,0.4715114235877991,0.7778392434120178,-0.06415034830570221,0.4998416602611542,0.7886022329330444,-0.07573363929986954,0.4792114496231079,0.6747046113014221,-0.04421740770339966,0.4769044816493988,0.7350104451179504,-0.06470229476690292,0.4737326502799988,0.7438154816627502,-0.0755019560456276,0.4737491011619568,0.7272303104400635,-0.08315243571996689,0.5089077949523926,0.6745884418487549,-0.03901876136660576,0.5034410357475281,0.7522597312927246,-0.05645754933357239,0.4956885576248169,0.7567200660705566,-0.05763689801096916,0.49465927481651306,0.7316708564758301,-0.058453984558582306,0.5343288779258728,0.6871157884597778,-0.03620706871151924,0.5289714336395264,0.7602379322052002,-0.0514608733355999,0.5179852247238159,0.7598320245742798,-0.04376943036913872,0.5151876211166382,0.7363879680633545,-0.037014544010162354,0.554808497428894,0.7051340937614441,-0.03700733184814453,0.549027144908905,0.7531366944313049,-0.051536884158849716,0.5395717620849609,0.7529684901237488,-0.05124892666935921,0.537539005279541,0.7370834350585938,-0.048216190189123154
0.5142165422439575,0.742764413356781,-7.442424276860038e-08,0.48772868514060974,0.7523516416549683,-0.028863485902547836,0.46305227279663086,0.7608358860015869,-0.04947355389595032,0.4694629907608032,0.7792896032333374,-0.06486713886260986,0.49764034152030945,0.788538932800293,-0.07713698595762253,0.47864779829978943,0.6748620867729187,-0.04500057175755501,0.4749572277069092,0.7351287603378296,-0.06568673253059387,0.47391223907470703,0.7418869733810425,-0.07704393565654755,0.4750980734825134,0.7245076894760132,-0.0846969485282898,0.509382426738739,0.6742334961891174,-0.03983142971992493,0.5025711059570312,0.7546911239624023,-0.05665668845176697,0.4967670142650604,0.7547093033790588,-0.05811441317200661,0.49618154764175415,0.7305665612220764,-0.05897678807377815,0.5358414649963379,0.6867590546607971,-0.03689737245440483,0.527919352054596,0.7628916501998901,-0.05153913050889969,0.5181492567062378,0.7588236331939697,-0.04304419830441475,0.5156853199005127,0.7351723313331604,-0.035318098962306976,0.5568626523017883,0.70485520362854,-0.0376434363424778,0.5485844612121582,0.755906879901886,-0.05141352117061615,0.5403584241867065,0.7522827386856079,-0.049981117248535156,0.539256751537323,0.7343702912330627,-0.04573030024766922
0.5135874152183533,0.7489941120147705,-1.1028887314523672e-07,0.4868922531604767,0.7573952078819275,-0.028582777827978134,0.4616227447986603,0.7633822560310364,-0.04906701669096947,0.468123197555542,0.7803541421890259,-0.06448265165090561,0.4964714050292969,0.7897242307662964,-0.07655300945043564,0.4783632755279541,0.6761468052864075,-0.043848227709531784,0.47479623556137085,0.7356889247894287,-0.06443724036216736,0.4729813039302826,0.7455344200134277,-0.07548686861991882,0.4737682044506073,0.7287167310714722,-0.08325822651386261,0.5090148448944092,0.6756072044372559,-0.039103180170059204,0.5021320581436157,0.7548871636390686,-0.05654917657375336,0.49506741762161255,0.7602652907371521,-0.058102190494537354,0.4940752685070038,0.7366571426391602,-0.05911234766244888,0.5352864265441895,0.6883101463317871,-0.03671063855290413,0.5278207659721375,0.7630990743637085,-0.05161089450120926,0.517306923866272,0.7632955312728882,-0.043725863099098206,0.5147868394851685,0.7407770156860352,-0.03681013733148575,0.556459903717041,0.7068285942077637,-0.03795593976974487,0.5485011339187622,0.7568078637123108,-0.051749084144830704,0.5393518209457397,0.7569400072097778,-0.05079647898674011,0.5375723838806152,0.7411733865737915,-0.04728420451283455
0.5122281312942505,0.749377429485321,-1.0953225881848994e-07,0.4860803484916687,0.7574706077575684,-0.029088586568832397,0.4616548418998718,0.7636013031005859,-0.04996117204427719,0.46909111738204956,0.7808084487915039,-0.06576710939407349,0.49782824516296387,0.7905595302581787,-0.07814228534698486,0.4781406819820404,0.6765297055244446,-0.044199131429195404,0.4747542440891266,0.7380343079566956,-0.06568856537342072,0.4732052683830261,0.7483214139938354,-0.07703138887882233,0.4743855595588684,0.7317141890525818,-0.08467087149620056,0.508522093296051,0.6762779355049133,-0.039244767278432846,0.5021771788597107,0.7570493817329407,-0.05735652148723602,0.4951612055301666,0.7620351910591125,-0.05862325057387352,0.49406570196151733,0.7372862696647644,-0.05904785543680191,0.5344609618186951,0.6888138651847839,-0.03681404888629913,0.5278867483139038,0.7642584443092346,-0.05256599187850952,0.5175504088401794,0.7635970115661621,-0.04446261376142502,0.5148746371269226,0.7395046353340149,-0.03696298226714134,0.5551432371139526,0.7069347500801086,-0.038043685257434845,0.547935962677002,0.7574566006660461,-0.052381593734025955,0.5388789772987366,0.7572838068008423,-0.05142155662178993,0.5371411442756653,0.7405770421028137,-0.04759134724736214
0.5117195844650269,0.7504618763923645,-1.0350441925766063e-07,0.48555514216423035,0.7585552930831909,-0.029261846095323563,0.46126988530158997,0.7641128301620483,-0.04998239874839783,0.468971848487854,0.7807720899581909,-0.06552138179540634,0.4978579878807068,0.7902625203132629,-0.07767064869403839,0.4777338206768036,0.67664635181427,-0.04408818483352661,0.47417309880256653,0.7368523478507996,-0.06525624543428421,0.47298917174339294,0.7464786767959595,-0.07662603259086609,0.4745122790336609,0.7297544479370117,-0.08433230221271515,0.5083713531494141,0.676318883895874,-0.03899121284484863,0.5018369555473328,0.7562459707260132,-0.05665859952569008,0.49508410692214966,0.7606523036956787,-0.05810416489839554,0.4942771792411804,0.7360864281654358,-0.058801595121622086,0.5345110893249512,0.6890374422073364,-0.03639964386820793,0.5275164842605591,0.7643275856971741,-0.051590994000434875,0.5170274972915649,0.7631751894950867,-0.04349149018526077,0.5144307613372803,0.7393948435783386,-0.03613921254873276,0.5553160905838013,0.7074094414710999,-0.03753261640667915,0.5476226210594177,0.7576913237571716,-0.05143120512366295,0.5385250449180603,0.7567866444587708,-0.050346098840236664,0.5368908047676086,0.7401024103164673,-0.04650998115539551
0.5121707916259766,0.7460209727287292,-9.952680812830295e-08,0.48624294996261597,0.754744827747345,-0.029529104009270668,0.4619346261024475,0.7624654173851013,-0.050783559679985046,0.46939605474472046,0.7807848453521729,-0.06655922532081604,0.49810731410980225,0.7912408709526062,-0.07885632663965225,0.4777086675167084,0.6760894060134888,-0.04630263149738312,0.47515493631362915,0.7400458455085754,-0.06675702333450317,0.47353067994117737,0.7499387264251709,-0.07731059938669205,0.4743536114692688,0.7330107092857361,-0.08486389368772507,0.5081866979598999,0.6759582757949829,-0.04099969193339348,0.5022977590560913,0.7564786672592163,-0.05821048840880394,0.49599090218544006,0.7600952982902527,-0.059166133403778076,0.4949853718280792,0.7352612614631653,-0.06003688648343086,0.5343800783157349,0.6883779168128967,-0.03795035183429718,0.5279282331466675,0.7637487649917603,-0.0528753325343132,0.5181125998497009,0.7625617384910583,-0.044603098183870316,0.5155878663063049,0.738678514957428,-0.03761871159076691,0.5553525686264038,0.7063858509063721,-0.038570329546928406,0.5479967594146729,0.7567468881607056,-0.05254301428794861,0.5395095944404602,0.7563921809196472,-0.05161234736442566,0.5380480289459229,0.7398729920387268,-0.04826280474662781
0.5118756294250488,0.747121274471283,-9.499241571120365e-08,0.4850677251815796,0.7553662657737732,-0.02921263314783573,0.4599650800228119,0.761263906955719,-0.04998617619276047,0.46741214394569397,0.7782561182975769,-0.06554829329252243,0.4965832531452179,0.7881687879562378,-0.07764996588230133,0.4763757288455963,0.6748049855232239,-0.04477880895137787,0.47207507491111755,0.7347181439399719,-0.06593377888202667,0.4714612662792206,0.743106484413147,-0.07696478813886642,0.4736364185810089,0.726107656955719,-0.08430049568414688,0.5074045658111572,0.6742004752159119,-0.03969092294573784,0.500985860824585,0.7548404932022095,-0.05701259523630142,0.49447277188301086,0.7575485706329346,-0.057767100632190704,0.49374377727508545,0.7332471013069153,-0.057853639125823975,0.5338641405105591,0.68697190284729,-0.03708365932106972,0.5268077850341797,0.7629177570343018,-0.052125073969364166,0.5168542861938477,0.7603523135185242,-0.04317568987607956,0.5148401260375977,0.7365197539329529,-0.03498661890625954,0.5550791025161743,0.7052710652351379,-0.03823277726769447,0.5473547577857971,0.7558291554450989,-0.05237392708659172,0.5385935306549072,0.7540055513381958,-0.05094921961426735,0.5373920798301697,0.7371822595596313,-0.04653933644294739
0.5114790797233582,0.7455470561981201,-9.061151473588325e-08,0.4854174256324768,0.7537872791290283,-0.02788940630853176,0.4615940749645233,0.7610875368118286,-0.04817695543169975,0.46845266222953796,0.7789013385772705,-0.06352271139621735,0.4968234598636627,0.7888501882553101,-0.07580595463514328,0.47549185156822205,0.6745781302452087,-0.04283986613154411,0.47249117493629456,0.7357157468795776,-0.06332266330718994,0.4717789888381958,0.7443380355834961,-0.07502694427967072,0.47336530685424805,0.7274628281593323,-0.08322351425886154,0.5058983564376831,0.6745341420173645,-0.03836212679743767,0.49949100613594055,0.753929078578949,-0.05509355664253235,0.4934287965297699,0.7575554251670837,-0.05698490887880325,0.4925571382045746,0.7340671420097351,-0.05851151794195175,0.5321522355079651,0.6872462630271912,-0.036186277866363525,0.5249605178833008,0.76201993227005,-0.05041257664561272,0.5152162313461304,0.7616145610809326,-0.042795468121767044,0.5127817392349243,0.7390305399894714,-0.036315299570560455,0.5533708930015564,0.7055033445358276,-0.037596747279167175,0.5451299548149109,0.7561450600624084,-0.05040299519896507,0.5369613766670227,0.7559409141540527,-0.04907556250691414,0.5360696315765381,0.7398877739906311,-0.04560637101531029
0.5120869874954224,0.7443961501121521,-6.84369041437094e-08,0.4860844910144806,0.753622829914093,-0.02901989035308361,0.4616019129753113,0.7625818252563477,-0.049623653292655945,0.467617928981781,0.7815951704978943,-0.06496018171310425,0.49604085087776184,0.7908949851989746,-0.07710210978984833,0.47616058588027954,0.675672709941864,-0.04459935426712036,0.47166556119918823,0.7387059330940247,-0.06533262133598328,0.47123467922210693,0.7453609704971313,-0.07692651450634003,0.47306856513023376,0.7271913290023804,-0.08487170189619064,0.5067801475524902,0.6750900149345398,-0.039429228752851486,0.4998636245727539,0.7561390995979309,-0.056114424020051956,0.4946455657482147,0.7553316354751587,-0.05770580843091011,0.49378886818885803,0.7304184436798096,-0.0588236078619957,0.5333892107009888,0.6875403523445129,-0.03654821962118149,0.5253523588180542,0.7640184164047241,-0.05103258788585663,0.516292929649353,0.7596398591995239,-0.042470838874578476,0.5139606595039368,0.7356610298156738,-0.03487116098403931,0.5544084906578064,0.7058826684951782,-0.03738314285874367,0.54593825340271,0.7571341395378113,-0.05109548568725586,0.5385133624076843,0.7536200284957886,-0.04961862042546272,0.5381434559822083,0.7354772686958313,-0.04547248035669327
0.5118876695632935,0.7476035356521606,-8.960491726384134e-08,0.4853609800338745,0.7565752267837524,-0.02931206114590168,0.4608633816242218,0.7636905908584595,-0.05026818811893463,0.4677019417285919,0.781798779964447,-0.0659683421254158,0.4965871572494507,0.7911629676818848,-0.07834604382514954,0.4754502773284912,0.676822304725647,-0.04515586420893669,0.47104865312576294,0.7379621863365173,-0.06641755998134613,0.4713652729988098,0.7482084631919861,-0.07779962569475174,0.47363293170928955,0.7314948439598083,-0.08555784076452255,0.5064117908477783,0.6763014793395996,-0.04016370326280594,0.49916040897369385,0.7561970353126526,-0.05794429033994675,0.4936888813972473,0.7602136731147766,-0.05954586714506149,0.4928165376186371,0.7362594604492188,-0.06049661710858345,0.5329992175102234,0.6888715028762817,-0.03757968172430992,0.5248810052871704,0.7645807862281799,-0.052618805319070816,0.5154755711555481,0.7636107206344604,-0.04433051124215126,0.5129257440567017,0.7402483820915222,-0.0370669923722744,0.5541724562644958,0.7072150707244873,-0.03869670629501343,0.545379638671875,0.7584936022758484,-0.052386168390512466,0.5375512838363647,0.7575556039810181,-0.051085177809000015,0.5367008447647095,0.7404638528823853,-0.047284986823797226
0.5094982385635376,0.7467501759529114,-8.979529297903355e-08,0.4830726683139801,0.7557048201560974,-0.029452217742800713,0.45825836062431335,0.7625797986984253,-0.05040647089481354,0.4655461311340332,0.7804548144340515,-0.06614549458026886,0.4949028491973877,0.7905240654945374,-0.07844661176204681,0.4756658673286438,0.6764732599258423,-0.045485738664865494,0.4711436629295349,0.7372316122055054,-0.06656292825937271,0.4706741273403168,0.7453746795654297,-0.07744003087282181,0.4730490744113922,0.7283833622932434,-0.08462459594011307,0.5065462589263916,0.676250696182251,-0.04026748239994049,0.49914294481277466,0.7578060030937195,-0.057615384459495544,0.49297353625297546,0.7594160437583923,-0.058361414819955826,0.49242445826530457,0.7351713180541992,-0.05846909061074257,0.5329105854034424,0.6892169117927551,-0.037470296025276184,0.5246589779853821,0.7654001712799072,-0.05247888341546059,0.5151188969612122,0.7615876197814941,-0.04331953078508377,0.5133434534072876,0.7378292679786682,-0.03493284061551094,0.5537998080253601,0.7078346610069275,-0.03845680505037308,0.5453102588653564,0.7577397227287292,-0.05243309959769249,0.536946713924408,0.7543748617172241,-0.05071665719151497,0.5362154841423035,0.7372669577598572,-0.046054989099502563
0.5093008875846863,0.750129222869873,-1.0826165919297637e-07,0.482392281293869,0.7586551308631897,-0.029801853001117706,0.45779991149902344,0.7639002799987793,-0.05087561160326004,0.4664638042449951,0.7809252738952637,-0.06665603071451187,0.49589288234710693,0.7910676002502441,-0.07883515954017639,0.4757132828235626,0.6769616007804871,-0.04538556560873985,0.47123199701309204,0.7375280857086182,-0.06700722873210907,0.4700688123703003,0.7480736374855042,-0.07806853950023651,0.47219347953796387,0.7312214374542236,-0.08543349802494049,0.5067731738090515,0.6763806939125061,-0.040180087089538574,0.4991637170314789,0.7579621076583862,-0.05827079713344574,0.492099404335022,0.7626830339431763,-0.059059400111436844,0.49154528975486755,0.7375572323799133,-0.05904146656394005,0.5330035090446472,0.6893725991249084,-0.03753339499235153,0.5247963070869446,0.7665800452232361,-0.05285552889108658,0.5139995813369751,0.7650846242904663,-0.043696898967027664,0.5117506980895996,0.7407543063163757,-0.03539520129561424,0.5536795854568481,0.7080569863319397,-0.03873201832175255,0.544858455657959,0.7598755359649658,-0.05296512320637703,0.5356164574623108,0.7583737969398499,-0.051565174013376236,0.5342369079589844,0.7412034273147583,-0.047192636877298355
0.510574996471405,0.7493148446083069,-8.338511747751909e-08,0.4837949275970459,0.7579143047332764,-0.029979851096868515,0.4589174687862396,0.7639375329017639,-0.051087185740470886,0.46550026535987854,0.7813646197319031,-0.06669081002473831,0.49472010135650635,0.7914215326309204,-0.078840471804142,0.47559791803359985,0.6775344610214233,-0.046326249837875366,0.4707688093185425,0.7404782772064209,-0.06771305948495865,0.47059231996536255,0.7496340274810791,-0.07895512878894806,0.47305166721343994,0.731823205947876,-0.08660244196653366,0.5062957406044006,0.6771519780158997,-0.04072684049606323,0.49891090393066406,0.7585483193397522,-0.058548085391521454,0.49353358149528503,0.7599539160728455,-0.05977698042988777,0.49320322275161743,0.7351647019386292,-0.06039120629429817,0.5327790379524231,0.689917266368866,-0.037513867020606995,0.5245779752731323,0.7663890719413757,-0.052606452256441116,0.5151434540748596,0.7628600001335144,-0.04393238574266434,0.5131839513778687,0.7385738492012024,-0.03618340939283371,0.5538125038146973,0.7083244323730469,-0.038084305822849274,0.5450361371040344,0.759517252445221,-0.05218707025051117,0.5370703339576721,0.7560725212097168,-0.051143623888492584,0.5365179181098938,0.7376108169555664,-0.04729193076491356
0.5098491907119751,0.7503339648246765,-1.164764427130649e-07,0.48360392451286316,0.7590476870536804,-0.029348105192184448,0.459125280380249,0.7649408578872681,-0.05003294348716736,0.466568261384964,0.7822515368461609,-0.06549124419689178,0.4959859251976013,0.7922301888465881,-0.07747133821249008,0.4755941927433014,0.6779491901397705,-0.044825535267591476,0.47222915291786194,0.7382670640945435,-0.06589074432849884,0.47127655148506165,0.7493728995323181,-0.07649296522140503,0.4726966619491577,0.733110249042511,-0.08367662131786346,0.5063019394874573,0.6772270798683167,-0.03969541937112808,0.49952468276023865,0.7576486468315125,-0.057620249688625336,0.49317750334739685,0.7636106610298157,-0.05854663625359535,0.49231138825416565,0.739296555519104,-0.058835867792367935,0.5325786471366882,0.6896863579750061,-0.0370434895157814,0.525293231010437,0.7653931379318237,-0.05229770764708519,0.5151311755180359,0.7650659084320068,-0.04376518353819847,0.5124633312225342,0.7408897280693054,-0.03619235381484032,0.5535290837287903,0.7078501582145691,-0.038096342235803604,0.5454441905021667,0.7584034204483032,-0.05197395011782646,0.537087619304657,0.758192777633667,-0.050738248974084854,0.5360046625137329,0.7414108514785767,-0.0468728169798851
0.5097348093986511,0.7527738809585571,-1.0281128481892665e-07,0.48382753133773804,0.7606945633888245,-0.02963968552649021,0.4593551456928253,0.7664062976837158,-0.0504470095038414,0.4661349058151245,0.7833424210548401,-0.06591427326202393,0.4947662055492401,0.7933276891708374,-0.07781411707401276,0.47536006569862366,0.6790750622749329,-0.04464518278837204,0.4715324640274048,0.7413620948791504,-0.06551975756883621,0.4699193239212036,0.751541256904602,-0.07612963020801544,0.47151318192481995,0.7341275811195374,-0.08337949961423874,0.5058910846710205,0.6791337728500366,-0.03935730457305908,0.49957075715065,0.7595357894897461,-0.05710551142692566,0.4924522638320923,0.7631669044494629,-0.05796284228563309,0.49164822697639465,0.737187385559082,-0.058071866631507874,0.5320731401443481,0.6921000480651855,-0.03657306358218193,0.5253098011016846,0.7682288885116577,-0.051987893879413605,0.5144315958023071,0.7661694884300232,-0.04336216300725937,0.5118289589881897,0.7412925958633423,-0.03548385947942734,0.5528833866119385,0.7106077671051025,-0.037538737058639526,0.5451357364654541,0.7618749737739563,-0.05211315304040909,0.5356482267379761,0.7602086067199707,-0.051284607499837875,0.5337504148483276,0.74261873960495,-0.047433074563741684
0.5099295973777771,0.7508713006973267,-9.237703579856316e-08,0.4839787185192108,0.7593854069709778,-0.029135340824723244,0.45985648036003113,0.7660967111587524,-0.04959660395979881,0.4671979248523712,0.7843970060348511,-0.06478677690029144,0.49592989683151245,0.7946162819862366,-0.07670727372169495,0.47541576623916626,0.6800188422203064,-0.04483311250805855,0.471588671207428,0.7416012287139893,-0.06527732312679291,0.47050920128822327,0.7503758072853088,-0.07624462991952896,0.4721253514289856,0.7333787679672241,-0.08391150087118149,0.5061445236206055,0.6794095039367676,-0.03973995894193649,0.49923574924468994,0.7605013847351074,-0.05697860196232796,0.49302345514297485,0.7628402709960938,-0.05879078432917595,0.49231016635894775,0.7380760312080383,-0.060105666518211365,0.5325297713279724,0.6919695138931274,-0.036929115653038025,0.5248405933380127,0.7687672972679138,-0.05144575983285904,0.5146652460098267,0.766369640827179,-0.043502144515514374,0.5119317770004272,0.7420923113822937,-0.03664016351103783,0.5534272193908691,0.7102766036987305,-0.03784618526697159,0.5448973178863525,0.7620981335639954,-0.05144686996936798,0.536051869392395,0.7602782845497131,-0.050485603511333466,0.5344340205192566,0.7428125143051147,-0.04699496179819107
0.5102996230125427,0.7515925168991089,-8.8531727726604e-08,0.484254390001297,0.7600389719009399,-0.030082616955041885,0.4593038558959961,0.7666126489639282,-0.05149602144956589,0.4660519063472748,0.7840419411659241,-0.06746802479028702,0.4949416518211365,0.7934993505477905,-0.07992194592952728,0.4759073257446289,0.6795810461044312,-0.04639732837677002,0.47133299708366394,0.7426354289054871,-0.06793207675218582,0.47079479694366455,0.7524198293685913,-0.07926598936319351,0.47301164269447327,0.7351254224777222,-0.08696949481964111,0.5069389939308167,0.6792701482772827,-0.04106255993247032,0.4997560977935791,0.7609679102897644,-0.05903906002640724,0.4935978353023529,0.7634065747261047,-0.06028749421238899,0.4930846691131592,0.7382373809814453,-0.06081734225153923,0.5333124399185181,0.6922416090965271,-0.038147956132888794,0.5255019068717957,0.7693588733673096,-0.05342399701476097,0.515869677066803,0.7663550972938538,-0.04449545592069626,0.5139270424842834,0.7415298223495483,-0.03647763654589653,0.5540969967842102,0.710964560508728,-0.039052024483680725,0.5455248951911926,0.762607753276825,-0.053275302052497864,0.5369264483451843,0.7601379156112671,-0.05186973884701729,0.5358006358146667,0.742112934589386,-0.04758686572313309
0.5115504264831543,0.7488396763801575,-8.061861933583714e-08,0.4857806861400604,0.7578460574150085,-0.029347727075219154,0.46073153614997864,0.7667211294174194,-0.05052293837070465,0.4662643074989319,0.7852986454963684,-0.06640460342168808,0.4945312440395355,0.794765830039978,-0.07896681129932404,0.47637996077537537,0.6809210181236267,-0.045662201941013336,0.47192034125328064,0.7441751956939697,-0.06659043580293655,0.4708210229873657,0.7516294717788696,-0.07796244323253632,0.4725359082221985,0.7337638139724731,-0.0858088806271553,0.5067548751831055,0.6806270480155945,-0.0403788797557354,0.500002920627594,0.762540876865387,-0.05761599540710449,0.4945949614048004,0.7621802091598511,-0.05901435762643814,0.4942224621772766,0.7364198565483093,-0.05989428609609604,0.5329986214637756,0.6930832862854004,-0.03737487271428108,0.5255497694015503,0.7699816823005676,-0.05222092196345329,0.5165286064147949,0.7651643753051758,-0.043762706220149994,0.514565110206604,0.740083634853363,-0.03622254356741905,0.5539366602897644,0.7110230326652527,-0.03809200972318649,0.5453904271125793,0.7631238698959351,-0.052237093448638916,0.5369288921356201,0.7595223188400269,-0.051209550350904465,0.5355713367462158,0.7410712242126465,-0.04733411967754364
0.5091041922569275,0.7484228014945984,-9.302793557708355e-08,0.48270413279533386,0.7576137185096741,-0.029419828206300735,0.45808568596839905,0.7645944952964783,-0.05020931735634804,0.4663322865962982,0.7829399704933167,-0.0656854659318924,0.49567916989326477,0.7934562563896179,-0.07771313935518265,0.4764958322048187,0.6786490082740784,-0.045382823795080185,0.4720423221588135,0.7399488091468811,-0.06627824902534485,0.47005602717399597,0.7472968101501465,-0.07737289369106293,0.4714732766151428,0.7300509810447693,-0.08493292331695557,0.5073468089103699,0.6782070994377136,-0.04024665057659149,0.49974536895751953,0.7612345814704895,-0.05749789625406265,0.49291911721229553,0.7617202997207642,-0.0584348663687706,0.4924025535583496,0.7367224097251892,-0.05880327895283699,0.5333303809165955,0.6914721727371216,-0.03751352056860924,0.5248441696166992,0.769607663154602,-0.052271485328674316,0.5145320892333984,0.7649450898170471,-0.04307899624109268,0.5124789476394653,0.7403148412704468,-0.03480900079011917,0.5536277890205383,0.7104398608207703,-0.038643255829811096,0.544605016708374,0.7624732255935669,-0.05306525155901909,0.535336434841156,0.7591170072555542,-0.05170764401555061,0.5337921977043152,0.7415677905082703,-0.047251589596271515
0.5093299150466919,0.748285710811615,-8.244746396712799e-08,0.48369917273521423,0.7570103406906128,-0.02886941097676754,0.4597242772579193,0.7654625773429871,-0.04969258978962898,0.46679845452308655,0.7836185097694397,-0.06521286815404892,0.4945763051509857,0.7924765348434448,-0.07749238610267639,0.4760526716709137,0.6782349348068237,-0.045607857406139374,0.47219106554985046,0.7417935729026794,-0.06603311747312546,0.4701134264469147,0.74892657995224,-0.07723555713891983,0.47099047899246216,0.73154616355896,-0.08516962081193924,0.5065513253211975,0.6783633828163147,-0.040607351809740067,0.49979183077812195,0.7600641846656799,-0.05748177692294121,0.4928726851940155,0.7605411410331726,-0.058858759701251984,0.49179330468177795,0.736104428768158,-0.05994105711579323,0.5327282547950745,0.6913574934005737,-0.03777041658759117,0.5250895023345947,0.7677948474884033,-0.05218876898288727,0.5152884721755981,0.7633002400398254,-0.0436292327940464,0.5132173895835876,0.7390084862709045,-0.036272209137678146,0.553422749042511,0.7101085186004639,-0.03861803561449051,0.5456299781799316,0.7607196569442749,-0.05270323157310486,0.5370634198188782,0.7568748593330383,-0.05150775983929634,0.5360414981842041,0.7385900020599365,-0.04759189113974571
0.5088987946510315,0.7546644806861877,-9.41665661002844e-08,0.4832720458507538,0.7630592584609985,-0.029171019792556763,0.45903322100639343,0.7690461874008179,-0.04989580810070038,0.4665607810020447,0.7858050465583801,-0.06537362933158875,0.49518099427223206,0.7935800552368164,-0.0774664580821991,0.4747615158557892,0.6815369129180908,-0.044677626341581345,0.47134166955947876,0.7434080839157104,-0.06569916754961014,0.4696272611618042,0.751590371131897,-0.07726999372243881,0.4706907272338867,0.7340072393417358,-0.08544966578483582,0.5050795078277588,0.680516242980957,-0.03953276574611664,0.49936532974243164,0.7611609101295471,-0.05705173686146736,0.4926493465900421,0.7637333869934082,-0.05863732099533081,0.49150651693344116,0.7381941080093384,-0.05975528061389923,0.531160295009613,0.6925376057624817,-0.0367567241191864,0.5250343680381775,0.7686171531677246,-0.05142670497298241,0.5147808790206909,0.7661300301551819,-0.0430302731692791,0.5119994282722473,0.741117000579834,-0.035878121852874756,0.5519019365310669,0.7106541395187378,-0.03772902861237526,0.5448339581489563,0.7614808082580566,-0.051650241017341614,0.5358343124389648,0.7593569159507751,-0.05064300820231438,0.5341311097145081,0.7409458756446838,-0.04705178737640381
0.5087940692901611,0.7520642280578613,-8.807558060652809e-08,0.48299482464790344,0.7602737545967102,-0.029100576415657997,0.4586118459701538,0.766841471195221,-0.04996711015701294,0.4656299352645874,0.7847810983657837,-0.06562410295009613,0.4947596788406372,0.794503390789032,-0.07796759158372879,0.47498270869255066,0.6803464293479919,-0.0450519323348999,0.4709312319755554,0.7432827949523926,-0.06639859825372696,0.4699661433696747,0.7521181702613831,-0.07808353006839752,0.471629798412323,0.7347986698150635,-0.08610880374908447,0.5054188966751099,0.6802876591682434,-0.04009702056646347,0.4989021122455597,0.7617713212966919,-0.05789662152528763,0.4926856756210327,0.7632339596748352,-0.05964738130569458,0.49174800515174866,0.737565815448761,-0.06067213788628578,0.5315532684326172,0.6931461691856384,-0.03748342767357826,0.5242752432823181,0.7694393992424011,-0.052468206733465195,0.514594554901123,0.766135573387146,-0.04396767169237137,0.5122591257095337,0.7414411306381226,-0.03638564050197601,0.5521191358566284,0.7116636633872986,-0.038627419620752335,0.5440079569816589,0.7623286247253418,-0.0526958666741848,0.5356445908546448,0.7592658996582031,-0.051500000059604645,0.5344994068145752,0.7408089637756348,-0.04750361293554306
0.5080226063728333,0.7494045495986938,-7.899851084403053e-08,0.48206374049186707,0.7582595944404602,-0.02893637865781784,0.4572980999946594,0.7649174928665161,-0.0496535561978817,0.4648248255252838,0.7829442024230957,-0.06513703614473343,0.4937252998352051,0.7942317724227905,-0.0772380605340004,0.4739331603050232,0.6791843771934509,-0.04517599940299988,0.4694942533969879,0.7411759495735168,-0.06596487760543823,0.46880754828453064,0.748160183429718,-0.07724849879741669,0.47106319665908813,0.730488657951355,-0.08515284955501556,0.5042365789413452,0.6788182258605957,-0.04015753045678139,0.49735167622566223,0.7595037817955017,-0.057207416743040085,0.4921676218509674,0.7603222727775574,-0.05828401818871498,0.49231457710266113,0.735548198223114,-0.05908334627747536,0.5300551056861877,0.6914340853691101,-0.03745683282613754,0.523017406463623,0.7670759558677673,-0.05201897397637367,0.5143711566925049,0.763761579990387,-0.04341428726911545,0.5130990743637085,0.7397669553756714,-0.03596686199307442,0.5507857203483582,0.7098166942596436,-0.038513053208589554,0.5433504581451416,0.7599842548370361,-0.05233714357018471,0.5350121259689331,0.7585954070091248,-0.05112096294760704,0.5340184569358826,0.742303729057312,-0.04728958010673523
0.5073519945144653,0.7449948787689209,-9.109749044000637e-08,0.48115473985671997,0.7550411224365234,-0.029604820534586906,0.45717138051986694,0.7641101479530334,-0.05090651661157608,0.46491676568984985,0.7822275161743164,-0.06674254685640335,0.493204265832901,0.7914789915084839,-0.07927051931619644,0.47258782386779785,0.6775469779968262,-0.04713201895356178,0.46872612833976746,0.7400017380714417,-0.06792772561311722,0.46736961603164673,0.7484031319618225,-0.0789167732000351,0.4687948226928711,0.7309849262237549,-0.08664829283952713,0.503246545791626,0.6768736839294434,-0.041830845177173615,0.4965484142303467,0.7577036619186401,-0.05919373407959938,0.4902612268924713,0.7600328922271729,-0.06047169864177704,0.4895321726799011,0.7355442047119141,-0.06147913262248039,0.529403030872345,0.6891200542449951,-0.038722362369298935,0.5221998691558838,0.7648370265960693,-0.05360040441155434,0.5124790668487549,0.761672854423523,-0.04529853165149689,0.5101602077484131,0.7373897433280945,-0.03816179186105728,0.5503305196762085,0.7069482803344727,-0.03930312395095825,0.5423995852470398,0.7574026584625244,-0.05348857492208481,0.5337699055671692,0.7549388408660889,-0.052543699741363525,0.5322422385215759,0.7376144528388977,-0.04898183047771454
0.507542073726654,0.7484840154647827,-1.1312857850498403e-07,0.48149967193603516,0.7574216723442078,-0.02942996472120285,0.4572283923625946,0.7648639678955078,-0.05075289309024811,0.4648948311805725,0.7817752957344055,-0.0667770504951477,0.4935222864151001,0.7909299731254578,-0.07950526475906372,0.47170618176460266,0.6766465306282043,-0.04554162919521332,0.4689723551273346,0.737716794013977,-0.06628899276256561,0.46833422780036926,0.7489931583404541,-0.077262744307518,0.4696274399757385,0.7330073118209839,-0.08494456112384796,0.5027262568473816,0.6758400201797485,-0.04061000794172287,0.49620914459228516,0.7558188438415527,-0.058176133781671524,0.4900623559951782,0.7630535960197449,-0.05990178510546684,0.4891071319580078,0.7397565841674805,-0.06120174750685692,0.5293139815330505,0.6881493330001831,-0.03799154609441757,0.5223036408424377,0.7635488510131836,-0.052865225821733475,0.5124885439872742,0.7651179432868958,-0.04528272524476051,0.5096835494041443,0.7428625226020813,-0.03883519396185875,0.5508661866188049,0.7060645818710327,-0.03903282806277275,0.5425717234611511,0.7567170858383179,-0.052360862493515015,0.5339548587799072,0.7581706643104553,-0.05120353400707245,0.5322349071502686,0.7431721091270447,-0.04781778156757355
0.5083340406417847,0.7476592659950256,-7.975504701107639e-08,0.4823105037212372,0.7576602101325989,-0.029550809413194656,0.45838358998298645,0.76621013879776,-0.0506916418671608,0.46544507145881653,0.7836825847625732,-0.06645221263170242,0.49395713210105896,0.7912741899490356,-0.078948475420475,0.4714258909225464,0.6786250472068787,-0.04580662027001381,0.46927303075790405,0.741729199886322,-0.06730052083730698,0.4687363803386688,0.7506420016288757,-0.07922491431236267,0.4699203670024872,0.732506513595581,-0.08755005151033401,0.5021729469299316,0.6778919696807861,-0.04061638191342354,0.4975058138370514,0.7582249045372009,-0.05857573449611664,0.49165835976600647,0.7600670456886292,-0.06046757474541664,0.49035125970840454,0.7334309816360474,-0.06176096200942993,0.5290080308914185,0.6897977590560913,-0.037740446627140045,0.5233531594276428,0.7656851410865784,-0.05259428545832634,0.513810932636261,0.7622638940811157,-0.04418494552373886,0.5109174847602844,0.7361477017402649,-0.036978207528591156,0.5506002306938171,0.707407534122467,-0.038595277816057205,0.5430247187614441,0.7590029239654541,-0.05239083245396614,0.5348563194274902,0.755632758140564,-0.05123661831021309,0.5335597395896912,0.7356838583946228,-0.04757487028837204
0.5083610415458679,0.7508604526519775,-1.1405546018750101e-07,0.4822670519351959,0.7595255970954895,-0.02894454076886177,0.4578930139541626,0.7658301591873169,-0.04957807809114456,0.46516478061676025,0.7829784154891968,-0.06501878798007965,0.49366846680641174,0.7927769422531128,-0.07702964544296265,0.4726893901824951,0.6785250306129456,-0.044304028153419495,0.46931350231170654,0.7395809888839722,-0.06532960385084152,0.46784883737564087,0.750491201877594,-0.07634574919939041,0.468799889087677,0.7336815595626831,-0.08397407829761505,0.5028771758079529,0.6777335405349731,-0.03943963721394539,0.49676069617271423,0.7576218247413635,-0.05737784132361412,0.49036264419555664,0.7634568214416504,-0.05887883901596069,0.4893794059753418,0.7385600209236145,-0.05973285436630249,0.5289538502693176,0.6897642016410828,-0.037014979869127274,0.5227116942405701,0.7652900815010071,-0.052455708384513855,0.5125260353088379,0.7654314041137695,-0.04493304342031479,0.5095091462135315,0.7414115071296692,-0.038227543234825134,0.5500304102897644,0.7072938680648804,-0.03821425884962082,0.5428647398948669,0.7578385472297668,-0.052403099834918976,0.5340889096260071,0.7584800124168396,-0.05186539888381958,0.5321217179298401,0.7421607375144958,-0.04867014288902283
0.5083034038543701,0.7519990801811218,-1.096389325994096e-07,0.4819315969944,0.7606751322746277,-0.02988750860095024,0.4573426842689514,0.7666139006614685,-0.05097177252173424,0.46433499455451965,0.7837453484535217,-0.06659214943647385,0.4934675097465515,0.7930031418800354,-0.07879139482975006,0.4717787504196167,0.6788315176963806,-0.04567209258675575,0.4687729477882385,0.7414276599884033,-0.06693942844867706,0.46846386790275574,0.7534942626953125,-0.07798917591571808,0.4699161648750305,0.7369365096092224,-0.08555427938699722,0.5028601288795471,0.6779384016990662,-0.04031839221715927,0.49689123034477234,0.7588220238685608,-0.058415114879608154,0.49118006229400635,0.7642503976821899,-0.06000867858529091,0.49009114503860474,0.7396146059036255,-0.060920678079128265,0.529636025428772,0.6900745034217834,-0.037386562675237656,0.5230206847190857,0.7665998339653015,-0.05252346023917198,0.5131311416625977,0.7662026286125183,-0.04450611025094986,0.5099580883979797,0.7418375611305237,-0.03748844563961029,0.550955593585968,0.7077959775924683,-0.038173649460077286,0.542660653591156,0.759536862373352,-0.051865722984075546,0.534326434135437,0.7592990398406982,-0.05087466165423393,0.5327216982841492,0.7418182492256165,-0.04737604409456253
0.5088087320327759,0.7501469254493713,-9.853710736251742e-08,0.4828048348426819,0.7594835162162781,-0.028946738690137863,0.4584178328514099,0.7673072814941406,-0.04965339973568916,0.46560800075531006,0.7859352827072144,-0.06507082283496857,0.49436450004577637,0.795067310333252,-0.07718513160943985,0.4730203449726105,0.6813068985939026,-0.046070195734500885,0.4699583649635315,0.7425808310508728,-0.06719619780778885,0.4681164622306824,0.7511450052261353,-0.0784466490149498,0.46824783086776733,0.7341036200523376,-0.08626127243041992,0.5036442875862122,0.6800843477249146,-0.04117376729846001,0.4976329505443573,0.7620462775230408,-0.05909302830696106,0.4908098876476288,0.7645471096038818,-0.060634516179561615,0.4890578091144562,0.7396112680435181,-0.061570487916469574,0.5302086472511292,0.6921136975288391,-0.03848617896437645,0.523557186126709,0.7700706720352173,-0.05318702757358551,0.5126411318778992,0.767357587814331,-0.0443657785654068,0.5089115500450134,0.7423923015594482,-0.03679903596639633,0.5513501167297363,0.7101137042045593,-0.039557844400405884,0.5433313250541687,0.7628341913223267,-0.053731922060251236,0.5343778133392334,0.7601643800735474,-0.052619922906160355,0.5323997735977173,0.741311252117157,-0.04875793680548668
0.5090819597244263,0.7504374384880066,-8.580295940419091e-08,0.4824416935443878,0.7594872713088989,-0.029723895713686943,0.4575377404689789,0.7664472460746765,-0.051112208515405655,0.46456074714660645,0.7846848964691162,-0.0670778900384903,0.4932292699813843,0.7942483425140381,-0.07960811257362366,0.47307077050209045,0.6797033548355103,-0.046866774559020996,0.4688040614128113,0.7420559525489807,-0.06883735954761505,0.46860799193382263,0.751554012298584,-0.08054843544960022,0.4706571698188782,0.7340562343597412,-0.08851765096187592,0.5039250254631042,0.6793821454048157,-0.04166918620467186,0.4974105954170227,0.7607441544532776,-0.05992754548788071,0.49156275391578674,0.7633587718009949,-0.06098119169473648,0.4908907115459442,0.7378361225128174,-0.061327606439590454,0.5303384065628052,0.6921353936195374,-0.03886733576655388,0.5235409736633301,0.7692009210586548,-0.05399739369750023,0.5136639475822449,0.7658770084381104,-0.04451154172420502,0.5113792419433594,0.740260124206543,-0.03620968386530876,0.5511962175369263,0.7106090188026428,-0.03988930210471153,0.5431904792785645,0.7627179622650146,-0.054234255105257034,0.5346230864524841,0.7598557472229004,-0.05279264971613884,0.5334014892578125,0.7407050728797913,-0.04850633442401886
0.5089640617370605,0.7495065331459045,-9.851396498561371e-08,0.482504665851593,0.7590371370315552,-0.028935477137565613,0.45731431245803833,0.7668297290802002,-0.04966026172041893,0.46426698565483093,0.7844486236572266,-0.0650465115904808,0.4932442903518677,0.7949244379997253,-0.07705763727426529,0.47264692187309265,0.681126058101654,-0.04561566933989525,0.46925923228263855,0.7433532476425171,-0.06618672609329224,0.4686681628227234,0.7518738508224487,-0.07686463743448257,0.47040247917175293,0.7347468733787537,-0.0842219814658165,0.5033281445503235,0.6797529458999634,-0.04060991853475571,0.4971814453601837,0.7613531351089478,-0.05771039426326752,0.491249680519104,0.7637587189674377,-0.05853326618671417,0.4904230535030365,0.7400361895561218,-0.05889211967587471,0.5298153758049011,0.6916890144348145,-0.03786372020840645,0.5233365297317505,0.7686296105384827,-0.05285941809415817,0.5134463310241699,0.766002893447876,-0.0441567562520504,0.5108844637870789,0.7427463531494141,-0.03634529933333397,0.5512334108352661,0.709378182888031,-0.038799941539764404,0.5436960458755493,0.7613242268562317,-0.053282491862773895,0.534942090511322,0.7595722079277039,-0.05221482366323471,0.5332036018371582,0.7427256107330322,-0.04821447283029556
0.5086358189582825,0.7530789971351624,-9.426917557675552e-08,0.4822581708431244,0.762551486492157,-0.02896505780518055,0.4580574929714203,0.7703741788864136,-0.04955018684267998,0.4654502272605896,0.7881433963775635,-0.06494580954313278,0.4939159154891968,0.7976889610290527,-0.07712016999721527,0.4726702868938446,0.6836401224136353,-0.04454091563820839,0.4699558615684509,0.7465270161628723,-0.06589052826166153,0.46860674023628235,0.7548702359199524,-0.07775453478097916,0.4693783223628998,0.7370437383651733,-0.08592019975185394,0.5035547614097595,0.6824562549591064,-0.03961428999900818,0.4982335567474365,0.7647531628608704,-0.057526376098394394,0.4912792146205902,0.7660844922065735,-0.05926641821861267,0.48913270235061646,0.7404332160949707,-0.060079850256443024,0.53045254945755,0.6944610476493835,-0.03702718764543533,0.5239294171333313,0.771938681602478,-0.05219351127743721,0.5136082768440247,0.7679579257965088,-0.04356592148542404,0.5102542042732239,0.7422786355018616,-0.03570134565234184,0.551770031452179,0.7124316096305847,-0.038164172321558,0.5436192154884338,0.7651537656784058,-0.052611902356147766,0.5352070331573486,0.7609607577323914,-0.051510609686374664,0.5338696837425232,0.7406350374221802,-0.04739587754011154
0.5086330771446228,0.7516627907752991,-8.325717004709077e-08,0.48303326964378357,0.7609082460403442,-0.02882559970021248,0.4587450623512268,0.7692573666572571,-0.04958697780966759,0.46547189354896545,0.7869276404380798,-0.06517524272203445,0.49385011196136475,0.7959553003311157,-0.07752373814582825,0.47278594970703125,0.6822196245193481,-0.04420897364616394,0.46917983889579773,0.7444364428520203,-0.06510122865438461,0.46832332015037537,0.7524886131286621,-0.07669052481651306,0.4695588946342468,0.7351481318473816,-0.08473385870456696,0.5031835436820984,0.6818653345108032,-0.03934592381119728,0.496923565864563,0.7633857131004333,-0.05695512145757675,0.4909425675868988,0.7654215693473816,-0.05891099572181702,0.48975881934165955,0.7405210733413696,-0.060120657086372375,0.529401957988739,0.6943245530128479,-0.03681604191660881,0.52274489402771,0.7708985805511475,-0.05192413926124573,0.5131546258926392,0.7686300873756409,-0.04395953193306923,0.510174036026001,0.7446634769439697,-0.036791734397411346,0.5504451394081116,0.7123342156410217,-0.03795744478702545,0.5428960919380188,0.7644634246826172,-0.05222000554203987,0.5341666340827942,0.7629696130752563,-0.051346052438020706,0.5320417881011963,0.7454144954681396,-0.04764565825462341
0.5071308612823486,0.7482169270515442,-6.335819335845372e-08,0.48155415058135986,0.7580546736717224,-0.02909454144537449,0.45709583163261414,0.7674286365509033,-0.050007957965135574,0.46408674120903015,0.7856901288032532,-0.0656481459736824,0.4923516511917114,0.7951151728630066,-0.0781022384762764,0.4718054533004761,0.6817071437835693,-0.04562283307313919,0.4683377146720886,0.7455491423606873,-0.06674038618803024,0.4668596684932709,0.7502017617225647,-0.07887211441993713,0.4679800868034363,0.7321410179138184,-0.08740445226430893,0.5023059248924255,0.6806860566139221,-0.04045837000012398,0.49593842029571533,0.7625144720077515,-0.05744295194745064,0.4904066324234009,0.760235071182251,-0.05893370881676674,0.48973456025123596,0.7350184321403503,-0.06008012965321541,0.5285994410514832,0.692935049533844,-0.037543222308158875,0.5214903354644775,0.7695688605308533,-0.05225810781121254,0.5129777789115906,0.764110803604126,-0.043212153017520905,0.5111681222915649,0.7399450540542603,-0.035281047224998474,0.5497622489929199,0.7109566926956177,-0.038399774581193924,0.5417441129684448,0.7627981901168823,-0.05269629880785942,0.5336510539054871,0.7591082453727722,-0.05123518407344818,0.5325372815132141,0.7410556077957153,-0.04697532579302788
0.5074868202209473,0.7565543055534363,-8.841543319704215e-08,0.48198384046554565,0.7648484110832214,-0.02915790304541588,0.4583350419998169,0.770840585231781,-0.049662716686725616,0.4651690721511841,0.7881096601486206,-0.06497708708047867,0.49364811182022095,0.7962207794189453,-0.07701645791530609,0.47122737765312195,0.6820986866950989,-0.04333234205842018,0.46819281578063965,0.744592547416687,-0.06483309715986252,0.46765631437301636,0.7542769312858582,-0.07714100182056427,0.4688001573085785,0.7364716529846191,-0.08574969321489334,0.5015398859977722,0.6809332370758057,-0.038267556577920914,0.49642354249954224,0.760116457939148,-0.05603034794330597,0.490955114364624,0.7631957530975342,-0.058195848017930984,0.48966532945632935,0.7375709414482117,-0.05969880148768425,0.5280656814575195,0.6929488778114319,-0.03573448956012726,0.5224301815032959,0.7679712772369385,-0.0505853071808815,0.5129050612449646,0.7667509317398071,-0.04281610995531082,0.5099806785583496,0.7417538166046143,-0.03612739220261574,0.5494765639305115,0.7109044194221497,-0.036909319460392,0.5420726537704468,0.7623703479766846,-0.05034920573234558,0.5334653854370117,0.7619837522506714,-0.0494360588490963,0.5317911505699158,0.7438070178031921,-0.04614995792508125
0.5084861516952515,0.7524262070655823,-7.86046925327355e-08,0.48202669620513916,0.7623748779296875,-0.029092298820614815,0.45790985226631165,0.7706847786903381,-0.04972635209560394,0.46503061056137085,0.788158118724823,-0.06495385617017746,0.493355393409729,0.7962207794189453,-0.07690374553203583,0.47026750445365906,0.6833829879760742,-0.045249614864587784,0.46796828508377075,0.7465227842330933,-0.06647705286741257,0.467308908700943,0.7543396353721619,-0.0781577080488205,0.4680043160915375,0.7358325123786926,-0.08627429604530334,0.5007942318916321,0.6821912527084351,-0.040107082575559616,0.4964553117752075,0.7630324363708496,-0.05779968574643135,0.4904341399669647,0.7642266154289246,-0.059497587382793427,0.4884546101093292,0.7382515072822571,-0.06055212765932083,0.5276458859443665,0.6939882040023804,-0.03723630681633949,0.5224611759185791,0.7703779935836792,-0.05234406143426895,0.5125404000282288,0.7665634751319885,-0.04381025955080986,0.5091434717178345,0.7409906387329102,-0.03628353774547577,0.549286425113678,0.7114144563674927,-0.03803982213139534,0.5427073240280151,0.7634680271148682,-0.052699148654937744,0.5347643494606018,0.7597881555557251,-0.051863059401512146,0.5333068370819092,0.7396564483642578,-0.04816171154379845
0.5079315304756165,0.7505381107330322,-9.134596012927432e-08,0.4817252457141876,0.760948121547699,-0.028678178787231445,0.4584997892379761,0.7703617215156555,-0.04922017082571983,0.4660554528236389,0.7884210348129272,-0.06458640843629837,0.493594765663147,0.7961389422416687,-0.07686714082956314,0.46924811601638794,0.683726966381073,-0.044550154358148575,0.4684620499610901,0.7463409900665283,-0.0659918263554573,0.467665433883667,0.755638837814331,-0.07796697318553925,0.46772611141204834,0.7381221652030945,-0.08624690771102905,0.4998980164527893,0.6820520758628845,-0.03973754122853279,0.49638956785202026,0.7617635130882263,-0.057654596865177155,0.4901013672351837,0.7654063105583191,-0.05964088439941406,0.4875442087650299,0.7400640249252319,-0.060923829674720764,0.5268889665603638,0.6931743621826172,-0.037230171263217926,0.5221426486968994,0.7682716250419617,-0.05253072455525398,0.512227475643158,0.7665978670120239,-0.04458411782979965,0.5084331631660461,0.74142986536026,-0.0376054011285305,0.5487291812896729,0.7098631858825684,-0.03828401491045952,0.5421460270881653,0.7618579864501953,-0.05240921676158905,0.5342280268669128,0.7599949836730957,-0.051421187818050385,0.5327275991439819,0.7406214475631714,-0.047903288155794144
0.5080703496932983,0.7515333890914917,-8.518740202134722e-08,0.4819927513599396,0.7613518238067627,-0.028556007891893387,0.45844054222106934,0.7699794173240662,-0.04909379780292511,0.4654931426048279,0.7879948616027832,-0.06458187848329544,0.4932422637939453,0.7974081039428711,-0.07695673406124115,0.4699603319168091,0.6824495196342468,-0.04316089674830437,0.46713384985923767,0.7441540956497192,-0.06428779661655426,0.4671266973018646,0.7528282403945923,-0.07644523680210114,0.46834251284599304,0.7351853847503662,-0.08484705537557602,0.5002252459526062,0.6813016533851624,-0.03841599449515343,0.4954465925693512,0.7610812783241272,-0.05593634769320488,0.49027806520462036,0.7636784911155701,-0.05830034986138344,0.4887892007827759,0.7385973334312439,-0.059913743287324905,0.526877224445343,0.6929382085800171,-0.03605037182569504,0.5214951038360596,0.768222451210022,-0.051021963357925415,0.5125138759613037,0.7662547826766968,-0.043629348278045654,0.5094206929206848,0.7413345575332642,-0.03705111891031265,0.5486246347427368,0.7100688219070435,-0.037280164659023285,0.5413802862167358,0.7623538374900818,-0.05074760317802429,0.5333988070487976,0.7614856362342834,-0.04977240413427353,0.5317236185073853,0.7432188987731934,-0.046358514577150345
0.50638747215271,0.753318190574646,-7.964425918771667e-08,0.47999003529548645,0.7624085545539856,-0.029345709830522537,0.4565098285675049,0.7701834440231323,-0.05012059584259987,0.4642322063446045,0.7875200510025024,-0.0655360072851181,0.492953896522522,0.7963410019874573,-0.07772660255432129,0.4698636531829834,0.6815574765205383,-0.044092729687690735,0.4669130742549896,0.7461938261985779,-0.06511054933071136,0.4669431149959564,0.7549455761909485,-0.07723914086818695,0.46848106384277344,0.7370895147323608,-0.08569242805242538,0.5006495714187622,0.6808137893676758,-0.038794685155153275,0.4954616129398346,0.7618963718414307,-0.05592434108257294,0.4902859032154083,0.7628700733184814,-0.058077771216630936,0.4889831244945526,0.737341582775116,-0.05972815677523613,0.5274927616119385,0.6930245757102966,-0.03586893528699875,0.5211867690086365,0.7692774534225464,-0.050069667398929596,0.5121060609817505,0.7655577659606934,-0.04211941733956337,0.5092092752456665,0.7401164174079895,-0.03532673791050911,0.5490638613700867,0.7109410762786865,-0.03668292611837387,0.540948748588562,0.7631759643554688,-0.04971707612276077,0.532806396484375,0.7598860859870911,-0.048534415662288666,0.531227171421051,0.7400687336921692,-0.04499097168445587
0.5063162446022034,0.7487640380859375,-7.34465004370577e-08,0.48049113154411316,0.7582460045814514,-0.028727078810334206,0.45618385076522827,0.7667872905731201,-0.049472350627183914,0.46324780583381653,0.7848978638648987,-0.06509261578321457,0.49169862270355225,0.7952959537506104,-0.07755795121192932,0.4707028567790985,0.6812113523483276,-0.044726841151714325,0.4664318263530731,0.7445034980773926,-0.0663331151008606,0.4662170112133026,0.7509310245513916,-0.07891669869422913,0.4682294726371765,0.7331546545028687,-0.08760444819927216,0.5011376142501831,0.6804866790771484,-0.03986619412899017,0.4945729672908783,0.7607775330543518,-0.0571514293551445,0.4899686872959137,0.7609732151031494,-0.05902310460805893,0.489775151014328,0.7356969714164734,-0.06040065735578537,0.527345597743988,0.6927607655525208,-0.03733563795685768,0.5205773115158081,0.7680100202560425,-0.052156832069158554,0.5126287937164307,0.7646915912628174,-0.043925460427999496,0.5111516118049622,0.7406011819839478,-0.03666483238339424,0.5485231876373291,0.7107248902320862,-0.03851327300071716,0.5407404899597168,0.7622499465942383,-0.0523458868265152,0.5322173833847046,0.7608642578125,-0.0511307418346405,0.5304996967315674,0.7441014051437378,-0.04729499667882919
0.5048686861991882,0.7556585669517517,-8.269910267699743e-08,0.479839026927948,0.7640151381492615,-0.028157314285635948,0.4561213254928589,0.7709764838218689,-0.048353709280490875,0.46355730295181274,0.7877955436706543,-0.06349141150712967,0.4912711977958679,0.7956306338310242,-0.07540908455848694,0.46960291266441345,0.6825295686721802,-0.04302913323044777,0.4670497477054596,0.7450306415557861,-0.06354040652513504,0.4657253324985504,0.7524175047874451,-0.07553765922784805,0.466373085975647,0.7348416447639465,-0.08416006714105606,0.49969568848609924,0.6810240149497986,-0.03818294033408165,0.4948539733886719,0.7613978981971741,-0.05477573350071907,0.48910996317863464,0.7621207237243652,-0.056664057075977325,0.4876692593097687,0.736779510974884,-0.05821256712079048,0.5260573029518127,0.6928446888923645,-0.03559497743844986,0.5206677317619324,0.76844722032547,-0.04966557398438454,0.5117715001106262,0.7653167247772217,-0.04144434630870819,0.5091904997825623,0.7408499121665955,-0.034496791660785675,0.5473132729530334,0.7109283804893494,-0.03664914146065712,0.5404619574546814,0.7624680995941162,-0.05013950541615486,0.5319051742553711,0.7609806060791016,-0.04891714081168175,0.5300700068473816,0.7433353066444397,-0.04518214985728264
0.5062942504882812,0.7530048489570618,-6.38548840470321e-08,0.4801999032497406,0.7622894048690796,-0.02930484525859356,0.4562760293483734,0.7703841328620911,-0.05030737444758415,0.46285757422447205,0.7888795733451843,-0.06588836014270782,0.4907243549823761,0.7974974513053894,-0.07819576561450958,0.4696653485298157,0.6832584142684937,-0.04591525346040726,0.4657185971736908,0.7468113899230957,-0.06741809099912643,0.46553748846054077,0.7529370784759521,-0.07965866476297379,0.46717801690101624,0.7343679666519165,-0.08812858164310455,0.5001522302627563,0.6822049617767334,-0.04055745154619217,0.4943026900291443,0.7641233205795288,-0.05793031305074692,0.4890413284301758,0.7625572085380554,-0.05947880446910858,0.4881914258003235,0.7362344264984131,-0.06049014627933502,0.5268557667732239,0.6942737102508545,-0.03746503219008446,0.520336389541626,0.7714020609855652,-0.051905307918787,0.5112999677658081,0.7650790810585022,-0.042706482112407684,0.5091441869735718,0.7389994859695435,-0.034724969416856766,0.548213005065918,0.7122182250022888,-0.03816661611199379,0.5401949882507324,0.7646275162696838,-0.052293162792921066,0.5320058465003967,0.7591015100479126,-0.05100604519248009,0.5307459831237793,0.7380915284156799,-0.04686034843325615
0.5053579211235046,0.7507818341255188,-5.796581703521042e-08,0.48047393560409546,0.7606765031814575,-0.029141541570425034,0.45787277817726135,0.771660566329956,-0.049932848662137985,0.46459731459617615,0.7911877632141113,-0.0652090311050415,0.4915253818035126,0.7996019124984741,-0.07725953310728073,0.469270259141922,0.6849551796913147,-0.04600399732589722,0.46667957305908203,0.7516121864318848,-0.06728304922580719,0.46516793966293335,0.7570343017578125,-0.07969403266906738,0.46535903215408325,0.7380334138870239,-0.08855368196964264,0.4994548261165619,0.6839654445648193,-0.04052971303462982,0.4946913421154022,0.7659708857536316,-0.057357825338840485,0.48931455612182617,0.7630195021629333,-0.05860734358429909,0.4879123866558075,0.7357122302055359,-0.05969587713479996,0.5260374546051025,0.6957604289054871,-0.03726482763886452,0.5205498933792114,0.7725386619567871,-0.051752880215644836,0.5116386413574219,0.7663142085075378,-0.04235287010669708,0.509200930595398,0.7405327558517456,-0.03436126932501793,0.5474002361297607,0.7133385539054871,-0.03772156313061714,0.5404269695281982,0.7656300067901611,-0.052669089287519455,0.5324450135231018,0.7606195211410522,-0.05172352492809296,0.5314318537712097,0.7403155565261841,-0.047801870852708817
0.5050967335700989,0.7555572390556335,-7.656723965965284e-08,0.4798291027545929,0.764664351940155,-0.029328634962439537,0.45594391226768494,0.7734172940254211,-0.05042174831032753,0.46256864070892334,0.7915180921554565,-0.06607265025377274,0.49048978090286255,0.800744354724884,-0.0783781036734581,0.4695500135421753,0.6860638856887817,-0.04589582607150078,0.46703001856803894,0.7522186040878296,-0.06691474467515945,0.4657706022262573,0.7603043913841248,-0.07856619358062744,0.4665832221508026,0.7419395446777344,-0.08693278580904007,0.49988624453544617,0.685317873954773,-0.040658701211214066,0.4947051405906677,0.7670775651931763,-0.057998061180114746,0.48863402009010315,0.7672057747840881,-0.059302669018507004,0.4872745871543884,0.7401791214942932,-0.060304511338472366,0.526485800743103,0.697543740272522,-0.03766373544931412,0.5207931995391846,0.7741774320602417,-0.052351903170347214,0.5113781690597534,0.7696859240531921,-0.043445806950330734,0.5090040564537048,0.7438609004020691,-0.0358598530292511,0.5480340719223022,0.7155309319496155,-0.03839326649904251,0.5406776666641235,0.7675879597663879,-0.05280619114637375,0.5322287082672119,0.7642221450805664,-0.05185029283165932,0.5310707092285156,0.745051383972168,-0.04815482720732689
0.5051459670066833,0.7543033361434937,-7.438119098424067e-08,0.47917643189430237,0.7640535831451416,-0.029605623334646225,0.45507052540779114,0.7730066180229187,-0.050761882215738297,0.46169838309288025,0.7922278642654419,-0.06642109155654907,0.48954588174819946,0.801841139793396,-0.07872403413057327,0.469135582447052,0.6872767806053162,-0.04669443517923355,0.4662679433822632,0.7516659498214722,-0.06811115145683289,0.46521225571632385,0.7586984038352966,-0.0798967033624649,0.4662860631942749,0.7398344278335571,-0.08823045343160629,0.4996491074562073,0.6864164471626282,-0.04130646213889122,0.4945055842399597,0.7679999470710754,-0.05880005285143852,0.4882131516933441,0.7671236991882324,-0.05998030677437782,0.48682430386543274,0.7394934296607971,-0.06078573316335678,0.526319682598114,0.698550820350647,-0.038198791444301605,0.5208663940429688,0.7753217220306396,-0.053116507828235626,0.5110300183296204,0.7692751288414001,-0.04405224323272705,0.5084761381149292,0.7422528862953186,-0.03621134161949158,0.5478304624557495,0.7163284420967102,-0.03884755074977875,0.5405818223953247,0.7688099145889282,-0.05369659140706062,0.5318513512611389,0.7640804052352905,-0.052900057286024094,0.5303230285644531,0.7437608242034912,-0.04917312413454056
0.5060790777206421,0.7539544701576233,-6.415500308776245e-08,0.48044219613075256,0.7631661891937256,-0.029730763286352158,0.4564429223537445,0.7723561525344849,-0.051134899258613586,0.46243980526924133,0.7920510768890381,-0.06688126921653748,0.4897208511829376,0.8021916151046753,-0.07925347238779068,0.46953704953193665,0.6860833764076233,-0.047620050609111786,0.4667266607284546,0.752787709236145,-0.06907139718532562,0.46621060371398926,0.7598676681518555,-0.08092159777879715,0.4672408401966095,0.7409146428108215,-0.08944092690944672,0.49999508261680603,0.6856873035430908,-0.0421619638800621,0.4947473406791687,0.767900824546814,-0.05972560867667198,0.48917925357818604,0.7670379877090454,-0.0609140507876873,0.4878098666667938,0.7393394708633423,-0.06191174313426018,0.5267724990844727,0.6981706023216248,-0.03889024257659912,0.5212525725364685,0.7752606868743896,-0.05368254706263542,0.512025773525238,0.7698804140090942,-0.04437460005283356,0.509667158126831,0.7431939244270325,-0.03657672181725502,0.5484378933906555,0.7162710428237915,-0.03937618434429169,0.5412791967391968,0.7688114643096924,-0.05422518402338028,0.5330585241317749,0.7647207975387573,-0.05341777205467224,0.5320549607276917,0.7445693612098694,-0.04980417340993881
0.5051645636558533,0.7555379271507263,-7.633264687001429e-08,0.47889623045921326,0.7651663422584534,-0.02968449518084526,0.45469987392425537,0.773496687412262,-0.05082797259092331,0.4621056020259857,0.7925220131874084,-0.06651843339204788,0.4903305768966675,0.8023886680603027,-0.07884075492620468,0.47013381123542786,0.6874422430992126,-0.04654379561543465,0.46700531244277954,0.7529311776161194,-0.06828794628381729,0.4661496877670288,0.7608855366706848,-0.08012156188488007,0.46753817796707153,0.7423311471939087,-0.08832720667123795,0.5006354451179504,0.6867269277572632,-0.041208937764167786,0.49554961919784546,0.768107533454895,-0.059103649109601974,0.48973315954208374,0.7679662704467773,-0.060182124376297,0.4888354539871216,0.740384578704834,-0.06074996292591095,0.5272653698921204,0.6987680196762085,-0.0382315032184124,0.5216553211212158,0.7753776907920837,-0.053376566618680954,0.5125183463096619,0.7702515721321106,-0.044141169637441635,0.5106306672096252,0.7432610988616943,-0.03604552894830704,0.5485950112342834,0.7165694832801819,-0.039047978818416595,0.5414247512817383,0.7688316702842712,-0.053480781614780426,0.533341646194458,0.7645387649536133,-0.052355166524648666,0.5326015949249268,0.7440448999404907,-0.048409730195999146
0.5052143335342407,0.7523800134658813,-6.129276641786419e-08,0.48039382696151733,0.7623547315597534,-0.029537739232182503,0.45699942111968994,0.7734760046005249,-0.05073120817542076,0.4633597731590271,0.794126033782959,-0.06642448902130127,0.4910144507884979,0.803685188293457,-0.07886027544736862,0.4699811637401581,0.6883206367492676,-0.04728496074676514,0.467816561460495,0.7551183700561523,-0.06858231127262115,0.46552222967147827,0.7609162330627441,-0.0805291011929512,0.4657559096813202,0.7423272728919983,-0.08905679732561111,0.5001723170280457,0.6871612071990967,-0.04188021644949913,0.4957304000854492,0.7698853611946106,-0.05934572219848633,0.4894312024116516,0.7671703696250916,-0.06063586845993996,0.487972617149353,0.7402806282043457,-0.061635442078113556,0.5266891717910767,0.6989353895187378,-0.038634076714515686,0.521586000919342,0.7767565846443176,-0.05359029397368431,0.5117485523223877,0.7705100178718567,-0.04434714466333389,0.5089990496635437,0.7450031638145447,-0.03634464368224144,0.5479891896247864,0.716640830039978,-0.03917884826660156,0.5412805676460266,0.7699772715568542,-0.05422680452466011,0.5322970747947693,0.7648940086364746,-0.053416840732097626,0.5303415060043335,0.7450020909309387,-0.04958374798297882
0.5063560009002686,0.7568045854568481,-7.815693692236891e-08,0.47995665669441223,0.7660505771636963,-0.029050391167402267,0.455901563167572,0.7747309803962708,-0.049810826778411865,0.4633374810218811,0.7934803366661072,-0.06519386172294617,0.49188339710235596,0.8027963042259216,-0.07726188004016876,0.4707071781158447,0.6874059438705444,-0.04530547559261322,0.4679114520549774,0.7537890076637268,-0.06684130430221558,0.4673839807510376,0.7620388865470886,-0.07902716845273972,0.4689393639564514,0.7435274124145508,-0.08749951422214508,0.5013225078582764,0.6868433356285095,-0.040134333074092865,0.4964984059333801,0.7692376971244812,-0.05766718089580536,0.49024859070777893,0.7685027718544006,-0.0591534823179245,0.48884013295173645,0.7414867281913757,-0.060115598142147064,0.52789306640625,0.6991376280784607,-0.03727669268846512,0.5220426321029663,0.7769451141357422,-0.05168377608060837,0.5122529864311218,0.7711390852928162,-0.04257487505674362,0.5096219182014465,0.7443852424621582,-0.03473597764968872,0.548994243144989,0.7172655463218689,-0.038212548941373825,0.5410327315330505,0.7709814310073853,-0.052179206162691116,0.5328965187072754,0.7654284238815308,-0.05106445401906967,0.5318443775177002,0.743809700012207,-0.047185271978378296
0.5063483715057373,0.7566925883293152,-7.523863843061918e-08,0.480837881565094,0.7665945291519165,-0.029819289222359657,0.4571147859096527,0.7754202485084534,-0.051216378808021545,0.4643281102180481,0.7942945957183838,-0.06713974475860596,0.4919305145740509,0.8034341335296631,-0.07974434643983841,0.47097280621528625,0.6888384819030762,-0.04680323228240013,0.4688037931919098,0.7547783851623535,-0.06850702315568924,0.4675081968307495,0.7630519270896912,-0.08059883117675781,0.4685641825199127,0.7447671294212341,-0.08910806477069855,0.5015376210212708,0.6880451440811157,-0.04144419729709625,0.4969390034675598,0.7702698707580566,-0.059510160237550735,0.4905155599117279,0.7703854441642761,-0.061036281287670135,0.4892624616622925,0.7433562278747559,-0.06198770925402641,0.5281871557235718,0.700111985206604,-0.038383450359106064,0.522969126701355,0.7771445512771606,-0.05361129716038704,0.513208270072937,0.7718505859375,-0.04465150088071823,0.5106527209281921,0.7451511025428772,-0.036820054054260254,0.5494638681411743,0.7180669903755188,-0.03909248113632202,0.5421159267425537,0.7707514762878418,-0.05367164686322212,0.5335537195205688,0.7659726142883301,-0.0526169016957283,0.5322515964508057,0.7452380061149597,-0.04873077571392059
0.5073535442352295,0.7541882395744324,-6.463906743192638e-08,0.48201432824134827,0.7645779848098755,-0.029907701537013054,0.4590836763381958,0.7752881050109863,-0.0514681376516819,0.4661160409450531,0.7941886186599731,-0.0674782395362854,0.49364686012268066,0.8019894361495972,-0.08030581474304199,0.47095930576324463,0.6889070868492126,-0.04731869697570801,0.4686151146888733,0.7562240958213806,-0.06933464854955673,0.4682629108428955,0.763745903968811,-0.0816207230091095,0.4693393409252167,0.7452576756477356,-0.09010422229766846,0.501427948474884,0.6881342530250549,-0.04186949133872986,0.49678704142570496,0.7700138092041016,-0.05974962189793587,0.4913368225097656,0.7691383957862854,-0.06105927377939224,0.48978444933891296,0.7424497604370117,-0.06183962896466255,0.528093695640564,0.6999924182891846,-0.038700271397829056,0.5222795605659485,0.7762895822525024,-0.053914718329906464,0.5137562155723572,0.7708078622817993,-0.04454216733574867,0.5115174055099487,0.7444981932640076,-0.03633648157119751,0.5492897629737854,0.7176864743232727,-0.03926745429635048,0.5412194132804871,0.7705329656600952,-0.05390875041484833,0.533774733543396,0.765324056148529,-0.05257050320506096,0.5331700444221497,0.7436846494674683,-0.04841436818242073
0.5068243145942688,0.7548263669013977,-8.108710147780585e-08,0.48146554827690125,0.7648696899414062,-0.029071414843201637,0.4584903120994568,0.7748584747314453,-0.04997642710804939,0.46522757411003113,0.7939515113830566,-0.06558699160814285,0.4927225708961487,0.8022953271865845,-0.07797739654779434,0.4715421795845032,0.6879200339317322,-0.04513533413410187,0.4696322977542877,0.754321813583374,-0.0666176974773407,0.46842145919799805,0.7624218463897705,-0.07882584631443024,0.4691469073295593,0.7442225217819214,-0.08736313879489899,0.501606285572052,0.6875624656677246,-0.040126949548721313,0.49724677205085754,0.7693175673484802,-0.05792509391903877,0.49106064438819885,0.7690630555152893,-0.0598304383456707,0.489410936832428,0.742118775844574,-0.061168670654296875,0.5280166268348694,0.6997055411338806,-0.03742445632815361,0.5225175023078918,0.7761878371238708,-0.05247299000620842,0.5129653215408325,0.7717323899269104,-0.04404466599225998,0.5102270841598511,0.7454944849014282,-0.03670627996325493,0.549122154712677,0.7176082730293274,-0.038420457392930984,0.5413782596588135,0.7700325846672058,-0.052631404250860214,0.5328810214996338,0.7658457159996033,-0.05167557671666145,0.5314573049545288,0.7452872395515442,-0.04805103689432144
0.5050490498542786,0.7571074962615967,-7.26730959854649e-08,0.4794871211051941,0.76715087890625,-0.028987664729356766,0.4558214545249939,0.775539219379425,-0.04975133761763573,0.4637628197669983,0.7938247919082642,-0.06523201614618301,0.4920041263103485,0.8028027415275574,-0.0775500014424324,0.46999841928482056,0.6893636584281921,-0.04526853561401367,0.4681941866874695,0.7537655830383301,-0.06679667532444,0.4669191241264343,0.7608051896095276,-0.07933562994003296,0.4676291048526764,0.7429584264755249,-0.08822333812713623,0.500559389591217,0.688399076461792,-0.040300339460372925,0.49589067697525024,0.7694864869117737,-0.057811759412288666,0.48943501710891724,0.7697581648826599,-0.0595611073076725,0.4879100024700165,0.7440546751022339,-0.0608951672911644,0.5271113514900208,0.7006149291992188,-0.03764869272708893,0.5217546224594116,0.7761679887771606,-0.05226879566907883,0.5122720003128052,0.7721448540687561,-0.04339516907930374,0.5100094676017761,0.7474101781845093,-0.035828836262226105,0.5484873652458191,0.718726634979248,-0.0387616790831089,0.5419048070907593,0.7701026201248169,-0.05291830003261566,0.5329552888870239,0.767251193523407,-0.05165791139006615,0.5312861800193787,0.748806893825531,-0.04775264486670494
0.5032599568367004,0.7618399262428284,-9.10508788365405e-08,0.47752314805984497,0.7707609534263611,-0.028803562745451927,0.4541168212890625,0.7763128280639648,-0.04935949668288231,0.46284934878349304,0.7935219407081604,-0.06482677161693573,0.491685688495636,0.8033551573753357,-0.07699829339981079,0.46924176812171936,0.6899662613868713,-0.04370306432247162,0.4681856036186218,0.7528868913650513,-0.06557640433311462,0.4672081470489502,0.7626708149909973,-0.07802257686853409,0.46853020787239075,0.745597243309021,-0.0868712067604065,0.4993945360183716,0.6885892152786255,-0.03895680233836174,0.4967776834964752,0.7671593427658081,-0.05743879824876785,0.4901871681213379,0.7721731662750244,-0.05955902859568596,0.4890129566192627,0.7465213537216187,-0.060989975929260254,0.5255011320114136,0.7001206874847412,-0.036723896861076355,0.5233146548271179,0.7735139727592468,-0.05245879292488098,0.513189971446991,0.7741556167602539,-0.04495823755860329,0.5103192925453186,0.7497325539588928,-0.03845239803195,0.5468273758888245,0.7176483869552612,-0.03812442719936371,0.5433675646781921,0.7676774859428406,-0.052579350769519806,0.5341246128082275,0.7693056464195251,-0.05217651650309563,0.5318840742111206,0.7526461482048035,-0.049241770058870316
0.5031664967536926,0.7559337615966797,-7.150837433300694e-08,0.4770893156528473,0.765421450138092,-0.029643157497048378,0.4527775049209595,0.7739637494087219,-0.05103392153978348,0.460752934217453,0.7937610149383545,-0.06705640256404877,0.48948025703430176,0.8030023574829102,-0.07977398484945297,0.4677589237689972,0.6891660690307617,-0.04633773863315582,0.46499186754226685,0.7544344067573547,-0.06852538883686066,0.46593597531318665,0.7622109651565552,-0.08070545643568039,0.4684447646141052,0.744179368019104,-0.08901713788509369,0.4986647665500641,0.6884823441505432,-0.04114575311541557,0.49393364787101746,0.7693729400634766,-0.059010472148656845,0.48911091685295105,0.7702835202217102,-0.06006680428981781,0.488480806350708,0.7423978447914124,-0.06073080003261566,0.5253626704216003,0.7004429697990417,-0.03840765729546547,0.5198853611946106,0.7760763764381409,-0.05345887318253517,0.5111469030380249,0.7729224562644958,-0.04400847479701042,0.5089749693870544,0.7471545934677124,-0.03594791144132614,0.5468865036964417,0.7178733348846436,-0.03948819264769554,0.5396077036857605,0.7701875567436218,-0.05372866243124008,0.5311501026153564,0.7680625915527344,-0.052206289023160934,0.5295835733413696,0.7494159936904907,-0.04814820736646652
0.5019964575767517,0.7582032084465027,-8.22307910652853e-08,0.4757283329963684,0.7668919563293457,-0.029625823721289635,0.45256921648979187,0.773242175579071,-0.050255514681339264,0.46157580614089966,0.7912266254425049,-0.0654333233833313,0.49043625593185425,0.8017208576202393,-0.07710114121437073,0.46819859743118286,0.6884076595306396,-0.04508836194872856,0.4658137261867523,0.753607451915741,-0.06677152961492538,0.4651973247528076,0.7628362774848938,-0.07838639616966248,0.4670657217502594,0.7450319528579712,-0.08628741651773453,0.49858081340789795,0.6876997351646423,-0.039497315883636475,0.4945472776889801,0.769252598285675,-0.05732076242566109,0.4884278476238251,0.7698487639427185,-0.05812159925699234,0.4874056875705719,0.741189181804657,-0.05821637809276581,0.5248697400093079,0.6997492909431458,-0.03641043230891228,0.5203513503074646,0.7756639719009399,-0.051683541387319565,0.5106948614120483,0.7716558575630188,-0.04217761009931564,0.5083838105201721,0.7454986572265625,-0.03358334302902222,0.545762836933136,0.7171597480773926,-0.03713691607117653,0.5393975377082825,0.7688400149345398,-0.05214141681790352,0.5306072235107422,0.7655470967292786,-0.051184363663196564,0.5290531516075134,0.7462062835693359,-0.04701538756489754
0.5019786953926086,0.7504873275756836,-5.527501656388267e-08,0.4757786989212036,0.7604577541351318,-0.02911500632762909,0.4516247808933258,0.7697652578353882,-0.05010504275560379,0.45954257249832153,0.7896769046783447,-0.06576936691999435,0.4883309602737427,0.8000767827033997,-0.07828344404697418,0.466778427362442,0.6863434314727783,-0.04677760228514671,0.4630606174468994,0.7515361905097961,-0.0690566673874855,0.46347057819366455,0.7576591372489929,-0.08169574290513992,0.46621599793434143,0.7394062876701355,-0.0901675820350647,0.4976753890514374,0.6851724982261658,-0.04164022207260132,0.4921109974384308,0.7680872678756714,-0.05944306030869484,0.48752713203430176,0.765020489692688,-0.06083761155605316,0.4874761998653412,0.7380876541137695,-0.06151295825839043,0.5243791937828064,0.6971048712730408,-0.03876897692680359,0.517976701259613,0.7745954394340515,-0.05380389094352722,0.5098317265510559,0.767332911491394,-0.04426071420311928,0.5084769129753113,0.7410963177680969,-0.03560972586274147,0.5456161499023438,0.7146942019462585,-0.03968585282564163,0.537211000919342,0.7679741382598877,-0.054075706750154495,0.5297635197639465,0.7617652416229248,-0.052427131682634354,0.5294352769851685,0.7408048510551453,-0.04775199294090271
0.5018550753593445,0.7544562816619873,-6.805626640016271e-08,0.47573038935661316,0.7631837129592896,-0.029089268296957016,0.4521979093551636,0.7708118557929993,-0.0494060292840004,0.4599074721336365,0.7904164791107178,-0.06426885724067688,0.488547146320343,0.8010503053665161,-0.07580172270536423,0.46750912070274353,0.686237096786499,-0.045613422989845276,0.4640376567840576,0.7527055144309998,-0.06717588752508163,0.46344801783561707,0.7602775692939758,-0.07916336506605148,0.4653565287590027,0.7419160008430481,-0.08736740797758102,0.49811437726020813,0.6853387951850891,-0.04023837670683861,0.49270114302635193,0.7691149115562439,-0.0578407384455204,0.4870832562446594,0.7667544484138489,-0.058982569724321365,0.4862723648548126,0.7392071485519409,-0.059400398284196854,0.5247179865837097,0.6976183652877808,-0.03715891018509865,0.5183266997337341,0.7761131525039673,-0.05178264155983925,0.5095515251159668,0.7691597938537598,-0.04205525666475296,0.5077387094497681,0.7423110008239746,-0.03333292156457901,0.5456547737121582,0.7156161665916443,-0.037899915128946304,0.5374024510383606,0.7696211934089661,-0.05235758796334267,0.5297657251358032,0.7635359764099121,-0.05102134868502617,0.5293383598327637,0.7417797446250916,-0.046512555330991745
0.5014829635620117,0.7567195892333984,-9.212148910364704e-08,0.47623008489608765,0.7657788395881653,-0.030026068910956383,0.45226940512657166,0.7730590105056763,-0.0510622002184391,0.45992496609687805,0.7910863161087036,-0.0665164664387703,0.48914554715156555,0.8003780841827393,-0.07852193713188171,0.4669540226459503,0.6865636706352234,-0.045910388231277466,0.46441683173179626,0.7530568242073059,-0.06720565259456635,0.4638385772705078,0.7641651630401611,-0.07899829745292664,0.4654596745967865,0.7464318871498108,-0.08742386847734451,0.4974948465824127,0.6856268644332886,-0.04036354646086693,0.4925757944583893,0.7665364146232605,-0.05805881321430206,0.4867442846298218,0.769500195980072,-0.059621457010507584,0.4858182370662689,0.7431365251541138,-0.06079242005944252,0.523872971534729,0.697646975517273,-0.0372079536318779,0.5185248851776123,0.773492693901062,-0.052225757390260696,0.5089610815048218,0.7714813947677612,-0.04390586540102959,0.5064448118209839,0.7466206550598145,-0.03677229583263397,0.5449655652046204,0.7155135869979858,-0.037818290293216705,0.5379198789596558,0.7669795751571655,-0.05207912623882294,0.5293788909912109,0.7658014297485352,-0.05132539942860603,0.5278009176254272,0.7482470273971558,-0.04797115921974182
0.502048909664154,0.7552177906036377,-7.813073921170144e-08,0.4762786030769348,0.7651007771492004,-0.030434157699346542,0.4524246156215668,0.7733836770057678,-0.05173925682902336,0.45950204133987427,0.792300283908844,-0.06731010973453522,0.48826518654823303,0.8016562461853027,-0.07947444915771484,0.46767550706863403,0.6875045299530029,-0.04759930819272995,0.4641513228416443,0.7545666098594666,-0.06910596787929535,0.4639095962047577,0.7643038630485535,-0.08050163835287094,0.46584799885749817,0.7466124296188354,-0.08838304877281189,0.4984254240989685,0.6865203380584717,-0.041811227798461914,0.4923626482486725,0.769081175327301,-0.05979812517762184,0.48722007870674133,0.7692316174507141,-0.061079274863004684,0.486580491065979,0.7424335479736328,-0.061777513474226,0.5250985026359558,0.6985803246498108,-0.03830939158797264,0.5181657075881958,0.7760663628578186,-0.053393810987472534,0.5092104077339172,0.7712605595588684,-0.04414970800280571,0.5070895552635193,0.7451390624046326,-0.03604256361722946,0.546193540096283,0.7163606882095337,-0.03862817585468292,0.5376083850860596,0.769076943397522,-0.05313478410243988,0.5298855900764465,0.7647210359573364,-0.05197630077600479,0.5292882323265076,0.744394838809967,-0.04792970046401024
0.5033213496208191,0.755338728427887,-9.654355181965002e-08,0.47757139801979065,0.7653822302818298,-0.029575148597359657,0.45394933223724365,0.7740839123725891,-0.05057413503527641,0.4610474109649658,0.7928200364112854,-0.06612133234739304,0.4887915849685669,0.8017575740814209,-0.07827038317918777,0.4673675000667572,0.6880617737770081,-0.04617857187986374,0.4657023549079895,0.7525970339775085,-0.06727290153503418,0.4635806679725647,0.7622084617614746,-0.07841673493385315,0.4635777771472931,0.7448116540908813,-0.08636599779129028,0.4975716769695282,0.6868528127670288,-0.04081720486283302,0.4931975305080414,0.767654538154602,-0.05883076414465904,0.4864257574081421,0.7704636454582214,-0.06014123558998108,0.48464101552963257,0.7442191243171692,-0.060997407883405685,0.5238800048828125,0.6983343362808228,-0.037756942212581635,0.5191018581390381,0.7741003036499023,-0.05328245460987091,0.5090487003326416,0.7716528177261353,-0.04498253017663956,0.5056974291801453,0.7459495067596436,-0.037782344967126846,0.5451036691665649,0.7154879570007324,-0.03832561895251274,0.5384827852249146,0.767212450504303,-0.05314503610134125,0.5296183824539185,0.7658683657646179,-0.052578870207071304,0.5275570154190063,0.747448205947876,-0.04928816854953766
0.5045433640480042,0.7583495378494263,-1.0133238248499765e-07,0.4794013500213623,0.768104076385498,-0.029604826122522354,0.4559799134731293,0.7765275239944458,-0.050490934401750565,0.4635162055492401,0.7940099835395813,-0.06595823168754578,0.491402804851532,0.8013001680374146,-0.07800932228565216,0.4668586850166321,0.6886529326438904,-0.04539808630943298,0.46534377336502075,0.7530089020729065,-0.06703744828701019,0.4646133482456207,0.7647696137428284,-0.07861202210187912,0.46497610211372375,0.7469544410705566,-0.08677665889263153,0.49743854999542236,0.687306821346283,-0.04014246165752411,0.49353325366973877,0.7671347856521606,-0.05855751037597656,0.48684412240982056,0.7731635570526123,-0.059825774282217026,0.4842681586742401,0.7457615733146667,-0.06038883700966835,0.5242880582809448,0.6987864971160889,-0.03732626885175705,0.5199466347694397,0.7737329006195068,-0.05279489979147911,0.509982168674469,0.7733719348907471,-0.044142406433820724,0.5065827369689941,0.7474823594093323,-0.036683447659015656,0.5459829568862915,0.715894877910614,-0.03816211596131325,0.5396411418914795,0.767771303653717,-0.0531110018491745,0.5315869450569153,0.7672341465950012,-0.05254513397812843,0.5304630398750305,0.7483102679252625,-0.049170780926942825
0.5046772956848145,0.759371817111969,-7.58860636551617e-08,0.4793396592140198,0.7692826986312866,-0.029915856197476387,0.4561062455177307,0.778357982635498,-0.05122016370296478,0.46365126967430115,0.7957801818847656,-0.06697067618370056,0.49150732159614563,0.8024804592132568,-0.07929825782775879,0.4666142761707306,0.689735472202301,-0.04651667922735214,0.4645730257034302,0.7551358938217163,-0.06822004169225693,0.46454480290412903,0.7648891806602478,-0.0799180194735527,0.4652114808559418,0.7465961575508118,-0.088124580681324,0.49708253145217896,0.688201367855072,-0.04105881601572037,0.49292895197868347,0.7692649364471436,-0.059062689542770386,0.48716074228286743,0.771524965763092,-0.06024807319045067,0.48494094610214233,0.7438144087791443,-0.06090497970581055,0.5240658521652222,0.6996539235115051,-0.03796088695526123,0.5190808176994324,0.7757786512374878,-0.0529974102973938,0.5097935199737549,0.7728792428970337,-0.04356999322772026,0.5069114565849304,0.7466601729393005,-0.03556035831570625,0.5458699464797974,0.7169883251190186,-0.03861285746097565,0.5388843417167664,0.7694322466850281,-0.05344553291797638,0.5311262607574463,0.7665112614631653,-0.05244843289256096,0.530448317527771,0.7461983561515808,-0.048614393919706345
0.5047351717948914,0.757003903388977,-5.526066004790664e-08,0.479498952627182,0.7668707966804504,-0.029922254383563995,0.456157386302948,0.7770723700523376,-0.05151069164276123,0.46330052614212036,0.7959491610527039,-0.06759466230869293,0.49126818776130676,0.8037307262420654,-0.08046772330999374,0.46711987257003784,0.689810037612915,-0.04715779423713684,0.46490371227264404,0.7562209367752075,-0.06962772458791733,0.4646577835083008,0.7631476521492004,-0.08257037401199341,0.4654954671859741,0.7444753646850586,-0.09153076261281967,0.49763762950897217,0.6885780692100525,-0.041847437620162964,0.4937530755996704,0.7703762054443359,-0.06007454916834831,0.48843610286712646,0.7688227891921997,-0.06192348152399063,0.486479789018631,0.7414012551307678,-0.06312686949968338,0.5246571898460388,0.7002595067024231,-0.03886259347200394,0.5195061564445496,0.7772000432014465,-0.053921379148960114,0.5110582113265991,0.7710412740707397,-0.04469940438866615,0.5085541605949402,0.7438548803329468,-0.0367334708571434,0.5463269352912903,0.7178486585617065,-0.03968832641839981,0.5388059020042419,0.7716219425201416,-0.05411229282617569,0.5319274067878723,0.7658875584602356,-0.052826810628175735,0.5317990183830261,0.7434270977973938,-0.048784639686346054
0.5045710206031799,0.7561537027359009,-6.265523211368418e-08,0.4786837697029114,0.7668785452842712,-0.030359596014022827,0.45463791489601135,0.7767241597175598,-0.05175881087779999,0.4619106650352478,0.7961212396621704,-0.06740181148052216,0.49065515398979187,0.8047236800193787,-0.07952787727117538,0.4682155251502991,0.6901780366897583,-0.047642435878515244,0.46535974740982056,0.7571242451667786,-0.06972665339708328,0.4655803143978119,0.7645445466041565,-0.08187875896692276,0.46766504645347595,0.7451928853988647,-0.09034191817045212,0.4990074932575226,0.6890079379081726,-0.04180672764778137,0.4946417510509491,0.7721582651138306,-0.05996827408671379,0.4888506531715393,0.7701476216316223,-0.06116713955998421,0.487486869096756,0.7411202788352966,-0.061828043311834335,0.5258749127388,0.700962483882904,-0.038322243839502335,0.5210116505622864,0.7788852453231812,-0.05340046435594559,0.5114039182662964,0.7721256017684937,-0.04367993399500847,0.5088763236999512,0.744290292263031,-0.03523049131035805,0.547370433807373,0.7186996936798096,-0.038723599165678024,0.5404005646705627,0.7721240520477295,-0.053868863731622696,0.5322294235229492,0.766061544418335,-0.05305524170398712,0.5311814546585083,0.7437754273414612,-0.04911554604768753
0.5036212205886841,0.7598787546157837,-8.615304381009992e-08,0.47757136821746826,0.7693256139755249,-0.0298450980335474,0.4543127417564392,0.77759850025177,-0.051053278148174286,0.4621419906616211,0.7964537143707275,-0.06678681820631027,0.49014994502067566,0.8054673671722412,-0.07903344929218292,0.4689527153968811,0.6906081438064575,-0.04627981409430504,0.46667376160621643,0.7558508515357971,-0.06795921921730042,0.46529754996299744,0.7650085687637329,-0.07943112403154373,0.4666205644607544,0.746968150138855,-0.0873582661151886,0.4995071589946747,0.6900724172592163,-0.04087162762880325,0.49530094861984253,0.771407425403595,-0.05921323224902153,0.4883154332637787,0.7730913162231445,-0.060222357511520386,0.4871416389942169,0.74530029296875,-0.060494501143693924,0.5259349346160889,0.7024309039115906,-0.037886135280132294,0.521342933177948,0.7789828777313232,-0.05361757427453995,0.5108898282051086,0.7748430371284485,-0.04467401280999184,0.5081956386566162,0.7477957606315613,-0.03661384433507919,0.5467376708984375,0.720603346824646,-0.03864080458879471,0.5400720834732056,0.7732892036437988,-0.053788889199495316,0.5306491255760193,0.7695688605308533,-0.05317346751689911,0.5286871194839478,0.7491601705551147,-0.049451861530542374
0.5053127408027649,0.7576323747634888,-6.648337347314737e-08,0.4800901710987091,0.7683367133140564,-0.0298454686999321,0.45665740966796875,0.7794439196586609,-0.051615044474601746,0.4633167088031769,0.7993627786636353,-0.06776396185159683,0.490678608417511,0.8081256151199341,-0.08066348731517792,0.46827787160873413,0.6918160319328308,-0.04773963987827301,0.46690791845321655,0.759535551071167,-0.06908583641052246,0.4666609764099121,0.767069935798645,-0.08121870458126068,0.4675518274307251,0.7484012246131897,-0.09000318497419357,0.49875348806381226,0.6906139850616455,-0.04235481098294258,0.49512723088264465,0.7728537917137146,-0.059774190187454224,0.4897790253162384,0.7721501588821411,-0.06146033853292465,0.48827433586120605,0.7454864978790283,-0.06304635852575302,0.5256902575492859,0.7021227478981018,-0.03910944610834122,0.5215603113174438,0.7792295217514038,-0.05376801639795303,0.5123764872550964,0.7745815515518188,-0.04495962709188461,0.509543240070343,0.7486464381217957,-0.037751805037260056,0.5475570559501648,0.7194978594779968,-0.0396156907081604,0.5411899089813232,0.7725657224655151,-0.053904928267002106,0.5330104827880859,0.7692756056785583,-0.05293184518814087,0.5315154790878296,0.7493739724159241,-0.04950705170631409
0.5056125521659851,0.7573853731155396,-8.336677126408176e-08,0.4800322949886322,0.7684589624404907,-0.030654864385724068,0.45682597160339355,0.7792178988456726,-0.052456412464380264,0.4652268588542938,0.7982845306396484,-0.06849600374698639,0.4937380850315094,0.8056551218032837,-0.08128392696380615,0.4675588011741638,0.6920798420906067,-0.04832880198955536,0.4668852984905243,0.7592210173606873,-0.0704040676355362,0.46672388911247253,0.7695678472518921,-0.08268015086650848,0.46713805198669434,0.7512984275817871,-0.0914241224527359,0.4987630248069763,0.6906388998031616,-0.042697399854660034,0.494972288608551,0.772153377532959,-0.06101208180189133,0.4889085292816162,0.7754493355751038,-0.06274248659610748,0.4866637587547302,0.7480289340019226,-0.0640757605433464,0.5260834097862244,0.7020760774612427,-0.03936062008142471,0.5214042663574219,0.7785940170288086,-0.05482501909136772,0.5122706890106201,0.775965690612793,-0.04622591286897659,0.5092809796333313,0.7494078278541565,-0.03900960087776184,0.5480753779411316,0.7191320657730103,-0.039748262614011765,0.5410141944885254,0.7731180191040039,-0.054689012467861176,0.5335303544998169,0.770530104637146,-0.053944773972034454,0.5325993895530701,0.7499174475669861,-0.05061524733901024
0.5050056576728821,0.7599679827690125,-7.08354619405327e-08,0.47986340522766113,0.7702381014823914,-0.029691994190216064,0.45655855536460876,0.7805400490760803,-0.05107402801513672,0.4642534852027893,0.7992642521858215,-0.06693778932094574,0.49233004450798035,0.807354748249054,-0.07950259745121002,0.4692855775356293,0.6927956938743591,-0.04671912640333176,0.46738460659980774,0.7597705125808716,-0.06800196319818497,0.4656776487827301,0.7677103281021118,-0.08009598404169083,0.46612748503685,0.7491276264190674,-0.08887224644422531,0.49984219670295715,0.6914689540863037,-0.04136823117733002,0.4952456057071686,0.7736783027648926,-0.0588756799697876,0.48889392614364624,0.772693932056427,-0.060454681515693665,0.4871504008769989,0.7453671097755432,-0.06175098195672035,0.526607871055603,0.7031632661819458,-0.03822809457778931,0.5212074518203735,0.7803323268890381,-0.052956778556108475,0.5116507411003113,0.7750654220581055,-0.04383157566189766,0.5089762210845947,0.7490156292915344,-0.03616100549697876,0.548137903213501,0.7208433151245117,-0.03886587545275688,0.5408517718315125,0.7740075588226318,-0.05350027605891228,0.5325155258178711,0.7696437239646912,-0.05254364013671875,0.531281054019928,0.7492953538894653,-0.04883251339197159
0.5037530064582825,0.7593763470649719,-7.506949373237148e-08,0.4785515367984772,0.7693426609039307,-0.029612382873892784,0.45542943477630615,0.7794052958488464,-0.050913482904434204,0.4635893702507019,0.7989763021469116,-0.06680263578891754,0.49184975028038025,0.8079100251197815,-0.07938355952501297,0.4682430028915405,0.6922149062156677,-0.04620630294084549,0.4667109549045563,0.7590357661247253,-0.06839724630117416,0.46562254428863525,0.7678341865539551,-0.08103352040052414,0.4666789174079895,0.749515175819397,-0.08983579277992249,0.4993482530117035,0.6914476156234741,-0.04111804440617561,0.49509164690971375,0.7751337885856628,-0.059406623244285583,0.48792022466659546,0.7758512496948242,-0.06104040890932083,0.48574739694595337,0.7484604120254517,-0.06191057711839676,0.5263717174530029,0.7037534713745117,-0.03840027004480362,0.5210344791412354,0.7819341421127319,-0.05359242483973503,0.5109538435935974,0.7768438458442688,-0.04407210648059845,0.508163571357727,0.7501263618469238,-0.03569361940026283,0.5478513240814209,0.7216268181800842,-0.03949360549449921,0.5405203700065613,0.7755059003829956,-0.054307784885168076,0.5317496061325073,0.7711597681045532,-0.05288349837064743,0.5304821133613586,0.7503932118415833,-0.04846872761845589
0.5041876435279846,0.7617989182472229,-7.705985183292796e-08,0.4784102737903595,0.7721905708312988,-0.030336178839206696,0.45473790168762207,0.7812148332595825,-0.052299339324235916,0.4627402126789093,0.7994021773338318,-0.0687015950679779,0.49129825830459595,0.8079414367675781,-0.08174022287130356,0.4679407775402069,0.6930308938026428,-0.04749288782477379,0.46574825048446655,0.7597548961639404,-0.069306381046772,0.46639132499694824,0.7698885202407837,-0.08143752068281174,0.46879076957702637,0.7517552375793457,-0.09016579389572144,0.49892404675483704,0.6922796368598938,-0.04233517870306969,0.49487626552581787,0.773539125919342,-0.060734767466783524,0.4895164668560028,0.7764413356781006,-0.06291387230157852,0.488460898399353,0.7498626708984375,-0.0646778792142868,0.5258346796035767,0.7044118642807007,-0.03948664292693138,0.5215586423873901,0.7803522348403931,-0.05499378591775894,0.5122935771942139,0.7786728739738464,-0.0468764528632164,0.5096662640571594,0.7532036900520325,-0.040098145604133606,0.5476154088973999,0.7223254442214966,-0.040381141006946564,0.5414705872535706,0.7747242450714111,-0.05476546660065651,0.5325307846069336,0.7744786739349365,-0.05392162501811981,0.5305388569831848,0.7566910982131958,-0.05069329962134361
0.5050002932548523,0.7558338642120361,-6.587661260937239e-08,0.47981390357017517,0.7665032744407654,-0.030110472813248634,0.4568929672241211,0.7781968712806702,-0.05201796442270279,0.4647280275821686,0.7983275651931763,-0.0683351457118988,0.49267441034317017,0.8070459961891174,-0.08148302137851715,0.46874988079071045,0.6923644542694092,-0.048817794770002365,0.46690067648887634,0.7601671814918518,-0.07095485180616379,0.4657592177391052,0.7678717374801636,-0.08335353434085846,0.4663102626800537,0.7499603629112244,-0.09209068864583969,0.49946683645248413,0.6914154887199402,-0.04361598566174507,0.49500858783721924,0.7740630507469177,-0.061868052929639816,0.48861297965049744,0.774154782295227,-0.06354209035634995,0.48677682876586914,0.7478802800178528,-0.06477751582860947,0.5263469815254211,0.7033402919769287,-0.040601249784231186,0.5213230848312378,0.7805769443511963,-0.05618276074528694,0.5118581652641296,0.7757372856140137,-0.04713769257068634,0.5092306137084961,0.7499147057533264,-0.039313290268182755,0.5479726791381836,0.721006453037262,-0.04134269803762436,0.5411914587020874,0.7746002674102783,-0.05651041120290756,0.5328899025917053,0.7705994844436646,-0.05544695258140564,0.5317115187644958,0.750515878200531,-0.051550157368183136
0.5052635669708252,0.7552662491798401,-7.98383510414169e-08,0.4795680046081543,0.7657473683357239,-0.029462894424796104,0.4562452733516693,0.7768991589546204,-0.05110641568899155,0.46399590373039246,0.7968705892562866,-0.06737983226776123,0.4916918873786926,0.8062523007392883,-0.08054041862487793,0.46899619698524475,0.6914291381835938,-0.047674305737018585,0.4670184552669525,0.7579478025436401,-0.06973373889923096,0.46611231565475464,0.7669659852981567,-0.08185569196939468,0.46720847487449646,0.7495622634887695,-0.09019255638122559,0.4999292492866516,0.6905911564826965,-0.04273581877350807,0.4946744441986084,0.7725254893302917,-0.06102219969034195,0.4880823493003845,0.7742365598678589,-0.0625101700425148,0.4864695072174072,0.7483217120170593,-0.06339282542467117,0.5266683101654053,0.702529788017273,-0.040010713040828705,0.5206019878387451,0.7787280678749084,-0.05568894371390343,0.5110745429992676,0.7749972939491272,-0.04695646092295647,0.5085737109184265,0.7495560646057129,-0.039186473935842514,0.5480302572250366,0.7200285792350769,-0.040925610810518265,0.5401173830032349,0.7723820209503174,-0.05566680058836937,0.5312613248825073,0.7695603966712952,-0.05438878387212753,0.5297921895980835,0.7507355213165283,-0.05035161226987839
0.5039541721343994,0.7530606389045715,-5.531317270879299e-08,0.47866004705429077,0.7636767029762268,-0.02928384207189083,0.4553857147693634,0.7754647135734558,-0.0506528802216053,0.4630745053291321,0.795651376247406,-0.066629558801651,0.49080830812454224,0.8052639961242676,-0.07959667593240738,0.4674791693687439,0.6901900768280029,-0.047232359647750854,0.46540871262550354,0.7567233443260193,-0.06895602494478226,0.4638999402523041,0.7624067068099976,-0.0816999226808548,0.4644743800163269,0.744073212146759,-0.09067952632904053,0.49817028641700745,0.6889743804931641,-0.04212142154574394,0.4935022294521332,0.7710120677947998,-0.059401072561740875,0.48749759793281555,0.7695534825325012,-0.060897406190633774,0.4860900640487671,0.7436425089836121,-0.0621049664914608,0.5250248908996582,0.7007764577865601,-0.039179541170597076,0.519569456577301,0.7769933938980103,-0.05409710109233856,0.5105710625648499,0.7714797854423523,-0.04514319449663162,0.5085304975509644,0.7467362284660339,-0.03733472526073456,0.5467100739479065,0.7182703018188477,-0.03994283825159073,0.5399552583694458,0.7704616189002991,-0.05449391156435013,0.5314826965332031,0.766438901424408,-0.053166139870882034,0.530319094657898,0.7478019595146179,-0.049048684537410736
0.5047612190246582,0.755706787109375,-7.216987540914488e-08,0.47915470600128174,0.7665694355964661,-0.029889492318034172,0.4559745192527771,0.7778493165969849,-0.051448579877614975,0.4636978507041931,0.7974672317504883,-0.06739485263824463,0.49175721406936646,0.8060662150382996,-0.08019228279590607,0.4676811099052429,0.6918963193893433,-0.047546617686748505,0.46600931882858276,0.7590752840042114,-0.06932896375656128,0.4659099578857422,0.7678192257881165,-0.0815703496336937,0.4665933847427368,0.7499204874038696,-0.09022016078233719,0.4985511600971222,0.6908279657363892,-0.04210961237549782,0.4941326677799225,0.7715765833854675,-0.05989239737391472,0.489174485206604,0.7727484703063965,-0.06153732165694237,0.4874856770038605,0.7462904453277588,-0.06292621791362762,0.5255544185638428,0.7020615339279175,-0.03891308605670929,0.5202450752258301,0.7775716781616211,-0.05406301096081734,0.511776328086853,0.7738333344459534,-0.04562404751777649,0.5089282989501953,0.7479666471481323,-0.03851574659347534,0.5472385287284851,0.7187904715538025,-0.0393822155892849,0.5401379466056824,0.7711937427520752,-0.05389229208230972,0.5329169034957886,0.7676798701286316,-0.053112369030714035,0.5318605899810791,0.7469193935394287,-0.04981710761785507
0.5033396482467651,0.7625619173049927,-9.584702809206647e-08,0.47817760705947876,0.7720620632171631,-0.029905278235673904,0.4549548029899597,0.7795723080635071,-0.05108881741762161,0.46287187933921814,0.7977703213691711,-0.06678745895624161,0.490927517414093,0.8068341016769409,-0.07907995581626892,0.4677976965904236,0.6920642852783203,-0.04554639011621475,0.4661826491355896,0.7571277618408203,-0.06762667000293732,0.46612802147865295,0.7693396210670471,-0.07985317707061768,0.4674011170864105,0.7518770098686218,-0.08855076134204865,0.4986652135848999,0.6910820603370667,-0.040195394307374954,0.4942554235458374,0.7697502374649048,-0.058866895735263824,0.4882943630218506,0.7762349843978882,-0.06048338860273361,0.4866935610771179,0.7495494484901428,-0.06152193248271942,0.525205135345459,0.7027338147163391,-0.03737824782729149,0.5210973024368286,0.7769217491149902,-0.052964553236961365,0.5109865665435791,0.7773243188858032,-0.044784065335989,0.5075969696044922,0.7517552971839905,-0.037883516401052475,0.5465742349624634,0.7200682163238525,-0.03825106471776962,0.5411683320999146,0.7710452675819397,-0.05271695926785469,0.5318368673324585,0.7724043130874634,-0.05223246291279793,0.5292755365371704,0.7548829317092896,-0.04927022010087967
0.5039911866188049,0.7608681321144104,-7.55386437845118e-08,0.47895368933677673,0.770943284034729,-0.02995612658560276,0.45559391379356384,0.7807641625404358,-0.051712434738874435,0.4627177119255066,0.7995765209197998,-0.06799495220184326,0.49044814705848694,0.8076397776603699,-0.08096058666706085,0.46789857745170593,0.6929030418395996,-0.046768151223659515,0.4662630259990692,0.7597116827964783,-0.06896653026342392,0.4651627540588379,0.7693749070167542,-0.0815199762582779,0.4658237397670746,0.7513828277587891,-0.09046702086925507,0.4985423684120178,0.6916912198066711,-0.041450463235378265,0.4945704936981201,0.7723221778869629,-0.05984104424715042,0.4882314205169678,0.7745133638381958,-0.06143098697066307,0.48626089096069336,0.7473496794700623,-0.06253883242607117,0.5251346826553345,0.703307569026947,-0.038543153554201126,0.5210047364234924,0.7787845134735107,-0.054091695696115494,0.5112066864967346,0.775610089302063,-0.04542411491274834,0.5080828070640564,0.7493373155593872,-0.038040850311517715,0.5463436841964722,0.7208973169326782,-0.039344288408756256,0.5403733253479004,0.7729805707931519,-0.054294001311063766,0.5315312147140503,0.7710260152816772,-0.05365154892206192,0.5296823382377625,0.7516289353370667,-0.050287019461393356
0.5041280388832092,0.7592911720275879,-8.360179037936177e-08,0.47936487197875977,0.7695440053939819,-0.029464539140462875,0.4572276175022125,0.7800188660621643,-0.05081562325358391,0.4653319716453552,0.7997666597366333,-0.06679688394069672,0.49273914098739624,0.8093713521957397,-0.07957394421100616,0.46877536177635193,0.6935673952102661,-0.04664112627506256,0.46759292483329773,0.7592437863349915,-0.06845171004533768,0.4657871425151825,0.7685972452163696,-0.08064228296279907,0.4654160439968109,0.7512209415435791,-0.08935044705867767,0.49901169538497925,0.6925481557846069,-0.041622184216976166,0.4949902594089508,0.7728021144866943,-0.05985657498240471,0.48852720856666565,0.7754573225975037,-0.061549603939056396,0.4863579273223877,0.749114453792572,-0.06288234144449234,0.5253869891166687,0.7043217420578003,-0.038898635655641556,0.5207824110984802,0.7788333296775818,-0.054400525987148285,0.5108845829963684,0.7767089009284973,-0.04610827937722206,0.5075059533119202,0.7517186403274536,-0.039133597165346146,0.5466574430465698,0.721893310546875,-0.03980021923780441,0.5403895974159241,0.7734967470169067,-0.05453996732831001,0.531375527381897,0.7725356817245483,-0.05386532098054886,0.5292935371398926,0.75444096326828,-0.05066556856036186
0.5047029256820679,0.7579969763755798,-5.531848046302912e-08,0.4800513684749603,0.7686825394630432,-0.029214100912213326,0.45766204595565796,0.779555082321167,-0.05024099722504616,0.4656229019165039,0.7997408509254456,-0.06599108129739761,0.4932984411716461,0.8091433644294739,-0.07863780856132507,0.4684484601020813,0.6943022608757019,-0.04648107662796974,0.46661216020584106,0.7604629397392273,-0.06889338791370392,0.4656982421875,0.7674171924591064,-0.08203320950269699,0.4663059413433075,0.7493301630020142,-0.09112056344747543,0.4990589916706085,0.6927436590194702,-0.04148959368467331,0.49541670083999634,0.775476336479187,-0.05951344594359398,0.4895293414592743,0.774040162563324,-0.06118912249803543,0.48764747381210327,0.7472972273826599,-0.06216181442141533,0.5259248614311218,0.7047297358512878,-0.03879755735397339,0.5210270285606384,0.7822250127792358,-0.05401946231722832,0.5117965936660767,0.7762287259101868,-0.044449515640735626,0.5089104771614075,0.7505949139595032,-0.0359443835914135,0.5471854209899902,0.722709059715271,-0.0398724302649498,0.5401027202606201,0.7762086391448975,-0.05511673167347908,0.5321565270423889,0.7703599333763123,-0.05398552864789963,0.5311759114265442,0.7491527199745178,-0.04962669685482979
0.5042165517807007,0.7601056694984436,-8.352905211950201e-08,0.478502094745636,0.7707833051681519,-0.030024519190192223,0.45467105507850647,0.7802650928497314,-0.051934756338596344,0.4622594714164734,0.7992473244667053,-0.0684267058968544,0.49089565873146057,0.8087654113769531,-0.08165636658668518,0.46889230608940125,0.6936706304550171,-0.047099534422159195,0.4661843776702881,0.7584022879600525,-0.06925370544195175,0.46678051352500916,0.7685881853103638,-0.08137799799442291,0.4689187705516815,0.7507466077804565,-0.08986049890518188,0.4995269775390625,0.6930291056632996,-0.041999779641628265,0.49476906657218933,0.772687554359436,-0.06074521690607071,0.4894768297672272,0.7766689658164978,-0.06271692365407944,0.488353967666626,0.7498786449432373,-0.06408896297216415,0.5260486602783203,0.7048366665840149,-0.03928283974528313,0.5215091705322266,0.7794176936149597,-0.05518006160855293,0.5125567317008972,0.7780379056930542,-0.047408055514097214,0.5099453926086426,0.7521092891693115,-0.04069225490093231,0.5475654006004333,0.7221527099609375,-0.04022703319787979,0.5414494276046753,0.7733576893806458,-0.054561860859394073,0.5327951908111572,0.7736185789108276,-0.05380770191550255,0.5308654308319092,0.7558736801147461,-0.05068055912852287
0.5039284825325012,0.762761116027832,-9.937816969340929e-08,0.4781847894191742,0.7730044722557068,-0.030197424814105034,0.4547209143638611,0.7818382978439331,-0.05175641179084778,0.46289700269699097,0.800156831741333,-0.06782231479883194,0.49136829376220703,0.8092416524887085,-0.08048142492771149,0.46923014521598816,0.6938269138336182,-0.046224262565374374,0.4674096703529358,0.7601892948150635,-0.06770661473274231,0.46661755442619324,0.7721679210662842,-0.07933835685253143,0.46793049573898315,0.754421591758728,-0.08769452571868896,0.4999335706233978,0.6930630207061768,-0.040871452540159225,0.4951868951320648,0.7733421921730042,-0.05912915617227554,0.48858824372291565,0.7782914042472839,-0.06065012887120247,0.4869883060455322,0.7512943148612976,-0.0617312453687191,0.526390016078949,0.7048318386077881,-0.03795478120446205,0.5213805437088013,0.779941737651825,-0.0533786416053772,0.5116827487945557,0.7786535620689392,-0.04525185376405716,0.5090651512145996,0.7525238990783691,-0.03835234045982361,0.5476047992706299,0.7222080230712891,-0.03874044865369797,0.5411673188209534,0.773764431476593,-0.05294875055551529,0.5323836803436279,0.7737088203430176,-0.052189476788043976,0.530741274356842,0.7558380961418152,-0.049030911177396774
0.5050926804542542,0.7605478763580322,-7.574850258151855e-08,0.47931304574012756,0.7707098722457886,-0.03028562292456627,0.45566946268081665,0.7803773283958435,-0.05209483578801155,0.46275341510772705,0.7996560335159302,-0.06829684972763062,0.4906492829322815,0.8095796704292297,-0.08119136840105057,0.46904677152633667,0.6936268210411072,-0.047385916113853455,0.46679070591926575,0.7607558965682983,-0.06920897960662842,0.4675827920436859,0.7710124850273132,-0.08122822642326355,0.46958673000335693,0.7531937956809998,-0.08969247341156006,0.49995744228363037,0.6930931210517883,-0.04197440296411514,0.49484768509864807,0.7742334604263306,-0.060107164084911346,0.4892761707305908,0.7764278054237366,-0.061816465109586716,0.48777341842651367,0.7497535943984985,-0.06310192495584488,0.5267041325569153,0.7052673697471619,-0.03891453146934509,0.5211048126220703,0.781098484992981,-0.05427525192499161,0.5122958421707153,0.778057336807251,-0.045912306755781174,0.5100384950637817,0.7520461082458496,-0.03877526521682739,0.5480819940567017,0.7228926420211792,-0.039571985602378845,0.540776789188385,0.7751834392547607,-0.05380399525165558,0.5326585173606873,0.7738129496574402,-0.052790842950344086,0.5315501093864441,0.7552500367164612,-0.04934282973408699
0.5055903196334839,0.7555908560752869,-7.345844466044582e-08,0.4794478416442871,0.7666271328926086,-0.030079735442996025,0.4559749662876129,0.7782989740371704,-0.05167738348245621,0.46392112970352173,0.798833966255188,-0.06759817153215408,0.4920910894870758,0.8090059161186218,-0.0802837535738945,0.4683665633201599,0.6944481134414673,-0.04825681447982788,0.46722882986068726,0.7629566192626953,-0.07024156302213669,0.4674592614173889,0.7720308899879456,-0.0822506695985794,0.4686291813850403,0.7536438703536987,-0.09062394499778748,0.4993246793746948,0.6933591961860657,-0.04274142533540726,0.49545538425445557,0.7754486799240112,-0.06063709780573845,0.48952892422676086,0.776197612285614,-0.06182856112718582,0.4872061312198639,0.7489514946937561,-0.06265570968389511,0.526351273059845,0.7046278119087219,-0.039474230259656906,0.5216348767280579,0.7813668251037598,-0.05497051775455475,0.5127703547477722,0.7766931653022766,-0.046055737882852554,0.509995698928833,0.7501999139785767,-0.03828053176403046,0.5481205582618713,0.7211111187934875,-0.03990781679749489,0.541758120059967,0.7746294736862183,-0.0551106259226799,0.534472644329071,0.7708534598350525,-0.05430014431476593,0.5335708260536194,0.7502248883247375,-0.05065051093697548
0.5052021145820618,0.7578299045562744,-8.378296456612588e-08,0.4799902141094208,0.7687052488327026,-0.03039473667740822,0.456857293844223,0.7798323631286621,-0.05216971039772034,0.4645538628101349,0.7996408343315125,-0.06828881055116653,0.4923538267612457,0.8093447089195251,-0.08126088976860046,0.46852171421051025,0.6941313743591309,-0.047968797385692596,0.4679878354072571,0.7617197632789612,-0.06991644948720932,0.46700310707092285,0.7718117833137512,-0.08250610530376434,0.4670288562774658,0.7538041472434998,-0.0915984958410263,0.499194860458374,0.6929144859313965,-0.04243411123752594,0.4953087568283081,0.7736656665802002,-0.06030953675508499,0.48934638500213623,0.7764355540275574,-0.062105949968099594,0.4872298538684845,0.7497569918632507,-0.06376205384731293,0.526131808757782,0.7042170166969299,-0.039188701659440994,0.5217065811157227,0.7797401547431946,-0.054547592997550964,0.5125283002853394,0.7772396802902222,-0.04647647589445114,0.5096050500869751,0.7516474723815918,-0.03980075940489769,0.5480127930641174,0.7209115028381348,-0.03964392468333244,0.5417643189430237,0.7735191583633423,-0.054419707506895065,0.5343882441520691,0.7718999981880188,-0.05395680293440819,0.5336921215057373,0.7530927658081055,-0.05105360224843025
0.5048986673355103,0.7635464668273926,-8.330652434551666e-08,0.4797416031360626,0.7732113599777222,-0.029027996584773064,0.45654046535491943,0.7821786403656006,-0.05006568506360054,0.4644724130630493,0.8009496331214905,-0.06584685295820236,0.4923039972782135,0.8109325170516968,-0.07841086387634277,0.4695144593715668,0.6954672932624817,-0.04542873427271843,0.46716758608818054,0.7609966397285461,-0.06687156111001968,0.46567869186401367,0.7699810862541199,-0.07891812920570374,0.46640753746032715,0.7520534992218018,-0.08746693283319473,0.4996231198310852,0.6947285532951355,-0.040518421679735184,0.49515384435653687,0.7757362723350525,-0.058275725692510605,0.4884895980358124,0.777606725692749,-0.05983736738562584,0.48668524622917175,0.7508665919303894,-0.06091848015785217,0.5259932279586792,0.7066216468811035,-0.03792351856827736,0.5213263034820557,0.7822480201721191,-0.05311403051018715,0.5112668871879578,0.778779923915863,-0.04476986080408096,0.5081744194030762,0.7531163096427917,-0.037540510296821594,0.5473880171775818,0.7243013381958008,-0.03897075355052948,0.5413046479225159,0.7758237719535828,-0.05357666686177254,0.5327533483505249,0.7730971574783325,-0.05287853255867958,0.5313612818717957,0.7539528012275696,-0.04946049302816391
0.5056628584861755,0.7623565793037415,-8.270433227153262e-08,0.4798080325126648,0.7721998691558838,-0.02961188368499279,0.4558219015598297,0.7814663648605347,-0.05114288628101349,0.46373677253723145,0.8012698292732239,-0.06729687750339508,0.49259963631629944,0.8115473985671997,-0.08019722253084183,0.4696594774723053,0.6956707835197449,-0.046525511890649796,0.46639755368232727,0.7612544298171997,-0.06835772097110748,0.46732038259506226,0.7709672451019287,-0.08026798069477081,0.4695783257484436,0.7531765699386597,-0.08848762512207031,0.5005646347999573,0.6948390007019043,-0.04136659950017929,0.49517330527305603,0.7762575745582581,-0.05934690684080124,0.49019530415534973,0.7790238857269287,-0.060885459184646606,0.4889605939388275,0.7523548603057861,-0.06194481626152992,0.5274743437767029,0.7066289782524109,-0.038556598126888275,0.5217273235321045,0.7830706834793091,-0.05359536409378052,0.5128541588783264,0.7804696559906006,-0.04520495608448982,0.510149359703064,0.7543925046920776,-0.03801293671131134,0.5491179823875427,0.7239200472831726,-0.03944428265094757,0.5415130853652954,0.7763661742210388,-0.053208038210868835,0.5334357023239136,0.7747031450271606,-0.05207333341240883,0.5320486426353455,0.7555330395698547,-0.0485474057495594
0.5054829120635986,0.7606897354125977,-7.326620732328593e-08,0.47959741950035095,0.7709701061248779,-0.02976321242749691,0.4555630683898926,0.7814756631851196,-0.05132313445210457,0.4627339839935303,0.8012292385101318,-0.06741749495267868,0.4912742078304291,0.8104130029678345,-0.08031849563121796,0.46902692317962646,0.6954910159111023,-0.046899888664484024,0.467098206281662,0.7633283734321594,-0.0688939020037651,0.46676790714263916,0.7721021771430969,-0.08143483847379684,0.46813520789146423,0.7539032697677612,-0.09024132043123245,0.5000090599060059,0.694754421710968,-0.04166235774755478,0.49550268054008484,0.777011513710022,-0.05949709564447403,0.4897274076938629,0.7775235176086426,-0.061148419976234436,0.4881671667098999,0.7507802248001099,-0.062386080622673035,0.5270819664001465,0.7064480185508728,-0.03873908147215843,0.5215873122215271,0.7833850979804993,-0.05370611697435379,0.5124638676643372,0.778315544128418,-0.0449456125497818,0.5099002122879028,0.7518866658210754,-0.03743324428796768,0.5487903952598572,0.7238581776618958,-0.03956563398241997,0.5414747595787048,0.7767153978347778,-0.05384526774287224,0.533689022064209,0.7720046639442444,-0.052755337208509445,0.5327167510986328,0.7508707046508789,-0.04905064031481743
0.5044641494750977,0.7616178393363953,-8.399169360018277e-08,0.4788178503513336,0.771090030670166,-0.029560845345258713,0.45529741048812866,0.7805132269859314,-0.05071251094341278,0.4633524715900421,0.8003033399581909,-0.06642670184373856,0.49181753396987915,0.8106964826583862,-0.0788513720035553,0.4682093560695648,0.6948390007019043,-0.04597838968038559,0.46627098321914673,0.7620058059692383,-0.0679810643196106,0.4673982858657837,0.7725551128387451,-0.0803322121500969,0.470020055770874,0.7549911737442017,-0.08876672387123108,0.49955302476882935,0.6938996315002441,-0.04076379910111427,0.49510306119918823,0.7762683033943176,-0.05861790105700493,0.48954880237579346,0.7785355448722839,-0.06021919474005699,0.4880727529525757,0.7520520091056824,-0.06112683564424515,0.5268333554267883,0.7058175802230835,-0.03792301565408707,0.5213881134986877,0.7829015254974365,-0.05312827229499817,0.5123469829559326,0.7790389060974121,-0.044503066688776016,0.5097423195838928,0.7528880834579468,-0.03678533062338829,0.5486099123954773,0.7231982946395874,-0.03877187892794609,0.5410791635513306,0.7765052318572998,-0.05309586971998215,0.5333206653594971,0.7730339169502258,-0.05188921466469765,0.5323097705841064,0.7529133558273315,-0.0478815883398056
0.5051553249359131,0.7590203881263733,-8.052727906715518e-08,0.47904902696609497,0.77005535364151,-0.02905050478875637,0.4550538659095764,0.7805957198143005,-0.05046224966645241,0.4632304310798645,0.7999625205993652,-0.06663980334997177,0.49165353178977966,0.8101171851158142,-0.07960362732410431,0.4689222276210785,0.6950477361679077,-0.046021200716495514,0.4663465619087219,0.7603137493133545,-0.06767445802688599,0.4663831889629364,0.7688696384429932,-0.07983061671257019,0.46885600686073303,0.7508323192596436,-0.08834696561098099,0.4992445111274719,0.69383305311203,-0.04116753116250038,0.4948388338088989,0.7747979760169983,-0.05891681835055351,0.48928025364875793,0.7765833735466003,-0.06049813702702522,0.4884483814239502,0.7501252889633179,-0.061707958579063416,0.5257079601287842,0.7050274610519409,-0.03863471746444702,0.521440863609314,0.7805548310279846,-0.05396667495369911,0.5123910903930664,0.7772107720375061,-0.046037707477808,0.5102160573005676,0.7513181567192078,-0.03915004804730415,0.5473613142967224,0.7217807173728943,-0.03972414880990982,0.5416303873062134,0.7733646631240845,-0.05378560349345207,0.5330945253372192,0.7719975709915161,-0.05281451717019081,0.5316035151481628,0.7542494535446167,-0.04943685978651047
0.5043326616287231,0.759379506111145,-7.02154636655905e-08,0.47886791825294495,0.7702367305755615,-0.0296329315751791,0.4549494981765747,0.780343770980835,-0.05093606188893318,0.4627758860588074,0.7995128631591797,-0.0667547807097435,0.4913645088672638,0.8094236850738525,-0.07926443964242935,0.4687151312828064,0.6941657066345215,-0.046687401831150055,0.4660933315753937,0.7603819370269775,-0.06829798221588135,0.4662356376647949,0.7680066823959351,-0.08035887032747269,0.4683583974838257,0.7496282458305359,-0.08880140632390976,0.49927225708961487,0.6926590204238892,-0.041306108236312866,0.49455589056015015,0.7750670313835144,-0.05881752446293831,0.4895130693912506,0.7747414112091064,-0.06007027626037598,0.4887514114379883,0.7476128935813904,-0.06095992773771286,0.5258422493934631,0.7041566371917725,-0.038241952657699585,0.5206792950630188,0.7814304232597351,-0.0532158799469471,0.5120882391929626,0.7767010927200317,-0.044356368482112885,0.5100529789924622,0.7506831884384155,-0.03664282709360123,0.5473223924636841,0.7212746143341064,-0.03893975168466568,0.5406614542007446,0.7744371294975281,-0.05342496559023857,0.5322253704071045,0.7715720534324646,-0.05246954411268234,0.5306140780448914,0.7524073123931885,-0.04870909824967384
0.5052264332771301,0.7625876665115356,-8.433380571659654e-08,0.47907060384750366,0.7734639048576355,-0.030267508700489998,0.4544356167316437,0.7820442914962769,-0.05205740034580231,0.46189436316490173,0.8006483316421509,-0.06832655519247055,0.49059727787971497,0.8100128173828125,-0.08120694756507874,0.46823400259017944,0.6951348781585693,-0.04736587777733803,0.4660431146621704,0.7600769996643066,-0.06893153488636017,0.46656790375709534,0.7711207866668701,-0.08056718111038208,0.4686468839645386,0.7533609867095947,-0.08889038115739822,0.4988863468170166,0.6935411691665649,-0.04202878102660179,0.4945376515388489,0.7729138135910034,-0.06021314114332199,0.4893226623535156,0.776940643787384,-0.062026165425777435,0.4881994426250458,0.7513746023178101,-0.06347792595624924,0.5253515839576721,0.7046017050743103,-0.03903878480195999,0.5211148262023926,0.7792220115661621,-0.05455124005675316,0.5123383402824402,0.7786006331443787,-0.046930186450481415,0.5098552107810974,0.7540044188499451,-0.04049943760037422,0.5469294786453247,0.7214211821556091,-0.0397331640124321,0.5415841341018677,0.77228844165802,-0.05377192795276642,0.5328763723373413,0.7741389870643616,-0.053053710609674454,0.5306342840194702,0.7584850192070007,-0.05008617043495178
0.5050085783004761,0.7601574659347534,-8.540509099930205e-08,0.4787525236606598,0.770320475101471,-0.028769295662641525,0.45487380027770996,0.7793790698051453,-0.04969716817140579,0.46320754289627075,0.7987929582595825,-0.06541051715612411,0.49190711975097656,0.8099703192710876,-0.07795842736959457,0.4698004722595215,0.6944965720176697,-0.045753274112939835,0.46624043583869934,0.7589991092681885,-0.0671897903084755,0.466583251953125,0.7685034275054932,-0.07891661673784256,0.4689064919948578,0.7510690689086914,-0.08702000975608826,0.500520646572113,0.6937499642372131,-0.04111234471201897,0.4944370985031128,0.7755357623100281,-0.05910848453640938,0.4891268014907837,0.778151273727417,-0.06095048785209656,0.48832741379737854,0.7525917887687683,-0.06215725466609001,0.5270472168922424,0.7056139707565308,-0.038721080869436264,0.5206327438354492,0.7822378277778625,-0.05383430793881416,0.5118317008018494,0.7796809673309326,-0.04563887044787407,0.509610652923584,0.7545642256736755,-0.0384521521627903,0.5483493804931641,0.7229489684104919,-0.03999185562133789,0.5409407615661621,0.7749902606010437,-0.05376887694001198,0.532658040523529,0.7741501331329346,-0.05244377627968788,0.5312550067901611,0.7566301822662354,-0.04867454245686531
0.5046484470367432,0.7628321647644043,-7.646246302783766e-08,0.4794512987136841,0.7728061676025391,-0.028757348656654358,0.45585107803344727,0.7814735770225525,-0.049326758831739426,0.4639683663845062,0.800818681716919,-0.06468039005994797,0.492431640625,0.8112238645553589,-0.07687126100063324,0.46939370036125183,0.6961960196495056,-0.04551160708069801,0.4670451581478119,0.7606955766677856,-0.06670890003442764,0.4661269783973694,0.7682293057441711,-0.0784841775894165,0.46741732954978943,0.7508199214935303,-0.08664623647928238,0.5001410841941833,0.6945786476135254,-0.04062836989760399,0.49548327922821045,0.7782341241836548,-0.05818720906972885,0.48960933089256287,0.7784716486930847,-0.059803809970617294,0.48830288648605347,0.7530885338783264,-0.06074395030736923,0.5268972516059875,0.706082284450531,-0.03795907273888588,0.5215315818786621,0.7843916416168213,-0.05287788808345795,0.5124521255493164,0.7794721722602844,-0.04408756643533707,0.5099345445632935,0.7541840076446533,-0.036225635558366776,0.5481646060943604,0.7234863042831421,-0.03899313136935234,0.541615903377533,0.7763378620147705,-0.05325112119317055,0.5337636470794678,0.7726773619651794,-0.05188574269413948,0.5327931642532349,0.753309428691864,-0.047645799815654755
0.5065047740936279,0.7573828101158142,-4.8561041410266625e-08,0.4813481569290161,0.7682023644447327,-0.028931615874171257,0.45864272117614746,0.7795599102973938,-0.05005551502108574,0.4663362205028534,0.8008173704147339,-0.06597050279378891,0.49372598528862,0.8120232820510864,-0.07887060195207596,0.4705834984779358,0.6965872645378113,-0.046930938959121704,0.46748411655426025,0.7608770132064819,-0.06906919181346893,0.4664197266101837,0.7657588124275208,-0.08172016590833664,0.4672665596008301,0.747580885887146,-0.09036064147949219,0.5006707906723022,0.6955226063728333,-0.04211976379156113,0.4961518943309784,0.7771668434143066,-0.060348499566316605,0.490547776222229,0.7748481035232544,-0.06227903068065643,0.48895546793937683,0.7491292357444763,-0.06338091194629669,0.527077853679657,0.7071361541748047,-0.03949383646249771,0.5221335291862488,0.7839859127998352,-0.05524376407265663,0.5131207704544067,0.7776602506637573,-0.046567920595407486,0.5102748274803162,0.7523033618927002,-0.03856450319290161,0.5482642650604248,0.7243562936782837,-0.040551841259002686,0.5422794818878174,0.776944100856781,-0.055709388107061386,0.5341891646385193,0.7719191908836365,-0.05477862432599068,0.5326533317565918,0.7518312931060791,-0.050689633935689926
0.5066378712654114,0.7630455493927002,-8.91718343609682e-08,0.48048633337020874,0.7738054990768433,-0.029882190749049187,0.45598867535591125,0.7826652526855469,-0.05154626816511154,0.4634132981300354,0.8013104796409607,-0.06781530380249023,0.49216172099113464,0.811678409576416,-0.08082614839076996,0.47040867805480957,0.6964542269706726,-0.04646551236510277,0.46857136487960815,0.7610361576080322,-0.06776395440101624,0.4687029719352722,0.7717992067337036,-0.07931239157915115,0.47057703137397766,0.7541316151618958,-0.08770672976970673,0.5007013082504272,0.6956841945648193,-0.0413551926612854,0.49663370847702026,0.7744629979133606,-0.059663839638233185,0.49130138754844666,0.7798671126365662,-0.06169689819216728,0.4902782142162323,0.7535569667816162,-0.0633891299366951,0.5269057750701904,0.706915020942688,-0.03859437629580498,0.5233976244926453,0.7806559801101685,-0.0544501431286335,0.5143345594406128,0.7814062237739563,-0.04756016284227371,0.5114127993583679,0.7564572095870972,-0.04177127033472061,0.5483989715576172,0.7236120700836182,-0.03943717107176781,0.5438048243522644,0.7738303542137146,-0.05370116978883743,0.5352877378463745,0.7765778303146362,-0.053488753736019135,0.5330559611320496,0.7607223987579346,-0.05113156884908676
0.5065288543701172,0.7671246528625488,-8.836217801899693e-08,0.4805351197719574,0.777387797832489,-0.030360916629433632,0.456623375415802,0.7856312990188599,-0.05250215902924538,0.4643819034099579,0.8033894300460815,-0.06916254758834839,0.49266496300697327,0.8129285573959351,-0.08244561403989792,0.47063547372817993,0.6976243257522583,-0.04742436856031418,0.4686931371688843,0.7624183297157288,-0.06866072863340378,0.4683604836463928,0.7726435661315918,-0.0798872634768486,0.469681054353714,0.7550159096717834,-0.08813084661960602,0.5007248520851135,0.6968810558319092,-0.042215246707201004,0.49665871262550354,0.7764573097229004,-0.060732658952474594,0.4912147521972656,0.7813372015953064,-0.06274513900279999,0.48999011516571045,0.7548650503158569,-0.06445097923278809,0.5269210338592529,0.7083759307861328,-0.03930528461933136,0.5232563614845276,0.7824960947036743,-0.05521699786186218,0.513980507850647,0.7827290296554565,-0.04806288331747055,0.5107855796813965,0.7576029896736145,-0.04216158390045166,0.54819256067276,0.7255838513374329,-0.040047772228717804,0.543073296546936,0.7759790420532227,-0.0544259287416935,0.5344566702842712,0.7778358459472656,-0.054172419011592865,0.5322601795196533,0.7610055804252625,-0.051739323884248734
0.505569577217102,0.7602613568305969,-7.579612315566919e-08,0.4795055091381073,0.769497811794281,-0.028983797878026962,0.45522016286849976,0.7788814306259155,-0.05040634423494339,0.46264809370040894,0.7987679839134216,-0.06655348837375641,0.49116840958595276,0.8099307417869568,-0.07949589192867279,0.4701598882675171,0.6945708394050598,-0.04659773409366608,0.4664926528930664,0.7611178159713745,-0.06815387308597565,0.46757492423057556,0.7695274353027344,-0.07973424345254898,0.47041255235671997,0.7522602081298828,-0.08748539537191391,0.5012590289115906,0.6940332055091858,-0.04171313717961311,0.49533817172050476,0.7782166004180908,-0.05944023281335831,0.49045613408088684,0.7785123586654663,-0.060652025043964386,0.4895493984222412,0.7531569600105286,-0.06118166819214821,0.5280041098594666,0.706058144569397,-0.03904637694358826,0.5209829807281494,0.7842115163803101,-0.05416327342391014,0.5128735899925232,0.7794432044029236,-0.04503806307911873,0.5108395218849182,0.7543660402297974,-0.036775387823581696,0.5492872595787048,0.7234011888504028,-0.040068209171295166,0.540920078754425,0.7757195234298706,-0.0540476068854332,0.5331052541732788,0.7720072865486145,-0.05218997225165367,0.5319403409957886,0.7526053190231323,-0.04755927622318268
0.505642831325531,0.7625430822372437,-7.452388928186338e-08,0.4797441363334656,0.7729805707931519,-0.02976970747113228,0.45559900999069214,0.7824910283088684,-0.05160120129585266,0.46385470032691956,0.801943302154541,-0.06809110939502716,0.49259254336357117,0.8121938705444336,-0.08139068633317947,0.4696521759033203,0.6972057819366455,-0.04728967696428299,0.46658194065093994,0.7623593211174011,-0.06922858208417892,0.4667434096336365,0.7702211737632751,-0.08134294301271439,0.46881166100502014,0.7523007988929749,-0.08966471254825592,0.5004516243934631,0.6957853436470032,-0.042159419506788254,0.4953049123287201,0.7782787084579468,-0.060100410133600235,0.49031880497932434,0.7796171307563782,-0.06136201322078705,0.4896847605705261,0.7539324760437012,-0.062042947858572006,0.5270670056343079,0.7071865200996399,-0.039345014840364456,0.5215566158294678,0.7841945886611938,-0.0548071414232254,0.5128464102745056,0.780558168888092,-0.045829374343156815,0.5105481743812561,0.7555942535400391,-0.03783601149916649,0.5484501123428345,0.7242090106010437,-0.04028278961777687,0.5415030121803284,0.7763325572013855,-0.05474259331822395,0.5332552790641785,0.773984968662262,-0.053284235298633575,0.5317146182060242,0.7554880976676941,-0.049072589725255966
0.5049905776977539,0.7617133855819702,-7.799779666584072e-08,0.4787592887878418,0.7720206379890442,-0.029234644025564194,0.4543841779232025,0.7810748815536499,-0.05062603950500488,0.46253663301467896,0.8004492521286011,-0.06682151556015015,0.49102798104286194,0.8107298612594604,-0.07982470095157623,0.46958127617836,0.6963838934898376,-0.04615151509642601,0.46627894043922424,0.7608054280281067,-0.06812442094087601,0.4663498103618622,0.7685148119926453,-0.08042245358228683,0.46866700053215027,0.7508755922317505,-0.08878633379936218,0.5005082488059998,0.6955548524856567,-0.04126002639532089,0.4949095845222473,0.7790653705596924,-0.059359971433877945,0.4889358580112457,0.7803654670715332,-0.06100228801369667,0.4879162609577179,0.7548600435256958,-0.061861127614974976,0.5270678997039795,0.7074769139289856,-0.03871828690171242,0.5210276246070862,0.7849307656288147,-0.05417417362332344,0.511915922164917,0.7806051969528198,-0.04554789885878563,0.5096109509468079,0.7552753686904907,-0.03771138936281204,0.5482567548751831,0.7248895764350891,-0.03990873694419861,0.5414360761642456,0.7768716812133789,-0.0543379969894886,0.5329227447509766,0.7736724615097046,-0.05297066271305084,0.5313118696212769,0.7545976638793945,-0.048758380115032196
0.5054007768630981,0.760113537311554,-7.776408494919451e-08,0.4797981381416321,0.7711024880409241,-0.029781904071569443,0.45562025904655457,0.7810747027397156,-0.051350370049476624,0.46303224563598633,0.8005177974700928,-0.06752009689807892,0.4912416934967041,0.8100195527076721,-0.08040545135736465,0.4691959321498871,0.6960209012031555,-0.0475003644824028,0.4665283262729645,0.7614162564277649,-0.0698099210858345,0.46652302145957947,0.7696605324745178,-0.08203601092100143,0.46843552589416504,0.752163290977478,-0.0903589203953743,0.5003002882003784,0.694419801235199,-0.04232507944107056,0.49560970067977905,0.7784261703491211,-0.06091700494289398,0.48993462324142456,0.7798759937286377,-0.062336403876543045,0.4886308014392853,0.7538580894470215,-0.062874436378479,0.5272307395935059,0.7059056758880615,-0.03945046663284302,0.5218607187271118,0.7842018604278564,-0.055173359811306,0.5126378536224365,0.7799004912376404,-0.04577348008751869,0.5100439190864563,0.7540535926818848,-0.037264928221702576,0.5485912561416626,0.7231205701828003,-0.040353067219257355,0.5414393544197083,0.7764314413070679,-0.0553472526371479,0.5331363677978516,0.7727006673812866,-0.053944528102874756,0.5318511128425598,0.752704918384552,-0.0494399257004261
0.504807710647583,0.7638659477233887,-7.923063094494864e-08,0.47895532846450806,0.7736549377441406,-0.02979518286883831,0.45478883385658264,0.7816676497459412,-0.05120367929339409,0.4625105857849121,0.8001421093940735,-0.06717857718467712,0.49129027128219604,0.8095893859863281,-0.07981744408607483,0.4690319299697876,0.6952213644981384,-0.04654727876186371,0.4664076268672943,0.7612378597259521,-0.06788438558578491,0.4670405089855194,0.7711756825447083,-0.07931086421012878,0.4693736135959625,0.7537490725517273,-0.08725028485059738,0.49976974725723267,0.6941928267478943,-0.041318342089653015,0.4949527680873871,0.77605140209198,-0.05914060398936272,0.4898827373981476,0.778322160243988,-0.06057325750589371,0.48892784118652344,0.7529069781303406,-0.061466898769140244,0.5264444351196289,0.7058562636375427,-0.03839731216430664,0.5209235548973083,0.7825037837028503,-0.053334202617406845,0.5123946666717529,0.7795632481575012,-0.04466932266950607,0.5101969838142395,0.7543204426765442,-0.037159934639930725,0.5477869510650635,0.723220705986023,-0.03922802954912186,0.5407707095146179,0.7753481268882751,-0.052843961864709854,0.5326951742172241,0.7737601399421692,-0.05136921629309654,0.5313150882720947,0.7553914785385132,-0.04744015261530876
0.5043322443962097,0.7611842751502991,-8.968084586058467e-08,0.4786415696144104,0.7711051106452942,-0.029225323349237442,0.4544442296028137,0.7792423963546753,-0.05022531375288963,0.46253079175949097,0.7968617081642151,-0.06600463390350342,0.49168574810028076,0.8063511252403259,-0.07851065695285797,0.46908918023109436,0.6937308311462402,-0.04539656266570091,0.46563875675201416,0.7577934861183167,-0.06691652536392212,0.4665508270263672,0.7671523690223694,-0.07887718081474304,0.46965891122817993,0.7502920031547546,-0.08698344230651855,0.5001055002212524,0.6921411752700806,-0.040356170386075974,0.4944148361682892,0.7756671905517578,-0.058168258517980576,0.4889708161354065,0.7782447934150696,-0.059965722262859344,0.4881881773471832,0.7536489963531494,-0.060892216861248016,0.5268476605415344,0.7036810517311096,-0.03764037787914276,0.5207046270370483,0.7815607190132141,-0.052875954657793045,0.5118714570999146,0.7786356210708618,-0.04436439275741577,0.5098221302032471,0.7545469403266907,-0.036530621349811554,0.548332929611206,0.7207634449005127,-0.03865234553813934,0.5412091612815857,0.7727982997894287,-0.05277654528617859,0.5326194763183594,0.7711344957351685,-0.051254987716674805,0.5309315323829651,0.7541828751564026,-0.04684213921427727
0.5055364370346069,0.7625261545181274,-9.406322476479545e-08,0.4792840778827667,0.7717081308364868,-0.0281264279037714,0.45503127574920654,0.7788218855857849,-0.0484168604016304,0.46285197138786316,0.7965009212493896,-0.06381508708000183,0.4911922216415405,0.8073119521141052,-0.07606742531061172,0.46922963857650757,0.6931387782096863,-0.0429299995303154,0.4659067988395691,0.7555234432220459,-0.0636543333530426,0.4659070372581482,0.7641750574111938,-0.07509555667638779,0.46841898560523987,0.7469581365585327,-0.08285021781921387,0.49955153465270996,0.6916599273681641,-0.038359541445970535,0.49428778886795044,0.7724237442016602,-0.0554783008992672,0.4890778064727783,0.7758960723876953,-0.05693943426012993,0.4885167181491852,0.7518488764762878,-0.05757485330104828,0.5257977843284607,0.7031843662261963,-0.036135658621788025,0.5203081369400024,0.7784652709960938,-0.05123480036854744,0.5117673277854919,0.7769587635993958,-0.0434376485645771,0.5096659660339355,0.7535032629966736,-0.036089032888412476,0.5470198392868042,0.7202333211898804,-0.037481386214494705,0.5403696298599243,0.7712511420249939,-0.05089903250336647,0.5315350890159607,0.7718124389648438,-0.04939151182770729,0.5293511152267456,0.756467342376709,-0.045213259756565094
0.5046970248222351,0.7613826394081116,-8.177951116294935e-08,0.47945645451545715,0.7717435359954834,-0.029134610667824745,0.4561030864715576,0.7802920341491699,-0.04999423772096634,0.46382203698158264,0.7985438704490662,-0.06568699330091476,0.49201634526252747,0.8079638481140137,-0.0781732052564621,0.4691556692123413,0.6948450207710266,-0.04416954889893532,0.4679245352745056,0.7599897384643555,-0.06511110067367554,0.4659162163734436,0.768430769443512,-0.07708762586116791,0.46654564142227173,0.7502476572990417,-0.08582395315170288,0.4989307224750519,0.6931664943695068,-0.03921537101268768,0.49600717425346375,0.7730690240859985,-0.05679085850715637,0.48949867486953735,0.7755515575408936,-0.05872434005141258,0.4877268373966217,0.7486541867256165,-0.060150403529405594,0.5249089002609253,0.7040524482727051,-0.03662242740392685,0.5221973061561584,0.7784243226051331,-0.05193394050002098,0.5125756859779358,0.7767346501350403,-0.0442822091281414,0.509391188621521,0.7518007159233093,-0.037591371685266495,0.5459325909614563,0.7208441495895386,-0.03767264261841774,0.5416356325149536,0.7715386152267456,-0.052099067717790604,0.5325285792350769,0.7719336152076721,-0.051543645560741425,0.5300570130348206,0.7554203867912292,-0.048386670649051666
0.503972589969635,0.7608199119567871,-7.455275152778995e-08,0.47921839356422424,0.7718193531036377,-0.02953864261507988,0.45607835054397583,0.7818082571029663,-0.05059944838285446,0.4640220105648041,0.800285816192627,-0.06632266193628311,0.49227872490882874,0.8084364533424377,-0.07887069135904312,0.4689297080039978,0.6966220140457153,-0.046296682208776474,0.468008428812027,0.7611494660377502,-0.06747014075517654,0.46565011143684387,0.7681756019592285,-0.07928958535194397,0.4658295512199402,0.7501994371414185,-0.08774052560329437,0.4989759027957916,0.6939007639884949,-0.04106707498431206,0.4961278736591339,0.775797963142395,-0.05889732018113136,0.4890121519565582,0.775673508644104,-0.060827214270830154,0.4868457019329071,0.7491109371185303,-0.06212235987186432,0.5253723859786987,0.7044751644134521,-0.03806070238351822,0.5219806432723999,0.781319797039032,-0.05358535051345825,0.5119515657424927,0.7768657207489014,-0.04549073800444603,0.5086117386817932,0.7515138983726501,-0.038209885358810425,0.5467209815979004,0.7211514711380005,-0.03873651474714279,0.5415773391723633,0.7738669514656067,-0.05392715707421303,0.5324772000312805,0.7708052396774292,-0.053474295884370804,0.5301122665405273,0.7521085739135742,-0.04997624084353447
0.5049244165420532,0.7649574875831604,-8.753956848295275e-08,0.4788382053375244,0.7745288014411926,-0.029896458610892296,0.4547678530216217,0.7817848324775696,-0.05139840766787529,0.4629615843296051,0.7997159957885742,-0.06752155721187592,0.4918951392173767,0.809346616268158,-0.08036556094884872,0.4685940146446228,0.6949827075004578,-0.04599238187074661,0.46638408303260803,0.7597662806510925,-0.0672726109623909,0.4670277535915375,0.7705516815185547,-0.07878901809453964,0.4692858159542084,0.7531583905220032,-0.08687480539083481,0.4993414282798767,0.6934177279472351,-0.04080391675233841,0.49496206641197205,0.7738451361656189,-0.05875132605433464,0.48969516158103943,0.7784234285354614,-0.060504358261823654,0.4886420667171478,0.7532118558883667,-0.06165724992752075,0.5259019136428833,0.7045851945877075,-0.037990108132362366,0.5214620232582092,0.7800301313400269,-0.053169216960668564,0.5128585696220398,0.7792618274688721,-0.04539668187499046,0.5103766918182373,0.7544782161712646,-0.03863947093486786,0.5473843216896057,0.7215350866317749,-0.0388721227645874,0.5412535071372986,0.7732358574867249,-0.05225981026887894,0.5329933166503906,0.7742567658424377,-0.05106298252940178,0.5312802195549011,0.7574681639671326,-0.047613680362701416
0.505275547504425,0.7630332112312317,-7.393728651550191e-08,0.47914499044418335,0.7741578817367554,-0.030059145763516426,0.4547598659992218,0.7834563255310059,-0.051573608070611954,0.46268272399902344,0.8020313382148743,-0.06751113384962082,0.49152010679244995,0.8116633296012878,-0.08011070638895035,0.46802347898483276,0.6969418525695801,-0.047189123928546906,0.46655938029289246,0.7631521224975586,-0.06832291930913925,0.46704959869384766,0.7719062566757202,-0.07984822243452072,0.46911537647247314,0.7537798881530762,-0.08807427436113358,0.4988032281398773,0.6952576637268066,-0.04168711602687836,0.4952152967453003,0.7772606611251831,-0.05916742607951164,0.4901849329471588,0.7787519693374634,-0.060607701539993286,0.4892027974128723,0.7525256872177124,-0.06177473068237305,0.5255796909332275,0.70625901222229,-0.03843307122588158,0.5216652154922485,0.7828807234764099,-0.05323520302772522,0.5128823518753052,0.7798233032226562,-0.044715411961078644,0.5103025436401367,0.7545498609542847,-0.037517961114645004,0.5472850799560547,0.7229375243186951,-0.038947682827711105,0.5417758226394653,0.7751282453536987,-0.05301215499639511,0.5338622331619263,0.773979663848877,-0.05198153480887413,0.5324780941009521,0.7560306191444397,-0.04845763370394707
0.5052958130836487,0.765479564666748,-8.602741274899017e-08,0.4795723259449005,0.7758392095565796,-0.029835322871804237,0.45518046617507935,0.784386157989502,-0.05144336074590683,0.4628043472766876,0.8021175265312195,-0.06768444925546646,0.49207788705825806,0.8110385537147522,-0.08055666089057922,0.468583345413208,0.6968963742256165,-0.045722346752882004,0.4660799205303192,0.763602077960968,-0.06703231483697891,0.46737682819366455,0.7756460309028625,-0.07866086065769196,0.47053262591362,0.7581540942192078,-0.08689979463815689,0.49917784333229065,0.6959200501441956,-0.04053739458322525,0.4952884018421173,0.7760180234909058,-0.05833595246076584,0.49048399925231934,0.7808955311775208,-0.06009521707892418,0.489774227142334,0.7547875642776489,-0.06146463379263878,0.5256655812263489,0.7073621153831482,-0.037749916315078735,0.521536111831665,0.7828009128570557,-0.05256505683064461,0.5127143859863281,0.7828103303909302,-0.04487418010830879,0.5101246237754822,0.7580655217170715,-0.038500696420669556,0.547046959400177,0.7244216203689575,-0.03866947442293167,0.5407296419143677,0.7762869000434875,-0.05171068012714386,0.5319634079933167,0.777607262134552,-0.05067526549100876,0.5298867225646973,0.7607879638671875,-0.0476362518966198
0.5050846338272095,0.7657735347747803,-6.965844079331873e-08,0.47844067215919495,0.7756558656692505,-0.029544370248913765,0.4541533887386322,0.784339427947998,-0.05091420188546181,0.461993545293808,0.8029006123542786,-0.06693031638860703,0.490934818983078,0.8118445873260498,-0.07968468219041824,0.46813321113586426,0.6975043416023254,-0.04611647501587868,0.46505308151245117,0.7640183568000793,-0.06798261404037476,0.4662586748600006,0.7730611562728882,-0.08046361804008484,0.4694889485836029,0.7550169229507446,-0.0891217365860939,0.4992697536945343,0.6961437463760376,-0.04104038327932358,0.49479061365127563,0.7799409031867981,-0.05885639414191246,0.4898748993873596,0.7804185748100281,-0.06091861426830292,0.4892100691795349,0.7540450692176819,-0.062275588512420654,0.5263379812240601,0.7079013586044312,-0.038249846547842026,0.5209529995918274,0.7869628667831421,-0.0527421310544014,0.5123801231384277,0.7819902896881104,-0.04392458125948906,0.5103772878646851,0.75529944896698,-0.03636564686894417,0.5478339195251465,0.7255411744117737,-0.03927263244986534,0.540259063243866,0.7806968092918396,-0.0528235137462616,0.5326076149940491,0.7769069671630859,-0.05130263790488243,0.5319308042526245,0.7562996745109558,-0.047241177409887314
0.5050515532493591,0.7685164213180542,-7.779142663366656e-08,0.4788133203983307,0.7783412933349609,-0.02899148128926754,0.45554909110069275,0.7865026593208313,-0.049473829567432404,0.46434202790260315,0.8053972125053406,-0.06468591094017029,0.49264371395111084,0.8159370422363281,-0.07677783071994781,0.4688805043697357,0.7002418041229248,-0.045973677188158035,0.4666113555431366,0.764222264289856,-0.06680767983198166,0.4644218683242798,0.7701492309570312,-0.07825225591659546,0.4653320610523224,0.7525845170021057,-0.08612707257270813,0.49944522976875305,0.6981026530265808,-0.040841586887836456,0.4956778883934021,0.7817196846008301,-0.057902172207832336,0.4892180860042572,0.7798066735267639,-0.059022724628448486,0.4877665638923645,0.7547280192375183,-0.059438806027173996,0.5263396501541138,0.7095609903335571,-0.03784063085913658,0.5209835171699524,0.7885242104530334,-0.05237201228737831,0.5113468170166016,0.7821468114852905,-0.04300064593553543,0.5085839629173279,0.756922721862793,-0.03454336151480675,0.5474604368209839,0.7272184491157532,-0.038630787283182144,0.5396637916564941,0.7818511724472046,-0.052958060055971146,0.5311800837516785,0.776429295539856,-0.0515298992395401,0.5299252867698669,0.7560175657272339,-0.046961959451436996
0.5048311352729797,0.7661023139953613,-4.440807188643703e-08,0.47888314723968506,0.7764458060264587,-0.030578646808862686,0.455150842666626,0.7853888273239136,-0.05242636427283287,0.4630240797996521,0.8045495748519897,-0.06863334029912949,0.4919039309024811,0.813928484916687,-0.0816013291478157,0.4689227044582367,0.6996514201164246,-0.04853563383221626,0.46566030383110046,0.7666346430778503,-0.0701388567686081,0.464868426322937,0.7730457186698914,-0.08211773633956909,0.4667406976222992,0.7543498277664185,-0.09055057168006897,0.49949467182159424,0.6985761523246765,-0.04282282665371895,0.4945436120033264,0.781491219997406,-0.06063929200172424,0.48948755860328674,0.7783103585243225,-0.062339458614587784,0.4892517328262329,0.7510392665863037,-0.06354201585054398,0.5260966420173645,0.7105969190597534,-0.039304010570049286,0.5203869342803955,0.7878676056861877,-0.05426008626818657,0.5118022561073303,0.7805243134498596,-0.045328520238399506,0.5100300312042236,0.7541220188140869,-0.0375332236289978,0.547151505947113,0.7286856174468994,-0.039645347744226456,0.5397261381149292,0.7814139723777771,-0.054116327315568924,0.5318530201911926,0.7750899195671082,-0.053067464381456375,0.5311304926872253,0.7539675831794739,-0.04917707294225693
0.5051816701889038,0.7642083764076233,-5.609666686723358e-08,0.4784438908100128,0.774093747138977,-0.029619788751006126,0.4537307322025299,0.7825199961662292,-0.05102072283625603,0.4619334936141968,0.8013029098510742,-0.06705786287784576,0.4916415512561798,0.8115673065185547,-0.07976129651069641,0.46857789158821106,0.6973318457603455,-0.04685147851705551,0.46396538615226746,0.7645864486694336,-0.06941398978233337,0.4667815864086151,0.7739624381065369,-0.08198218792676926,0.4716795086860657,0.7571073174476624,-0.09012168645858765,0.5002534985542297,0.6964268684387207,-0.041634123772382736,0.4939005672931671,0.781531572341919,-0.05953291058540344,0.48933351039886475,0.7804993391036987,-0.06085847318172455,0.4893176257610321,0.7548434138298035,-0.061273228377103806,0.5273138284683228,0.709073543548584,-0.03879064694046974,0.5195366144180298,0.7887663841247559,-0.05315805599093437,0.5109666585922241,0.7826783657073975,-0.04298364371061325,0.5095776915550232,0.7572985887527466,-0.033905573189258575,0.548427939414978,0.7273555397987366,-0.03988666459918022,0.5390015244483948,0.7815470695495605,-0.05330636352300644,0.5307934880256653,0.775973916053772,-0.05087808147072792,0.5301833152770996,0.7555597424507141,-0.045596830546855927
0.5052421689033508,0.7644110321998596,-9.162883429780777e-08,0.4778636693954468,0.7741855382919312,-0.029111042618751526,0.4531691074371338,0.7821589708328247,-0.049885451793670654,0.4626830816268921,0.8009878396987915,-0.06522955000400543,0.49326464533805847,0.8114024996757507,-0.0771295428276062,0.46875956654548645,0.6970752477645874,-0.046684812754392624,0.46491798758506775,0.7637990713119507,-0.06819505989551544,0.4664406478404999,0.7742965221405029,-0.07941532135009766,0.4701900780200958,0.7569875717163086,-0.0869143009185791,0.500211238861084,0.6952893137931824,-0.04150979965925217,0.4942890703678131,0.7803093791007996,-0.05902019515633583,0.4890863299369812,0.7822272777557373,-0.05972392484545708,0.4886679947376251,0.7563126683235168,-0.05988335609436035,0.5271348357200623,0.7070708870887756,-0.038569167256355286,0.5200818777084351,0.7873817682266235,-0.05295403301715851,0.5107756853103638,0.7838158011436462,-0.043028075248003006,0.508607804775238,0.7587294578552246,-0.034372564405202866,0.5483129620552063,0.7246534824371338,-0.0394744873046875,0.5393362641334534,0.7798267006874084,-0.05327665060758591,0.5310251712799072,0.776565670967102,-0.05138663202524185,0.5298184752464294,0.7574109435081482,-0.04670910909771919
0.5042901635169983,0.7671679854393005,-9.625768626619902e-08,0.47744038701057434,0.7756832242012024,-0.029559167101979256,0.45299726724624634,0.781726598739624,-0.05030365288257599,0.46157100796699524,0.7994621396064758,-0.06568553298711777,0.49127355217933655,0.809001624584198,-0.07778304815292358,0.46808770298957825,0.6963558197021484,-0.04594381898641586,0.4650323987007141,0.7610340714454651,-0.0675782784819603,0.46539196372032166,0.7710445523262024,-0.07926546037197113,0.46773210167884827,0.754388153553009,-0.08713123947381973,0.4996001720428467,0.694797694683075,-0.040635742247104645,0.49425384402275085,0.7786025404930115,-0.058674655854701996,0.4884682595729828,0.7817413806915283,-0.06026126816868782,0.4872558116912842,0.7566543817520142,-0.06103915721178055,0.5266497135162354,0.706811249256134,-0.03766912966966629,0.5200087428092957,0.7859144806861877,-0.05252961441874504,0.5101920366287231,0.7833737134933472,-0.04375551640987396,0.5071186423301697,0.7587065100669861,-0.03595462813973427,0.5478283166885376,0.724539577960968,-0.03851153329014778,0.5390679836273193,0.7792269587516785,-0.052033741027116776,0.5303934812545776,0.7763672471046448,-0.05051529034972191,0.5286538004875183,0.7571510672569275,-0.046341221779584885
0.5037710666656494,0.7698901891708374,-8.094304604355784e-08,0.47689035534858704,0.778779149055481,-0.029175475239753723,0.4527188539505005,0.7853694558143616,-0.04977891966700554,0.4605196714401245,0.8029342889785767,-0.06490936130285263,0.48896512389183044,0.8126355409622192,-0.07664927840232849,0.4668446481227875,0.6971309185028076,-0.045285582542419434,0.4641587436199188,0.762930691242218,-0.06552344560623169,0.46343761682510376,0.7715586423873901,-0.07642936706542969,0.4650784730911255,0.7535134553909302,-0.08425740152597427,0.4972552955150604,0.6955859065055847,-0.03997236490249634,0.49308082461357117,0.7774631977081299,-0.05687713623046875,0.48729777336120605,0.7777514457702637,-0.05821731314063072,0.4863463342189789,0.751532256603241,-0.059253424406051636,0.5239835381507874,0.7072075009346008,-0.036841440945863724,0.5192516446113586,0.7848812937736511,-0.050828564912080765,0.5094385743141174,0.7807976603507996,-0.04222565144300461,0.5067071318626404,0.7551186084747314,-0.03501860797405243,0.5453612804412842,0.7249571681022644,-0.03747628629207611,0.5384467244148254,0.7783669233322144,-0.05080672353506088,0.529742419719696,0.7752168774604797,-0.049778491258621216,0.5281792879104614,0.7555656433105469,-0.04627419263124466
0.5033640265464783,0.7649402618408203,-4.940257980479146e-08,0.4772913157939911,0.7756558656692505,-0.030691521242260933,0.45352470874786377,0.7854195833206177,-0.05244041234254837,0.4606401026248932,0.8052811026573181,-0.06835855543613434,0.4888010621070862,0.814640462398529,-0.08083174377679825,0.46581700444221497,0.7004543542861938,-0.04934550076723099,0.4620435833930969,0.7667606472969055,-0.07155278325080872,0.46397992968559265,0.7732238173484802,-0.08316101878881454,0.46718698740005493,0.7543695569038391,-0.09096141904592514,0.49668291211128235,0.6982578039169312,-0.04329274222254753,0.4915534555912018,0.7814644575119019,-0.06133672222495079,0.48821762204170227,0.7794918417930603,-0.06201401725411415,0.4878276586532593,0.7524231672286987,-0.06213759258389473,0.523781955242157,0.7093569040298462,-0.03948885574936867,0.518133282661438,0.7875187993049622,-0.054350946098566055,0.5106262564659119,0.7813013195991516,-0.043998975306749344,0.5089263916015625,0.7548902034759521,-0.0350220762193203,0.5455318689346313,0.7262976765632629,-0.039570402354002,0.537789523601532,0.7806761860847473,-0.05404169484972954,0.5312557220458984,0.7752479314804077,-0.0524752102792263,0.5313805937767029,0.7534913420677185,-0.04795719310641289
0.5028313994407654,0.7727359533309937,-6.30123508926772e-08,0.4770122170448303,0.7821874618530273,-0.02975166216492653,0.4543735384941101,0.7920222878456116,-0.05144299194216728,0.46209272742271423,0.8116137981414795,-0.06753228604793549,0.4899670481681824,0.8220680356025696,-0.0805131122469902,0.46661674976348877,0.7060914039611816,-0.048313017934560776,0.4641343653202057,0.7737364768981934,-0.07031971216201782,0.4649549126625061,0.7816609144210815,-0.08231540769338608,0.46696367859840393,0.7637141346931458,-0.09048588573932648,0.497424840927124,0.7051228880882263,-0.04293188080191612,0.49332761764526367,0.7881051301956177,-0.06113293766975403,0.4883118271827698,0.7879679203033447,-0.0626869723200798,0.48666173219680786,0.7617119550704956,-0.06359667330980301,0.5245928168296814,0.7168211936950684,-0.039682455360889435,0.5194641947746277,0.7940196990966797,-0.0548192597925663,0.5108842253684998,0.7894026041030884,-0.04582672938704491,0.5081955790519714,0.7635828256607056,-0.037977367639541626,0.5462381839752197,0.7339966893196106,-0.04014895111322403,0.5388455986976624,0.7873601317405701,-0.05445145070552826,0.5316935777664185,0.7831771969795227,-0.053168509155511856,0.5313631892204285,0.7620417475700378,-0.04916027933359146
0.5028884410858154,0.7696476578712463,-7.799323498147714e-08,0.4767981469631195,0.779558539390564,-0.0297546423971653,0.4532969295978546,0.7893624305725098,-0.0513976626098156,0.46084797382354736,0.8090958595275879,-0.06741935014724731,0.489236056804657,0.8206779956817627,-0.08008108288049698,0.4664646089076996,0.7037230134010315,-0.04822130501270294,0.463399738073349,0.7714326977729797,-0.06971071660518646,0.46435651183128357,0.7809962630271912,-0.08083385974168777,0.46682724356651306,0.7629644870758057,-0.08852317184209824,0.49713078141212463,0.7034000754356384,-0.042771849781274796,0.49211835861206055,0.7863267660140991,-0.06085662171244621,0.48707452416419983,0.7879937887191772,-0.06193786859512329,0.4858263432979584,0.7612602710723877,-0.06263092905282974,0.5240234732627869,0.7153666019439697,-0.03947094827890396,0.5179742574691772,0.7929686307907104,-0.05444597825407982,0.5093811750411987,0.7893113493919373,-0.045516014099121094,0.5070907473564148,0.7637274861335754,-0.037915077060461044,0.5456628799438477,0.7325211763381958,-0.03988277167081833,0.5377683639526367,0.7855892777442932,-0.05392301827669144,0.530371367931366,0.7817999720573425,-0.05285549908876419,0.5297837257385254,0.7614104151725769,-0.049256887286901474
0.5020384192466736,0.7688128352165222,-7.311562200129629e-08,0.476272314786911,0.7797702550888062,-0.030793648213148117,0.45284855365753174,0.7897482514381409,-0.0528743676841259,0.4612877666950226,0.8092086315155029,-0.06923812627792358,0.49030447006225586,0.8190940022468567,-0.08223826438188553,0.4659600555896759,0.7034587264060974,-0.04851950332522392,0.4639964699745178,0.7717365026473999,-0.07075004279613495,0.4656882584095001,0.7826898097991943,-0.08262459933757782,0.4686923623085022,0.7651011347770691,-0.09078224748373032,0.49714919924736023,0.7021482586860657,-0.042751334607601166,0.49298474192619324,0.7838782072067261,-0.06123081594705582,0.48786890506744385,0.7858249545097351,-0.06268078833818436,0.4864004850387573,0.758580207824707,-0.06364656239748001,0.5242276787757874,0.7136437892913818,-0.03935091942548752,0.5188280940055847,0.7902628183364868,-0.05470404028892517,0.5102294087409973,0.7872692346572876,-0.04604947939515114,0.5077420473098755,0.7616197466850281,-0.03864693269133568,0.5458428859710693,0.7306523323059082,-0.03975192829966545,0.5381293892860413,0.7833701372146606,-0.053961381316185,0.5302248597145081,0.780628502368927,-0.053019579499959946,0.5289851427078247,0.7610044479370117,-0.04958181455731392
0.5019735097885132,0.7720658183097839,-9.684434587597934e-08,0.4764748215675354,0.7827968001365662,-0.03002416528761387,0.45321181416511536,0.792072057723999,-0.051708415150642395,0.46201762557029724,0.8093256950378418,-0.06804721057415009,0.49045369029045105,0.8173601627349854,-0.08119790256023407,0.4628100097179413,0.7038242220878601,-0.046484239399433136,0.462442547082901,0.7683097720146179,-0.0690481886267662,0.4636093080043793,0.7797359228134155,-0.08163770288228989,0.46481195092201233,0.7624825835227966,-0.09031255543231964,0.4940720796585083,0.701206624507904,-0.04133841395378113,0.49105823040008545,0.7813039422035217,-0.05975443124771118,0.4858122766017914,0.7887334227561951,-0.06146986782550812,0.4833303689956665,0.7628856897354126,-0.06269747763872147,0.5215243697166443,0.7115200161933899,-0.038669560104608536,0.5177009105682373,0.7869904637336731,-0.05409272387623787,0.5083325505256653,0.7894357442855835,-0.04580999165773392,0.504347026348114,0.7658408284187317,-0.03890061378479004,0.5438317060470581,0.7277489304542542,-0.039721205830574036,0.5374844670295715,0.7803720831871033,-0.05340607836842537,0.5290963053703308,0.7828276753425598,-0.052111271768808365,0.5270628333091736,0.7664142847061157,-0.04870128631591797
0.5021898150444031,0.7685701847076416,-1.1976071334629523e-07,0.4763977825641632,0.7794886231422424,-0.030057044699788094,0.45261305570602417,0.7893821597099304,-0.051821161061525345,0.4606340825557709,0.8085773587226868,-0.0681196004152298,0.48893892765045166,0.8172643184661865,-0.08109337091445923,0.46383023262023926,0.702366054058075,-0.0478166826069355,0.4623757302761078,0.7677889466285706,-0.07024314999580383,0.46426889300346375,0.7822630405426025,-0.08196450024843216,0.4665302038192749,0.7659897804260254,-0.0900101587176323,0.49536556005477905,0.7003940939903259,-0.04266020655632019,0.49105241894721985,0.7819427847862244,-0.06184469908475876,0.48587170243263245,0.7917165160179138,-0.0635717585682869,0.4838608205318451,0.7663240432739258,-0.06464146077632904,0.5228277444839478,0.7112889289855957,-0.039840810000896454,0.5180201530456543,0.7880731225013733,-0.055720359086990356,0.5082758665084839,0.7906933426856995,-0.04783306270837784,0.5040963888168335,0.7663431763648987,-0.04122377187013626,0.5448868274688721,0.7277795076370239,-0.040646400302648544,0.537551999092102,0.7814481854438782,-0.05488838255405426,0.529361367225647,0.7835256457328796,-0.054131098091602325,0.5273744463920593,0.7662792801856995,-0.051121074706315994
0.5031176805496216,0.7667750120162964,-8.734043888125598e-08,0.47668319940567017,0.7779999375343323,-0.03038678877055645,0.45333734154701233,0.7889032363891602,-0.05251695588231087,0.4618462324142456,0.808371901512146,-0.06902480870485306,0.4905565083026886,0.8176784515380859,-0.08218663185834885,0.4656774699687958,0.7027955651283264,-0.048441898077726364,0.4641428589820862,0.7697265148162842,-0.0706801488995552,0.4654954969882965,0.7816194891929626,-0.08223070204257965,0.4678504765033722,0.7642741203308105,-0.090170718729496,0.4969516694545746,0.7017649412155151,-0.04297803342342377,0.49242720007896423,0.7825103402137756,-0.06183641776442528,0.4871342182159424,0.787135899066925,-0.06316244602203369,0.4854365885257721,0.7600316405296326,-0.06398223340511322,0.5241061449050903,0.7130796909332275,-0.03984055295586586,0.5188691020011902,0.788916289806366,-0.05549221485853195,0.5095143914222717,0.7874876856803894,-0.04700163006782532,0.505948543548584,0.761607825756073,-0.039841391146183014,0.5457610487937927,0.7298275232315063,-0.04040251672267914,0.5380028486251831,0.7827852964401245,-0.054845474660396576,0.5299538373947144,0.781115710735321,-0.05409962311387062,0.5282050967216492,0.7611949443817139,-0.05093986541032791
0.5041784048080444,0.768525242805481,-1.0588665588784352e-07,0.4781777560710907,0.7789672613143921,-0.030153788626194,0.45456868410110474,0.788265585899353,-0.05155956372618675,0.4625244438648224,0.8069626688957214,-0.06738482415676117,0.49104413390159607,0.8153507709503174,-0.07983917742967606,0.4658956527709961,0.7016965746879578,-0.04702071473002434,0.4652821123600006,0.7695745825767517,-0.0693322941660881,0.46620339155197144,0.7828956842422485,-0.08138445764780045,0.46785402297973633,0.765835702419281,-0.08969469368457794,0.4974401891231537,0.6998931765556335,-0.041543684899806976,0.4939306080341339,0.7828304767608643,-0.06029438227415085,0.4878411591053009,0.7883490324020386,-0.06184759736061096,0.48538994789123535,0.7618006467819214,-0.06263698637485504,0.5248907804489136,0.7110463976860046,-0.03845304995775223,0.5201961994171143,0.7887612581253052,-0.05385105311870575,0.5108652114868164,0.786772608757019,-0.045111577957868576,0.507366418838501,0.7601390480995178,-0.03758379444479942,0.5466820597648621,0.7278230786323547,-0.03906045854091644,0.5390006303787231,0.7830313444137573,-0.05343525484204292,0.5316060185432434,0.7807114720344543,-0.05245479941368103,0.5306276082992554,0.7598259449005127,-0.04884546622633934
0.5036017298698425,0.7677919268608093,-8.317164912341468e-08,0.4776066839694977,0.7771973013877869,-0.029487380757927895,0.4538886547088623,0.7857633233070374,-0.05082467943429947,0.4621007442474365,0.8034836649894714,-0.06686509400606155,0.4906029999256134,0.8117615580558777,-0.07964591681957245,0.46594762802124023,0.6976507306098938,-0.04559234157204628,0.4639362394809723,0.7631349563598633,-0.06755910068750381,0.46496909856796265,0.7742411494255066,-0.07988937199115753,0.46730053424835205,0.7574132680892944,-0.08824620395898819,0.4973277747631073,0.6958302855491638,-0.0405990295112133,0.4932808578014374,0.7780076265335083,-0.058514274656772614,0.4879629611968994,0.7817421555519104,-0.060264527797698975,0.4867246150970459,0.7569653987884521,-0.06126975640654564,0.5246109366416931,0.7073909044265747,-0.0380115807056427,0.5194410085678101,0.7851472496986389,-0.05271526798605919,0.5102040767669678,0.7829533815383911,-0.04390733316540718,0.5074849128723145,0.758054792881012,-0.036252591758966446,0.5463817119598389,0.7248767018318176,-0.03919939324259758,0.5387787222862244,0.7792654633522034,-0.052371714264154434,0.530308723449707,0.7777425050735474,-0.050495970994234085,0.5287071466445923,0.759438693523407,-0.04618990421295166
0.5030112862586975,0.7733303904533386,-7.40890371275782e-08,0.47756674885749817,0.7839590311050415,-0.03015177883207798,0.45539724826812744,0.7931179404258728,-0.05112048238515854,0.4644151031970978,0.8108199834823608,-0.06642860919237137,0.49156489968299866,0.8182320594787598,-0.07854101061820984,0.4654809832572937,0.7052302956581116,-0.04685807228088379,0.4648640751838684,0.7719942927360535,-0.06827614456415176,0.4636569619178772,0.7797080874443054,-0.08057469129562378,0.46387162804603577,0.7615813612937927,-0.0892983078956604,0.4962618052959442,0.7024558782577515,-0.04102538153529167,0.4935886859893799,0.7867447733879089,-0.05859813839197159,0.4880768358707428,0.7857217788696289,-0.06064554676413536,0.48598814010620117,0.7591608762741089,-0.062069520354270935,0.5236362218856812,0.7132700681686401,-0.03734126314520836,0.5193300843238831,0.7923675179481506,-0.051996324211359024,0.510905385017395,0.7864751815795898,-0.04297603666782379,0.508083164691925,0.7607499361038208,-0.03518297150731087,0.5453093647956848,0.7303019165992737,-0.03743770718574524,0.5381654500961304,0.7857353687286377,-0.05218713358044624,0.5310752391815186,0.7796030640602112,-0.05128399282693863,0.5304998159408569,0.7575488686561584,-0.0473107285797596
0.506057858467102,0.7678799629211426,-7.566744386622304e-08,0.4801464080810547,0.7786688804626465,-0.02943382039666176,0.45629027485847473,0.7891994714736938,-0.05074914172291756,0.46406182646751404,0.8075213432312012,-0.06663201749324799,0.49324867129325867,0.8158113956451416,-0.07927656173706055,0.46826693415641785,0.7022573947906494,-0.046442899852991104,0.46577417850494385,0.7703971266746521,-0.06820046156644821,0.46770140528678894,0.7811707258224487,-0.08027679473161697,0.4705964922904968,0.7639308571815491,-0.08848951756954193,0.4995162785053253,0.7007649540901184,-0.04134749248623848,0.49507537484169006,0.7837831377983093,-0.05919058620929718,0.4906543493270874,0.7851851582527161,-0.06116131693124771,0.4895531237125397,0.7591158747673035,-0.06250523030757904,0.5267747044563293,0.7122377157211304,-0.03849771246314049,0.5209848284721375,0.7898809909820557,-0.053242940455675125,0.5130398273468018,0.786572277545929,-0.044859878718853,0.5105603933334351,0.7613196969032288,-0.03759448975324631,0.5485703945159912,0.7294256091117859,-0.039350394159555435,0.5403389930725098,0.7836097478866577,-0.052953001111745834,0.5330955386161804,0.7807816863059998,-0.05152812600135803,0.5321661829948425,0.7610525488853455,-0.04762392118573189
0.5067906975746155,0.7750577926635742,-7.065332141564795e-08,0.48151183128356934,0.7844797372817993,-0.030031468719244003,0.4582362771034241,0.7937867045402527,-0.05176166072487831,0.4661625921726227,0.8120840787887573,-0.06786508858203888,0.49485906958580017,0.821385383605957,-0.0806524008512497,0.4696107804775238,0.7059265971183777,-0.04754443094134331,0.4678856432437897,0.7732428908348083,-0.06844552606344223,0.4690071940422058,0.7835093140602112,-0.07966506481170654,0.4708055555820465,0.7657873630523682,-0.08769988268613815,0.5002590417861938,0.7047117948532104,-0.04212038218975067,0.49667537212371826,0.7869283556938171,-0.05950551852583885,0.4919261038303375,0.7887592911720276,-0.06100582703948021,0.4903968572616577,0.7622015476226807,-0.06231856346130371,0.5274430513381958,0.7165119051933289,-0.03885169327259064,0.5229223370552063,0.7934247851371765,-0.05333361774682999,0.514829695224762,0.7905278205871582,-0.04474679380655289,0.5124701261520386,0.7651998996734619,-0.037699077278375626,0.5495554804801941,0.7340331077575684,-0.03930215165019035,0.5427396893501282,0.7868703603744507,-0.05283162370324135,0.5357552170753479,0.7843527793884277,-0.051499154418706894,0.5353837609291077,0.7647655606269836,-0.047934629023075104
