x0,y0,z0,x1,y1,z1,x2,y2,z2,x3,y3,z3,x4,y4,z4,x5,y5,z5,x6,y6,z6,x7,y7,z7,x8,y8,z8,x9,y9,z9,x10,y10,z10,x11,y11,z11,x12,y12,z12,x13,y13,z13,x14,y14,z14,x15,y15,z15,x16,y16,z16,x17,y17,z17,x18,y18,z18,x19,y19,z19,x20,y20,z20
0.4092717170715332,0.7559658288955688,-2.3471727672585985e-07,0.3919830918312073,0.7163786888122559,-0.0006080830353312194,0.3667489290237427,0.6665562987327576,-0.009430074132978916,0.3615468442440033,0.6242096424102783,-0.01859992928802967,0.37333038449287415,0.5929913520812988,-0.028193091973662376,0.3594764471054077,0.6666761040687561,-0.03613320738077164,0.30552831292152405,0.6899464130401611,-0.04666425660252571,0.3121459484100342,0.7113066911697388,-0.04377456381917,0.3274407982826233,0.7115940451622009,-0.041334059089422226,0.3646027743816376,0.6941792964935303,-0.0431092269718647,0.3066631555557251,0.7223522067070007,-0.05593788996338844,0.314422070980072,0.7406337857246399,-0.049632735550403595,0.32868173718452454,0.7397187948226929,-0.045648060739040375,0.367978572845459,0.728145182132721,-0.0489482656121254,0.31326812505722046,0.7521852850914001,-0.06007694453001022,0.3185059726238251,0.7678506374359131,-0.05338231101632118,0.330678254365921,0.7700265645980835,-0.04911980405449867,0.37092325091362,0.7605782151222229,-0.054275285452604294,0.32830116152763367,0.77995365858078,-0.06399216502904892,0.3079971671104431,0.7932535409927368,-0.06554114073514938,0.29389989376068115,0.8010250926017761,-0.06689056009054184
0.40944913029670715,0.7571888566017151,-2.2493578910598444e-07,0.39410147070884705,0.7167526483535767,-0.0002745529927778989,0.3702962398529053,0.6659963726997375,-0.008607587777078152,0.3659926652908325,0.6239476203918457,-0.01744527369737625,0.37776947021484375,0.5954381823539734,-0.026698999106884003,0.3631923794746399,0.6677244305610657,-0.034263528883457184,0.3110015094280243,0.6888203620910645,-0.04435696080327034,0.3173259496688843,0.709746241569519,-0.041470881551504135,0.3326078951358795,0.7098705172538757,-0.03910752013325691,0.36848360300064087,0.6947060227394104,-0.041125260293483734,0.3119277060031891,0.7212024927139282,-0.05365186557173729,0.31885862350463867,0.7385267019271851,-0.04745274782180786,0.3329356014728546,0.7360700368881226,-0.043486759066581726,0.37161192297935486,0.7279443144798279,-0.04697241261601448,0.31773999333381653,0.7490111589431763,-0.057981789112091064,0.32258856296539307,0.7640211582183838,-0.05182821676135063,0.3345961272716522,0.7655911445617676,-0.047873955219984055,0.374155730009079,0.7592483162879944,-0.05232037231326103,0.33440476655960083,0.77732253074646,-0.06235634535551071,0.3143320381641388,0.7902729511260986,-0.06476101279258728,0.30023646354675293,0.7973554134368896,-0.06672213971614838
0.40858978033065796,0.7580229043960571,-2.2430066337619792e-07,0.3937578499317169,0.718259871006012,-1.7969621694646776e-05,0.3717314898967743,0.667989194393158,-0.007707123178988695,0.36720988154411316,0.6267473697662354,-0.015729811042547226,0.3778558671474457,0.596906840801239,-0.024431262165308,0.3624504804611206,0.6685329079627991,-0.033593546599149704,0.3107758164405823,0.6886308193206787,-0.04268557205796242,0.3156639635562897,0.7100551128387451,-0.03976011648774147,0.3295780122280121,0.7111229300498962,-0.03756728768348694,0.3670179843902588,0.6961532831192017,-0.040486086159944534,0.3120500147342682,0.7202209830284119,-0.05241607502102852,0.31673526763916016,0.7381647825241089,-0.0473422035574913,0.32980990409851074,0.7386607527732849,-0.044338956475257874,0.37000250816345215,0.7294253706932068,-0.0461428202688694,0.31833866238594055,0.7502280473709106,-0.05699630081653595,0.31912118196487427,0.7660852074623108,-0.05197838321328163,0.32831239700317383,0.769490122795105,-0.048888590186834335,0.37236273288726807,0.7612491846084595,-0.05112602189183235,0.3319132626056671,0.778838038444519,-0.06040731444954872,0.3117045760154724,0.7910319566726685,-0.06214898079633713,0.29804712533950806,0.7973870635032654,-0.06373700499534607
0.41007786989212036,0.7602655291557312,-2.132606340410348e-07,0.39414316415786743,0.7197539210319519,-0.0005425728159025311,0.37094008922576904,0.6689140796661377,-0.00875474326312542,0.36627036333084106,0.6273288726806641,-0.017414376139640808,0.3775884509086609,0.5981876850128174,-0.02642030268907547,0.36157044768333435,0.6714633703231812,-0.03248365595936775,0.3105621039867401,0.6926742196083069,-0.042109765112400055,0.3174285888671875,0.7129751443862915,-0.039309773594141006,0.3326145112514496,0.7128391861915588,-0.0369575135409832,0.3658514618873596,0.6988864541053772,-0.03905943036079407,0.311320960521698,0.7248900532722473,-0.05129433423280716,0.3191024959087372,0.7416623830795288,-0.04589076340198517,0.33316296339035034,0.7393831610679626,-0.04229237139225006,0.36868390440940857,0.7320848107337952,-0.044604282826185226,0.3165275454521179,0.7537182569503784,-0.05538206920027733,0.32210031151771545,0.7687567472457886,-0.04973326623439789,0.3340419828891754,0.7700244784355164,-0.045963581651449203,0.37127190828323364,0.7635033130645752,-0.04964670166373253,0.3317423164844513,0.7827948927879333,-0.05887206271290779,0.31217002868652344,0.795939564704895,-0.06073779985308647,0.2979874908924103,0.802579939365387,-0.062246471643447876
0.40878501534461975,0.7597147822380066,-2.1284594708959048e-07,0.39328664541244507,0.7193878889083862,-0.0002605621994007379,0.37064990401268005,0.6692551374435425,-0.00807522889226675,0.3658040761947632,0.628287672996521,-0.016356125473976135,0.3760617971420288,0.5984916090965271,-0.024998843669891357,0.36152398586273193,0.6718171834945679,-0.03212903067469597,0.3100242018699646,0.6936482787132263,-0.041968028992414474,0.3167474567890167,0.7135031223297119,-0.0397009402513504,0.331533819437027,0.7127635478973389,-0.03769389167428017,0.36586418747901917,0.6996994614601135,-0.03890867903828621,0.3103220462799072,0.7259438633918762,-0.0512198843061924,0.317962646484375,0.7421284914016724,-0.046044159680604935,0.33210301399230957,0.7399876117706299,-0.04267408698797226,0.36856648325920105,0.7329239845275879,-0.04467660188674927,0.3161992132663727,0.7544878125190735,-0.05573312193155289,0.32120731472969055,0.7692647576332092,-0.05002325773239136,0.3328527510166168,0.7708362936973572,-0.046160779893398285,0.3709815740585327,0.764311671257019,-0.049918513745069504,0.3311445116996765,0.7827723622322083,-0.059377480298280716,0.3114234507083893,0.7955482006072998,-0.06106812506914139,0.2974468171596527,0.8024293780326843,-0.06238950416445732
0.40585342049598694,0.7604110240936279,-2.1962550533771719e-07,0.3904912769794464,0.7195589542388916,-0.0004455061862245202,0.3677971363067627,0.6693464517593384,-0.008445868268609047,0.36296042799949646,0.6281407475471497,-0.016766423359513283,0.37423473596572876,0.5979630351066589,-0.025323547422885895,0.3590275049209595,0.6725807785987854,-0.03315748646855354,0.3074066638946533,0.6948848962783813,-0.04250013083219528,0.31521204113960266,0.7144371271133423,-0.03943544626235962,0.33028215169906616,0.7133058309555054,-0.03700558841228485,0.364173024892807,0.7004108428955078,-0.03983025252819061,0.30779731273651123,0.7276313900947571,-0.052077457308769226,0.316464900970459,0.7431873679161072,-0.04658016934990883,0.3315802216529846,0.7412222027778625,-0.042974911630153656,0.3674371838569641,0.733753502368927,-0.04537362605333328,0.3146052062511444,0.7574114203453064,-0.05612696707248688,0.3199036121368408,0.7715717554092407,-0.05022209882736206,0.3316388428211212,0.7725064158439636,-0.046328652650117874,0.37001508474349976,0.765049934387207,-0.050387028604745865,0.32965531945228577,0.7843489646911621,-0.05942894518375397,0.3101033568382263,0.7972314357757568,-0.06087762862443924,0.2961752712726593,0.8042324781417847,-0.06215380132198334
0.40913981199264526,0.7615313529968262,-2.282385054286351e-07,0.3929619789123535,0.7213274240493774,-0.00036487317993305624,0.3688760995864868,0.6712916493415833,-0.00829631183296442,0.3622155785560608,0.6300678253173828,-0.01666628196835518,0.37206077575683594,0.5994740724563599,-0.025182530283927917,0.36048370599746704,0.6731765866279602,-0.0324627049267292,0.30833831429481506,0.6957955956459045,-0.04185944423079491,0.3158924877643585,0.7160674333572388,-0.038650915026664734,0.3312656581401825,0.7153969407081604,-0.036064181476831436,0.36468544602394104,0.7003662586212158,-0.03905132785439491,0.30872952938079834,0.7284325361251831,-0.05107514560222626,0.3180089592933655,0.7446630597114563,-0.0452994778752327,0.3328414261341095,0.7417281270027161,-0.04154760763049126,0.3673079013824463,0.7335450053215027,-0.04458075761795044,0.3142223656177521,0.7571895122528076,-0.055124931037425995,0.3217189311981201,0.7714542150497437,-0.04888192191720009,0.3347333073616028,0.7718427777290344,-0.04489949345588684,0.3696480691432953,0.765116810798645,-0.04964276775717735,0.3299671709537506,0.7852526903152466,-0.059130363166332245,0.3102787733078003,0.7990431189537048,-0.06110874190926552,0.29558250308036804,0.8066193461418152,-0.06273247301578522
0.4076402187347412,0.7602554559707642,-2.114044974632634e-07,0.3912917673587799,0.7192332148551941,-0.00012462904851417989,0.3679426312446594,0.6693785786628723,-0.008240439929068089,0.36228251457214355,0.6286652684211731,-0.016841264441609383,0.37214183807373047,0.5987635254859924,-0.025782357901334763,0.3583412766456604,0.6742274165153503,-0.03267128765583038,0.30670514702796936,0.6988043189048767,-0.04185696318745613,0.3131110966205597,0.7175194621086121,-0.038937415927648544,0.32713836431503296,0.7164389491081238,-0.036768246442079544,0.36297085881233215,0.7014744281768799,-0.039586395025253296,0.3064683973789215,0.731304407119751,-0.05149698629975319,0.316811740398407,0.7454374432563782,-0.04570365697145462,0.3326248824596405,0.741661787033081,-0.04205749183893204,0.3660508692264557,0.7344993948936462,-0.04535837844014168,0.31276506185531616,0.7595407962799072,-0.05553147569298744,0.32153382897377014,0.7718120813369751,-0.04882270097732544,0.33538731932640076,0.7710351943969727,-0.04470045119524002,0.36904749274253845,0.7660356163978577,-0.05070234090089798,0.3293526768684387,0.7865287065505981,-0.06024366244673729,0.30941322445869446,0.7996291518211365,-0.06206684187054634,0.2940482199192047,0.8068530559539795,-0.06365808844566345
0.4063257575035095,0.7601845264434814,-2.2365519214417873e-07,0.3910737633705139,0.7194194197654724,-0.0002401001111138612,0.3680945932865143,0.6693442463874817,-0.00826561264693737,0.36248892545700073,0.6286201477050781,-0.016852570697665215,0.37279942631721497,0.5993102788925171,-0.025606049224734306,0.3588854670524597,0.6715489625930786,-0.03203120082616806,0.3055807948112488,0.6941869854927063,-0.04233827441930771,0.3134094774723053,0.7125658392906189,-0.04008420184254646,0.3284534215927124,0.7108668088912964,-0.038102105259895325,0.36343422532081604,0.6987509727478027,-0.03881579637527466,0.3060881197452545,0.728334367275238,-0.051923077553510666,0.31772008538246155,0.7420473098754883,-0.046587295830249786,0.3338083326816559,0.7376026511192322,-0.0429510660469532,0.3661881685256958,0.7318907380104065,-0.04464200139045715,0.3121889531612396,0.7562536001205444,-0.05570853874087334,0.32132959365844727,0.7692056894302368,-0.049188558012247086,0.3349073529243469,0.7686432003974915,-0.04485182836651802,0.36868563294410706,0.7632007598876953,-0.05006088316440582,0.32846492528915405,0.7824331521987915,-0.05995766073465347,0.308756560087204,0.7947849631309509,-0.06196596845984459,0.2934379279613495,0.801338791847229,-0.0634639710187912
0.4067426323890686,0.7565780878067017,-2.2509904340495268e-07,0.3914235532283783,0.7154712677001953,0.000837193161714822,0.36883294582366943,0.6641146540641785,-0.00601654639467597,0.3638591766357422,0.6236861944198608,-0.013531031087040901,0.37395399808883667,0.5957729816436768,-0.021105073392391205,0.35773202776908875,0.6663710474967957,-0.029714416712522507,0.3060644865036011,0.689193844795227,-0.038789305835962296,0.31340765953063965,0.7083584070205688,-0.03545524552464485,0.3282029330730438,0.7071362733840942,-0.03260978311300278,0.3618837594985962,0.6933439373970032,-0.03661436215043068,0.30642783641815186,0.7211456298828125,-0.048447463661432266,0.31652799248695374,0.7360511422157288,-0.04215095937252045,0.3316330909729004,0.7322703003883362,-0.03773835301399231,0.3645545542240143,0.7261126041412354,-0.042518746107816696,0.3120386302471161,0.7488172650337219,-0.052934203296899796,0.31941476464271545,0.7625064849853516,-0.046069979667663574,0.3317717909812927,0.7624141573905945,-0.04130278155207634,0.36727604269981384,0.7574036121368408,-0.047905609011650085,0.3271111249923706,0.7751926779747009,-0.056990817189216614,0.3076949715614319,0.7867280840873718,-0.05830132216215134,0.2931382656097412,0.7922043800354004,-0.05916053056716919
0.4065908193588257,0.7610322833061218,-2.448482234740368e-07,0.3906635344028473,0.7202764749526978,0.001149711082689464,0.36667248606681824,0.6700935959815979,-0.005948323290795088,0.35992875695228577,0.6288268566131592,-0.01388397067785263,0.36927250027656555,0.5992423892021179,-0.021774141117930412,0.3555014729499817,0.6680425405502319,-0.029960786923766136,0.30312010645866394,0.6910466551780701,-0.04010913893580437,0.3115721344947815,0.7107380032539368,-0.037599239498376846,0.3268876373767853,0.709191083908081,-0.035299152135849,0.35995301604270935,0.694267988204956,-0.03730948641896248,0.30385950207710266,0.724127471446991,-0.04915287718176842,0.3153011202812195,0.739472508430481,-0.042426105588674545,0.33002376556396484,0.7340971231460571,-0.03810302913188934,0.36292845010757446,0.7276442646980286,-0.04377063736319542,0.3104395568370819,0.7518614530563354,-0.05347030237317085,0.32011353969573975,0.7649645805358887,-0.045438576489686966,0.3338450789451599,0.7638448476791382,-0.04047789424657822,0.3658757507801056,0.7601111531257629,-0.049866508692502975,0.3256934583187103,0.7774098515510559,-0.059056758880615234,0.3060169816017151,0.7885051965713501,-0.06045813485980034,0.29097849130630493,0.7937813401222229,-0.061615172773599625
0.4008832275867462,0.7617648839950562,-2.2651485664937354e-07,0.3851299583911896,0.7213853001594543,-0.0014701312175020576,0.3622734546661377,0.6704692244529724,-0.010024424642324448,0.3571434020996094,0.6284862756729126,-0.018938757479190826,0.36817967891693115,0.598705530166626,-0.027773214504122734,0.35273057222366333,0.6716474890708923,-0.03278892859816551,0.30037060379981995,0.6944307088851929,-0.04362752288579941,0.3085217773914337,0.7143186926841736,-0.04136190935969353,0.32445868849754333,0.713506817817688,-0.03922885283827782,0.35750362277030945,0.6983412504196167,-0.03901112079620361,0.3011331260204315,0.7279762029647827,-0.052147276699543,0.3122173845767975,0.7431579232215881,-0.04636029526591301,0.3274522125720978,0.7380177974700928,-0.04250813275575638,0.3606119453907013,0.7309373021125793,-0.044482674449682236,0.3075115978717804,0.7548671364784241,-0.0559164397418499,0.3154240846633911,0.7688143253326416,-0.049385614693164825,0.3279397785663605,0.7686606049537659,-0.044986411929130554,0.36349165439605713,0.7619273662567139,-0.04965132847428322,0.32396429777145386,0.7797025442123413,-0.059515662491321564,0.3046349287033081,0.7919200658798218,-0.06145409122109413,0.28995540738105774,0.7986031174659729,-0.06290236860513687
0.40151476860046387,0.7646546363830566,-2.3718675379313936e-07,0.38612574338912964,0.7236684560775757,0.0011932543711736798,0.36317166686058044,0.6731104254722595,-0.005766643676906824,0.35825106501579285,0.6325713396072388,-0.01366739347577095,0.3678637742996216,0.6036682724952698,-0.021894028410315514,0.35233601927757263,0.6729394793510437,-0.028913630172610283,0.3002129793167114,0.6954413056373596,-0.038586921989917755,0.306858628988266,0.7150094509124756,-0.0363617017865181,0.3215009272098541,0.7140616178512573,-0.034335389733314514,0.3560953140258789,0.6995991468429565,-0.036274075508117676,0.29957956075668335,0.7267698645591736,-0.047905609011650085,0.30969226360321045,0.742740273475647,-0.042203377932310104,0.3248247802257538,0.739788830280304,-0.038438111543655396,0.35878902673721313,0.732697069644928,-0.0426599383354187,0.3056276738643646,0.7552631497383118,-0.05267432704567909,0.31419023871421814,0.7693724632263184,-0.04594792053103447,0.3274213969707489,0.7696031928062439,-0.041591107845306396,0.36150991916656494,0.7647618055343628,-0.04857329651713371,0.32082387804985046,0.7818848490715027,-0.057749852538108826,0.3013981580734253,0.7940077185630798,-0.059208087623119354,0.2867218852043152,0.8001465201377869,-0.06031518056988716
0.40227895975112915,0.7638316750526428,-2.2386527120943356e-07,0.3875353932380676,0.7238335013389587,-4.519430149230175e-05,0.3658792972564697,0.6727789044380188,-0.007200330030173063,0.3615400493144989,0.6323078274726868,-0.014885962940752506,0.37219759821891785,0.602966845035553,-0.02267923392355442,0.35581791400909424,0.6719790697097778,-0.029062487185001373,0.3043002486228943,0.6937108039855957,-0.03878730535507202,0.3108285367488861,0.7131080031394958,-0.03657121956348419,0.3257867693901062,0.7133564949035645,-0.03446672856807709,0.3595629632472992,0.6985290050506592,-0.035633549094200134,0.3022969961166382,0.7247622609138489,-0.047541823238134384,0.31144043803215027,0.7418519854545593,-0.04235563427209854,0.32649388909339905,0.7405869364738464,-0.0388358049094677,0.36194276809692383,0.7310698628425598,-0.04136737436056137,0.3090710937976837,0.7525147795677185,-0.05226399004459381,0.31496191024780273,0.7686260342597961,-0.04662936180830002,0.3263857960700989,0.7711560726165771,-0.04271961748600006,0.36435046792030334,0.7625128030776978,-0.046611469238996506,0.3250887095928192,0.778037428855896,-0.056044235825538635,0.30527639389038086,0.7897792458534241,-0.05794421583414078,0.29016005992889404,0.7957815527915955,-0.05931762233376503
0.4050907492637634,0.7652533054351807,-2.1320440168892674e-07,0.390407919883728,0.7245173454284668,0.0008504980360157788,0.36805206537246704,0.6737012267112732,-0.005803182255476713,0.3644394874572754,0.6337623596191406,-0.01326524093747139,0.3757539689540863,0.606296956539154,-0.02116202749311924,0.35762467980384827,0.674964427947998,-0.026721956208348274,0.3084723651409149,0.6936750411987305,-0.03545272350311279,0.3137419819831848,0.7121191024780273,-0.03351912647485733,0.3279690742492676,0.7123839855194092,-0.03178996220231056,0.36106330156326294,0.7013803720474243,-0.033614631742239,0.3060971200466156,0.7246232032775879,-0.044050104916095734,0.3134007155895233,0.740443766117096,-0.03935518488287926,0.327767938375473,0.7393741607666016,-0.03638972342014313,0.36347419023513794,0.7334264516830444,-0.03957564756274223,0.3121834993362427,0.7537497878074646,-0.048596419394016266,0.3176622688770294,0.7677558660507202,-0.043169885873794556,0.32941773533821106,0.7689435482025146,-0.039802610874176025,0.3659907877445221,0.764188826084137,-0.045089200139045715,0.326593816280365,0.7797612547874451,-0.05303383991122246,0.30652374029159546,0.7907037138938904,-0.054418355226516724,0.2918205261230469,0.7955777645111084,-0.05569462105631828
0.4042387902736664,0.7635498046875,-2.2796687915160874e-07,0.38946104049682617,0.7232068181037903,0.0005106718745082617,0.36807912588119507,0.6729090213775635,-0.006313752382993698,0.3641557991504669,0.6333932876586914,-0.013861934654414654,0.3749297261238098,0.60514235496521,-0.021604573354125023,0.35731616616249084,0.6729048490524292,-0.027744947001338005,0.3069166839122772,0.6940515637397766,-0.03679587319493294,0.31321194767951965,0.7133933305740356,-0.03433883935213089,0.328486829996109,0.7146647572517395,-0.03209928795695305,0.3613908290863037,0.6984465718269348,-0.03452623635530472,0.30550384521484375,0.7247874736785889,-0.04575548693537712,0.31487077474594116,0.7405436635017395,-0.04077298939228058,0.3300175666809082,0.7387871146202087,-0.03755507245659828,0.36436447501182556,0.7300947308540344,-0.040395867079496384,0.3119995892047882,0.752103328704834,-0.050409965217113495,0.3186594843864441,0.7671124339103699,-0.04469641298055649,0.3305102288722992,0.7688122987747192,-0.04099078103899956,0.3673495054244995,0.7611557245254517,-0.04578414931893349,0.32737571001052856,0.7768231630325317,-0.05466094985604286,0.3079037666320801,0.7882910966873169,-0.05620883032679558,0.29332730174064636,0.7941128611564636,-0.05744999274611473
0.40363141894340515,0.7660586833953857,-2.2235286678551347e-07,0.38869553804397583,0.7254084944725037,5.077764581074007e-05,0.36628323793411255,0.6744261980056763,-0.00698020588606596,0.3617980182170868,0.6342288851737976,-0.014657259918749332,0.3726307451725006,0.6069239377975464,-0.022534100338816643,0.35647183656692505,0.6768867373466492,-0.028750857338309288,0.3050881028175354,0.6976549029350281,-0.0383274145424366,0.3117533028125763,0.7163744568824768,-0.03636041656136513,0.3271089196205139,0.7162894606590271,-0.03450872749090195,0.3602146506309509,0.7030349969863892,-0.03532015532255173,0.3039369285106659,0.7288102507591248,-0.04700171947479248,0.31364506483078003,0.7441462278366089,-0.04203137382864952,0.32921406626701355,0.7416663765907288,-0.03876921162009239,0.3627281188964844,0.7349919080734253,-0.04101722687482834,0.309954434633255,0.7561692595481873,-0.05134277418255806,0.3177858591079712,0.7708436250686646,-0.04551055282354355,0.3308080732822418,0.772182285785675,-0.041629642248153687,0.3652235269546509,0.7659650444984436,-0.046311795711517334,0.3256840109825134,0.7822190523147583,-0.055442292243242264,0.30619290471076965,0.7941098809242249,-0.057209745049476624,0.291535884141922,0.8002477288246155,-0.05860031396150589
0.405965656042099,0.7665124535560608,-2.389932092228264e-07,0.39080148935317993,0.7260896563529968,0.000529862882103771,0.3678894340991974,0.6756875514984131,-0.006388593465089798,0.36298251152038574,0.6356991529464722,-0.014084210619330406,0.3736237585544586,0.6077121496200562,-0.021791893988847733,0.35775426030158997,0.6759289503097534,-0.028442328795790672,0.30547627806663513,0.6974071264266968,-0.03855966031551361,0.3133072853088379,0.7168710231781006,-0.036550022661685944,0.3296915888786316,0.7165719866752625,-0.03443356975913048,0.3616276979446411,0.7017661929130554,-0.035204045474529266,0.3051224946975708,0.7287359237670898,-0.04708462581038475,0.3160758316516876,0.7447940707206726,-0.04158159717917442,0.33171746134757996,0.7415590286254883,-0.03783160448074341,0.3642323315143585,0.7338921427726746,-0.041151948273181915,0.3115558922290802,0.7559174299240112,-0.05151783674955368,0.32116320729255676,0.770048975944519,-0.04506301134824753,0.3350878655910492,0.7700400948524475,-0.0406871922314167,0.36685535311698914,0.7651530504226685,-0.04666966199874878,0.32673755288124084,0.7803274393081665,-0.055884137749671936,0.30754613876342773,0.7918245196342468,-0.05735836550593376,0.29313141107559204,0.7978554368019104,-0.05838116630911827
0.4038580358028412,0.7661921977996826,-2.437952559830592e-07,0.3890129625797272,0.7250990271568298,0.0008685032371431589,0.3667004406452179,0.6758168339729309,-0.00619554053992033,0.3617393374443054,0.6359306573867798,-0.014175938442349434,0.37182873487472534,0.607807457447052,-0.022336866706609726,0.3564993441104889,0.6758373975753784,-0.028863556683063507,0.3037530183792114,0.6966988444328308,-0.03908934444189072,0.31110116839408875,0.715977132320404,-0.03717374429106712,0.32703423500061035,0.7161539793014526,-0.03512192890048027,0.3605543076992035,0.7017927765846252,-0.035956840962171555,0.3038904070854187,0.7281799912452698,-0.047856904566287994,0.3144158720970154,0.7444743514060974,-0.04237186908721924,0.3296860158443451,0.7417929768562317,-0.03871620446443558,0.36323752999305725,0.7339996695518494,-0.042150627821683884,0.31073760986328125,0.7559435963630676,-0.051986176520586014,0.32026249170303345,0.7697791457176208,-0.045030657202005386,0.33407673239707947,0.7695988416671753,-0.04057743400335312,0.3658672273159027,0.7653771042823792,-0.047957584261894226,0.32594728469848633,0.7810944318771362,-0.056893374770879745,0.30653640627861023,0.7918218374252319,-0.058156050741672516,0.29174068570137024,0.7969622015953064,-0.05916835367679596
0.4019823670387268,0.7654494047164917,-2.4170745405172056e-07,0.3874145746231079,0.7251346111297607,0.000380708952434361,0.3657975494861603,0.6760104298591614,-0.0065681771375238895,0.36068210005760193,0.6365439295768738,-0.014238277450203896,0.3708699643611908,0.6081218123435974,-0.021950386464595795,0.35563865303993225,0.6754477620124817,-0.02845069207251072,0.3034334182739258,0.6964759230613708,-0.039174944162368774,0.3104842007160187,0.7156841158866882,-0.037581026554107666,0.3263825476169586,0.7164731621742249,-0.035635754466056824,0.35960933566093445,0.7011459469795227,-0.03522978350520134,0.3026868999004364,0.7280673980712891,-0.047900013625621796,0.31300830841064453,0.7446264624595642,-0.04292873665690422,0.32821911573410034,0.7423904538154602,-0.03941512480378151,0.36232990026474,0.7328822612762451,-0.041279375553131104,0.31001484394073486,0.7550247311592102,-0.05262413248419762,0.3178853988647461,0.769824743270874,-0.04675927385687828,0.33018866181373596,0.7706372737884521,-0.04260449483990669,0.36506032943725586,0.7635825872421265,-0.046839457005262375,0.32604554295539856,0.7786707282066345,-0.05667406693100929,0.30664870142936707,0.7900570034980774,-0.05852344259619713,0.29167652130126953,0.7959423065185547,-0.05975507199764252
0.4033912420272827,0.7648826837539673,-2.607146143418504e-07,0.3883732259273529,0.7247198224067688,0.001531505724415183,0.365714967250824,0.6757332682609558,-0.004872276913374662,0.3597160875797272,0.636074960231781,-0.012286377139389515,0.3695679008960724,0.6073755621910095,-0.019658999517560005,0.3548682928085327,0.672400176525116,-0.027293512597680092,0.3021850287914276,0.6935314536094666,-0.0379156731069088,0.30979791283607483,0.7137194871902466,-0.036275461316108704,0.3260672390460968,0.7140225172042847,-0.03423130884766579,0.3587745428085327,0.6977178454399109,-0.03449161723256111,0.30206605792045593,0.7253086566925049,-0.04694432392716408,0.31326115131378174,0.7416074275970459,-0.04150543361902237,0.3287540078163147,0.7382165193557739,-0.03768216818571091,0.36106398701667786,0.7297512888908386,-0.04088614135980606,0.30865779519081116,0.7520304918289185,-0.0512823611497879,0.31883037090301514,0.765880823135376,-0.0444021038711071,0.33272895216941833,0.7655363082885742,-0.03977369889616966,0.3634669780731201,0.7611920237541199,-0.046830810606479645,0.323604017496109,0.7758391499519348,-0.05606447160243988,0.3040612041950226,0.7855503559112549,-0.057598214596509933,0.2886996269226074,0.7900089025497437,-0.058642107993364334
0.4021725058555603,0.7637497186660767,-2.581787725830509e-07,0.3876132071018219,0.7239922285079956,0.0007358760922215879,0.365716814994812,0.674948513507843,-0.005271284841001034,0.3599599003791809,0.6356032490730286,-0.012131752446293831,0.3703613579273224,0.606772780418396,-0.01871418207883835,0.3549206554889679,0.6710457801818848,-0.025893529877066612,0.3031555116176605,0.6920098066329956,-0.03671734035015106,0.31195980310440063,0.7115204930305481,-0.03573213145136833,0.32818204164505005,0.7110334634780884,-0.0342172347009182,0.3586494028568268,0.6960204243659973,-0.03243032470345497,0.30297350883483887,0.7231756448745728,-0.04496306926012039,0.31498634815216064,0.7390416860580444,-0.04006856307387352,0.3303201198577881,0.7353526949882507,-0.03661810979247093,0.3606857359409332,0.7278014421463013,-0.038405850529670715,0.30988720059394836,0.7494048476219177,-0.04934927821159363,0.3204732835292816,0.7631559371948242,-0.04310818761587143,0.3341023325920105,0.7628471851348877,-0.038716986775398254,0.36277472972869873,0.7589318156242371,-0.044007886201143265,0.3248172700405121,0.7724396586418152,-0.05380458012223244,0.30512937903404236,0.7818849086761475,-0.05595092847943306,0.288891464471817,0.7863641977310181,-0.057318706065416336
0.4041236639022827,0.7622429132461548,-2.5490564325991727e-07,0.3892799913883209,0.7225703001022339,0.0007486515096388757,0.3666982650756836,0.6725534200668335,-0.005294088274240494,0.3607804775238037,0.633064329624176,-0.012173769995570183,0.37113887071609497,0.6044971942901611,-0.01868584379553795,0.35596057772636414,0.6684319376945496,-0.02642728015780449,0.30380505323410034,0.691180944442749,-0.03773843124508858,0.31282880902290344,0.709972620010376,-0.036897167563438416,0.3292815387248993,0.7084764838218689,-0.035459794104099274,0.36007654666900635,0.6938141584396362,-0.033154405653476715,0.3033900856971741,0.722427248954773,-0.04621211811900139,0.3157844543457031,0.737690269947052,-0.041102223098278046,0.3313634693622589,0.732979953289032,-0.03741724416613579,0.3624270558357239,0.7258628010749817,-0.03936557099223137,0.3105003237724304,0.7485376596450806,-0.05072805657982826,0.32157909870147705,0.7619066834449768,-0.04405738785862923,0.335805207490921,0.7609111070632935,-0.03928307443857193,0.3649774193763733,0.7571346759796143,-0.04523323476314545,0.3260604441165924,0.7707260847091675,-0.05549412593245506,0.30605506896972656,0.7799291610717773,-0.057709529995918274,0.2899111807346344,0.7842572331428528,-0.05904587358236313
0.40200015902519226,0.7629637122154236,-2.6408815756440163e-07,0.3872140347957611,0.722020149230957,0.0024141769390553236,0.3646216094493866,0.6730398535728455,-0.0035299353767186403,0.3587765693664551,0.6337098479270935,-0.010752270929515362,0.3688950538635254,0.6065090894699097,-0.01827886700630188,0.35299402475357056,0.6699951887130737,-0.02592574432492256,0.3007199168205261,0.689701497554779,-0.03596339747309685,0.30678680539131165,0.710569441318512,-0.03473477065563202,0.3220357298851013,0.7119787931442261,-0.033113762736320496,0.356155127286911,0.6955493688583374,-0.03345376253128052,0.300634503364563,0.7207440733909607,-0.044773075729608536,0.3096895217895508,0.7387446165084839,-0.03972936049103737,0.3240840435028076,0.7376127243041992,-0.03647429123520851,0.35804569721221924,0.7278087735176086,-0.04009012505412102,0.3076132535934448,0.7496812343597412,-0.049428604543209076,0.3169558048248291,0.7637879252433777,-0.043229516595602036,0.3308853805065155,0.7641139030456543,-0.039403464645147324,0.35989102721214294,0.7596986293792725,-0.04622093215584755,0.32013627886772156,0.774929404258728,-0.05473984777927399,0.29906320571899414,0.7850021719932556,-0.05653718113899231,0.28248342871665955,0.7893452644348145,-0.05809003859758377
0.40086984634399414,0.7628474831581116,-2.775261975784815e-07,0.3855343163013458,0.7221505045890808,0.0024705042596906424,0.36253514885902405,0.6730766296386719,-0.0028058274183422327,0.3566356599330902,0.6338555812835693,-0.009444481693208218,0.3665541410446167,0.6056067943572998,-0.0161216389387846,0.35039666295051575,0.6683692336082458,-0.023212844505906105,0.2984652817249298,0.6885015368461609,-0.03320303559303284,0.30547213554382324,0.7095396518707275,-0.032133761793375015,0.32122597098350525,0.710564374923706,-0.030506081879138947,0.3535378575325012,0.6928291916847229,-0.030496567487716675,0.29815608263015747,0.7194043397903442,-0.04179097339510918,0.3083488643169403,0.7370617985725403,-0.03698386624455452,0.32316988706588745,0.7348580360412598,-0.0336511991918087,0.35539892315864563,0.724197268486023,-0.03712668642401695,0.3050415515899658,0.7468430995941162,-0.046748049557209015,0.3151322305202484,0.7610538005828857,-0.040891699492931366,0.32872045040130615,0.7606562972068787,-0.036988548934459686,0.3574996888637543,0.7555663585662842,-0.04329046607017517,0.3187997341156006,0.7706862092018127,-0.051690347492694855,0.29827576875686646,0.7805600166320801,-0.05355159565806389,0.2815462052822113,0.7847301959991455,-0.054996613413095474
0.3988003730773926,0.764586865901947,-2.763767668056971e-07,0.3838261067867279,0.7237140536308289,0.002455023117363453,0.3612014651298523,0.6748299598693848,-0.00303650158457458,0.3550567328929901,0.6354649066925049,-0.009925810620188713,0.3645343780517578,0.6079873442649841,-0.016971291974186897,0.34924423694610596,0.6703107357025146,-0.023482859134674072,0.2972152531147003,0.6916126608848572,-0.03417649120092392,0.3042573630809784,0.7124838829040527,-0.03369450569152832,0.3198752999305725,0.7127991318702698,-0.03233208507299423,0.352507084608078,0.6952022314071655,-0.03076785057783127,0.2968641519546509,0.7213634252548218,-0.04249691590666771,0.3059787154197693,0.7395886182785034,-0.03785930573940277,0.32018545269966125,0.7379693984985352,-0.03456002473831177,0.3543895483016968,0.7269352078437805,-0.03739723190665245,0.30351534485816956,0.749318540096283,-0.04720757156610489,0.3119494318962097,0.7645793557167053,-0.04119400680065155,0.32483670115470886,0.7652207016944885,-0.03708712384104729,0.3562740683555603,0.75851970911026,-0.04355209693312645,0.3168034851551056,0.7739392518997192,-0.05191263183951378,0.29569125175476074,0.7838819026947021,-0.05358443409204483,0.2790103554725647,0.7879220247268677,-0.054822612553834915
0.3965674340724945,0.7654225826263428,-2.526271032365912e-07,0.3810345530509949,0.7258191108703613,0.0008237685542553663,0.3580838143825531,0.676289975643158,-0.005801246501505375,0.3519306778907776,0.6369714736938477,-0.013307031244039536,0.36168715357780457,0.6090098023414612,-0.020752860233187675,0.3472990095615387,0.6739060878753662,-0.02792683243751526,0.2944662272930145,0.6971123814582825,-0.03907829895615578,0.3022027313709259,0.716999351978302,-0.037700094282627106,0.31797218322753906,0.716270387172699,-0.03586098551750183,0.3514713644981384,0.6993973851203918,-0.035101521760225296,0.29376375675201416,0.7284828424453735,-0.04848479852080345,0.3049527108669281,0.7445328831672668,-0.04346850514411926,0.320722371339798,0.7411060333251953,-0.03968970850110054,0.35437992215156555,0.7317196130752563,-0.04153691232204437,0.3011091947555542,0.7556288838386536,-0.052872154861688614,0.3109108507633209,0.7699896097183228,-0.0461316779255867,0.324878454208374,0.7693563103675842,-0.04127293452620506,0.3575575053691864,0.7634986639022827,-0.04758444055914879,0.3175807297229767,0.7778956294059753,-0.05730148032307625,0.2982345521450043,0.7878479957580566,-0.05876671150326729,0.2835421860218048,0.7921922206878662,-0.059620294719934464
0.39455562829971313,0.7661906480789185,-2.5224818500646506e-07,0.37968873977661133,0.7263758778572083,0.00024221734202001244,0.35743632912635803,0.6777921915054321,-0.006423797458410263,0.3513563573360443,0.6389099955558777,-0.01379452459514141,0.3615013062953949,0.6114139556884766,-0.021152028813958168,0.34548330307006836,0.6777318120002747,-0.028069274500012398,0.2927512526512146,0.6988795399665833,-0.038897402584552765,0.30054304003715515,0.7183748483657837,-0.03745391219854355,0.31692513823509216,0.7186862230300903,-0.03550656512379646,0.34945398569107056,0.7031770944595337,-0.034567732363939285,0.29276567697525024,0.729534387588501,-0.04734277352690697,0.3029107451438904,0.7459936738014221,-0.042592838406562805,0.318208247423172,0.7443241477012634,-0.03910963237285614,0.35250553488731384,0.7347837686538696,-0.0403049997985363,0.3002985417842865,0.7575491070747375,-0.05114363878965378,0.3086715638637543,0.7723735570907593,-0.04503506422042847,0.32168257236480713,0.7731943726539612,-0.04070964828133583,0.355589359998703,0.7655831575393677,-0.045654259622097015,0.31556209921836853,0.7807111144065857,-0.05489303171634674,0.29602089524269104,0.7914212942123413,-0.056413862854242325,0.28130006790161133,0.7969739437103271,-0.05740076303482056
0.3962591290473938,0.7666420340538025,-2.487103643034061e-07,0.3809886574745178,0.7254396080970764,0.001556476578116417,0.35773202776908875,0.6772327423095703,-0.004353462252765894,0.35210418701171875,0.6388679146766663,-0.011432279832661152,0.362370103597641,0.6119221448898315,-0.01834985241293907,0.3451930284500122,0.6768628358840942,-0.024592280387878418,0.2932678759098053,0.698993444442749,-0.035274308174848557,0.302316278219223,0.717241108417511,-0.034455541521310806,0.31902071833610535,0.7158713340759277,-0.03295467793941498,0.3492858111858368,0.701911449432373,-0.03157871589064598,0.29429399967193604,0.7305508852005005,-0.043827686458826065,0.3061293363571167,0.7441455721855164,-0.03923477977514267,0.3213077485561371,0.7388966679573059,-0.03592388704419136,0.3519953489303589,0.7336755394935608,-0.037966396659612656,0.30138087272644043,0.7572389245033264,-0.04821206256747246,0.3123337924480438,0.7687711715698242,-0.042169589549303055,0.3261983394622803,0.766488254070282,-0.03799331188201904,0.3546481430530548,0.7650676369667053,-0.04398263618350029,0.31610560417175293,0.7806403636932373,-0.053105566650629044,0.2964414954185486,0.7905403971672058,-0.05507039651274681,0.28054553270339966,0.7953218221664429,-0.056414034217596054
0.39584559202194214,0.7643558979034424,-2.3695773165854916e-07,0.38078200817108154,0.7236396670341492,0.0013793003745377064,0.3577885925769806,0.6746584177017212,-0.004498100373893976,0.35222938656806946,0.6354517340660095,-0.011373549699783325,0.3630900979042053,0.6086306571960449,-0.01835845410823822,0.34620288014411926,0.6750986576080322,-0.025317106395959854,0.29570627212524414,0.6963460445404053,-0.0349566675722599,0.30363744497299194,0.714241623878479,-0.03350050374865532,0.31874939799308777,0.7129204869270325,-0.03179509565234184,0.34965091943740845,0.7004187107086182,-0.032090924680233,0.2952304780483246,0.7265700101852417,-0.04331693798303604,0.30524763464927673,0.741179347038269,-0.038522832095623016,0.3197064697742462,0.7381942272186279,-0.035286951810121536,0.35193419456481934,0.7318569421768188,-0.03809236362576485,0.3022107183933258,0.754340648651123,-0.047311220318078995,0.31058579683303833,0.7674672603607178,-0.041506972163915634,0.32277339696884155,0.76755291223526,-0.037785448133945465,0.35417991876602173,0.7624788880348206,-0.04373469576239586,0.3167407810688019,0.7786625623703003,-0.051713746041059494,0.29718735814094543,0.7887393236160278,-0.05348227173089981,0.2813389003276825,0.7934185266494751,-0.054982975125312805
0.3947368562221527,0.7642842531204224,-2.425785226023436e-07,0.37955033779144287,0.7253844738006592,0.0005001902463845909,0.3566242754459381,0.676775336265564,-0.005761770065873861,0.35113415122032166,0.6379693150520325,-0.012706190347671509,0.3610861003398895,0.6106171607971191,-0.019607026129961014,0.3456825613975525,0.6766955852508545,-0.026927080005407333,0.2939785122871399,0.6985424160957336,-0.03669564425945282,0.30108803510665894,0.717158317565918,-0.03461470082402229,0.3168452978134155,0.7172912955284119,-0.03233960643410683,0.34988972544670105,0.7011092305183411,-0.033351123332977295,0.2938269078731537,0.7289969325065613,-0.045175861567258835,0.3038928508758545,0.7445377707481384,-0.040278442203998566,0.3189387619495392,0.7421994209289551,-0.03678329288959503,0.3529837429523468,0.7320972681045532,-0.03898100182414055,0.3011997640132904,0.7560922503471375,-0.04905715584754944,0.310100793838501,0.7699999809265137,-0.043184150010347366,0.32321175932884216,0.7700064182281494,-0.03917912393808365,0.35592108964920044,0.7629133462905884,-0.04421263933181763,0.316994845867157,0.7791839838027954,-0.05301952734589577,0.2979705035686493,0.790142834186554,-0.05472743883728981,0.28334951400756836,0.7956004738807678,-0.05596504360437393
0.3958378732204437,0.7657977938652039,-2.4725849812057277e-07,0.38036322593688965,0.7255868911743164,0.0015759154921397567,0.3569130599498749,0.6774342656135559,-0.004139459691941738,0.35071220993995667,0.6393768787384033,-0.010824905708432198,0.3607351779937744,0.6129997372627258,-0.017663631588220596,0.3455328941345215,0.6780545115470886,-0.025788869708776474,0.29419854283332825,0.700534999370575,-0.035303179174661636,0.30137860774993896,0.7186848521232605,-0.03334354609251022,0.3168620467185974,0.7180228233337402,-0.031238311901688576,0.34972870349884033,0.7028292417526245,-0.032723210752010345,0.2943374216556549,0.730385959148407,-0.04412142559885979,0.30371227860450745,0.7455516457557678,-0.03915479779243469,0.3184571862220764,0.7431712746620178,-0.035673871636390686,0.35318100452423096,0.7339022159576416,-0.03878967836499214,0.3016037046909332,0.7575904726982117,-0.04849506542086601,0.30922695994377136,0.7715801000595093,-0.0425984226167202,0.3215721547603607,0.7719942927360535,-0.038647376000881195,0.3566913604736328,0.7644574642181396,-0.04439910128712654,0.3176155984401703,0.7810987234115601,-0.05313704162836075,0.2982770800590515,0.7922068238258362,-0.054831311106681824,0.28370457887649536,0.7977727055549622,-0.05604151636362076
0.39509668946266174,0.7658337354660034,-2.3979757202141627e-07,0.37978553771972656,0.7256360054016113,0.001547433901578188,0.356584370136261,0.6772815585136414,-0.0044393702410161495,0.35049766302108765,0.6391167044639587,-0.01137034222483635,0.3603888750076294,0.6129149794578552,-0.018450524657964706,0.34593769907951355,0.6772388219833374,-0.02627405896782875,0.2938961088657379,0.7019532322883606,-0.03619920462369919,0.3016653060913086,0.7199317216873169,-0.03475590795278549,0.31738409399986267,0.7185955047607422,-0.03291838616132736,0.350374311208725,0.7021958231925964,-0.03320211172103882,0.2944117486476898,0.7318158149719238,-0.04449303448200226,0.304315447807312,0.7463959455490112,-0.039458971470594406,0.31935474276542664,0.7432759404182434,-0.036093369126319885,0.35329192876815796,0.7336104512214661,-0.039267972111701965,0.3016308546066284,0.7580922842025757,-0.048574842512607574,0.30973607301712036,0.7716877460479736,-0.04224596917629242,0.32252660393714905,0.7718680500984192,-0.038116443902254105,0.3559650182723999,0.7646215558052063,-0.044924430549144745,0.31653672456741333,0.7818434834480286,-0.05289021506905556,0.2978823781013489,0.7922981977462769,-0.05396827310323715,0.2840954661369324,0.797353982925415,-0.05482690408825874
0.39481499791145325,0.7660773396492004,-2.4164012302207993e-07,0.37937498092651367,0.7260844111442566,0.0013176616048440337,0.3563043475151062,0.6777861714363098,-0.0050170933827757835,0.3504848778247833,0.6393942832946777,-0.012135696597397327,0.360116183757782,0.6125627160072327,-0.019358044490218163,0.34565046429634094,0.6780587434768677,-0.0277570653706789,0.29355475306510925,0.7026730179786682,-0.037260983139276505,0.30123642086982727,0.7209783792495728,-0.034966159611940384,0.31704452633857727,0.7200301289558411,-0.03267442807555199,0.3503662645816803,0.7029449939727783,-0.03475414589047432,0.29369860887527466,0.7318717837333679,-0.04619791358709335,0.30386072397232056,0.7469133734703064,-0.04079620912671089,0.31918656826019287,0.7444935441017151,-0.03715909272432327,0.35376614332199097,0.7342022061347961,-0.0407756008207798,0.3015719950199127,0.7584146857261658,-0.050286661833524704,0.3103816509246826,0.7720481157302856,-0.04374344274401665,0.323565810918808,0.7722669243812561,-0.039512842893600464,0.35703879594802856,0.7648890614509583,-0.04635016620159149,0.31738168001174927,0.7814310193061829,-0.05488703399896622,0.29833027720451355,0.7925339937210083,-0.0561613067984581,0.2839002013206482,0.7984504103660583,-0.05717923864722252
0.39532843232154846,0.7655038237571716,-2.444794517941773e-07,0.3795967102050781,0.7263078093528748,0.0011445182608440518,0.35649922490119934,0.6780558228492737,-0.005035066977143288,0.3503884971141815,0.6398483514785767,-0.012017952278256416,0.3594891428947449,0.6122719645500183,-0.01902138441801071,0.345747172832489,0.6777231097221375,-0.027083374559879303,0.29403388500213623,0.7025429010391235,-0.0369582399725914,0.30121996998786926,0.7211884260177612,-0.034838996827602386,0.31705033779144287,0.7208659052848816,-0.03249957039952278,0.35038191080093384,0.7024090886116028,-0.03399372100830078,0.2940799593925476,0.7323519587516785,-0.045808881521224976,0.3043230473995209,0.7478041052818298,-0.04050816223025322,0.31959497928619385,0.7451429963111877,-0.036802589893341064,0.35390862822532654,0.7335906028747559,-0.04007517918944359,0.30199742317199707,0.7585811614990234,-0.0504562184214592,0.3109932541847229,0.7724410891532898,-0.04422607645392418,0.3242323100566864,0.7723247408866882,-0.039935193955898285,0.3573980927467346,0.7644177675247192,-0.04566201567649841,0.31791484355926514,0.7807815074920654,-0.054714541882276535,0.2992551326751709,0.792258620262146,-0.05606433376669884,0.2852301001548767,0.7983415126800537,-0.056981392204761505
0.3933855891227722,0.7642946243286133,-2.3212631106162007e-07,0.378242552280426,0.7245462536811829,0.001020480296574533,0.35505223274230957,0.6764979362487793,-0.005498009733855724,0.349394828081131,0.6384003162384033,-0.012801995500922203,0.3587399125099182,0.6113162636756897,-0.020186640322208405,0.344906747341156,0.6771433353424072,-0.027866417542099953,0.293622225522995,0.7030908465385437,-0.03828942030668259,0.30155935883522034,0.7205209136009216,-0.036850325763225555,0.3173214793205261,0.7187787294387817,-0.03505615144968033,0.3497979938983917,0.7024229764938354,-0.0348174013197422,0.2939952313899994,0.7326797842979431,-0.04706312343478203,0.30506306886672974,0.7468830347061157,-0.04203977435827255,0.32019898295402527,0.7432466149330139,-0.03855498135089874,0.35341453552246094,0.7339141964912415,-0.04090205579996109,0.30171388387680054,0.7591877579689026,-0.05125126987695694,0.3112258315086365,0.7721698880195618,-0.044658347964286804,0.32439547777175903,0.7715989947319031,-0.040131669491529465,0.35697025060653687,0.7647624611854553,-0.04655179753899574,0.31769859790802,0.7808983325958252,-0.05543125048279762,0.29912352561950684,0.7912198305130005,-0.05652894824743271,0.2848755121231079,0.7961376309394836,-0.057291533797979355
0.3941084146499634,0.763704240322113,-2.3526655468231183e-07,0.3787156641483307,0.7247254252433777,0.001169453258626163,0.35581517219543457,0.6771284937858582,-0.005155999679118395,0.349857896566391,0.638841450214386,-0.012259126640856266,0.3589550852775574,0.6113559007644653,-0.019534680992364883,0.34478867053985596,0.6773125529289246,-0.02689015492796898,0.29395195841789246,0.7015570402145386,-0.036356016993522644,0.30096161365509033,0.7198792695999146,-0.034330058842897415,0.3162270486354828,0.7192805409431458,-0.032214175909757614,0.34939759969711304,0.7022473812103271,-0.033796753734350204,0.2942311465740204,0.7308234572410583,-0.045254193246364594,0.3037549555301666,0.7463943958282471,-0.04039854556322098,0.3184202313423157,0.7443551421165466,-0.03709833323955536,0.35291579365730286,0.7333838939666748,-0.039780568331480026,0.30180269479751587,0.7577338814735413,-0.04984816536307335,0.30906933546066284,0.7719495892524719,-0.0441146157681942,0.3208722472190857,0.7725706100463867,-0.040236275643110275,0.35638073086738586,0.7639293074607849,-0.04522138833999634,0.317158043384552,0.7811473608016968,-0.05368316173553467,0.29844963550567627,0.792424738407135,-0.054865285754203796,0.2842528820037842,0.7979555130004883,-0.05577746778726578
0.394551157951355,0.7673883438110352,-2.5223724264833436e-07,0.3791251480579376,0.7268975973129272,0.0016202101251110435,0.3574450612068176,0.6775996685028076,-0.004143176134675741,0.3520558178424835,0.6383415460586548,-0.0108463354408741,0.361983060836792,0.6114534735679626,-0.01773211546242237,0.3435326814651489,0.6768651008605957,-0.025078173726797104,0.2929455637931824,0.7005395293235779,-0.03372792899608612,0.29938092827796936,0.719865083694458,-0.03140542656183243,0.3141247034072876,0.7206279635429382,-0.029199594631791115,0.34737253189086914,0.7013800144195557,-0.031724315136671066,0.2917523980140686,0.7302740216255188,-0.042013514786958694,0.30171170830726624,0.7470819354057312,-0.036586109548807144,0.31597933173179626,0.7452856302261353,-0.033094339072704315,0.35030287504196167,0.7321847677230835,-0.037497371435165405,0.2991369068622589,0.7558565139770508,-0.04655323550105095,0.30862298607826233,0.7698458433151245,-0.040525954216718674,0.3217809796333313,0.7705099582672119,-0.03672055900096893,0.3532496392726898,0.7631479501724243,-0.042809437960386276,0.31462109088897705,0.779513955116272,-0.05148787796497345,0.29389238357543945,0.7903603911399841,-0.0536053329706192,0.27679771184921265,0.7958731055259705,-0.055276982486248016
0.3915110230445862,0.7639220952987671,-2.46171907747339e-07,0.37711837887763977,0.7233642935752869,0.0016124473186209798,0.3559524118900299,0.6751188635826111,-0.003943929448723793,0.35056138038635254,0.6360214948654175,-0.010296408087015152,0.36050379276275635,0.6088329553604126,-0.016710171476006508,0.34077826142311096,0.6732290983200073,-0.02476857788860798,0.2911962568759918,0.6954942941665649,-0.03243519738316536,0.29712074995040894,0.7141256928443909,-0.029281575232744217,0.31115907430648804,0.7149491906166077,-0.026705075055360794,0.3440534174442291,0.696980893611908,-0.031190991401672363,0.2892155647277832,0.725029706954956,-0.04067127779126167,0.2991335093975067,0.7412005662918091,-0.03475886955857277,0.31329846382141113,0.7389549016952515,-0.030987534672021866,0.34657537937164307,0.7273676991462708,-0.03668380156159401,0.2964136004447937,0.7511027455329895,-0.04500928521156311,0.3049578070640564,0.7647814154624939,-0.038827333599328995,0.3170746862888336,0.7653509378433228,-0.035125650465488434,0.34921202063560486,0.7585207223892212,-0.04174598678946495,0.31183183193206787,0.7747100591659546,-0.050224315375089645,0.29129427671432495,0.7849422693252563,-0.05246462672948837,0.27395620942115784,0.790016770362854,-0.05430039390921593
0.3920838534832001,0.7655341625213623,-2.442048128159513e-07,0.3768995404243469,0.7253380417823792,0.0008195235277526081,0.3552567958831787,0.6768198013305664,-0.005500650964677334,0.3496834337711334,0.6370794177055359,-0.012576980516314507,0.3600103259086609,0.6096584796905518,-0.019526531919836998,0.34041112661361694,0.6770188808441162,-0.02643514983355999,0.2891576290130615,0.700267493724823,-0.03532934933900833,0.2965722680091858,0.7191471457481384,-0.03268676623702049,0.3119310736656189,0.7191173434257507,-0.030257396399974823,0.34395289421081543,0.7010279893875122,-0.03279290348291397,0.2885698080062866,0.7305780053138733,-0.04336382448673248,0.29967132210731506,0.7462164759635925,-0.037420034408569336,0.3142216205596924,0.742848813533783,-0.03357294946908951,0.34677574038505554,0.731680154800415,-0.038350995630025864,0.29656627774238586,0.7568557262420654,-0.04727662354707718,0.30617478489875793,0.7701390981674194,-0.04065496847033501,0.3188167214393616,0.7699694633483887,-0.03657984733581543,0.3497401177883148,0.7629085779190063,-0.04358791559934616,0.31171905994415283,0.7794977426528931,-0.05204549431800842,0.2913839519023895,0.7898958325386047,-0.05396861582994461,0.27425938844680786,0.7952393293380737,-0.05558978393673897
0.3922046720981598,0.7661324739456177,-2.570646131516696e-07,0.3771190345287323,0.7262986898422241,0.0017429651925340295,0.35583874583244324,0.6779031753540039,-0.003714580088853836,0.3502598702907562,0.6383427977561951,-0.010083306580781937,0.3601759374141693,0.6109833717346191,-0.0163323525339365,0.3388754427433014,0.6756860613822937,-0.02437533810734749,0.288479745388031,0.6994157433509827,-0.03213127329945564,0.2963847219944,0.7178918719291687,-0.0290107149630785,0.3115032911300659,0.717715322971344,-0.026476524770259857,0.3422560691833496,0.6993906497955322,-0.030883144587278366,0.28776490688323975,0.7298698425292969,-0.040690913796424866,0.2995895445346832,0.7451874017715454,-0.034686729311943054,0.3140310049057007,0.7419649958610535,-0.03084377758204937,0.3450929820537567,0.7298946380615234,-0.036515578627586365,0.29502353072166443,0.7555606365203857,-0.0450831800699234,0.3048541843891144,0.768593430519104,-0.03875301778316498,0.31749776005744934,0.7685924768447876,-0.03492531180381775,0.34814006090164185,0.7615508437156677,-0.04173201695084572,0.3094787001609802,0.7783982157707214,-0.0505472868680954,0.28840741515159607,0.7890824675559998,-0.05296747758984566,0.2705104351043701,0.7948979735374451,-0.05488947778940201
0.39112389087677,0.76717209815979,-2.5125140723503137e-07,0.37650781869888306,0.7271311283111572,0.0013797993306070566,0.3553653955459595,0.6777112483978271,-0.004082612227648497,0.34963923692703247,0.6382167339324951,-0.010349515825510025,0.3596763610839844,0.6107614636421204,-0.016495635733008385,0.33891040086746216,0.6758033037185669,-0.024459654465317726,0.28799718618392944,0.6994584798812866,-0.032331131398677826,0.2950631082057953,0.718476414680481,-0.0291232168674469,0.3100418150424957,0.7191677093505859,-0.026404310017824173,0.341797798871994,0.6995738744735718,-0.03089255653321743,0.2864360809326172,0.7298755049705505,-0.04097419232130051,0.29795074462890625,0.7454299926757812,-0.03525437414646149,0.3126215636730194,0.7423783540725708,-0.03142348304390907,0.3441535532474518,0.730225145816803,-0.036477360874414444,0.2936062812805176,0.7562804818153381,-0.04533379524946213,0.3035966753959656,0.769381046295166,-0.03923002630472183,0.3162665367126465,0.7687894105911255,-0.03538377955555916,0.3467768132686615,0.7621869444847107,-0.04165354371070862,0.3082759380340576,0.7789530158042908,-0.050348345190286636,0.2878858745098114,0.7897731065750122,-0.052554767578840256,0.27042675018310547,0.7951003313064575,-0.054256077855825424
0.3898766040802002,0.7660690546035767,-2.5438006900913024e-07,0.3754430413246155,0.7257540822029114,0.0013044573133811355,0.35448941588401794,0.6770071387290955,-0.0040375045500695705,0.3492056131362915,0.638232946395874,-0.010189359076321125,0.35911470651626587,0.6113041043281555,-0.016212940216064453,0.3378780484199524,0.6764295697212219,-0.02438787743449211,0.2872871458530426,0.6993366479873657,-0.03245291858911514,0.29466527700424194,0.7181856632232666,-0.02946322038769722,0.3099857568740845,0.7190715670585632,-0.026866527274250984,0.34068790078163147,0.7004083395004272,-0.03067397139966488,0.28619611263275146,0.7304206490516663,-0.0409233421087265,0.2981853187084198,0.7454843521118164,-0.035370875149965286,0.31289780139923096,0.7420641183853149,-0.031668778508901596,0.343191534280777,0.731005072593689,-0.036152493208646774,0.2931482493877411,0.7564769387245178,-0.04541642218828201,0.30384474992752075,0.7690612077713013,-0.03956735134124756,0.3168470561504364,0.7680845856666565,-0.03581025078892708,0.3459925055503845,0.7625991702079773,-0.041178278625011444,0.30752140283584595,0.7790361642837524,-0.050403155386447906,0.28707191348075867,0.7898576259613037,-0.052931807935237885,0.26955321431159973,0.7953264713287354,-0.054798152297735214
0.38999539613723755,0.76680588722229,-2.6056031288135273e-07,0.37536901235580444,0.7259277105331421,0.0018545127240940928,0.354717493057251,0.6772419214248657,-0.0032562981359660625,0.3493695855140686,0.63850998878479,-0.009334061294794083,0.3589553236961365,0.6112346053123474,-0.015204151161015034,0.3372702896595001,0.6751073002815247,-0.023117175325751305,0.28689080476760864,0.699692964553833,-0.030937300994992256,0.2945723235607147,0.7185683250427246,-0.027824943885207176,0.3099827766418457,0.7194202542304993,-0.02516178973019123,0.339978963136673,0.6988570690155029,-0.029613396152853966,0.2858026325702667,0.7305678129196167,-0.03973609581589699,0.29844099283218384,0.74586421251297,-0.03410664200782776,0.31315284967422485,0.7422512173652649,-0.030291087925434113,0.34239357709884644,0.729438066482544,-0.03532810136675835,0.2923985421657562,0.7560836672782898,-0.04457807168364525,0.3037450313568115,0.7686079740524292,-0.03862074762582779,0.31696608662605286,0.7674078345298767,-0.03474946320056915,0.3452531099319458,0.7614476680755615,-0.04056531563401222,0.30705729126930237,0.7788019180297852,-0.04994388669729233,0.28646570444107056,0.7900710701942444,-0.052611906081438065,0.2684963643550873,0.7958565950393677,-0.05452176555991173
0.38975900411605835,0.7673993110656738,-2.6495416705074604e-07,0.37534308433532715,0.7262929081916809,0.0019856204744428396,0.3547196388244629,0.6783526539802551,-0.0033389029558748007,0.34891563653945923,0.6395223736763,-0.00959325022995472,0.35883334279060364,0.6113704442977905,-0.015606816858053207,0.33694612979888916,0.675528883934021,-0.023900898173451424,0.28622087836265564,0.7010583281517029,-0.03173081949353218,0.2946150302886963,0.7193629741668701,-0.028667254373431206,0.3101021647453308,0.7197558879852295,-0.0261242613196373,0.3396749496459961,0.6992565393447876,-0.030405497178435326,0.2854059338569641,0.7319080233573914,-0.040232591331005096,0.29852601885795593,0.7464792728424072,-0.03423192352056503,0.31303054094314575,0.7424379587173462,-0.030471572652459145,0.34185144305229187,0.7298293709754944,-0.036084454506635666,0.291806161403656,0.7564207911491394,-0.04502813518047333,0.30341145396232605,0.768394410610199,-0.038747258484363556,0.3168365955352783,0.7674614191055298,-0.03494839370250702,0.3444313704967499,0.7619688510894775,-0.041278596967458725,0.3055358827114105,0.7779108285903931,-0.0508747324347496,0.28441983461380005,0.7890276908874512,-0.05363287404179573,0.26611626148223877,0.7955145835876465,-0.05570860579609871
0.3901262879371643,0.7681052684783936,-2.5886686216836097e-07,0.3754456043243408,0.7266983389854431,0.0021339894738048315,0.35457172989845276,0.6786412000656128,-0.0032019768841564655,0.34861287474632263,0.639784038066864,-0.009602061472833157,0.3580051064491272,0.6114976406097412,-0.015736956149339676,0.33611682057380676,0.6756734848022461,-0.022677680477499962,0.2858199179172516,0.7014023065567017,-0.03068268671631813,0.294104665517807,0.719512403011322,-0.027988387271761894,0.309352308511734,0.7194038033485413,-0.025616174563765526,0.3386988639831543,0.699708878993988,-0.02938566729426384,0.2848531901836395,0.7324560880661011,-0.03936823830008507,0.2978346347808838,0.74665766954422,-0.033755987882614136,0.31218889355659485,0.7420052289962769,-0.030136922374367714,0.34093111753463745,0.7303628921508789,-0.03533130884170532,0.2908645570278168,0.7569342255592346,-0.04442141577601433,0.3022432327270508,0.7687097191810608,-0.03820929303765297,0.3154313266277313,0.7670754194259644,-0.03428855910897255,0.3437884747982025,0.7623862624168396,-0.04081938788294792,0.30517446994781494,0.7789023518562317,-0.049957502633333206,0.2842763662338257,0.7897441983222961,-0.05233105644583702,0.26614660024642944,0.7955771088600159,-0.05407879501581192
0.3917959928512573,0.7695857882499695,-2.59159861570879e-07,0.37679022550582886,0.7288008332252502,0.0021511325612664223,0.35575512051582336,0.6799841523170471,-0.003131553065031767,0.34965354204177856,0.6399665474891663,-0.009532161988317966,0.3591996729373932,0.6114792823791504,-0.01582486554980278,0.3373928964138031,0.6761229634284973,-0.02220037952065468,0.2867463529109955,0.7011014819145203,-0.030101386830210686,0.29419007897377014,0.7199954986572266,-0.027749693021178246,0.3090358078479767,0.7202069759368896,-0.025625869631767273,0.33991485834121704,0.7000942826271057,-0.028821658343076706,0.28540825843811035,0.7315282225608826,-0.038259200751781464,0.2973261773586273,0.7473319172859192,-0.03263119235634804,0.3114432990550995,0.7439299821853638,-0.02907826565206051,0.34190624952316284,0.7308168411254883,-0.03469490259885788,0.29160377383232117,0.7565319538116455,-0.04331770911812782,0.30192309617996216,0.7696893215179443,-0.03726698085665703,0.314736545085907,0.7694987058639526,-0.033533498644828796,0.34420573711395264,0.7631334066390991,-0.040115222334861755,0.30550065636634827,0.7785301804542542,-0.04860055446624756,0.28454816341400146,0.789465069770813,-0.050742726773023605,0.26658979058265686,0.7956292629241943,-0.052451156079769135
0.39196914434432983,0.7689400315284729,-2.5721035967762873e-07,0.37800097465515137,0.7267998456954956,0.0020959859248250723,0.3580700159072876,0.6760980486869812,-0.002361482474952936,0.35129833221435547,0.6363314986228943,-0.007805916480720043,0.3612911105155945,0.6089472770690918,-0.013375888578593731,0.3355458378791809,0.6742072105407715,-0.02028535306453705,0.28498026728630066,0.696147084236145,-0.026793912053108215,0.2902391254901886,0.7164013981819153,-0.024244200438261032,0.3031415045261383,0.7189756631851196,-0.022467080503702164,0.33587053418159485,0.6994273662567139,-0.02683548629283905,0.2820613384246826,0.7261765003204346,-0.036154236644506454,0.2936806380748749,0.7440518140792847,-0.031430210918188095,0.30833500623703003,0.7438650131225586,-0.028229638934135437,0.33673080801963806,0.731393039226532,-0.03255130350589752,0.286022812128067,0.7535719275474548,-0.04185662418603897,0.29702097177505493,0.7677894830703735,-0.036678265780210495,0.31098857522010803,0.7685763239860535,-0.03313598036766052,0.3379875421524048,0.7643949389457703,-0.03768272325396538,0.29715919494628906,0.7797573804855347,-0.047786954790353775,0.2747701406478882,0.7914844751358032,-0.050995662808418274,0.2551744878292084,0.7972235679626465,-0.05318500101566315
0.3868638873100281,0.769708514213562,-2.8529387918752036e-07,0.37061595916748047,0.7267504930496216,0.0027187757659703493,0.35133659839630127,0.6796759366989136,-0.002379998564720154,0.34555408358573914,0.6413912177085876,-0.008660887368023396,0.3541635274887085,0.6122410893440247,-0.015391112305223942,0.32573866844177246,0.677772045135498,-0.020717250183224678,0.2755088806152344,0.7012659907341003,-0.028032397851347923,0.2802868187427521,0.7228425741195679,-0.027109984308481216,0.29264047741889954,0.7271460890769958,-0.026582852005958557,0.3266885578632355,0.7035027146339417,-0.027299469336867332,0.27714353799819946,0.734107494354248,-0.036682818084955215,0.2907378673553467,0.7511072158813477,-0.03331921994686127,0.30562737584114075,0.7498350143432617,-0.03189805895090103,0.3288347125053406,0.7351725697517395,-0.03288991004228592,0.2830064296722412,0.7614578008651733,-0.04200836271047592,0.296251118183136,0.7738243341445923,-0.03786846622824669,0.31069445610046387,0.7731282711029053,-0.035702064633369446,0.3313438594341278,0.7673325538635254,-0.03778183087706566,0.29156234860420227,0.7836669683456421,-0.04813085496425629,0.26948028802871704,0.7964848875999451,-0.05180131271481514,0.24930860102176666,0.8033573627471924,-0.054720230400562286
0.3869984447956085,0.7705821990966797,-2.985643448027986e-07,0.3701048791408539,0.727739691734314,0.003177705919370055,0.3504273295402527,0.6822443008422852,-0.002329406561329961,0.3445562720298767,0.6446455717086792,-0.009000160731375217,0.3533540964126587,0.6149110794067383,-0.016125759109854698,0.32573020458221436,0.6770099997520447,-0.021995851770043373,0.27442529797554016,0.6980000138282776,-0.02883060649037361,0.2764124572277069,0.7223000526428223,-0.027423180639743805,0.2874132990837097,0.7300692200660706,-0.026677438989281654,0.32634010910987854,0.7022748589515686,-0.02897304855287075,0.27582910656929016,0.7325512170791626,-0.037534814327955246,0.2869423031806946,0.751280665397644,-0.03369889780879021,0.30060523748397827,0.7518789768218994,-0.032401345670223236,0.32821545004844666,0.7342135310173035,-0.03476833924651146,0.2814692258834839,0.7601834535598755,-0.04313419759273529,0.29265785217285156,0.7735437154769897,-0.03876570612192154,0.30620482563972473,0.7744532823562622,-0.03684508427977562,0.33064770698547363,0.7670009732246399,-0.039808738976716995,0.28881385922431946,0.781139612197876,-0.049680277705192566,0.2648763656616211,0.792373538017273,-0.053029876202344894,0.24372711777687073,0.7986083030700684,-0.05591553822159767
0.38335999846458435,0.7727774381637573,-3.0893818347976776e-07,0.3653278946876526,0.7312129139900208,0.004760820418596268,0.3444632887840271,0.6870898604393005,0.0008318964391946793,0.33872634172439575,0.650785505771637,-0.004766158759593964,0.3489540219306946,0.6229302883148193,-0.010738606564700603,0.3194960355758667,0.6803023815155029,-0.016700804233551025,0.27094408869743347,0.7035019993782043,-0.022775566205382347,0.2747657597064972,0.7278174757957458,-0.021630028262734413,0.2863262891769409,0.7338608503341675,-0.02113277092576027,0.3203337788581848,0.704933226108551,-0.024339046329259872,0.27222225069999695,0.7377724647521973,-0.03236204385757446,0.2833899259567261,0.7557269334793091,-0.02920050360262394,0.29643046855926514,0.7552706003189087,-0.02819470316171646,0.32299792766571045,0.7363614439964294,-0.030945589765906334,0.27773410081863403,0.7650036811828613,-0.03922980651259422,0.2873668670654297,0.7789769768714905,-0.03597921505570412,0.29892289638519287,0.7796037793159485,-0.03455647826194763,0.3264988362789154,0.7688692212104797,-0.03668734431266785,0.285005122423172,0.7834225296974182,-0.04636457562446594,0.26162809133529663,0.794911801815033,-0.04989110305905342,0.24085013568401337,0.8012049794197083,-0.05273524671792984
0.38184478878974915,0.7739613056182861,-3.0748913104616804e-07,0.3635790944099426,0.7314545512199402,0.005002832040190697,0.3428126573562622,0.688674807548523,0.0009839561535045505,0.33645138144493103,0.6534613966941833,-0.00489000603556633,0.34728682041168213,0.6255326271057129,-0.01075977273285389,0.3169862926006317,0.6815935373306274,-0.01589958928525448,0.26852646470069885,0.7057042121887207,-0.0224823709577322,0.27512505650520325,0.7275261878967285,-0.021403806284070015,0.2879678010940552,0.7313678860664368,-0.020739009603857994,0.31787925958633423,0.7065171003341675,-0.023838359862565994,0.27104413509368896,0.7395003437995911,-0.03251856192946434,0.2853893041610718,0.754959762096405,-0.02920091524720192,0.2992326319217682,0.7527142763137817,-0.027898220345377922,0.3201555013656616,0.7381527423858643,-0.030830563977360725,0.276369571685791,0.7668988108634949,-0.0393032506108284,0.2904989421367645,0.7785859704017639,-0.03501850366592407,0.3042546212673187,0.7769421935081482,-0.03280693292617798,0.3231889605522156,0.7707935571670532,-0.03704550862312317,0.2821030914783478,0.7849516272544861,-0.046583425253629684,0.2590480446815491,0.7963552474975586,-0.04950534179806709,0.23747935891151428,0.802685558795929,-0.05189424380660057
0.38366568088531494,0.7755269408226013,-3.193505051513057e-07,0.36495673656463623,0.7327933311462402,0.006155433598905802,0.3440632224082947,0.6896135807037354,0.0025733881630003452,0.33755818009376526,0.6538586020469666,-0.0030521643348038197,0.3485647737979889,0.6253030896186829,-0.00911998562514782,0.31816720962524414,0.681252121925354,-0.01469497662037611,0.27052971720695496,0.7055895924568176,-0.019924789667129517,0.2730591595172882,0.7292984127998352,-0.01867877133190632,0.28280550241470337,0.7358974814414978,-0.01842365227639675,0.31883469223976135,0.7051606178283691,-0.023096714168787003,0.27185675501823425,0.740617036819458,-0.030350634828209877,0.28547027707099915,0.7572806477546692,-0.026915617287158966,0.29946425557136536,0.7563601136207581,-0.026087939739227295,0.32107973098754883,0.736503541469574,-0.03036821261048317,0.2774865925312042,0.767311692237854,-0.03774851933121681,0.2917275130748749,0.778933048248291,-0.0335780493915081,0.3060007393360138,0.7777131795883179,-0.03205128759145737,0.324387788772583,0.7694495916366577,-0.036781128495931625,0.2830599546432495,0.7850159406661987,-0.046299777925014496,0.2603747248649597,0.7978235483169556,-0.04943426698446274,0.23931822180747986,0.805633008480072,-0.05227142944931984
0.38244545459747314,0.7766668796539307,-3.1270357681023597e-07,0.3639596402645111,0.7348117232322693,0.004903243388980627,0.3434946537017822,0.6910671591758728,0.001063740812242031,0.3376057744026184,0.6552199721336365,-0.004498527850955725,0.34842491149902344,0.6263103485107422,-0.010397693142294884,0.3186051845550537,0.6828101277351379,-0.015560119412839413,0.27123525738716125,0.7077024579048157,-0.021376043558120728,0.2745641767978668,0.731332004070282,-0.02056083083152771,0.28461161255836487,0.7374454736709595,-0.020440367981791496,0.3188369870185852,0.7071055173873901,-0.023178324103355408,0.2721673250198364,0.7420874238014221,-0.031127817928791046,0.28516530990600586,0.7587999701499939,-0.028393974527716637,0.29843664169311523,0.7584580779075623,-0.027840476483106613,0.3205568492412567,0.7385294437408447,-0.02975315973162651,0.27670013904571533,0.7691043615341187,-0.03786554932594299,0.29014211893081665,0.7814547419548035,-0.03456180915236473,0.3035350441932678,0.7810397148132324,-0.033280596137046814,0.32316574454307556,0.7713339924812317,-0.03548932820558548,0.2816406488418579,0.7874971032142639,-0.045294616371393204,0.25871047377586365,0.7999635934829712,-0.048873040825128555,0.23701582849025726,0.8071097135543823,-0.05183970928192139
0.3832385838031769,0.7754596471786499,-3.106895860582881e-07,0.36491331458091736,0.7331833839416504,0.005024373531341553,0.3450685441493988,0.6899665594100952,0.0008314503356814384,0.33929651975631714,0.6542283296585083,-0.005112139508128166,0.34938138723373413,0.625285804271698,-0.011355873197317123,0.318552166223526,0.6819864511489868,-0.01653520204126835,0.2714511752128601,0.707345187664032,-0.021948624402284622,0.27432191371917725,0.7309914827346802,-0.020246805623173714,0.2836540937423706,0.737609326839447,-0.019580107182264328,0.3190854787826538,0.7061632871627808,-0.02452864497900009,0.2723630964756012,0.742219090461731,-0.03245530650019646,0.2857701778411865,0.7584453225135803,-0.029087858274579048,0.2991992235183716,0.7577273845672607,-0.02818852663040161,0.32129234075546265,0.7375017404556274,-0.031386855989694595,0.276876837015152,0.7686033844947815,-0.03944358602166176,0.29070183634757996,0.7805989384651184,-0.035281457006931305,0.30426985025405884,0.780056893825531,-0.03356524929404259,0.32451608777046204,0.7703253626823425,-0.037427645176649094,0.2823141813278198,0.7862692475318909,-0.04737047106027603,0.2594754099845886,0.7984286546707153,-0.05053910240530968,0.23797856271266937,0.8056622743606567,-0.05324295908212662
0.3833334743976593,0.7754469513893127,-3.000841388711706e-07,0.3654763400554657,0.7330883145332336,0.005053401459008455,0.34523719549179077,0.6900291442871094,0.00048199284356087446,0.33950141072273254,0.6542974710464478,-0.005948913283646107,0.3486563563346863,0.6255207657814026,-0.013091376051306725,0.31900641322135925,0.6822102069854736,-0.01613885909318924,0.2721239924430847,0.7065301537513733,-0.022029614076018333,0.2697486877441406,0.7318398356437683,-0.021694455295801163,0.2751609683036804,0.7417421340942383,-0.022099101915955544,0.31949514150619507,0.7065114378929138,-0.024130165576934814,0.27283304929733276,0.7421443462371826,-0.03182460367679596,0.28503626585006714,0.7586742639541626,-0.028923457488417625,0.2983365058898926,0.7587965726852417,-0.028556156903505325,0.32176312804222107,0.737867534160614,-0.030995022505521774,0.27738678455352783,0.7681330442428589,-0.03865287825465202,0.2900415062904358,0.7803118228912354,-0.034464284777641296,0.3031316101551056,0.7807248830795288,-0.03291834145784378,0.3252790868282318,0.7705671787261963,-0.037085846066474915,0.2838870584964752,0.787236750125885,-0.04633336141705513,0.2612467110157013,0.7989922761917114,-0.04897964000701904,0.24003612995147705,0.8061931133270264,-0.051481958478689194
0.38278815150260925,0.7750762104988098,-3.0658847549602797e-07,0.36472252011299133,0.7329672574996948,0.005403310991823673,0.34473299980163574,0.6902381181716919,0.0014063745038583875,0.33876970410346985,0.6549134254455566,-0.004515331704169512,0.3483740985393524,0.6262155175209045,-0.010856413282454014,0.31850653886795044,0.6822229623794556,-0.015267187729477882,0.2720697522163391,0.707656741142273,-0.020598342642188072,0.2746976613998413,0.7311555743217468,-0.01906450279057026,0.2839934229850769,0.7372000813484192,-0.01852916181087494,0.3191518187522888,0.7064698338508606,-0.023331979289650917,0.2723875343799591,0.7422663569450378,-0.031078342348337173,0.28464651107788086,0.7590711116790771,-0.02772652730345726,0.2977825701236725,0.7585123777389526,-0.026706701144576073,0.32137876749038696,0.7377666234970093,-0.03030352294445038,0.2766129970550537,0.7682425379753113,-0.038161393254995346,0.28908810019493103,0.7812078595161438,-0.03407403081655502,0.3021225035190582,0.7811846137046814,-0.03229985758662224,0.32481056451797485,0.7703372240066528,-0.03646183758974075,0.28377765417099,0.7872846722602844,-0.04627431556582451,0.2612164318561554,0.7996876239776611,-0.04954603686928749,0.24020761251449585,0.8066631555557251,-0.05222570523619652
0.3831142783164978,0.7747373580932617,-3.0093522696006403e-07,0.36507558822631836,0.7324727773666382,0.005090330261737108,0.3449808657169342,0.6893354654312134,0.0011647965293377638,0.3392830491065979,0.6538001894950867,-0.004627820570021868,0.3489343822002411,0.6246819496154785,-0.01096380315721035,0.31830406188964844,0.6816874146461487,-0.015136528760194778,0.2723597288131714,0.7076166272163391,-0.02083037607371807,0.2735670804977417,0.7314134836196899,-0.019660012796521187,0.2817341089248657,0.7381440997123718,-0.019207468256354332,0.3186863660812378,0.7064646482467651,-0.022944815456867218,0.27246928215026855,0.7424790263175964,-0.030984554439783096,0.28367674350738525,0.7594635486602783,-0.02792358584702015,0.2961844801902771,0.7594478130340576,-0.026901595294475555,0.32107114791870117,0.7379541397094727,-0.0297181848436594,0.27631449699401855,0.7685899138450623,-0.03808165714144707,0.28726643323898315,0.7819390892982483,-0.03442511707544327,0.2992343604564667,0.7825659513473511,-0.03261443227529526,0.32478559017181396,0.7706189155578613,-0.03564738854765892,0.2836701571941376,0.7871097326278687,-0.04561581090092659,0.26107147336006165,0.7992433905601501,-0.04885924234986305,0.24025386571884155,0.8062498569488525,-0.051282767206430435
0.3839092254638672,0.7774624228477478,-3.100539061051677e-07,0.3662550449371338,0.7338621616363525,0.0046599796041846275,0.3471162021160126,0.6894886493682861,0.0002493439824320376,0.34204837679862976,0.6531277894973755,-0.005921551026403904,0.3526630997657776,0.6237332224845886,-0.012269914150238037,0.3201647996902466,0.681771993637085,-0.016926376149058342,0.27191832661628723,0.7071739435195923,-0.022455032914876938,0.2775092124938965,0.7306351065635681,-0.020442131906747818,0.288753479719162,0.7355819344520569,-0.019398583099246025,0.31999629735946655,0.7070423364639282,-0.024654755368828773,0.27281832695007324,0.7423310875892639,-0.03271405026316643,0.28682103753089905,0.7590895891189575,-0.029138851910829544,0.3005317151546478,0.7581984996795654,-0.0279140193015337,0.3214910626411438,0.7389952540397644,-0.03128152713179588,0.2769489288330078,0.7686673998832703,-0.03943345695734024,0.29148805141448975,0.7813689112663269,-0.03528409078717232,0.30578136444091797,0.7809275388717651,-0.03335469961166382,0.32416531443595886,0.7719101309776306,-0.037118300795555115,0.2827628254890442,0.7867463827133179,-0.04693055525422096,0.259784072637558,0.798821210861206,-0.05019232630729675,0.23804372549057007,0.8057496547698975,-0.05282505601644516
0.38509687781333923,0.7776768207550049,-3.123492149370577e-07,0.3671145439147949,0.7336483001708984,0.004884430207312107,0.3473743200302124,0.6890513896942139,0.00061019416898489,0.3416566252708435,0.6526539325714111,-0.0054343040101230145,0.3525818884372711,0.6234193444252014,-0.011679193936288357,0.3210977613925934,0.6816771030426025,-0.01718522049486637,0.27257809042930603,0.7056206464767456,-0.02230403758585453,0.2777126729488373,0.7293905019760132,-0.019940875470638275,0.28880906105041504,0.7350592613220215,-0.018735641613602638,0.32087281346321106,0.7070143818855286,-0.024962924420833588,0.273557186126709,0.7407541871070862,-0.032617513090372086,0.28678983449935913,0.7578797340393066,-0.028858494013547897,0.30011945962905884,0.7574189305305481,-0.027608193457126617,0.3223087787628174,0.7388356924057007,-0.03153201565146446,0.27688682079315186,0.7671490907669067,-0.039439208805561066,0.2903483211994171,0.7804304957389832,-0.03523381054401398,0.30418235063552856,0.7807518839836121,-0.033338941633701324,0.3247895836830139,0.7716298699378967,-0.037276193499565125,0.2826477289199829,0.7852784395217896,-0.046956103295087814,0.259133517742157,0.7969995737075806,-0.050092171877622604,0.23730218410491943,0.803946852684021,-0.05267079547047615
0.38336580991744995,0.7755172252655029,-3.1203992989503604e-07,0.36593005061149597,0.7322717905044556,0.005079834256321192,0.3466411828994751,0.687972903251648,0.0009706642595119774,0.34104496240615845,0.6520140767097473,-0.004809993784874678,0.3516291081905365,0.6232209205627441,-0.010893016122281551,0.32057851552963257,0.6804688572883606,-0.01724499836564064,0.2727789282798767,0.7052218914031982,-0.02196282334625721,0.27588507533073425,0.7290211319923401,-0.019476091489195824,0.28552454710006714,0.7354887127876282,-0.01831674389541149,0.3204483687877655,0.7050840854644775,-0.024975618347525597,0.2737315595149994,0.7402436137199402,-0.032156314700841904,0.28679797053337097,0.7567911148071289,-0.02822548896074295,0.3001031279563904,0.7562155723571777,-0.027135876938700676,0.32178783416748047,0.7365086674690247,-0.03143835812807083,0.27747219800949097,0.766607940196991,-0.03862923011183739,0.29130199551582336,0.7789132595062256,-0.03420866280794144,0.3052976131439209,0.778562605381012,-0.0325726754963398,0.32409927248954773,0.7693103551864624,-0.03708919137716293,0.2817896604537964,0.7848572731018066,-0.04642333462834358,0.2589508295059204,0.7966687083244324,-0.04947887733578682,0.23791536688804626,0.8034358620643616,-0.052211444824934006
0.3827119767665863,0.775032639503479,-3.1422746360476594e-07,0.3657374382019043,0.7325201034545898,0.005122394300997257,0.3465753197669983,0.688583493232727,0.001281056203879416,0.3405461013317108,0.652957022190094,-0.004120814613997936,0.35011810064315796,0.6241417527198792,-0.009830311872065067,0.32080572843551636,0.6799939870834351,-0.016920913010835648,0.2733379006385803,0.7045148015022278,-0.02161462977528572,0.27603569626808167,0.728294312953949,-0.019207710400223732,0.28526097536087036,0.7348570227622986,-0.018208881840109825,0.32054316997528076,0.7042770385742188,-0.024599995464086533,0.2737928628921509,0.7392228841781616,-0.031888581812381744,0.28615301847457886,0.7558202743530273,-0.02815731056034565,0.2990296483039856,0.7554053068161011,-0.027190733700990677,0.32186633348464966,0.735690712928772,-0.03103497065603733,0.27659717202186584,0.7652364373207092,-0.03876052796840668,0.28899848461151123,0.7782219052314758,-0.034675560891628265,0.30189788341522217,0.7785657644271851,-0.03315012529492378,0.3243550956249237,0.7685227990150452,-0.03659496083855629,0.2824154198169708,0.7840542793273926,-0.046806108206510544,0.25930455327033997,0.7956781387329102,-0.050454530864953995,0.23765313625335693,0.8020058274269104,-0.053495023399591446
0.38308635354042053,0.7740290760993958,-3.072001391046797e-07,0.3653412461280823,0.7311966419219971,0.005053670611232519,0.34585726261138916,0.6874682307243347,0.0009513227851130068,0.3405962288379669,0.6516724824905396,-0.004929214250296354,0.3502647280693054,0.6226816177368164,-0.01125362329185009,0.32004132866859436,0.6793144941329956,-0.015875887125730515,0.2730107307434082,0.7048673033714294,-0.0210544615983963,0.27502715587615967,0.7286911606788635,-0.019475756213068962,0.2839301526546478,0.7354409098625183,-0.018869539722800255,0.32008111476898193,0.703690230846405,-0.023602403700351715,0.2736041247844696,0.7391641736030579,-0.031047001481056213,0.28529590368270874,0.7558656334877014,-0.02801712229847908,0.2979564368724823,0.7560317516326904,-0.027425657957792282,0.32175034284591675,0.7349462509155273,-0.03016839735209942,0.2768726944923401,0.7649840712547302,-0.03795730695128441,0.2890246510505676,0.7778174877166748,-0.034376949071884155,0.30190202593803406,0.7783179879188538,-0.03301701694726944,0.32456308603286743,0.7675970792770386,-0.035880304872989655,0.2824075222015381,0.7834294438362122,-0.04550135135650635,0.2592630386352539,0.795337438583374,-0.04876771569252014,0.23771613836288452,0.8022140264511108,-0.05148667097091675
0.3820743262767792,0.773667573928833,-3.0328112643474014e-07,0.3651745319366455,0.7307121157646179,0.005091354250907898,0.34598806500434875,0.6868705153465271,0.0011147126788273454,0.34002891182899475,0.6514054536819458,-0.004539681598544121,0.34939587116241455,0.6231198310852051,-0.01074263732880354,0.31975802779197693,0.6793099641799927,-0.01636192761361599,0.2733142673969269,0.7040027976036072,-0.02106630802154541,0.2740088701248169,0.7284208536148071,-0.019017981365323067,0.28193721175193787,0.736259400844574,-0.018150052055716515,0.3195657432079315,0.7037802338600159,-0.023958060890436172,0.2733151614665985,0.7380481362342834,-0.030750906094908714,0.2836717665195465,0.7554876208305359,-0.02701333910226822,0.29568517208099365,0.7564648985862732,-0.025967635214328766,0.32111531496047974,0.7348890900611877,-0.030335258692502975,0.27621975541114807,0.7637249827384949,-0.03752484172582626,0.28702667355537415,0.7773184776306152,-0.033411890268325806,0.29929348826408386,0.7786277532577515,-0.03178175166249275,0.32388249039649963,0.7673566937446594,-0.03588847815990448,0.2823340892791748,0.7834852337837219,-0.04537556692957878,0.25909140706062317,0.7950953841209412,-0.048600781708955765,0.23777653276920319,0.8015360832214355,-0.051263220608234406
0.38328465819358826,0.7754340171813965,-3.194375324255816e-07,0.3658313751220703,0.7327427268028259,0.005820888560265303,0.34578779339790344,0.6889854669570923,0.00206338195130229,0.3390929698944092,0.6534197330474854,-0.0035854519810527563,0.34829556941986084,0.6250887513160706,-0.009551282972097397,0.32014888525009155,0.6794182658195496,-0.015424015000462532,0.2728809714317322,0.7038627862930298,-0.020052839070558548,0.275419145822525,0.7281247973442078,-0.01774015463888645,0.28514957427978516,0.7353619933128357,-0.01668570563197136,0.320170134305954,0.7033136487007141,-0.02351640909910202,0.2731921374797821,0.737731397151947,-0.030385999009013176,0.28544533252716064,0.7551990151405334,-0.026505624875426292,0.2983850836753845,0.7555376291275024,-0.02543063648045063,0.32150354981422424,0.7343489527702332,-0.030391676351428032,0.2763717770576477,0.7638649940490723,-0.03744658827781677,0.2895383834838867,0.777276337146759,-0.03303186967968941,0.3029762804508209,0.7779617309570312,-0.031429488211870193,0.32419031858444214,0.7671778202056885,-0.036420244723558426,0.2820453643798828,0.7828440070152283,-0.04579707980155945,0.2587732672691345,0.7946723103523254,-0.04891928285360336,0.23679637908935547,0.8013036847114563,-0.05169403925538063
0.3841739296913147,0.7754868268966675,-3.1501286912316573e-07,0.3658927083015442,0.7325282096862793,0.006131318397819996,0.3458874225616455,0.6886945962905884,0.0023727919906377792,0.33923155069351196,0.6531767845153809,-0.0034278049133718014,0.34874749183654785,0.6245880126953125,-0.009736812673509121,0.32035568356513977,0.679588794708252,-0.014772833324968815,0.27372047305107117,0.7041747570037842,-0.019228894263505936,0.2751390337944031,0.729057252407074,-0.017284074798226357,0.283589243888855,0.7367513179779053,-0.016571052372455597,0.32030969858169556,0.7037648558616638,-0.023097841069102287,0.27317818999290466,0.7378450036048889,-0.029794543981552124,0.2839418649673462,0.7561825513839722,-0.026469510048627853,0.29630547761917114,0.7577363848686218,-0.025758516043424606,0.32184910774230957,0.7347964644432068,-0.030102375894784927,0.27642473578453064,0.7644497752189636,-0.03681112080812454,0.2880595624446869,0.7787017822265625,-0.032762087881565094,0.30070963501930237,0.7800112366676331,-0.03134700655937195,0.3246549665927887,0.7675395607948303,-0.03624487668275833,0.28227686882019043,0.7830365896224976,-0.04480832815170288,0.2595851421356201,0.794348418712616,-0.04738658294081688,0.2387845814228058,0.8006694316864014,-0.04976445809006691
0.3849259912967682,0.7752285003662109,-3.2119714887812734e-07,0.3664674758911133,0.7326974868774414,0.005897765513509512,0.3459460735321045,0.6894261240959167,0.002330892253667116,0.33909478783607483,0.6540414094924927,-0.00311131589114666,0.34865421056747437,0.6252111792564392,-0.008875827305018902,0.32043981552124023,0.6791074275970459,-0.015380321070551872,0.27309316396713257,0.7048857808113098,-0.019973570480942726,0.27535873651504517,0.7294451594352722,-0.017772549763321877,0.2842090427875519,0.7363749742507935,-0.016840102151036263,0.3203863501548767,0.7030161619186401,-0.023498836904764175,0.27331066131591797,0.7386777997016907,-0.03058898262679577,0.2857417166233063,0.7561725378036499,-0.026976095512509346,0.29869768023490906,0.7564905881881714,-0.025951359421014786,0.32185935974121094,0.734219491481781,-0.030325300991535187,0.27670711278915405,0.7650283575057983,-0.037601273506879807,0.29000768065452576,0.7784813642501831,-0.033383239060640335,0.30347275733947754,0.7788106799125671,-0.03171689063310623,0.3246300518512726,0.7673328518867493,-0.03626980632543564,0.28205206990242004,0.7833893299102783,-0.04563946649432182,0.2594946026802063,0.7956910133361816,-0.04854675009846687,0.2385382354259491,0.8028538823127747,-0.05103202164173126
0.38393497467041016,0.7745180130004883,-3.218516724246001e-07,0.36546558141708374,0.7318041324615479,0.00586917856708169,0.34575584530830383,0.6890053749084473,0.0018807618180289865,0.3393399119377136,0.653814971446991,-0.003952122293412685,0.34871816635131836,0.624705970287323,-0.01013175118714571,0.3202262222766876,0.6786763072013855,-0.016276923939585686,0.27344489097595215,0.705207109451294,-0.02078581042587757,0.27583956718444824,0.7297809720039368,-0.01823786273598671,0.2846716344356537,0.7370551228523254,-0.01719225011765957,0.32049769163131714,0.7025524973869324,-0.02457267791032791,0.2735707461833954,0.7390227317810059,-0.03179720789194107,0.2856600284576416,0.756733775138855,-0.028110884130001068,0.29835617542266846,0.7575650811195374,-0.027192309498786926,0.32237768173217773,0.7338312864303589,-0.03152798116207123,0.2770082950592041,0.7653045654296875,-0.039081085473299026,0.2893926501274109,0.7796304225921631,-0.03489156812429428,0.3020612299442291,0.7809754014015198,-0.033353179693222046,0.3255455493927002,0.7668344378471375,-0.03756561502814293,0.2829931378364563,0.7834150791168213,-0.047377560287714005,0.2602231800556183,0.7958879470825195,-0.05058499053120613,0.23892000317573547,0.8031787872314453,-0.05334603786468506
0.38303327560424805,0.7745192646980286,-3.1972362535270804e-07,0.3650197982788086,0.7311540246009827,0.006457803770899773,0.34582090377807617,0.6879920363426208,0.002540872199460864,0.33963415026664734,0.6527636647224426,-0.0033046742901206017,0.34830784797668457,0.6241297125816345,-0.009893886744976044,0.3203248977661133,0.6785768866539001,-0.0161186084151268,0.27387166023254395,0.704239547252655,-0.020609930157661438,0.271831214427948,0.7299178242683411,-0.018489759415388107,0.27760282158851624,0.7398732304573059,-0.017785919830203056,0.3207398056983948,0.7025619745254517,-0.024563275277614594,0.27369222044944763,0.7388303279876709,-0.03134293854236603,0.28409576416015625,0.757286548614502,-0.02752666547894478,0.29632291197776794,0.7592254877090454,-0.02668432891368866,0.32275328040122986,0.733888566493988,-0.0315883569419384,0.2772020399570465,0.7652359008789062,-0.03858029097318649,0.2887379229068756,0.7794288992881775,-0.03408196568489075,0.3012762665748596,0.7811406254768372,-0.032546184957027435,0.3260546326637268,0.7670367360115051,-0.03767798840999603,0.2835586965084076,0.7838269472122192,-0.04726797714829445,0.26025038957595825,0.7959524393081665,-0.050310734659433365,0.23861056566238403,0.8032081723213196,-0.05305319279432297
0.382368803024292,0.7744061350822449,-3.1137193445829325e-07,0.3647735118865967,0.7319164872169495,0.005734278820455074,0.3451721966266632,0.6888471245765686,0.001735185505822301,0.33840134739875793,0.6533096432685852,-0.004037217702716589,0.3469564616680145,0.6247341632843018,-0.010530123487114906,0.32032841444015503,0.6790035963058472,-0.016565144062042236,0.27421048283576965,0.704810619354248,-0.02100927010178566,0.27328404784202576,0.7294875979423523,-0.01893584616482258,0.2799270451068878,0.7382667660713196,-0.018209118396043777,0.32080283761024475,0.7029122114181519,-0.024649664759635925,0.2736935615539551,0.7382261157035828,-0.031235985457897186,0.28345659375190735,0.7558529376983643,-0.027530141174793243,0.2953438460826874,0.7576811909675598,-0.026722997426986694,0.32266342639923096,0.7339127063751221,-0.0313517265021801,0.27680352330207825,0.764565110206604,-0.03804517537355423,0.28755855560302734,0.7781333923339844,-0.03365748003125191,0.29977619647979736,0.7796415686607361,-0.032204221934080124,0.3257477581501007,0.7667564153671265,-0.03719087317585945,0.2829079329967499,0.7838143110275269,-0.04627666249871254,0.25988760590553284,0.7958458662033081,-0.04901609569787979,0.23898351192474365,0.8028812408447266,-0.0515286922454834
0.3826555609703064,0.7750711441040039,-3.23553848602387e-07,0.36442074179649353,0.7324345707893372,0.0061409384943544865,0.34462159872055054,0.6888731122016907,0.0030584922060370445,0.3383997976779938,0.6540089845657349,-0.0017482780385762453,0.3485200107097626,0.625899612903595,-0.006830534897744656,0.32033151388168335,0.6795961856842041,-0.015676327049732208,0.27384519577026367,0.7060964107513428,-0.019902728497982025,0.2783101201057434,0.7290182113647461,-0.017040567472577095,0.2884836196899414,0.7342413663864136,-0.01570306345820427,0.3205850422382355,0.7035393714904785,-0.02367338165640831,0.27385270595550537,0.7393792867660522,-0.030568184331059456,0.28632688522338867,0.7560627460479736,-0.026543399319052696,0.29905715584754944,0.7559451460838318,-0.025275247171521187,0.3221416473388672,0.7347384095191956,-0.030349554494023323,0.2770286500453949,0.7654535174369812,-0.037582505494356155,0.29008668661117554,0.7788744568824768,-0.03348169103264809,0.30316436290740967,0.779103696346283,-0.03196624666452408,0.3249645531177521,0.7673114538192749,-0.03607857599854469,0.2828308045864105,0.7840661406517029,-0.04604155942797661,0.2602405846118927,0.7968673706054688,-0.04966533184051514,0.23913565278053284,0.8041079640388489,-0.05264163389801979
0.3853015601634979,0.775134801864624,-3.2391520221608516e-07,0.367023229598999,0.7332426309585571,0.006465711630880833,0.34732726216316223,0.6898182034492493,0.0032264546025544405,0.34054479002952576,0.6545150279998779,-0.0018533676629886031,0.348636656999588,0.6253380179405212,-0.007411687634885311,0.3214719295501709,0.6795921325683594,-0.014419401064515114,0.27610260248184204,0.7060902118682861,-0.01817130856215954,0.27643561363220215,0.7314653992652893,-0.015649063512682915,0.283589243888855,0.7403990626335144,-0.014719096943736076,0.3212739825248718,0.7030968070030212,-0.022609665989875793,0.2755618393421173,0.7390320897102356,-0.028831278905272484,0.28695768117904663,0.7571819424629211,-0.024908844381570816,0.2996358573436737,0.7589361071586609,-0.023899242281913757,0.3229164481163025,0.7341238260269165,-0.02945464663207531,0.27821823954582214,0.7641117572784424,-0.036151353269815445,0.2905951142311096,0.7781454920768738,-0.03172726556658745,0.30371108651161194,0.7792860865592957,-0.030193964019417763,0.32611867785453796,0.7670242786407471,-0.03536048159003258,0.28427356481552124,0.7837700843811035,-0.04501518979668617,0.2615352272987366,0.7963333129882812,-0.04828859120607376,0.2403486669063568,0.8035915493965149,-0.05108661204576492
0.3852534592151642,0.7744845747947693,-3.139587647638109e-07,0.3668358623981476,0.7318111658096313,0.006599022075533867,0.3471611738204956,0.6891935467720032,0.003067178651690483,0.3407067060470581,0.6538100242614746,-0.0026152078062295914,0.34915655851364136,0.6246017813682556,-0.008922156877815723,0.3208262324333191,0.6796331405639648,-0.013265015557408333,0.2766311764717102,0.7068904638290405,-0.017143331468105316,0.2773483097553253,0.7318194508552551,-0.0149994483217597,0.28488779067993164,0.7403869032859802,-0.014228218235075474,0.32131823897361755,0.7031620144844055,-0.021764734759926796,0.27628159523010254,0.7398657202720642,-0.028121786192059517,0.2864161729812622,0.7577846050262451,-0.024979814887046814,0.29818183183670044,0.7601420283317566,-0.02438654750585556,0.3236275911331177,0.7339125871658325,-0.028956640511751175,0.2791122496128082,0.7653751969337463,-0.03571993485093117,0.28975021839141846,0.7793983817100525,-0.03196508437395096,0.30141445994377136,0.7811875343322754,-0.030710868537425995,0.32735440135002136,0.7666206359863281,-0.03520302474498749,0.28529655933380127,0.7842313647270203,-0.04394923523068428,0.26245778799057007,0.796172559261322,-0.04667486622929573,0.24122852087020874,0.8031308054924011,-0.04908938705921173
0.3855170011520386,0.7754623293876648,-3.161231916237739e-07,0.36771631240844727,0.7319378852844238,0.006905679125338793,0.3483295142650604,0.6888139247894287,0.003519222140312195,0.3414480686187744,0.6533330678939819,-0.00186179019510746,0.3497319519519806,0.6239750385284424,-0.0076041389256715775,0.3221970796585083,0.6797705292701721,-0.014468795619904995,0.276780903339386,0.7079928517341614,-0.018146144226193428,0.2805198132991791,0.730964183807373,-0.015075372532010078,0.2903035879135132,0.7370210289955139,-0.013602003455162048,0.32222747802734375,0.703562319278717,-0.022997790947556496,0.27653732895851135,0.7401045560836792,-0.02889011986553669,0.2891339659690857,0.7563825249671936,-0.02429865300655365,0.30224451422691345,0.756438136100769,-0.022847630083560944,0.3237859010696411,0.734626293182373,-0.030164888128638268,0.2789947986602783,0.7644563317298889,-0.03614985942840576,0.292447566986084,0.7775226831436157,-0.030852971598505974,0.30633214116096497,0.7779684066772461,-0.028927085921168327,0.3270535469055176,0.7674804329872131,-0.03644755110144615,0.2851925492286682,0.7839580774307251,-0.045503973960876465,0.26274922490119934,0.796145498752594,-0.048303987830877304,0.24202707409858704,0.803096354007721,-0.05082819238305092
0.3853330910205841,0.7752786874771118,-3.1453240012524475e-07,0.3675978183746338,0.731570839881897,0.006734926253557205,0.3481653332710266,0.6884878277778625,0.003422716399654746,0.3413070738315582,0.6530982851982117,-0.001828494481742382,0.3493618071079254,0.6239509582519531,-0.007817532867193222,0.3223266005516052,0.6791970133781433,-0.014815272763371468,0.2778306007385254,0.7075917720794678,-0.018282443284988403,0.2777057886123657,0.7323408722877502,-0.015419630333781242,0.28422287106513977,0.7405892610549927,-0.014252325519919395,0.32245931029319763,0.7032965421676636,-0.023212293162941933,0.2771880328655243,0.7397201061248779,-0.028809165582060814,0.28707730770111084,0.7577939629554749,-0.024338386952877045,0.2988433241844177,0.7595913410186768,-0.0230632945895195,0.32420024275779724,0.7345613837242126,-0.030194438993930817,0.2795869708061218,0.7645183205604553,-0.036280304193496704,0.29046887159347534,0.7789092659950256,-0.03136136010289192,0.302998423576355,0.7807087898254395,-0.029616134241223335,0.3275044560432434,0.7675840854644775,-0.03624921664595604,0.2855420708656311,0.7840805649757385,-0.045451145619153976,0.2628146708011627,0.7964785695075989,-0.048204123973846436,0.24243119359016418,0.8037197589874268,-0.0506119504570961
0.38564997911453247,0.7745359539985657,-3.1470625572183053e-07,0.3674103319644928,0.7313027381896973,0.006741324905306101,0.34790635108947754,0.6884928345680237,0.0032455138862133026,0.3407745659351349,0.6533644199371338,-0.0021539288572967052,0.3484324812889099,0.6241989135742188,-0.008252027444541454,0.32248952984809875,0.6791877150535583,-0.015191032551229,0.27761295437812805,0.7072867155075073,-0.018622197210788727,0.2776104509830475,0.7319437861442566,-0.015737520530819893,0.28439149260520935,0.7402826547622681,-0.01455285120755434,0.32255449891090393,0.7032518982887268,-0.02362806163728237,0.27699801325798035,0.7395959496498108,-0.02927302196621895,0.2870963513851166,0.757322371006012,-0.02502652443945408,0.29928359389305115,0.7593101859092712,-0.02394142560660839,0.3241960406303406,0.7346069812774658,-0.030575383454561234,0.2794519066810608,0.7653536200523376,-0.03653021901845932,0.2909786105155945,0.7794342041015625,-0.03176356106996536,0.30389130115509033,0.7809426188468933,-0.03023131750524044,0.3274103105068207,0.7677214741706848,-0.03657696023583412,0.28521060943603516,0.7855569124221802,-0.04546019807457924,0.26286542415618896,0.7986688613891602,-0.04807090759277344,0.242570698261261,0.8064671158790588,-0.05050753057003021
0.38590723276138306,0.7747190594673157,-3.1609584993930184e-07,0.36795905232429504,0.7310348153114319,0.007196277379989624,0.348666250705719,0.6888865232467651,0.004048118367791176,0.34126901626586914,0.6543834209442139,-0.0010818407172337174,0.34821921586990356,0.6254265308380127,-0.006939939688891172,0.32217642664909363,0.6797162294387817,-0.014633270911872387,0.2775309085845947,0.7072681188583374,-0.017635993659496307,0.2773277163505554,0.7317955493927002,-0.014492487534880638,0.28438684344291687,0.7408784627914429,-0.013166195712983608,0.3216891288757324,0.7038533091545105,-0.02317892201244831,0.27688026428222656,0.7396010756492615,-0.028413357213139534,0.28647157549858093,0.7572134733200073,-0.024153035134077072,0.29872506856918335,0.7598410248756409,-0.02312316559255123,0.3230118751525879,0.7353240251541138,-0.03019045852124691,0.2792055308818817,0.765386700630188,-0.03593772277235985,0.29061201214790344,0.7791216373443604,-0.03144832327961922,0.303849458694458,0.780997633934021,-0.030208121985197067,0.3264690637588501,0.768450915813446,-0.03619685769081116,0.28476133942604065,0.7870773077011108,-0.045404959470033646,0.26213568449020386,0.8013425469398499,-0.0484011285007,0.24163877964019775,0.8103099465370178,-0.05109182372689247
0.38749128580093384,0.7753387093544006,-3.1470992212234705e-07,0.36955031752586365,0.7315892577171326,0.007329071871936321,0.3492174744606018,0.688856840133667,0.0039724670350551605,0.34192994236946106,0.6537338495254517,-0.0014907442964613438,0.3493017554283142,0.6240774989128113,-0.007749459706246853,0.32253560423851013,0.6790657043457031,-0.014010119251906872,0.2775284945964813,0.7064254879951477,-0.017071278765797615,0.2744830846786499,0.7318728566169739,-0.0143479248508811,0.27857279777526855,0.7420474290847778,-0.013475787825882435,0.32186442613601685,0.7027968168258667,-0.022788861766457558,0.2772427797317505,0.7404509782791138,-0.027958469465374947,0.2876758575439453,0.7575333118438721,-0.02369352988898754,0.3000020682811737,0.759250819683075,-0.022824833169579506,0.32321542501449585,0.7342609763145447,-0.030070574954152107,0.2795473635196686,0.7656217217445374,-0.03551408275961876,0.2915055453777313,0.7788810729980469,-0.030417874455451965,0.30455854535102844,0.7803106307983398,-0.028934089466929436,0.32653361558914185,0.7675759792327881,-0.036434490233659744,0.28472498059272766,0.7862108945846558,-0.045078177005052567,0.262308806180954,0.7997204065322876,-0.04746333137154579,0.2416152060031891,0.8080533742904663,-0.049860499799251556
0.38591858744621277,0.7749828696250916,-3.073758705340879e-07,0.36836162209510803,0.7317062616348267,0.006121900863945484,0.3485144376754761,0.6884405612945557,0.0019285479793325067,0.341350793838501,0.652733325958252,-0.004103224258869886,0.3479595184326172,0.6231160759925842,-0.011017495766282082,0.32182827591896057,0.6798280477523804,-0.01613548956811428,0.27666065096855164,0.7064802646636963,-0.02022378332912922,0.27257686853408813,0.7322839498519897,-0.018418598920106888,0.2760065793991089,0.7433860301971436,-0.018085593357682228,0.3217812776565552,0.7041231989860535,-0.024374034255743027,0.27685627341270447,0.741161048412323,-0.030321434140205383,0.2869771122932434,0.758539617061615,-0.026586366817355156,0.2991134822368622,0.7607750296592712,-0.02606971189379692,0.3235500752925873,0.735819399356842,-0.03115975670516491,0.2798234820365906,0.7667569518089294,-0.037390898913145065,0.29123541712760925,0.7797604203224182,-0.03272944688796997,0.30418160557746887,0.7815994024276733,-0.03136958181858063,0.32691076397895813,0.7689478397369385,-0.037035126239061356,0.2848077118396759,0.7883833646774292,-0.045942001044750214,0.26183560490608215,0.8020935654640198,-0.04842241853475571,0.2408170998096466,0.8110300898551941,-0.05086361616849899
0.3848576247692108,0.7767801284790039,-3.0629061598119733e-07,0.36771854758262634,0.7328670024871826,0.006180851254612207,0.3482423722743988,0.68946772813797,0.002041915897279978,0.3408803939819336,0.6540877819061279,-0.004164230544120073,0.3473881185054779,0.6246604323387146,-0.011007753200829029,0.3200419247150421,0.680993914604187,-0.014428247697651386,0.2750709652900696,0.706964373588562,-0.018509065732359886,0.2738824784755707,0.7324658036231995,-0.016630994156003,0.279481440782547,0.7423926591873169,-0.016229115426540375,0.3195825517177582,0.7053021788597107,-0.0229890625923872,0.27493205666542053,0.7416840195655823,-0.029371261596679688,0.2865604758262634,0.7583582401275635,-0.026036081835627556,0.2993772327899933,0.7593427896499634,-0.025610757991671562,0.32112088799476624,0.736991286277771,-0.030228864401578903,0.2775776982307434,0.7679604291915894,-0.03694616258144379,0.29044821858406067,0.7808113098144531,-0.03240695968270302,0.303860068321228,0.7818316221237183,-0.030955662950873375,0.32473334670066833,0.7702476382255554,-0.03658491373062134,0.28321149945259094,0.7898915410041809,-0.045582402497529984,0.2610008120536804,0.8036234378814697,-0.047931332141160965,0.24011877179145813,0.8119989037513733,-0.0502098947763443
0.38352328538894653,0.7764439582824707,-3.0647981930087553e-07,0.3663378357887268,0.7327925562858582,0.006303770933300257,0.34713268280029297,0.6889743208885193,0.0023187578190118074,0.34063756465911865,0.6537584066390991,-0.0036701580975204706,0.34755852818489075,0.6252858638763428,-0.010357731021940708,0.32033130526542664,0.6815353631973267,-0.015293368138372898,0.2752115726470947,0.7070176601409912,-0.019443511962890625,0.27446624636650085,0.7317291498184204,-0.017400968819856644,0.2810191214084625,0.7407966256141663,-0.016748959198594093,0.32023340463638306,0.705974280834198,-0.0236858818680048,0.27476146817207336,0.7420865893363953,-0.02982313558459282,0.285047322511673,0.7588715553283691,-0.026139449328184128,0.29746606945991516,0.7599219679832458,-0.025473926216363907,0.32185906171798706,0.737538754940033,-0.030704256147146225,0.27755242586135864,0.7686595320701599,-0.03689394146203995,0.2895943224430084,0.7816270589828491,-0.03237683326005936,0.3029147982597351,0.7824881672859192,-0.031027384102344513,0.32523784041404724,0.770443856716156,-0.036846823990345,0.28385263681411743,0.7902343273162842,-0.04565528407692909,0.261211633682251,0.8040545582771301,-0.04835105314850807,0.2404392659664154,0.8125448226928711,-0.050948914140462875
0.3849255442619324,0.7765636444091797,-3.12067925278825e-07,0.3672197461128235,0.733579695224762,0.0061087943613529205,0.34723734855651855,0.6903184056282043,0.0021546867210417986,0.33972394466400146,0.6550073027610779,-0.0035511376336216927,0.34724169969558716,0.6259206533432007,-0.009805803187191486,0.3206825256347656,0.6825048327445984,-0.01643875055015087,0.2752262055873871,0.7083936929702759,-0.020160594955086708,0.2744855284690857,0.7332069277763367,-0.017509423196315765,0.28068768978118896,0.7427263259887695,-0.016652457416057587,0.3204421103000641,0.7067013382911682,-0.024723410606384277,0.27503708004951477,0.7435848116874695,-0.0307601410895586,0.2870231866836548,0.7594678997993469,-0.0265550184994936,0.30015861988067627,0.7597832679748535,-0.025703759863972664,0.32195693254470825,0.7382386326789856,-0.03155728802084923,0.27787572145462036,0.769443929195404,-0.0377490296959877,0.29156923294067383,0.7812500596046448,-0.03279808163642883,0.30576828122138977,0.7813292741775513,-0.03137015923857689,0.3252837061882019,0.7711588144302368,-0.03752203285694122,0.2836180329322815,0.7909640073776245,-0.04696296155452728,0.2611972689628601,0.804984986782074,-0.049989789724349976,0.24027925729751587,0.8136822581291199,-0.05288665369153023
0.3851047158241272,0.775985836982727,-3.0805264827904466e-07,0.36720025539398193,0.7328869104385376,0.0060329800471663475,0.34669601917266846,0.6905268430709839,0.002021284308284521,0.339546799659729,0.6547948718070984,-0.0039027859456837177,0.3469254672527313,0.6254675984382629,-0.010652679018676281,0.3203071653842926,0.6821219325065613,-0.01580960676074028,0.2752079665660858,0.7081887125968933,-0.02041465975344181,0.27436986565589905,0.7330707907676697,-0.019114399328827858,0.2814118266105652,0.7426859736442566,-0.019039329141378403,0.320288747549057,0.7066104412078857,-0.024153120815753937,0.27454328536987305,0.7426137328147888,-0.03028976544737816,0.2842618525028229,0.7602323889732361,-0.02688325010240078,0.29660019278526306,0.762152373790741,-0.026531793177127838,0.322198748588562,0.7385453581809998,-0.03116571716964245,0.2781296968460083,0.7704365849494934,-0.03737547993659973,0.28986790776252747,0.7833185791969299,-0.033107805997133255,0.303402841091156,0.7842587232589722,-0.03204575926065445,0.32617008686065674,0.7720968723297119,-0.03731255233287811,0.2838899791240692,0.7915613651275635,-0.04624977707862854,0.26091665029525757,0.8054563999176025,-0.049001794308423996,0.24024678766727448,0.8137772679328918,-0.05169321969151497
0.38515859842300415,0.7763326168060303,-3.07814417510599e-07,0.3672230839729309,0.7334563732147217,0.0059079695492982864,0.3472442924976349,0.6905240416526794,0.0016264818841591477,0.33965548872947693,0.6551190614700317,-0.004604129586368799,0.34589987993240356,0.6258591413497925,-0.01154943834990263,0.3196450173854828,0.6824266314506531,-0.015683384612202644,0.2746029794216156,0.7088314294815063,-0.020125040784478188,0.27308735251426697,0.7342709898948669,-0.01830693893134594,0.2791379690170288,0.7442497611045837,-0.017760151997208595,0.3198404312133789,0.7071271538734436,-0.024074016138911247,0.27422595024108887,0.7435141205787659,-0.03061993047595024,0.2840956449508667,0.7612524032592773,-0.02710416167974472,0.2962939143180847,0.7634861469268799,-0.02638239972293377,0.32205262780189514,0.7388207912445068,-0.031103944405913353,0.2772603929042816,0.7705742716789246,-0.03781386464834213,0.28885939717292786,0.7839801907539368,-0.033254481852054596,0.3020521402359009,0.7853679656982422,-0.03164152055978775,0.3261890709400177,0.7719823122024536,-0.03727051988244057,0.2838338315486908,0.792357325553894,-0.046343013644218445,0.2606305778026581,0.8064222931861877,-0.048846445977687836,0.2395913451910019,0.8152790069580078,-0.05114749073982239
0.38459280133247375,0.7773459553718567,-3.116630864496983e-07,0.36597931385040283,0.7331748008728027,0.0062516010366380215,0.3457486033439636,0.690149188041687,0.00235715857706964,0.33863213658332825,0.6544528603553772,-0.0035410341806709766,0.3462872803211212,0.6252409815788269,-0.010075068101286888,0.31868401169776917,0.6827520728111267,-0.015633229166269302,0.27295535802841187,0.7096439003944397,-0.019287558272480965,0.27468034625053406,0.7340485453605652,-0.016362028196454048,0.2829851806163788,0.7413836121559143,-0.015100485645234585,0.3189904987812042,0.7080388069152832,-0.024129241704940796,0.27245140075683594,0.7436800003051758,-0.030137963593006134,0.282802939414978,0.7618862390518188,-0.02611534669995308,0.2951030135154724,0.7636234760284424,-0.025058232247829437,0.3212687373161316,0.7398589253425598,-0.031173354014754295,0.276471346616745,0.771016001701355,-0.03766348958015442,0.28858739137649536,0.7851885557174683,-0.03340649604797363,0.3021831214427948,0.7866834402084351,-0.031977858394384384,0.32546818256378174,0.7727020978927612,-0.03727743402123451,0.2829788625240326,0.7926446795463562,-0.046108681708574295,0.2601807117462158,0.8072399497032166,-0.04875875636935234,0.23980605602264404,0.8161695003509521,-0.051210448145866394
0.3841812312602997,0.7772126197814941,-3.118747997632454e-07,0.3659340739250183,0.7333053946495056,0.005917151924222708,0.3455939292907715,0.6907644867897034,0.0015655002789571881,0.33862417936325073,0.6552987098693848,-0.004812333267182112,0.3464502692222595,0.6257068514823914,-0.011683600954711437,0.31823262572288513,0.6829186081886292,-0.01572515442967415,0.2712806463241577,0.709304928779602,-0.020545411854982376,0.27300798892974854,0.7336085438728333,-0.018799172714352608,0.2816506326198578,0.7417392730712891,-0.018234828487038612,0.3185209333896637,0.7075542211532593,-0.024174107238650322,0.272344172000885,0.7442424297332764,-0.031086409464478493,0.2847123444080353,0.7604507803916931,-0.027813315391540527,0.2977854311466217,0.7606636881828308,-0.02733786031603813,0.32065993547439575,0.7391953468322754,-0.03133360296487808,0.2769548296928406,0.7709759473800659,-0.03856339305639267,0.29050612449645996,0.7834976315498352,-0.034602776169776917,0.30399686098098755,0.7839847803115845,-0.03340960666537285,0.32446038722991943,0.7719584703445435,-0.03757624328136444,0.283019483089447,0.7916704416275024,-0.046822965145111084,0.26029467582702637,0.8060662150382996,-0.049729153513908386,0.23848852515220642,0.8152175545692444,-0.052439089864492416
0.38260141015052795,0.7760111093521118,-3.078002919210121e-07,0.3646671175956726,0.732413113117218,0.005541220307350159,0.3448648154735565,0.6893420815467834,0.0011983453296124935,0.33812040090560913,0.6540297269821167,-0.005054982379078865,0.3461151123046875,0.6251951456069946,-0.011844443157315254,0.31897759437561035,0.6818402409553528,-0.016680382192134857,0.272732138633728,0.7077025175094604,-0.021174516528844833,0.27367082238197327,0.7322837114334106,-0.01867073029279709,0.28156277537345886,0.7402929663658142,-0.01762150228023529,0.31917813420295715,0.7067742943763733,-0.02477785013616085,0.27231013774871826,0.7427564859390259,-0.03162394464015961,0.2827984094619751,0.7605233788490295,-0.027723949402570724,0.29508498311042786,0.7616488337516785,-0.02663332410156727,0.3210727870464325,0.7383050918579102,-0.031536608934402466,0.2757408618927002,0.7692781686782837,-0.03854453191161156,0.28730133175849915,0.783608615398407,-0.03424105420708656,0.3000825345516205,0.7853232622146606,-0.03267967700958252,0.3245335817337036,0.7707671523094177,-0.03744063898921013,0.2835225462913513,0.790403425693512,-0.04668550565838814,0.2613505423069,0.80491042137146,-0.04967525228857994,0.2410784661769867,0.8140384554862976,-0.052296437323093414
0.3824990689754486,0.7753689289093018,-2.968861281260615e-07,0.36481720209121704,0.7322864532470703,0.005804609507322311,0.3447730839252472,0.6890600919723511,0.0015818934189155698,0.338321328163147,0.6536390781402588,-0.004642910789698362,0.3465728759765625,0.6249585151672363,-0.011253328062593937,0.31808188557624817,0.6814812421798706,-0.01567864418029785,0.2723502814769745,0.7089506983757019,-0.020024551078677177,0.27530258893966675,0.7314680218696594,-0.017302101477980614,0.28471195697784424,0.7371248602867126,-0.016121840104460716,0.31877800822257996,0.7061253786087036,-0.024072617292404175,0.27190154790878296,0.7424084544181824,-0.030952075496315956,0.2835244834423065,0.7585699558258057,-0.02669818140566349,0.29632851481437683,0.7583696246147156,-0.025247836485505104,0.32114648818969727,0.7375826835632324,-0.03125292435288429,0.2748532295227051,0.7682465314865112,-0.03840884566307068,0.2870413362979889,0.7816709876060486,-0.03375089168548584,0.3001277446746826,0.7824007868766785,-0.0318741574883461,0.3254837691783905,0.7700178623199463,-0.03761407360434532,0.2842147648334503,0.7895014882087708,-0.04735298082232475,0.2615613043308258,0.803767204284668,-0.050677865743637085,0.24074983596801758,0.8126769661903381,-0.053447019308805466
0.382753849029541,0.773196816444397,-2.9260485234772204e-07,0.36464640498161316,0.7312412261962891,0.005687516648322344,0.3446999192237854,0.6880030632019043,0.0015066438354551792,0.33850619196891785,0.6528851985931396,-0.004584669601172209,0.34628531336784363,0.6245412826538086,-0.01121704000979662,0.3180159628391266,0.6804907917976379,-0.015892626717686653,0.27311885356903076,0.7078065872192383,-0.020463764667510986,0.27280867099761963,0.7312201857566833,-0.018169647082686424,0.27952516078948975,0.7389395833015442,-0.01737835630774498,0.31855612993240356,0.7048004865646362,-0.02419816516339779,0.27203691005706787,0.7408847808837891,-0.031322553753852844,0.2827673554420471,0.7574336528778076,-0.02712656930088997,0.29496827721595764,0.7580305337905884,-0.02568509615957737,0.32107067108154297,0.7359189987182617,-0.03131411224603653,0.27396583557128906,0.766589343547821,-0.03864806145429611,0.28535231947898865,0.7805333137512207,-0.033770978450775146,0.29792413115501404,0.7819302678108215,-0.031745653599500656,0.3257240056991577,0.7682048678398132,-0.03766099736094475,0.2843776047229767,0.7884741425514221,-0.0479445606470108,0.26168960332870483,0.8026755452156067,-0.051520511507987976,0.24105355143547058,0.8115704655647278,-0.05440850928425789
0.38290461897850037,0.7748901844024658,-3.0814808837931196e-07,0.36474454402923584,0.7323052883148193,0.006161675322800875,0.34503546357154846,0.6889666318893433,0.002151468535885215,0.3378641605377197,0.654120147228241,-0.003956400323659182,0.34484949707984924,0.6258413195610046,-0.010762413032352924,0.31866997480392456,0.6803061962127686,-0.015179300680756569,0.27370622754096985,0.7074538469314575,-0.019771430641412735,0.2717655897140503,0.7329771518707275,-0.017609186470508575,0.2771506607532501,0.742319643497467,-0.016879413276910782,0.3195958733558655,0.7044470310211182,-0.023763012140989304,0.27265098690986633,0.7415791153907776,-0.031092863529920578,0.28170615434646606,0.7597787380218506,-0.027344930917024612,0.29292091727256775,0.7618183493614197,-0.026138175278902054,0.32232344150543213,0.7354803085327148,-0.03106715716421604,0.2750850319862366,0.7673702239990234,-0.03857832029461861,0.2849019467830658,0.7826510071754456,-0.03393080458045006,0.29629844427108765,0.7851955890655518,-0.03190226852893829,0.3268531560897827,0.7678693532943726,-0.037550218403339386,0.28591102361679077,0.7878450155258179,-0.047450799494981766,0.2635745108127594,0.8018529415130615,-0.050604917109012604,0.24335512518882751,0.8107904195785522,-0.05314689502120018
0.38232600688934326,0.773063063621521,-2.9759959829789295e-07,0.3640792965888977,0.7318823933601379,0.005321374163031578,0.3435555398464203,0.688840925693512,0.0009050627704709768,0.33643412590026855,0.6538673639297485,-0.005398767068982124,0.3438147306442261,0.6252889037132263,-0.012211457826197147,0.3186018168926239,0.68025803565979,-0.01614416390657425,0.27304890751838684,0.7077409625053406,-0.020732728764414787,0.2717280387878418,0.7326853275299072,-0.01863614283502102,0.27751824259757996,0.7414461970329285,-0.017977673560380936,0.31962263584136963,0.7035403847694397,-0.024367574602365494,0.27272099256515503,0.7419293522834778,-0.031760361045598984,0.28278404474258423,0.7591378092765808,-0.028614239767193794,0.29457399249076843,0.7606033682823181,-0.028001433238387108,0.3224871754646301,0.733642041683197,-0.031292736530303955,0.2760520279407501,0.7675358057022095,-0.03835326433181763,0.2858699560165405,0.7824153304100037,-0.033990465104579926,0.29664307832717896,0.7849197387695312,-0.03242927044630051,0.32677891850471497,0.7655664086341858,-0.03749781474471092,0.2856491208076477,0.7850059270858765,-0.04603422060608864,0.2647213935852051,0.7976288199424744,-0.04845503717660904,0.24571266770362854,0.805808424949646,-0.0507979542016983
0.38114139437675476,0.77260822057724,-3.001289314852329e-07,0.3627837002277374,0.7313592433929443,0.005130498204380274,0.34240081906318665,0.6888426542282104,0.0008763842633925378,0.33543509244918823,0.6538829207420349,-0.00523371109738946,0.343387246131897,0.6251969933509827,-0.01173553429543972,0.31763190031051636,0.679497480392456,-0.016400665044784546,0.2724631428718567,0.7081062197685242,-0.021484505385160446,0.27436932921409607,0.7311609387397766,-0.019528502598404884,0.2828024923801422,0.7372552752494812,-0.0187985822558403,0.3192146420478821,0.7032864689826965,-0.02454608678817749,0.2724055349826813,0.7409704327583313,-0.032069090753793716,0.2827628254890442,0.7568492293357849,-0.02863328717648983,0.2944830060005188,0.7569398880004883,-0.02778124064207077,0.32222849130630493,0.7339476943016052,-0.03153849020600319,0.2758524417877197,0.7666696310043335,-0.039054881781339645,0.28664231300354004,0.7801296710968018,-0.03494546562433243,0.29857492446899414,0.781064510345459,-0.033455926924943924,0.32658252120018005,0.7660036087036133,-0.03779758885502815,0.2850772738456726,0.7862473130226135,-0.04720211401581764,0.2633018493652344,0.8000816106796265,-0.05037623271346092,0.24389007687568665,0.8088748455047607,-0.05313599854707718
0.38199499249458313,0.7750070095062256,-3.0781669124735345e-07,0.36429083347320557,0.7321152687072754,0.006128218956291676,0.34505993127822876,0.6885260343551636,0.0021466072648763657,0.3388161361217499,0.6530013084411621,-0.0037914717104285955,0.34639647603034973,0.6238235235214233,-0.010532599873840809,0.3182086944580078,0.6783568263053894,-0.015148911625146866,0.27246567606925964,0.7045561075210571,-0.019309883937239647,0.26955851912498474,0.730277955532074,-0.01726507395505905,0.27421101927757263,0.7401218414306641,-0.01680593006312847,0.31814470887184143,0.7029715776443481,-0.02378031425178051,0.27121028304100037,0.7382305264472961,-0.03086378425359726,0.2804744839668274,0.756761908531189,-0.027856601402163506,0.2921783924102783,0.7593560814857483,-0.027349820360541344,0.32053887844085693,0.7348510026931763,-0.031016573309898376,0.2741362154483795,0.7653067708015442,-0.03867044299840927,0.28365325927734375,0.7805519700050354,-0.03490575775504112,0.29462191462516785,0.782961905002594,-0.033553000539541245,0.3250749111175537,0.7682774066925049,-0.037295080721378326,0.28235602378845215,0.7868908047676086,-0.04707051441073418,0.2594471573829651,0.8001070618629456,-0.05014391988515854,0.238498717546463,0.8078398704528809,-0.052722759544849396
0.3810933232307434,0.7767001986503601,-3.1168789860203105e-07,0.3633219003677368,0.7322930693626404,0.005909356288611889,0.3443986475467682,0.6887806057929993,0.0019584849942475557,0.33919399976730347,0.653325080871582,-0.004105378873646259,0.3476788401603699,0.6241299510002136,-0.010185698978602886,0.31616833806037903,0.6818364858627319,-0.01477605290710926,0.2685738503932953,0.708122193813324,-0.020348794758319855,0.27610236406326294,0.7297195196151733,-0.01839500665664673,0.2893376052379608,0.7333498001098633,-0.01731005683541298,0.3166224956512451,0.7070325016975403,-0.023251952603459358,0.27034100890159607,0.7424408197402954,-0.030980970710515976,0.28422901034355164,0.757845401763916,-0.02729802206158638,0.2978653311729431,0.755683422088623,-0.02611618861556053,0.3189656436443329,0.7394700646400452,-0.030742747709155083,0.2739279270172119,0.7693584561347961,-0.0388927198946476,0.287788063287735,0.7824190258979797,-0.034796979278326035,0.3015643358230591,0.7814358472824097,-0.03304306045174599,0.3231179416179657,0.7727343440055847,-0.037362486124038696,0.2815682291984558,0.7910593748092651,-0.04778662696480751,0.2577248215675354,0.805557131767273,-0.05165625363588333,0.23532800376415253,0.8139991164207458,-0.054692719131708145
0.38461923599243164,0.7781531810760498,-3.0365251291186723e-07,0.36773085594177246,0.7314856052398682,0.0058346339501440525,0.34989234805107117,0.6871440410614014,0.002086688531562686,0.3451949656009674,0.651199221611023,-0.003922693431377411,0.35708412528038025,0.6213333010673523,-0.009749585762619972,0.3187099099159241,0.6804962754249573,-0.013278327882289886,0.27123332023620605,0.7058845162391663,-0.017662128433585167,0.2804221212863922,0.7270579934120178,-0.014458976686000824,0.29401034116744995,0.7292771339416504,-0.012456248514354229,0.31776198744773865,0.7065471410751343,-0.02181795984506607,0.272991418838501,0.7417929768562317,-0.029017193242907524,0.2878364622592926,0.7558826804161072,-0.02511775679886341,0.3017294704914093,0.7533252239227295,-0.02344607561826706,0.3191404938697815,0.7394630312919617,-0.029332341626286507,0.27566516399383545,0.7693461179733276,-0.0371875986456871,0.29097411036491394,0.7812821269035339,-0.03303811699151993,0.3054734170436859,0.7796709537506104,-0.030854182317852974,0.3220785856246948,0.7730028033256531,-0.03598199784755707,0.2798123061656952,0.7890611886978149,-0.045491449534893036,0.25656968355178833,0.8026407957077026,-0.04843965172767639,0.23476141691207886,0.8107728958129883,-0.05058138817548752
0.3864402174949646,0.7779543995857239,-3.333336451305513e-07,0.3688536286354065,0.7315741777420044,0.006296107079833746,0.35105273127555847,0.6868093013763428,0.002231172751635313,0.3471626043319702,0.6506825685501099,-0.0038484600372612476,0.35843291878700256,0.620819091796875,-0.009552844800055027,0.3227728307247162,0.6768313646316528,-0.016393417492508888,0.27184683084487915,0.7013680338859558,-0.022814005613327026,0.2823761999607086,0.7220099568367004,-0.020343821495771408,0.29825329780578613,0.7234802842140198,-0.018718557432293892,0.3234370946884155,0.702113151550293,-0.02510659582912922,0.2732789218425751,0.7360007166862488,-0.03345905989408493,0.2890099883079529,0.7517109513282776,-0.028421886265277863,0.30411386489868164,0.7488388419151306,-0.026195881888270378,0.3251401484012604,0.7354065179824829,-0.032882750034332275,0.27832093834877014,0.7635608911514282,-0.04115360975265503,0.2938019037246704,0.7759588360786438,-0.03577498719096184,0.30908000469207764,0.7738903164863586,-0.03321488946676254,0.32805874943733215,0.7695708274841309,-0.039814114570617676,0.28568288683891296,0.7834238409996033,-0.05079355835914612,0.2610020339488983,0.7958901524543762,-0.0549861341714859,0.23801454901695251,0.8030712604522705,-0.05826533958315849
0.3844895362854004,0.7766059041023254,-3.269638852998469e-07,0.3678431510925293,0.7311311960220337,0.006085018161684275,0.3500509560108185,0.6868805289268494,0.001860805437900126,0.3454826772212982,0.6512022018432617,-0.004146631807088852,0.3564811050891876,0.6216670274734497,-0.009694023057818413,0.3225243091583252,0.6780120134353638,-0.018293514847755432,0.27173489332199097,0.701437771320343,-0.024851523339748383,0.28252464532852173,0.7218467593193054,-0.02195880189538002,0.2986772060394287,0.7233167290687561,-0.02008054591715336,0.3233163356781006,0.7032493352890015,-0.02677888423204422,0.27362245321273804,0.7363038063049316,-0.035072412341833115,0.2898886799812317,0.7522763609886169,-0.029224619269371033,0.30454152822494507,0.7489426732063293,-0.0265702735632658,0.32498615980148315,0.7363404631614685,-0.03426741063594818,0.2783377766609192,0.7646510004997253,-0.042521435767412186,0.29414594173431396,0.777646005153656,-0.03648883476853371,0.3090335726737976,0.776001513004303,-0.03363015875220299,0.32773298025131226,0.7701848149299622,-0.04088272154331207,0.28519904613494873,0.7845284342765808,-0.05187755450606346,0.2612675428390503,0.7969676852226257,-0.05581386014819145,0.23870572447776794,0.8039237260818481,-0.0589899942278862
0.3853447735309601,0.7764965891838074,-3.2493719004378363e-07,0.3679598569869995,0.7318891882896423,0.005984521005302668,0.3492072522640228,0.6881403923034668,0.001713479170575738,0.3438061475753784,0.6525593400001526,-0.004462168551981449,0.3545287847518921,0.6236120462417603,-0.010266476310789585,0.3217873275279999,0.6787548661231995,-0.01755431666970253,0.2716944217681885,0.7029218673706055,-0.023920809850096703,0.2816123962402344,0.7235212326049805,-0.021199071779847145,0.2973127067089081,0.7256913781166077,-0.019410932436585426,0.3225752115249634,0.7042997479438782,-0.02613852173089981,0.27344316244125366,0.7373763918876648,-0.03458913788199425,0.2897902727127075,0.7535459399223328,-0.02919165976345539,0.30477938055992126,0.7511076927185059,-0.026634681969881058,0.3244136869907379,0.7373356223106384,-0.03372242674231529,0.278501033782959,0.7657495737075806,-0.04229677468538284,0.2947640120983124,0.7787168025970459,-0.03671679273247719,0.31001096963882446,0.7773926854133606,-0.03392527997493744,0.32753443717956543,0.7712010145187378,-0.04042541980743408,0.28514090180397034,0.7851263880729675,-0.05144888162612915,0.2608933746814728,0.797943115234375,-0.055352289229631424,0.2378290742635727,0.8054162859916687,-0.058398980647325516
0.3856983184814453,0.7782630920410156,-3.280405849181989e-07,0.3673555254936218,0.7341361045837402,0.00587795814499259,0.34822335839271545,0.6903122067451477,0.0014582762960344553,0.3420522212982178,0.655575156211853,-0.004661630839109421,0.3508540093898773,0.6267682313919067,-0.010450809262692928,0.3211928904056549,0.6816049218177795,-0.01804574951529503,0.2724516689777374,0.7091261148452759,-0.02410840429365635,0.28298306465148926,0.7289624214172363,-0.02154260315001011,0.2983281910419464,0.7310549020767212,-0.02001921460032463,0.3224729001522064,0.7066630125045776,-0.02637113258242607,0.2741386592388153,0.742382287979126,-0.03491542115807533,0.2906123697757721,0.7570077776908875,-0.030386464670300484,0.3057413399219513,0.7550051808357239,-0.028568020090460777,0.32486265897750854,0.7391753196716309,-0.033496882766485214,0.278410941362381,0.7693777084350586,-0.041883304715156555,0.2943674325942993,0.7817281484603882,-0.03673447296023369,0.30920758843421936,0.7806272506713867,-0.03440038487315178,0.3285942077636719,0.7724505066871643,-0.03971482068300247,0.2867234945297241,0.7883879542350769,-0.05057080462574959,0.26242151856422424,0.8014818429946899,-0.05457140877842903,0.23874825239181519,0.8094527721405029,-0.05779658630490303
0.3858577609062195,0.7793562412261963,-3.1911048381516594e-07,0.3670479953289032,0.7378259301185608,0.004677549470216036,0.3453809916973114,0.693594753742218,0.0009624829981476068,0.33795708417892456,0.6578768491744995,-0.004216382279992104,0.3478156626224518,0.6301141977310181,-0.00914598535746336,0.3209124207496643,0.6854873895645142,-0.01706499047577381,0.2724097967147827,0.7159136533737183,-0.023678459227085114,0.28296342492103577,0.7344028949737549,-0.022091565653681755,0.2983531951904297,0.7350625991821289,-0.020998097956180573,0.32278141379356384,0.7100340127944946,-0.024460945278406143,0.2750750184059143,0.7481923699378967,-0.03352992609143257,0.291573703289032,0.761380136013031,-0.029954634606838226,0.3062531352043152,0.7586480379104614,-0.028459956869482994,0.3255731761455536,0.7416085004806519,-0.03090670146048069,0.27967754006385803,0.7739154100418091,-0.03992372378706932,0.29578208923339844,0.7846689224243164,-0.03586016967892647,0.3107385039329529,0.7826918363571167,-0.033793121576309204,0.3293353319168091,0.7745718955993652,-0.036554332822561264,0.28652092814445496,0.7914828658103943,-0.04740606248378754,0.2625940442085266,0.8043413162231445,-0.051715485751628876,0.23991480469703674,0.8120181560516357,-0.05496968701481819
0.3866928219795227,0.7790666818618774,-3.343218111240276e-07,0.36742180585861206,0.7383893728256226,0.0052973064593970776,0.34508171677589417,0.6946731209754944,0.0017839473439380527,0.3364221155643463,0.6597761511802673,-0.0032921619713306427,0.3447864353656769,0.6315218210220337,-0.00808862503618002,0.3208928108215332,0.6860590577125549,-0.01677924022078514,0.2724752128124237,0.7156398892402649,-0.023108944296836853,0.28256160020828247,0.735133171081543,-0.021159783005714417,0.2977791130542755,0.7366368174552917,-0.019804205745458603,0.32285651564598083,0.7105427980422974,-0.024332521483302116,0.27472251653671265,0.7483470439910889,-0.03353926166892052,0.29134267568588257,0.7621514797210693,-0.029773587360978127,0.3064642548561096,0.7596247792243958,-0.027977244928479195,0.32576489448547363,0.7419872283935547,-0.030820826068520546,0.27932223677635193,0.7735275626182556,-0.039711304008960724,0.2950485050678253,0.7850868105888367,-0.03540314361453056,0.30980417132377625,0.7836012244224548,-0.03318529948592186,0.3297043442726135,0.7746577262878418,-0.036437470465898514,0.2879289984703064,0.7914813756942749,-0.04737982526421547,0.26353952288627625,0.804831862449646,-0.05181067809462547,0.2401190847158432,0.8132887482643127,-0.05512261018157005
0.38813430070877075,0.7787762880325317,-3.494616862553812e-07,0.3676963746547699,0.7383588552474976,0.00576136726886034,0.34490877389907837,0.6946887373924255,0.0023676787968724966,0.33636850118637085,0.6605492830276489,-0.0025196115020662546,0.3446398079395294,0.6331176161766052,-0.006807982921600342,0.3210413455963135,0.6862344741821289,-0.01866123452782631,0.2714715600013733,0.7171010971069336,-0.025406619533896446,0.28277328610420227,0.7364850044250488,-0.022457363083958626,0.29874488711357117,0.7371699213981628,-0.020273415371775627,0.32337015867233276,0.7105848789215088,-0.026489028707146645,0.27460843324661255,0.7502636909484863,-0.03590310737490654,0.2921638488769531,0.7641445994377136,-0.030505433678627014,0.3070995509624481,0.7597697377204895,-0.027672739699482918,0.3267079293727875,0.7423981428146362,-0.03325895220041275,0.27976638078689575,0.7755752801895142,-0.04213300719857216,0.2964392304420471,0.786817193031311,-0.036339689046144485,0.31185591220855713,0.7837151288986206,-0.03334164246916771,0.3309074640274048,0.7753880620002747,-0.039177898317575455,0.2881394028663635,0.7923843264579773,-0.05109743773937225,0.2632858157157898,0.8065235018730164,-0.05591196566820145,0.24005287885665894,0.8153775334358215,-0.05949295684695244
0.38701140880584717,0.7755255699157715,-3.393308816157514e-07,0.366763174533844,0.7348721027374268,0.005523509345948696,0.34480002522468567,0.6913702487945557,0.002357157878577709,0.337537944316864,0.6567424535751343,-0.0024705068208277225,0.34752508997917175,0.6294417977333069,-0.006952300202101469,0.3221326470375061,0.6808875799179077,-0.016545400023460388,0.273537278175354,0.7096986770629883,-0.023152155801653862,0.2824190855026245,0.7304462194442749,-0.021220585331320763,0.2967599630355835,0.7328288555145264,-0.019903186708688736,0.32437458634376526,0.7047569751739502,-0.02424897998571396,0.2756482660770416,0.7428048849105835,-0.03307477384805679,0.29092124104499817,0.7582202553749084,-0.028704550117254257,0.30466580390930176,0.7558590173721313,-0.02671913430094719,0.3276265561580658,0.7359887957572937,-0.031028375029563904,0.2805238962173462,0.7679706811904907,-0.03988232463598251,0.29567191004753113,0.780295729637146,-0.03522199019789696,0.31018781661987305,0.7789249420166016,-0.032814059406518936,0.331618070602417,0.7688007950782776,-0.03698575496673584,0.2889459729194641,0.7845429182052612,-0.04825688526034355,0.2650763690471649,0.7966188192367554,-0.052818093448877335,0.24305360019207,0.8039043545722961,-0.05619904026389122
0.388918399810791,0.7754204869270325,-3.450277290539816e-07,0.3682056963443756,0.7353192567825317,0.0057054683566093445,0.345466285943985,0.6931964755058289,0.0022166718263179064,0.3378710150718689,0.657982587814331,-0.002994704293087125,0.34731152653694153,0.6304595470428467,-0.008145150728523731,0.3239269256591797,0.6805016994476318,-0.016843125224113464,0.2751849889755249,0.709576427936554,-0.0230251494795084,0.281883180141449,0.7317346334457397,-0.02117549069225788,0.2955051362514496,0.7365010976791382,-0.020095521584153175,0.3266494572162628,0.7031859159469604,-0.024605767801404,0.277332067489624,0.7411237359046936,-0.03250521421432495,0.2912929952144623,0.7578409314155579,-0.028035162016749382,0.30467677116394043,0.7573257088661194,-0.026386389508843422,0.3299216628074646,0.7337521910667419,-0.0313679575920105,0.28290045261383057,0.765350341796875,-0.03916104510426521,0.29687967896461487,0.7778569459915161,-0.03464522212743759,0.3111245632171631,0.7778584957122803,-0.03294973447918892,0.33415892720222473,0.7665138244628906,-0.037313926964998245,0.2915661931037903,0.7828657031059265,-0.048073768615722656,0.26686403155326843,0.7949932217597961,-0.052717309445142746,0.2440621703863144,0.8028014898300171,-0.056519366800785065
0.3896430730819702,0.7724794149398804,-3.383798627965007e-07,0.3693792223930359,0.7318999171257019,0.005237280856817961,0.3472154140472412,0.6902165412902832,0.0012782755075022578,0.3393901288509369,0.6553475260734558,-0.004295475780963898,0.3478824496269226,0.6278107762336731,-0.009984544478356838,0.32577645778656006,0.6771435737609863,-0.017315860837697983,0.27731022238731384,0.7058026194572449,-0.023713016882538795,0.28010910749435425,0.7291427850723267,-0.022338099777698517,0.29022207856178284,0.7367703318595886,-0.021554242819547653,0.32760050892829895,0.6997096538543701,-0.024892533197999,0.2778608500957489,0.7381076812744141,-0.032825618982315063,0.2912425994873047,0.7551442384719849,-0.028547324240207672,0.30445533990859985,0.7559218406677246,-0.027011455968022346,0.3302587568759918,0.7297552824020386,-0.0314309261739254,0.28334805369377136,0.7619557976722717,-0.039120595902204514,0.29785972833633423,0.7740351557731628,-0.03412330895662308,0.3124098777770996,0.7743843197822571,-0.03203674033284187,0.3338724970817566,0.7622608542442322,-0.037198737263679504,0.29076749086380005,0.7791088819503784,-0.04744342714548111,0.267136812210083,0.7910860180854797,-0.051085215061903,0.24521924555301666,0.7990810871124268,-0.0541093684732914
0.3889930844306946,0.7720611095428467,-3.4534514270490035e-07,0.36946728825569153,0.7311800122261047,0.006214298773556948,0.3485614061355591,0.688920795917511,0.002616938902065158,0.34154433012008667,0.6547703742980957,-0.002791158389300108,0.3494046628475189,0.6284547448158264,-0.00843860674649477,0.32650652527809143,0.6768277883529663,-0.017056601122021675,0.2784106433391571,0.7034479975700378,-0.023039914667606354,0.2812201678752899,0.7269942760467529,-0.02126835100352764,0.29085662961006165,0.734643280506134,-0.020427608862519264,0.3288740813732147,0.6993016600608826,-0.025165889412164688,0.279702752828598,0.7358925938606262,-0.03314690664410591,0.2935902774333954,0.7530878782272339,-0.028698135167360306,0.3068765103816986,0.7536073923110962,-0.02706223540008068,0.33212774991989136,0.7293281555175781,-0.032111357897520065,0.28513020277023315,0.7607314586639404,-0.03983379527926445,0.29931050539016724,0.773345947265625,-0.03469879925251007,0.3130051791667938,0.773935854434967,-0.03255974501371384,0.3362879753112793,0.7615039348602295,-0.03819522261619568,0.29398512840270996,0.7779463529586792,-0.048594389110803604,0.2705851197242737,0.7889507412910461,-0.05237434059381485,0.2485591471195221,0.7957559823989868,-0.055561136454343796
0.3971421420574188,0.772563099861145,-3.444729372859001e-07,0.37591901421546936,0.7329399585723877,0.005874485708773136,0.3547130227088928,0.6940054297447205,0.0026867713313549757,0.34683486819267273,0.6607878804206848,-0.0025662549305707216,0.3526313900947571,0.6337991952896118,-0.0074653951451182365,0.33237987756729126,0.6786348819732666,-0.013737772591412067,0.28399303555488586,0.7055805921554565,-0.020811839029192924,0.29002800583839417,0.7270771265029907,-0.019730670377612114,0.30273452401161194,0.7320233583450317,-0.018758052960038185,0.33544260263442993,0.6984518766403198,-0.021589921787381172,0.28643324971199036,0.7374995946884155,-0.029957592487335205,0.2990533113479614,0.7542321681976318,-0.026102950796484947,0.3115270733833313,0.7538241147994995,-0.02457193098962307,0.3393956422805786,0.7264129519462585,-0.028839027509093285,0.2916226387023926,0.7593242526054382,-0.03731851652264595,0.3025343120098114,0.7743964195251465,-0.03341146931052208,0.3142697215080261,0.776925265789032,-0.03169544041156769,0.34434473514556885,0.7572749257087708,-0.03531938046216965,0.3030359148979187,0.7746210098266602,-0.04558936133980751,0.28005969524383545,0.7867847084999084,-0.04989876225590706,0.25922828912734985,0.7950889468193054,-0.05325104668736458
0.3996449112892151,0.775431215763092,-3.3268810284425854e-07,0.37856656312942505,0.7361323237419128,0.0062118577770888805,0.35785430669784546,0.6972190141677856,0.0025999383069574833,0.3504187762737274,0.6641783118247986,-0.0031121005304157734,0.3563620150089264,0.637718677520752,-0.00869305245578289,0.33637499809265137,0.6808074712753296,-0.014404263347387314,0.2876982092857361,0.7109904289245605,-0.020898308604955673,0.29206156730651855,0.7331129312515259,-0.019328925758600235,0.3038679361343384,0.738223135471344,-0.018132409080863,0.3391569256782532,0.7005199193954468,-0.0225676242262125,0.2888649106025696,0.7409502267837524,-0.030116897076368332,0.2988632619380951,0.758485734462738,-0.026105862110853195,0.3105323910713196,0.7599059343338013,-0.024760853499174118,0.34280067682266235,0.7283450365066528,-0.029933087527751923,0.29441940784454346,0.7622599601745605,-0.03728754073381424,0.30314749479293823,0.7780784368515015,-0.03331207111477852,0.31378400325775146,0.7821112871170044,-0.03199120983481407,0.3477156162261963,0.7590556144714355,-0.03654378652572632,0.3070363700389862,0.7777987718582153,-0.0456555113196373,0.28467535972595215,0.7897878289222717,-0.04956039786338806,0.26458993554115295,0.7982316017150879,-0.05291063338518143
0.4009988307952881,0.7744003534317017,-3.0193780276022153e-07,0.38013461232185364,0.736749529838562,0.005096821580082178,0.35809046030044556,0.6983668208122253,0.0005971207865513861,0.35092970728874207,0.6652176976203918,-0.0058586811646819115,0.35644832253456116,0.639007568359375,-0.012626290321350098,0.3363490700721741,0.6845808029174805,-0.015508808195590973,0.2891174852848053,0.7148219347000122,-0.02301778458058834,0.2899906635284424,0.7385591864585876,-0.022535940632224083,0.29943421483039856,0.7461056113243103,-0.021856727078557014,0.33982452750205994,0.7055514454841614,-0.023313190788030624,0.28964436054229736,0.7451697587966919,-0.031856466084718704,0.29671794176101685,0.7639812231063843,-0.02890397422015667,0.3069971799850464,0.7670616507530212,-0.027836794033646584,0.3446347117424011,0.7334635257720947,-0.030345208942890167,0.2965734302997589,0.7680524587631226,-0.03873118758201599,0.3002122938632965,0.785781979560852,-0.03576180338859558,0.3068753778934479,0.7919718027114868,-0.03456343337893486,0.3502925932407379,0.7635067701339722,-0.03656189143657684,0.31006860733032227,0.7826050519943237,-0.045395296066999435,0.2878301739692688,0.7956008911132812,-0.04872060939669609,0.26811525225639343,0.8053233027458191,-0.05147536098957062
0.4044201374053955,0.7772678136825562,-3.261038159507734e-07,0.3817169666290283,0.7386964559555054,0.006951527204364538,0.35849201679229736,0.7005053758621216,0.0037097183521836996,0.3496848940849304,0.6675122976303101,-0.0017667816719040275,0.35556572675704956,0.6414646506309509,-0.0074688163585960865,0.3372504413127899,0.6851822137832642,-0.012895633466541767,0.29077795147895813,0.7150681614875793,-0.01884467713534832,0.2924598753452301,0.7386919260025024,-0.017260324209928513,0.3015872538089752,0.7456485033035278,-0.016171718016266823,0.3409438133239746,0.7055793404579163,-0.021551081910729408,0.2920241057872772,0.7466657161712646,-0.029101625084877014,0.3004266619682312,0.7648969292640686,-0.025652891024947166,0.3110990822315216,0.767273485660553,-0.02449171617627144,0.34607014060020447,0.7333620190620422,-0.02935406006872654,0.2980037331581116,0.7690232992172241,-0.03703644126653671,0.30180153250694275,0.7870045304298401,-0.03422391042113304,0.30805084109306335,0.7934038639068604,-0.03349950164556503,0.35221076011657715,0.7636315822601318,-0.03620290756225586,0.3109331727027893,0.7842203378677368,-0.04484143480658531,0.28944796323776245,0.7975645065307617,-0.048467498272657394,0.2700720727443695,0.8074487447738647,-0.05166788399219513
0.4044934809207916,0.7759896516799927,-3.4408145666020573e-07,0.3820984959602356,0.7384220361709595,0.007314883638173342,0.35780972242355347,0.6992161870002747,0.00456915283575654,0.34842145442962646,0.6662575006484985,-0.00044302549213171005,0.3547201454639435,0.6411134600639343,-0.005612870212644339,0.33636003732681274,0.6838779449462891,-0.012840131297707558,0.29000651836395264,0.7156686782836914,-0.018958494067192078,0.2912271022796631,0.7396273612976074,-0.018083954229950905,0.2999158799648285,0.7464303374290466,-0.017793316394090652,0.3404218852519989,0.7032225728034973,-0.021696047857403755,0.29167336225509644,0.747056782245636,-0.028870267793536186,0.3035503029823303,0.7634572386741638,-0.024618560448288918,0.3158760666847229,0.762867271900177,-0.02327088825404644,0.346007376909256,0.7309733629226685,-0.02970311790704727,0.2986137270927429,0.768211841583252,-0.036400504410266876,0.30939748883247375,0.7825549244880676,-0.03139207139611244,0.3208651542663574,0.7842236757278442,-0.029691245406866074,0.3526552617549896,0.761583149433136,-0.0369703583419323,0.31212806701660156,0.7818959355354309,-0.04606810584664345,0.2902872562408447,0.795142412185669,-0.0494789257645607,0.2705308198928833,0.804603636264801,-0.052653100341558456
0.40298154950141907,0.7742716073989868,-3.4923090197480633e-07,0.38172364234924316,0.7347279191017151,0.007343944162130356,0.3603634536266327,0.6965643763542175,0.00420050323009491,0.35267695784568787,0.6634424328804016,-0.0013779242290183902,0.35859984159469604,0.6368167400360107,-0.006981851998716593,0.33917903900146484,0.6810911297798157,-0.013456522487103939,0.2909269630908966,0.7097364664077759,-0.019730549305677414,0.2936721444129944,0.7325344681739807,-0.018203575164079666,0.3045117259025574,0.7392340302467346,-0.017175940796732903,0.3425530791282654,0.7001256942749023,-0.022441072389483452,0.29213589429855347,0.7408720850944519,-0.0296668391674757,0.30307820439338684,0.7582684755325317,-0.025025157257914543,0.31539443135261536,0.7591276168823242,-0.023323895409703255,0.3467743694782257,0.7272425293922424,-0.030644135549664497,0.29824140667915344,0.7617818713188171,-0.03753792122006416,0.30910471081733704,0.7762296199798584,-0.032493092119693756,0.321382075548172,0.7788291573524475,-0.03063220903277397,0.35252901911735535,0.7573014497756958,-0.038105178624391556,0.3108766973018646,0.7765683531761169,-0.047317296266555786,0.28818756341934204,0.7888504862785339,-0.050809770822525024,0.26818543672561646,0.7977151870727539,-0.053945764899253845
0.403421550989151,0.7740851640701294,-3.6149748439129326e-07,0.3820488452911377,0.734424889087677,0.008006200194358826,0.36013585329055786,0.6960795521736145,0.005227549932897091,0.3518136739730835,0.6633355021476746,1.7768717953003943e-05,0.35778260231018066,0.637633204460144,-0.00534099293872714,0.3401682376861572,0.6794471144676208,-0.013173785991966724,0.29223212599754333,0.7082633376121521,-0.018682032823562622,0.292195588350296,0.7328451871871948,-0.016688741743564606,0.3005131483078003,0.7419102191925049,-0.015629718080163002,0.343158483505249,0.6987357139587402,-0.02249346859753132,0.2922993004322052,0.7399716973304749,-0.029604261741042137,0.3034835457801819,0.7581706643104553,-0.024906979873776436,0.31579554080963135,0.7604100704193115,-0.0232184249907732,0.3472464680671692,0.7262826561927795,-0.030834607779979706,0.29847225546836853,0.761552095413208,-0.03776617348194122,0.30994051694869995,0.7764378190040588,-0.032575808465480804,0.3222586512565613,0.7796735167503357,-0.030699778348207474,0.35272741317749023,0.7568398714065552,-0.03833172097802162,0.31047648191452026,0.776066780090332,-0.04810444265604019,0.28712525963783264,0.7884219884872437,-0.0518915057182312,0.2657555341720581,0.7972444295883179,-0.05526641011238098
0.40397167205810547,0.7749901413917542,-3.642215347099409e-07,0.3811538517475128,0.7362638711929321,0.00808648020029068,0.35865518450737,0.6981641054153442,0.00549403065815568,0.3500306308269501,0.6647695899009705,0.000416225113440305,0.35661178827285767,0.6373131275177002,-0.004753984045237303,0.33981773257255554,0.6806538105010986,-0.01238119788467884,0.29189980030059814,0.7085221409797668,-0.019185548648238182,0.29348981380462646,0.732441782951355,-0.018237847834825516,0.3037225604057312,0.7398810386657715,-0.017486339434981346,0.34284499287605286,0.6996425986289978,-0.021572615951299667,0.2915954291820526,0.7386360764503479,-0.029429279267787933,0.30158835649490356,0.7580141425132751,-0.025017455220222473,0.3138893246650696,0.760940432548523,-0.02308489941060543,0.3469962477684021,0.7270020842552185,-0.029965806752443314,0.2979116439819336,0.761073887348175,-0.03719780966639519,0.3089563846588135,0.7765273451805115,-0.03211379423737526,0.32170000672340393,0.7794946432113647,-0.029895039275288582,0.3525506854057312,0.7573142051696777,-0.03754488751292229,0.31058841943740845,0.776439368724823,-0.04689677432179451,0.2877073287963867,0.788626492023468,-0.05048784241080284,0.2673805356025696,0.7968822717666626,-0.053542595356702805
0.40151622891426086,0.773317277431488,-3.436881570451078e-07,0.37981075048446655,0.7348191738128662,0.0072592333890497684,0.35766783356666565,0.6965435743331909,0.004272851161658764,0.34940892457962036,0.663344144821167,-0.0009714645566418767,0.3558827042579651,0.6375651359558105,-0.006126338616013527,0.3380497097969055,0.6799414157867432,-0.01324391644448042,0.29049021005630493,0.7079691290855408,-0.0194187480956316,0.293521523475647,0.7310732007026672,-0.01757928915321827,0.30463480949401855,0.7375057339668274,-0.016324646770954132,0.3414006233215332,0.6992619037628174,-0.02212890051305294,0.29045143723487854,0.7385115027427673,-0.02968181110918522,0.30048978328704834,0.7565765380859375,-0.025299908593297005,0.31254225969314575,0.7583863139152527,-0.023559464141726494,0.34578248858451843,0.726712703704834,-0.03021976538002491,0.2963089346885681,0.7602276802062988,-0.0376163050532341,0.30478453636169434,0.7760305404663086,-0.03322477638721466,0.315329372882843,0.7799124121665955,-0.03159327805042267,0.35126250982284546,0.7571709156036377,-0.037485986948013306,0.3098008334636688,0.7764595746994019,-0.046850696206092834,0.2868199646472931,0.7884752750396729,-0.050841983407735825,0.2661454677581787,0.7967358827590942,-0.05432042479515076
0.40079909563064575,0.7735539674758911,-3.600506488510291e-07,0.37916967272758484,0.7346614003181458,0.008149422705173492,0.3565099835395813,0.6967924237251282,0.005388622172176838,0.34755030274391174,0.6638634204864502,0.00031717141973786056,0.3541753590106964,0.6384389400482178,-0.004940648563206196,0.3381088674068451,0.6786292195320129,-0.0140567971393466,0.28990569710731506,0.7069623470306396,-0.01992105133831501,0.2899419367313385,0.7317259311676025,-0.017979945987462997,0.2985486686229706,0.7402228116989136,-0.01694793999195099,0.34132638573646545,0.6975247859954834,-0.023523075506091118,0.2897634506225586,0.7377128601074219,-0.030675359070301056,0.29987436532974243,0.7565669417381287,-0.025644905865192413,0.3117949068546295,0.758959949016571,-0.023748965933918953,0.34553202986717224,0.725223958492279,-0.03202216327190399,0.295716792345047,0.7593075633049011,-0.03912729397416115,0.30496734380722046,0.774958610534668,-0.033897604793310165,0.31581419706344604,0.7786678671836853,-0.032009515911340714,0.3508744537830353,0.7561314702033997,-0.039626386016607285,0.3084080219268799,0.7755110859870911,-0.04936898499727249,0.2853059768676758,0.7877535223960876,-0.05312155559659004,0.26440805196762085,0.7961692810058594,-0.056535504758358
0.4000317454338074,0.7731630802154541,-3.479686370155832e-07,0.3783983290195465,0.7340989708900452,0.006768092047423124,0.3556573987007141,0.6957195401191711,0.0031851136591285467,0.34718257188796997,0.6624828577041626,-0.002618444850668311,0.3522735834121704,0.6360408663749695,-0.008341123349964619,0.3377830684185028,0.6779811978340149,-0.014545882120728493,0.28924477100372314,0.7068384885787964,-0.02173292450606823,0.28988900780677795,0.7301679849624634,-0.020733622834086418,0.29930222034454346,0.7383578419685364,-0.019928492605686188,0.34070858359336853,0.6967265009880066,-0.023251524195075035,0.28977134823799133,0.737579345703125,-0.03152231499552727,0.30091625452041626,0.755058228969574,-0.027223559096455574,0.31338030099868774,0.7566994428634644,-0.025495029985904694,0.34453707933425903,0.7241678833961487,-0.03119230456650257,0.2956746816635132,0.758599042892456,-0.038863372057676315,0.3066665232181549,0.7725018262863159,-0.033713918179273605,0.3185557425022125,0.7746144533157349,-0.03153443709015846,0.3497430086135864,0.7548590898513794,-0.03838168829679489,0.30825263261795044,0.7742669582366943,-0.04779656603932381,0.2855442464351654,0.7864880561828613,-0.051122091710567474,0.2645380198955536,0.7948651313781738,-0.05403294786810875
0.3999421000480652,0.7731925845146179,-3.4238462376379175e-07,0.3784637153148651,0.7344332337379456,0.006971868220716715,0.35530805587768555,0.6964749097824097,0.003925479482859373,0.3467865288257599,0.6630824208259583,-0.0012860004790127277,0.3529954254627228,0.6371466517448425,-0.006415279116481543,0.3362513482570648,0.6784672737121582,-0.014115218073129654,0.28845760226249695,0.7079011797904968,-0.020213674753904343,0.2904920279979706,0.7307589650154114,-0.018279433250427246,0.30070212483406067,0.7374718189239502,-0.01703191176056862,0.33935579657554626,0.6977424621582031,-0.022880109027028084,0.28886958956718445,0.7380184531211853,-0.03018723987042904,0.29893308877944946,0.7557327151298523,-0.025472942739725113,0.31067773699760437,0.7572358846664429,-0.023633046075701714,0.34349796175956726,0.7254356741905212,-0.030833249911665916,0.2945077419281006,0.7589506506919861,-0.038199298083782196,0.3030778169631958,0.7743470668792725,-0.033521946519613266,0.31332191824913025,0.7778952717781067,-0.031802352517843246,0.34926727414131165,0.7562183141708374,-0.03799162805080414,0.307859867811203,0.7755764722824097,-0.04743671789765358,0.2852891981601715,0.7881319522857666,-0.05110456421971321,0.2648850977420807,0.7969107627868652,-0.05433439090847969
0.40031570196151733,0.7739410996437073,-3.4486043887227424e-07,0.3792295455932617,0.7351269721984863,0.006791539955884218,0.35615232586860657,0.6963092088699341,0.0032851852010935545,0.3474053740501404,0.6627758741378784,-0.0022389653604477644,0.3533051609992981,0.6369949579238892,-0.00772961787879467,0.33681055903434753,0.6781986355781555,-0.015628375113010406,0.288687527179718,0.70832759141922,-0.021729934960603714,0.28937292098999023,0.7324977517127991,-0.019741240888834,0.29857194423675537,0.7411062121391296,-0.018478160724043846,0.33980903029441833,0.697891891002655,-0.02435886487364769,0.2886113226413727,0.7381468415260315,-0.03186182305216789,0.2991589307785034,0.756061851978302,-0.026993783190846443,0.31131893396377563,0.758294403553009,-0.02498585917055607,0.3437533974647522,0.7259775400161743,-0.03210059925913811,0.29416128993034363,0.7593932151794434,-0.039126206189394,0.3038802444934845,0.7740580439567566,-0.03372727334499359,0.3149125874042511,0.7774673700332642,-0.03159584850072861,0.34919384121894836,0.7571879029273987,-0.03907439112663269,0.30742350220680237,0.7765117883682251,-0.04827117919921875,0.28473910689353943,0.7890691161155701,-0.051422443240880966,0.26392295956611633,0.7981848120689392,-0.05427677184343338
0.3998889625072479,0.7734622955322266,-3.581317855605448e-07,0.3785859942436218,0.7345576286315918,0.007457525935024023,0.3558359742164612,0.6966331601142883,0.004247774835675955,0.3470258414745331,0.6637271642684937,-0.0011945944279432297,0.3518456220626831,0.6370132565498352,-0.00646927859634161,0.33664408326148987,0.6789608001708984,-0.015141945332288742,0.2882157862186432,0.7085089683532715,-0.021071210503578186,0.29143431782722473,0.7310685515403748,-0.01857069879770279,0.3025084137916565,0.7376647591590881,-0.016926361247897148,0.33997711539268494,0.6981605887413025,-0.024265406653285027,0.2890683710575104,0.7385987043380737,-0.0319119431078434,0.30118852853775024,0.7561680674552917,-0.026814406737685204,0.31398889422416687,0.7573841214179993,-0.02461129240691662,0.344119131565094,0.7261171936988831,-0.032381702214479446,0.29512742161750793,0.7607765793800354,-0.0396597683429718,0.30704787373542786,0.774821937084198,-0.03400708734989166,0.31961789727211,0.7766835689544678,-0.03169747069478035,0.3495606482028961,0.7571333050727844,-0.03965369984507561,0.3067379295825958,0.7773216366767883,-0.04949222132563591,0.2835195064544678,0.7907431721687317,-0.05293917655944824,0.26243337988853455,0.7998276352882385,-0.055957499891519547
0.3992857038974762,0.7733376622200012,-3.5447880009087385e-07,0.3783249258995056,0.734588086605072,0.00753844203427434,0.35506191849708557,0.6961008310317993,0.004871814511716366,0.3461207449436188,0.663112461566925,6.462021701736376e-05,0.3519567847251892,0.6374178528785706,-0.004826716613024473,0.3366542458534241,0.6792927980422974,-0.01480878796428442,0.2892444133758545,0.7082909941673279,-0.020356129854917526,0.29118186235427856,0.731296956539154,-0.017804954200983047,0.30136799812316895,0.7386181354522705,-0.016148250550031662,0.33982613682746887,0.6994231939315796,-0.02377704717218876,0.28935179114341736,0.7383626103401184,-0.031038081273436546,0.3000425696372986,0.7565068006515503,-0.025972791016101837,0.3124672770500183,0.7588269710540771,-0.023749325424432755,0.34384095668792725,0.7276734709739685,-0.03169442340731621,0.2951613664627075,0.7610960006713867,-0.03899697959423065,0.30559054017066956,0.7761529684066772,-0.03386593610048294,0.31726619601249695,0.779232919216156,-0.03176054731011391,0.34901291131973267,0.7586488127708435,-0.03868861123919487,0.30657973885536194,0.7778275012969971,-0.048360563814640045,0.28390368819236755,0.7908971309661865,-0.051761556416749954,0.2633872628211975,0.7998347282409668,-0.05471276491880417
0.3996436595916748,0.7742288112640381,-3.597707518565585e-07,0.3789447844028473,0.7344053983688354,0.008012798614799976,0.3555152118206024,0.6968241930007935,0.004771044943481684,0.34582725167274475,0.663802444934845,-0.0007233499782159925,0.3505299687385559,0.6381207704544067,-0.006421232130378485,0.33738046884536743,0.6785762906074524,-0.01544604916125536,0.2895626127719879,0.706547737121582,-0.020817730575799942,0.28774499893188477,0.7310535907745361,-0.018450478091835976,0.2947503626346588,0.7414472699165344,-0.017298078164458275,0.3401659429073334,0.6979072093963623,-0.024898674339056015,0.2892811894416809,0.7375956773757935,-0.032105300575494766,0.3007183074951172,0.7560659050941467,-0.02703256532549858,0.3137120306491852,0.7594183087348938,-0.025133619084954262,0.3438182771205902,0.7260335683822632,-0.033121440559625626,0.2947232723236084,0.7604619264602661,-0.03978252783417702,0.3061303496360779,0.775262176990509,-0.03362730145454407,0.31827837228775024,0.7788186073303223,-0.03132930025458336,0.34890544414520264,0.7571962475776672,-0.04046976938843727,0.3059770464897156,0.7772945165634155,-0.04983184486627579,0.2831050157546997,0.7895945906639099,-0.0526617057621479,0.2619008719921112,0.7979353666305542,-0.055485017597675323
0.39799964427948,0.7739747166633606,-3.5312501722728484e-07,0.37762176990509033,0.7345817685127258,0.007497028447687626,0.3543761372566223,0.6963239908218384,0.004613049793988466,0.3447742164134979,0.6637431383132935,-0.0003216188051737845,0.35084640979766846,0.6386487483978271,-0.0049470276571810246,0.3362087607383728,0.6791742444038391,-0.015490672551095486,0.28805381059646606,0.7083274722099304,-0.021362179890275,0.29360494017601013,0.7288891673088074,-0.018663527444005013,0.30583852529525757,0.7335405349731445,-0.016951274126768112,0.3396640717983246,0.6987558007240295,-0.024453338235616684,0.28885459899902344,0.7377861142158508,-0.03193182498216629,0.30205121636390686,0.7537290453910828,-0.02646487206220627,0.3149386942386627,0.7531633377075195,-0.02408263087272644,0.34350085258483887,0.7269538044929504,-0.032361213117837906,0.294709175825119,0.7598332166671753,-0.03959238901734352,0.3078274130821228,0.7722834348678589,-0.03331061825156212,0.3207859694957733,0.7724725604057312,-0.030576534569263458,0.3483293354511261,0.7580020427703857,-0.03941693156957626,0.30580389499664307,0.7761104702949524,-0.049457792192697525,0.2824275493621826,0.7872944474220276,-0.05276450514793396,0.26075130701065063,0.7939562797546387,-0.05564228445291519
0.3975687325000763,0.7721039652824402,-3.442206946147053e-07,0.37720397114753723,0.7335880994796753,0.007032578345388174,0.35393285751342773,0.6959947943687439,0.004357435740530491,0.3448958396911621,0.6633128523826599,-0.00042958854464814067,0.3510710895061493,0.6387351751327515,-0.005079207010567188,0.3357599377632141,0.6786428093910217,-0.014247902669012547,0.2882823944091797,0.7072554230690002,-0.020736010745167732,0.2919398248195648,0.7285569906234741,-0.019097838550806046,0.30313706398010254,0.7342686057090759,-0.017946215346455574,0.3389560878276825,0.6977666616439819,-0.02279934100806713,0.28877773880958557,0.7368353009223938,-0.030481556430459023,0.30031028389930725,0.7535077333450317,-0.02572685480117798,0.3126952648162842,0.7541238069534302,-0.0236368365585804,0.3427216112613678,0.7253274917602539,-0.03050966002047062,0.29436689615249634,0.7580124735832214,-0.03788760304450989,0.3051193058490753,0.7719581723213196,-0.03268852457404137,0.3169443607330322,0.7740318775177002,-0.03048516809940338,0.3477970063686371,0.7558305263519287,-0.03743849694728851,0.3067001700401306,0.7750052213668823,-0.04712473601102829,0.2840147316455841,0.7878429293632507,-0.05071517080068588,0.2635208070278168,0.7965670228004456,-0.05375085771083832
0.3968460261821747,0.7716395854949951,-3.4515107927290956e-07,0.3764171600341797,0.733283519744873,0.006586033385246992,0.3535667061805725,0.6957339644432068,0.003419124521315098,0.3451845049858093,0.6630223989486694,-0.0017606222536414862,0.3511059582233429,0.638311505317688,-0.007073567248880863,0.33654043078422546,0.6777095198631287,-0.015289208851754665,0.28907620906829834,0.7071659564971924,-0.0217868871986866,0.29056981205940247,0.7299030423164368,-0.02028910629451275,0.3005550503730774,0.737017035484314,-0.019260620698332787,0.33949536085128784,0.6973041296005249,-0.023722490295767784,0.2892024517059326,0.7368416786193848,-0.031413767486810684,0.29890307784080505,0.7554319500923157,-0.027010977268218994,0.3106032907962799,0.7581496238708496,-0.02523670718073845,0.3431095480918884,0.725226640701294,-0.031264059245586395,0.29534971714019775,0.7592794895172119,-0.038942910730838776,0.30506381392478943,0.7744367122650146,-0.0345236100256443,0.31644687056541443,0.7777239084243774,-0.03281493857502937,0.34792932868003845,0.7559338212013245,-0.037944432348012924,0.3063494861125946,0.776007890701294,-0.0476585291326046,0.2838861346244812,0.7894089221954346,-0.05133781582117081,0.2638266384601593,0.7983579635620117,-0.054474249482154846
0.3961338996887207,0.7717539072036743,-3.358944411502307e-07,0.3761119842529297,0.734277069568634,0.005135762970894575,0.3529495894908905,0.6968509554862976,0.0013099383795633912,0.3448151648044586,0.6637223958969116,-0.004269808530807495,0.3513459861278534,0.6386492848396301,-0.009772057645022869,0.33468014001846313,0.6795123815536499,-0.016836611554026604,0.2876898944377899,0.7096295356750488,-0.02387671172618866,0.2917252779006958,0.7314946055412292,-0.02267424762248993,0.30382344126701355,0.7373635768890381,-0.021710209548473358,0.33832165598869324,0.6995059251785278,-0.024706047028303146,0.28955748677253723,0.7403094172477722,-0.03286197781562805,0.3013193905353546,0.757238507270813,-0.028888048604130745,0.31398308277130127,0.7576835751533508,-0.027489954605698586,0.3427182734012604,0.727545440196991,-0.031787797808647156,0.2969089150428772,0.7636559009552002,-0.03985496610403061,0.30751633644104004,0.7777208089828491,-0.03578469902276993,0.3186405897140503,0.7795336842536926,-0.034337472170591354,0.3482089042663574,0.758172869682312,-0.0380927249789238,0.30689236521720886,0.7784442901611328,-0.04732932522892952,0.2846977710723877,0.791603147983551,-0.050521768629550934,0.26434504985809326,0.8002558350563049,-0.05346173048019409
0.396223247051239,0.7725052237510681,-3.389068297110498e-07,0.37603431940078735,0.7351451516151428,0.005586256273090839,0.3530767560005188,0.6972304582595825,0.002370818518102169,0.34487196803092957,0.6642266511917114,-0.0026734487619251013,0.3506647050380707,0.6385469436645508,-0.007574313785880804,0.3354114890098572,0.6805189847946167,-0.015819694846868515,0.28783509135246277,0.7105872631072998,-0.022984018549323082,0.2929367125034332,0.7319828867912292,-0.021644556894898415,0.30583155155181885,0.7361814379692078,-0.020466143265366554,0.3388484716415405,0.7004731893539429,-0.02372499741613865,0.28900688886642456,0.7405744194984436,-0.03197868540883064,0.30003252625465393,0.7578703165054321,-0.027767756953835487,0.31207939982414246,0.7580609321594238,-0.02600162848830223,0.3429521322250366,0.7286372780799866,-0.03092900663614273,0.2954118549823761,0.7640324234962463,-0.03914062678813934,0.3056083023548126,0.7786283493041992,-0.03504380211234093,0.3169490396976471,0.7804510593414307,-0.033373814076185226,0.3481413424015045,0.7593227028846741,-0.03734777495265007,0.30611637234687805,0.7799960970878601,-0.047236084938049316,0.2837231159210205,0.7937060594558716,-0.05109541118144989,0.2637867033481598,0.8025697469711304,-0.054273683577775955
0.39708858728408813,0.7729013562202454,-3.523302041230636e-07,0.37614113092422485,0.7351222038269043,0.00647695641964674,0.3533031940460205,0.69801926612854,0.0032760011963546276,0.34460797905921936,0.6652656197547913,-0.0018290842417627573,0.3506924510002136,0.6392690539360046,-0.0067547899670898914,0.3358991742134094,0.6810618042945862,-0.01612653024494648,0.28810855746269226,0.7105331420898438,-0.02292066067457199,0.2926981449127197,0.7326468229293823,-0.02100842446088791,0.30512282252311707,0.7382160425186157,-0.01955719292163849,0.3393619656562805,0.7006016969680786,-0.024424999952316284,0.28976407647132874,0.7417059540748596,-0.0325474888086319,0.3016032874584198,0.7591294646263123,-0.027770623564720154,0.31396058201789856,0.7593483328819275,-0.025732088834047318,0.34336262941360474,0.7284751534461975,-0.0318717360496521,0.29662322998046875,0.7656698822975159,-0.03975977003574371,0.3076362609863281,0.780025839805603,-0.0350511409342289,0.3190285265445709,0.78156977891922,-0.03318217769265175,0.3483284115791321,0.7590999603271484,-0.03847501054406166,0.30681997537612915,0.7807303071022034,-0.04823148250579834,0.2846958637237549,0.794152021408081,-0.05195096135139465,0.2643394470214844,0.8027122020721436,-0.05516951531171799
0.39687952399253845,0.7730991840362549,-3.4707414897638955e-07,0.3762405812740326,0.735044538974762,0.0065630171447992325,0.3530474007129669,0.6979766488075256,0.00328546529635787,0.3443033695220947,0.6651384234428406,-0.002090128604322672,0.34972792863845825,0.6398032903671265,-0.0074943555518984795,0.33515965938568115,0.6814204454421997,-0.015526213683187962,0.2880174219608307,0.7115344405174255,-0.02227615937590599,0.2915002107620239,0.7341446876525879,-0.020474804565310478,0.30343902111053467,0.7407292723655701,-0.018992744386196136,0.3389541208744049,0.701032280921936,-0.024039365351200104,0.28963810205459595,0.7418979406356812,-0.0319683700799942,0.30011874437332153,0.7602781653404236,-0.02756582945585251,0.312090128660202,0.7619684338569641,-0.025769712403416634,0.3434324264526367,0.7288262844085693,-0.03168346732854843,0.2963293492794037,0.765304684638977,-0.03956574946641922,0.30588817596435547,0.7812218070030212,-0.03517543897032738,0.31690657138824463,0.7845900654792786,-0.03345591202378273,0.34882521629333496,0.7594342827796936,-0.038445595651865005,0.3067013919353485,0.7801510095596313,-0.04796246811747551,0.284193754196167,0.794062077999115,-0.05137501284480095,0.2642611861228943,0.8033461570739746,-0.05433490127325058
0.3965145945549011,0.7725973129272461,-3.4696279271884123e-07,0.3758144676685333,0.7346063852310181,0.006278801243752241,0.35233139991760254,0.6976891160011292,0.002903821412473917,0.3439052402973175,0.664842426776886,-0.002464971737936139,0.3492804169654846,0.6390953063964844,-0.007891632616519928,0.33481812477111816,0.680998682975769,-0.016084082424640656,0.2878563702106476,0.7109310030937195,-0.023020457476377487,0.2908387780189514,0.73369961977005,-0.021509265527129173,0.3022070527076721,0.7402443885803223,-0.020266389474272728,0.33872371912002563,0.7010436654090881,-0.02455556020140648,0.289520800113678,0.7411913871765137,-0.032724086195230484,0.2996912896633148,0.7592455148696899,-0.02853975258767605,0.3116430938243866,0.7606275081634521,-0.026884419843554497,0.34332364797592163,0.7289856672286987,-0.03215853124856949,0.29653221368789673,0.7649896740913391,-0.040216848254203796,0.30617186427116394,0.7802196145057678,-0.03599364310503006,0.31711897253990173,0.7827024459838867,-0.034374382346868515,0.3490288555622101,0.7593678832054138,-0.038880571722984314,0.3068291246891022,0.7804707884788513,-0.048391420394182205,0.28430628776550293,0.794414758682251,-0.05173112079501152,0.2643084228038788,0.8034616708755493,-0.05466480925679207
0.39777058362960815,0.7733666896820068,-3.5295397537993267e-07,0.37662217020988464,0.7350332736968994,0.007112062070518732,0.35257941484451294,0.6974400281906128,0.003804108127951622,0.34362438321113586,0.6648234724998474,-0.0017403753008693457,0.3483481705188751,0.6391112804412842,-0.007490670774132013,0.3350391089916229,0.6809312105178833,-0.015241028741002083,0.28850027918815613,0.7098147869110107,-0.02170540578663349,0.2889529764652252,0.733828067779541,-0.019996432587504387,0.29811200499534607,0.7423180937767029,-0.018794167786836624,0.33863943815231323,0.7009062170982361,-0.024247195571660995,0.28935956954956055,0.7413066625595093,-0.032134976238012314,0.29922008514404297,0.7598574757575989,-0.02778082899749279,0.31123682856559753,0.7620611190795898,-0.026043318212032318,0.3433781564235687,0.7287241816520691,-0.03226754441857338,0.2961789667606354,0.7649710178375244,-0.039848849177360535,0.3057692050933838,0.7805749177932739,-0.03509468585252762,0.31668907403945923,0.7833467721939087,-0.03322363644838333,0.3493701219558716,0.7589758634567261,-0.03940270468592644,0.30733659863471985,0.7813065052032471,-0.04842972382903099,0.28512588143348694,0.7957566976547241,-0.051315076649188995,0.2651928663253784,0.8049890995025635,-0.05401965603232384
0.39687421917915344,0.7720760703086853,-3.3948123245863826e-07,0.3763531446456909,0.7344790697097778,0.0058359247632324696,0.3527189791202545,0.6971597671508789,0.0026255829725414515,0.3439166247844696,0.663793683052063,-0.0023975467775017023,0.3500024676322937,0.6377438902854919,-0.00726303830742836,0.33526068925857544,0.6806656718254089,-0.016023291274905205,0.28743186593055725,0.7115529179573059,-0.022981828078627586,0.2922922968864441,0.7332521080970764,-0.02108198218047619,0.304948627948761,0.7373818755149841,-0.01944567635655403,0.33891400694847107,0.7005025744438171,-0.024085206910967827,0.2889446020126343,0.7422369122505188,-0.032218120992183685,0.2994566261768341,0.7595171332359314,-0.027671488001942635,0.3114079236984253,0.7595268487930298,-0.025665074586868286,0.343172550201416,0.7282960414886475,-0.031407516449689865,0.29569703340530396,0.7656465768814087,-0.03939427435398102,0.3042480945587158,0.7812915444374084,-0.03518790379166603,0.3140586018562317,0.7839921712875366,-0.03350118547677994,0.34852415323257446,0.7585720419883728,-0.037927594035863876,0.30692166090011597,0.7801985740661621,-0.047118593007326126,0.2854985296726227,0.7943681478500366,-0.050531916320323944,0.26631948351860046,0.8036693930625916,-0.05349472165107727
0.3975139856338501,0.7708902955055237,-3.373246784121875e-07,0.37650954723358154,0.733902633190155,0.005845323204994202,0.3528268337249756,0.6963067650794983,0.002729187486693263,0.3441217243671417,0.6632022261619568,-0.0022000905591994524,0.35004889965057373,0.6378263831138611,-0.007173440884798765,0.3354058265686035,0.6807870268821716,-0.015483973547816277,0.2880200743675232,0.7115957736968994,-0.0223022922873497,0.291878879070282,0.7343155741691589,-0.020733805373311043,0.30394572019577026,0.73970627784729,-0.01935107819736004,0.3390088975429535,0.7015185952186584,-0.0234531220048666,0.28927522897720337,0.7430137991905212,-0.0316992923617363,0.2996101677417755,0.7607970237731934,-0.027880525216460228,0.31159350275993347,0.7612681984901428,-0.026249069720506668,0.34347251057624817,0.7297854423522949,-0.0305709857493639,0.2960059642791748,0.7673501968383789,-0.03883330896496773,0.3043622672557831,0.783259391784668,-0.03517935425043106,0.3138088583946228,0.7860203981399536,-0.03364429622888565,0.34900081157684326,0.760444164276123,-0.03680006414651871,0.3070935308933258,0.7822811007499695,-0.0458911657333374,0.28574469685554504,0.79581218957901,-0.049088262021541595,0.26637688279151917,0.8043290376663208,-0.051798686385154724
0.3978920876979828,0.7715666890144348,-3.382596673873195e-07,0.37672150135040283,0.7350126504898071,0.005360392387956381,0.3530080318450928,0.6965651512145996,0.0017410864820703864,0.344055712223053,0.6628669500350952,-0.0035367589443922043,0.3498890697956085,0.6374610662460327,-0.008652612566947937,0.33506032824516296,0.6813188791275024,-0.017446836456656456,0.28670287132263184,0.7126287817955017,-0.024213945493102074,0.29210764169692993,0.7350988984107971,-0.022047512233257294,0.3051244616508484,0.7402205467224121,-0.020278822630643845,0.33910486102104187,0.7016421556472778,-0.025300251320004463,0.2892352044582367,0.7433462142944336,-0.03361087292432785,0.3016010820865631,0.7601380348205566,-0.02908938191831112,0.3144361972808838,0.7595517039299011,-0.027076514437794685,0.3438558876514435,0.7298862934112549,-0.03226413577795029,0.29635146260261536,0.7674018740653992,-0.04030288755893707,0.30673784017562866,0.7821688652038574,-0.0358656570315361,0.3173292279243469,0.7838364243507385,-0.03402526304125786,0.34940165281295776,0.7607312798500061,-0.03842699155211449,0.30758756399154663,0.7827925086021423,-0.047574158757925034,0.28605005145072937,0.7965227961540222,-0.050783637911081314,0.26616060733795166,0.8053610324859619,-0.05364763364195824
0.3984650671482086,0.7717180252075195,-3.418642506858305e-07,0.3773650527000427,0.7343879342079163,0.00581726199015975,0.35344424843788147,0.6964591145515442,0.0023036536294966936,0.3445727825164795,0.6628903150558472,-0.003013298846781254,0.35012295842170715,0.6371071934700012,-0.008282157592475414,0.33486324548721313,0.6815788149833679,-0.01705853082239628,0.2868216931819916,0.7131564617156982,-0.023457156494259834,0.29109224677085876,0.7354348301887512,-0.021154319867491722,0.3034284710884094,0.7410106062889099,-0.019373565912246704,0.33892524242401123,0.7017526626586914,-0.025098692625761032,0.2894391715526581,0.7439061999320984,-0.03281661123037338,0.30117061734199524,0.7604655623435974,-0.02796190045773983,0.3137126863002777,0.7600560188293457,-0.025896525010466576,0.3437851667404175,0.7297793626785278,-0.032209623605012894,0.2965658903121948,0.7672860622406006,-0.03986862674355507,0.3070581555366516,0.7813848257064819,-0.03522180765867233,0.3182012438774109,0.7828812003135681,-0.03338227793574333,0.34961262345314026,0.7603368163108826,-0.038488179445266724,0.3073091506958008,0.7821254134178162,-0.04770984500646591,0.28551042079925537,0.796390950679779,-0.05085793137550354,0.26591309905052185,0.8060245513916016,-0.05368330702185631
0.39947280287742615,0.7722590565681458,-3.400598984626413e-07,0.3780474066734314,0.7347147464752197,0.006051437463611364,0.3539831042289734,0.6968068480491638,0.002649336587637663,0.3449196517467499,0.6632896065711975,-0.0026779337786138058,0.34960171580314636,0.6366335153579712,-0.007996716536581516,0.33545225858688354,0.6814919710159302,-0.015728402882814407,0.28827011585235596,0.7116135954856873,-0.022288864478468895,0.2909637689590454,0.7345589995384216,-0.02034415490925312,0.3017033338546753,0.740915060043335,-0.018803946673870087,0.3389967381954193,0.7020416259765625,-0.024102764204144478,0.28952476382255554,0.7432438731193542,-0.03242723271250725,0.30051854252815247,0.7605382204055786,-0.02835177816450596,0.31299230456352234,0.7608934044837952,-0.02662704885005951,0.3437719941139221,0.7300631403923035,-0.03158854693174362,0.296585351228714,0.76720130443573,-0.039834097027778625,0.3054828643798828,0.7831414341926575,-0.035804007202386856,0.3151797950267792,0.7859905362129211,-0.03418847918510437,0.34972649812698364,0.7604217529296875,-0.03819415718317032,0.30774208903312683,0.7821111679077148,-0.04718942195177078,0.28638753294944763,0.7962082028388977,-0.0501568429172039,0.2668374180793762,0.8053359389305115,-0.05285099893808365
0.39944326877593994,0.7724735140800476,-3.4581591989990557e-07,0.37809908390045166,0.7343897819519043,0.006568456534296274,0.3536396026611328,0.6966378688812256,0.00315440958365798,0.3443370759487152,0.6634470224380493,-0.002393338829278946,0.34949183464050293,0.6375627517700195,-0.008226233534514904,0.3360406756401062,0.6804283857345581,-0.015074740163981915,0.2889768183231354,0.7096019983291626,-0.021505797281861305,0.28764036297798157,0.7347390651702881,-0.019964920356869698,0.29578930139541626,0.7441034317016602,-0.01880704052746296,0.3395861089229584,0.7007306218147278,-0.023714132606983185,0.2898779809474945,0.7424784898757935,-0.031544238328933716,0.29917895793914795,0.7611459493637085,-0.02745959907770157,0.3112989366054535,0.76320880651474,-0.025842871516942978,0.3444044291973114,0.7286202907562256,-0.03140517696738243,0.29717370867729187,0.7667961120605469,-0.03896963968873024,0.3056553602218628,0.7830953001976013,-0.034657835960388184,0.3158017694950104,0.7866412401199341,-0.032987941056489944,0.35036107897758484,0.7591046690940857,-0.03825404495000839,0.3086998760700226,0.7814089059829712,-0.04664129391312599,0.28712889552116394,0.7955281734466553,-0.04925013333559036,0.26781946420669556,0.8048862218856812,-0.051804326474666595
0.39988768100738525,0.7730306386947632,-3.542046727034176e-07,0.3788706362247467,0.7347290515899658,0.006869527045637369,0.35479551553726196,0.6970371007919312,0.0038721272721886635,0.34536194801330566,0.664284884929657,-0.0012180641060695052,0.35013291239738464,0.6381745934486389,-0.00632648216560483,0.33685046434402466,0.680464506149292,-0.01489977166056633,0.2891935706138611,0.7096575498580933,-0.021044017747044563,0.29014062881469727,0.7336496710777283,-0.018989045172929764,0.29982078075408936,0.7418515682220459,-0.01753057911992073,0.3399217128753662,0.7005523443222046,-0.023570867255330086,0.28982359170913696,0.7413733601570129,-0.031495608389377594,0.30076754093170166,0.7590500712394714,-0.02710762806236744,0.31344541907310486,0.7602889537811279,-0.025253085419535637,0.3442312180995941,0.7283920645713806,-0.03129535913467407,0.2966669201850891,0.7653998136520386,-0.039159130305051804,0.30676761269569397,0.7806168794631958,-0.034786779433488846,0.3175920844078064,0.7830588221549988,-0.03310450538992882,0.3498760759830475,0.7586356401443481,-0.03811795264482498,0.3079873323440552,0.7811743021011353,-0.04731716960668564,0.2864902913570404,0.7957383990287781,-0.050499483942985535,0.26681840419769287,0.8052625060081482,-0.05341406911611557
0.4002898335456848,0.7745123505592346,-3.5211047588745714e-07,0.3792261779308319,0.7355974912643433,0.006727619096636772,0.3548562228679657,0.697553813457489,0.0029475793708115816,0.34526005387306213,0.6639983057975769,-0.0028323049191385508,0.3497774004936218,0.6370182633399963,-0.008945407345890999,0.3369748294353485,0.6798356771469116,-0.01644004136323929,0.28950035572052,0.7092490792274475,-0.022555848583579063,0.28508260846138,0.7357749938964844,-0.02127552404999733,0.2900516390800476,0.7478546500205994,-0.020759014412760735,0.33996593952178955,0.6999801993370056,-0.025190046057105064,0.2900533676147461,0.7414906620979309,-0.03274000063538551,0.3003462851047516,0.7591478228569031,-0.028574611991643906,0.31287649273872375,0.7615569829940796,-0.027402637526392937,0.34409862756729126,0.7282313108444214,-0.03278769552707672,0.29702138900756836,0.7659100890159607,-0.03970987722277641,0.3067852854728699,0.7807220220565796,-0.03476754203438759,0.31717029213905334,0.7839105725288391,-0.03328356146812439,0.34970375895500183,0.7590821981430054,-0.03954959288239479,0.30771905183792114,0.7820703387260437,-0.04776949808001518,0.28673240542411804,0.7957985997200012,-0.04999677091836929,0.2671964168548584,0.8052117228507996,-0.05258019268512726
0.39961621165275574,0.7748029232025146,-3.419599750031921e-07,0.37876462936401367,0.7359836101531982,0.006102887913584709,0.35467207431793213,0.698082685470581,0.002139550168067217,0.3454796075820923,0.6646120548248291,-0.003788897069171071,0.3497214615345001,0.6375873684883118,-0.010058184154331684,0.33634692430496216,0.6809067726135254,-0.01647542603313923,0.28928738832473755,0.7105145454406738,-0.023228179663419724,0.28599414229393005,0.7363173365592957,-0.022345803678035736,0.2921108901500702,0.7477320432662964,-0.021864885464310646,0.3395146131515503,0.7012743353843689,-0.025063510984182358,0.2902444899082184,0.7422524094581604,-0.03334169462323189,0.2998785376548767,0.7601528167724609,-0.029877997934818268,0.31220516562461853,0.7626689076423645,-0.028920767828822136,0.3439943790435791,0.7295628190040588,-0.03262418508529663,0.29755425453186035,0.7670219540596008,-0.04037836194038391,0.305495947599411,0.7827891111373901,-0.03626364469528198,0.3146114647388458,0.7863430976867676,-0.035016514360904694,0.3498615324497223,0.7602967023849487,-0.039344385266304016,0.3081754148006439,0.7829033136367798,-0.04777251556515694,0.28698915243148804,0.797232449054718,-0.05012909322977066,0.267456978559494,0.8068580627441406,-0.05268258601427078
0.4005706310272217,0.775470495223999,-3.4316295227654336e-07,0.37939003109931946,0.7361623048782349,0.006246978882700205,0.3545159101486206,0.6989260911941528,0.002639030572026968,0.34431397914886475,0.6656131148338318,-0.003025901038199663,0.3485940098762512,0.6385798454284668,-0.008906111121177673,0.33642682433128357,0.6818460822105408,-0.015451508574187756,0.289320170879364,0.7101597189903259,-0.022228142246603966,0.28779518604278564,0.7354623675346375,-0.021041976287961006,0.2956610321998596,0.7455992698669434,-0.020148564130067825,0.3395502269268036,0.7019395232200623,-0.02390914596617222,0.28983157873153687,0.7424696087837219,-0.03204210102558136,0.2981369197368622,0.7612449526786804,-0.028442831709980965,0.3097097873687744,0.7641411423683167,-0.02718363143503666,0.3442595303058624,0.729786217212677,-0.031426478177309036,0.2965063154697418,0.7668055295944214,-0.03909032419323921,0.3028377592563629,0.7839576601982117,-0.0352206714451313,0.31122851371765137,0.7885509729385376,-0.03393803909420967,0.3505658805370331,0.76030433177948,-0.03810981661081314,0.3091920018196106,0.7833910584449768,-0.04615502431988716,0.2882945239543915,0.7979685068130493,-0.04865849390625954,0.2696252167224884,0.807563066482544,-0.05122536048293114
0.4010520279407501,0.7763255834579468,-3.5486749538904405e-07,0.37945255637168884,0.7378166913986206,0.007205662317574024,0.3547862470149994,0.699853777885437,0.004039142746478319,0.34449121356010437,0.6663673520088196,-0.0013633186463266611,0.34807637333869934,0.6394544839859009,-0.006845299154520035,0.3360394537448883,0.6824886798858643,-0.014819108881056309,0.28897184133529663,0.71207594871521,-0.021096939221024513,0.2900579273700714,0.7367608547210693,-0.01908203959465027,0.2999019920825958,0.7455785870552063,-0.017674120143055916,0.3394005298614502,0.7021304368972778,-0.023895511403679848,0.2897018790245056,0.7436649203300476,-0.03197568282485008,0.2996015250682831,0.7625362873077393,-0.027955353260040283,0.311968058347702,0.7650550603866577,-0.02648901753127575,0.34395456314086914,0.7300710082054138,-0.031999196857213974,0.2966925799846649,0.7674721479415894,-0.039886943995952606,0.3048744201660156,0.7846205830574036,-0.035848960280418396,0.3143901526927948,0.7888718247413635,-0.03456499055027962,0.3499821722507477,0.7608871459960938,-0.039163943380117416,0.3088206648826599,0.7837724089622498,-0.04790486395359039,0.2874127924442291,0.7986955046653748,-0.05095478147268295,0.26764169335365295,0.8085155487060547,-0.053982723504304886
0.4002576470375061,0.7753577828407288,-3.4600921594574174e-07,0.3789137601852417,0.7363991737365723,0.0070104352198541164,0.3543335199356079,0.6996569633483887,0.003911048639565706,0.3440626859664917,0.6667002439498901,-0.0013144866097718477,0.3482206165790558,0.6400097608566284,-0.0067179882898926735,0.3362594246864319,0.682524561882019,-0.014622734859585762,0.2893972396850586,0.7106607556343079,-0.020920511335134506,0.2889123260974884,0.735646665096283,-0.01901085115969181,0.2978000044822693,0.7450564503669739,-0.01760060153901577,0.3395252525806427,0.7025047540664673,-0.023352986201643944,0.28986722230911255,0.7430914640426636,-0.031238380819559097,0.2981489896774292,0.7622309923171997,-0.02726609818637371,0.30974823236465454,0.764840841293335,-0.02570868656039238,0.34427309036254883,0.7302920818328857,-0.031114384531974792,0.29650142788887024,0.7671282887458801,-0.038911137729883194,0.3018623888492584,0.7850947380065918,-0.03519665077328682,0.30954843759536743,0.7901589274406433,-0.03399098291993141,0.3504541516304016,0.7607501745223999,-0.037926580756902695,0.30928051471710205,0.7835255265235901,-0.04642700031399727,0.28848254680633545,0.7981834411621094,-0.049374230206012726,0.26994794607162476,0.8076576590538025,-0.05220817029476166
0.40056848526000977,0.7751389741897583,-3.402939796615101e-07,0.3789938986301422,0.7366898655891418,0.006925218738615513,0.35426047444343567,0.7000094652175903,0.0038847613614052534,0.34424179792404175,0.6670761704444885,-0.0013649343745782971,0.34818392992019653,0.6401309967041016,-0.006798405200242996,0.3352881073951721,0.6829702258110046,-0.013804676942527294,0.2887931764125824,0.7125256061553955,-0.020277295261621475,0.2900175154209137,0.7366154789924622,-0.01871403679251671,0.3000275492668152,0.7443506121635437,-0.017391519621014595,0.3388586640357971,0.703066885471344,-0.022488005459308624,0.2899673283100128,0.7440057396888733,-0.03046688623726368,0.2978250980377197,0.7627105712890625,-0.027013814076781273,0.30902642011642456,0.7652376890182495,-0.02569437026977539,0.34372761845588684,0.7308021783828735,-0.030280660837888718,0.2966725528240204,0.7680065631866455,-0.03820193186402321,0.30106380581855774,0.7857298254966736,-0.03517594933509827,0.30799442529678345,0.7908450961112976,-0.034284766763448715,0.3499806225299835,0.7611488103866577,-0.037093471735715866,0.3086249828338623,0.7837440371513367,-0.04521126672625542,0.2877015173435211,0.7983818054199219,-0.04804573580622673,0.269157350063324,0.8080446124076843,-0.050751086324453354
0.4003404676914215,0.7741727828979492,-3.4096569834218826e-07,0.37862566113471985,0.7352972030639648,0.006578073836863041,0.353813111782074,0.6984890699386597,0.003087491262704134,0.3436548411846161,0.6656034588813782,-0.0024927062913775444,0.34817805886268616,0.63960862159729,-0.008231980726122856,0.3360983729362488,0.6815452575683594,-0.015256351791322231,0.28888168931007385,0.7110816240310669,-0.022212957963347435,0.28821703791618347,0.7357010841369629,-0.020756131038069725,0.2969609797000885,0.7449344992637634,-0.01954050362110138,0.3396690785884857,0.7020975351333618,-0.023912088945508003,0.2901022732257843,0.7439080476760864,-0.032749466598033905,0.2993287146091461,0.7621157169342041,-0.02921505831182003,0.31150418519973755,0.7646079659461975,-0.027824968099594116,0.34460678696632385,0.7301586866378784,-0.03166011720895767,0.2966935932636261,0.7681769132614136,-0.040173981338739395,0.30275869369506836,0.7856202721595764,-0.03664545714855194,0.3107162117958069,0.7911630272865295,-0.035407911986112595,0.35075655579566956,0.7606407403945923,-0.03849611431360245,0.30953219532966614,0.7831907272338867,-0.047417107969522476,0.2879692018032074,0.7967828512191772,-0.05068902671337128,0.26797473430633545,0.8060657382011414,-0.05377516523003578
0.3999321460723877,0.7743494510650635,-3.4082717093042447e-07,0.3783918619155884,0.736409068107605,0.006444192957133055,0.3536826968193054,0.6995702981948853,0.0030032137874513865,0.3435952663421631,0.6668474674224854,-0.002538889180868864,0.34798234701156616,0.6403800249099731,-0.007761991582810879,0.33518314361572266,0.6822554469108582,-0.015079282224178314,0.28754380345344543,0.7132816910743713,-0.021872423589229584,0.2919262945652008,0.7353883981704712,-0.019825762137770653,0.30385836958885193,0.7405491471290588,-0.01813775673508644,0.3391052186489105,0.7016635537147522,-0.023751290515065193,0.2894289493560791,0.7446043491363525,-0.03220296651124954,0.30120986700057983,0.7610371112823486,-0.027968714013695717,0.3139674663543701,0.7602071166038513,-0.0261685848236084,0.3442422151565552,0.7291824817657471,-0.03161783516407013,0.296248197555542,0.7673234939575195,-0.03958879038691521,0.3052433729171753,0.7833490371704102,-0.035222187638282776,0.31524112820625305,0.7862454652786255,-0.033583611249923706,0.3505255877971649,0.7593858242034912,-0.038686782121658325,0.30910608172416687,0.7814077734947205,-0.04746464267373085,0.2879559099674225,0.7953566908836365,-0.050645504146814346,0.26883724331855774,0.8045049905776978,-0.05365033820271492
0.39908966422080994,0.7749754190444946,-3.298429192000185e-07,0.3773069977760315,0.7366523146629333,0.005439472384750843,0.3531123101711273,0.7003072500228882,0.0016408234369009733,0.3429449498653412,0.6673826575279236,-0.0039651342667639256,0.3482002317905426,0.6412516832351685,-0.009435051120817661,0.33525052666664124,0.6810494661331177,-0.015083711594343185,0.2875320613384247,0.7109976410865784,-0.02209116332232952,0.2899185121059418,0.7347208261489868,-0.0205910075455904,0.3005397319793701,0.7412474751472473,-0.01933526247739792,0.33956378698349,0.7004294991493225,-0.023123037070035934,0.28960317373275757,0.7431701421737671,-0.03190132975578308,0.29851034283638,0.7612627148628235,-0.02882346324622631,0.3097926378250122,0.7620392441749573,-0.0278126560151577,0.34508150815963745,0.7276965379714966,-0.03045700676739216,0.29644760489463806,0.7657911777496338,-0.03902151808142662,0.29885804653167725,0.7843712568283081,-0.03634177893400192,0.30377674102783203,0.7901137471199036,-0.03574129194021225,0.3514713644981384,0.7581019997596741,-0.03695440664887428,0.3099733889102936,0.7786411046981812,-0.0453471802175045,0.2892325222492218,0.7910781502723694,-0.048695158213377,0.27053818106651306,0.7988877296447754,-0.05193503573536873
0.39989858865737915,0.774332582950592,-3.446470770995802e-07,0.3779486119747162,0.7358904480934143,0.006614167243242264,0.35373058915138245,0.6995194554328918,0.0032315461430698633,0.3437637984752655,0.6668300032615662,-0.0021657205652445555,0.34909260272979736,0.6403051614761353,-0.007324886508285999,0.33537501096725464,0.6807073354721069,-0.01522018015384674,0.2872914671897888,0.7114589810371399,-0.021745646372437477,0.2915151119232178,0.7346413731575012,-0.019493920728564262,0.3032034635543823,0.7404444217681885,-0.01795409619808197,0.3397384285926819,0.6995956897735596,-0.023790603503584862,0.2894691228866577,0.7424473166465759,-0.03213975206017494,0.29984888434410095,0.7607802152633667,-0.02780955098569393,0.3119649887084961,0.7619439959526062,-0.026140369474887848,0.34517374634742737,0.7270880937576294,-0.03157665207982063,0.29578086733818054,0.7639756202697754,-0.039547599852085114,0.3002783954143524,0.7820606231689453,-0.035521361976861954,0.30719804763793945,0.7878472208976746,-0.03436464071273804,0.35154861211776733,0.7578064799308777,-0.03853327035903931,0.3105953335762024,0.7770511507987976,-0.048112548887729645,0.28759026527404785,0.7889029383659363,-0.05239497125148773,0.2664375901222229,0.7966562509536743,-0.05632808431982994
0.40005072951316833,0.7740606069564819,-3.635849168404093e-07,0.37834632396698,0.7357878088951111,0.007765924092382193,0.3541419804096222,0.6997087597846985,0.004852104466408491,0.34394553303718567,0.6671057343482971,-0.0003762846172321588,0.3485231399536133,0.6406087279319763,-0.005342339631170034,0.3358515202999115,0.6812371015548706,-0.014326445758342743,0.2878095805644989,0.7108933925628662,-0.02097446098923683,0.2915041148662567,0.7333582639694214,-0.018875405192375183,0.3030075430870056,0.7396164536476135,-0.017408713698387146,0.3395760655403137,0.6999796628952026,-0.023509539663791656,0.2894480228424072,0.7415740489959717,-0.031856462359428406,0.30155012011528015,0.7590052485466003,-0.02682899311184883,0.31435590982437134,0.7596799731254578,-0.024569999426603317,0.3441891372203827,0.727365255355835,-0.031860847026109695,0.2957529127597809,0.7624031901359558,-0.039712198078632355,0.3058750033378601,0.7773536443710327,-0.03432801738381386,0.31694912910461426,0.7804462909698486,-0.03214716166257858,0.3501695692539215,0.75759357213974,-0.039361052215099335,0.3092031478881836,0.7777299284934998,-0.04955067113041878,0.28590959310531616,0.7903262972831726,-0.053610194474458694,0.2642895579338074,0.7989255785942078,-0.05713555961847305
0.3997683525085449,0.7741822600364685,-3.572505420379457e-07,0.37894773483276367,0.7356440424919128,0.006319599226117134,0.35452648997306824,0.6969634294509888,0.003625323064625263,0.3450445532798767,0.6638215780258179,-0.0009189777192659676,0.3509392738342285,0.6378252506256104,-0.005321413744240999,0.3361451327800751,0.6810505390167236,-0.01534436084330082,0.28759875893592834,0.7118225693702698,-0.022361112758517265,0.29305708408355713,0.7333377599716187,-0.021092068403959274,0.30594736337661743,0.7374005317687988,-0.020081954076886177,0.3400934934616089,0.7013857364654541,-0.023341147229075432,0.29012253880500793,0.7429908514022827,-0.03148882836103439,0.3027178645133972,0.7597957849502563,-0.026774805039167404,0.315621942281723,0.7581567168235779,-0.024692030623555183,0.34449124336242676,0.7302790284156799,-0.030538838356733322,0.29625606536865234,0.7656384706497192,-0.03851916640996933,0.3079570531845093,0.7790311574935913,-0.03316652774810791,0.3206673860549927,0.7788481116294861,-0.030626974999904633,0.3495461642742157,0.762179434299469,-0.03692953661084175,0.3062698543071747,0.7802574038505554,-0.047371990978717804,0.28221532702445984,0.7914800643920898,-0.05107387155294418,0.26114875078201294,0.7977312803268433,-0.0539393424987793
0.3990379273891449,0.7742034196853638,-3.571043123429263e-07,0.37808549404144287,0.7352471947669983,0.0069573139771819115,0.3544316291809082,0.6964889764785767,0.0044961655512452126,0.34485477209091187,0.6634038686752319,4.988209911971353e-05,0.3506222069263458,0.6373496651649475,-0.004407578147947788,0.33645179867744446,0.6816934943199158,-0.014923907816410065,0.2883107364177704,0.7106941938400269,-0.021254582330584526,0.29225587844848633,0.7332537770271301,-0.01939651556313038,0.3041607141494751,0.7387494444847107,-0.01799037680029869,0.3399110734462738,0.702368974685669,-0.023187046870589256,0.2901298701763153,0.741868793964386,-0.030818723142147064,0.30145010352134705,0.7601083517074585,-0.025840286165475845,0.31408965587615967,0.7604342103004456,-0.023538738489151,0.3440355956554413,0.7310582399368286,-0.03050912544131279,0.2957325875759125,0.7655206322669983,-0.03807716816663742,0.306535005569458,0.7807497978210449,-0.032680362462997437,0.3189820945262909,0.7825079560279846,-0.030087387189269066,0.3487713634967804,0.7624231576919556,-0.03695523366332054,0.30550047755241394,0.7802838087081909,-0.046773429960012436,0.2817988097667694,0.7920982241630554,-0.05009080469608307,0.26130178570747375,0.799294114112854,-0.052744440734386444
0.399782657623291,0.7734307646751404,-3.562697656889213e-07,0.37955591082572937,0.7351007461547852,0.006639081984758377,0.3552018404006958,0.6954869031906128,0.004631263669580221,0.34526628255844116,0.6619904637336731,0.0008794759050942957,0.3510289788246155,0.6369273066520691,-0.0026919085066765547,0.3369233310222626,0.6810236573219299,-0.01508969347923994,0.28788986802101135,0.711520791053772,-0.021570535376667976,0.295319139957428,0.7325544953346252,-0.019613418728113174,0.3097345530986786,0.7355107665061951,-0.017999611794948578,0.34019121527671814,0.702259361743927,-0.022880427539348602,0.29012247920036316,0.7410435080528259,-0.03063783049583435,0.30311912298202515,0.7581394910812378,-0.025479864329099655,0.3161372244358063,0.75694739818573,-0.022892696782946587,0.34368252754211426,0.7316797971725464,-0.029769767075777054,0.2948259115219116,0.7640895247459412,-0.037416957318782806,0.3073289692401886,0.7774984836578369,-0.03177598863840103,0.32087546586990356,0.7772158980369568,-0.02888369746506214,0.34770676493644714,0.764016330242157,-0.03580767288804054,0.3036442697048187,0.7798991203308105,-0.046214692294597626,0.2793899178504944,0.7907343506813049,-0.04989194869995117,0.2584415376186371,0.7965580224990845,-0.052620094269514084
0.400012344121933,0.7735897302627563,-3.5644751505969907e-07,0.37895509600639343,0.7346497774124146,0.006953280419111252,0.35492220520973206,0.6949452757835388,0.004968331661075354,0.3450145721435547,0.6614344120025635,0.001201170147396624,0.351262629032135,0.6354996562004089,-0.0024151632096618414,0.3355928361415863,0.6805893182754517,-0.015093090943992138,0.2877400517463684,0.711094856262207,-0.020904237404465675,0.29409581422805786,0.7325006723403931,-0.018595198169350624,0.3072671890258789,0.736567497253418,-0.016986722126603127,0.3385924994945526,0.7015752196311951,-0.02320084348320961,0.28967300057411194,0.7408931255340576,-0.030607901513576508,0.30342742800712585,0.7573046088218689,-0.025276703760027885,0.3166857361793518,0.7559553980827332,-0.022786235436797142,0.34229663014411926,0.7306902408599854,-0.03032582439482212,0.29511746764183044,0.763783872127533,-0.03786775842308998,0.3092561364173889,0.7758385539054871,-0.03222126513719559,0.323476642370224,0.774566113948822,-0.029518278315663338,0.3470141291618347,0.7627027034759521,-0.036548350006341934,0.30340030789375305,0.7785040736198425,-0.046998053789138794,0.2792629599571228,0.7898892164230347,-0.05061359331011772,0.2578808665275574,0.7966172695159912,-0.05343461409211159
0.4021415710449219,0.7767547369003296,-3.7393886032077717e-07,0.38070258498191833,0.7369604706764221,0.008115667849779129,0.35625213384628296,0.6968041658401489,0.00705603277310729,0.3456798791885376,0.6633978486061096,0.003962660674005747,0.35099947452545166,0.6360933780670166,0.0008686551009304821,0.3353006839752197,0.6812788248062134,-0.012520533986389637,0.28802022337913513,0.7084662318229675,-0.016812816262245178,0.28930139541625977,0.7325941324234009,-0.014077880419790745,0.2989862859249115,0.7414603233337402,-0.01255774311721325,0.33770352602005005,0.7017772793769836,-0.020995859056711197,0.2890467941761017,0.7391672134399414,-0.027372222393751144,0.30134397745132446,0.7574225068092346,-0.02233933098614216,0.3146362900733948,0.7593302130699158,-0.020303215831518173,0.34123778343200684,0.7307707667350769,-0.028324535116553307,0.2935406267642975,0.762912392616272,-0.03524656593799591,0.3063662350177765,0.7778699398040771,-0.030006054788827896,0.32030555605888367,0.7800716757774353,-0.027843916788697243,0.3457210659980774,0.7631146907806396,-0.03465676307678223,0.30184340476989746,0.7790294289588928,-0.04542161151766777,0.2772597372531891,0.7909190654754639,-0.04959213733673096,0.2555696368217468,0.7988795638084412,-0.05290517583489418
0.40110906958580017,0.7774220108985901,-3.766624558920739e-07,0.37939274311065674,0.7374839186668396,0.00817305687814951,0.355102002620697,0.6982356905937195,0.006536772008985281,0.34461671113967896,0.6648592948913574,0.002682013437151909,0.3499300479888916,0.6372694969177246,-0.0010035689920186996,0.33464187383651733,0.6806968450546265,-0.01272620540112257,0.2868252098560333,0.7088271975517273,-0.018005885183811188,0.289682537317276,0.73272705078125,-0.015672780573368073,0.30038750171661377,0.7407575845718384,-0.014276200905442238,0.33730754256248474,0.7010536193847656,-0.021456442773342133,0.2887767255306244,0.741265594959259,-0.028741830959916115,0.30205968022346497,0.7593272924423218,-0.02387663908302784,0.31541743874549866,0.7602967023849487,-0.02193342335522175,0.3406262695789337,0.7304415106773376,-0.029168687760829926,0.29305753111839294,0.7648798227310181,-0.03672012686729431,0.30667993426322937,0.7798653841018677,-0.03140275552868843,0.32066190242767334,0.7815648913383484,-0.029150469228625298,0.34483757615089417,0.7632546424865723,-0.03589419648051262,0.30153191089630127,0.780828058719635,-0.046673208475112915,0.27761614322662354,0.7931907176971436,-0.050814058631658554,0.2559607923030853,0.801067054271698,-0.05413365364074707
0.4009628891944885,0.7797220945358276,-3.7830139376637817e-07,0.37899309396743774,0.7395631074905396,0.008005745708942413,0.3542221188545227,0.7006929516792297,0.006049999501556158,0.34371596574783325,0.6669192910194397,0.0018843761645257473,0.34852713346481323,0.6392771005630493,-0.0021766445133835077,0.3342287242412567,0.6817050576210022,-0.012741278856992722,0.2865198850631714,0.7106014490127563,-0.01863204315304756,0.2893161475658417,0.7338537573814392,-0.017014799639582634,0.2997857630252838,0.7411642074584961,-0.015987150371074677,0.3370327055454254,0.7018688917160034,-0.02144530974328518,0.2882469892501831,0.7415623664855957,-0.0291930940002203,0.3000568747520447,0.7599900960922241,-0.025089619681239128,0.3126738667488098,0.762084424495697,-0.023556843400001526,0.34039849042892456,0.7311106324195862,-0.02916921302676201,0.29297497868537903,0.7655032277107239,-0.036770086735486984,0.3048759996891022,0.78019779920578,-0.03228882700204849,0.31746768951416016,0.782178521156311,-0.03058169037103653,0.3448752164840698,0.7638280391693115,-0.0358990877866745,0.3014296293258667,0.7828583717346191,-0.04590462148189545,0.2774595022201538,0.7953718900680542,-0.049907080829143524,0.25526973605155945,0.8031483888626099,-0.053245507180690765
0.40121179819107056,0.7795892953872681,-3.6249613799554936e-07,0.3785170316696167,0.7399823665618896,0.007157995365560055,0.35360655188560486,0.7007214426994324,0.004771130625158548,0.34308895468711853,0.6665346622467041,0.00027117246645502746,0.34853848814964294,0.6389480829238892,-0.004133421927690506,0.3335505425930023,0.6822236776351929,-0.013344031758606434,0.28572484850883484,0.7126017808914185,-0.019370920956134796,0.28966107964515686,0.7359572649002075,-0.017857080325484276,0.3007289171218872,0.742261528968811,-0.016889456659555435,0.3364715278148651,0.7028120160102844,-0.02185162901878357,0.2873007357120514,0.7425398230552673,-0.029845891520380974,0.299146443605423,0.7617984414100647,-0.026032380759716034,0.31199440360069275,0.7643671035766602,-0.024580636993050575,0.3402431607246399,0.7322747707366943,-0.029424764215946198,0.29202714562416077,0.7666202783584595,-0.03744804859161377,0.30251550674438477,0.7835886478424072,-0.03340744227170944,0.3144533038139343,0.7875247001647949,-0.03179644048213959,0.344931960105896,0.7652862668037415,-0.0360545888543129,0.30141690373420715,0.7835475206375122,-0.04599867761135101,0.2775435447692871,0.7961242198944092,-0.05000749230384827,0.2558848261833191,0.804149329662323,-0.053307387977838516
0.40143054723739624,0.7797239422798157,-3.661017728973093e-07,0.37795573472976685,0.7409341931343079,0.007369960192590952,0.35248544812202454,0.7020373940467834,0.005034992471337318,0.34173187613487244,0.6677518486976624,0.0007945263641886413,0.3478775918483734,0.6400513052940369,-0.003238890552893281,0.33265912532806396,0.6824509501457214,-0.013984528370201588,0.2849092483520508,0.7127299904823303,-0.019861070439219475,0.28877195715904236,0.7360324859619141,-0.018295418471097946,0.2999027967453003,0.7425546646118164,-0.01744779199361801,0.3357527256011963,0.7024798393249512,-0.02250191569328308,0.2870522141456604,0.7430605292320251,-0.03034326620399952,0.30043771862983704,0.7614143490791321,-0.02614930085837841,0.31412214040756226,0.7630813717842102,-0.02462586760520935,0.33971187472343445,0.731783390045166,-0.03003261238336563,0.29198157787323,0.7672399282455444,-0.03775421902537346,0.30367743968963623,0.7829644680023193,-0.03331288322806358,0.3160463869571686,0.7858761548995972,-0.03170306980609894,0.34459057450294495,0.7648625373840332,-0.03659804165363312,0.3004832863807678,0.783601701259613,-0.046718478202819824,0.2768529951572418,0.7964867353439331,-0.05081286281347275,0.2550329267978668,0.8049765825271606,-0.05430998280644417
0.4006025195121765,0.7808441519737244,-3.57091352043426e-07,0.37671393156051636,0.7415202260017395,0.007197048980742693,0.35128745436668396,0.7026012539863586,0.004773126449435949,0.34067919850349426,0.6684058904647827,0.00044243046431802213,0.3467833697795868,0.6399245858192444,-0.0035963698755949736,0.330944299697876,0.6830608248710632,-0.013571125455200672,0.2833561897277832,0.7156162261962891,-0.019308414310216904,0.28831008076667786,0.7381654977798462,-0.017675239592790604,0.29988202452659607,0.743412971496582,-0.016785649582743645,0.3341888189315796,0.7033464312553406,-0.02206495963037014,0.2859489917755127,0.7470335960388184,-0.029877813532948494,0.29980817437171936,0.7641264796257019,-0.026089992374181747,0.3133361041545868,0.7641444206237793,-0.02491382509469986,0.33827441930770874,0.7330368161201477,-0.029598956927657127,0.29067984223365784,0.7709707617759705,-0.037347469478845596,0.30203548073768616,0.7867069244384766,-0.03337634727358818,0.3137568533420563,0.7891693711280823,-0.032108571380376816,0.34334221482276917,0.7666507959365845,-0.036179069429636,0.29936206340789795,0.7855749130249023,-0.04612293839454651,0.2760189473628998,0.7985100746154785,-0.050216566771268845,0.2544052302837372,0.8070831894874573,-0.053714726120233536
0.399677574634552,0.782101571559906,-3.731410345153563e-07,0.37643134593963623,0.7423471212387085,0.008162464015185833,0.35060015320777893,0.702385425567627,0.0062616062350571156,0.3394208550453186,0.6682673096656799,0.0023526567965745926,0.34577709436416626,0.6400949954986572,-0.0013213917845860124,0.32997721433639526,0.6850353479385376,-0.0136345736682415,0.2829825282096863,0.7163040041923523,-0.01782999187707901,0.28745236992836,0.7388646602630615,-0.01497154962271452,0.29864299297332764,0.7446900606155396,-0.013598708435893059,0.3332916498184204,0.7050260901451111,-0.02233552187681198,0.2857202887535095,0.7494684457778931,-0.028586752712726593,0.2998995780944824,0.7652352452278137,-0.02358105592429638,0.31347668170928955,0.7644731998443604,-0.02209540456533432,0.3374146521091461,0.7343948483467102,-0.02985887974500656,0.2905632555484772,0.7715827226638794,-0.03598664700984955,0.3042930066585541,0.7846033573150635,-0.030901029706001282,0.3177680969238281,0.7851385474205017,-0.029515579342842102,0.3427821397781372,0.7675095200538635,-0.03644710034132004,0.2994319200515747,0.7869306206703186,-0.04619034752249718,0.27585241198539734,0.7999672293663025,-0.05039924383163452,0.25403809547424316,0.8089151382446289,-0.05422009527683258
0.3976736068725586,0.7806805372238159,-3.5964126254839357e-07,0.3753243386745453,0.7412346005439758,0.007926220074295998,0.3498546779155731,0.7019375562667847,0.006137401796877384,0.33856263756752014,0.6681789755821228,0.002308007562533021,0.34471774101257324,0.6407874822616577,-0.0015140882460400462,0.3294006586074829,0.6859380602836609,-0.012783647514879704,0.28368210792541504,0.7168935537338257,-0.016623783856630325,0.28738585114479065,0.7397788763046265,-0.013718525879085064,0.298202246427536,0.7459359765052795,-0.012241337448358536,0.3326122462749481,0.7065538763999939,-0.02132617123425007,0.28552237153053284,0.7490861415863037,-0.027083810418844223,0.2978144884109497,0.7657532691955566,-0.022208649665117264,0.31079497933387756,0.7659645080566406,-0.02065448649227619,0.33675381541252136,0.7359411716461182,-0.028704965487122536,0.290311723947525,0.7721826434135437,-0.03471241146326065,0.3014254868030548,0.7860726118087769,-0.0300107654184103,0.3135499656200409,0.7874610424041748,-0.02868693321943283,0.34183835983276367,0.768875241279602,-0.03511957451701164,0.29883986711502075,0.7876317501068115,-0.044200293719768524,0.2753537893295288,0.8003787994384766,-0.04783900827169418,0.25405561923980713,0.8091081380844116,-0.051216769963502884
0.39816081523895264,0.7822791337966919,-3.671570141250413e-07,0.3761017918586731,0.7429037690162659,0.008086600340902805,0.3500416576862335,0.703804075717926,0.006530696991831064,0.3382698595523834,0.6706065535545349,0.002738594077527523,0.3433211147785187,0.643589973449707,-0.0010308509226888418,0.32933101058006287,0.6857947111129761,-0.011503595858812332,0.28358563780784607,0.7167791128158569,-0.016711803153157234,0.28670525550842285,0.7399511337280273,-0.015160385519266129,0.2977057099342346,0.7468686103820801,-0.014244433492422104,0.3322606682777405,0.7062468528747559,-0.02018546685576439,0.28491920232772827,0.7485007047653198,-0.027149835601449013,0.2966206967830658,0.7651004791259766,-0.023279547691345215,0.3092823624610901,0.7659447193145752,-0.022022148594260216,0.3362456262111664,0.7355619072914124,-0.027880562469363213,0.29015862941741943,0.7722281813621521,-0.034866996109485626,0.3015161454677582,0.7854407429695129,-0.030898166820406914,0.3137381076812744,0.786381721496582,-0.029645925387740135,0.3414373993873596,0.7684128880500793,-0.034585896879434586,0.29835644364356995,0.7888461351394653,-0.04392140731215477,0.2748722732067108,0.8020803332328796,-0.047665785998106,0.25345945358276367,0.8107743263244629,-0.05089122802019119
0.3970392346382141,0.7819368839263916,-3.5846369428327307e-07,0.3749467432498932,0.7425237894058228,0.007833175361156464,0.35011741518974304,0.7036851048469543,0.005625308491289616,0.3390606641769409,0.6705737113952637,0.0012404121225699782,0.3435112237930298,0.6431261897087097,-0.00302987452596426,0.32931894063949585,0.686847984790802,-0.012542931362986565,0.28343796730041504,0.7181736826896667,-0.01803642325103283,0.2870766222476959,0.7402175664901733,-0.016345543786883354,0.29785364866256714,0.7464022040367126,-0.015382410027086735,0.33275872468948364,0.7072373032569885,-0.021402662619948387,0.28504031896591187,0.7502331137657166,-0.028670549392700195,0.298114150762558,0.7657859325408936,-0.024449525400996208,0.3110303282737732,0.7652457356452942,-0.023030035197734833,0.3371555805206299,0.7363929152488708,-0.02929210104048252,0.29042452573776245,0.7730072736740112,-0.036531101912260056,0.302701860666275,0.7854741811752319,-0.03174151852726936,0.31515800952911377,0.7856530547142029,-0.03000493347644806,0.3424757719039917,0.768894374370575,-0.03624293580651283,0.29931068420410156,0.7892568111419678,-0.0459989532828331,0.27586618065834045,0.8019946217536926,-0.04957873746752739,0.25420278310775757,0.8101806044578552,-0.05269748717546463
0.3967130184173584,0.7816475033760071,-3.529478362906957e-07,0.3745422065258026,0.7428193688392639,0.007823217660188675,0.34945201873779297,0.7038206458091736,0.005743180867284536,0.3383016288280487,0.6709734201431274,0.001452525262720883,0.34286385774612427,0.6439271569252014,-0.0027857483364641666,0.3290559947490692,0.6877120733261108,-0.012290189042687416,0.2838970720767975,0.7174211144447327,-0.017478538677096367,0.28665080666542053,0.7401944994926453,-0.01569712534546852,0.2968769669532776,0.7468884587287903,-0.014736657962203026,0.3325910270214081,0.7082151770591736,-0.021118445321917534,0.28524383902549744,0.7506425380706787,-0.028116796165704727,0.297564297914505,0.7665075063705444,-0.02396257407963276,0.31024089455604553,0.7660914063453674,-0.02263208106160164,0.3370222747325897,0.7373552918434143,-0.028945550322532654,0.29035523533821106,0.7743286490440369,-0.035927314311265945,0.30213603377342224,0.7874549031257629,-0.03118310682475567,0.31417641043663025,0.7880164980888367,-0.029502976685762405,0.34236249327659607,0.7698172330856323,-0.03584636002779007,0.2994024455547333,0.7901543974876404,-0.045091044157743454,0.2766933739185333,0.8027052879333496,-0.048290058970451355,0.25578105449676514,0.8106688857078552,-0.051187869161367416
0.3967714011669159,0.781794548034668,-3.457533352957398e-07,0.3747638761997223,0.7421599626541138,0.007755695842206478,0.3501296043395996,0.7038221955299377,0.0052977390587329865,0.33932608366012573,0.6707730293273926,0.000544870097655803,0.34360751509666443,0.6432314515113831,-0.0042295027524232864,0.3294382095336914,0.6879187822341919,-0.012648511677980423,0.2833435535430908,0.719571053981781,-0.018098097294569016,0.2866044342517853,0.7419947385787964,-0.01629479043185711,0.29739847779273987,0.7477840185165405,-0.015182864852249622,0.3330201208591461,0.7082875967025757,-0.02155088633298874,0.2856800854206085,0.7513718605041504,-0.028890615329146385,0.29729077219963074,0.7677730917930603,-0.025084029883146286,0.3098810613155365,0.7682663798332214,-0.02392731048166752,0.33753660321235657,0.7372205257415771,-0.029472017660737038,0.2908444404602051,0.7747761607170105,-0.03681330382823944,0.3007166087627411,0.7895485758781433,-0.032852258533239365,0.3115982711315155,0.7920998334884644,-0.031639330089092255,0.3429374694824219,0.7695431709289551,-0.036416713148355484,0.30015671253204346,0.7898973822593689,-0.04559916630387306,0.277201771736145,0.8029106855392456,-0.04914943873882294,0.256147563457489,0.8116194605827332,-0.052339911460876465
0.39680856466293335,0.7803933620452881,-3.6108681911173335e-07,0.37473440170288086,0.7414224147796631,0.008067656308412552,0.3497903645038605,0.7031418681144714,0.006032757926732302,0.33903074264526367,0.6704726219177246,0.0017613801173865795,0.34408384561538696,0.643750786781311,-0.002441074699163437,0.3300172984600067,0.6870274543762207,-0.012938298285007477,0.28419390320777893,0.7173498272895813,-0.018016941845417023,0.28670620918273926,0.7405117750167847,-0.01582198403775692,0.2970885634422302,0.747633159160614,-0.014638797380030155,0.3333949148654938,0.70728999376297,-0.021882396191358566,0.2865939140319824,0.7513611912727356,-0.028901048004627228,0.29979437589645386,0.7675967216491699,-0.02436637692153454,0.31299126148223877,0.767062246799469,-0.022904139012098312,0.3378177881240845,0.7364553809165955,-0.029806062579154968,0.2915739119052887,0.7748469710350037,-0.036991141736507416,0.3042350709438324,0.7883374094963074,-0.032191626727581024,0.3170810341835022,0.7889735102653503,-0.03058738261461258,0.34323763847351074,0.7689101099967957,-0.03675786033272743,0.3002743124961853,0.7895292043685913,-0.04679026082158089,0.27727168798446655,0.8031431436538696,-0.05064241215586662,0.2562606930732727,0.8121808767318726,-0.05402456596493721
0.3967718780040741,0.7806165218353271,-3.51531866726873e-07,0.3748020529747009,0.7414591312408447,0.007866824977099895,0.3500575125217438,0.7024132013320923,0.005606499034911394,0.339504599571228,0.6693595051765442,0.0011345400707796216,0.34392064809799194,0.6426207423210144,-0.003227482084184885,0.32972848415374756,0.6865251064300537,-0.012811114080250263,0.28408917784690857,0.7180311679840088,-0.017560264095664024,0.28761690855026245,0.7406230568885803,-0.015234576538205147,0.29846322536468506,0.7469220757484436,-0.013981170952320099,0.3332062363624573,0.7065953016281128,-0.021643880754709244,0.2866124212741852,0.751535952091217,-0.02830650471150875,0.29990845918655396,0.7670028805732727,-0.023941384628415108,0.31324803829193115,0.766244649887085,-0.022689977660775185,0.3375750780105591,0.7356079816818237,-0.029431626200675964,0.29140692949295044,0.7743568420410156,-0.035974979400634766,0.30321961641311646,0.7881749868392944,-0.03125349059700966,0.31522122025489807,0.7895623445510864,-0.029896330088377,0.34295323491096497,0.7681152820587158,-0.03630818799138069,0.30057042837142944,0.7884371876716614,-0.04542260989546776,0.27779439091682434,0.8016278743743896,-0.04893241822719574,0.2566121220588684,0.8106497526168823,-0.052239976823329926
0.39639541506767273,0.7783123254776001,-3.5081464488939673e-07,0.37474605441093445,0.7398558259010315,0.008029740303754807,0.3499220311641693,0.701326847076416,0.005909925326704979,0.3390185236930847,0.6688132882118225,0.0017193128587678075,0.34425175189971924,0.6424527168273926,-0.002540586981922388,0.3300360441207886,0.6863325238227844,-0.013944954611361027,0.2848135828971863,0.7180885672569275,-0.018347984179854393,0.2885240614414215,0.7405778169631958,-0.015476524829864502,0.29903581738471985,0.7463864684104919,-0.0139026353135705,0.3334694504737854,0.7070989608764648,-0.022830896079540253,0.28619688749313354,0.7503049969673157,-0.029113061726093292,0.2979878783226013,0.7668253183364868,-0.024260293692350388,0.3104117512702942,0.767065167427063,-0.022665856406092644,0.3377900719642639,0.7361255884170532,-0.030492670834064484,0.2908198833465576,0.7737817168235779,-0.036966338753700256,0.3010641634464264,0.7887768149375916,-0.032127127051353455,0.3123111426830292,0.7912620306015015,-0.030604468658566475,0.34308308362960815,0.7682198882102966,-0.037153951823711395,0.29999756813049316,0.7882001399993896,-0.0463160015642643,0.27752336859703064,0.8012644052505493,-0.049628209322690964,0.2572663724422455,0.8100173473358154,-0.05270076170563698
0.3990367650985718,0.7806653380393982,-3.557144907517795e-07,0.3767288029193878,0.74180668592453,0.008249708451330662,0.35134953260421753,0.7033901810646057,0.006361173465847969,0.34010565280914307,0.6708064079284668,0.0021264217793941498,0.344578355550766,0.6431858539581299,-0.0019969868008047342,0.32961004972457886,0.6877807974815369,-0.01173414010554552,0.28464585542678833,0.7200795412063599,-0.016277629882097244,0.28929635882377625,0.7423273324966431,-0.01395279262214899,0.30063965916633606,0.7478711605072021,-0.012702278792858124,0.3331625461578369,0.7077850699424744,-0.020697124302387238,0.286998987197876,0.7525200843811035,-0.026950012892484665,0.2998962998390198,0.7681095004081726,-0.022436467930674553,0.3125667870044708,0.7674413323402405,-0.021077271550893784,0.337782084941864,0.7367553114891052,-0.02863449603319168,0.29171791672706604,0.7748576402664185,-0.03513343259692192,0.3036445081233978,0.7884910702705383,-0.03041665256023407,0.3160589337348938,0.7897000312805176,-0.028939733281731606,0.34364834427833557,0.7692558765411377,-0.035616181790828705,0.3010871708393097,0.7893215417861938,-0.04497529938817024,0.2781505286693573,0.8026323914527893,-0.048522353172302246,0.2574055790901184,0.8118118047714233,-0.05167669802904129
0.3983747959136963,0.7798417210578918,-3.4828704542633204e-07,0.3763287663459778,0.7412461638450623,0.00743097672238946,0.3507194519042969,0.7021468281745911,0.005390315316617489,0.3396429717540741,0.6691536903381348,0.0013798779109492898,0.34533366560935974,0.6426231265068054,-0.0024733860045671463,0.3296399414539337,0.6874024868011475,-0.013213598169386387,0.2854934334754944,0.7201783657073975,-0.017624899744987488,0.2904951274394989,0.7419819831848145,-0.015175582841038704,0.30164217948913574,0.7467125058174133,-0.013942289166152477,0.33359378576278687,0.707821786403656,-0.02181735262274742,0.2881382703781128,0.7530920505523682,-0.02823430486023426,0.30209678411483765,0.7674154043197632,-0.023745574057102203,0.31520283222198486,0.7654470205307007,-0.022365648299455643,0.33863013982772827,0.7366942167282104,-0.02933165803551674,0.29311448335647583,0.7761000394821167,-0.035779353231191635,0.3055303394794464,0.7888773679733276,-0.03087938390672207,0.3177512288093567,0.7889681458473206,-0.02926764450967312,0.3446921408176422,0.7689521312713623,-0.035960644483566284,0.30162549018859863,0.7892192602157593,-0.04501757398247719,0.2790471911430359,0.8022740483283997,-0.04818272218108177,0.2584531307220459,0.811160683631897,-0.051121387630701065
0.39763158559799194,0.7802310585975647,-3.4899076695182885e-07,0.3752894997596741,0.7404038310050964,0.00782790593802929,0.35112226009368896,0.7016780972480774,0.00565445376560092,0.341063529253006,0.6687633395195007,0.0013944562524557114,0.3473060429096222,0.6420865654945374,-0.0028167078271508217,0.3316512405872345,0.6852996349334717,-0.013066229410469532,0.2866527736186981,0.7177329659461975,-0.017758337780833244,0.29143068194389343,0.7398706674575806,-0.015397313982248306,0.3028843104839325,0.7451441287994385,-0.01412801444530487,0.3349473774433136,0.7059643268585205,-0.02182094007730484,0.28825217485427856,0.7505985498428345,-0.02828807942569256,0.30137354135513306,0.7662033438682556,-0.023927859961986542,0.3145318925380707,0.7652459144592285,-0.022638536989688873,0.3388672173023224,0.7353541254997253,-0.02945917658507824,0.2926085889339447,0.7741283178329468,-0.03573628515005112,0.30458807945251465,0.7878371477127075,-0.03098851814866066,0.31681907176971436,0.788477897644043,-0.029567336663603783,0.343951553106308,0.7681224346160889,-0.036178622394800186,0.30129677057266235,0.788907527923584,-0.04504350945353508,0.2791939973831177,0.8019666075706482,-0.048274796456098557,0.2588832974433899,0.8103151321411133,-0.05129978433251381
0.4013616442680359,0.7768078446388245,-3.5056012848144746e-07,0.37884703278541565,0.7379329204559326,0.00792011246085167,0.35376861691474915,0.6998375058174133,0.006096217315644026,0.34296706318855286,0.6672236919403076,0.002134527312591672,0.34857162833213806,0.640731692314148,-0.001407700590789318,0.33611607551574707,0.6791472434997559,-0.011045691557228565,0.2902437150478363,0.7084932923316956,-0.0162387415766716,0.2950437068939209,0.7308992743492126,-0.014556296169757843,0.3064546287059784,0.7360762357711792,-0.013637839816510677,0.33883562684059143,0.6988121271133423,-0.01982842944562435,0.29082566499710083,0.7413634061813354,-0.027016563341021538,0.3027339279651642,0.7572102546691895,-0.02357848733663559,0.3157937228679657,0.7564935684204102,-0.022705748677253723,0.34215405583381653,0.7276084423065186,-0.027736110612750053,0.2945108711719513,0.7648447155952454,-0.03451627492904663,0.30217790603637695,0.7809392213821411,-0.030909936875104904,0.31123122572898865,0.7837686538696289,-0.030238954350352287,0.3464343845844269,0.7600466012954712,-0.03474298492074013,0.3042556345462799,0.779204785823822,-0.043227195739746094,0.2820162773132324,0.7919173836708069,-0.04686812683939934,0.261347234249115,0.8002287745475769,-0.05040350928902626
0.4034956097602844,0.774589478969574,-3.5884031035493535e-07,0.3812274634838104,0.7344233989715576,0.008112821727991104,0.3563659191131592,0.6973328590393066,0.006264187395572662,0.3452950119972229,0.6657129526138306,0.0020762216299772263,0.35135895013809204,0.6398814916610718,-0.0017189448699355125,0.33800727128982544,0.6761423349380493,-0.01071904506534338,0.2921552360057831,0.7051385045051575,-0.01550990529358387,0.29519349336624146,0.7284554839134216,-0.013264198787510395,0.3052784502506256,0.7350896000862122,-0.011997787281870842,0.34034037590026855,0.6952213644981384,-0.019629837945103645,0.2932319939136505,0.7386989593505859,-0.02632047049701214,0.3042292296886444,0.755077064037323,-0.022498629987239838,0.3162672221660614,0.7552429437637329,-0.02153066359460354,0.34353065490722656,0.7234371304512024,-0.027654794976115227,0.2972836196422577,0.7615217566490173,-0.03403995558619499,0.30527713894844055,0.7771217226982117,-0.030356254428625107,0.31415608525276184,0.7799384593963623,-0.029775990173220634,0.3481033742427826,0.7555835247039795,-0.03480434790253639,0.30643555521965027,0.7754121422767639,-0.043020740151405334,0.2847442924976349,0.7875983715057373,-0.04655556380748749,0.2644428610801697,0.7956755757331848,-0.050070058554410934
0.4054088592529297,0.7761537432670593,-3.5321437508173403e-07,0.3828376233577728,0.7360691428184509,0.008328541181981564,0.3578990697860718,0.6986396908760071,0.006605654023587704,0.34689411520957947,0.6669186949729919,0.002522994065657258,0.35234469175338745,0.6401267647743225,-0.0013698674738407135,0.3400198221206665,0.6770224571228027,-0.010846138000488281,0.29397284984588623,0.7088927030563354,-0.016282830387353897,0.29777583479881287,0.7321643233299255,-0.014358830638229847,0.3088446855545044,0.7375730276107788,-0.013099387288093567,0.3427395820617676,0.6968286633491516,-0.01984347403049469,0.2942887842655182,0.7398278713226318,-0.027064865455031395,0.30260610580444336,0.7570434212684631,-0.02369907684624195,0.31349048018455505,0.759209930896759,-0.02286365069448948,0.3462661802768707,0.7254606485366821,-0.02795732207596302,0.29861438274383545,0.7622406482696533,-0.03513260558247566,0.3036149740219116,0.7793161869049072,-0.03230343014001846,0.310783714056015,0.7843785285949707,-0.03202008828520775,0.35133662819862366,0.7577036619186401,-0.03507182002067566,0.31054866313934326,0.7761267423629761,-0.04379402473568916,0.2884427309036255,0.7882238626480103,-0.0479288212954998,0.26796993613243103,0.796667218208313,-0.05169850215315819
0.40460675954818726,0.7754563689231873,-3.430346282584651e-07,0.38223323225975037,0.7369767427444458,0.006710129324346781,0.3571891188621521,0.6994227766990662,0.003797702258452773,0.34643784165382385,0.6664649844169617,-0.0011303795035928488,0.35080909729003906,0.6386277675628662,-0.005757006350904703,0.3388994038105011,0.6780933737754822,-0.013413728214800358,0.29256922006607056,0.7097122669219971,-0.019419362768530846,0.29632002115249634,0.733174741268158,-0.017781605944037437,0.307279109954834,0.7388644814491272,-0.016737084835767746,0.3419705629348755,0.6975599527359009,-0.021856386214494705,0.2942650318145752,0.7413522005081177,-0.029717855155467987,0.3040373623371124,0.7592495083808899,-0.02654266357421875,0.3155461251735687,0.761253297328949,-0.025857282802462578,0.3459535837173462,0.7259484529495239,-0.029460541903972626,0.2988872826099396,0.7647264003753662,-0.037006132304668427,0.3047008216381073,0.7825407385826111,-0.03396361693739891,0.31239476799964905,0.7880803346633911,-0.03353504091501236,0.35120052099227905,0.758189857006073,-0.03617740422487259,0.3091832995414734,0.7780675888061523,-0.04485918581485748,0.28677132725715637,0.7904277443885803,-0.04868184030056,0.2661212086677551,0.7985844612121582,-0.05227787420153618
0.4050499200820923,0.7757036685943604,-3.3698933066261816e-07,0.3823753595352173,0.7372003197669983,0.007172617595642805,0.35752376914024353,0.6996243000030518,0.004502756986767054,0.3471969664096832,0.6666927933692932,-0.0002310708223376423,0.3521857261657715,0.6390050649642944,-0.0049612135626375675,0.3390781581401825,0.6787989735603333,-0.01285057794302702,0.2932848632335663,0.711071252822876,-0.018572678789496422,0.2960842251777649,0.7345111966133118,-0.016909683123230934,0.3061468303203583,0.7402275800704956,-0.01593560352921486,0.34236639738082886,0.6988704204559326,-0.021441306918859482,0.29431238770484924,0.7416634559631348,-0.029093220829963684,0.3021053671836853,0.7608410716056824,-0.02613779343664646,0.31268393993377686,0.7642521262168884,-0.025522416457533836,0.3466801047325134,0.7274641394615173,-0.02913246676325798,0.2990044057369232,0.7649283409118652,-0.03669809550046921,0.3006778657436371,0.7847300171852112,-0.03446950390934944,0.3053949773311615,0.7924180030822754,-0.034539803862571716,0.35226139426231384,0.7596210241317749,-0.03584883734583855,0.3111770749092102,0.7792536020278931,-0.04465046152472496,0.2887974977493286,0.7918295860290527,-0.048967957496643066,0.26853594183921814,0.8005508184432983,-0.052932724356651306
0.4061376452445984,0.777402937412262,-3.314441130441992e-07,0.38300612568855286,0.7380688190460205,0.006388350855559111,0.3581971824169159,0.6999993324279785,0.0031168637797236443,0.347644567489624,0.6666770577430725,-0.0020781136117875576,0.3523823320865631,0.6382783651351929,-0.007009104825556278,0.3404920995235443,0.6807783246040344,-0.014357230626046658,0.2933395206928253,0.7134986519813538,-0.02064252644777298,0.298883855342865,0.7351946830749512,-0.018810831010341644,0.31042948365211487,0.7391687631607056,-0.017549557611346245,0.34393247961997986,0.7008072137832642,-0.022647928446531296,0.29521119594573975,0.7437753081321716,-0.031153131276369095,0.30473658442497253,0.7616246342658997,-0.028340427204966545,0.3159679174423218,0.7642312049865723,-0.02768164500594139,0.34821709990501404,0.7293974757194519,-0.030070658773183823,0.30005425214767456,0.7667735815048218,-0.03838082030415535,0.30317994952201843,0.7860278487205505,-0.036202576011419296,0.3085830509662628,0.7935216426849365,-0.036109019070863724,0.3533775508403778,0.7614279389381409,-0.036532074213027954,0.3119140863418579,0.7804625630378723,-0.045512955635786057,0.28991448879241943,0.7931544780731201,-0.049830105155706406,0.2696341276168823,0.8019583225250244,-0.05373040959239006
0.4069303870201111,0.778035044670105,-3.478777443888248e-07,0.3840502202510834,0.7388617396354675,0.007147790398448706,0.3589164912700653,0.7010189890861511,0.003917008638381958,0.3474481999874115,0.6687068343162537,-0.0014097249368205667,0.35040542483329773,0.6416776776313782,-0.006791147403419018,0.33997631072998047,0.6814080476760864,-0.014196361415088177,0.29400521516799927,0.7112118601799011,-0.019980212673544884,0.2940817177295685,0.7365509271621704,-0.018353065475821495,0.3021683990955353,0.7463050484657288,-0.017627360299229622,0.34374749660491943,0.7004039287567139,-0.023093093186616898,0.294935941696167,0.7421042919158936,-0.030811546370387077,0.3042122423648834,0.7606931924819946,-0.027449749410152435,0.3163045644760132,0.7644206285476685,-0.026813555508852005,0.34890180826187134,0.7284539341926575,-0.0309828519821167,0.301079124212265,0.763801097869873,-0.03838121518492699,0.30581697821617126,0.781348466873169,-0.03495505079627037,0.312759131193161,0.7877984046936035,-0.034542739391326904,0.35527700185775757,0.7599946856498718,-0.03795800358057022,0.31502631306648254,0.780337393283844,-0.04688497632741928,0.29288414120674133,0.7930892705917358,-0.05069683492183685,0.2721562385559082,0.8022629022598267,-0.05451464280486107
0.4069244861602783,0.7778295874595642,-3.549237419520068e-07,0.3837847411632538,0.7382189035415649,0.007336291018873453,0.35928505659103394,0.7004855275154114,0.004329886753112078,0.34813061356544495,0.6676337718963623,-0.0007945497636683285,0.3502010405063629,0.6393604874610901,-0.005767674185335636,0.3404185473918915,0.680820643901825,-0.015289544127881527,0.2925490438938141,0.7115495204925537,-0.02132389321923256,0.2954269051551819,0.7351890802383423,-0.018875958397984505,0.3059733808040619,0.742315948009491,-0.0172959566116333,0.34411677718162537,0.6997379064559937,-0.02417973428964615,0.2939106225967407,0.742119312286377,-0.03195040673017502,0.3035203516483307,0.7607898712158203,-0.02768285572528839,0.3157380223274231,0.763549268245697,-0.026388641446828842,0.3489377498626709,0.7280070781707764,-0.032093729823827744,0.3003494143486023,0.7639767527580261,-0.03957546129822731,0.3071739375591278,0.7816398739814758,-0.035599883645772934,0.31635183095932007,0.7871670126914978,-0.034785594791173935,0.3551175594329834,0.7598050832748413,-0.03907633200287819,0.31472307443618774,0.7791311144828796,-0.04870862513780594,0.29251062870025635,0.7923339009284973,-0.053008612245321274,0.27222341299057007,0.8014951944351196,-0.05700501799583435
0.4082774519920349,0.7752243280410767,-3.222930899937637e-07,0.38528865575790405,0.736070454120636,0.0058540888130664825,0.35910382866859436,0.6990798711776733,0.002342477673664689,0.34794074296951294,0.6658885478973389,-0.002923214342445135,0.35118845105171204,0.637566089630127,-0.008285040967166424,0.34064429998397827,0.679981529712677,-0.014153487049043179,0.29419222474098206,0.7116377949714661,-0.02149531990289688,0.2952824532985687,0.7363724708557129,-0.021243778988718987,0.3041631877422333,0.7439162135124207,-0.021035997197031975,0.3445178270339966,0.7006316184997559,-0.022359780967235565,0.29560157656669617,0.7427235841751099,-0.031314633786678314,0.303830087184906,0.7613055109977722,-0.02928335592150688,0.31526076793670654,0.763603687286377,-0.028977051377296448,0.35006090998649597,0.7293806672096252,-0.029785053804516792,0.3024710714817047,0.7665331959724426,-0.03868258744478226,0.30247828364372253,0.7867010235786438,-0.03684677928686142,0.30517053604125977,0.7943308353424072,-0.036719754338264465,0.356969952583313,0.7607554197311401,-0.03624320402741432,0.31735098361968994,0.782276451587677,-0.04484498128294945,0.2987994849681854,0.7960211634635925,-0.04816490411758423,0.28184381127357483,0.8050346970558167,-0.05121687054634094
0.4100326895713806,0.7781330347061157,-3.614952674979577e-07,0.3856799304485321,0.739714503288269,0.007542462088167667,0.3598881661891937,0.7020614743232727,0.005001575220376253,0.3477397561073303,0.6693246364593506,0.0003690981538966298,0.3510991036891937,0.6407100558280945,-0.0038287306670099497,0.3412154018878937,0.6823513507843018,-0.0135878324508667,0.293539822101593,0.713545560836792,-0.020113404840230942,0.2979104518890381,0.7362319231033325,-0.018115105107426643,0.30920204520225525,0.7417672872543335,-0.01666988991200924,0.3449191451072693,0.7013694643974304,-0.022407887503504753,0.29466578364372253,0.7436670064926147,-0.031115489080548286,0.30618417263031006,0.761090874671936,-0.027141567319631577,0.31914979219436646,0.7622124552726746,-0.025489656254649162,0.34970495104789734,0.7295743823051453,-0.03037668578326702,0.3014484941959381,0.7661393880844116,-0.038784660398960114,0.31058380007743835,0.7820615172386169,-0.03495647758245468,0.32060161232948303,0.7851836085319519,-0.03363867476582527,0.35586485266685486,0.7610100507736206,-0.03739579766988754,0.31567397713661194,0.7822611331939697,-0.047268372029066086,0.294324666261673,0.7966230511665344,-0.051618512719869614,0.27421778440475464,0.8066595792770386,-0.0553826279938221
0.41159147024154663,0.7789576053619385,-3.828567116670456e-07,0.38646751642227173,0.7403822541236877,0.008545642718672752,0.36016345024108887,0.7021006941795349,0.006271239835768938,0.3477719724178314,0.6692770719528198,0.0017747634556144476,0.3504445552825928,0.640801191329956,-0.0028369666542857885,0.34171822667121887,0.6821386218070984,-0.01430504396557808,0.29361045360565186,0.7127280235290527,-0.020313991233706474,0.291361540555954,0.7395706176757812,-0.018640942871570587,0.2977616786956787,0.7507085800170898,-0.01788424886763096,0.3452141582965851,0.7007745504379272,-0.023641981184482574,0.29396140575408936,0.7433849573135376,-0.031658418476581573,0.3035911023616791,0.7634090185165405,-0.027468876913189888,0.31639373302459717,0.7681030631065369,-0.0261802040040493,0.35031723976135254,0.7288995385169983,-0.03183504194021225,0.30118998885154724,0.7659750580787659,-0.039170533418655396,0.3099922835826874,0.7838813662528992,-0.03453093767166138,0.3206491768360138,0.7894782423973083,-0.03328681364655495,0.3569650650024414,0.760519802570343,-0.03906222805380821,0.3157370686531067,0.781190812587738,-0.048988718539476395,0.29369935393333435,0.7955359220504761,-0.05317935347557068,0.27339744567871094,0.8059649467468262,-0.057120431214571
0.4122798442840576,0.7796434164047241,-3.734127744792204e-07,0.38684865832328796,0.7407369017601013,0.008082766085863113,0.360097199678421,0.7025246620178223,0.0052679190412163734,0.34746259450912476,0.6694446802139282,0.0002604121982585639,0.3503662943840027,0.6412748098373413,-0.00516883097589016,0.34127160906791687,0.6821145415306091,-0.014040215872228146,0.2937290668487549,0.7125967741012573,-0.020259914919734,0.2867063283920288,0.7410261631011963,-0.01965313032269478,0.2890324592590332,0.7548587918281555,-0.019852276891469955,0.3448638916015625,0.7007957696914673,-0.023404935374855995,0.29413971304893494,0.744452953338623,-0.03162062168121338,0.3025999665260315,0.7653473615646362,-0.02862541750073433,0.3151123821735382,0.7713121771812439,-0.028305884450674057,0.3503357768058777,0.7286780476570129,-0.03160996735095978,0.30205026268959045,0.7672663331031799,-0.03928866609930992,0.3089471161365509,0.7862311005592346,-0.03547048568725586,0.31806233525276184,0.7932147979736328,-0.03479732200503349,0.35739365220069885,0.7600389122962952,-0.03885732591152191,0.31631213426589966,0.7810811400413513,-0.048262834548950195,0.29457494616508484,0.7952268719673157,-0.051957838237285614,0.274491548538208,0.805604100227356,-0.05572628229856491
0.41262590885162354,0.7794972062110901,-3.8303801375150215e-07,0.38668695092201233,0.7413713932037354,0.008686484768986702,0.36024656891822815,0.704261064529419,0.006655318662524223,0.3471033573150635,0.6716748476028442,0.002373829483985901,0.3502396047115326,0.6428893208503723,-0.0019782602321356535,0.3418534994125366,0.6826500296592712,-0.012903866358101368,0.2941223084926605,0.7133967280387878,-0.018925633281469345,0.29308953881263733,0.7398881316184998,-0.01717844232916832,0.3004967272281647,0.7499005794525146,-0.016156084835529327,0.3455471098423004,0.7010049223899841,-0.022213777527213097,0.29422491788864136,0.7432190179824829,-0.030434193089604378,0.30272388458251953,0.7644420266151428,-0.02671024203300476,0.3149756193161011,0.7703056931495667,-0.025406861677765846,0.350908488035202,0.7285186052322388,-0.03045552782714367,0.3021226227283478,0.7660577297210693,-0.03832456097006798,0.30889344215393066,0.7852240204811096,-0.03472033515572548,0.31810224056243896,0.7920511364936829,-0.03378341719508171,0.35763514041900635,0.7598001956939697,-0.03761466220021248,0.3161860704421997,0.7803213000297546,-0.047208271920681,0.29488909244537354,0.7945365309715271,-0.05145350843667984,0.2755622863769531,0.804726779460907,-0.055331386625766754
0.4130709171295166,0.7807944416999817,-3.79785319637449e-07,0.3875836133956909,0.7425521016120911,0.008544147945940495,0.3609811067581177,0.7054111957550049,0.00600849837064743,0.34802475571632385,0.6731186509132385,0.001203990774229169,0.34963682293891907,0.6438731551170349,-0.004023851361125708,0.34229564666748047,0.6837831735610962,-0.013685726560652256,0.2943399250507355,0.714058518409729,-0.02004767768085003,0.28570953011512756,0.742387592792511,-0.019765207543969154,0.28675439953804016,0.7573882341384888,-0.02021155320107937,0.34554988145828247,0.7018289566040039,-0.023107517510652542,0.2950027287006378,0.7455663681030273,-0.03117251582443714,0.3040236532688141,0.7655421495437622,-0.027999168261885643,0.3169213831424713,0.7714921236038208,-0.027660224586725235,0.35080263018608093,0.7295972108840942,-0.03135695680975914,0.30271679162979126,0.7673507332801819,-0.03905552253127098,0.3106722831726074,0.7848151326179504,-0.0349113792181015,0.3208371698856354,0.7911990880966187,-0.034062691032886505,0.3578307032585144,0.7606757283210754,-0.03858572617173195,0.31668493151664734,0.7809663414955139,-0.048336490988731384,0.2954004406929016,0.7951399087905884,-0.05193909630179405,0.27601316571235657,0.8061959147453308,-0.055568378418684006
0.4119759798049927,0.7805905938148499,-3.9601420098733797e-07,0.3867824077606201,0.7421807050704956,0.009008482098579407,0.36048105359077454,0.7053943276405334,0.006942814216017723,0.3471684455871582,0.6734527945518494,0.0023828712292015553,0.3492996096611023,0.6442871689796448,-0.0021825360599905252,0.34180504083633423,0.685049831867218,-0.012880762107670307,0.2935278117656708,0.7148328423500061,-0.019230537116527557,0.29220521450042725,0.7409600615501404,-0.017511922866106033,0.2994527518749237,0.7516966462135315,-0.01652454398572445,0.34535127878189087,0.7028821706771851,-0.022504610940814018,0.29410088062286377,0.7448578476905823,-0.031030459329485893,0.3051874339580536,0.7644602656364441,-0.026705145835876465,0.31862837076187134,0.7687346339225769,-0.024954531341791153,0.3505014181137085,0.7301604747772217,-0.03108903206884861,0.3020913600921631,0.7661391496658325,-0.03937844932079315,0.3141089677810669,0.7821064591407776,-0.03447726368904114,0.32668131589889526,0.7856258749961853,-0.03254279866814613,0.3571857810020447,0.7607681155204773,-0.038606006652116776,0.31632375717163086,0.7812012434005737,-0.04894464462995529,0.29527726769447327,0.7959276437759399,-0.052809469401836395,0.2755139172077179,0.8065316081047058,-0.056245435029268265
0.4120446443557739,0.7820195555686951,-3.9757537706464063e-07,0.386460542678833,0.7425267696380615,0.009204908274114132,0.3600357174873352,0.7050904631614685,0.007494702469557524,0.34671416878700256,0.6727819442749023,0.00327065447345376,0.3501565754413605,0.6441782116889954,-0.000919207523111254,0.3413715362548828,0.684012234210968,-0.012560087256133556,0.29285454750061035,0.7140355110168457,-0.01847611740231514,0.2934854030609131,0.7396031022071838,-0.016380760818719864,0.30184873938560486,0.748819887638092,-0.015255804173648357,0.3451772928237915,0.7018243670463562,-0.022246722131967545,0.29381063580513,0.7448614239692688,-0.030637405812740326,0.30473774671554565,0.76446133852005,-0.02646590769290924,0.31801101565361023,0.768121063709259,-0.024944119155406952,0.35047364234924316,0.7293867468833923,-0.030881047248840332,0.30150315165519714,0.7659679055213928,-0.03913683444261551,0.312436044216156,0.7830625772476196,-0.03476099297404289,0.3246711790561676,0.7875249981880188,-0.033293746411800385,0.3572857975959778,0.7604783773422241,-0.038437146693468094,0.31633955240249634,0.7809983491897583,-0.04909871146082878,0.2949847877025604,0.7960739731788635,-0.05367240309715271,0.2754279375076294,0.807002067565918,-0.05767133831977844
0.412695050239563,0.7799974083900452,-3.8963324300311797e-07,0.38679900765419006,0.7413817048072815,0.008932352066040039,0.3602997362613678,0.7043273448944092,0.007064526900649071,0.34721365571022034,0.6722587943077087,0.002689194632694125,0.34994882345199585,0.6435835361480713,-0.001500867772847414,0.3415345549583435,0.6840652823448181,-0.012562332674860954,0.29270046949386597,0.715160608291626,-0.018612325191497803,0.29473528265953064,0.740086019039154,-0.01638389565050602,0.30444103479385376,0.748144268989563,-0.014949449338018894,0.345336377620697,0.7019901871681213,-0.022212781012058258,0.293960303068161,0.7449625134468079,-0.030534939840435982,0.3051196038722992,0.7646117210388184,-0.02623538300395012,0.3186534643173218,0.768302321434021,-0.02454305998980999,0.35064488649368286,0.7295617461204529,-0.030867209658026695,0.30171260237693787,0.7669152617454529,-0.038862816989421844,0.31280317902565,0.7847263216972351,-0.034284163266420364,0.32511448860168457,0.7892731428146362,-0.03268878534436226,0.35750389099121094,0.7607017159461975,-0.038500286638736725,0.31617656350135803,0.7806939482688904,-0.048593733459711075,0.29482004046440125,0.7956072092056274,-0.05271369591355324,0.2753891348838806,0.8062176704406738,-0.05638932064175606
0.4128445088863373,0.7827989459037781,-3.9422840814040683e-07,0.3868393898010254,0.7436389327049255,0.008975410833954811,0.3603143095970154,0.7062991857528687,0.006480079609900713,0.3469351828098297,0.6738452911376953,0.0014890547608956695,0.34899652004241943,0.6447120308876038,-0.0038490642327815294,0.34180137515068054,0.6835960745811462,-0.01292981207370758,0.2938959300518036,0.7140082120895386,-0.019351154565811157,0.287550687789917,0.7425152659416199,-0.018840350210666656,0.29070958495140076,0.7566462755203247,-0.018937090411782265,0.3451935946941376,0.7013922929763794,-0.02272745966911316,0.29439419507980347,0.7448205351829529,-0.03089316375553608,0.30312100052833557,0.7660232186317444,-0.02773396298289299,0.3158557713031769,0.7725960612297058,-0.027225926518440247,0.3503795266151428,0.7288037538528442,-0.03133148327469826,0.3022436499595642,0.7677502036094666,-0.038794100284576416,0.31147828698158264,0.7859316468238831,-0.03440297767519951,0.3226810395717621,0.7918903827667236,-0.033285923302173615,0.35734888911247253,0.7600158452987671,-0.03892674297094345,0.31552010774612427,0.7821875810623169,-0.04792214557528496,0.2948342561721802,0.7973839044570923,-0.05091329663991928,0.2760762572288513,0.8084465861320496,-0.05406893789768219
0.41325607895851135,0.7824476957321167,-4.001648221674259e-07,0.38704076409339905,0.7432868480682373,0.009617829695343971,0.3606719970703125,0.7064388394355774,0.007366724777966738,0.3473459780216217,0.6743186712265015,0.0024247358087450266,0.34885790944099426,0.6451666355133057,-0.0029267396312206984,0.3424358069896698,0.6837602853775024,-0.012491279281675816,0.29384392499923706,0.713450014591217,-0.019044727087020874,0.2868325412273407,0.7422268390655518,-0.01852249912917614,0.28977125883102417,0.7570733428001404,-0.01854468509554863,0.34555166959762573,0.7017339468002319,-0.02266925573348999,0.2942635416984558,0.7443294525146484,-0.03090900555253029,0.3030094802379608,0.7658233642578125,-0.027558187022805214,0.31585314869880676,0.7728211879730225,-0.026866108179092407,0.35055649280548096,0.7295337915420532,-0.03163186460733414,0.3018127679824829,0.767333984375,-0.03930036351084709,0.31140175461769104,0.7855372428894043,-0.03462198004126549,0.3231731951236725,0.7917300462722778,-0.03323034197092056,0.3573084771633148,0.7610048055648804,-0.039523057639598846,0.3146279454231262,0.7826392650604248,-0.049008261412382126,0.2930190861225128,0.7979306578636169,-0.052094344049692154,0.27365097403526306,0.809266984462738,-0.05521996319293976
0.41236522793769836,0.7816300392150879,-3.840871727334161e-07,0.3869037628173828,0.7426174879074097,0.008426555432379246,0.3604528307914734,0.7056497931480408,0.005494209937751293,0.3472667336463928,0.6733867526054382,0.00011740772606572136,0.3485828638076782,0.6441316604614258,-0.005534213501960039,0.3419710397720337,0.6836825609207153,-0.013578728772699833,0.2931745648384094,0.7140709161758423,-0.02061753161251545,0.2848755121231079,0.7424169778823853,-0.020446617156267166,0.28631266951560974,0.7573371529579163,-0.020689640194177628,0.3449070155620575,0.701884925365448,-0.02317274734377861,0.2941135764122009,0.7453049421310425,-0.03189732879400253,0.3040713369846344,0.7648051381111145,-0.028578344732522964,0.3172016739845276,0.7698245048522949,-0.02786792442202568,0.3497188985347748,0.7295736074447632,-0.03168278560042381,0.3016868531703949,0.7673073410987854,-0.03984501212835312,0.3122638761997223,0.7837424278259277,-0.035019129514694214,0.32386544346809387,0.788237452507019,-0.03341935575008392,0.35647422075271606,0.7606461644172668,-0.039239611476659775,0.31519606709480286,0.7818214297294617,-0.04867082089185715,0.2946867346763611,0.7969749569892883,-0.051463205367326736,0.2755522131919861,0.8082681894302368,-0.05437516048550606
0.4112335443496704,0.7820993065834045,-3.88567769959991e-07,0.38601160049438477,0.7431707978248596,0.008325899951159954,0.35930222272872925,0.7054758667945862,0.006144172977656126,0.34647443890571594,0.6730753183364868,0.0015925541520118713,0.3489294946193695,0.6447243094444275,-0.0029449264984577894,0.3413578271865845,0.6843986511230469,-0.01236982736736536,0.2931826710700989,0.7136500477790833,-0.019140230491757393,0.290327787399292,0.7406805157661438,-0.018320363014936447,0.2966151833534241,0.7526267170906067,-0.017863040789961815,0.34444740414619446,0.7027119398117065,-0.0214595478028059,0.2944188714027405,0.7453747391700745,-0.03024153783917427,0.30539098381996155,0.7636881470680237,-0.026924896985292435,0.31872597336769104,0.767169713973999,-0.025915488600730896,0.34937039017677307,0.7302049994468689,-0.029592135921120644,0.3022637665271759,0.7668834924697876,-0.03811987489461899,0.31335246562957764,0.7824585437774658,-0.03410171717405319,0.32474860548973083,0.7859495878219604,-0.03277553990483284,0.35601353645324707,0.7609888315200806,-0.036709338426589966,0.3164023160934448,0.7820146679878235,-0.04659046605229378,0.29570165276527405,0.7966102361679077,-0.0504000224173069,0.275590181350708,0.8072587251663208,-0.05392678454518318
0.41102051734924316,0.7806143760681152,-3.910215582436649e-07,0.3860896825790405,0.7413241863250732,0.009103886783123016,0.3597354292869568,0.705021858215332,0.006929632276296616,0.34649085998535156,0.6733563542366028,0.0021396116353571415,0.3484596014022827,0.6449042558670044,-0.0028327275067567825,0.3411652147769928,0.6849749088287354,-0.012784156948328018,0.2927122116088867,0.7150737643241882,-0.019833091646432877,0.28957614302635193,0.7419176697731018,-0.01919531263411045,0.2956990599632263,0.7541180849075317,-0.01889093965291977,0.3443889319896698,0.7029224038124084,-0.022462990134954453,0.2937418520450592,0.7456594109535217,-0.03112964890897274,0.30427196621894836,0.7648311853408813,-0.027413634583353996,0.3175285756587982,0.7692810893058777,-0.026192720979452133,0.3494455814361572,0.7302835583686829,-0.031112177297472954,0.30181482434272766,0.7674823999404907,-0.039343301206827164,0.3132266104221344,0.7836925387382507,-0.03475762903690338,0.3255457282066345,0.7879413962364197,-0.033146701753139496,0.3564015328884125,0.7608056664466858,-0.03872576355934143,0.3160725235939026,0.7825101017951965,-0.04885350167751312,0.2946970760822296,0.7978476285934448,-0.05268102511763573,0.27471354603767395,0.8092696666717529,-0.05617992579936981
0.411173939704895,0.780342161655426,-3.9331661128017004e-07,0.38582995533943176,0.7416799068450928,0.009511805139482021,0.3593536615371704,0.7053548693656921,0.007582172751426697,0.34560874104499817,0.6736640930175781,0.0030714627355337143,0.34753233194351196,0.6455342769622803,-0.0017665117047727108,0.34125885367393494,0.684548556804657,-0.012602956034243107,0.2928200662136078,0.7146445512771606,-0.01892319694161415,0.28657689690589905,0.7427021861076355,-0.017815550789237022,0.2905036211013794,0.7567188143730164,-0.017345502972602844,0.3443138599395752,0.7026576995849609,-0.02236129343509674,0.29338499903678894,0.7457665205001831,-0.0304432213306427,0.30259740352630615,0.7658795118331909,-0.02657621167600155,0.31548118591308594,0.7714876532554626,-0.025448082014918327,0.34937411546707153,0.7300355434417725,-0.03094596602022648,0.30116820335388184,0.767877459526062,-0.038574233651161194,0.3110473155975342,0.7850562930107117,-0.03384629264473915,0.3224165141582489,0.7904536724090576,-0.03237106278538704,0.35622233152389526,0.7608031034469604,-0.038474053144454956,0.3154590129852295,0.78291916847229,-0.04811282083392143,0.29437270760536194,0.7977522611618042,-0.051721855998039246,0.2747840881347656,0.8087584376335144,-0.055229831486940384
0.4114231765270233,0.7797892689704895,-3.8350438558154565e-07,0.3859081268310547,0.7413263916969299,0.008357921615242958,0.3589990735054016,0.7048216462135315,0.005915892776101828,0.34518125653266907,0.6729243397712708,0.001211403519846499,0.34703895449638367,0.6445410847663879,-0.0037047406658530235,0.34065550565719604,0.6840354800224304,-0.013711770065128803,0.29284054040908813,0.7158616781234741,-0.020169349387288094,0.28949180245399475,0.7433496713638306,-0.018881943076848984,0.29531756043434143,0.7556633353233337,-0.01811514049768448,0.344199538230896,0.7024581432342529,-0.022862328216433525,0.2937694787979126,0.7461386919021606,-0.031346071511507034,0.3027513027191162,0.7665409445762634,-0.027918638661503792,0.3151895999908447,0.7724407911300659,-0.026873238384723663,0.3494082987308502,0.7298945784568787,-0.030883589759469032,0.30180346965789795,0.7691687345504761,-0.03902668133378029,0.31025412678718567,0.7871260643005371,-0.035335395485162735,0.320182204246521,0.7932203412055969,-0.034301500767469406,0.35614290833473206,0.7610054016113281,-0.03783056139945984,0.31535372138023376,0.783406674861908,-0.047184281051158905,0.2946550250053406,0.7986006736755371,-0.05085139721632004,0.27517712116241455,0.8096815943717957,-0.05434425175189972
0.4121229350566864,0.7798852324485779,-3.943679303120007e-07,0.3864203989505768,0.7412437200546265,0.00914514996111393,0.3599451184272766,0.704964816570282,0.006951796356588602,0.34631407260894775,0.673434853553772,0.0023111191112548113,0.3470156192779541,0.6446632146835327,-0.0023703686892986298,0.3410206735134125,0.6849290728569031,-0.013642380014061928,0.29278314113616943,0.7152788639068604,-0.0195624902844429,0.290310800075531,0.7426943778991699,-0.017559124156832695,0.2966466546058655,0.7550485730171204,-0.01645473577082157,0.3441009521484375,0.7028549313545227,-0.023374255746603012,0.2933111786842346,0.7453659772872925,-0.03150828927755356,0.30371901392936707,0.7657275199890137,-0.027349261566996574,0.3171587884426117,0.7714236378669739,-0.025902653113007545,0.34907349944114685,0.7301749587059021,-0.031896743923425674,0.30109497904777527,0.7677096724510193,-0.039660271257162094,0.31208786368370056,0.7849106788635254,-0.035134341567754745,0.32419055700302124,0.7899225950241089,-0.03374167159199715,0.35591229796409607,0.7608515620231628,-0.03932047262787819,0.3150990307331085,0.7827338576316833,-0.049056559801101685,0.2938256859779358,0.7983797192573547,-0.05282967537641525,0.2739546597003937,0.8099071979522705,-0.056430380791425705
0.4115687608718872,0.7795834541320801,-3.893490827522328e-07,0.386024534702301,0.7410364747047424,0.009361350908875465,0.35922771692276,0.704831063747406,0.007212200667709112,0.34556350111961365,0.6732795238494873,0.002572057768702507,0.34723442792892456,0.6446763873100281,-0.0021822978742420673,0.3405117988586426,0.6851826906204224,-0.013254672288894653,0.29234805703163147,0.7152535915374756,-0.019013652577996254,0.28892451524734497,0.7427772879600525,-0.01721411943435669,0.2941620349884033,0.755111813545227,-0.016434606164693832,0.3439287841320038,0.7030394077301025,-0.023103732615709305,0.2935543656349182,0.745540201663971,-0.03130874037742615,0.3051069378852844,0.764117956161499,-0.027323659509420395,0.3192458152770996,0.7678262591362,-0.026036279276013374,0.34937480092048645,0.7302302122116089,-0.03167383372783661,0.30162209272384644,0.7670312523841858,-0.039367448538541794,0.31321656703948975,0.7828291654586792,-0.03440381959080696,0.325239896774292,0.786281168460846,-0.03274348005652428,0.3566242456436157,0.7606908082962036,-0.039163876324892044,0.3157447576522827,0.7827163934707642,-0.04863505810499191,0.29553747177124023,0.7981337904930115,-0.05181337520480156,0.2764703333377838,0.8093723654747009,-0.05500837042927742
0.4116474688053131,0.7801306247711182,-3.745153946965729e-07,0.38665771484375,0.7415280938148499,0.008350019343197346,0.3595758378505707,0.7047228217124939,0.005712291691452265,0.34586822986602783,0.6729333400726318,0.0007466942188329995,0.3475625813007355,0.6446901559829712,-0.0046374984085559845,0.3413221836090088,0.6842540502548218,-0.01375022903084755,0.29275551438331604,0.7143511176109314,-0.02065255306661129,0.2835889458656311,0.7423765659332275,-0.02064518816769123,0.28448179364204407,0.7572081089019775,-0.021115193143486977,0.3444504141807556,0.70268714427948,-0.023118440061807632,0.2938125729560852,0.7455946207046509,-0.031974565237760544,0.3043677806854248,0.7644554376602173,-0.029016191139817238,0.3183068037033081,0.7690805792808533,-0.02848871611058712,0.3498137593269348,0.7303836941719055,-0.031311843544244766,0.3019494116306305,0.767943263053894,-0.039493151009082794,0.3122893273830414,0.7846964001655579,-0.03487342223525047,0.32370272278785706,0.7897641658782959,-0.03337404876947403,0.35705330967903137,0.7612051963806152,-0.03855079784989357,0.31637710332870483,0.7831920981407166,-0.04795229062438011,0.2962815463542938,0.7979357242584229,-0.050958387553691864,0.2775037884712219,0.8089467287063599,-0.05408429726958275
0.4110383987426758,0.7799800634384155,-3.9403539631166495e-07,0.3860348165035248,0.7413818836212158,0.00937760341912508,0.35928890109062195,0.7048675417900085,0.007296451833099127,0.34526222944259644,0.6733773946762085,0.0026485936250537634,0.3462182879447937,0.6451448798179626,-0.0023785147350281477,0.3407387137413025,0.6851977109909058,-0.013046500273048878,0.29242953658103943,0.7146990895271301,-0.019366469234228134,0.28475385904312134,0.7429633140563965,-0.01841067522764206,0.2869633138179779,0.7572647929191589,-0.018311625346541405,0.34410321712493896,0.7032184600830078,-0.02287895791232586,0.29326683282852173,0.7458076477050781,-0.031061232089996338,0.30357956886291504,0.7655892372131348,-0.026946593075990677,0.3169732391834259,0.7701601386070251,-0.025736041367053986,0.3495626449584961,0.7306591868400574,-0.03153814375400543,0.3014087378978729,0.7673222422599792,-0.03918720781803131,0.31262633204460144,0.7836084961891174,-0.03372266888618469,0.3248099684715271,0.787979006767273,-0.03188718855381012,0.35692939162254333,0.7611531019210815,-0.039213407784700394,0.31654661893844604,0.7836883068084717,-0.049335431307554245,0.29539042711257935,0.7991132736206055,-0.05292939767241478,0.2755427360534668,0.810573160648346,-0.056471627205610275
0.41247910261154175,0.7812666893005371,-3.904183927261329e-07,0.38751518726348877,0.7425111532211304,0.008350768126547337,0.36030256748199463,0.7059629559516907,0.006191939581185579,0.3461683988571167,0.6741607189178467,0.0016286605969071388,0.34693676233291626,0.6450612545013428,-0.0027482770383358,0.3405325412750244,0.6855764389038086,-0.01244595367461443,0.2925936281681061,0.7152901887893677,-0.01888437569141388,0.29045936465263367,0.7417178153991699,-0.017580322921276093,0.29722410440444946,0.7533596754074097,-0.016868039965629578,0.34393879771232605,0.7032987475395203,-0.021670997142791748,0.29421696066856384,0.7463769316673279,-0.03011675365269184,0.3057132661342621,0.7647639513015747,-0.026315607130527496,0.31938424706459045,0.7680858969688416,-0.025058921426534653,0.34911680221557617,0.7304760813713074,-0.029950017109513283,0.301967591047287,0.7680472135543823,-0.038134150207042694,0.3138975501060486,0.7837836742401123,-0.033553674817085266,0.32623612880706787,0.787094235420227,-0.031974803656339645,0.35627222061157227,0.7610812187194824,-0.0372595451772213,0.3158818185329437,0.7832995653152466,-0.04706306383013725,0.29500412940979004,0.7991166114807129,-0.05066773667931557,0.27532580494880676,0.8106673955917358,-0.054045017808675766
