x0,y0,z0,x1,y1,z1,x2,y2,z2,x3,y3,z3,x4,y4,z4,x5,y5,z5,x6,y6,z6,x7,y7,z7,x8,y8,z8,x9,y9,z9,x10,y10,z10,x11,y11,z11,x12,y12,z12,x13,y13,z13,x14,y14,z14,x15,y15,z15,x16,y16,z16,x17,y17,z17,x18,y18,z18,x19,y19,z19,x20,y20,z20
0.49626708030700684,0.7388110160827637,-6.511020700372683e-08,0.469328373670578,0.7516639232635498,-0.03193723037838936,0.44557058811187744,0.7626386880874634,-0.054685357958078384,0.4568789601325989,0.7799700498580933,-0.07128264755010605,0.4903688430786133,0.7847724556922913,-0.0845080018043518,0.4471389651298523,0.6657318472862244,-0.04981682449579239,0.4427597224712372,0.7333652973175049,-0.07228941470384598,0.4493624269962311,0.7458966374397278,-0.0852823406457901,0.45323097705841064,0.7255356311798096,-0.09479290246963501,0.4800584614276886,0.6613189578056335,-0.044491540640592575,0.47484686970710754,0.7430940270423889,-0.061924271285533905,0.4750846028327942,0.750938892364502,-0.06446662545204163,0.4740181565284729,0.7232369780540466,-0.06746665388345718,0.5103491544723511,0.672787070274353,-0.04158589616417885,0.5052889585494995,0.7527657151222229,-0.05517779663205147,0.49819523096084595,0.7575212717056274,-0.04715690389275551,0.49469682574272156,0.7333970665931702,-0.041915230453014374,0.535585880279541,0.6904428601264954,-0.042596980929374695,0.5268713235855103,0.747746467590332,-0.055062662810087204,0.5209490656852722,0.7509585618972778,-0.05389201268553734,0.5209710001945496,0.7333407998085022,-0.05161529406905174
0.4929081201553345,0.7354138493537903,-6.483088554887217e-08,0.4645380675792694,0.7486022710800171,-0.031544677913188934,0.44147205352783203,0.7595148682594299,-0.05457153916358948,0.45453065633773804,0.7766731381416321,-0.07168669253587723,0.488247275352478,0.7812183499336243,-0.08544010668992996,0.44568395614624023,0.662627637386322,-0.048829734325408936,0.4411495625972748,0.7354908585548401,-0.07133106142282486,0.45008137822151184,0.7493879795074463,-0.08411567658185959,0.45652249455451965,0.7287284731864929,-0.09316287189722061,0.4792858064174652,0.6595309376716614,-0.04398372024297714,0.4743730127811432,0.743731677532196,-0.06101301684975624,0.4759368896484375,0.750771701335907,-0.0631013959646225,0.47624802589416504,0.7226043939590454,-0.06550782918930054,0.5093973875045776,0.6716476082801819,-0.04157624393701553,0.5040614604949951,0.7517192363739014,-0.055009521543979645,0.49839696288108826,0.7551618218421936,-0.04625173285603523,0.4962468445301056,0.7299497127532959,-0.04015199840068817,0.5343611836433411,0.6895371675491333,-0.043062906712293625,0.5249432921409607,0.7463905811309814,-0.05473211780190468,0.519915759563446,0.749332070350647,-0.05220327526330948,0.5213770866394043,0.7310842871665955,-0.04872159659862518
0.4898338317871094,0.7190142869949341,-5.5986916436268075e-08,0.46040961146354675,0.731547474861145,-0.029324065893888474,0.43627315759658813,0.7447060942649841,-0.05136756971478462,0.44767141342163086,0.7659406661987305,-0.06784012168645859,0.48175525665283203,0.7702966332435608,-0.08128394186496735,0.44025230407714844,0.6499267816543579,-0.04735889285802841,0.43367165327072144,0.7248495817184448,-0.06906745582818985,0.4431926906108856,0.7395729422569275,-0.08136798441410065,0.449710488319397,0.7178635597229004,-0.0901748389005661,0.4736640453338623,0.6475188136100769,-0.043337393552064896,0.46485447883605957,0.7331600189208984,-0.05969664454460144,0.4667319357395172,0.7387936115264893,-0.0617428794503212,0.46685484051704407,0.709242582321167,-0.06426170468330383,0.503572940826416,0.6600849032402039,-0.04156693071126938,0.49345698952674866,0.7412247657775879,-0.053625840693712234,0.4883401393890381,0.7420899868011475,-0.044879693537950516,0.48650693893432617,0.7147784233093262,-0.039063435047864914,0.5273627638816833,0.6780033111572266,-0.043462786823511124,0.5152255892753601,0.7375248670578003,-0.05415647104382515,0.5113216638565063,0.7374109625816345,-0.05166672542691231,0.5127674341201782,0.7157986760139465,-0.048475876450538635
0.49247244000434875,0.7328760027885437,-6.718103406910814e-08,0.4636225998401642,0.7442703247070312,-0.031971439719200134,0.4398757517337799,0.7532376646995544,-0.0548759363591671,0.45147189497947693,0.7716315388679504,-0.07161072641611099,0.4854099750518799,0.7771714925765991,-0.08488292247056961,0.4443526864051819,0.657990038394928,-0.05008282884955406,0.43796029686927795,0.7301725745201111,-0.07351404428482056,0.44734278321266174,0.7480029463768005,-0.08647806197404861,0.45457735657691956,0.7277534604072571,-0.09580971300601959,0.47784119844436646,0.6554055213928223,-0.04522523283958435,0.46972551941871643,0.7356171011924744,-0.06373343616724014,0.47021394968032837,0.7468926906585693,-0.06610418856143951,0.4704798460006714,0.7182254791259766,-0.06861476600170135,0.5072888731956482,0.6687464118003845,-0.04298555105924606,0.4995013475418091,0.7453935146331787,-0.05725964903831482,0.4927518367767334,0.7518430948257446,-0.048772577196359634,0.4911560118198395,0.7272231578826904,-0.04294702038168907,0.5312197208404541,0.6872281432151794,-0.044609177857637405,0.5213589072227478,0.7419916391372681,-0.05752331390976906,0.5155182480812073,0.7465752959251404,-0.056268222630023956,0.5163312554359436,0.7296649217605591,-0.05384857580065727
0.4949391186237335,0.7310070991516113,-3.836036555071587e-08,0.46479737758636475,0.7427401542663574,-0.031027449294924736,0.44106635451316833,0.7532712817192078,-0.05391710251569748,0.45298051834106445,0.7726389169692993,-0.07054344564676285,0.48606616258621216,0.7792563438415527,-0.0837133377790451,0.44543933868408203,0.6595232486724854,-0.05203207582235336,0.43775632977485657,0.7339022755622864,-0.07435106486082077,0.44811785221099854,0.74525386095047,-0.08684267103672028,0.4557020664215088,0.7232027053833008,-0.09588414430618286,0.4784867465496063,0.6564512848854065,-0.04696134850382805,0.4713929295539856,0.742275059223175,-0.06310931593179703,0.4731614887714386,0.7434518337249756,-0.06451863795518875,0.47369879484176636,0.7143190503120422,-0.06690985709428787,0.5083706378936768,0.6692225337028503,-0.043971408158540726,0.5009931921958923,0.7525125741958618,-0.055084191262722015,0.49494093656539917,0.7493674159049988,-0.04457640275359154,0.49353623390197754,0.7225344181060791,-0.0378938727080822,0.5326951742172241,0.688556969165802,-0.04503926262259483,0.521361231803894,0.7470793128013611,-0.05642355605959892,0.517154335975647,0.7419732213020325,-0.05421445891261101,0.5196595788002014,0.7191812992095947,-0.05100426450371742
0.4939234256744385,0.7282803654670715,-3.1043914106021475e-08,0.46565693616867065,0.7409384846687317,-0.031056851148605347,0.4422247111797333,0.7531519532203674,-0.05417962744832039,0.4540383219718933,0.7719687223434448,-0.07119110971689224,0.48716971278190613,0.7769484519958496,-0.08487539738416672,0.44603943824768066,0.6577476859092712,-0.050557803362607956,0.43850788474082947,0.7309410572052002,-0.07300185412168503,0.4477570056915283,0.7420657873153687,-0.08628436923027039,0.4540407657623291,0.7205120325088501,-0.09594166278839111,0.47884297370910645,0.6547299027442932,-0.04550078883767128,0.4706532061100006,0.7403781414031982,-0.06209452822804451,0.4733758568763733,0.741752028465271,-0.06440688669681549,0.47427019476890564,0.7119422554969788,-0.0673498660326004,0.5086629986763,0.6673563718795776,-0.04261795058846474,0.5001720786094666,0.7494454979896545,-0.05450160801410675,0.49619388580322266,0.7472152709960938,-0.04507511481642723,0.4953168034553528,0.7197331190109253,-0.03899915888905525,0.5331512093544006,0.686210036277771,-0.04366011917591095,0.5214012861251831,0.7450225949287415,-0.05505629628896713,0.5182517766952515,0.7420046329498291,-0.05284726247191429,0.521130383014679,0.7195040583610535,-0.04969310760498047
0.4935544729232788,0.7292707562446594,-3.983287655273671e-08,0.4648365080356598,0.7421475052833557,-0.031155798584222794,0.4409240484237671,0.7538438439369202,-0.05439288914203644,0.452806293964386,0.771652102470398,-0.07151802629232407,0.4861717224121094,0.7753007411956787,-0.0852273553609848,0.4456947445869446,0.6577376127243042,-0.050695229321718216,0.4384970963001251,0.7315285205841064,-0.07285841554403305,0.44840294122695923,0.744367778301239,-0.0852898359298706,0.4552838206291199,0.7231776118278503,-0.09429781138896942,0.478915810585022,0.6552512049674988,-0.04579158499836922,0.47027114033699036,0.7406683564186096,-0.06224507465958595,0.4728889465332031,0.7441872358322144,-0.06408105790615082,0.473705530166626,0.7143293023109436,-0.06659285724163055,0.5085764527320862,0.6684736609458923,-0.04306590184569359,0.4990580379962921,0.7498790621757507,-0.055104658007621765,0.49491819739341736,0.748733401298523,-0.045390814542770386,0.4943205714225769,0.7215348482131958,-0.03901905193924904,0.5326218605041504,0.6875696778297424,-0.044218894094228745,0.5207387804985046,0.7455369830131531,-0.055979564785957336,0.5173872709274292,0.7429016828536987,-0.05365514010190964,0.5200222134590149,0.7206926345825195,-0.050276488065719604
0.49403563141822815,0.7318254709243774,-4.4758085238072454e-08,0.4653668701648712,0.7442966103553772,-0.0310052540153265,0.441436231136322,0.7551794648170471,-0.05356527864933014,0.45338740944862366,0.7742851972579956,-0.06994327902793884,0.48638665676116943,0.7797582149505615,-0.08275912702083588,0.4453924894332886,0.6598110198974609,-0.049960631877183914,0.4374617636203766,0.7330114245414734,-0.07293558865785599,0.44815075397491455,0.7461611032485962,-0.08621671795845032,0.4567742347717285,0.7250089645385742,-0.09566947817802429,0.4787372648715973,0.6565424203872681,-0.04480087757110596,0.4699292480945587,0.7410435676574707,-0.06154533848166466,0.47221729159355164,0.7446736693382263,-0.06326355785131454,0.4736858010292053,0.7147946953773499,-0.0656123161315918,0.5086343884468079,0.6693989038467407,-0.04195677861571312,0.49986231327056885,0.7508985996246338,-0.05391647666692734,0.49460268020629883,0.7511069774627686,-0.0434696339070797,0.4940786361694336,0.7246386408805847,-0.03652963787317276,0.5330413579940796,0.6884804964065552,-0.043108467012643814,0.5215473771095276,0.7459103465080261,-0.05525350943207741,0.5171998739242554,0.7435880899429321,-0.05316104739904404,0.5195670127868652,0.7214948534965515,-0.049796584993600845
0.49549493193626404,0.7347081303596497,-3.826257000127953e-08,0.46661365032196045,0.7477200031280518,-0.03127298131585121,0.44261375069618225,0.7599472999572754,-0.054602015763521194,0.4538636803627014,0.7793712019920349,-0.07169128209352493,0.4861280918121338,0.7840343117713928,-0.08531946688890457,0.44459643959999084,0.6646856069564819,-0.05204565078020096,0.4381992220878601,0.7407671809196472,-0.07502885162830353,0.44971534609794617,0.7538913488388062,-0.08828846365213394,0.4581981897354126,0.7327702045440674,-0.09795044362545013,0.4781661629676819,0.6615927219390869,-0.04714285954833031,0.4709610939025879,0.7461527585983276,-0.06418687105178833,0.47382044792175293,0.7500008344650269,-0.06619465351104736,0.4747869074344635,0.7214224338531494,-0.06908798217773438,0.5084878206253052,0.6739850640296936,-0.0443892739713192,0.5012030601501465,0.754878580570221,-0.05651303380727768,0.4964408874511719,0.7553562521934509,-0.046476349234580994,0.4954352080821991,0.7297528982162476,-0.040213730186223984,0.5334411263465881,0.6925747394561768,-0.04558299109339714,0.5228168368339539,0.7491560578346252,-0.057514820247888565,0.5185049176216125,0.7482702136039734,-0.05530881509184837,0.5204889178276062,0.7277079224586487,-0.05226695165038109
0.4945462942123413,0.7372587323188782,-4.148609988874341e-08,0.46603766083717346,0.7501829266548157,-0.032136812806129456,0.44184204936027527,0.7610734701156616,-0.05551564320921898,0.45273318886756897,0.7790900468826294,-0.07260604202747345,0.48576444387435913,0.7832419872283936,-0.08633490651845932,0.44549325108528137,0.6646823287010193,-0.05114182457327843,0.4379238486289978,0.7365915179252625,-0.07364083081483841,0.4480102062225342,0.7495019435882568,-0.08656001836061478,0.4549335241317749,0.7279924154281616,-0.09597684442996979,0.4786233603954315,0.6618380546569824,-0.04562803730368614,0.4704775810241699,0.7439037561416626,-0.0623299665749073,0.4729425609111786,0.749634861946106,-0.06440673768520355,0.47341781854629517,0.7209394574165344,-0.06724042445421219,0.508337676525116,0.6745042204856873,-0.042426809668540955,0.5006222724914551,0.7535332441329956,-0.05451285094022751,0.4952232539653778,0.7558252811431885,-0.04509495943784714,0.4939143657684326,0.7305014729499817,-0.0391874760389328,0.5326253175735474,0.6929824948310852,-0.04320598766207695,0.5219887495040894,0.7481660842895508,-0.05457880347967148,0.5174564719200134,0.7490417957305908,-0.052459217607975006,0.5195662379264832,0.730008065700531,-0.04960742965340614
0.4966164231300354,0.739014208316803,-3.871065601401824e-08,0.4679386019706726,0.7522131204605103,-0.032190702855587006,0.4435579478740692,0.7634959816932678,-0.05571369081735611,0.45479339361190796,0.7815663814544678,-0.07298383116722107,0.488040953874588,0.7865546941757202,-0.0869438573718071,0.44550246000289917,0.6672957539558411,-0.05163000896573067,0.4387111961841583,0.7388221025466919,-0.07478054612874985,0.44835174083709717,0.7511188387870789,-0.08832450956106186,0.4547663927078247,0.7295401692390442,-0.09818222373723984,0.47874510288238525,0.6640893816947937,-0.04629962891340256,0.4709194600582123,0.7457503080368042,-0.0635075643658638,0.4729073941707611,0.7516355514526367,-0.06552229076623917,0.4730319082736969,0.7229610085487366,-0.06826011091470718,0.5087571740150452,0.6765379309654236,-0.04337657243013382,0.5011852979660034,0.7546184659004211,-0.056080371141433716,0.4958956241607666,0.7571053504943848,-0.04662058502435684,0.49455562233924866,0.7320916652679443,-0.0405593067407608,0.5333690047264099,0.6948761343955994,-0.04443100839853287,0.5226706862449646,0.7498542070388794,-0.05644771829247475,0.5180808305740356,0.7508991956710815,-0.054504554718732834,0.5199704766273499,0.7322410941123962,-0.05169114097952843
0.4948914051055908,0.7427024245262146,-4.3226371815308084e-08,0.4661860466003418,0.7554869055747986,-0.03191512078046799,0.44198572635650635,0.7661246061325073,-0.05511648580431938,0.45294779539108276,0.7840262651443481,-0.07216539233922958,0.4859004020690918,0.7891451120376587,-0.08582093566656113,0.44541385769844055,0.6707927584648132,-0.050335321575403214,0.4382546544075012,0.7433689832687378,-0.0737505555152893,0.4486769139766693,0.7561965584754944,-0.08738481998443604,0.45598363876342773,0.7350208759307861,-0.0970662534236908,0.47887417674064636,0.6676279902458191,-0.04487885162234306,0.4706670045852661,0.7513260245323181,-0.06233104318380356,0.4733443856239319,0.7572142481803894,-0.06425612419843674,0.474225789308548,0.7285758256912231,-0.06658022105693817,0.5089978575706482,0.6802446842193604,-0.041901227086782455,0.5006542801856995,0.7594668865203857,-0.05482510104775429,0.49614417552948,0.7608636021614075,-0.04507854953408241,0.49543073773384094,0.7352948784828186,-0.03843652829527855,0.5335385203361511,0.6987086534500122,-0.042873483151197433,0.5224100351333618,0.7548462748527527,-0.05511390045285225,0.5182850956916809,0.7539644837379456,-0.0531470887362957,0.5202022194862366,0.7328722476959229,-0.04998142644762993
0.4956786334514618,0.7453137040138245,-5.8118189372180495e-08,0.465371310710907,0.7580156326293945,-0.030390119180083275,0.4401701092720032,0.7694082856178284,-0.05288960412144661,0.4509081542491913,0.7888352274894714,-0.06924918293952942,0.48459184169769287,0.7941229939460754,-0.0824822187423706,0.44505953788757324,0.6741525530815125,-0.05062642693519592,0.4383261501789093,0.7475091218948364,-0.07232502847909927,0.44787687063217163,0.7601916790008545,-0.08481226861476898,0.4538424611091614,0.7381040453910828,-0.09408243000507355,0.47881197929382324,0.6711970567703247,-0.0455462671816349,0.47026917338371277,0.7566754817962646,-0.06138867139816284,0.4723508656024933,0.7623732089996338,-0.06281591951847076,0.4723706543445587,0.7339763641357422,-0.0653918907046318,0.5091225504875183,0.6836151480674744,-0.042534735053777695,0.5002147555351257,0.7655587792396545,-0.05329684913158417,0.49405038356781006,0.7662439942359924,-0.04344090819358826,0.49184858798980713,0.7403435111045837,-0.037524498999118805,0.5335709452629089,0.7020911574363708,-0.04337697476148605,0.521934986114502,0.7594857215881348,-0.05421613156795502,0.5168384909629822,0.7587618231773376,-0.05204736441373825,0.5177117586135864,0.7383830547332764,-0.04926386848092079
0.49513792991638184,0.750982403755188,-5.578670325689927e-08,0.4654642939567566,0.7637808918952942,-0.03173590451478958,0.44030970335006714,0.774391770362854,-0.05471743643283844,0.4518035054206848,0.7932987809181213,-0.0713050439953804,0.4852217435836792,0.797355055809021,-0.08451031148433685,0.4443717896938324,0.6770110726356506,-0.05188355967402458,0.4383009076118469,0.7499094009399414,-0.07376090437173843,0.44796499609947205,0.7628623247146606,-0.08612583577632904,0.4540296196937561,0.7412639856338501,-0.09528400748968124,0.4777553677558899,0.6737464666366577,-0.04600008204579353,0.4703161418437958,0.7595810890197754,-0.06223233416676521,0.47203272581100464,0.7641835808753967,-0.06364315003156662,0.47195619344711304,0.7353903651237488,-0.06618419289588928,0.508105456829071,0.6858928799629211,-0.042232122272253036,0.500750720500946,0.7691827416419983,-0.053339093923568726,0.49472326040267944,0.769560694694519,-0.04328546300530434,0.4925588369369507,0.7430205941200256,-0.037160128355026245,0.5328524112701416,0.7042480707168579,-0.04248679056763649,0.5221309661865234,0.7630199790000916,-0.05370732396841049,0.5175849199295044,0.7613474726676941,-0.05166292190551758,0.5189219117164612,0.7393428087234497,-0.048812683671712875
0.49336928129196167,0.7520272135734558,-4.217239180093202e-08,0.46376994252204895,0.7639765739440918,-0.03160640597343445,0.43832695484161377,0.7751897573471069,-0.0551762580871582,0.4482896327972412,0.7956979274749756,-0.07257054001092911,0.4820079803466797,0.8014277815818787,-0.08661273121833801,0.44205689430236816,0.6803041100502014,-0.051938802003860474,0.43626105785369873,0.7560924887657166,-0.07568477094173431,0.4474508464336395,0.7697838544845581,-0.08919478207826614,0.4551382064819336,0.7479896545410156,-0.09886453300714493,0.4759567677974701,0.6775661706924438,-0.04669615626335144,0.4684571325778961,0.7624216079711914,-0.06477236747741699,0.4710173010826111,0.7687239050865173,-0.06660054624080658,0.4713653326034546,0.7391341924667358,-0.06900010257959366,0.5064569711685181,0.6901660561561584,-0.04377228766679764,0.4988439679145813,0.7705890536308289,-0.05646234750747681,0.49360916018486023,0.7722983360290527,-0.04638485610485077,0.49220699071884155,0.7453469634056091,-0.03980766609311104,0.53114253282547,0.7086521983146667,-0.04479502886533737,0.5203132629394531,0.7662064433097839,-0.056414395570755005,0.5160968899726868,0.7649928331375122,-0.05414595827460289,0.5178161263465881,0.7422719597816467,-0.05109262466430664
0.49282944202423096,0.7539129853248596,-6.764012994153745e-08,0.46400079131126404,0.7642611861228943,-0.03125884383916855,0.4390420615673065,0.7741475105285645,-0.05361943319439888,0.44835183024406433,0.7955119013786316,-0.06978598237037659,0.4815732538700104,0.8046668767929077,-0.0825396478176117,0.4436701834201813,0.6817198991775513,-0.05051301419734955,0.43973425030708313,0.7559561729431152,-0.0734981819987297,0.4492555558681488,0.7717713713645935,-0.08622806519269943,0.45586392283439636,0.751690149307251,-0.09524252265691757,0.47738149762153625,0.6792821288108826,-0.04498981684446335,0.4719201326370239,0.7628422379493713,-0.06279584765434265,0.47116637229919434,0.771014928817749,-0.06450247764587402,0.46967196464538574,0.7428844571113586,-0.06661412864923477,0.5076531767845154,0.6914764642715454,-0.04180850833654404,0.5022420883178711,0.7717400789260864,-0.05466274172067642,0.49400827288627625,0.775469958782196,-0.04513666406273842,0.49059781432151794,0.7507609724998474,-0.038654476404190063,0.5321789979934692,0.7092784643173218,-0.042571164667606354,0.5234175324440002,0.7664458751678467,-0.054337672889232635,0.5174338221549988,0.7683773636817932,-0.052462488412857056,0.5173172354698181,0.749509334564209,-0.04955937713384628
0.49255189299583435,0.7611858248710632,-5.015360216020781e-08,0.46176186203956604,0.7720265984535217,-0.02885330095887184,0.43484097719192505,0.7833958864212036,-0.051139067858457565,0.4430196285247803,0.8044660687446594,-0.06782753020524979,0.4755016565322876,0.8100602626800537,-0.08153089135885239,0.44007745385169983,0.6899242997169495,-0.05055796355009079,0.43353918194770813,0.7653762698173523,-0.07299710065126419,0.4436700642108917,0.7771642804145813,-0.08574084937572479,0.44976672530174255,0.7552576661109924,-0.09485175460577011,0.4736538529396057,0.6868546605110168,-0.046382274478673935,0.46522045135498047,0.7755200862884521,-0.06269267201423645,0.4677639603614807,0.7786858081817627,-0.06396115571260452,0.4677581787109375,0.7501453757286072,-0.06610380858182907,0.5043728351593018,0.6992579102516174,-0.044123269617557526,0.4951300323009491,0.7835642099380493,-0.05447930097579956,0.49092069268226624,0.7815690040588379,-0.04368527606129646,0.4895473122596741,0.7551348209381104,-0.03682001680135727,0.5294599533081055,0.7177035212516785,-0.04572576284408569,0.5171689391136169,0.7774304151535034,-0.05584462732076645,0.5140408873558044,0.7735393643379211,-0.0527251735329628,0.5161681771278381,0.7507736682891846,-0.04890722781419754
0.4897289276123047,0.7625883221626282,-4.9990955375278645e-08,0.4605836570262909,0.7720323204994202,-0.02985009364783764,0.43431785702705383,0.7840531468391418,-0.052197348326444626,0.4413670301437378,0.8068781495094299,-0.06851811707019806,0.47368478775024414,0.8150824904441833,-0.08155427873134613,0.4399507939815521,0.6926265358924866,-0.051554422825574875,0.4343261122703552,0.7701639533042908,-0.07360530644655228,0.4448701739311218,0.7819693088531494,-0.08535988628864288,0.45175701379776,0.7607176899909973,-0.09349002689123154,0.4736156463623047,0.6898744106292725,-0.046392541378736496,0.46567079424858093,0.7808840274810791,-0.06249256804585457,0.46787622570991516,0.7823944091796875,-0.06309045851230621,0.4676893651485443,0.7527448534965515,-0.06439856439828873,0.5042960047721863,0.7023493647575378,-0.043116651475429535,0.4950677156448364,0.7882165908813477,-0.05390875041484833,0.4903278350830078,0.7833342552185059,-0.04296359792351723,0.4887833893299103,0.7554203271865845,-0.03541991114616394,0.5291260480880737,0.7205133438110352,-0.043698497116565704,0.5172073245048523,0.7805334329605103,-0.05468478053808212,0.5134917497634888,0.7740670442581177,-0.051849815994501114,0.5151774883270264,0.7497055530548096,-0.04771094396710396
0.48947468400001526,0.7638936638832092,-2.650794428404879e-08,0.45966365933418274,0.7735428214073181,-0.03070850297808647,0.4343653917312622,0.7855924963951111,-0.053717684000730515,0.44299864768981934,0.8094576597213745,-0.07030463963747025,0.47575366497039795,0.8204328417778015,-0.08351913839578629,0.439623087644577,0.6952146887779236,-0.054441895335912704,0.43387359380722046,0.774678647518158,-0.07681731879711151,0.44310522079467773,0.783984363079071,-0.08885887265205383,0.4491000473499298,0.7619364261627197,-0.09736000746488571,0.4734863042831421,0.6925843954086304,-0.04883836582303047,0.4657275676727295,0.7849684357643127,-0.06499344855546951,0.46708786487579346,0.7828356623649597,-0.06532349437475204,0.4665743410587311,0.7521891593933105,-0.06659519672393799,0.5043050050735474,0.7054036855697632,-0.044965844601392746,0.4952489137649536,0.792854905128479,-0.05555374547839165,0.4897707402706146,0.7847436666488647,-0.043513547629117966,0.48807865381240845,0.7555575966835022,-0.035246770828962326,0.5291668772697449,0.7242987155914307,-0.045120347291231155,0.5167930126190186,0.7854785919189453,-0.05679307132959366,0.5128933191299438,0.7757436037063599,-0.0539969801902771,0.5146958827972412,0.7497040033340454,-0.04964800924062729
0.4898335039615631,0.7650862336158752,-1.8355200026576313e-08,0.46027469635009766,0.7756559252738953,-0.030138103291392326,0.43372780084609985,0.7902724146842957,-0.05320785567164421,0.4403475224971771,0.8142353296279907,-0.0700826495885849,0.4721701443195343,0.8225491642951965,-0.0836106389760971,0.43909454345703125,0.6999294757843018,-0.053435757756233215,0.4329677224159241,0.7801838517189026,-0.07585480064153671,0.44286075234413147,0.7880530953407288,-0.08846597373485565,0.4494870901107788,0.7656686305999756,-0.09731408953666687,0.4729614555835724,0.6970300078392029,-0.04811950400471687,0.46527746319770813,0.7907078266143799,-0.06384243816137314,0.46773648262023926,0.7865490317344666,-0.06432055681943893,0.4680151045322418,0.7558237314224243,-0.06576967984437943,0.5040832161903381,0.7092584371566772,-0.04454050213098526,0.49462297558784485,0.7977218627929688,-0.054660454392433167,0.49034467339515686,0.7877682447433472,-0.04269930347800255,0.48921599984169006,0.7584157586097717,-0.034549910575151443,0.52945876121521,0.7279084920883179,-0.044982828199863434,0.5166828036308289,0.7895029783248901,-0.05627002194523811,0.5130329728126526,0.7782434821128845,-0.05323192477226257,0.5148462057113647,0.751262366771698,-0.048694998025894165
0.489936888217926,0.767937183380127,-3.910132662099386e-08,0.45965009927749634,0.7773949503898621,-0.029100539162755013,0.43162792921066284,0.7909918427467346,-0.052075278013944626,0.4349757432937622,0.8128257989883423,-0.06943516433238983,0.46417203545570374,0.8193696141242981,-0.08364630490541458,0.4364773631095886,0.7000851631164551,-0.0507785826921463,0.4317876994609833,0.7789612412452698,-0.07340501248836517,0.4422798156738281,0.7897939085960388,-0.0862712413072586,0.44844210147857666,0.7679999470710754,-0.09558723866939545,0.47045058012008667,0.6978176236152649,-0.046753499656915665,0.4635920524597168,0.7887592315673828,-0.06332188099622726,0.46615874767303467,0.7917109727859497,-0.0649084821343422,0.4655945897102356,0.762018620967865,-0.06746802479028702,0.5018932819366455,0.7099692225456238,-0.044613130390644073,0.4931854009628296,0.7955262064933777,-0.055869992822408676,0.4885476529598236,0.7934674620628357,-0.04550366476178169,0.48665744066238403,0.7665547132492065,-0.03901859000325203,0.5275475978851318,0.7283343076705933,-0.046258777379989624,0.5160045027732849,0.7887833118438721,-0.05697203055024147,0.5124170184135437,0.7841320633888245,-0.05398229882121086,0.5142075419425964,0.760179340839386,-0.05041005089879036
0.48744121193885803,0.7646111249923706,-4.502232187064692e-08,0.45642217993736267,0.774193525314331,-0.028431236743927002,0.42988473176956177,0.7877458333969116,-0.05099807307124138,0.43515995144844055,0.8128091096878052,-0.06814900785684586,0.46492114663124084,0.8218916058540344,-0.08201766759157181,0.43488335609436035,0.7001615762710571,-0.05230983346700668,0.4284098446369171,0.7788556218147278,-0.07542677223682404,0.44055408239364624,0.7901525497436523,-0.08626162260770798,0.4483896791934967,0.7681408524513245,-0.09329868108034134,0.4683588743209839,0.6973721981048584,-0.04881248623132706,0.45971161127090454,0.7917157411575317,-0.06658522039651871,0.46322640776634216,0.7930514812469482,-0.06613826006650925,0.4638901650905609,0.7622358798980713,-0.0660986453294754,0.4994347095489502,0.709756076335907,-0.047299422323703766,0.4895290732383728,0.7985426187515259,-0.05956951156258583,0.48542195558547974,0.794401228427887,-0.0476069450378418,0.4845309555530548,0.7658658027648926,-0.038903966546058655,0.5246852040290833,0.7275344133377075,-0.049583304673433304,0.5123898983001709,0.7918193936347961,-0.060877926647663116,0.5092321634292603,0.7869729995727539,-0.05735496059060097,0.5113914012908936,0.7627583742141724,-0.052610162645578384
0.48709651827812195,0.7670472264289856,-3.7504321426240494e-08,0.45582184195518494,0.7774155139923096,-0.028427230194211006,0.428598016500473,0.7914229035377502,-0.05082289129495621,0.43329697847366333,0.815284252166748,-0.06777893751859665,0.4619169235229492,0.8205989003181458,-0.08168919384479523,0.43409425020217896,0.7028735876083374,-0.051477089524269104,0.4280511438846588,0.7818132638931274,-0.07471807301044464,0.439119815826416,0.7920156717300415,-0.08725281059741974,0.4456808865070343,0.7690792083740234,-0.09577866643667221,0.4675576388835907,0.7000458240509033,-0.04767284914851189,0.45971882343292236,0.7917808294296265,-0.0649137943983078,0.46270984411239624,0.7916873097419739,-0.06589584797620773,0.4624735414981842,0.7616387009620667,-0.06737746298313141,0.49867188930511475,0.7115551829338074,-0.04577010124921799,0.4889879822731018,0.7981230020523071,-0.05768229067325592,0.48530325293540955,0.792876660823822,-0.04682830721139908,0.48395076394081116,0.7643386125564575,-0.039291124790906906,0.5237741470336914,0.7289491891860962,-0.04758862033486366,0.511458694934845,0.7913326621055603,-0.05862646922469139,0.5081639289855957,0.78536456823349,-0.05538950487971306,0.5098159313201904,0.7604450583457947,-0.05112713575363159
0.4885806739330292,0.7667354941368103,-6.093627291647863e-08,0.45803937315940857,0.7751756906509399,-0.027755821123719215,0.43041545152664185,0.7894108295440674,-0.049850720912218094,0.43105340003967285,0.8126953840255737,-0.06671484559774399,0.45665913820266724,0.8178800344467163,-0.08025775849819183,0.43434494733810425,0.702053427696228,-0.05070323869585991,0.4283266067504883,0.7814021110534668,-0.07339911162853241,0.4407176375389099,0.7932879328727722,-0.08405596762895584,0.44823139905929565,0.771514892578125,-0.09106189012527466,0.4677523076534271,0.6996169686317444,-0.047484420239925385,0.4599534273147583,0.7933981418609619,-0.06512290239334106,0.46317750215530396,0.7959210872650146,-0.06522591412067413,0.46280673146247864,0.764919102191925,-0.06564286351203918,0.49901771545410156,0.7113102674484253,-0.046172596514225006,0.48930007219314575,0.7995359897613525,-0.058763302862644196,0.48538288474082947,0.7960205674171448,-0.04755402356386185,0.48384252190589905,0.7676585912704468,-0.039470892399549484,0.5243207812309265,0.7283895015716553,-0.04848865792155266,0.5124901533126831,0.7924551367759705,-0.05994110926985741,0.5091739296913147,0.788594126701355,-0.05649679899215698,0.510513424873352,0.7648781538009644,-0.051857855170965195
0.48700931668281555,0.7708447575569153,-8.081975266804875e-08,0.454944372177124,0.7771741151809692,-0.026189571246504784,0.4274051785469055,0.7892974615097046,-0.04727728292346001,0.4267256259918213,0.8136529922485352,-0.06357897073030472,0.4520127475261688,0.8234039545059204,-0.0766494944691658,0.4341931641101837,0.7026657462120056,-0.04671885818243027,0.4277583360671997,0.7854853272438049,-0.06864897161722183,0.44001567363739014,0.7989188432693481,-0.0795091763138771,0.4483700394630432,0.7776074409484863,-0.08645998686552048,0.46724990010261536,0.7013273239135742,-0.044246889650821686,0.4595881402492523,0.7992326021194458,-0.06077752262353897,0.4623967707157135,0.7991534471511841,-0.06105942651629448,0.46279919147491455,0.7680331468582153,-0.06149964779615402,0.4984247386455536,0.7141310572624207,-0.043690815567970276,0.4884333610534668,0.8056716918945312,-0.055297598242759705,0.48466193675994873,0.7997214794158936,-0.04443250223994255,0.4833693504333496,0.770610511302948,-0.03638055920600891,0.5238152146339417,0.7319303154945374,-0.046772539615631104,0.5120733976364136,0.7991566061973572,-0.056703146547079086,0.5089228749275208,0.7922003865242004,-0.05253475904464722,0.5101420283317566,0.7660872936248779,-0.04732055217027664
0.4885244369506836,0.7665179967880249,-3.788794344927737e-08,0.4581841230392456,0.7773795127868652,-0.02860892564058304,0.43211445212364197,0.7933775782585144,-0.05159943178296089,0.4351351857185364,0.817507266998291,-0.06900132447481155,0.46188488602638245,0.8229545950889587,-0.08304756879806519,0.4346713423728943,0.7064699530601501,-0.053745023906230927,0.4291817545890808,0.7868262529373169,-0.07674253731966019,0.4417135715484619,0.7958278059959412,-0.08773063123226166,0.4488421678543091,0.7721877694129944,-0.09514807164669037,0.4677698612213135,0.7034593224525452,-0.05019460618495941,0.460743248462677,0.7970977425575256,-0.06807270646095276,0.46458497643470764,0.7960366606712341,-0.06847725808620453,0.46435028314590454,0.7639090418815613,-0.06951820850372314,0.4990839958190918,0.7144845724105835,-0.04840517416596413,0.49018430709838867,0.8025134205818176,-0.06100703775882721,0.48627036809921265,0.7967322468757629,-0.049988772720098495,0.484377920627594,0.7671191692352295,-0.04245343059301376,0.5246383547782898,0.7309796214103699,-0.05030481144785881,0.5133299827575684,0.7947804927825928,-0.062224965542554855,0.5098392367362976,0.7886084318161011,-0.059416014701128006,0.51070636510849,0.7630819082260132,-0.05553068220615387
0.48766759037971497,0.7770090103149414,-7.895175002659016e-08,0.4558731019496918,0.7832555174827576,-0.027049461379647255,0.42832934856414795,0.7940493822097778,-0.047848258167505264,0.43115511536598206,0.8195146918296814,-0.06358247250318527,0.4608503580093384,0.8339824080467224,-0.07601539045572281,0.4345686435699463,0.7088654637336731,-0.04742133989930153,0.42811763286590576,0.7913863062858582,-0.06968210637569427,0.4405546188354492,0.8058384656906128,-0.08069106936454773,0.44912806153297424,0.7849750518798828,-0.08783862739801407,0.4679138660430908,0.7062901258468628,-0.0443594716489315,0.4597221910953522,0.8034037947654724,-0.06125587970018387,0.4624009132385254,0.804924726486206,-0.061561912298202515,0.46291622519493103,0.7735106348991394,-0.06196039170026779,0.4992704689502716,0.7188490629196167,-0.043354954570531845,0.4891781508922577,0.809581458568573,-0.05540907010436058,0.48476192355155945,0.8050076365470886,-0.045124128460884094,0.4835834503173828,0.776146650314331,-0.03730810806155205,0.5248894691467285,0.7364710569381714,-0.04604602977633476,0.5130477547645569,0.8024075031280518,-0.05659845843911171,0.50962895154953,0.796110987663269,-0.05336271598935127,0.5110230445861816,0.7707208395004272,-0.048801444470882416
0.4879610240459442,0.7743016481399536,-6.846352107459097e-08,0.4563857316970825,0.783227801322937,-0.0271607656031847,0.4287455976009369,0.7968819737434387,-0.04871319606900215,0.4277445077896118,0.8201315999031067,-0.06518115103244781,0.45227953791618347,0.8276838064193726,-0.07849814742803574,0.43374449014663696,0.7110607624053955,-0.04821481183171272,0.42888081073760986,0.7942003011703491,-0.0705912709236145,0.44202837347984314,0.8055150508880615,-0.08243095129728317,0.4497929513454437,0.7823981046676636,-0.09056359529495239,0.46655356884002686,0.7084524631500244,-0.04540175572037697,0.45995381474494934,0.804259181022644,-0.06252016127109528,0.46381276845932007,0.8058127164840698,-0.0643567144870758,0.4638892114162445,0.7742723226547241,-0.06680029630661011,0.49775364995002747,0.7196627259254456,-0.04445241019129753,0.48972633481025696,0.8091013431549072,-0.056507211178541183,0.4851909875869751,0.8074780702590942,-0.04740742966532707,0.48287075757980347,0.7803907990455627,-0.041658587753772736,0.5234971642494202,0.7363929152488708,-0.047130584716796875,0.5140407085418701,0.8009600639343262,-0.057376544922590256,0.5107384324073792,0.7971286177635193,-0.05456734821200371,0.511613667011261,0.7729582786560059,-0.051452457904815674
0.48783552646636963,0.7740987539291382,-6.672449615052756e-08,0.45584720373153687,0.7810677886009216,-0.026570361107587814,0.4287421703338623,0.7943466901779175,-0.04787971079349518,0.43022313714027405,0.8196979761123657,-0.06426342576742172,0.458307683467865,0.8325495719909668,-0.0774436891078949,0.4344194829463959,0.7090776562690735,-0.04742516204714775,0.4275568127632141,0.7927963137626648,-0.06991901248693466,0.4402506351470947,0.8052511215209961,-0.08149100840091705,0.4491692781448364,0.7832387089729309,-0.0890808179974556,0.46753373742103577,0.7075023651123047,-0.04482779651880264,0.45899978280067444,0.8046849370002747,-0.06168036907911301,0.46225592494010925,0.8056642413139343,-0.06264125555753708,0.46334150433540344,0.7747108340263367,-0.06395696103572845,0.4986777901649475,0.7199907898902893,-0.04417511448264122,0.48865392804145813,0.8106787204742432,-0.05630277469754219,0.48374801874160767,0.8069667816162109,-0.04665041342377663,0.4822014570236206,0.7788659334182739,-0.039762116968631744,0.5241844654083252,0.7376466393470764,-0.04716170206665993,0.5128429532051086,0.8026162981987,-0.05759319290518761,0.5093221664428711,0.7973212003707886,-0.05448957905173302,0.5108230113983154,0.7725868225097656,-0.050469160079956055
0.4860902726650238,0.7696463465690613,-6.16146778043003e-08,0.45539820194244385,0.7769079804420471,-0.02774159051477909,0.4281666874885559,0.791276216506958,-0.04942019656300545,0.4297264814376831,0.8196240663528442,-0.06578359007835388,0.45954370498657227,0.835845947265625,-0.07882630079984665,0.43315547704696655,0.7089987993240356,-0.049423228949308395,0.4273023307323456,0.7965633273124695,-0.0726785659790039,0.4415539503097534,0.80963534116745,-0.08443235605955124,0.45140716433525085,0.7874996066093445,-0.09200486540794373,0.4666889011859894,0.7062429785728455,-0.04614174738526344,0.45957353711128235,0.804590106010437,-0.0631672665476799,0.46260181069374084,0.8047958612442017,-0.06360422074794769,0.4626508951187134,0.7721280455589294,-0.06446223706007004,0.49802476167678833,0.7184305191040039,-0.044897135347127914,0.4897671341896057,0.8094879388809204,-0.057273998856544495,0.4842083752155304,0.8049315214157104,-0.046884503215551376,0.48246872425079346,0.7760122418403625,-0.03916439414024353,0.5235482454299927,0.7357639670372009,-0.047390006482601166,0.5135194063186646,0.8009052276611328,-0.05823836848139763,0.5087965726852417,0.7951076626777649,-0.05495605617761612,0.5095117688179016,0.770691454410553,-0.050570860505104065
0.4857439696788788,0.7697621583938599,-5.999022079095084e-08,0.4553535282611847,0.7785082459449768,-0.027757689356803894,0.4284243583679199,0.7934131026268005,-0.04955342411994934,0.4295358955860138,0.8189082145690918,-0.06592882424592972,0.45745694637298584,0.8288407325744629,-0.07907698303461075,0.43380382657051086,0.7082425951957703,-0.050907302647829056,0.427955687046051,0.7889643907546997,-0.07366950809955597,0.43953779339790344,0.7990736961364746,-0.08494514226913452,0.4464516043663025,0.7758644223213196,-0.0923842117190361,0.4671746492385864,0.7052862048149109,-0.047353439033031464,0.4594528079032898,0.8022544384002686,-0.0644085705280304,0.4626002013683319,0.8017088174819946,-0.06471002846956253,0.4624570310115814,0.7698153257369995,-0.06543196737766266,0.49842554330825806,0.7169967293739319,-0.04561908543109894,0.4890059530735016,0.8083658218383789,-0.05780479311943054,0.4843446612358093,0.8026947975158691,-0.04683408886194229,0.4825257956981659,0.7737430930137634,-0.03887539729475975,0.5237411856651306,0.7341749668121338,-0.04757791757583618,0.5121084451675415,0.8003667593002319,-0.059071969240903854,0.5084989666938782,0.7942681908607483,-0.05597805604338646,0.509602963924408,0.769351601600647,-0.0515611469745636
0.4863956570625305,0.7730647325515747,-7.751467734351536e-08,0.4546498656272888,0.7813310027122498,-0.02728489227592945,0.4271082580089569,0.7943648099899292,-0.04906045272946358,0.4298923909664154,0.8190058469772339,-0.0659923106431961,0.4596145451068878,0.8307783603668213,-0.0796213299036026,0.4321698844432831,0.7076104283332825,-0.04725753143429756,0.4253762662410736,0.7911326885223389,-0.07022624462842941,0.43893927335739136,0.8060600757598877,-0.08227519690990448,0.44859281182289124,0.7852523326873779,-0.09016259014606476,0.46545132994651794,0.7047810554504395,-0.04458850249648094,0.4577450454235077,0.800383985042572,-0.06151553988456726,0.460990846157074,0.8042207956314087,-0.06234279274940491,0.4616779685020447,0.7744225263595581,-0.06351866573095322,0.4967299997806549,0.716529905796051,-0.044082265347242355,0.4876248240470886,0.8060433268547058,-0.05611322447657585,0.48363372683525085,0.8049187064170837,-0.04594368487596512,0.48259544372558594,0.778454065322876,-0.03863348811864853,0.5227825045585632,0.7335435152053833,-0.04733967036008835,0.5119496583938599,0.7987130880355835,-0.056916628032922745,0.5087983012199402,0.7950440645217896,-0.05289025604724884,0.5103904008865356,0.7716227173805237,-0.048253029584884644
0.48573777079582214,0.7661391496658325,-5.3249596732030113e-08,0.45571160316467285,0.7764867544174194,-0.028128277510404587,0.429693341255188,0.7920543551445007,-0.05095185339450836,0.4307616949081421,0.815288245677948,-0.06844612210988998,0.45475345849990845,0.8216863870620728,-0.08266175538301468,0.4314490556716919,0.7061537504196167,-0.052651289850473404,0.42663347721099854,0.786954402923584,-0.07631342858076096,0.4396514594554901,0.7964669466018677,-0.08800173550844193,0.44714733958244324,0.7730497121810913,-0.09570904076099396,0.4647957682609558,0.7025495171546936,-0.04946163669228554,0.4582647979259491,0.7978739142417908,-0.06760434061288834,0.4621758759021759,0.797545850276947,-0.06789911538362503,0.4617387056350708,0.76613849401474,-0.0685756728053093,0.49621886014938354,0.7132751941680908,-0.048105157911777496,0.48718082904815674,0.8029331564903259,-0.0610174834728241,0.48443636298179626,0.797538161277771,-0.049303505569696426,0.4831691086292267,0.7687414288520813,-0.040936168283224106,0.5219103097915649,0.7295562028884888,-0.05043661221861839,0.510110080242157,0.7956920266151428,-0.06227482110261917,0.5075111985206604,0.7902825474739075,-0.058660876005887985,0.5090199708938599,0.7650051116943359,-0.05389387533068657
0.4873577952384949,0.775246798992157,-6.929859353022039e-08,0.45601826906204224,0.7828290462493896,-0.02631489746272564,0.42934730648994446,0.7954456806182861,-0.04718310385942459,0.4312666952610016,0.8205366134643555,-0.06310910731554031,0.46026918292045593,0.8342093825340271,-0.07586239278316498,0.43211957812309265,0.7113122940063477,-0.045927744358778,0.4266177713871002,0.7937660217285156,-0.06772671639919281,0.43982261419296265,0.8060859441757202,-0.07911882549524307,0.4472012221813202,0.783449649810791,-0.08687742799520493,0.46492162346839905,0.7078641653060913,-0.043210748583078384,0.4572441577911377,0.8028742074966431,-0.05924718827009201,0.4621412456035614,0.8049163818359375,-0.05992163345217705,0.4620336592197418,0.7737398743629456,-0.0611998625099659,0.4960514008998871,0.7191709876060486,-0.04252511262893677,0.48752859234809875,0.8085278272628784,-0.05388280004262924,0.48438459634780884,0.806175708770752,-0.04445556551218033,0.48239994049072266,0.7779877185821533,-0.03798424080014229,0.5217891931533813,0.7358616590499878,-0.04537298157811165,0.5116008520126343,0.8017802238464355,-0.05471118912100792,0.5089951753616333,0.7983430027961731,-0.05156489834189415,0.5098055005073547,0.7743597626686096,-0.04793360456824303
0.48577168583869934,0.7772157788276672,-8.002439955134832e-08,0.4547590911388397,0.7839796543121338,-0.027094215154647827,0.4266607165336609,0.7958089113235474,-0.048620183020830154,0.42485398054122925,0.8187309503555298,-0.06532752513885498,0.4507860541343689,0.8291330337524414,-0.0788080245256424,0.4331113398075104,0.7091540694236755,-0.04583384841680527,0.4262741208076477,0.790240466594696,-0.06839783489704132,0.43803611397743225,0.8044719696044922,-0.08047761768102646,0.4458199143409729,0.7826445698738098,-0.0886477455496788,0.4657122492790222,0.7078155875205994,-0.04316757246851921,0.4573267698287964,0.8012950420379639,-0.0605766661465168,0.46001532673835754,0.8047022819519043,-0.062243007123470306,0.46020421385765076,0.7739200592041016,-0.06408694386482239,0.4964519739151001,0.7203041315078735,-0.042676109820604324,0.486778199672699,0.807762622833252,-0.05551581457257271,0.4825262129306793,0.807108998298645,-0.04635777696967125,0.48111042380332947,0.7801095843315125,-0.0399000458419323,0.5217830538749695,0.7376403212547302,-0.045809052884578705,0.5105843544006348,0.8016877174377441,-0.05597442761063576,0.5076197981834412,0.7989004850387573,-0.05272209644317627,0.5092253684997559,0.7751756906509399,-0.04893536865711212
0.48747339844703674,0.7825884222984314,-8.009157426158708e-08,0.4572989344596863,0.7903640270233154,-0.026758046820759773,0.4306100308895111,0.8022580742835999,-0.04854832589626312,0.42582938075065613,0.8223015069961548,-0.06550867855548859,0.4449334442615509,0.8301397562026978,-0.07918424159288406,0.43219682574272156,0.7131252288818359,-0.046825211495161057,0.4267778694629669,0.7939750552177429,-0.06894023716449738,0.43936437368392944,0.806750476360321,-0.0806158110499382,0.4468505382537842,0.7843613028526306,-0.08869222551584244,0.464682012796402,0.7111902832984924,-0.04435291141271591,0.4577610492706299,0.8051353096961975,-0.061615075916051865,0.46227237582206726,0.8085365891456604,-0.06326841562986374,0.46321970224380493,0.7786581516265869,-0.06532251089811325,0.4956587851047516,0.7229920625686646,-0.04378384351730347,0.4869072735309601,0.8108588457107544,-0.05596744641661644,0.48488107323646545,0.8099437952041626,-0.04646056517958641,0.4843698740005493,0.7831982970237732,-0.040227219462394714,0.5215049982070923,0.7398549318313599,-0.04677854850888252,0.5108085870742798,0.8037527203559875,-0.05620989948511124,0.509158194065094,0.8012800216674805,-0.052488062530756,0.511181652545929,0.7778664827346802,-0.04860514774918556
0.48951831459999084,0.7795423269271851,-3.1276126577495234e-08,0.459138423204422,0.788810670375824,-0.026686184108257294,0.4322187900543213,0.8030626177787781,-0.04784166440367699,0.43366846442222595,0.8294879198074341,-0.06404876708984375,0.46073368191719055,0.8405695557594299,-0.07740390300750732,0.43424466252326965,0.7211622595787048,-0.047521959990262985,0.4299458861351013,0.8006213903427124,-0.06979823857545853,0.4427618682384491,0.8097907900810242,-0.0814022645354271,0.4491180181503296,0.787161648273468,-0.08908345550298691,0.46713659167289734,0.7168885469436646,-0.04477535933256149,0.4612590968608856,0.8106098175048828,-0.061970293521881104,0.4660438299179077,0.8099855780601501,-0.0633666142821312,0.46530798077583313,0.7787413001060486,-0.06477304548025131,0.49862176179885864,0.7272741198539734,-0.04399026185274124,0.4918716251850128,0.8150123953819275,-0.05607862025499344,0.4888012707233429,0.8091102242469788,-0.04674344137310982,0.48630082607269287,0.7795210480690002,-0.03998126834630966,0.5244860649108887,0.7430225014686584,-0.04667995125055313,0.5150933265686035,0.8076695203781128,-0.05671895667910576,0.5118244886398315,0.8017454147338867,-0.05364178866147995,0.5115519165992737,0.7764505743980408,-0.049757666885852814
0.4888061583042145,0.7766558527946472,-3.294409722798264e-08,0.45963674783706665,0.7841780781745911,-0.0266867745667696,0.4333187937736511,0.7974367737770081,-0.048125505447387695,0.4349055290222168,0.8216190338134766,-0.064548060297966,0.46236205101013184,0.8327317833900452,-0.07782643288373947,0.43605685234069824,0.7142513990402222,-0.048273924738168716,0.43120208382606506,0.7956690788269043,-0.07078173756599426,0.44384634494781494,0.8041976094245911,-0.08262593299150467,0.45229169726371765,0.7821442484855652,-0.09021992981433868,0.4682236909866333,0.710819661617279,-0.045134544372558594,0.4630865752696991,0.8059365749359131,-0.06157015636563301,0.4663201570510864,0.8022886514663696,-0.06187164783477783,0.4665934443473816,0.7714203596115112,-0.062335316091775894,0.4990459978580475,0.7218998670578003,-0.04387769475579262,0.49181506037712097,0.8108260035514832,-0.055362518876791,0.48857736587524414,0.802013635635376,-0.04435669630765915,0.48748552799224854,0.7730991840362549,-0.036018818616867065,0.5248541235923767,0.738616943359375,-0.046300917863845825,0.5144753456115723,0.8034442067146301,-0.056952375918626785,0.5114989280700684,0.7943328022956848,-0.05326271057128906,0.51264488697052,0.7680329084396362,-0.04812350124120712
0.4930722415447235,0.7873712182044983,-6.989173328975085e-08,0.4615437984466553,0.795123815536499,-0.026091115549206734,0.4345064163208008,0.8089290857315063,-0.046757522970438004,0.4385261535644531,0.8335391879081726,-0.06270800530910492,0.46905505657196045,0.8450202941894531,-0.07549510151147842,0.4361407458782196,0.7244258522987366,-0.044575538486242294,0.4323468804359436,0.807322084903717,-0.06600622087717056,0.4452114403247833,0.8209699392318726,-0.07687384635210037,0.45271530747413635,0.7993019223213196,-0.08420616388320923,0.4693601131439209,0.7200490236282349,-0.042241159826517105,0.4639151096343994,0.8141405582427979,-0.05843115597963333,0.4673551321029663,0.8184802532196045,-0.05911536514759064,0.4663776159286499,0.7879027724266052,-0.06004862114787102,0.50064617395401,0.7304898500442505,-0.042026881128549576,0.4936796724796295,0.8179003596305847,-0.053909387439489365,0.48975634574890137,0.8168240189552307,-0.04462439566850662,0.4873538911342621,0.7896823287010193,-0.03778471425175667,0.5265791416168213,0.7464233040809631,-0.04531293362379074,0.5175470113754272,0.8116813898086548,-0.055136989802122116,0.5138120055198669,0.8092626333236694,-0.051895495504140854,0.5135100483894348,0.7865564823150635,-0.04780448228120804
0.48757144808769226,0.7825779914855957,-7.234275045675531e-08,0.4576303958892822,0.7877886891365051,-0.02582179382443428,0.43140873312950134,0.7980902194976807,-0.04617626219987869,0.43070894479751587,0.8218361735343933,-0.06179142743349075,0.4564540386199951,0.8363772630691528,-0.0738641768693924,0.43294334411621094,0.7187927961349487,-0.04649411514401436,0.42749249935150146,0.80376797914505,-0.06832105666399002,0.4426828920841217,0.8192098140716553,-0.07827356457710266,0.4547383785247803,0.801748514175415,-0.08432970941066742,0.4660591185092926,0.7147854566574097,-0.04378709942102432,0.46094420552253723,0.8125314712524414,-0.06080133840441704,0.4650057554244995,0.812375009059906,-0.060634762048721313,0.4665984809398651,0.7828908562660217,-0.06020989641547203,0.4972808063030243,0.7257460355758667,-0.0429348349571228,0.489864319562912,0.8163521885871887,-0.05514516681432724,0.4873194098472595,0.8099761009216309,-0.04431400075554848,0.4866750240325928,0.7813605666160583,-0.035602934658527374,0.5232470631599426,0.7425081729888916,-0.04562137648463249,0.5133049488067627,0.8091034889221191,-0.055730048567056656,0.5100839138031006,0.8014758229255676,-0.051634859293699265,0.5108185410499573,0.7755656838417053,-0.04605676606297493
0.4881208539009094,0.7857459187507629,-4.027631561598355e-08,0.45704057812690735,0.7944725751876831,-0.026707155629992485,0.42941200733184814,0.8086737394332886,-0.04781511053442955,0.43162253499031067,0.8348008394241333,-0.06388375908136368,0.4606882631778717,0.846376359462738,-0.07689592987298965,0.4328771233558655,0.7254882454872131,-0.046824779361486435,0.4291294515132904,0.8101489543914795,-0.06913546472787857,0.44226276874542236,0.8201026916503906,-0.0810905247926712,0.44994014501571655,0.7971274256706238,-0.08909229189157486,0.4665680229663849,0.7213296294212341,-0.04406234994530678,0.46061885356903076,0.8180499076843262,-0.060445334762334824,0.46483978629112244,0.8175246119499207,-0.06140449270606041,0.4646682143211365,0.7863449454307556,-0.06267653405666351,0.49809935688972473,0.7321281433105469,-0.043371912091970444,0.49056822061538696,0.8221040368080139,-0.05475841835141182,0.4869472086429596,0.8162883520126343,-0.04496253281831741,0.4849291145801544,0.7876269817352295,-0.03790387511253357,0.5239859819412231,0.748753011226654,-0.046307723969221115,0.5138357281684875,0.8148108124732971,-0.05632718652486801,0.5101518034934998,0.808626651763916,-0.053166527301073074,0.5099732875823975,0.7837305665016174,-0.04905247315764427
0.4870791435241699,0.7914757132530212,-4.117585383767164e-09,0.45693328976631165,0.7980408072471619,-0.0247801560908556,0.4308750629425049,0.8120429515838623,-0.045947130769491196,0.43120241165161133,0.840756893157959,-0.06265638023614883,0.455212265253067,0.857257068157196,-0.07691837102174759,0.4286210238933563,0.7336201667785645,-0.046128734946250916,0.42252659797668457,0.8133453726768494,-0.06841303408145905,0.43539199233055115,0.8177958130836487,-0.08184194564819336,0.44077324867248535,0.7929388880729675,-0.09128981083631516,0.46042028069496155,0.731194019317627,-0.044530000537633896,0.4529739022254944,0.8268747925758362,-0.06088348105549812,0.45909690856933594,0.8205568194389343,-0.06379985809326172,0.4580836892127991,0.7873731851577759,-0.06724956631660461,0.49189645051956177,0.7432836294174194,-0.0445922389626503,0.48348504304885864,0.8328883647918701,-0.05472192540764809,0.4813210964202881,0.8244057893753052,-0.046104513108730316,0.4788914918899536,0.7944207191467285,-0.04104844480752945,0.5174566507339478,0.7606871128082275,-0.048090413212776184,0.5072557330131531,0.8273473978042603,-0.056782398372888565,0.5042818188667297,0.818666934967041,-0.05397426337003708,0.5035575032234192,0.7912134528160095,-0.05116332322359085
0.4930917024612427,0.8003913164138794,-3.502294987356436e-08,0.4596670866012573,0.8082414865493774,-0.02452191896736622,0.4319170415401459,0.8206921815872192,-0.04467305913567543,0.43615978956222534,0.8434144258499146,-0.06030627712607384,0.4677526354789734,0.8529461026191711,-0.07288099080324173,0.43316447734832764,0.7340984344482422,-0.042705193161964417,0.4278739392757416,0.8151265978813171,-0.0637970119714737,0.4415671229362488,0.8229676485061646,-0.07620427757501602,0.4479893743991852,0.7995063066482544,-0.08480694144964218,0.4657084345817566,0.7294231057167053,-0.04079747945070267,0.45870575308799744,0.8250570297241211,-0.05561951920390129,0.4650380611419678,0.8225478529930115,-0.05705281347036362,0.464619904756546,0.790416419506073,-0.05895182490348816,0.4970126152038574,0.7405237555503845,-0.040893059223890305,0.4895707070827484,0.8301766514778137,-0.05026419460773468,0.48793381452560425,0.8232004046440125,-0.041469041258096695,0.4861859381198883,0.7940517663955688,-0.03570333868265152,0.5232967138290405,0.7584623098373413,-0.04449396952986717,0.5142661333084106,0.824758768081665,-0.05309271067380905,0.5118014812469482,0.8178221583366394,-0.050368309020996094,0.5115644335746765,0.7927865982055664,-0.046987663954496384
0.49225911498069763,0.7943452596664429,-9.611295581635204e-08,0.4604480564594269,0.8018637299537659,-0.02697785757482052,0.43247926235198975,0.8145337700843811,-0.047265104949474335,0.4327256679534912,0.836493968963623,-0.06260636448860168,0.4626752734184265,0.8441592454910278,-0.07455301284790039,0.43562591075897217,0.7263506054878235,-0.043453626334667206,0.4321483373641968,0.8091101050376892,-0.06419707834720612,0.4431356191635132,0.8247455358505249,-0.07430434226989746,0.44974184036254883,0.8038240671157837,-0.08098309487104416,0.4697199761867523,0.7224602699279785,-0.04019583761692047,0.46457263827323914,0.8194025158882141,-0.056182269006967545,0.46700721979141235,0.8245785236358643,-0.05684169381856918,0.46612879633903503,0.7940170764923096,-0.057449351996183395,0.5012723207473755,0.7332720160484314,-0.039068739861249924,0.4937504231929779,0.8251310586929321,-0.05090479925274849,0.48872795701026917,0.8250325322151184,-0.041593845933675766,0.485656201839447,0.7971735596656799,-0.0345332995057106,0.5267670154571533,0.7502719759941101,-0.0415264368057251,0.5169807076454163,0.8197996020317078,-0.05098019167780876,0.5132222175598145,0.8162828683853149,-0.04766562953591347,0.5131922364234924,0.7909084558486938,-0.04336041212081909
0.4934826195240021,0.7963488101959229,-2.9193033768137866e-08,0.46172061562538147,0.8066253662109375,-0.02700400911271572,0.4361381530761719,0.8213093876838684,-0.048422671854496,0.4430546760559082,0.8447805047035217,-0.06491969525814056,0.47458648681640625,0.8534023761749268,-0.07865846902132034,0.4397828280925751,0.7333309650421143,-0.04593107849359512,0.4352540969848633,0.8149323463439941,-0.06869539618492126,0.4475994110107422,0.823733389377594,-0.08227340131998062,0.45458805561065674,0.8001890778541565,-0.09153199940919876,0.4735984206199646,0.7292307615280151,-0.04328969493508339,0.4667927026748657,0.8234543204307556,-0.05981903895735741,0.4712282121181488,0.8231171369552612,-0.06233876943588257,0.4710323214530945,0.7926645874977112,-0.06508889049291611,0.5049360394477844,0.7405860424041748,-0.04277554154396057,0.4968717098236084,0.8295239806175232,-0.05431026220321655,0.4933324456214905,0.8254386186599731,-0.045821208506822586,0.49111050367355347,0.7977606058120728,-0.04006495699286461,0.5306475162506104,0.7584515810012817,-0.04589543864130974,0.5207104086875916,0.8242498636245728,-0.05600519850850105,0.5168049335479736,0.8192003965377808,-0.053414542227983475,0.5166710019111633,0.7946552634239197,-0.0501202754676342
0.4975143074989319,0.7879552245140076,-4.8939081953580654e-11,0.46605733036994934,0.7998979091644287,-0.026917001232504845,0.4422021508216858,0.8179704546928406,-0.049219999462366104,0.45056605339050293,0.8418987393379211,-0.06698248535394669,0.48255935311317444,0.8514783382415771,-0.08204465359449387,0.44441771507263184,0.7297331690788269,-0.04581141844391823,0.44011762738227844,0.8116165995597839,-0.07005728036165237,0.45220768451690674,0.8188840746879578,-0.08479597419500351,0.4601307809352875,0.7960897088050842,-0.09410540759563446,0.47757089138031006,0.7259286046028137,-0.04354219138622284,0.47166991233825684,0.8223323822021484,-0.061054158955812454,0.4770936965942383,0.816644012928009,-0.06350649893283844,0.47842898964881897,0.7863144278526306,-0.0653558075428009,0.5086029767990112,0.7371702194213867,-0.04351796582341194,0.5007252097129822,0.8301537036895752,-0.05602099746465683,0.49958696961402893,0.8216994404792786,-0.046464692801237106,0.4988693594932556,0.7925646901130676,-0.038847293704748154,0.5346946120262146,0.7548945546150208,-0.04724571108818054,0.5236670970916748,0.8258141279220581,-0.05718156322836876,0.520768404006958,0.8183445930480957,-0.053199402987957,0.5215593576431274,0.7926515340805054,-0.04806475341320038
0.49620604515075684,0.7924147248268127,-8.46484695671279e-08,0.4628564715385437,0.7985979914665222,-0.02437705174088478,0.4356997013092041,0.8092159628868103,-0.04472865164279938,0.4357592761516571,0.8274946808815002,-0.060837145894765854,0.4602254033088684,0.8324533700942993,-0.07392972707748413,0.4375413954257965,0.7169488072395325,-0.04203129559755325,0.434622585773468,0.7950140237808228,-0.06332936137914658,0.4457235634326935,0.807390034198761,-0.07486815005540848,0.45239919424057007,0.7857598066329956,-0.08262781798839569,0.47090572118759155,0.7139043211936951,-0.04054004326462746,0.46583494544029236,0.8077216148376465,-0.056962721049785614,0.4697328805923462,0.8110570311546326,-0.058379165828228,0.46983611583709717,0.7816447019577026,-0.05968169495463371,0.5024375915527344,0.7248136401176453,-0.040933769196271896,0.4950627386569977,0.8148535490036011,-0.052515361458063126,0.4919356107711792,0.814075767993927,-0.042892131954431534,0.4894094169139862,0.7863838076591492,-0.03610364347696304,0.5283821225166321,0.7421895265579224,-0.044772159308195114,0.5178489089012146,0.8123731017112732,-0.054116904735565186,0.5152314901351929,0.8098594546318054,-0.05041779950261116,0.5157738924026489,0.7846671342849731,-0.046018458902835846
0.4950995445251465,0.7886809706687927,-8.539689844155873e-08,0.46223512291908264,0.7934370636940002,-0.02427583932876587,0.4351568818092346,0.8013259768486023,-0.0441102609038353,0.43892157077789307,0.8201126456260681,-0.05966690927743912,0.4675469994544983,0.8280585408210754,-0.07211948931217194,0.4362696707248688,0.7087357640266418,-0.04047328606247902,0.43215739727020264,0.7879196405410767,-0.06209031865000725,0.44574737548828125,0.8037683367729187,-0.07438825070858002,0.4547848701477051,0.7843274474143982,-0.08268125355243683,0.4694504737854004,0.705186128616333,-0.03879963606595993,0.46310126781463623,0.7956687808036804,-0.05453724414110184,0.4680924415588379,0.803278923034668,-0.055603235960006714,0.46905195713043213,0.775445818901062,-0.056733693927526474,0.5006287693977356,0.7165073752403259,-0.039265017956495285,0.4935305118560791,0.8034837245941162,-0.049952078610658646,0.49158650636672974,0.8060884475708008,-0.04018963873386383,0.49061620235443115,0.7803167104721069,-0.03337959200143814,0.526860773563385,0.734148383140564,-0.043225888162851334,0.5177757740020752,0.8005949258804321,-0.051685631275177,0.5168768763542175,0.800784170627594,-0.04773954302072525,0.5194428563117981,0.7785071134567261,-0.04326464235782623
0.4914115369319916,0.7686638832092285,-3.493485323247114e-08,0.45810768008232117,0.7777555584907532,-0.024231838062405586,0.4319462478160858,0.7911572456359863,-0.04423116147518158,0.4378053843975067,0.8130594491958618,-0.05985495448112488,0.470389187335968,0.8198259472846985,-0.0726318359375,0.43367496132850647,0.7008922696113586,-0.042454324662685394,0.4270187318325043,0.7777937054634094,-0.06239695847034454,0.43998438119888306,0.788826048374176,-0.0731317549943924,0.44748517870903015,0.7670428156852722,-0.08035892993211746,0.46622535586357117,0.69719398021698,-0.040581244975328445,0.4572083652019501,0.787953794002533,-0.05452020838856697,0.4630832374095917,0.7897876501083374,-0.054759684950113297,0.46455118060112,0.7613012194633484,-0.055660128593444824,0.4967760443687439,0.7087567448616028,-0.04057193920016289,0.48764532804489136,0.7961366176605225,-0.04913688823580742,0.4852485656738281,0.7923501133918762,-0.03883742168545723,0.4843720495700836,0.7648525834083557,-0.031861312687397,0.5220973491668701,0.7272828817367554,-0.04405157268047333,0.5103968381881714,0.7906522154808044,-0.05080612748861313,0.5082511305809021,0.7857655882835388,-0.04607832804322243,0.5100818872451782,0.7627127766609192,-0.041185252368450165
0.4866844415664673,0.7537199854850769,-4.9169578630881006e-08,0.4582935571670532,0.7643336057662964,-0.028686610981822014,0.4339797794818878,0.7764713764190674,-0.050464943051338196,0.44270679354667664,0.7966357469558716,-0.06683710962533951,0.4746493697166443,0.8009136915206909,-0.08008390665054321,0.43633171916007996,0.685958743095398,-0.046857040375471115,0.43195345997810364,0.7617478966712952,-0.06900832802057266,0.4445008337497711,0.77587890625,-0.0816585049033165,0.4528758227825165,0.7552944421768188,-0.09063900262117386,0.4690564274787903,0.6831152439117432,-0.04271883890032768,0.4620964825153351,0.7667423486709595,-0.05904873460531235,0.4647639989852905,0.7732561230659485,-0.06023777648806572,0.46502289175987244,0.7438250184059143,-0.06196184828877449,0.4985463619232178,0.695003092288971,-0.04087875038385391,0.49106746912002563,0.7733759880065918,-0.0521104596555233,0.4864916503429413,0.7745299339294434,-0.04190178960561752,0.48573124408721924,0.7486229538917542,-0.03505319356918335,0.5226104855537415,0.7123729586601257,-0.042750339955091476,0.5125042796134949,0.768247127532959,-0.053124960511922836,0.5081392526626587,0.7680266499519348,-0.05020253360271454,0.5093886852264404,0.7475691437721252,-0.04658719152212143
0.4844396412372589,0.7490178346633911,-5.036145722669971e-08,0.454248309135437,0.761549174785614,-0.029931170865893364,0.431185781955719,0.7730143666267395,-0.052332762628793716,0.44315239787101746,0.7922155261039734,-0.06858754903078079,0.4768638610839844,0.797576904296875,-0.08139272779226303,0.43541088700294495,0.6806552410125732,-0.05264108628034592,0.43043577671051025,0.756333589553833,-0.07480493932962418,0.4408590793609619,0.7708451151847839,-0.0854591578245163,0.44892585277557373,0.7510624527931213,-0.0929129421710968,0.4684572219848633,0.6776503324508667,-0.04814361035823822,0.46158814430236816,0.7617015242576599,-0.06567111611366272,0.4630357027053833,0.7660120129585266,-0.06600236147642136,0.4639887809753418,0.7372851371765137,-0.06689722836017609,0.49794501066207886,0.6900325417518616,-0.04558880254626274,0.4902442693710327,0.7704483270645142,-0.05802334472537041,0.48444801568984985,0.7694485187530518,-0.04710640385746956,0.4832608103752136,0.7426365613937378,-0.0395556278526783,0.5217591524124146,0.7084041833877563,-0.04680665582418442,0.5112401843070984,0.7659743428230286,-0.058943010866642,0.5065624117851257,0.7628315687179565,-0.05658670514822006,0.5080524682998657,0.7403067946434021,-0.05298837646842003
0.4860468804836273,0.7604472041130066,-4.18413144132046e-08,0.45536571741104126,0.7706925868988037,-0.027007536962628365,0.43148574233055115,0.7816361784934998,-0.04843328520655632,0.4404934048652649,0.8014378547668457,-0.06478236615657806,0.47121909260749817,0.8065659403800964,-0.07806887477636337,0.4318174719810486,0.6901376843452454,-0.04674089327454567,0.42479977011680603,0.7619341611862183,-0.06884906440973282,0.4362756013870239,0.7737289071083069,-0.08131296187639236,0.4433550238609314,0.7530936002731323,-0.09001309424638748,0.46362942457199097,0.6868974566459656,-0.043780386447906494,0.455619215965271,0.769580602645874,-0.06004124879837036,0.45979544520378113,0.7733542323112488,-0.06162286549806595,0.4604639708995819,0.7458851933479309,-0.06355761736631393,0.4931871294975281,0.698796272277832,-0.04285852983593941,0.4854152500629425,0.7785559296607971,-0.05403003469109535,0.4829176366329193,0.7774423360824585,-0.044611189514398575,0.48237890005111694,0.7517022490501404,-0.03842048719525337,0.5178810358047485,0.7170792818069458,-0.04546084627509117,0.507618248462677,0.7737492918968201,-0.05616072937846184,0.5043107271194458,0.7713243961334229,-0.053832776844501495,0.505670428276062,0.7502620816230774,-0.05051064118742943
0.48594093322753906,0.763465166091919,-6.326828128067064e-08,0.4559301435947418,0.774886429309845,-0.029773671180009842,0.4311511814594269,0.7871021628379822,-0.05154738202691078,0.440970778465271,0.80743408203125,-0.06752640753984451,0.47453945875167847,0.8127709627151489,-0.08016102761030197,0.43303632736206055,0.6940478682518005,-0.04802914336323738,0.4295695424079895,0.7699887752532959,-0.07074463367462158,0.44109028577804565,0.7849941253662109,-0.08332748711109161,0.4487001895904541,0.7648354768753052,-0.09213919192552567,0.4663856029510498,0.6903011798858643,-0.04355132579803467,0.46032899618148804,0.7743991613388062,-0.060501452535390854,0.461856484413147,0.7819994688034058,-0.06188572943210602,0.4610282778739929,0.752291202545166,-0.0637093186378479,0.49647170305252075,0.7015821933746338,-0.04144924506545067,0.49002528190612793,0.78250652551651,-0.053343694657087326,0.4839683473110199,0.7845821380615234,-0.04369698464870453,0.48131340742111206,0.7577866911888123,-0.037250835448503494,0.5211238265037537,0.7188982963562012,-0.04318060353398323,0.5110745429992676,0.7780905365943909,-0.05413132533431053,0.5062530040740967,0.7779366970062256,-0.05178782343864441,0.5065714120864868,0.7564558386802673,-0.048597730696201324
0.4896102547645569,0.7639316916465759,-7.462097073585028e-08,0.4594799876213074,0.7745194435119629,-0.02716655284166336,0.4340820908546448,0.7871200442314148,-0.047592442482709885,0.44294285774230957,0.8084006905555725,-0.06287489831447601,0.47524961829185486,0.8140701651573181,-0.07512214779853821,0.43538597226142883,0.6960684061050415,-0.04526394233107567,0.4307388365268707,0.7692579627037048,-0.06637139618396759,0.44039294123649597,0.783422589302063,-0.07774951308965683,0.4455591142177582,0.763072669506073,-0.08562751859426498,0.46828582882881165,0.6914502382278442,-0.041842661798000336,0.46174734830856323,0.7774429321289062,-0.05754932388663292,0.4645465314388275,0.7843987941741943,-0.05827532708644867,0.4638632833957672,0.7570145726203918,-0.059384968131780624,0.4988057315349579,0.7019144892692566,-0.04059051349759102,0.49175477027893066,0.7850968241691589,-0.0517619363963604,0.48717960715293884,0.7862469553947449,-0.04235714301466942,0.4847116470336914,0.7605330944061279,-0.03578222543001175,0.5237335562705994,0.7187669277191162,-0.04289531335234642,0.5137442946434021,0.7794484496116638,-0.052994441241025925,0.5096749067306519,0.7792495489120483,-0.05025541037321091,0.5101091861724854,0.7587530612945557,-0.04654828459024429
0.490479439496994,0.7704376578330994,-4.89206328779801e-08,0.45896056294441223,0.7803365588188171,-0.026466794312000275,0.43304604291915894,0.7929505109786987,-0.04662436991930008,0.44139862060546875,0.8146334290504456,-0.06186087802052498,0.4738422930240631,0.8202334046363831,-0.07433780282735825,0.4374021887779236,0.7018194198608398,-0.043709609657526016,0.43314042687416077,0.7789771556854248,-0.0645526722073555,0.4429268538951874,0.7898763418197632,-0.07685625553131104,0.4489067494869232,0.7676203846931458,-0.08546596020460129,0.470217764377594,0.6975605487823486,-0.04042612388730049,0.4642603099346161,0.7875889539718628,-0.05532189458608627,0.467068612575531,0.7894818186759949,-0.05675388127565384,0.46690231561660767,0.7602447867393494,-0.058727022260427475,0.5008055567741394,0.7081785798072815,-0.03918265551328659,0.4935491383075714,0.7944989204406738,-0.048646144568920135,0.48924145102500916,0.7921244502067566,-0.03885626420378685,0.48709961771965027,0.7653348445892334,-0.0323953814804554,0.5261284708976746,0.7253692746162415,-0.04168152064085007,0.5156604647636414,0.788300633430481,-0.050089068710803986,0.5122688412666321,0.7845640182495117,-0.04652852565050125,0.5133906602859497,0.7617959380149841,-0.042481452226638794
0.48925817012786865,0.76316899061203,-4.669113096156252e-08,0.4593226909637451,0.773884654045105,-0.027782302349805832,0.4337359368801117,0.7881433367729187,-0.049104511737823486,0.44184020161628723,0.8099616765975952,-0.06495320796966553,0.47475647926330566,0.8147283792495728,-0.0777040496468544,0.43566271662712097,0.69441819190979,-0.04686411842703819,0.4299585819244385,0.770548403263092,-0.06735425442457199,0.44042450189590454,0.7825409770011902,-0.07878897339105606,0.4463483989238739,0.7609460353851318,-0.08704915642738342,0.4684984087944031,0.6907021403312683,-0.04282071068882942,0.46076372265815735,0.7786476612091064,-0.057482559233903885,0.4639936685562134,0.7821589708328247,-0.05822690948843956,0.4639036953449249,0.7526071667671204,-0.05992704629898071,0.4989520013332367,0.7021995186805725,-0.04067350924015045,0.49075326323509216,0.7865326404571533,-0.049967341125011444,0.4862811267375946,0.785181999206543,-0.039493948221206665,0.4845859408378601,0.7584057450294495,-0.03283855319023132,0.5241563320159912,0.7201637625694275,-0.0422637015581131,0.5132636427879333,0.7803652286529541,-0.0516233816742897,0.509078323841095,0.7770165801048279,-0.048524901270866394,0.5100574493408203,0.7547022104263306,-0.044746283441782
0.48922979831695557,0.7666963338851929,-6.287625353706972e-08,0.45915254950523376,0.7779992818832397,-0.028060482814908028,0.43387556076049805,0.7918695211410522,-0.049719590693712234,0.44182154536247253,0.8118950128555298,-0.06596794724464417,0.47443631291389465,0.8152846693992615,-0.07907015085220337,0.43345150351524353,0.6967606544494629,-0.04596977308392525,0.4291785955429077,0.7717928290367126,-0.06628388911485672,0.4406803250312805,0.7857832908630371,-0.07746607810258865,0.4467441439628601,0.7644657492637634,-0.08573029190301895,0.46661368012428284,0.6919680237770081,-0.04208885505795479,0.4596119225025177,0.7785318493843079,-0.05714481696486473,0.4637696444988251,0.7865914702415466,-0.0583367794752121,0.4636242091655731,0.7590884566307068,-0.06046879291534424,0.4971909821033478,0.7024054527282715,-0.04024374857544899,0.4897163212299347,0.7842654585838318,-0.05000165104866028,0.48565372824668884,0.7877355217933655,-0.04053222015500069,0.4835400879383087,0.7635496854782104,-0.03482159227132797,0.52248615026474,0.7194145917892456,-0.042059626430273056,0.5127307772636414,0.7768499255180359,-0.05096123740077019,0.5087379813194275,0.7781935930252075,-0.0479661263525486,0.5091908574104309,0.7593364715576172,-0.044719453901052475
0.48246508836746216,0.7556793093681335,-4.840630651870015e-08,0.45184293389320374,0.7668733596801758,-0.026578936725854874,0.42756447196006775,0.7804940938949585,-0.04715702310204506,0.43641799688339233,0.8018397688865662,-0.06275401264429092,0.4687803089618683,0.8079633116722107,-0.07524362206459045,0.43150490522384644,0.691077709197998,-0.045121774077415466,0.4246910512447357,0.7665464878082275,-0.06688988208770752,0.435602068901062,0.7778714895248413,-0.07823178172111511,0.44292083382606506,0.7566332817077637,-0.08566770702600479,0.46374472975730896,0.6878708004951477,-0.0421181321144104,0.45546382665634155,0.7755045294761658,-0.05835407227277756,0.4592644274234772,0.7788210511207581,-0.058886926621198654,0.45999446511268616,0.7491663694381714,-0.059476036578416824,0.49338749051094055,0.6997751593589783,-0.041243813931941986,0.48485809564590454,0.7828099131584167,-0.0532703660428524,0.48148876428604126,0.7816174030303955,-0.04310103505849838,0.48077064752578735,0.7552785873413086,-0.03543611615896225,0.5178472399711609,0.7179462313652039,-0.04387854039669037,0.5076444745063782,0.7776109576225281,-0.054841600358486176,0.5038202404975891,0.7755671143531799,-0.05179939791560173,0.5051199197769165,0.7546530961990356,-0.047407105565071106
0.48512884974479675,0.7624314427375793,-5.154669580065274e-08,0.4531741738319397,0.7727006077766418,-0.02539076656103134,0.4274637997150421,0.7859454154968262,-0.04522596299648285,0.43459659814834595,0.8067665696144104,-0.060265589505434036,0.4671250283718109,0.8122305870056152,-0.07228147238492966,0.431068480014801,0.694646954536438,-0.042382676154375076,0.4234740436077118,0.7696875929832458,-0.062358785420656204,0.4349603056907654,0.7805017232894897,-0.07361070811748505,0.44180941581726074,0.7584553360939026,-0.08143354207277298,0.4630580544471741,0.6906240582466125,-0.03952312096953392,0.4537590742111206,0.7784334421157837,-0.05342135950922966,0.45893070101737976,0.7798048853874207,-0.05411340668797493,0.46008768677711487,0.7510446310043335,-0.055543720722198486,0.4930305480957031,0.7020223140716553,-0.03866053745150566,0.4836331307888031,0.7861278057098389,-0.04775198921561241,0.4813494086265564,0.7831750512123108,-0.038121264427900314,0.4808620810508728,0.7565879225730896,-0.031716566532850266,0.5180444121360779,0.7202660441398621,-0.041335850954055786,0.5066185593605042,0.7805669903755188,-0.0497208796441555,0.5037457346916199,0.7771056294441223,-0.046394772827625275,0.5053533911705017,0.755750298500061,-0.042456790804862976
0.4849644601345062,0.7616199254989624,-5.528132618337622e-08,0.45532292127609253,0.7725532650947571,-0.028264597058296204,0.4298720955848694,0.7859611511230469,-0.0492401197552681,0.4390043616294861,0.8089842796325684,-0.06457018107175827,0.4720715582370758,0.8151990175247192,-0.07662171125411987,0.4325890839099884,0.6952637434005737,-0.048018679022789,0.42668503522872925,0.7687584757804871,-0.06867767870426178,0.4363690912723541,0.7801717519760132,-0.0789070650935173,0.44171786308288574,0.7579054832458496,-0.08608182519674301,0.46521732211112976,0.6908518671989441,-0.043622080236673355,0.45828700065612793,0.7782540917396545,-0.05915508046746254,0.46008890867233276,0.7819809317588806,-0.05904726684093475,0.45869722962379456,0.751339852809906,-0.05963106453418732,0.49539661407470703,0.701632022857666,-0.041254378855228424,0.4878842830657959,0.7851356863975525,-0.05204107612371445,0.48204806447029114,0.7830316424369812,-0.041523855179548264,0.4791482985019684,0.7548739910125732,-0.0342070497572422,0.5199533700942993,0.7184109687805176,-0.042565543204545975,0.5096049308776855,0.7784953117370605,-0.05311105027794838,0.5050756931304932,0.7750282883644104,-0.05047285556793213,0.5054581761360168,0.7522171139717102,-0.046696268022060394
0.48628267645835876,0.7678231000900269,-4.501465866724175e-08,0.4567561745643616,0.7799216508865356,-0.029583754017949104,0.4315527677536011,0.7925083637237549,-0.05175081640481949,0.44045087695121765,0.8124279379844666,-0.06827190518379211,0.4732590615749359,0.8162065148353577,-0.08157195150852203,0.4304157495498657,0.6980153918266296,-0.047446586191654205,0.4267071485519409,0.7714457511901855,-0.06922445446252823,0.4380491375923157,0.7849339842796326,-0.0816226676106453,0.44389620423316956,0.7632628083229065,-0.09075247496366501,0.4632661044597626,0.6926718950271606,-0.04302947595715523,0.4570644199848175,0.7744317650794983,-0.058914583176374435,0.46045130491256714,0.7826645374298096,-0.06010773777961731,0.45903024077415466,0.7534950375556946,-0.06218414753675461,0.4940820336341858,0.7030443549156189,-0.040912047028541565,0.48800647258758545,0.7816251516342163,-0.051708463579416275,0.4833877682685852,0.7863876223564148,-0.041697561740875244,0.48091018199920654,0.7613964080810547,-0.035533927381038666,0.5197716355323792,0.7201569080352783,-0.042604926973581314,0.5108416676521301,0.7764968872070312,-0.05265805125236511,0.5066577792167664,0.7785140872001648,-0.04997805505990982,0.5073587894439697,0.759101152420044,-0.04693339020013809
0.4860099256038666,0.7678029537200928,-6.190523293980732e-08,0.4552227556705475,0.7783070802688599,-0.027289431542158127,0.42931807041168213,0.7912392616271973,-0.04805935174226761,0.4377787411212921,0.8136246204376221,-0.063583604991436,0.47079968452453613,0.8197511434555054,-0.07583820819854736,0.4318743646144867,0.6998416781425476,-0.04616626724600792,0.4274495542049408,0.777901828289032,-0.0677158385515213,0.43872350454330444,0.79142826795578,-0.07875777035951614,0.44575244188308716,0.7695025205612183,-0.08628460019826889,0.46490082144737244,0.6951262354850769,-0.04270542040467262,0.4590117335319519,0.7847970724105835,-0.05884760245680809,0.46163779497146606,0.7897685170173645,-0.0588100403547287,0.46123355627059937,0.7595037221908569,-0.05908297374844551,0.495539128780365,0.7059662342071533,-0.041418012231588364,0.48860469460487366,0.7911821603775024,-0.05245712772011757,0.48418349027633667,0.7892137169837952,-0.04141245037317276,0.4823158085346222,0.7604005336761475,-0.03339328616857529,0.5207985043525696,0.7231848835945129,-0.04382299259305,0.5106747150421143,0.7853832840919495,-0.054079730063676834,0.507267951965332,0.781530499458313,-0.050738025456666946,0.5083954930305481,0.7575430274009705,-0.04619259014725685
0.4883318245410919,0.7681954503059387,-8.118323080452683e-08,0.4571261703968048,0.7802488803863525,-0.026257630437612534,0.4298734962940216,0.7948070168495178,-0.0458657331764698,0.4371384382247925,0.8180451989173889,-0.06075900048017502,0.4706181287765503,0.8237023949623108,-0.07248692959547043,0.43131035566329956,0.7059043645858765,-0.043248869478702545,0.42755889892578125,0.7849467396736145,-0.06373219937086105,0.440746545791626,0.8015182614326477,-0.07355408370494843,0.4491446614265442,0.7818941473960876,-0.0801590085029602,0.4647124409675598,0.7003179788589478,-0.04066723212599754,0.4586687386035919,0.7911786437034607,-0.056915201246738434,0.46211978793144226,0.7980344891548157,-0.05746186524629593,0.4622083902359009,0.768521785736084,-0.05815735459327698,0.4957767426967621,0.7102099657058716,-0.040365349501371384,0.488639235496521,0.7957450151443481,-0.051777079701423645,0.48454272747039795,0.7967246174812317,-0.042895860970020294,0.4827588200569153,0.7697964310646057,-0.036376018077135086,0.5214292407035828,0.7258486151695251,-0.04361560940742493,0.5126359462738037,0.7889373302459717,-0.05270599573850632,0.5086127519607544,0.7884443402290344,-0.04962126165628433,0.5086978077888489,0.7671486139297485,-0.04579215869307518
0.48681938648223877,0.7634381651878357,-5.842982275794384e-08,0.45644649863243103,0.775295615196228,-0.02737531065940857,0.42931628227233887,0.7912188768386841,-0.048427514731884,0.4344269335269928,0.8164132833480835,-0.06429571658372879,0.4659436047077179,0.8217225074768066,-0.0769365131855011,0.43104860186576843,0.7043999433517456,-0.04828760400414467,0.4270852506160736,0.7833141684532166,-0.06986978650093079,0.4395883083343506,0.7966701984405518,-0.07993970066308975,0.44681045413017273,0.7754670977592468,-0.08664792031049728,0.4641653001308441,0.6990914940834045,-0.04487452283501625,0.4577917754650116,0.7906466126441956,-0.06206187978386879,0.46134188771247864,0.7958132028579712,-0.06241849064826965,0.4611463248729706,0.7661258578300476,-0.06308357417583466,0.494962215423584,0.7089155912399292,-0.04346168413758278,0.4876115322113037,0.7944969534873962,-0.055355191230773926,0.48324087262153625,0.7937408685684204,-0.04564795270562172,0.4811190068721771,0.7660234570503235,-0.03872174024581909,0.5201109647750854,0.724450409412384,-0.04558641463518143,0.5110430121421814,0.7866590619087219,-0.05557353049516678,0.5070955753326416,0.7844788432121277,-0.05270390212535858,0.5073838233947754,0.7617778182029724,-0.049004800617694855
0.489601731300354,0.758342444896698,-5.6250399893542635e-08,0.4594966471195221,0.7717365622520447,-0.027934588491916656,0.4331066906452179,0.7870901823043823,-0.049291856586933136,0.4407089948654175,0.8097565174102783,-0.06523890793323517,0.4731374979019165,0.8143685460090637,-0.07820017635822296,0.43418461084365845,0.695523738861084,-0.0478501170873642,0.43077725172042847,0.7690707445144653,-0.06840454787015915,0.4414161145687103,0.7818312644958496,-0.07872486114501953,0.44642069935798645,0.7604551911354065,-0.08620157092809677,0.46692341566085815,0.6910936832427979,-0.043964844197034836,0.4608252942562103,0.7766838669776917,-0.060185693204402924,0.46424829959869385,0.7843231558799744,-0.06110129505395889,0.4634579122066498,0.7553476095199585,-0.06283726543188095,0.4973275661468506,0.7010834813117981,-0.041989054530858994,0.49084657430648804,0.7822033166885376,-0.05301632359623909,0.4864676594734192,0.785454511642456,-0.043774109333753586,0.48409026861190796,0.7593633532524109,-0.037982575595378876,0.5223899483680725,0.7167522311210632,-0.04356015473604202,0.5132682919502258,0.7754734754562378,-0.05320705100893974,0.5094025135040283,0.7763437628746033,-0.050633013248443604,0.5097513198852539,0.7554690837860107,-0.04777770861983299
0.4901260733604431,0.7643112540245056,-5.795192947743999e-08,0.4600147008895874,0.776868462562561,-0.02891853265464306,0.43447160720825195,0.789903998374939,-0.05031507462263107,0.4432092607021332,0.8120138049125671,-0.06591973453760147,0.4756581783294678,0.8180009126663208,-0.07848035544157028,0.43535926938056946,0.6975020170211792,-0.04850781336426735,0.43093109130859375,0.7718362808227539,-0.0691615417599678,0.4423876702785492,0.7849056720733643,-0.08006427437067032,0.44847023487091064,0.7636971473693848,-0.08784903585910797,0.46844449639320374,0.692390501499176,-0.043831899762153625,0.4617038369178772,0.7792262434959412,-0.05935026705265045,0.4654335677623749,0.7848219275474548,-0.06024254113435745,0.46524226665496826,0.7570639252662659,-0.061892952769994736,0.498863160610199,0.70274817943573,-0.041110314428806305,0.4918173849582672,0.7854476571083069,-0.051280733197927475,0.48741820454597473,0.7851532697677612,-0.04151761159300804,0.4852413535118103,0.7585614323616028,-0.03524143993854523,0.5235762596130371,0.7193220853805542,-0.04207107052206993,0.513411283493042,0.7785037755966187,-0.0515291728079319,0.5094298720359802,0.776800274848938,-0.048706941306591034,0.5099174976348877,0.7552346587181091,-0.04530968517065048
0.4871675968170166,0.7616715431213379,-4.677504961136947e-08,0.45715421438217163,0.7760447263717651,-0.028809187933802605,0.4318743944168091,0.7918223142623901,-0.05096660181879997,0.4412594437599182,0.8140069246292114,-0.06750050187110901,0.4742896556854248,0.8176707625389099,-0.08104648441076279,0.43303993344306946,0.6988412737846375,-0.04917118325829506,0.43045496940612793,0.7760642766952515,-0.07078119367361069,0.44162413477897644,0.7880574464797974,-0.08261273056268692,0.44747182726860046,0.7657907605171204,-0.09119723737239838,0.4664972126483917,0.6939381957054138,-0.04506487399339676,0.4612576365470886,0.7814698219299316,-0.06146528571844101,0.4647073447704315,0.7874701619148254,-0.06271523237228394,0.464127779006958,0.7588662505149841,-0.06480722874403,0.49715372920036316,0.7039802074432373,-0.04293230175971985,0.49109765887260437,0.7859835028648376,-0.05383603647351265,0.48669102787971497,0.7872595191001892,-0.04384418949484825,0.4842807650566101,0.7610098719596863,-0.03758356720209122,0.5223044157028198,0.720528781414032,-0.044510211795568466,0.5134723782539368,0.7788461446762085,-0.05444405600428581,0.5095891356468201,0.7783085107803345,-0.05147877335548401,0.5100848078727722,0.75689697265625,-0.0481584258377552
0.4858005940914154,0.7575311064720154,-5.789390300492414e-08,0.4563262164592743,0.7690694332122803,-0.027410294860601425,0.43170955777168274,0.7848233580589294,-0.0485268272459507,0.4406714141368866,0.8079857230186462,-0.06429765373468399,0.4735634922981262,0.8146879076957703,-0.07696748524904251,0.433741956949234,0.694305419921875,-0.04635734483599663,0.4301019310951233,0.7736830711364746,-0.0675273910164833,0.4421811103820801,0.7867426872253418,-0.07900050282478333,0.4499776065349579,0.7656905651092529,-0.08692069351673126,0.46681201457977295,0.6900573372840881,-0.04254604130983353,0.46075376868247986,0.7798692584037781,-0.057757824659347534,0.4637804925441742,0.7838988900184631,-0.058463044464588165,0.464032381772995,0.7549285292625427,-0.05995728448033333,0.49705660343170166,0.7007503509521484,-0.04077218100428581,0.4899292290210724,0.7851322889328003,-0.05101120099425316,0.48525068163871765,0.7832810282707214,-0.04121493920683861,0.4834159016609192,0.7561861276626587,-0.03466522693634033,0.521802544593811,0.7172644138336182,-0.042637236416339874,0.5118597149848938,0.7778680324554443,-0.05236654356122017,0.5076247453689575,0.7748942375183105,-0.049501847475767136,0.508004903793335,0.7525887489318848,-0.045828744769096375
0.4839419424533844,0.753242015838623,-3.049945007660426e-08,0.4553626775741577,0.7662502527236938,-0.028561459854245186,0.4321742653846741,0.7813346982002258,-0.05046815797686577,0.44233790040016174,0.8027879595756531,-0.06662959605455399,0.4746128022670746,0.8088449239730835,-0.0794944241642952,0.4333376884460449,0.6907045245170593,-0.04925836622714996,0.42762771248817444,0.7652102112770081,-0.07115183770656586,0.43810009956359863,0.7735227346420288,-0.08313815295696259,0.4444115459918976,0.7510169148445129,-0.091526560485363,0.46517303586006165,0.6861501336097717,-0.04488983005285263,0.45894724130630493,0.7734563946723938,-0.06059551239013672,0.46173232793807983,0.7735669016838074,-0.061357419937849045,0.4612427353858948,0.7432616353034973,-0.06297118961811066,0.49469175934791565,0.6968207359313965,-0.04248446598649025,0.4879761338233948,0.7798721790313721,-0.053015854209661484,0.4835158884525299,0.7754094004631042,-0.04250764846801758,0.48172685503959656,0.7476255893707275,-0.0355866476893425,0.519261360168457,0.7138830423355103,-0.043863698840141296,0.5096582174301147,0.7729101181030273,-0.05489933490753174,0.5054438710212708,0.767623782157898,-0.05262717604637146,0.5061279535293579,0.744536280632019,-0.04916703328490257
0.4828251004219055,0.7542759776115417,-4.857825786075409e-08,0.4529876112937927,0.766681432723999,-0.028167961165308952,0.4296165108680725,0.77977055311203,-0.04982786253094673,0.44005659222602844,0.8002685904502869,-0.06583279371261597,0.4723041355609894,0.8070588707923889,-0.0785847082734108,0.4325268566608429,0.6872667074203491,-0.048789024353027344,0.4260901212692261,0.7610282897949219,-0.07061382383108139,0.43675297498703003,0.7707173228263855,-0.08253766596317291,0.44357770681381226,0.7495529651641846,-0.0908072367310524,0.4644002914428711,0.6837007999420166,-0.044680412858724594,0.4569609761238098,0.7710044384002686,-0.06089209020137787,0.46116068959236145,0.7727776169776917,-0.06199885904788971,0.4626210331916809,0.744423508644104,-0.06373719871044159,0.4936181306838989,0.6954312920570374,-0.04249090701341629,0.48620355129241943,0.7789207100868225,-0.05337865650653839,0.48275724053382874,0.7754738926887512,-0.043563034385442734,0.4818507432937622,0.7483250498771667,-0.03708440065383911,0.51800936460495,0.7136073112487793,-0.04400154948234558,0.5076563358306885,0.7723416686058044,-0.05446506291627884,0.504461407661438,0.7669130563735962,-0.05226249247789383,0.5061885118484497,0.7433035969734192,-0.04904158413410187
0.4846665859222412,0.7559539675712585,-6.384289719107983e-08,0.4560048282146454,0.7672010660171509,-0.028310175985097885,0.4314778745174408,0.7798190116882324,-0.049586426466703415,0.4399731159210205,0.7993578314781189,-0.06558062881231308,0.4723494052886963,0.804480254650116,-0.0782293900847435,0.4327797293663025,0.6877332925796509,-0.04479934275150299,0.42809468507766724,0.7596061825752258,-0.06712012737989426,0.43851593136787415,0.773033618927002,-0.07962725311517715,0.4451732635498047,0.7522822618484497,-0.08826877176761627,0.4652874171733856,0.6835824251174927,-0.04082062840461731,0.4594931900501251,0.7672114372253418,-0.05786233767867088,0.46176010370254517,0.7749667167663574,-0.05917785316705704,0.46159806847572327,0.7467679381370544,-0.06046508252620697,0.4950241446495056,0.6942317485809326,-0.039289169013500214,0.4890700876712799,0.7731654047966003,-0.05199975147843361,0.48421740531921387,0.7755751609802246,-0.04253154993057251,0.48245730996131897,0.7500927448272705,-0.03553486987948418,0.5195648670196533,0.7106313109397888,-0.041395604610443115,0.5111868977546692,0.7666218876838684,-0.052879657596349716,0.5069133639335632,0.7669638395309448,-0.050638437271118164,0.507538378238678,0.7465042471885681,-0.0469994843006134
0.48387473821640015,0.7556482553482056,-5.640935540895953e-08,0.4554413855075836,0.7677143812179565,-0.02881988324224949,0.43189772963523865,0.7806374430656433,-0.05046054348349571,0.4424293637275696,0.8005948066711426,-0.06631308794021606,0.4749646782875061,0.8062890768051147,-0.07881254702806473,0.4338538944721222,0.6888525485992432,-0.04830760508775711,0.42891067266464233,0.7622171640396118,-0.07044143974781036,0.43861788511276245,0.7730064988136292,-0.08267182111740112,0.44465112686157227,0.7516176104545593,-0.09114997088909149,0.4662817418575287,0.6844223141670227,-0.04375016689300537,0.46051937341690063,0.7712871432304382,-0.060103900730609894,0.4624845087528229,0.7742181420326233,-0.061083827167749405,0.46199849247932434,0.744779109954834,-0.062480628490448,0.49583539366722107,0.6951327919960022,-0.04130285233259201,0.4895007014274597,0.777904212474823,-0.052788469940423965,0.48438072204589844,0.7750913500785828,-0.042658716440200806,0.4821559488773346,0.7475736737251282,-0.035555604845285416,0.5200717449188232,0.7118996381759644,-0.04260929301381111,0.5105949640274048,0.7708467841148376,-0.054002545773983,0.506519079208374,0.766345739364624,-0.051834627985954285,0.5072908401489258,0.7429572939872742,-0.04822027310729027
0.48536792397499084,0.7577633261680603,-4.7259465674187595e-08,0.4560065269470215,0.7697960138320923,-0.030067723244428635,0.43146514892578125,0.7823752164840698,-0.052334655076265335,0.44119641184806824,0.8023719787597656,-0.06863059103488922,0.4745185971260071,0.8077972531318665,-0.08159487694501877,0.4334873855113983,0.6898936033248901,-0.04908913001418114,0.42917415499687195,0.7640302181243896,-0.07136359810829163,0.4392051100730896,0.7764779925346375,-0.08385485410690308,0.44519534707069397,0.7550556063652039,-0.09273973852396011,0.46628668904304504,0.6857578158378601,-0.0440894216299057,0.4602094888687134,0.7706910371780396,-0.06078850477933884,0.4624004364013672,0.7756029963493347,-0.06207183748483658,0.4620979428291321,0.7466115355491638,-0.06389417499303818,0.49599045515060425,0.6966350674629211,-0.04133637621998787,0.4894958436489105,0.7776526212692261,-0.05322159826755524,0.4842741787433624,0.7773935794830322,-0.043388769030570984,0.48234567046165466,0.7508376836776733,-0.03666913881897926,0.5201717019081116,0.7137339115142822,-0.04240575060248375,0.5106807947158813,0.771234929561615,-0.053622204810380936,0.5065643191337585,0.7684406638145447,-0.051494721323251724,0.5075762271881104,0.7461280822753906,-0.048266809433698654
0.48364758491516113,0.7566956877708435,-5.181930262665446e-08,0.4553385078907013,0.769974946975708,-0.03126465529203415,0.4316391944885254,0.7834398746490479,-0.054257478564977646,0.4423777461051941,0.8029364347457886,-0.07089955359697342,0.47586590051651,0.8072080612182617,-0.08395708352327347,0.4336864948272705,0.6904617547988892,-0.05204519256949425,0.43011099100112915,0.7652629017829895,-0.07502385973930359,0.44046542048454285,0.7779443264007568,-0.08719736337661743,0.44710952043533325,0.7571788430213928,-0.09566694498062134,0.466703325510025,0.6861148476600647,-0.046575210988521576,0.4616340398788452,0.771952211856842,-0.06407760828733444,0.46260154247283936,0.7766558527946472,-0.06492279469966888,0.46192216873168945,0.7470178008079529,-0.06615262478590012,0.49646589159965515,0.6969137787818909,-0.04332558438181877,0.49106287956237793,0.7783971428871155,-0.056020159274339676,0.4847545027732849,0.77687007188797,-0.045375749468803406,0.4824979305267334,0.7493969798088074,-0.03779564052820206,0.5207247734069824,0.7139059901237488,-0.04398459941148758,0.5117963552474976,0.7719399333000183,-0.05660397186875343,0.506975531578064,0.7682780027389526,-0.054588668048381805,0.5075828433036804,0.7452372312545776,-0.05098513513803482
0.4874715507030487,0.7581381797790527,-5.4122445192206214e-08,0.4578351676464081,0.7712512016296387,-0.030074549838900566,0.43281838297843933,0.784187912940979,-0.05223369225859642,0.44267889857292175,0.8044712543487549,-0.06839203089475632,0.475904256105423,0.8085657954216003,-0.08121313899755478,0.4347042739391327,0.6919517517089844,-0.049985822290182114,0.4304693043231964,0.7655237913131714,-0.07224395126104355,0.4413113594055176,0.7782893180847168,-0.08399801701307297,0.4481579661369324,0.7567405104637146,-0.0922471284866333,0.4679103195667267,0.6871225237846375,-0.044835545122623444,0.46214255690574646,0.7718520164489746,-0.061589475721120834,0.4639449715614319,0.7781299352645874,-0.06208712235093117,0.4635334312915802,0.7490504384040833,-0.06313194334506989,0.497920423746109,0.6975427269935608,-0.041913729161024094,0.4917590618133545,0.7780163884162903,-0.053471099585294724,0.4860022962093353,0.7780935764312744,-0.04283590987324715,0.48409387469291687,0.7511627078056335,-0.03551444411277771,0.5222305059432983,0.7142607569694519,-0.04282064363360405,0.5126600861549377,0.7717378735542297,-0.05411583557724953,0.5077139735221863,0.7699301242828369,-0.0517677366733551,0.5081818699836731,0.7481297254562378,-0.04823273420333862
0.4870206415653229,0.7525011301040649,-5.116273626981638e-08,0.45766279101371765,0.765820324420929,-0.029417624697089195,0.4330669045448303,0.7789865136146545,-0.05112249031662941,0.4432603716850281,0.8018813729286194,-0.06682788580656052,0.47671374678611755,0.809041440486908,-0.07930818945169449,0.43543606996536255,0.6889488101005554,-0.05008839815855026,0.43091917037963867,0.7646490335464478,-0.0722227543592453,0.4420381188392639,0.7774217128753662,-0.08403325080871582,0.4490761458873749,0.7559841275215149,-0.09232757985591888,0.4682210683822632,0.6846830248832703,-0.0451340451836586,0.46184730529785156,0.7709448337554932,-0.0617058165371418,0.46412229537963867,0.7753522396087646,-0.06263084709644318,0.46396759152412415,0.7458193302154541,-0.06422758847475052,0.4978766441345215,0.6956132650375366,-0.04224548116326332,0.491083025932312,0.7770814895629883,-0.05346882343292236,0.4856269359588623,0.7763768434524536,-0.04325859621167183,0.48374003171920776,0.7493243217468262,-0.03642954304814339,0.5220089554786682,0.7120692729949951,-0.04312039166688919,0.5123977661132812,0.7699336409568787,-0.05424816533923149,0.507970929145813,0.7671999931335449,-0.052187230437994,0.5087329745292664,0.7449076771736145,-0.04904435575008392
0.4864509105682373,0.7543598413467407,-4.679109011362925e-08,0.45682084560394287,0.7666468024253845,-0.030079802498221397,0.43181538581848145,0.7791095972061157,-0.052725765854120255,0.44133976101875305,0.8010424375534058,-0.06941258162260056,0.47458723187446594,0.8077040910720825,-0.08266740292310715,0.43439120054244995,0.6891467571258545,-0.051054827868938446,0.4303045868873596,0.7651529312133789,-0.07418947666883469,0.4421981871128082,0.7787911891937256,-0.08609648048877716,0.44993987679481506,0.7576429843902588,-0.09431096911430359,0.4673084318637848,0.6854164004325867,-0.046253059059381485,0.4619440734386444,0.7714613676071167,-0.06425932049751282,0.46462056040763855,0.7768093943595886,-0.065005823969841,0.4644603431224823,0.7471773028373718,-0.06604651361703873,0.4970918893814087,0.6964520215988159,-0.04367704689502716,0.4911223351955414,0.7774603366851807,-0.056259606033563614,0.4865480065345764,0.7766570448875427,-0.04558192566037178,0.4849967956542969,0.7488278746604919,-0.037999093532562256,0.5214256048202515,0.712871253490448,-0.04489406198263168,0.5119813680648804,0.7704914212226868,-0.05633242428302765,0.5084218978881836,0.7668265104293823,-0.05383235961198807,0.5097170472145081,0.7428832054138184,-0.05019021034240723
0.4865662157535553,0.7544484734535217,-4.806391018519207e-08,0.4570266604423523,0.7675609588623047,-0.029224824160337448,0.4328806698322296,0.7800094485282898,-0.05070044472813606,0.4430314302444458,0.7997691631317139,-0.06625029444694519,0.4758436381816864,0.8052377104759216,-0.07857555150985718,0.43441855907440186,0.688653826713562,-0.048990048468112946,0.430448442697525,0.7621660232543945,-0.07017765939235687,0.4407196640968323,0.7741551399230957,-0.08158154040575027,0.44677937030792236,0.7529477477073669,-0.08968561887741089,0.46693915128707886,0.6836366653442383,-0.044081270694732666,0.4618097245693207,0.7679427266120911,-0.0598505400121212,0.4640601575374603,0.7713940143585205,-0.060686979442834854,0.46367955207824707,0.7431647777557373,-0.06224747374653816,0.4968043863773346,0.6938247084617615,-0.0411851666867733,0.49128013849258423,0.774596631526947,-0.05203285068273544,0.4859347641468048,0.7732669115066528,-0.041958533227443695,0.48390182852745056,0.7469501495361328,-0.0351807065308094,0.5213295817375183,0.7104454040527344,-0.042030442506074905,0.5122715830802917,0.7671869993209839,-0.0526336133480072,0.5075926780700684,0.7642407417297363,-0.0502878800034523,0.5083029270172119,0.742791473865509,-0.04691585898399353
0.48457464575767517,0.7535819411277771,-5.87746349367535e-08,0.45601123571395874,0.7676370143890381,-0.030888695269823074,0.4323722720146179,0.7811518907546997,-0.053770724684000015,0.4432007074356079,0.8007364869117737,-0.07041741907596588,0.47630906105041504,0.8046336770057678,-0.08365776389837265,0.4344601631164551,0.6880944967269897,-0.05164549499750137,0.43094801902770996,0.7627968788146973,-0.0736546590924263,0.4416824281215668,0.7761865854263306,-0.08502130955457687,0.4484045207500458,0.7558954358100891,-0.09302850812673569,0.46730223298072815,0.6838852167129517,-0.046363379806280136,0.46216920018196106,0.7690944671630859,-0.06330953538417816,0.46428465843200684,0.7744070887565613,-0.064388208091259,0.4641408920288086,0.7459672689437866,-0.06605609506368637,0.496894508600235,0.6946260929107666,-0.04313146695494652,0.49083665013313293,0.7754904627799988,-0.055414579808712006,0.48575541377067566,0.7752724289894104,-0.04566868767142296,0.48387622833251953,0.7487142086029053,-0.03905901312828064,0.5210690498352051,0.7113653421401978,-0.04367997869849205,0.5114651322364807,0.7687671184539795,-0.055301543325185776,0.5074251890182495,0.7666380405426025,-0.05314484238624573,0.508547306060791,0.7449269890785217,-0.049902115017175674
0.4861372411251068,0.7597935199737549,-3.961224948056952e-08,0.4571637511253357,0.7702378034591675,-0.029229220002889633,0.4333670735359192,0.782638430595398,-0.05115917697548866,0.44371986389160156,0.8043389916419983,-0.06722981482744217,0.4771047532558441,0.8108260631561279,-0.07990003377199173,0.4343143105506897,0.6920118927955627,-0.04974420741200447,0.4307771623134613,0.7677814960479736,-0.07176477462053299,0.44147083163261414,0.779613733291626,-0.08292292058467865,0.4482528567314148,0.7581395506858826,-0.09052400290966034,0.4670836925506592,0.6872410774230957,-0.045038580894470215,0.4625510573387146,0.7750368118286133,-0.06178983673453331,0.46387243270874023,0.7780731320381165,-0.06191401556134224,0.46282076835632324,0.7481622099876404,-0.06238851323723793,0.49719560146331787,0.6977289915084839,-0.042452022433280945,0.49177029728889465,0.7810220718383789,-0.053906410932540894,0.485482394695282,0.7785152792930603,-0.04255492612719536,0.4826902747154236,0.7509973049163818,-0.034341730177402496,0.5217657685279846,0.7144199013710022,-0.043709296733140945,0.5127038359642029,0.7739169597625732,-0.05495206639170647,0.508010983467102,0.7695428133010864,-0.05211908370256424,0.5084685683250427,0.7462908029556274,-0.04783152788877487
0.487015962600708,0.7572073936462402,-4.284406429633236e-08,0.45833301544189453,0.7702379822731018,-0.029421677812933922,0.434933066368103,0.7840715646743774,-0.0516783744096756,0.445585161447525,0.8050132393836975,-0.06819841265678406,0.47805920243263245,0.8100830316543579,-0.08148221671581268,0.4364069402217865,0.6925845146179199,-0.05008391663432121,0.4317435920238495,0.7651822566986084,-0.07195013761520386,0.44103583693504333,0.7751497626304626,-0.08335717022418976,0.446173757314682,0.7542576789855957,-0.09125077724456787,0.4682014286518097,0.6883723139762878,-0.045639362186193466,0.4623430371284485,0.7756049036979675,-0.06262382119894028,0.465648889541626,0.7774369120597839,-0.06415557116270065,0.46554794907569885,0.7487732172012329,-0.06607074290513992,0.4977852404117584,0.6990466117858887,-0.04316723346710205,0.4911290407180786,0.7821668386459351,-0.055339109152555466,0.48756617307662964,0.7795693874359131,-0.04615996405482292,0.48554813861846924,0.7522709369659424,-0.03988255187869072,0.5221589803695679,0.7157211899757385,-0.04439181089401245,0.5123593211174011,0.7756407260894775,-0.05550936236977577,0.5091972947120667,0.7716941237449646,-0.05336467921733856,0.5103716254234314,0.7483689188957214,-0.05016298219561577
0.4857017397880554,0.7553943395614624,-3.844143137143874e-08,0.4567151963710785,0.7687230110168457,-0.030033523216843605,0.43365439772605896,0.7821556329727173,-0.052786801010370255,0.44491371512413025,0.8019617795944214,-0.06942155212163925,0.4779280126094818,0.8065151572227478,-0.08258219808340073,0.4354311525821686,0.6898444294929504,-0.05184071138501167,0.43107351660728455,0.7656504511833191,-0.07404600083827972,0.44227728247642517,0.7765730619430542,-0.08563494682312012,0.4498763680458069,0.755828857421875,-0.09373585879802704,0.4680006206035614,0.6860691905021667,-0.04697984457015991,0.4624195992946625,0.7731984257698059,-0.06403344124555588,0.4653944969177246,0.7748335599899292,-0.06517267972230911,0.4660917818546295,0.7454176545143127,-0.06684837490320206,0.49761727452278137,0.6974418759346008,-0.044012803584337234,0.49133726954460144,0.7800924181938171,-0.05573447421193123,0.4869705140590668,0.7765762805938721,-0.04530979320406914,0.4857214689254761,0.7489342093467712,-0.03826679661870003,0.5220986604690552,0.7149209976196289,-0.044855620712041855,0.5121835470199585,0.7732577919960022,-0.0564502589404583,0.5082069039344788,0.7676685452461243,-0.054205331951379776,0.5095138549804688,0.7434618473052979,-0.050717055797576904
0.4843713939189911,0.7522261738777161,-2.4807631504586425e-08,0.45592284202575684,0.7662864923477173,-0.030892709270119667,0.4328150749206543,0.780677318572998,-0.05429002270102501,0.4444236159324646,0.8004932403564453,-0.07127226144075394,0.4773712456226349,0.8044005632400513,-0.08473264425992966,0.4338048994541168,0.6866065859794617,-0.05351928249001503,0.4304776191711426,0.7630953192710876,-0.07613925635814667,0.4403218924999237,0.7718995213508606,-0.08834117650985718,0.44594648480415344,0.7498360872268677,-0.09711697697639465,0.4662402272224426,0.6827718019485474,-0.0481952428817749,0.46214038133621216,0.7703458666801453,-0.06521572172641754,0.46422475576400757,0.7698144316673279,-0.0660766065120697,0.4638320803642273,0.7388259768486023,-0.06782665103673935,0.49592456221580505,0.6942018866539001,-0.044793058186769485,0.49113836884498596,0.7774097919464111,-0.056161899119615555,0.4866219460964203,0.7720725536346436,-0.04472004994750023,0.4851728677749634,0.7431161999702454,-0.03719572722911835,0.5206195712089539,0.7121238708496094,-0.04537106677889824,0.5113487243652344,0.7712924480438232,-0.05713624507188797,0.5075072050094604,0.7642548680305481,-0.05469227582216263,0.509006917476654,0.7389989495277405,-0.05108214169740677
0.48553186655044556,0.7519307732582092,-4.3142076577851185e-08,0.45673617720603943,0.765451192855835,-0.029163727536797523,0.43249717354774475,0.7797943353652954,-0.050938528031110764,0.44243258237838745,0.8016564249992371,-0.06688003987073898,0.47527486085891724,0.8067410588264465,-0.07952111959457397,0.4332176446914673,0.6893945932388306,-0.049015190452337265,0.42991310358047485,0.7647365927696228,-0.07115830481052399,0.44110679626464844,0.7754905223846436,-0.0832141786813736,0.4480416178703308,0.7537043690681458,-0.09163590520620346,0.46587657928466797,0.6847856640815735,-0.04432414844632149,0.4611571729183197,0.7716107964515686,-0.060729775577783585,0.46372905373573303,0.7746472954750061,-0.061657607555389404,0.46340426802635193,0.745278537273407,-0.06323862820863724,0.4957425594329834,0.6950402855873108,-0.041775524616241455,0.490144282579422,0.7764748334884644,-0.05319644883275032,0.48523861169815063,0.7749190330505371,-0.04299011826515198,0.48342451453208923,0.7479206323623657,-0.036065541207790375,0.5202701687812805,0.7113145589828491,-0.04297167807817459,0.511584997177124,0.7685021162033081,-0.0543234720826149,0.5070726275444031,0.7652797698974609,-0.05212855339050293,0.5076499581336975,0.7428144216537476,-0.04876583069562912
0.48581182956695557,0.7538852095603943,-3.200974418859914e-08,0.4568077027797699,0.7679860591888428,-0.03017197921872139,0.4328441619873047,0.781930148601532,-0.0531277060508728,0.44324177503585815,0.8011821508407593,-0.06995818763971329,0.47600698471069336,0.8049134612083435,-0.08332963287830353,0.43323850631713867,0.6882703304290771,-0.05144891515374184,0.4286174476146698,0.7633220553398132,-0.07354901731014252,0.44011086225509644,0.7738252282142639,-0.08560023456811905,0.44716590642929077,0.752375066280365,-0.0941985622048378,0.46551430225372314,0.6837419271469116,-0.046284813433885574,0.4600049555301666,0.7688338160514832,-0.06247587502002716,0.4631583094596863,0.770846426486969,-0.06316894292831421,0.4635818600654602,0.7421784996986389,-0.06481683999300003,0.49505531787872314,0.694502055644989,-0.04311757534742355,0.4895351231098175,0.7753676176071167,-0.0540664903819561,0.48541954159736633,0.772364616394043,-0.04338056966662407,0.48438188433647156,0.7453612685203552,-0.03641941770911217,0.5196570158004761,0.71169513463974,-0.04379504173994064,0.5106224417686462,0.768364429473877,-0.054810844361782074,0.5068749785423279,0.7632805109024048,-0.05245507135987282,0.5083956718444824,0.7399092316627502,-0.049087170511484146
0.4841838777065277,0.7545881867408752,-6.09939263540582e-08,0.45601794123649597,0.7685722708702087,-0.03071320615708828,0.43166258931159973,0.782660722732544,-0.05318232998251915,0.44180458784103394,0.8014466762542725,-0.06957633048295975,0.47452130913734436,0.8033514022827148,-0.08245217055082321,0.43263450264930725,0.6890009641647339,-0.04953703284263611,0.4294328987598419,0.7637864351272583,-0.07172074168920517,0.4411543011665344,0.7769754528999329,-0.08355974406003952,0.44865408539772034,0.7558208703994751,-0.0918736532330513,0.46560949087142944,0.6842348575592041,-0.04423169419169426,0.4608640968799591,0.7692204713821411,-0.06098359823226929,0.4632304906845093,0.7762669920921326,-0.06176010146737099,0.46319544315338135,0.7470568418502808,-0.06308701634407043,0.4954433739185333,0.6944669485092163,-0.041238006204366684,0.49011778831481934,0.774189293384552,-0.05354074761271477,0.484927773475647,0.7755703330039978,-0.04348980635404587,0.4834972023963928,0.7494842410087585,-0.03651614859700203,0.5199024677276611,0.7106879353523254,-0.04205022379755974,0.5117300748825073,0.7661133408546448,-0.05411844328045845,0.506948709487915,0.7651107311248779,-0.052073847502470016,0.5076210498809814,0.7441173195838928,-0.04871373996138573
0.48662105202674866,0.7508208751678467,-5.3614339634577846e-08,0.4587160050868988,0.7638961672782898,-0.03041810728609562,0.43511831760406494,0.7776859402656555,-0.05317996069788933,0.44495144486427307,0.7994909286499023,-0.0698789432644844,0.4776362180709839,0.8047297596931458,-0.0830904170870781,0.43580323457717896,0.6872780919075012,-0.05172296613454819,0.4316118359565735,0.7619505524635315,-0.07465926557779312,0.4433821439743042,0.7753791213035583,-0.08631892502307892,0.45074763894081116,0.7548828125,-0.09431640803813934,0.46846383810043335,0.682773232460022,-0.04662581533193588,0.462347149848938,0.7687277793884277,-0.06450946629047394,0.46499744057655334,0.7736815810203552,-0.06553593277931213,0.46450671553611755,0.7445888519287109,-0.06688763946294785,0.497952401638031,0.6932406425476074,-0.04362920671701431,0.4912879467010498,0.7744494676589966,-0.056392889469861984,0.48647257685661316,0.7745051383972168,-0.04615253955125809,0.4842677116394043,0.7479186654090881,-0.0389874130487442,0.5218912363052368,0.7093459963798523,-0.044385313987731934,0.5122454762458801,0.7674790024757385,-0.05616635084152222,0.5081399083137512,0.7654035091400146,-0.05392466485500336,0.5089455246925354,0.7429400682449341,-0.050508685410022736
0.4844580292701721,0.7482513189315796,-4.1740513267995993e-08,0.45544013381004333,0.7621884346008301,-0.03007832169532776,0.43241241574287415,0.7763264179229736,-0.0529947392642498,0.4438522756099701,0.7975488901138306,-0.069696344435215,0.47660189867019653,0.8025351762771606,-0.08301643282175064,0.4349011480808258,0.6849288940429688,-0.0528128482401371,0.430547833442688,0.7610408067703247,-0.07544451951980591,0.4419540762901306,0.7721964716911316,-0.08723169565200806,0.4494226574897766,0.7513831853866577,-0.0954059436917305,0.46736276149749756,0.6808382868766785,-0.047842837870121,0.4622699022293091,0.7675753831863403,-0.06513164937496185,0.4649743139743805,0.7690198421478271,-0.06611288338899612,0.46534502506256104,0.7395539283752441,-0.06769044697284698,0.4966648519039154,0.6918582916259766,-0.044754333794116974,0.4909382164478302,0.7742346525192261,-0.05679614096879959,0.48666518926620483,0.7702825665473938,-0.046216581016778946,0.4853816032409668,0.7421424388885498,-0.039000749588012695,0.5206572413444519,0.7090457081794739,-0.045433737337589264,0.511059582233429,0.7676250338554382,-0.057148680090904236,0.5077025890350342,0.7614316344261169,-0.05484514310956001,0.5092862248420715,0.7361862063407898,-0.05134847015142441
0.48533058166503906,0.746769905090332,-5.4416965156178776e-08,0.45698678493499756,0.7588417530059814,-0.028399478644132614,0.432425856590271,0.7726895809173584,-0.04961473494768143,0.4409516751766205,0.7951444983482361,-0.06521466374397278,0.4728844463825226,0.8005577921867371,-0.07763396203517914,0.4353584349155426,0.68547123670578,-0.04807993397116661,0.4315342605113983,0.7610828280448914,-0.07000396400690079,0.443080872297287,0.7729041576385498,-0.08155123889446259,0.45066455006599426,0.7520372271537781,-0.08938069641590118,0.46797484159469604,0.6809099912643433,-0.04364621266722679,0.4627772569656372,0.7685710787773132,-0.06039643660187721,0.4651060104370117,0.7719368934631348,-0.06139403581619263,0.4648588001728058,0.7432142496109009,-0.06257276237010956,0.4975437521934509,0.6910913586616516,-0.041304878890514374,0.4912247359752655,0.7730531692504883,-0.05342882126569748,0.48635974526405334,0.7703699469566345,-0.04354153200984001,0.4844745397567749,0.7432692050933838,-0.03625757247209549,0.5214638113975525,0.7069603204727173,-0.04255206510424614,0.5121042132377625,0.7649520039558411,-0.05401685833930969,0.5077152252197266,0.7611302137374878,-0.051663413643836975,0.5080925226211548,0.7384102940559387,-0.0478866882622242
0.4863699972629547,0.7440814971923828,-3.11190717638965e-08,0.4574100077152252,0.7580417990684509,-0.03020588494837284,0.434513121843338,0.7716516256332397,-0.05285220220685005,0.4458741247653961,0.792513370513916,-0.0693524107336998,0.4781956970691681,0.7967087626457214,-0.08252613991498947,0.43574053049087524,0.6800731420516968,-0.05175884813070297,0.4320327639579773,0.7568891644477844,-0.0742465928196907,0.44349056482315063,0.7683128714561462,-0.08647257834672928,0.45065760612487793,0.7466782331466675,-0.09517265856266022,0.4680893123149872,0.6766310930252075,-0.046827033162117004,0.46314048767089844,0.7625651955604553,-0.06412919610738754,0.46569642424583435,0.7641124725341797,-0.06572505086660385,0.46546700596809387,0.7339417934417725,-0.06786282360553741,0.4973650872707367,0.6880316734313965,-0.0438687838613987,0.4915890097618103,0.7688561081886292,-0.055884022265672684,0.4872188866138458,0.7655548453330994,-0.04566686227917671,0.48574569821357727,0.7375792264938354,-0.03883858397603035,0.5212755799293518,0.7051767706871033,-0.044691648334264755,0.5123728513717651,0.7623052597045898,-0.05644965171813965,0.5086486339569092,0.7573525309562683,-0.05429588258266449,0.5100356936454773,0.7333645224571228,-0.05103923752903938
0.4881986379623413,0.743339478969574,-4.726822311340584e-08,0.4597308933734894,0.7579297423362732,-0.029565749689936638,0.43630266189575195,0.7715456485748291,-0.05171143263578415,0.4462926983833313,0.7921144962310791,-0.06815426051616669,0.47863876819610596,0.7960330843925476,-0.08135616034269333,0.43632903695106506,0.6812219023704529,-0.04904636740684509,0.43195363879203796,0.7579857707023621,-0.07130567729473114,0.444218248128891,0.7720386981964111,-0.08300936222076416,0.4521845877170563,0.7515102624893188,-0.09114589542150497,0.46861425042152405,0.6770129799842834,-0.04463518038392067,0.46229737997055054,0.7611663341522217,-0.06226683408021927,0.4662822484970093,0.7662960886955261,-0.0639854297041893,0.4669840931892395,0.7379363775253296,-0.06593388319015503,0.49783819913864136,0.6873971223831177,-0.04241737723350525,0.490712970495224,0.7655541896820068,-0.055274367332458496,0.4879303276538849,0.7663716077804565,-0.04616541042923927,0.4871203601360321,0.7402491569519043,-0.039837051182985306,0.5217800140380859,0.7030309438705444,-0.043809033930301666,0.5124763250350952,0.7596383094787598,-0.054900310933589935,0.5097511410713196,0.7590278387069702,-0.05268566310405731,0.511272132396698,0.737514078617096,-0.049616746604442596
0.4879961609840393,0.7382742762565613,-3.8704666138755783e-08,0.460294246673584,0.7528221607208252,-0.030758649110794067,0.4378083348274231,0.767010509967804,-0.05442404747009277,0.44901537895202637,0.7859662771224976,-0.07192673534154892,0.4808284640312195,0.7884954810142517,-0.0860140472650528,0.43705806136131287,0.6753806471824646,-0.05329715460538864,0.43342894315719604,0.7514454126358032,-0.07661927491426468,0.4454474449157715,0.7644907236099243,-0.08902452886104584,0.4527844190597534,0.7432596683502197,-0.09790203720331192,0.46894294023513794,0.6708680987358093,-0.04852249100804329,0.4641250967979431,0.7548684477806091,-0.06679043918848038,0.4669141173362732,0.759212076663971,-0.06825526058673859,0.46640947461128235,0.7297044396400452,-0.07028596848249435,0.4979989230632782,0.681256115436554,-0.04580587148666382,0.4922659397125244,0.7600449919700623,-0.058801811188459396,0.488167405128479,0.7600829601287842,-0.04818998649716377,0.4864090085029602,0.733507513999939,-0.04116528108716011,0.5220032930374146,0.6972352862358093,-0.04687942564487457,0.5132388472557068,0.7542547583580017,-0.05934001877903938,0.5101528167724609,0.7517544627189636,-0.057274699211120605,0.5115418434143066,0.7285528182983398,-0.05418143421411514
0.4896419048309326,0.7413196563720703,-5.092913113458053e-08,0.46135765314102173,0.7553175091743469,-0.029299527406692505,0.43786564469337463,0.7690945863723755,-0.05171223729848862,0.44757312536239624,0.7887378931045532,-0.06841019541025162,0.4799478352069855,0.7920463681221008,-0.08189850300550461,0.43747544288635254,0.6765479445457458,-0.04978947713971138,0.43365490436553955,0.7491698861122131,-0.07193877547979355,0.44462040066719055,0.763470470905304,-0.08382465690374374,0.45087653398513794,0.7427834272384644,-0.09243860095739365,0.4694068133831024,0.6722608804702759,-0.04573961719870567,0.463929682970047,0.7528029680252075,-0.0633319690823555,0.4662749171257019,0.7596904635429382,-0.06505881249904633,0.4658038020133972,0.7319005727767944,-0.06721363961696625,0.4984983801841736,0.6828948855400085,-0.04379118233919144,0.49256566166877747,0.7581198811531067,-0.0568109005689621,0.48819008469581604,0.7608989477157593,-0.04757996276021004,0.48664143681526184,0.7360150218009949,-0.041363734751939774,0.5224461555480957,0.69902503490448,-0.04541613161563873,0.514335036277771,0.7520788311958313,-0.057500794529914856,0.5105250477790833,0.7535939812660217,-0.05567076802253723,0.5116147398948669,0.7345418334007263,-0.05285068228840828
0.48877325654029846,0.7399610280990601,-3.652699120948455e-08,0.46060988306999207,0.7546679973602295,-0.03002188168466091,0.4371167719364166,0.7687480449676514,-0.0529298335313797,0.44743868708610535,0.788598895072937,-0.06976447254419327,0.4800022542476654,0.7921596765518188,-0.08315350115299225,0.437323659658432,0.6773082613945007,-0.05223008990287781,0.43340322375297546,0.7522314190864563,-0.07495912909507751,0.4453037977218628,0.7645455002784729,-0.08677731454372406,0.4525415897369385,0.7428597807884216,-0.09522376209497452,0.4692864418029785,0.672684371471405,-0.04761321842670441,0.4643121063709259,0.756077766418457,-0.06528836488723755,0.46702080965042114,0.7599084973335266,-0.06613246351480484,0.466695100069046,0.7305097579956055,-0.06755756586790085,0.4983634948730469,0.6832289695739746,-0.04506005719304085,0.4928240478038788,0.7612061500549316,-0.05767592415213585,0.48864880204200745,0.7605860233306885,-0.04675557464361191,0.48743900656700134,0.7341464757919312,-0.03926781192421913,0.5224131941795349,0.699548065662384,-0.046252042055130005,0.5141175985336304,0.7545901536941528,-0.05875243619084358,0.5105369687080383,0.7519721388816833,-0.05668432638049126,0.5118586421012878,0.7297086715698242,-0.05334639921784401
0.4875504970550537,0.7425839900970459,-5.228289268188746e-08,0.4599091410636902,0.7556806206703186,-0.02920082025229931,0.4372393786907196,0.7689334154129028,-0.051358915865421295,0.44799697399139404,0.7883528470993042,-0.06772244721651077,0.4803076684474945,0.7919691801071167,-0.08065905421972275,0.4370020925998688,0.6765899062156677,-0.049348365515470505,0.43381500244140625,0.7521651983261108,-0.07169513404369354,0.44602784514427185,0.766578733921051,-0.08361029624938965,0.45399704575538635,0.74681156873703,-0.09201989322900772,0.4693617820739746,0.6724867224693298,-0.04501286894083023,0.46481701731681824,0.7554248571395874,-0.062340766191482544,0.46656712889671326,0.7609542608261108,-0.06379035860300064,0.46587178111076355,0.7317004203796387,-0.06557976454496384,0.49854323267936707,0.6833050847053528,-0.04273807257413864,0.49353379011154175,0.7606531381607056,-0.05509061738848686,0.4882297217845917,0.7622079849243164,-0.044787127524614334,0.4862401485443115,0.7364782691001892,-0.037703391164541245,0.5225642323493958,0.6998131275177002,-0.04413285478949547,0.514915943145752,0.7542692422866821,-0.056069497019052505,0.5101785063743591,0.7546093463897705,-0.05375303700566292,0.5108537077903748,0.7345850467681885,-0.050245076417922974
0.48896434903144836,0.737739622592926,-3.914963997431187e-08,0.46161872148513794,0.7522979974746704,-0.029798414558172226,0.4383751451969147,0.7661356925964355,-0.05212125554680824,0.4486236870288849,0.7846599817276001,-0.06855820119380951,0.4804241359233856,0.7860273122787476,-0.08159329742193222,0.43744590878486633,0.6742908954620361,-0.04925542324781418,0.4336642622947693,0.7474302649497986,-0.07138130813837051,0.4451945126056671,0.7599578499794006,-0.08346148580312729,0.4519961476325989,0.738524854183197,-0.09221899509429932,0.46948349475860596,0.6692056059837341,-0.04463249072432518,0.4649786055088043,0.7521832585334778,-0.06185850873589516,0.4677979052066803,0.7560716867446899,-0.06364376097917557,0.467281699180603,0.7267311811447144,-0.06587452441453934,0.4986114203929901,0.6792446970939636,-0.0421852208673954,0.49300286173820496,0.7571601867675781,-0.05441184341907501,0.4888903498649597,0.7570322751998901,-0.04437336325645447,0.48706912994384766,0.730405330657959,-0.03770816698670387,0.522506594657898,0.6950644254684448,-0.043451178818941116,0.5137392282485962,0.750917375087738,-0.05525610223412514,0.5102365612983704,0.7494587302207947,-0.053191889077425,0.5113146901130676,0.7275216579437256,-0.05008777603507042
0.4886154532432556,0.7396522760391235,-4.682238241571213e-08,0.46151572465896606,0.7539862990379333,-0.029898962005972862,0.43897393345832825,0.7676795125007629,-0.052322208881378174,0.44980913400650024,0.7855998277664185,-0.0688943937420845,0.48193562030792236,0.7874281406402588,-0.08204180747270584,0.43760207295417786,0.6749610900878906,-0.04936613887548447,0.4342576265335083,0.7489670515060425,-0.07187215983867645,0.44630080461502075,0.7630490660667419,-0.08404568582773209,0.45375606417655945,0.7425889372825623,-0.0927162915468216,0.4697667956352234,0.6699414849281311,-0.044880710542201996,0.46513399481773376,0.7524828314781189,-0.06258486211299896,0.4679142236709595,0.7585878372192383,-0.06451599299907684,0.4675421714782715,0.7302643060684204,-0.06668365001678467,0.49888765811920166,0.680399477481842,-0.04258710891008377,0.4934975802898407,0.7578712105751038,-0.05544181168079376,0.4891854226589203,0.7595499157905579,-0.04569486901164055,0.4870803654193878,0.7337953448295593,-0.03903372213244438,0.5227363109588623,0.6966266632080078,-0.04396677017211914,0.5144051909446716,0.752035915851593,-0.055954549461603165,0.5107216835021973,0.7523878812789917,-0.05385049805045128,0.5116493701934814,0.7318443059921265,-0.05064237490296364
0.488832950592041,0.7365306615829468,-4.987279567103542e-08,0.4615929424762726,0.7511645555496216,-0.029695209115743637,0.438371479511261,0.7647293210029602,-0.05172799527645111,0.4486529231071472,0.783520519733429,-0.06792625039815903,0.4808223843574524,0.786194384098053,-0.08072705566883087,0.4378871023654938,0.6730010509490967,-0.0486622117459774,0.43409839272499084,0.7464135885238647,-0.07032447308301926,0.4452695846557617,0.7596592903137207,-0.08189976960420609,0.4518384039402008,0.7384108901023865,-0.09020420908927917,0.4696730673313141,0.6686378121376038,-0.04404053837060928,0.4645082950592041,0.7507263422012329,-0.060940783470869064,0.46753233671188354,0.75612872838974,-0.062424544245004654,0.46730801463127136,0.7274622917175293,-0.06434132903814316,0.49858102202415466,0.6789913177490234,-0.04160432890057564,0.49271586537361145,0.7554314136505127,-0.05405038595199585,0.4891747832298279,0.7568577527999878,-0.044597774744033813,0.4879201054573059,0.7311333417892456,-0.0381297841668129,0.5223384499549866,0.6946728825569153,-0.04280847683548927,0.5138711333274841,0.7491469979286194,-0.054320916533470154,0.5104554295539856,0.749880313873291,-0.052232515066862106,0.5116382837295532,0.7301441431045532,-0.04913659393787384
0.48835286498069763,0.7329708933830261,-3.5710186807591526e-08,0.46034500002861023,0.7470051646232605,-0.028752610087394714,0.4376492500305176,0.7607969045639038,-0.05093780905008316,0.44794130325317383,0.7803241610527039,-0.06754656136035919,0.4793427288532257,0.7836947441101074,-0.08097919076681137,0.4381599426269531,0.6711639165878296,-0.048411186784505844,0.43322527408599854,0.7469990849494934,-0.0709928646683693,0.4448555111885071,0.7585306763648987,-0.08372382074594498,0.45190978050231934,0.736760139465332,-0.09262997657060623,0.46952563524246216,0.6669992804527283,-0.04430190846323967,0.4634866416454315,0.7518748641014099,-0.06153671070933342,0.46726346015930176,0.7530307173728943,-0.06359856575727463,0.46730706095695496,0.7236157655715942,-0.06590624898672104,0.49819493293762207,0.6774373054504395,-0.042299844324588776,0.49102461338043213,0.7566208839416504,-0.05466265231370926,0.4885441064834595,0.7540656924247742,-0.04487956315279007,0.4873937964439392,0.726683497428894,-0.038132816553115845,0.5217794179916382,0.6935155391693115,-0.04391452297568321,0.5119453072547913,0.7510692477226257,-0.0552535280585289,0.5096492767333984,0.7473397254943848,-0.05286719650030136,0.511197566986084,0.7234212756156921,-0.04946977645158768
0.4892970025539398,0.7362304925918579,-4.6700272093858075e-08,0.4612874686717987,0.7508389949798584,-0.02948511205613613,0.4375240206718445,0.7640165686607361,-0.05190560221672058,0.4471893608570099,0.7815272808074951,-0.06876333802938461,0.4789482057094574,0.7826829552650452,-0.0824076309800148,0.4368639588356018,0.671795129776001,-0.04819260165095329,0.4323796331882477,0.743393063545227,-0.07051295787096024,0.44301679730415344,0.756988525390625,-0.08298308402299881,0.4489010274410248,0.7358151078224182,-0.09205704927444458,0.46840763092041016,0.6670388579368591,-0.04417923837900162,0.4625647962093353,0.7467913031578064,-0.06164655461907387,0.46598726511001587,0.7528660893440247,-0.06400027871131897,0.4656519591808319,0.7249455451965332,-0.06669456511735916,0.49729403853416443,0.6771401166915894,-0.04243975877761841,0.4907677173614502,0.7522444725036621,-0.055450018495321274,0.4878633916378021,0.7547137141227722,-0.046680208295583725,0.4866306185722351,0.7293824553489685,-0.04091225564479828,0.5211331844329834,0.6926667094230652,-0.044297970831394196,0.5121251344680786,0.74676913022995,-0.055828969925642014,0.5094459652900696,0.7479540109634399,-0.053931619971990585,0.5109238028526306,0.7279733419418335,-0.05127226561307907
0.4880675673484802,0.7357935309410095,-4.56469138043758e-08,0.4600192904472351,0.7496698498725891,-0.029017042368650436,0.4363289475440979,0.7629601359367371,-0.0511234886944294,0.4458150267601013,0.7816116213798523,-0.06748898327350616,0.47799214720726013,0.7831715941429138,-0.08058690279722214,0.43609318137168884,0.6712744235992432,-0.04907059669494629,0.4325055181980133,0.7442406415939331,-0.07014278322458267,0.44407814741134644,0.7581045627593994,-0.08093922585248947,0.4504920244216919,0.7369735836982727,-0.0888877585530281,0.46771010756492615,0.666629433631897,-0.04494398087263107,0.4625919461250305,0.7482230067253113,-0.0615118108689785,0.46595847606658936,0.7542702555656433,-0.0626283586025238,0.46542108058929443,0.7256277203559875,-0.06440453976392746,0.4966098666191101,0.6772099137306213,-0.04284486919641495,0.4906670153141022,0.7531592845916748,-0.05472474917769432,0.48695671558380127,0.7548669576644897,-0.0448419451713562,0.4853035807609558,0.7290833592414856,-0.03836949169635773,0.5204167366027832,0.6932640671730042,-0.04430209472775459,0.5119215250015259,0.747041642665863,-0.05571233853697777,0.5086459517478943,0.7470960021018982,-0.05347883328795433,0.5097886919975281,0.7265276908874512,-0.05039039999246597
0.4894191026687622,0.7416326999664307,-4.453288227068697e-08,0.4612654745578766,0.7548113465309143,-0.028785651549696922,0.4370102882385254,0.7674411535263062,-0.05086655542254448,0.4465212821960449,0.7859247326850891,-0.06727983802556992,0.47810155153274536,0.7868545651435852,-0.08041178435087204,0.43600842356681824,0.6742649674415588,-0.048724666237831116,0.4314528703689575,0.7454444169998169,-0.07002389430999756,0.44293126463890076,0.7582977414131165,-0.08160597085952759,0.4490809440612793,0.7372409105300903,-0.09024057537317276,0.46767666935920715,0.6692147850990295,-0.04468846321105957,0.4625418186187744,0.7493350505828857,-0.06104090064764023,0.4660278558731079,0.7548646926879883,-0.06245720013976097,0.465440571308136,0.7268864512443542,-0.0646306574344635,0.49681469798088074,0.6795719861984253,-0.04268120974302292,0.4910992980003357,0.7551836371421814,-0.05394485965371132,0.48803409934043884,0.7561648488044739,-0.04398763179779053,0.48683810234069824,0.7305557131767273,-0.03776196017861366,0.5209305286407471,0.6958184838294983,-0.04427272081375122,0.5123200416564941,0.7492989897727966,-0.05532883480191231,0.5097510814666748,0.7483137249946594,-0.053077638149261475,0.5114989876747131,0.7269648313522339,-0.05010383203625679
0.48747721314430237,0.7452170848846436,-5.4723365394693246e-08,0.45782893896102905,0.7583165168762207,-0.027256857603788376,0.4338449239730835,0.7716774940490723,-0.04874196648597717,0.4422425329685211,0.7910274267196655,-0.06482048332691193,0.47206005454063416,0.7935418486595154,-0.077518031001091,0.43272319436073303,0.6809648871421814,-0.04780083894729614,0.42775923013687134,0.7547168731689453,-0.06881699711084366,0.44050270318984985,0.7671932578086853,-0.07953532040119171,0.4479614198207855,0.7458715438842773,-0.08718595653772354,0.46530595421791077,0.6760144829750061,-0.044159624725580215,0.45974257588386536,0.7604807615280151,-0.06001831218600273,0.463749498128891,0.7638591527938843,-0.060182247310876846,0.4638497233390808,0.7356764674186707,-0.0610511377453804,0.4950551390647888,0.68606036901474,-0.04239780828356743,0.4881967306137085,0.7659934163093567,-0.053331971168518066,0.48573461174964905,0.7638368010520935,-0.0420517660677433,0.48505449295043945,0.7372586727142334,-0.03440816327929497,0.5194302201271057,0.7024676203727722,-0.044117268174886703,0.5094448328018188,0.7591274380683899,-0.05520901456475258,0.5070153474807739,0.755150318145752,-0.05225573107600212,0.5086656808853149,0.7317232489585876,-0.04818670451641083
0.41754961013793945,0.7884230613708496,2.0543528478356166e-07,0.38494208455085754,0.7810232639312744,-0.009769530966877937,0.3527151346206665,0.75505530834198,-0.018700217828154564,0.3261100947856903,0.7420839071273804,-0.028602665290236473,0.30041128396987915,0.7415010929107666,-0.03962395712733269,0.37054434418678284,0.6683791279792786,-0.008642957545816898,0.3454764783382416,0.6513351798057556,-0.026297233998775482,0.32438960671424866,0.6512267589569092,-0.04322464019060135,0.3075660467147827,0.652942419052124,-0.05391814559698105,0.38930752873420715,0.6495527625083923,-0.015646284446120262,0.38736197352409363,0.5867069959640503,-0.027274038642644882,0.3820611834526062,0.5436283946037292,-0.03861952945590019,0.3773581087589264,0.5080971717834473,-0.04697728902101517,0.40799441933631897,0.6527706980705261,-0.025308987125754356,0.4185309410095215,0.592302143573761,-0.03892839327454567,0.41948169469833374,0.5527475476264954,-0.04999005049467087,0.4167899191379547,0.5175062417984009,-0.05721603333950043,0.4251018166542053,0.6726285815238953,-0.03581847622990608,0.443121075630188,0.6344529390335083,-0.04615505784749985,0.44921475648880005,0.6066416501998901,-0.0500018484890461,0.4495752453804016,0.580937385559082,-0.05284712836146355
0.42351362109184265,0.7830912470817566,2.1953144369035726e-07,0.3916369378566742,0.7752496004104614,-0.010551112703979015,0.36018678545951843,0.7492508292198181,-0.02075941674411297,0.33337098360061646,0.7360724210739136,-0.03169585391879082,0.3067970871925354,0.7359206080436707,-0.043596841394901276,0.37466442584991455,0.6641114354133606,-0.010938433930277824,0.34933018684387207,0.6487827301025391,-0.02909376285970211,0.3282434344291687,0.6496051549911499,-0.046216871589422226,0.31152212619781494,0.6509304046630859,-0.057271067053079605,0.39298200607299805,0.6453734636306763,-0.017684610560536385,0.38905417919158936,0.5833065509796143,-0.03073667548596859,0.3837970197200775,0.5394065380096436,-0.04259071871638298,0.3798285722732544,0.5030791759490967,-0.05130547657608986,0.41123390197753906,0.6487317085266113,-0.02696242555975914,0.4213061034679413,0.5882604122161865,-0.04110230132937431,0.422346293926239,0.5479809045791626,-0.051618997007608414,0.41904258728027344,0.5123007297515869,-0.05855323001742363,0.4284527897834778,0.6683911085128784,-0.037110622972249985,0.44500869512557983,0.6292935609817505,-0.04750090464949608,0.44940733909606934,0.6005604863166809,-0.05098889023065567,0.4473297595977783,0.5743938684463501,-0.05368578061461449
0.4241018295288086,0.7862940430641174,2.1039437569925212e-07,0.392546147108078,0.7783161997795105,-0.01011338084936142,0.3612225651741028,0.7512247562408447,-0.01983850635588169,0.3350352942943573,0.7377206683158875,-0.030348608270287514,0.3087620437145233,0.7375667095184326,-0.04186350852251053,0.3752668499946594,0.6662967205047607,-0.010448576882481575,0.3500961363315582,0.6510976552963257,-0.028318922966718674,0.3293917775154114,0.6526138782501221,-0.0452197790145874,0.3125998079776764,0.6546218991279602,-0.05607482045888901,0.393032968044281,0.6478075981140137,-0.017256736755371094,0.3888688087463379,0.5850260257720947,-0.030008859932422638,0.38306888937950134,0.5413391590118408,-0.04166802018880844,0.37822914123535156,0.5053102970123291,-0.0501679889857769,0.41081804037094116,0.6515607833862305,-0.026542356237769127,0.42035144567489624,0.5902301669120789,-0.04049858823418617,0.4209410548210144,0.5495691895484924,-0.05099576711654663,0.41719305515289307,0.513665497303009,-0.057905323803424835,0.42736372351646423,0.671640157699585,-0.036657754331827164,0.4432718753814697,0.6322610378265381,-0.047053396701812744,0.447204053401947,0.6032110452651978,-0.05058726668357849,0.4446816146373749,0.576748251914978,-0.053290098905563354
0.4238479733467102,0.7853978276252747,2.1140306216693716e-07,0.3919474482536316,0.7783512473106384,-0.010082673281431198,0.36034277081489563,0.7506336569786072,-0.019667020067572594,0.3335966169834137,0.736015796661377,-0.030088061466813087,0.3070501685142517,0.7352028489112854,-0.04148738086223602,0.3739774227142334,0.6664076447486877,-0.009808246046304703,0.34801557660102844,0.6510989665985107,-0.027918167412281036,0.3267267644405365,0.6516292691230774,-0.04504555091261864,0.30979496240615845,0.65302973985672,-0.05607590824365616,0.3918471932411194,0.6474254727363586,-0.0165569968521595,0.38832345604896545,0.5848581194877625,-0.02892078459262848,0.38281622529029846,0.5414628982543945,-0.0400409996509552,0.3779316544532776,0.506128191947937,-0.048170387744903564,0.4097898602485657,0.650504469871521,-0.025950325652956963,0.41855037212371826,0.5888672471046448,-0.039749737828969955,0.4188389182090759,0.5487923622131348,-0.04991890490055084,0.4146139323711395,0.5132989287376404,-0.056637242436409,0.4266479015350342,0.6700484156608582,-0.03624271973967552,0.4430359899997711,0.6313542723655701,-0.04701867699623108,0.44678884744644165,0.602893054485321,-0.050862401723861694,0.4436453580856323,0.5768617987632751,-0.05371139943599701
0.4236881732940674,0.7862898111343384,2.136457766255262e-07,0.3917064964771271,0.7793822288513184,-0.009643515571951866,0.3591623604297638,0.7520202994346619,-0.0191536545753479,0.33223608136177063,0.7372002005577087,-0.029547151178121567,0.3060029149055481,0.7362412214279175,-0.04097464680671692,0.373796284198761,0.6680182218551636,-0.010357502847909927,0.34782078862190247,0.6520909070968628,-0.028142482042312622,0.3267050087451935,0.6524414420127869,-0.044735196977853775,0.3101087510585785,0.6540012359619141,-0.05533573403954506,0.39166298508644104,0.6492195129394531,-0.01735900156199932,0.3881690502166748,0.586007833480835,-0.02937321737408638,0.38231146335601807,0.5424341559410095,-0.03992587327957153,0.377352774143219,0.5069780349731445,-0.04767804592847824,0.40962716937065125,0.6524333953857422,-0.026909351348876953,0.4183148145675659,0.5902650356292725,-0.040410276502370834,0.4184301495552063,0.5497437715530396,-0.050376102328300476,0.4145531952381134,0.5141702890396118,-0.05702622979879379,0.4265557825565338,0.6720678806304932,-0.03730471804738045,0.44273659586906433,0.6329237818717957,-0.047917548567056656,0.4465523660182953,0.6041779518127441,-0.05163465812802315,0.4436819851398468,0.5780457258224487,-0.05441846698522568
0.42418423295021057,0.7868418097496033,2.0614234585991653e-07,0.39224255084991455,0.7801213264465332,-0.009840402752161026,0.35990017652511597,0.7523155808448792,-0.019226601347327232,0.3326672911643982,0.7381189465522766,-0.02948993630707264,0.3060322105884552,0.7375317215919495,-0.04076366499066353,0.3738926351070404,0.6681233048439026,-0.009591944515705109,0.3480546772480011,0.65216463804245,-0.02747814543545246,0.3270963132381439,0.6530206799507141,-0.04439309611916542,0.31044286489486694,0.6551612019538879,-0.05521370843052864,0.3918289244174957,0.6491198539733887,-0.016388393938541412,0.3884854316711426,0.5866590738296509,-0.028154706582427025,0.38293930888175964,0.5438114404678345,-0.03889155760407448,0.37786027789115906,0.5087975263595581,-0.046842966228723526,0.4100351929664612,0.6522010564804077,-0.025842316448688507,0.4181559085845947,0.5907716155052185,-0.03910470008850098,0.418186217546463,0.5504947900772095,-0.049040619283914566,0.4139270484447479,0.5149012804031372,-0.05573301762342453,0.42724406719207764,0.6716690063476562,-0.03620714321732521,0.4430059790611267,0.6328698992729187,-0.04673174396157265,0.44680485129356384,0.6043412089347839,-0.05044696480035782,0.44373974204063416,0.5783578157424927,-0.05325143784284592
0.423570841550827,0.7893010973930359,2.1848930487067264e-07,0.39134901762008667,0.7833916544914246,-0.009762411937117577,0.3583187162876129,0.7556840181350708,-0.019142450764775276,0.3307429552078247,0.7417342066764832,-0.029535718262195587,0.30424758791923523,0.7416732311248779,-0.04096227139234543,0.3724965453147888,0.6701897382736206,-0.009126427583396435,0.34603264927864075,0.6537490487098694,-0.027496665716171265,0.3244023621082306,0.6544458270072937,-0.044766735285520554,0.3071206510066986,0.6569435596466064,-0.055755529552698135,0.3901752233505249,0.6513739228248596,-0.01625869795680046,0.3853980600833893,0.5874567031860352,-0.028311362490057945,0.37974879145622253,0.5439738035202026,-0.0390198715031147,0.37460410594940186,0.508480429649353,-0.04674294590950012,0.408416211605072,0.6545072793960571,-0.02617282047867775,0.4145260453224182,0.5920955538749695,-0.040050018578767776,0.41426268219947815,0.5518367290496826,-0.04986690729856491,0.409778892993927,0.5161558389663696,-0.056185878813266754,0.42582520842552185,0.6736758351325989,-0.03704072907567024,0.4406448006629944,0.6340338587760925,-0.04821843281388283,0.44458141922950745,0.6055117845535278,-0.052011847496032715,0.44175201654434204,0.5795172452926636,-0.05464782938361168
0.4249417185783386,0.788945198059082,2.1383809212238702e-07,0.3926546275615692,0.7828561663627625,-0.009813213720917702,0.3601204752922058,0.7552936673164368,-0.01941865310072899,0.3325534760951996,0.7412172555923462,-0.030002379789948463,0.3055357038974762,0.7416344881057739,-0.0416238009929657,0.37356069684028625,0.6705321073532104,-0.009875485673546791,0.34643614292144775,0.6534726023674011,-0.02823287434875965,0.3247746229171753,0.6539483666419983,-0.04541197046637535,0.30758100748062134,0.6561089158058167,-0.0564068928360939,0.3914564847946167,0.6516457796096802,-0.016920026391744614,0.38681942224502563,0.5882063508033752,-0.029133889824151993,0.3806876838207245,0.5455561876296997,-0.040080904960632324,0.37505435943603516,0.510574221611023,-0.04808167740702629,0.40972453355789185,0.6548411250114441,-0.02661946788430214,0.41638273000717163,0.5919574499130249,-0.04046723246574402,0.41601037979125977,0.5516072511672974,-0.050435204058885574,0.4114748239517212,0.5158042907714844,-0.057026464492082596,0.4268321990966797,0.6743180155754089,-0.037244174629449844,0.44213101267814636,0.6352335214614868,-0.04856323450803757,0.44583389163017273,0.6065800189971924,-0.05262814089655876,0.44284942746162415,0.5803749561309814,-0.05553210526704788
0.4272339344024658,0.7866477370262146,2.2201741955996113e-07,0.39560240507125854,0.7810133695602417,-0.00987983588129282,0.36327242851257324,0.7550191879272461,-0.01942932978272438,0.33599358797073364,0.7415876388549805,-0.029918594285845757,0.3095408082008362,0.7422457337379456,-0.041458480060100555,0.37646329402923584,0.6705921292304993,-0.010075686499476433,0.3503791391849518,0.6530943512916565,-0.028699321672320366,0.3286738395690918,0.6532166600227356,-0.04588526114821434,0.3118140995502472,0.6556588411331177,-0.05666255205869675,0.3941766023635864,0.6513285636901855,-0.016912832856178284,0.3901926577091217,0.5875751376152039,-0.02904549427330494,0.3843820095062256,0.5441124439239502,-0.039716508239507675,0.37925660610198975,0.5084678530693054,-0.04744354635477066,0.4124019145965576,0.653649628162384,-0.026444345712661743,0.4193197786808014,0.5915201306343079,-0.040127791464328766,0.4183914065361023,0.5513821840286255,-0.04987407103180885,0.41359081864356995,0.5159026980400085,-0.05620511993765831,0.429783433675766,0.6719784140586853,-0.03691188618540764,0.4453499913215637,0.6327712535858154,-0.047813840210437775,0.4493950605392456,0.6043202877044678,-0.051523033529520035,0.44704604148864746,0.5784474611282349,-0.054127488285303116
0.4275108575820923,0.7856655120849609,2.1344312983728742e-07,0.3957837224006653,0.7797089219093323,-0.010179909877479076,0.36351215839385986,0.75325608253479,-0.019899073988199234,0.33633536100387573,0.739710807800293,-0.03049648553133011,0.3096458613872528,0.7406686544418335,-0.04219790920615196,0.37604767084121704,0.6692067980766296,-0.010606758296489716,0.3495945334434509,0.6525449156761169,-0.029148133471608162,0.32830849289894104,0.6534202098846436,-0.046404074877500534,0.311418354511261,0.6557714939117432,-0.05732579156756401,0.3942849040031433,0.6498216986656189,-0.017386419698596,0.39014407992362976,0.5870498418807983,-0.029445873573422432,0.3839898109436035,0.544116199016571,-0.040285397320985794,0.3783295452594757,0.5089452266693115,-0.04827933758497238,0.41287514567375183,0.6524874567985535,-0.026851385831832886,0.41984158754348755,0.5902737379074097,-0.040562089532613754,0.4189985990524292,0.5502995848655701,-0.05067284777760506,0.4141429662704468,0.5152338147163391,-0.05739099904894829,0.43050912022590637,0.6714664101600647,-0.0372302271425724,0.44585052132606506,0.6321373581886292,-0.048309244215488434,0.449491024017334,0.6034249067306519,-0.05226573720574379,0.4464620053768158,0.5775042176246643,-0.055125728249549866
0.42579472064971924,0.7867952585220337,2.086814134827364e-07,0.39382439851760864,0.7798710465431213,-0.009364943951368332,0.3607514500617981,0.7521827220916748,-0.018514733761548996,0.3323409855365753,0.7387104034423828,-0.02867695316672325,0.30561569333076477,0.7395569086074829,-0.03988507762551308,0.37451109290122986,0.668171226978302,-0.009195382706820965,0.346719354391098,0.652214527130127,-0.02775278501212597,0.3246198296546936,0.6531758308410645,-0.04512552544474602,0.30719253420829773,0.6561176180839539,-0.05608583241701126,0.3922627866268158,0.6491926908493042,-0.016336504369974136,0.3868618309497833,0.5862137675285339,-0.028502482920885086,0.37996765971183777,0.5431339740753174,-0.0395338200032711,0.37378859519958496,0.5084192752838135,-0.04754168912768364,0.41063177585601807,0.6521068215370178,-0.02613186091184616,0.4166378378868103,0.5902684926986694,-0.03977767378091812,0.4152267277240753,0.5501708984375,-0.04974304512143135,0.41005149483680725,0.5150250196456909,-0.056275758892297745,0.42790165543556213,0.6712880730628967,-0.03681531548500061,0.4421863853931427,0.6322242021560669,-0.047807030379772186,0.44541895389556885,0.6037338972091675,-0.05164158344268799,0.44230329990386963,0.5779252648353577,-0.054340388625860214
0.42606404423713684,0.7870228886604309,2.138104804316754e-07,0.3939545154571533,0.7808138132095337,-0.010164936073124409,0.36138033866882324,0.7544742226600647,-0.020121535286307335,0.33387213945388794,0.742051899433136,-0.031011993065476418,0.3067568838596344,0.7431681156158447,-0.04300180450081825,0.37331071496009827,0.6700260043144226,-0.010403157211840153,0.3465472161769867,0.6536471843719482,-0.029041027650237083,0.32535549998283386,0.6548544764518738,-0.04641224071383476,0.30812931060791016,0.6575168967247009,-0.057400308549404144,0.39152634143829346,0.6509622931480408,-0.01734497956931591,0.3866557478904724,0.588209867477417,-0.029253868386149406,0.38007187843322754,0.5456697344779968,-0.04006257280707359,0.37382808327674866,0.5110300779342651,-0.048059966415166855,0.4103100299835205,0.6538266539573669,-0.027013491839170456,0.41609838604927063,0.5919832587242126,-0.040516532957553864,0.4150029122829437,0.5522752404212952,-0.050405461341142654,0.4099963903427124,0.5175009369850159,-0.05702323094010353,0.4281217157840729,0.6730049252510071,-0.03764262795448303,0.44207730889320374,0.6340841054916382,-0.04850981757044792,0.4455181956291199,0.60591721534729,-0.05222916603088379,0.44244781136512756,0.5806003212928772,-0.05494188517332077
0.4260609745979309,0.7869300246238708,2.129179392795777e-07,0.3938924968242645,0.7812321782112122,-0.010339649394154549,0.3617815673351288,0.7553762197494507,-0.020283168181777,0.3346167802810669,0.7427761554718018,-0.03115925006568432,0.30790701508522034,0.7437297701835632,-0.04301924258470535,0.3741797208786011,0.6715063452720642,-0.01027393527328968,0.3470250964164734,0.6550794839859009,-0.029086226597428322,0.325106680393219,0.6560310125350952,-0.046558696776628494,0.30742591619491577,0.6587629914283752,-0.05766923725605011,0.39178481698036194,0.6524708271026611,-0.01722921058535576,0.38590702414512634,0.5894821286201477,-0.029644140973687172,0.3793219327926636,0.5469188690185547,-0.04061321169137955,0.373450368642807,0.5121597647666931,-0.048567891120910645,0.4102420210838318,0.6551312804222107,-0.02696853131055832,0.41556376218795776,0.5931994915008545,-0.04107542335987091,0.41463926434516907,0.553395688533783,-0.05115886032581329,0.40994080901145935,0.5181344151496887,-0.05775224417448044,0.4279048442840576,0.6739722490310669,-0.03769519552588463,0.44193607568740845,0.6359770894050598,-0.04917481169104576,0.4452947676181793,0.6077487468719482,-0.053303688764572144,0.44232386350631714,0.5818979144096375,-0.056235335767269135
0.42688873410224915,0.7875785827636719,2.0979774717488908e-07,0.39418670535087585,0.7817848324775696,-0.010088315233588219,0.36144042015075684,0.7554391026496887,-0.020062290132045746,0.3337901830673218,0.7420380711555481,-0.03099050186574459,0.3067885935306549,0.7427393198013306,-0.04289453104138374,0.37471458315849304,0.6709997057914734,-0.01048008631914854,0.34814387559890747,0.6532958745956421,-0.02936301752924919,0.3264206349849701,0.6545212864875793,-0.046764202415943146,0.3090353310108185,0.6579786539077759,-0.05775360390543938,0.3925665616989136,0.6521453857421875,-0.01751111075282097,0.38718217611312866,0.5889331102371216,-0.030084630474448204,0.38018226623535156,0.5468465685844421,-0.041092898696660995,0.3737509250640869,0.5122729539871216,-0.0490790531039238,0.4110846221446991,0.6550811529159546,-0.027265440672636032,0.4165611267089844,0.5931233167648315,-0.041188858449459076,0.4149993062019348,0.5529268383979797,-0.051015302538871765,0.4096887707710266,0.5173173546791077,-0.057485342025756836,0.42880263924598694,0.6739992499351501,-0.03797820955514908,0.44286271929740906,0.635077953338623,-0.04902586340904236,0.4458782970905304,0.6064478158950806,-0.05284631997346878,0.44256025552749634,0.5804737210273743,-0.05561818182468414
0.42635127902030945,0.7864516377449036,1.9911806248273933e-07,0.3934982419013977,0.78130042552948,-0.009929756633937359,0.35995495319366455,0.7541065812110901,-0.019342364743351936,0.3318476676940918,0.7392339706420898,-0.029646605253219604,0.304821252822876,0.7394254803657532,-0.040864039212465286,0.37404146790504456,0.670108437538147,-0.010031578131020069,0.3472999036312103,0.6525828242301941,-0.028905773535370827,0.3252592086791992,0.6534134745597839,-0.04625118896365166,0.30815377831459045,0.6570473909378052,-0.057124145328998566,0.39158856868743896,0.6512212157249451,-0.016832701861858368,0.38606759905815125,0.5887361764907837,-0.029456574469804764,0.37884870171546936,0.546360194683075,-0.0403253547847271,0.37250202894210815,0.5117398500442505,-0.048168834298849106,0.40989530086517334,0.6538683772087097,-0.02635246142745018,0.4155142307281494,0.5921279191970825,-0.040149543434381485,0.4140338599681854,0.552143394947052,-0.049564506858587265,0.40891462564468384,0.5169801712036133,-0.05569855868816376,0.4275682270526886,0.6726356744766235,-0.03683910891413689,0.4418041706085205,0.6335582733154297,-0.04768127575516701,0.4450083076953888,0.6049253940582275,-0.0512709766626358,0.44202637672424316,0.5791143178939819,-0.05383077263832092
0.42619192600250244,0.7871041297912598,2.0212199558500288e-07,0.3941355347633362,0.7812634706497192,-0.009723901748657227,0.36121034622192383,0.7549954652786255,-0.0189994927495718,0.3332297205924988,0.7409524917602539,-0.029152117669582367,0.3069811761379242,0.7413744926452637,-0.040156058967113495,0.3749752342700958,0.6712995767593384,-0.009762827306985855,0.3478945791721344,0.654107928276062,-0.02837742492556572,0.32589930295944214,0.6542919278144836,-0.04537932202219963,0.3089069426059723,0.657203197479248,-0.056033797562122345,0.39219677448272705,0.6523424983024597,-0.01651804894208908,0.3864050805568695,0.5901167392730713,-0.029267754405736923,0.3789520263671875,0.5480951070785522,-0.03994450345635414,0.3727438449859619,0.5142062902450562,-0.047488514333963394,0.4102085530757904,0.6546239852905273,-0.025956448167562485,0.4164179563522339,0.5927937626838684,-0.03985350579023361,0.4152437746524811,0.5529198050498962,-0.04909542575478554,0.4106212556362152,0.517702579498291,-0.05494477599859238,0.42751556634902954,0.6728423833847046,-0.03633464500308037,0.44216790795326233,0.6340972781181335,-0.047191161662340164,0.44591429829597473,0.6056506037712097,-0.05064694210886955,0.443786084651947,0.579795777797699,-0.052988044917583466
0.4268576502799988,0.7854230999946594,1.9855806954183208e-07,0.39401546120643616,0.7796205878257751,-0.009607087820768356,0.36068326234817505,0.7523524165153503,-0.018569055944681168,0.33260348439216614,0.7375433444976807,-0.028420837596058846,0.3055012822151184,0.7378515005111694,-0.039271850138902664,0.3736223876476288,0.6691066026687622,-0.009732064791023731,0.3455251157283783,0.653312087059021,-0.02801724337041378,0.32344454526901245,0.6526647806167603,-0.04478510096669197,0.306155264377594,0.6542540788650513,-0.055465687066316605,0.3912213146686554,0.6492964625358582,-0.016481667757034302,0.3851768970489502,0.5878410935401917,-0.02918275073170662,0.3773132562637329,0.5459387302398682,-0.04009039327502251,0.3703259229660034,0.5123708248138428,-0.04791206493973732,0.40959006547927856,0.6513288617134094,-0.025810468941926956,0.4157644808292389,0.5900467038154602,-0.039741549640893936,0.41401174664497375,0.5505279898643494,-0.04931549355387688,0.4083012342453003,0.516029417514801,-0.05552315339446068,0.4271557331085205,0.6701630353927612,-0.03604515269398689,0.4419476091861725,0.6311206221580505,-0.04712159186601639,0.44497039914131165,0.6028292179107666,-0.05097537115216255,0.4416084289550781,0.5774805545806885,-0.053648997098207474
0.425387978553772,0.786651611328125,2.0098993047668046e-07,0.39297041296958923,0.780454158782959,-0.009646796621382236,0.35951119661331177,0.7540096640586853,-0.0186114851385355,0.33132103085517883,0.7400094270706177,-0.028421077877283096,0.30492934584617615,0.7404806613922119,-0.03918235003948212,0.3731023073196411,0.6713476181030273,-0.009884782135486603,0.34525036811828613,0.6542602777481079,-0.028403401374816895,0.3231648802757263,0.6541258096694946,-0.04523158818483353,0.3059467375278473,0.6570851802825928,-0.05569181591272354,0.3906964063644409,0.6521205902099609,-0.016566351056098938,0.3843240737915039,0.5899475812911987,-0.029047081246972084,0.3763613998889923,0.5482893586158752,-0.03955136239528656,0.36955589056015015,0.5150091648101807,-0.046893514692783356,0.4093446731567383,0.6542938351631165,-0.02585497498512268,0.4144560694694519,0.5927342772483826,-0.039492588490247726,0.4130209684371948,0.553255021572113,-0.048423804342746735,0.4084864854812622,0.5183131098747253,-0.05404839664697647,0.4271920323371887,0.6728789210319519,-0.036078594624996185,0.441261887550354,0.6342160105705261,-0.046622540801763535,0.4455176889896393,0.6060894727706909,-0.04960237070918083,0.4444173574447632,0.5804741382598877,-0.051548879593610764
0.42586207389831543,0.7867488265037537,1.9466784806354553e-07,0.3931264281272888,0.7814722061157227,-0.01001553051173687,0.35940301418304443,0.7541742324829102,-0.018772952258586884,0.3315514326095581,0.7391244173049927,-0.028316957876086235,0.3051302433013916,0.739826500415802,-0.03873629495501518,0.3727823793888092,0.672055184841156,-0.009489310905337334,0.34510207176208496,0.6548970937728882,-0.027492403984069824,0.32339024543762207,0.6545844078063965,-0.04397870972752571,0.30619823932647705,0.6568465828895569,-0.054377246648073196,0.3904208540916443,0.6523072123527527,-0.015897002071142197,0.38355696201324463,0.5907657146453857,-0.02842913568019867,0.3754490911960602,0.5489104986190796,-0.03912176191806793,0.3684796690940857,0.5151596069335938,-0.04664430022239685,0.4089582562446594,0.654041588306427,-0.024942336603999138,0.4138950705528259,0.5936811566352844,-0.03854246810078621,0.41241028904914856,0.5541459918022156,-0.04766649007797241,0.40759098529815674,0.5192812085151672,-0.05345427989959717,0.42681658267974854,0.671856164932251,-0.03497002273797989,0.4407021403312683,0.6335485577583313,-0.045259516686201096,0.44467294216156006,0.6055408716201782,-0.0483839176595211,0.44305694103240967,0.5801792144775391,-0.050561320036649704
0.4251062870025635,0.78678297996521,1.908328925992464e-07,0.3929506242275238,0.7810208797454834,-0.009487300179898739,0.35945186018943787,0.7538909912109375,-0.018247637897729874,0.33166903257369995,0.7382850050926208,-0.027913328260183334,0.30513668060302734,0.7380898594856262,-0.03838241472840309,0.37343811988830566,0.6703552007675171,-0.00877824705094099,0.3461664021015167,0.6529647707939148,-0.026945805177092552,0.3242066204547882,0.653468668460846,-0.043561339378356934,0.3074319660663605,0.6570876240730286,-0.05390586704015732,0.39041370153427124,0.6515790820121765,-0.01544959470629692,0.38340744376182556,0.5899414420127869,-0.0281081385910511,0.37485039234161377,0.5486801862716675,-0.03877552971243858,0.3675897717475891,0.5153533816337585,-0.046216242015361786,0.4085179269313812,0.6539259552955627,-0.024771058931946754,0.4140678644180298,0.5929092764854431,-0.03854968771338463,0.4123411178588867,0.5534041523933411,-0.04766232520341873,0.4072166979312897,0.5186139941215515,-0.05338573083281517,0.42603206634521484,0.6724271774291992,-0.03502162545919418,0.4404830038547516,0.6337500810623169,-0.045495666563510895,0.44411101937294006,0.605311393737793,-0.048731639981269836,0.4419403672218323,0.5795621871948242,-0.05093542858958244
0.42553552985191345,0.7875619530677795,1.8663409662167396e-07,0.39294371008872986,0.7820611000061035,-0.009297662414610386,0.35896408557891846,0.7540780901908875,-0.01800931617617607,0.3310442864894867,0.7382314801216125,-0.02768854610621929,0.3044983148574829,0.7378137111663818,-0.03825031965970993,0.372972309589386,0.6703615784645081,-0.008667969144880772,0.34548458456993103,0.6522977352142334,-0.026717469096183777,0.3236853778362274,0.6535319089889526,-0.0434521846473217,0.30669885873794556,0.6575211882591248,-0.05400770157575607,0.3904440999031067,0.651253342628479,-0.015657933428883553,0.38355836272239685,0.5887306928634644,-0.028072599321603775,0.3751367926597595,0.5473520755767822,-0.03890654444694519,0.3675762712955475,0.5140496492385864,-0.046654701232910156,0.4089379906654358,0.6537814140319824,-0.02530345320701599,0.4136042594909668,0.5925889015197754,-0.03902874514460564,0.4117283821105957,0.5523582696914673,-0.04852944612503052,0.4063608944416046,0.516977071762085,-0.05470678210258484,0.4267454743385315,0.6724031567573547,-0.03585566207766533,0.4402529299259186,0.6332215070724487,-0.04659389704465866,0.4435185194015503,0.6045975089073181,-0.050132688134908676,0.4406842589378357,0.5787985324859619,-0.052669912576675415
0.4252491593360901,0.7868540287017822,1.8025218651018804e-07,0.3928423821926117,0.7823062539100647,-0.009496605955064297,0.3584395945072174,0.7545076012611389,-0.0180581696331501,0.33039918541908264,0.7383971214294434,-0.02747461572289467,0.30425429344177246,0.7374604344367981,-0.03780117630958557,0.3722537159919739,0.6715796589851379,-0.009288250468671322,0.3445396423339844,0.6534552574157715,-0.027120457962155342,0.32258743047714233,0.6538517475128174,-0.043647222220897675,0.30552494525909424,0.6570689678192139,-0.05417166277766228,0.38953664898872375,0.6524567008018494,-0.015981540083885193,0.3826944828033447,0.5903852581977844,-0.02816483937203884,0.37445512413978577,0.5493860244750977,-0.038871146738529205,0.36708202958106995,0.5162390470504761,-0.046651385724544525,0.40779298543930054,0.6545707583427429,-0.02527172490954399,0.4122334420681,0.5929405689239502,-0.03877274692058563,0.41040048003196716,0.5531293749809265,-0.048327572643756866,0.4051090180873871,0.5179682970046997,-0.054693836718797684,0.42550644278526306,0.6726755499839783,-0.03546897694468498,0.4390457272529602,0.633595883846283,-0.04623910412192345,0.4425084590911865,0.60494065284729,-0.05008036643266678,0.44003307819366455,0.5788660049438477,-0.05292140692472458
0.42557820677757263,0.7875608205795288,1.810040970440241e-07,0.3930608034133911,0.7816902995109558,-0.009609044529497623,0.35928794741630554,0.7539961338043213,-0.018603283911943436,0.3314264118671417,0.7380975484848022,-0.028544161468744278,0.3048638105392456,0.7363077402114868,-0.03938964009284973,0.3723633587360382,0.6699838638305664,-0.008699115365743637,0.34483402967453003,0.6516723036766052,-0.027196137234568596,0.3229252099990845,0.6528604626655579,-0.04447159916162491,0.30573827028274536,0.6569057703018188,-0.055367257446050644,0.38974428176879883,0.6510220170021057,-0.015683094039559364,0.38253000378608704,0.5886656641960144,-0.028104623779654503,0.37359872460365295,0.5476768612861633,-0.039491016417741776,0.36539599299430847,0.5146875381469727,-0.04781468212604523,0.40835899114608765,0.6536193490028381,-0.02536803111433983,0.41269829869270325,0.59269118309021,-0.03891412168741226,0.4103810787200928,0.552532970905304,-0.04885543882846832,0.4045381247997284,0.5171913504600525,-0.055577658116817474,0.4264153838157654,0.6724095344543457,-0.03599293902516365,0.43919986486434937,0.6333158016204834,-0.04644634947180748,0.44223839044570923,0.6050010919570923,-0.05008649453520775,0.4391671419143677,0.5795347690582275,-0.05288570746779442
0.4253292679786682,0.7863725423812866,1.8454650785315607e-07,0.39275726675987244,0.7807802557945251,-0.009483832865953445,0.3585900068283081,0.7540295124053955,-0.018436459824442863,0.3302251398563385,0.7389972805976868,-0.028284884989261627,0.30411967635154724,0.7374613285064697,-0.03897984325885773,0.3720201253890991,0.6704164743423462,-0.009380960837006569,0.34447041153907776,0.6527329087257385,-0.027955828234553337,0.3227308988571167,0.6539937853813171,-0.04507531225681305,0.30575650930404663,0.6582605838775635,-0.05580979585647583,0.3892171084880829,0.6514788269996643,-0.016299910843372345,0.3821612596511841,0.589599609375,-0.02909025177359581,0.37332069873809814,0.5484863519668579,-0.04040795564651489,0.36528608202934265,0.5155459046363831,-0.04854985326528549,0.4075905382633209,0.6539909243583679,-0.025826146826148033,0.41235947608947754,0.5931648015975952,-0.039494555443525314,0.4099656045436859,0.5533608794212341,-0.04907362908124924,0.40411898493766785,0.518344521522522,-0.0553823746740818,0.42545273900032043,0.6726978421211243,-0.03627391159534454,0.438755065202713,0.6336759328842163,-0.04678651690483093,0.4417998492717743,0.6052632927894592,-0.050311129540205,0.43888941407203674,0.5797720551490784,-0.052882708609104156
0.425184428691864,0.786890983581543,1.859617384525336e-07,0.39240169525146484,0.7807121276855469,-0.00937736127525568,0.3587769567966461,0.7539157271385193,-0.018487652763724327,0.3308494985103607,0.7385551929473877,-0.028569521382451057,0.3044087886810303,0.7370532751083374,-0.03954307734966278,0.3718511760234833,0.6700927019119263,-0.009317212738096714,0.34406644105911255,0.6522009968757629,-0.028026575222611427,0.3220619261264801,0.6533127427101135,-0.04521126672625542,0.3048468828201294,0.6574670076370239,-0.056013453751802444,0.3889094293117523,0.6512824892997742,-0.016375111415982246,0.38189390301704407,0.5890300273895264,-0.029289845377206802,0.3731958568096161,0.5479056239128113,-0.04058423638343811,0.36525842547416687,0.514602780342102,-0.04869823530316353,0.4070691466331482,0.6540488004684448,-0.026046598330140114,0.41223910450935364,0.592343270778656,-0.03996558114886284,0.40977102518081665,0.5521285533905029,-0.049633488059043884,0.40381497144699097,0.5166950225830078,-0.05600365996360779,0.4246063530445099,0.6731842756271362,-0.036629945039749146,0.43846675753593445,0.634352445602417,-0.04751716926693916,0.44153785705566406,0.6056857109069824,-0.051264528185129166,0.4386400580406189,0.5798647403717041,-0.053974296897649765
0.4250336289405823,0.7874595522880554,1.8215659736142698e-07,0.3925286531448364,0.7814949154853821,-0.009049046784639359,0.35820460319519043,0.7539747953414917,-0.017565812915563583,0.3301619291305542,0.7388920187950134,-0.02712416835129261,0.30406007170677185,0.7369896769523621,-0.037519145756959915,0.3709305226802826,0.6696946024894714,-0.008186557330191135,0.3429042100906372,0.652377724647522,-0.026486389338970184,0.3210037648677826,0.6532784700393677,-0.043462347239255905,0.3036442995071411,0.6571175456047058,-0.054305631667375565,0.38827845454216003,0.6505957841873169,-0.01543642021715641,0.380612850189209,0.5884546041488647,-0.028188709169626236,0.37217801809310913,0.5472986102104187,-0.039407677948474884,0.36433929204940796,0.5141723155975342,-0.047461070120334625,0.4068422317504883,0.6533373594284058,-0.025355879217386246,0.4100923240184784,0.5919513702392578,-0.039320945739746094,0.4076096713542938,0.5524964928627014,-0.0487687885761261,0.4013712704181671,0.5173838138580322,-0.05497356504201889,0.42504093050956726,0.6725009083747864,-0.03619951009750366,0.4379039704799652,0.6342278122901917,-0.04748552292585373,0.44087645411491394,0.606133222579956,-0.05139937251806259,0.4375595152378082,0.5806173086166382,-0.05417029932141304
0.42495009303092957,0.7865186929702759,1.8438970528222853e-07,0.3925137519836426,0.7805819511413574,-0.00927796307951212,0.35832756757736206,0.7534530162811279,-0.018222926184535027,0.33005496859550476,0.7384951114654541,-0.028224892914295197,0.3035518527030945,0.7369917035102844,-0.03908217325806618,0.37124499678611755,0.6701117753982544,-0.008539394475519657,0.3434161841869354,0.6527183055877686,-0.02687762677669525,0.32140395045280457,0.6540319919586182,-0.04388383403420448,0.30416446924209595,0.6581757664680481,-0.05466850847005844,0.38844630122184753,0.6510354280471802,-0.015614124946296215,0.38122597336769104,0.5894753932952881,-0.028056703507900238,0.37259402871131897,0.5482930541038513,-0.03914022818207741,0.3647118806838989,0.5150099396705627,-0.04724081978201866,0.40681222081184387,0.6534963846206665,-0.025373805314302444,0.41089925169944763,0.5926138162612915,-0.03884779289364815,0.4081663191318512,0.5532541275024414,-0.048260074108839035,0.4017878770828247,0.5185092687606812,-0.05463562160730362,0.42480215430259705,0.6722205281257629,-0.03608303144574165,0.4382038116455078,0.6342473030090332,-0.04678363725543022,0.44122257828712463,0.6060985326766968,-0.05050735920667648,0.43798667192459106,0.5806220769882202,-0.05330176651477814
0.42548978328704834,0.7868700623512268,1.855743505529972e-07,0.39290547370910645,0.7809310555458069,-0.009256976656615734,0.35814693570137024,0.7536935210227966,-0.01790712960064411,0.3296542465686798,0.7387442588806152,-0.027564112097024918,0.303658127784729,0.7368515133857727,-0.038083773106336594,0.3714412748813629,0.6698489785194397,-0.008377782069146633,0.3436255156993866,0.6529130935668945,-0.026955904439091682,0.32151204347610474,0.6546703577041626,-0.04413151368498802,0.30407512187957764,0.6590896844863892,-0.05487022176384926,0.3883974850177765,0.6509680151939392,-0.015522989444434643,0.38097497820854187,0.5885004997253418,-0.02748197317123413,0.37223270535469055,0.546825647354126,-0.038133736699819565,0.36454054713249207,0.513447105884552,-0.04583049193024635,0.4068329632282257,0.653332531452179,-0.02545282430946827,0.4099462032318115,0.592160165309906,-0.03880072757601738,0.40693339705467224,0.5524010062217712,-0.04824516922235489,0.40096431970596313,0.5173685550689697,-0.054547134786844254,0.4250184893608093,0.6719003319740295,-0.03635989502072334,0.4379538297653198,0.6341332793235779,-0.047252051532268524,0.44101834297180176,0.6061128377914429,-0.051044344902038574,0.43825995922088623,0.5806624293327332,-0.05374757945537567
0.4254385828971863,0.7866824865341187,1.809552969689321e-07,0.39268040657043457,0.7803224921226501,-0.009333604946732521,0.35841110348701477,0.7537122964859009,-0.018360957503318787,0.3302094042301178,0.7394500374794006,-0.028376298025250435,0.3037681579589844,0.7375988960266113,-0.039341945201158524,0.37139827013015747,0.6707553863525391,-0.009221171960234642,0.34352216124534607,0.6541706919670105,-0.028002727776765823,0.3213060200214386,0.6564816236495972,-0.04541189596056938,0.30379247665405273,0.6613941192626953,-0.056355975568294525,0.3885318338871002,0.6517577171325684,-0.016267243772745132,0.3812657594680786,0.5901174545288086,-0.02869853377342224,0.3726843595504761,0.5491040945053101,-0.03980693221092224,0.3647415339946747,0.516120970249176,-0.04791314899921417,0.40696728229522705,0.6543444395065308,-0.025982683524489403,0.41107675433158875,0.593212902545929,-0.03955478221178055,0.40818464756011963,0.5535792112350464,-0.049212656915187836,0.4017201364040375,0.519020676612854,-0.055724021047353745,0.4249713718891144,0.6734658479690552,-0.0366077795624733,0.43841931223869324,0.6353849172592163,-0.047572601586580276,0.44132325053215027,0.607274055480957,-0.05140850692987442,0.43803033232688904,0.5822567343711853,-0.05419060215353966
0.42466214299201965,0.7875633835792542,1.87975103926874e-07,0.39281174540519714,0.7817930579185486,-0.009289619512856007,0.3583429455757141,0.7549446821212769,-0.017949476838111877,0.32975324988365173,0.7404699921607971,-0.02757842279970646,0.3039027750492096,0.7390937805175781,-0.03804739937186241,0.3718690574169159,0.6720446944236755,-0.00879784394055605,0.3443050682544708,0.6554662585258484,-0.027344144880771637,0.32218483090400696,0.6576497554779053,-0.04430844262242317,0.3050730526447296,0.6622519493103027,-0.05482657626271248,0.3891463875770569,0.6532751321792603,-0.015743091702461243,0.3822295665740967,0.5912101864814758,-0.027764491736888885,0.3737894892692566,0.5496014356613159,-0.03812369331717491,0.36633116006851196,0.5158730745315552,-0.04552412033081055,0.407711923122406,0.6554380655288696,-0.02543780207633972,0.41095080971717834,0.5941041707992554,-0.03890034928917885,0.4080813229084015,0.5547301769256592,-0.04801854491233826,0.4022888243198395,0.5200075507164001,-0.053915757685899734,0.4258793592453003,0.6736291646957397,-0.03607524558901787,0.438815712928772,0.6355733871459961,-0.04703559726476669,0.4420442581176758,0.6075037717819214,-0.050670936703681946,0.4395875036716461,0.5821354389190674,-0.05312250927090645
0.4248672425746918,0.7886143922805786,1.8535433810029645e-07,0.3929373621940613,0.7830614447593689,-0.008406664244830608,0.35851192474365234,0.7552319169044495,-0.016351856291294098,0.3297271132469177,0.7406789064407349,-0.02546333707869053,0.30425119400024414,0.7397847175598145,-0.03545152768492699,0.3723468780517578,0.6730190515518188,-0.007134382613003254,0.34532707929611206,0.6566811800003052,-0.025044158101081848,0.3232690989971161,0.6588588953018188,-0.041740354150533676,0.3062633275985718,0.6635127067565918,-0.05213268846273422,0.38922423124313354,0.6543738842010498,-0.014299211092293262,0.3827626407146454,0.592763364315033,-0.025708775967359543,0.37461796402931213,0.5509472489356995,-0.03578091040253639,0.36744171380996704,0.517223596572876,-0.042982157319784164,0.40757042169570923,0.6566293239593506,-0.024183008819818497,0.41115602850914,0.595744252204895,-0.0370207242667675,0.4082772433757782,0.5565646290779114,-0.04589822143316269,0.4023776650428772,0.5222656726837158,-0.05167580023407936,0.42566272616386414,0.6748968958854675,-0.03497254103422165,0.43909576535224915,0.6370754837989807,-0.04536641761660576,0.44239774346351624,0.609287440776825,-0.048694007098674774,0.4399949610233307,0.5844046473503113,-0.05097232386469841
0.42547622323036194,0.787932813167572,1.8963133641136665e-07,0.39331746101379395,0.782034695148468,-0.009063652716577053,0.35908588767051697,0.7554051876068115,-0.01784377172589302,0.33031991124153137,0.7411527037620544,-0.027697915211319923,0.30442842841148376,0.7403231859207153,-0.03846118599176407,0.372445285320282,0.6734305024147034,-0.00860776100307703,0.3451339900493622,0.6570208668708801,-0.02720011956989765,0.32302868366241455,0.6595709919929504,-0.044315025210380554,0.30601251125335693,0.6645744442939758,-0.054858461022377014,0.38916194438934326,0.6546680331230164,-0.015592219308018684,0.382575660943985,0.5927894115447998,-0.027226556092500687,0.37412118911743164,0.5511837005615234,-0.037401244044303894,0.36674031615257263,0.5178363919258118,-0.04471619799733162,0.407377153635025,0.656844437122345,-0.025302350521087646,0.41130030155181885,0.5952957272529602,-0.03816620260477066,0.4083406925201416,0.5558310747146606,-0.047150228172540665,0.4025443494319916,0.5215469598770142,-0.053079262375831604,0.4253554940223694,0.6751770973205566,-0.035957951098680496,0.43913140892982483,0.6372343897819519,-0.04632708430290222,0.4424360394477844,0.6091279983520508,-0.049701329320669174,0.44007164239883423,0.5840131044387817,-0.05203263834118843
0.42533180117607117,0.7890596389770508,1.8854525762890262e-07,0.3933525085449219,0.7832961082458496,-0.008866124786436558,0.3588925898075104,0.7565490007400513,-0.017344610765576363,0.3304378092288971,0.7420220971107483,-0.026889266446232796,0.30489519238471985,0.7410135865211487,-0.0372859351336956,0.3724181652069092,0.6741535067558289,-0.008439972996711731,0.34525325894355774,0.657128632068634,-0.026820944622159004,0.3232872784137726,0.6595267653465271,-0.04369809851050377,0.3063068687915802,0.6645674109458923,-0.05411224812269211,0.38947397470474243,0.6556045413017273,-0.015488450415432453,0.3831934630870819,0.5933400392532349,-0.027309536933898926,0.37493112683296204,0.5516045689582825,-0.03744811564683914,0.3676133453845978,0.518113911151886,-0.044691670686006546,0.40775978565216064,0.6579447984695435,-0.025254851207137108,0.4117317199707031,0.5966206192970276,-0.03831199184060097,0.40886732935905457,0.5571387410163879,-0.04712316766381264,0.4030904173851013,0.5226625204086304,-0.052859071642160416,0.4256093502044678,0.6761667132377625,-0.03595958650112152,0.4391302764415741,0.6381991505622864,-0.04648257791996002,0.44241437315940857,0.6100653409957886,-0.0498543456196785,0.4399827718734741,0.5848780870437622,-0.0521734356880188
0.42479002475738525,0.7893782258033752,1.852500588483963e-07,0.39254114031791687,0.7846706509590149,-0.009299084544181824,0.35819199681282043,0.7573579549789429,-0.018182657659053802,0.3299468457698822,0.7422187328338623,-0.02800574153661728,0.3038995563983917,0.7421184182167053,-0.03874010965228081,0.3721489906311035,0.6749693155288696,-0.009459162130951881,0.345453679561615,0.6569674015045166,-0.028130436316132545,0.3234330713748932,0.6597082614898682,-0.0451943576335907,0.3062533736228943,0.6651768684387207,-0.05562260001897812,0.3894336223602295,0.6563863754272461,-0.016196612268686295,0.3836180567741394,0.5941953659057617,-0.027714401483535767,0.3757437467575073,0.5527650117874146,-0.037583280354738235,0.3687633275985718,0.5192061066627502,-0.04469432681798935,0.4077572822570801,0.6586935520172119,-0.02564713917672634,0.41203632950782776,0.597121000289917,-0.038360707461833954,0.409032940864563,0.5573442578315735,-0.04714799299836159,0.40301844477653503,0.5225990414619446,-0.0529751181602478,0.4256567060947418,0.6768946647644043,-0.03606041893362999,0.4392315149307251,0.6386827230453491,-0.04630943015217781,0.4423629939556122,0.6103655099868774,-0.049572136253118515,0.439773291349411,0.5849074721336365,-0.05185481533408165
0.4243001937866211,0.7882911562919617,1.9431837472438929e-07,0.3919004201889038,0.7834787368774414,-0.009553401730954647,0.3583126366138458,0.7571089863777161,-0.018904240801930428,0.33013439178466797,0.7429378628730774,-0.029211539775133133,0.30351847410202026,0.7433310747146606,-0.04047057405114174,0.3719390332698822,0.6747177839279175,-0.009857642464339733,0.3452663719654083,0.6572814583778381,-0.028871648013591766,0.32302165031433105,0.6602877974510193,-0.04627963528037071,0.3057023286819458,0.6657782793045044,-0.05686359107494354,0.3890542685985565,0.6562817692756653,-0.016588227823376656,0.38336074352264404,0.5939511060714722,-0.028059611096978188,0.3756095767021179,0.5524828433990479,-0.03789358586072922,0.3688236474990845,0.5189965963363647,-0.04491523280739784,0.40765905380249023,0.658642053604126,-0.026051728054881096,0.4111314117908478,0.5972098112106323,-0.03876359015703201,0.40786951780319214,0.5576676726341248,-0.04751049354672432,0.40197160840034485,0.523264467716217,-0.05323885753750801,0.42601603269577026,0.6769930720329285,-0.0364878885447979,0.43932947516441345,0.6385850310325623,-0.04651202633976936,0.4423043429851532,0.6107500791549683,-0.04934936761856079,0.4397627115249634,0.5859559774398804,-0.051266442984342575
0.424331396818161,0.7879635095596313,2.0267529521333927e-07,0.39179036021232605,0.7821716070175171,-0.010187643580138683,0.3589803874492645,0.7569059133529663,-0.02024158276617527,0.33075016736984253,0.743060290813446,-0.031185662373900414,0.303890585899353,0.7436060309410095,-0.043121181428432465,0.3720639646053314,0.6742889881134033,-0.010846343822777271,0.34509724378585815,0.6581317782402039,-0.03021702542901039,0.3227507472038269,0.6610487699508667,-0.04787861183285713,0.3052999675273895,0.6659402251243591,-0.058701302856206894,0.388901948928833,0.6558494567871094,-0.017414622008800507,0.3834034502506256,0.5942749381065369,-0.029479941353201866,0.37547188997268677,0.5528068542480469,-0.03982999175786972,0.36848920583724976,0.5191236138343811,-0.04721057042479515,0.40719321370124817,0.6582912802696228,-0.02668178267776966,0.4113876521587372,0.5968613028526306,-0.03988347575068474,0.4081965982913971,0.5573724508285522,-0.04914476349949837,0.4023677110671997,0.5230360627174377,-0.05521303042769432,0.42512065172195435,0.6769527196884155,-0.03693857789039612,0.43936610221862793,0.6389811635017395,-0.04744314029812813,0.44253888726234436,0.6110952496528625,-0.05077994242310524,0.4402567148208618,0.5863630771636963,-0.05300457403063774
0.42442455887794495,0.787996768951416,2.0407195222560404e-07,0.39161357283592224,0.782036542892456,-0.009755824692547321,0.3582712411880493,0.7566714882850647,-0.019655508920550346,0.3297789990901947,0.7432168126106262,-0.03054952621459961,0.3028793931007385,0.7429460287094116,-0.042376793920993805,0.3720525801181793,0.6742241978645325,-0.010243023745715618,0.3452019989490509,0.6584928631782532,-0.029321737587451935,0.32308247685432434,0.6616500020027161,-0.04670705646276474,0.3059508502483368,0.6665401458740234,-0.0573963038623333,0.38858646154403687,0.6557480692863464,-0.01711186394095421,0.38251134753227234,0.5936957597732544,-0.029068486765027046,0.37480178475379944,0.5521445870399475,-0.039095859974622726,0.36814090609550476,0.518312931060791,-0.0461970716714859,0.40672627091407776,0.6580643057823181,-0.026702899485826492,0.4105658531188965,0.5965738296508789,-0.03996441513299942,0.40741074085235596,0.5570943355560303,-0.04895103722810745,0.4015905261039734,0.5226142406463623,-0.05477847158908844,0.42450451850891113,0.6765064597129822,-0.0372668132185936,0.4386887550354004,0.6386268138885498,-0.04795746132731438,0.44190725684165955,0.6106902360916138,-0.05123655125498772,0.43958592414855957,0.5857083201408386,-0.05338721722364426
0.42501941323280334,0.7877640724182129,2.0769373065832042e-07,0.39209306240081787,0.7818425297737122,-0.010084308683872223,0.3588537275791168,0.7569397687911987,-0.020358067005872726,0.32988595962524414,0.7442230582237244,-0.03163662552833557,0.30251163244247437,0.7444697618484497,-0.04382846876978874,0.3717249929904938,0.6747292280197144,-0.010643884539604187,0.3443131446838379,0.6588350534439087,-0.029980681836605072,0.32208311557769775,0.6617582440376282,-0.04746253043413162,0.30479884147644043,0.6666356325149536,-0.05819711089134216,0.3885956108570099,0.656177282333374,-0.01745850220322609,0.382519006729126,0.5944190621376038,-0.029820244759321213,0.37450093030929565,0.5532522201538086,-0.04010092467069626,0.3674752414226532,0.5198966860771179,-0.047315895557403564,0.40696588158607483,0.6584754586219788,-0.027001893147826195,0.41065263748168945,0.5966833829879761,-0.04057154431939125,0.40757203102111816,0.5577086806297302,-0.049581799656152725,0.4017992913722992,0.5237107872962952,-0.05533193051815033,0.4249284565448761,0.6769194602966309,-0.03752691671252251,0.43910500407218933,0.6393764019012451,-0.04837821424007416,0.44234731793403625,0.6116948127746582,-0.051690395921468735,0.44007444381713867,0.5870988965034485,-0.05377458408474922
0.42386364936828613,0.7892470359802246,2.0680579382315045e-07,0.3916254937648773,0.7827326655387878,-0.010202236473560333,0.35879215598106384,0.7582166790962219,-0.02060711570084095,0.33008497953414917,0.7457980513572693,-0.03199635446071625,0.30313578248023987,0.7458069324493408,-0.04430155083537102,0.37238696217536926,0.6756265759468079,-0.010583794675767422,0.34559381008148193,0.6603702306747437,-0.030089622363448143,0.32342812418937683,0.6639270186424255,-0.047734394669532776,0.3063240051269531,0.6694392561912537,-0.058485034853219986,0.3888845443725586,0.6570160984992981,-0.017205825075507164,0.3827492892742157,0.5957707166671753,-0.029439786449074745,0.3748791813850403,0.5542154312133789,-0.03964642435312271,0.36798039078712463,0.5200685858726501,-0.04682144522666931,0.4071046710014343,0.6592562198638916,-0.026602638885378838,0.4109365940093994,0.5987917184829712,-0.040099434554576874,0.4075624346733093,0.559914231300354,-0.049192871898412704,0.4014419615268707,0.5258932113647461,-0.05500272288918495,0.42508038878440857,0.6775824427604675,-0.036994367837905884,0.4395364820957184,0.640285074710846,-0.04778382182121277,0.44270583987236023,0.6127728819847107,-0.051135916262865067,0.44033753871917725,0.5880037546157837,-0.05327150225639343
0.4244343638420105,0.7895402312278748,2.1015804918533831e-07,0.39150190353393555,0.7828381061553955,-0.010442135855555534,0.3595597445964813,0.7582555413246155,-0.02112322300672531,0.3308415114879608,0.7460505962371826,-0.03274473920464516,0.30333688855171204,0.7459577322006226,-0.04527347907423973,0.3722292184829712,0.6764242053031921,-0.010871426202356815,0.34494927525520325,0.6615625619888306,-0.030470728874206543,0.3224424421787262,0.6648126840591431,-0.04812202230095863,0.304995059967041,0.6699828505516052,-0.05886391922831535,0.3887561857700348,0.6579607129096985,-0.017445137724280357,0.3824194073677063,0.5967854261398315,-0.029976561665534973,0.37427228689193726,0.5558215975761414,-0.04030920937657356,0.3671509027481079,0.5220917463302612,-0.047472018748521805,0.4068877398967743,0.660323977470398,-0.026769837364554405,0.41085851192474365,0.5988900065422058,-0.040396250784397125,0.40756458044052124,0.5599676370620728,-0.049422863870859146,0.40148597955703735,0.5257142782211304,-0.055109888315200806,0.42454734444618225,0.6790305376052856,-0.037087853997945786,0.4388319253921509,0.6411860585212708,-0.04775885120034218,0.44212785363197327,0.6132115125656128,-0.05089017003774643,0.4400085210800171,0.5881825685501099,-0.05282412841916084
0.42496123909950256,0.7889012098312378,2.107900485270875e-07,0.39206770062446594,0.7823269367218018,-0.011430748738348484,0.3606782853603363,0.7578556537628174,-0.023013554513454437,0.33189472556114197,0.7463142275810242,-0.03545405715703964,0.30357396602630615,0.7459867000579834,-0.04887433722615242,0.3723281919956207,0.6761100888252258,-0.011834475211799145,0.3455033004283905,0.6613711714744568,-0.03169408068060875,0.3230389654636383,0.6649638414382935,-0.04973975941538811,0.30534249544143677,0.6701810359954834,-0.060823287814855576,0.38862544298171997,0.6577436327934265,-0.01812557503581047,0.38253676891326904,0.5967977046966553,-0.03047231212258339,0.3740844428539276,0.5560571551322937,-0.04106156527996063,0.36626890301704407,0.5219521522521973,-0.04867178574204445,0.4067474901676178,0.6601702570915222,-0.027249585837125778,0.4107970893383026,0.5983814001083374,-0.04080192372202873,0.4073350727558136,0.559043288230896,-0.05051767826080322,0.40078890323638916,0.5244731903076172,-0.05698489770293236,0.4246702790260315,0.6789220571517944,-0.03743332624435425,0.4392307698726654,0.6404721736907959,-0.04830830171704292,0.4424877464771271,0.6120659112930298,-0.05203437805175781,0.43985581398010254,0.5865625739097595,-0.05460616201162338
0.4251341223716736,0.789167582988739,2.0404802114626364e-07,0.39209598302841187,0.7824073433876038,-0.010461650788784027,0.3604002594947815,0.7565146684646606,-0.02092021144926548,0.33194154500961304,0.743301510810852,-0.03231725096702576,0.3048357665538788,0.7430364489555359,-0.044639702886343,0.3729686141014099,0.674981951713562,-0.010474230162799358,0.34548744559288025,0.659970760345459,-0.030233101919293404,0.32266509532928467,0.6637954115867615,-0.04823576286435127,0.3048548102378845,0.6695778369903564,-0.05924838408827782,0.3894501328468323,0.656574547290802,-0.017134061083197594,0.38312965631484985,0.595497727394104,-0.029601888731122017,0.37441959977149963,0.5544652938842773,-0.040352508425712585,0.36664071679115295,0.5207039713859558,-0.04794289171695709,0.4074675440788269,0.6591800451278687,-0.026591185480356216,0.41141313314437866,0.5975306630134583,-0.04021516069769859,0.4078719913959503,0.5579532980918884,-0.0497865229845047,0.40150415897369385,0.5230778455734253,-0.0559978149831295,0.4249536395072937,0.6781036257743835,-0.037054967135190964,0.4392244517803192,0.6399951577186584,-0.04800788313150406,0.4424290359020233,0.6116597056388855,-0.051630523055791855,0.44017526507377625,0.5861588716506958,-0.0539885014295578
0.4256662130355835,0.7891307473182678,2.005448180852909e-07,0.3922806978225708,0.7833393812179565,-0.010608969256281853,0.3600902855396271,0.7573059797286987,-0.021153956651687622,0.3312395215034485,0.7440974712371826,-0.03261566534638405,0.3036280870437622,0.744175910949707,-0.04500270634889603,0.37206393480300903,0.6766334772109985,-0.010849334299564362,0.34397339820861816,0.6627364754676819,-0.030251314863562584,0.32121598720550537,0.6669601798057556,-0.04781907796859741,0.3035814166069031,0.6726215481758118,-0.05866722762584686,0.38854312896728516,0.6576568484306335,-0.01746479980647564,0.38181623816490173,0.5970798134803772,-0.029908953234553337,0.3730970323085785,0.556419312953949,-0.04035859555006027,0.365288645029068,0.5227757096290588,-0.04775790497660637,0.40655481815338135,0.6598960757255554,-0.02684708684682846,0.40996962785720825,0.5978506207466125,-0.04069579392671585,0.4063735604286194,0.5584428310394287,-0.0501587800681591,0.39975088834762573,0.5237507820129395,-0.056296925991773605,0.42417800426483154,0.6785856485366821,-0.037209149450063705,0.43797895312309265,0.6405817270278931,-0.04858226329088211,0.4410240650177002,0.6121775507926941,-0.05242571234703064,0.4383252263069153,0.5865814089775085,-0.05494021251797676
0.4259296655654907,0.7894003391265869,2.053490391062951e-07,0.3922112286090851,0.7834389209747314,-0.011103612370789051,0.35978126525878906,0.7582453489303589,-0.021935775876045227,0.33053627610206604,0.7453030347824097,-0.03361308202147484,0.3030904233455658,0.7456984519958496,-0.046266861259937286,0.3714415431022644,0.6776811480522156,-0.011684521101415157,0.34306102991104126,0.664262592792511,-0.03173550218343735,0.31997066736221313,0.6682356595993042,-0.049700379371643066,0.3023214340209961,0.6740858554840088,-0.06061617657542229,0.3876507580280304,0.6585196256637573,-0.01798022910952568,0.38055238127708435,0.5982711315155029,-0.03046630509197712,0.3715430200099945,0.5579171776771545,-0.04087347537279129,0.3637164831161499,0.524538516998291,-0.048183660954236984,0.40581947565078735,0.6601808667182922,-0.027076367288827896,0.4089309871196747,0.5980269908905029,-0.040661707520484924,0.4047544002532959,0.5585508942604065,-0.05003910884261131,0.39777347445487976,0.5239293575286865,-0.056141819804906845,0.42396897077560425,0.6785241365432739,-0.037228114902973175,0.43801072239875793,0.6401582956314087,-0.04829006269574165,0.4409899413585663,0.6117509603500366,-0.05193490535020828,0.4385043978691101,0.5864785313606262,-0.05425206571817398
0.4261001944541931,0.791566789150238,2.0443239634460042e-07,0.3934265375137329,0.7854563593864441,-0.01105192955583334,0.36090999841690063,0.7598505616188049,-0.021777065470814705,0.3315548896789551,0.7472774982452393,-0.03335226699709892,0.3039136826992035,0.7483402490615845,-0.045842431485652924,0.37198567390441895,0.6798856258392334,-0.011263038031756878,0.34437480568885803,0.6667618751525879,-0.03129279613494873,0.3220146596431732,0.6716887354850769,-0.0492175817489624,0.30484330654144287,0.6782515048980713,-0.060130175203084946,0.38834235072135925,0.6605440378189087,-0.017827259376645088,0.3808104693889618,0.5997363328933716,-0.03066418319940567,0.37184152007102966,0.5588666200637817,-0.041165098547935486,0.36400753259658813,0.5248942971229553,-0.04845508560538292,0.40674498677253723,0.6621313691139221,-0.027265187352895737,0.4093368649482727,0.5995215177536011,-0.041516292840242386,0.4051683247089386,0.5603869557380676,-0.051059190183877945,0.39810582995414734,0.5258485078811646,-0.05712006986141205,0.425231397151947,0.680404543876648,-0.037734437733888626,0.4390554130077362,0.642327070236206,-0.04925084114074707,0.4421254098415375,0.614226758480072,-0.05305657163262367,0.4395172595977783,0.589236319065094,-0.05547776445746422
0.42489004135131836,0.7908462882041931,1.9678614648910298e-07,0.3909745514392853,0.7854300141334534,-0.01071225106716156,0.3581386208534241,0.7607441544532776,-0.0215785950422287,0.32832032442092896,0.748957097530365,-0.033335667103528976,0.3003486096858978,0.7493453621864319,-0.04611966758966446,0.37031084299087524,0.6804367899894714,-0.0121198995038867,0.34207072854042053,0.6679940223693848,-0.032698385417461395,0.3189377784729004,0.673468291759491,-0.05112580955028534,0.3009372055530548,0.680495023727417,-0.062325287610292435,0.3863312005996704,0.6612968444824219,-0.018814723938703537,0.37780171632766724,0.6013171076774597,-0.03171190619468689,0.36791229248046875,0.5606442093849182,-0.04238121584057808,0.3592492640018463,0.5272164344787598,-0.04987092316150665,0.40481534600257874,0.6632187366485596,-0.028256429359316826,0.4065499007701874,0.6014789938926697,-0.04209522157907486,0.4013649821281433,0.5620940327644348,-0.05129794776439667,0.3935396671295166,0.5275411009788513,-0.05728314071893692,0.42329534888267517,0.6820029616355896,-0.038700517266988754,0.43629586696624756,0.6433707475662231,-0.04991651326417923,0.43863821029663086,0.6149470806121826,-0.053274668753147125,0.43564701080322266,0.5898702144622803,-0.05538918450474739
0.42438527941703796,0.7880259156227112,2.0455925664464303e-07,0.39078933000564575,0.7822099924087524,-0.010536257177591324,0.358729749917984,0.7569127678871155,-0.020937146618962288,0.3297927975654602,0.7443267703056335,-0.032295793294906616,0.30236876010894775,0.745020866394043,-0.044710032641887665,0.36933082342147827,0.6766405701637268,-0.010681348852813244,0.34140947461128235,0.6643197536468506,-0.030272450298070908,0.31894180178642273,0.6682438254356384,-0.048038654029369354,0.30145177245140076,0.6741488575935364,-0.05891694873571396,0.38563963770866394,0.6575549840927124,-0.017366325482726097,0.37750667333602905,0.5978807806968689,-0.029689976945519447,0.3674601912498474,0.5577441453933716,-0.04036037251353264,0.3583453893661499,0.5249804258346558,-0.047834496945142746,0.40421366691589355,0.6593881249427795,-0.026800600811839104,0.4062657058238983,0.5976163744926453,-0.040477219969034195,0.40134185552597046,0.5583866238594055,-0.050258491188287735,0.3935909867286682,0.5240723490715027,-0.05663169547915459,0.42275118827819824,0.6779510378837585,-0.03719457611441612,0.43636009097099304,0.6394781470298767,-0.04847315326333046,0.4392067492008209,0.6113559007644653,-0.05231350287795067,0.43654268980026245,0.5864960551261902,-0.054758209735155106
0.4234061539173126,0.7883925437927246,1.940474874118081e-07,0.389729768037796,0.7830890417098999,-0.011488529853522778,0.3573216497898102,0.7579507827758789,-0.022693343460559845,0.3277720808982849,0.744516134262085,-0.03474409505724907,0.2990839183330536,0.7439357042312622,-0.04771159589290619,0.36909961700439453,0.6778008937835693,-0.011354922316968441,0.34210309386253357,0.6652565002441406,-0.031902845948934555,0.319424033164978,0.6701903343200684,-0.05038297921419144,0.3018016517162323,0.6771010160446167,-0.06160162761807442,0.3848673701286316,0.6588276028633118,-0.01780567318201065,0.37646758556365967,0.5986319780349731,-0.03089279495179653,0.36621585488319397,0.5588866472244263,-0.04160759970545769,0.35707756876945496,0.5259974002838135,-0.04899083450436592,0.4032279849052429,0.6604037284851074,-0.027205005288124084,0.4047396779060364,0.5982682108879089,-0.0415215790271759,0.39920228719711304,0.5589772462844849,-0.05102987959980965,0.39083725214004517,0.5245685577392578,-0.05710809305310249,0.42179057002067566,0.678757905960083,-0.037657175213098526,0.4351602792739868,0.6405292749404907,-0.049097009003162384,0.4374450147151947,0.612634539604187,-0.052638716995716095,0.4340590238571167,0.5882226824760437,-0.054872166365385056
0.42529863119125366,0.7929761409759521,2.1370927072439372e-07,0.3912132680416107,0.788108229637146,-0.012025296688079834,0.35774415731430054,0.7638040781021118,-0.023353097960352898,0.3276243209838867,0.7511208057403564,-0.035513412207365036,0.300132155418396,0.7514407634735107,-0.04871666431427002,0.3689363896846771,0.6825213432312012,-0.012037739157676697,0.3398478031158447,0.6702389717102051,-0.0323169082403183,0.3166652321815491,0.6739258766174316,-0.050417210906744,0.29885002970695496,0.679685115814209,-0.06148623675107956,0.3849525451660156,0.6631117463111877,-0.018133914098143578,0.37643754482269287,0.6032794117927551,-0.03083137609064579,0.36613091826438904,0.5635130405426025,-0.04130271449685097,0.35700005292892456,0.530305802822113,-0.048570770770311356,0.40334415435791016,0.664519190788269,-0.02718641236424446,0.40458983182907104,0.60240238904953,-0.041276585310697556,0.3989756107330322,0.5642164945602417,-0.05077456682920456,0.3907491862773895,0.5303821563720703,-0.05690697580575943,0.4216982126235962,0.6825760006904602,-0.03738398849964142,0.4353325366973877,0.6446714997291565,-0.04924993962049484,0.43800845742225647,0.6172144412994385,-0.05326168239116669,0.43541380763053894,0.5923962593078613,-0.0557398796081543
0.4246673583984375,0.7908874154090881,2.119172393122426e-07,0.38945096731185913,0.785345733165741,-0.011388830840587616,0.35604164004325867,0.7605694532394409,-0.022235728800296783,0.32589244842529297,0.7469685077667236,-0.03397134691476822,0.297901451587677,0.7459788918495178,-0.04657822847366333,0.36816561222076416,0.680142343044281,-0.011096393689513206,0.3383350074291229,0.6678523421287537,-0.031336039304733276,0.31464073061943054,0.6714593172073364,-0.04928387701511383,0.2967975437641144,0.6779150366783142,-0.06005261838436127,0.38390836119651794,0.6608415246009827,-0.017199771478772163,0.3753494322299957,0.6006332635879517,-0.029917383566498756,0.364615797996521,0.5607900619506836,-0.04025917500257492,0.3551095426082611,0.5281335115432739,-0.047285743057727814,0.4020463824272156,0.6621512770652771,-0.02621651440858841,0.40378424525260925,0.6008734703063965,-0.04012458771467209,0.3982512056827545,0.5618343353271484,-0.049303531646728516,0.3901289105415344,0.5276252031326294,-0.055047452449798584,0.42012181878089905,0.680435836315155,-0.03632957860827446,0.4339117407798767,0.6423829197883606,-0.04757897928357124,0.43644824624061584,0.6145826578140259,-0.05107122287154198,0.4337206780910492,0.5900557637214661,-0.053109873086214066
0.42364296317100525,0.7911050915718079,2.033478097018815e-07,0.38858678936958313,0.7852232456207275,-0.011525855399668217,0.35488635301589966,0.7610179781913757,-0.022476857528090477,0.32492882013320923,0.748549222946167,-0.034259118139743805,0.2970183789730072,0.7470167875289917,-0.04688779264688492,0.36738839745521545,0.6805002093315125,-0.010693239979445934,0.33883434534072876,0.6684624552726746,-0.03092329576611519,0.3151875436306,0.6739686131477356,-0.049095623195171356,0.2970442771911621,0.681620717048645,-0.059946831315755844,0.3831719756126404,0.6609994769096375,-0.016748517751693726,0.374898761510849,0.6008229851722717,-0.028674479573965073,0.3645993769168854,0.5608859062194824,-0.038457196205854416,0.35546785593032837,0.5281115770339966,-0.0452398881316185,0.401559442281723,0.6620454788208008,-0.0258671585470438,0.4035968482494354,0.600591778755188,-0.03929448500275612,0.39800626039505005,0.5615592002868652,-0.04822218045592308,0.3898790180683136,0.5277156233787537,-0.05390853434801102,0.4200308322906494,0.680250883102417,-0.03613422438502312,0.43362560868263245,0.6421588063240051,-0.047497306019067764,0.43611088395118713,0.6142145991325378,-0.05100512132048607,0.43316295742988586,0.5897165536880493,-0.05304310470819473
0.42368394136428833,0.7907359600067139,2.0152263857653452e-07,0.3888874351978302,0.7858696579933167,-0.011160844936966896,0.35525140166282654,0.7613691687583923,-0.021382521837949753,0.3262294828891754,0.7472742199897766,-0.032359879463911057,0.2991887629032135,0.7464364171028137,-0.044152483344078064,0.3661983013153076,0.6807358860969543,-0.010519331321120262,0.33773964643478394,0.6682836413383484,-0.03009589947760105,0.3146776556968689,0.6719604730606079,-0.04772920161485672,0.2968031167984009,0.6776561141014099,-0.058542802929878235,0.38208580017089844,0.6603497862815857,-0.016624607145786285,0.37334921956062317,0.6003602147102356,-0.029295798391103745,0.36238864064216614,0.56035977602005,-0.03973642736673355,0.3529279828071594,0.5282042026519775,-0.046927787363529205,0.4003555178642273,0.6609145998954773,-0.02555985003709793,0.40234851837158203,0.5988423824310303,-0.039286043494939804,0.39692336320877075,0.5601282119750977,-0.048046987503767014,0.38920220732688904,0.5265262126922607,-0.05354369804263115,0.4188263714313507,0.6786339282989502,-0.03560300171375275,0.43171805143356323,0.6402444243431091,-0.04669275879859924,0.433969110250473,0.6124410033226013,-0.049942076206207275,0.4313049018383026,0.5881532430648804,-0.051840029656887054
0.42300891876220703,0.7919284701347351,2.1364881774843525e-07,0.38894858956336975,0.7877768278121948,-0.011658509261906147,0.35486316680908203,0.7637366652488708,-0.02201046049594879,0.32518813014030457,0.750629186630249,-0.03299134969711304,0.29848718643188477,0.7511696219444275,-0.04483377933502197,0.36457332968711853,0.683996856212616,-0.01098534557968378,0.33691170811653137,0.6708197593688965,-0.030056793242692947,0.31490638852119446,0.673595130443573,-0.04710369184613228,0.2975236773490906,0.6782786846160889,-0.057636141777038574,0.38078227639198303,0.6632755398750305,-0.01696927472949028,0.37159132957458496,0.6029909253120422,-0.02912687137722969,0.36083605885505676,0.5635390877723694,-0.039166949689388275,0.35133683681488037,0.5314235687255859,-0.04612657427787781,0.399618923664093,0.6634585857391357,-0.025825724005699158,0.4010252058506012,0.6013196110725403,-0.03959880396723747,0.3955629765987396,0.5626850724220276,-0.04867484048008919,0.38763824105262756,0.5290694236755371,-0.054423801600933075,0.41860681772232056,0.6804225444793701,-0.035790443420410156,0.43139058351516724,0.6420586109161377,-0.047400739043951035,0.4337153136730194,0.6143101453781128,-0.05121069774031639,0.4308355450630188,0.5898799896240234,-0.05352841317653656
0.4249974489212036,0.7955606579780579,2.24962008132934e-07,0.39074432849884033,0.7912473082542419,-0.012020265683531761,0.3568752706050873,0.7692340016365051,-0.023135121911764145,0.32724741101264954,0.7576272487640381,-0.03494289144873619,0.3000020980834961,0.7592085599899292,-0.047673918306827545,0.3649549186229706,0.6875196695327759,-0.011834805831313133,0.336028128862381,0.6760319471359253,-0.03114124946296215,0.3136923313140869,0.6786969900131226,-0.04846588894724846,0.29603469371795654,0.6832208633422852,-0.05940445512533188,0.38125067949295044,0.6665983200073242,-0.017953641712665558,0.37197425961494446,0.6069120764732361,-0.0308719202876091,0.3610418140888214,0.5674080848693848,-0.041726768016815186,0.3511689603328705,0.5355445146560669,-0.049409981817007065,0.3999963402748108,0.6669731140136719,-0.02687537483870983,0.4012455940246582,0.6049484014511108,-0.04116697236895561,0.39580294489860535,0.566550612449646,-0.050662606954574585,0.3876524865627289,0.5329785943031311,-0.056839458644390106,0.4188486933708191,0.6846113204956055,-0.03692740947008133,0.4319983422756195,0.6460627913475037,-0.048766128718853,0.4343518018722534,0.6182618737220764,-0.052875787019729614,0.4313076436519623,0.5935823917388916,-0.05555390566587448
0.4241025745868683,0.7939338088035583,2.131881018385684e-07,0.3897702693939209,0.7904422283172607,-0.010817896574735641,0.3552429676055908,0.7684544920921326,-0.020786724984645844,0.3262059688568115,0.7570147514343262,-0.03155279904603958,0.2996363639831543,0.7593809366226196,-0.04330819845199585,0.36338356137275696,0.6859315633773804,-0.00997481495141983,0.3353155851364136,0.6743319034576416,-0.028168095275759697,0.313706636428833,0.6771519780158997,-0.04496236890554428,0.2967628240585327,0.681762158870697,-0.055678509175777435,0.37995603680610657,0.6648990511894226,-0.016440659761428833,0.3705121576786041,0.6056184768676758,-0.028661049902439117,0.35946300625801086,0.5661383271217346,-0.03957419469952583,0.34958723187446594,0.534630537033081,-0.04743419215083122,0.39904069900512695,0.6652750968933105,-0.025606613606214523,0.400199830532074,0.6041953563690186,-0.03933434560894966,0.3945845067501068,0.5655757188796997,-0.04926485940814018,0.3863532245159149,0.5320244431495667,-0.05584769695997238,0.41831326484680176,0.6829947829246521,-0.035754382610321045,0.4309386610984802,0.6442582607269287,-0.046992335468530655,0.4327836334705353,0.6161712408065796,-0.0511152446269989,0.4293960928916931,0.5915741920471191,-0.05396703630685806
0.4231841564178467,0.7946926355361938,2.1802641470003437e-07,0.3890337646007538,0.7924829125404358,-0.011539118364453316,0.3539552390575409,0.7709330320358276,-0.021881889551877975,0.32400092482566833,0.7601000666618347,-0.03295529633760452,0.2972424626350403,0.7625806927680969,-0.04488072544336319,0.36289286613464355,0.688578188419342,-0.010501333512365818,0.334017813205719,0.676382303237915,-0.029211485758423805,0.3116612434387207,0.6794699430465698,-0.04631514847278595,0.2946520447731018,0.6845200061798096,-0.05704202875494957,0.378948837518692,0.6669510006904602,-0.016439156606793404,0.36909109354019165,0.6077845692634583,-0.028331918641924858,0.3580513298511505,0.5679673552513123,-0.03877873346209526,0.3486134707927704,0.535383939743042,-0.046333521604537964,0.3977806568145752,0.6661629676818848,-0.025228142738342285,0.3980843126773834,0.6054319739341736,-0.03853774815797806,0.3922068774700165,0.5669691562652588,-0.04795606806874275,0.3840170204639435,0.5333647727966309,-0.054208118468523026,0.41713157296180725,0.6824847459793091,-0.03513749688863754,0.4290603697299957,0.6435630321502686,-0.04594334214925766,0.430704265832901,0.6158238649368286,-0.04967804253101349,0.427177757024765,0.5914904475212097,-0.0522625669836998
0.42244672775268555,0.7945082783699036,2.1341887190828857e-07,0.3883288502693176,0.7912070751190186,-0.011674242094159126,0.35322844982147217,0.7696459889411926,-0.022096922621130943,0.3227856159210205,0.7589235305786133,-0.033230070024728775,0.2956404685974121,0.7606462240219116,-0.04518634080886841,0.36252012848854065,0.6875079870223999,-0.010463054291903973,0.3336085081100464,0.6752774119377136,-0.029415152966976166,0.3111891746520996,0.6787424087524414,-0.04664687439799309,0.29408085346221924,0.684170663356781,-0.057407282292842865,0.37832388281822205,0.6661280393600464,-0.01641899347305298,0.3681795299053192,0.6066998243331909,-0.02856448106467724,0.3571459949016571,0.5669271349906921,-0.038964007049798965,0.34759125113487244,0.5346006155014038,-0.04638981074094772,0.3970853090286255,0.6655111908912659,-0.025299275293946266,0.3976525068283081,0.604367733001709,-0.03897804394364357,0.3915528655052185,0.5661090612411499,-0.04848497733473778,0.3829922676086426,0.5326771140098572,-0.05468197166919708,0.4163663387298584,0.6819821000099182,-0.03530266135931015,0.4286952316761017,0.6433533430099487,-0.04653717949986458,0.4302498400211334,0.6155327558517456,-0.05051756650209427,0.42649325728416443,0.591163158416748,-0.053177330642938614
0.4217347204685211,0.7947609424591064,2.1677365680261573e-07,0.38764265179634094,0.7919756770133972,-0.011085105128586292,0.35191810131073,0.7698498368263245,-0.0209700558334589,0.32098710536956787,0.7589603066444397,-0.03179309517145157,0.29370614886283875,0.7612203359603882,-0.04350084066390991,0.3613598644733429,0.6876988410949707,-0.00867503322660923,0.33291393518447876,0.6767936944961548,-0.026696592569351196,0.3108147978782654,0.6796233654022217,-0.04338746517896652,0.293972373008728,0.6841334104537964,-0.05391930788755417,0.37720081210136414,0.6661261320114136,-0.01488008163869381,0.36760467290878296,0.6067283153533936,-0.025737198069691658,0.35703250765800476,0.5668771862983704,-0.035416875034570694,0.3478257954120636,0.5346065759658813,-0.042415499687194824,0.3960435092449188,0.6652514338493347,-0.024065561592578888,0.3963238596916199,0.6041535139083862,-0.036933910101652145,0.39021262526512146,0.5659958720207214,-0.04613245651125908,0.38168659806251526,0.532947301864624,-0.052211467176675797,0.41538119316101074,0.6815537214279175,-0.034382909536361694,0.4280659854412079,0.6435474157333374,-0.045395076274871826,0.4299888610839844,0.6160842180252075,-0.049349598586559296,0.42660194635391235,0.5919911861419678,-0.05196188762784004
0.4199489951133728,0.7939111590385437,2.1500420643860707e-07,0.38540130853652954,0.7896403670310974,-0.011142561212182045,0.35006511211395264,0.7675163149833679,-0.021207353100180626,0.31889608502388,0.7575527429580688,-0.03209345415234566,0.29151803255081177,0.7591208815574646,-0.04388599470257759,0.36102983355522156,0.6853992938995361,-0.009620601311326027,0.33174794912338257,0.6738675832748413,-0.028023533523082733,0.30944016575813293,0.6765545606613159,-0.04512245953083038,0.2922654151916504,0.6805537939071655,-0.05597511678934097,0.3770817220211029,0.6644822359085083,-0.01580069772899151,0.3679041266441345,0.6053870320320129,-0.027698662132024765,0.3570344150066376,0.5655698180198669,-0.038575444370508194,0.34752365946769714,0.5336671471595764,-0.04649484157562256,0.3954664468765259,0.6644900441169739,-0.024823777377605438,0.396778404712677,0.6035013198852539,-0.03828787803649902,0.3911304473876953,0.5651591420173645,-0.04835837706923485,0.3829209506511688,0.5315710306167603,-0.05505508929491043,0.41384974122047424,0.6814194917678833,-0.03487930819392204,0.4270755648612976,0.6426070928573608,-0.04601721838116646,0.4288334548473358,0.6145731806755066,-0.05036896839737892,0.42505592107772827,0.589676022529602,-0.053383223712444305
0.4191426932811737,0.7962361574172974,2.1905356106799445e-07,0.3849312365055084,0.7922022342681885,-0.011205869726836681,0.35032781958580017,0.7709954380989075,-0.021903160959482193,0.31896811723709106,0.7607418298721313,-0.03361428529024124,0.29103684425354004,0.7626016139984131,-0.04622532054781914,0.3607313930988312,0.6890866756439209,-0.009804225526750088,0.33176881074905396,0.6774495840072632,-0.028764577582478523,0.3092001676559448,0.6804198026657104,-0.04595367610454559,0.29243382811546326,0.6855815649032593,-0.05655379220843315,0.3762884736061096,0.6681798100471497,-0.015936238691210747,0.3672757148742676,0.6090790629386902,-0.02754785493016243,0.3564053475856781,0.5693377256393433,-0.03751002252101898,0.34709256887435913,0.53657066822052,-0.044611215591430664,0.3946954905986786,0.667599081993103,-0.024991314858198166,0.39581018686294556,0.6056740283966064,-0.03816041722893715,0.390112042427063,0.5671284198760986,-0.047194939106702805,0.3822542130947113,0.5335483551025391,-0.05307520925998688,0.41337448358535767,0.6838639974594116,-0.03516282141208649,0.4269680082798004,0.6454086899757385,-0.046188902109861374,0.42954668402671814,0.6173644661903381,-0.049956873059272766,0.42715969681739807,0.5924938917160034,-0.052335042506456375
0.41895610094070435,0.7952049374580383,2.1080721523958346e-07,0.38559216260910034,0.7911914587020874,-0.011352197267115116,0.3508588969707489,0.7695702314376831,-0.021953893825411797,0.3194673955440521,0.7588624954223633,-0.033384405076503754,0.2913212180137634,0.7600723505020142,-0.04570290818810463,0.3617401123046875,0.687736988067627,-0.010318274609744549,0.33261364698410034,0.6764358878135681,-0.029160061851143837,0.30960869789123535,0.6793471574783325,-0.04623579606413841,0.29207301139831543,0.6839401125907898,-0.05689600482583046,0.37720435857772827,0.6665977239608765,-0.01635923981666565,0.36743444204330444,0.6073242425918579,-0.0280077513307333,0.3567388355731964,0.5677087306976318,-0.037824831902980804,0.3473777174949646,0.534940242767334,-0.04483649879693985,0.3954828977584839,0.6661816835403442,-0.02530324086546898,0.39707353711128235,0.6046379804611206,-0.03892897814512253,0.39176851511001587,0.5658943057060242,-0.048271626234054565,0.3837304711341858,0.5321695804595947,-0.05433080345392227,0.41403454542160034,0.6829379796981812,-0.03530712053179741,0.42785346508026123,0.6448050141334534,-0.04692503809928894,0.4304070472717285,0.616865336894989,-0.05100489780306816,0.4275010824203491,0.5920526385307312,-0.05359718203544617
0.4181215763092041,0.7924976348876953,1.995312146618744e-07,0.38520723581314087,0.7885781526565552,-0.010196252726018429,0.35084831714630127,0.76608806848526,-0.019929375499486923,0.32040494680404663,0.7542557716369629,-0.030572906136512756,0.29336148500442505,0.756845235824585,-0.04225742071866989,0.36035284399986267,0.6838682293891907,-0.010777906514704227,0.3303888738155365,0.6703141927719116,-0.029410460963845253,0.3073230981826782,0.6709517240524292,-0.04640301316976547,0.2891581654548645,0.6736174821853638,-0.0573602057993412,0.3764018416404724,0.6632639765739441,-0.017384424805641174,0.3670949339866638,0.6040270328521729,-0.030369078740477562,0.356602281332016,0.5645008087158203,-0.04171016812324524,0.34708207845687866,0.5328182578086853,-0.04990258067846298,0.3947489857673645,0.663712739944458,-0.02650202065706253,0.3962860405445099,0.6020945906639099,-0.04069935902953148,0.39125892519950867,0.5637145042419434,-0.05089326202869415,0.383065789937973,0.5301542282104492,-0.05766644328832626,0.4131603538990021,0.6808362603187561,-0.03651843219995499,0.4266461730003357,0.6415476202964783,-0.04808596521615982,0.42869237065315247,0.6134215593338013,-0.05261407420039177,0.4250594675540924,0.5884811282157898,-0.055770695209503174
0.4172595143318176,0.7917561531066895,1.9027157804885064e-07,0.38415566086769104,0.7879895567893982,-0.009933768771588802,0.34917163848876953,0.7643253207206726,-0.01889519952237606,0.3186478018760681,0.7514473795890808,-0.028794027864933014,0.29199203848838806,0.7535573244094849,-0.039720114320516586,0.35967278480529785,0.6820028424263,-0.009432518854737282,0.32953792810440063,0.6687521934509277,-0.02771832048892975,0.3063454329967499,0.6702814698219299,-0.044609103351831436,0.2884773015975952,0.6739369630813599,-0.05539128929376602,0.37554091215133667,0.6614142656326294,-0.015904149040579796,0.36589476466178894,0.602021336555481,-0.028037432581186295,0.3552747368812561,0.5625088214874268,-0.038870103657245636,0.34584587812423706,0.5309751033782959,-0.046727098524570465,0.3938041627407074,0.661790132522583,-0.02499537356197834,0.3953734338283539,0.600921094417572,-0.038628581911325455,0.3901165723800659,0.5624123811721802,-0.048676181584596634,0.38189631700515747,0.5288723111152649,-0.05537087470293045,0.4121495485305786,0.6787973046302795,-0.03501264378428459,0.42542141675949097,0.6396961808204651,-0.04626357927918434,0.42731231451034546,0.6117650270462036,-0.050668034702539444,0.4236035943031311,0.5869797468185425,-0.053742919117212296
0.41756197810173035,0.7914079427719116,1.8684575309180218e-07,0.38424918055534363,0.7873275279998779,-0.00933055393397808,0.3496912717819214,0.7639898061752319,-0.01848650723695755,0.3196742832660675,0.7525323629379272,-0.02874741144478321,0.2925002872943878,0.754059374332428,-0.03998829424381256,0.3598005473613739,0.6815862655639648,-0.008372868411242962,0.3313477635383606,0.6683863997459412,-0.026570875197649002,0.30942678451538086,0.6714668273925781,-0.04356135055422783,0.2921960949897766,0.6761086583137512,-0.05444589629769325,0.37553977966308594,0.6618012189865112,-0.015497792512178421,0.3654407560825348,0.6024499535560608,-0.027785418555140495,0.35490697622299194,0.5629208087921143,-0.038979336619377136,0.34529387950897217,0.5309476256370544,-0.047131676226854324,0.393758088350296,0.6625925302505493,-0.025281444191932678,0.39450111985206604,0.6008113026618958,-0.039243586361408234,0.3896935284137726,0.562247097492218,-0.04953760653734207,0.38155317306518555,0.5283846259117126,-0.05641684681177139,0.4124818444252014,0.6797633171081543,-0.03590137138962746,0.4252862334251404,0.6407933831214905,-0.04744070768356323,0.4275713264942169,0.612617552280426,-0.05197324976325035,0.423858106136322,0.587525486946106,-0.055184632539749146
0.41720694303512573,0.7915551662445068,1.8486537101125577e-07,0.3842411935329437,0.7873083353042603,-0.00936041958630085,0.34982261061668396,0.7642083168029785,-0.018881041556596756,0.31970903277397156,0.7531015872955322,-0.029522953554987907,0.2924496531486511,0.7546067237854004,-0.04118366166949272,0.3598504066467285,0.6812303066253662,-0.008933579549193382,0.33159419894218445,0.6677793264389038,-0.027744311839342117,0.3094881772994995,0.6720237731933594,-0.04527207463979721,0.2921498417854309,0.6778314709663391,-0.056286707520484924,0.37550047039985657,0.6620072722434998,-0.016002485528588295,0.3658720850944519,0.6025137901306152,-0.02824019081890583,0.35499322414398193,0.5631174445152283,-0.0394136980175972,0.34491807222366333,0.5310448408126831,-0.04753907024860382,0.3938061594963074,0.663263738155365,-0.02573699690401554,0.3944912552833557,0.6014559268951416,-0.0394146703183651,0.38884955644607544,0.5625989437103271,-0.04970156028866768,0.3801760971546173,0.5287086963653564,-0.05660898983478546,0.4125688076019287,0.6809827089309692,-0.03631219640374184,0.4251690208911896,0.6415249109268188,-0.047475218772888184,0.4270200729370117,0.6130534410476685,-0.05178031325340271,0.4231067895889282,0.5879981517791748,-0.05483502149581909
0.4170750081539154,0.7907778024673462,1.8704901094679371e-07,0.38479170203208923,0.7862308621406555,-0.008989308960735798,0.3504834473133087,0.7627145648002625,-0.018046127632260323,0.3206721246242523,0.7515235543251038,-0.028181713074445724,0.29388099908828735,0.7529914975166321,-0.03944288566708565,0.3600146770477295,0.6809109449386597,-0.008798697032034397,0.33192646503448486,0.6684839725494385,-0.026642657816410065,0.31024986505508423,0.6723802089691162,-0.04341144487261772,0.29322272539138794,0.677034854888916,-0.054107069969177246,0.375836580991745,0.6616200804710388,-0.016023311764001846,0.3664056062698364,0.6017638444900513,-0.027640001848340034,0.35595813393592834,0.5622003078460693,-0.03836558386683464,0.34637853503227234,0.5300314426422119,-0.04621245712041855,0.39421454071998596,0.6627158522605896,-0.02579876407980919,0.3951586186885834,0.6005392074584961,-0.03937559202313423,0.3900095820426941,0.5615748167037964,-0.04988803341984749,0.3818098306655884,0.5273966193199158,-0.05699304863810539,0.4129036068916321,0.6801950335502625,-0.03630547225475311,0.42575427889823914,0.640902578830719,-0.04778421297669411,0.42828434705734253,0.6125143766403198,-0.05229515954852104,0.4250345826148987,0.5871515274047852,-0.055487219244241714
0.4193086326122284,0.7905996441841125,1.9127558914533438e-07,0.38646480441093445,0.786028265953064,-0.008610132150352001,0.35216978192329407,0.7629848718643188,-0.017639368772506714,0.32241636514663696,0.7517964243888855,-0.027920998632907867,0.29548361897468567,0.7523956298828125,-0.03928280994296074,0.36139431595802307,0.6799556612968445,-0.008148441091179848,0.33268600702285767,0.6675073504447937,-0.025975145399570465,0.3106048107147217,0.6711718440055847,-0.04280870407819748,0.2933386266231537,0.6758543848991394,-0.05365356057882309,0.37718045711517334,0.6605380773544312,-0.01565903052687645,0.3677915334701538,0.6009166240692139,-0.0274650976061821,0.3572465181350708,0.5614677667617798,-0.03854387253522873,0.34742364287376404,0.529638409614563,-0.04674733430147171,0.39546796679496765,0.6617645621299744,-0.02570890448987484,0.39681723713874817,0.6000995635986328,-0.039178621023893356,0.3919387757778168,0.5611899495124817,-0.0494312159717083,0.38378769159317017,0.5271626710891724,-0.056469324976205826,0.41392776370048523,0.6794918179512024,-0.03653449937701225,0.42721325159072876,0.6405977010726929,-0.04780489206314087,0.42989426851272583,0.6122075319290161,-0.0522235743701458,0.42666739225387573,0.586911678314209,-0.05543331801891327
0.4198865294456482,0.7908321022987366,1.9139802986956056e-07,0.3867781162261963,0.7866496443748474,-0.008981561288237572,0.35178524255752563,0.7627764940261841,-0.017834044992923737,0.32153964042663574,0.7509577870368958,-0.027806686237454414,0.29447728395462036,0.753121554851532,-0.03887789323925972,0.36139070987701416,0.6810285449028015,-0.008897784166038036,0.3319832980632782,0.6683486700057983,-0.026966221630573273,0.30945447087287903,0.6707276701927185,-0.04369756206870079,0.2918412983417511,0.6744852662086487,-0.05450957641005516,0.3773013651371002,0.6609304547309875,-0.016278743743896484,0.36727431416511536,0.6009418964385986,-0.028650980442762375,0.35669654607772827,0.5612027645111084,-0.03979188948869705,0.347072958946228,0.5292420983314514,-0.04786624759435654,0.3956417739391327,0.6617615818977356,-0.026189837604761124,0.39640533924102783,0.5995492935180664,-0.04040681943297386,0.39124923944473267,0.5609676837921143,-0.05085223540663719,0.38283467292785645,0.526991605758667,-0.0577857568860054,0.4142058789730072,0.6790956854820251,-0.036863476037979126,0.4271998107433319,0.6400048136711121,-0.04882558435201645,0.42956069111824036,0.6117496490478516,-0.05357121303677559,0.42611631751060486,0.5864050388336182,-0.05685892328619957
0.42113712430000305,0.7912523746490479,1.8812032465120865e-07,0.38824325799942017,0.7874557375907898,-0.009639054536819458,0.3528195917606354,0.7631959915161133,-0.018365805968642235,0.3225792348384857,0.7508947849273682,-0.028039919212460518,0.295938640832901,0.7532349228858948,-0.038712985813617706,0.3628253638744354,0.6817227005958557,-0.009191492572426796,0.3330015540122986,0.6686408519744873,-0.027329221367836,0.3101504445075989,0.6708788871765137,-0.04405691474676132,0.2923398017883301,0.6749443411827087,-0.05479440465569496,0.3787948787212372,0.6611018776893616,-0.015967700630426407,0.3683836758136749,0.6015250086784363,-0.028381504118442535,0.3575673997402191,0.561676025390625,-0.039501287043094635,0.3481252193450928,0.5297133326530457,-0.04752722382545471,0.39719903469085693,0.6615613698959351,-0.025334374979138374,0.39765429496765137,0.6000880002975464,-0.03933919593691826,0.39239323139190674,0.5617377161979675,-0.04956944286823273,0.3841474950313568,0.5279854536056519,-0.05632267892360687,0.41593658924102783,0.6785034537315369,-0.035554442554712296,0.4282418489456177,0.639503538608551,-0.04711250588297844,0.43039965629577637,0.6115772128105164,-0.051577191799879074,0.4269341230392456,0.5864642858505249,-0.054674744606018066
0.4212701916694641,0.791804850101471,1.9375445958758064e-07,0.3882603049278259,0.7882024645805359,-0.00984898954629898,0.35292738676071167,0.7638015151023865,-0.018940716981887817,0.32220637798309326,0.7514774203300476,-0.028950411826372147,0.29504355788230896,0.7528294324874878,-0.04006089270114899,0.3621847927570343,0.6825778484344482,-0.00983323436230421,0.33335989713668823,0.6707261204719543,-0.02785489335656166,0.3111724257469177,0.6729889512062073,-0.04459596797823906,0.29328662157058716,0.6759214997291565,-0.055556852370500565,0.37840867042541504,0.6619945764541626,-0.016745317727327347,0.3685601055622101,0.6025176048278809,-0.029058421030640602,0.35823118686676025,0.5626693964004517,-0.040150854736566544,0.3487715423107147,0.5305100679397583,-0.04825742170214653,0.39714181423187256,0.6623473763465881,-0.026201138272881508,0.39780324697494507,0.5999717712402344,-0.04042535647749901,0.39269059896469116,0.5616734027862549,-0.05076410621404648,0.3842448890209198,0.5278902649879456,-0.05769048631191254,0.4162287712097168,0.679352343082428,-0.036487165838479996,0.42937707901000977,0.6403733491897583,-0.0486324168741703,0.43172383308410645,0.6122394800186157,-0.05341197922825813,0.42827099561691284,0.5869379043579102,-0.05672379210591316
0.42166057229042053,0.7915352582931519,1.826148690042828e-07,0.38841381669044495,0.7877095341682434,-0.00969694647938013,0.35245776176452637,0.7616753578186035,-0.018432242795825005,0.3209114968776703,0.7484531402587891,-0.028126923367381096,0.2929528057575226,0.749458909034729,-0.038791947066783905,0.3640788495540619,0.6815817952156067,-0.0089650833979249,0.335053414106369,0.6689749956130981,-0.02698640525341034,0.3126310110092163,0.6715363264083862,-0.04376170039176941,0.2951732277870178,0.6756309866905212,-0.054611559957265854,0.3798164427280426,0.6609384417533875,-0.015588251873850822,0.36979448795318604,0.6020007133483887,-0.028166513890028,0.3589891195297241,0.5623577237129211,-0.039410725235939026,0.3494037091732025,0.5303857922554016,-0.04752501845359802,0.3980274498462677,0.6611253619194031,-0.02476511336863041,0.39907705783843994,0.5994712710380554,-0.03868519887328148,0.3937857449054718,0.5605292320251465,-0.04854471608996391,0.38525456190109253,0.5263844132423401,-0.05509230121970177,0.4166191816329956,0.6777520775794983,-0.03479965031147003,0.42968156933784485,0.6383559703826904,-0.046183254569768906,0.4318534731864929,0.609921395778656,-0.0503685437142849,0.42811062932014465,0.5847765207290649,-0.05328955128788948
0.42196547985076904,0.7905325293540955,1.840002425979037e-07,0.3886950612068176,0.7876530289649963,-0.009999404661357403,0.35299885272979736,0.7621498703956604,-0.01902194321155548,0.321959912776947,0.7493438124656677,-0.02898375876247883,0.29432472586631775,0.7500396370887756,-0.03984367474913597,0.36396968364715576,0.6814333200454712,-0.009063743986189365,0.3356931507587433,0.6691098809242249,-0.027681032195687294,0.31347787380218506,0.6725728511810303,-0.04497087374329567,0.2960967719554901,0.677679717540741,-0.0559285469353199,0.3797800540924072,0.6608432531356812,-0.015666795894503593,0.3697180151939392,0.6018831729888916,-0.027827227488160133,0.35931408405303955,0.5617715716362,-0.038655683398246765,0.3500940799713135,0.5294890403747559,-0.046475980430841446,0.39830175042152405,0.6609424352645874,-0.025011379271745682,0.3985704481601715,0.5998148918151855,-0.03871995955705643,0.39346712827682495,0.5609516501426697,-0.04844252020120621,0.38500943779945374,0.5269998908042908,-0.05486568063497543,0.4175458252429962,0.6774200797080994,-0.03528367727994919,0.429791122674942,0.6379110813140869,-0.04665505141019821,0.4315732419490814,0.6095519065856934,-0.050770100206136703,0.42735230922698975,0.5845333933830261,-0.053586773574352264
0.42240476608276367,0.7892382144927979,1.8003493096330203e-07,0.38857758045196533,0.7863436341285706,-0.010176465846598148,0.3527710735797882,0.760766327381134,-0.019163057208061218,0.32140618562698364,0.7479197978973389,-0.029062427580356598,0.2934018075466156,0.7479552030563354,-0.039825569838285446,0.36418581008911133,0.6800708770751953,-0.008704052306711674,0.3358239531517029,0.6680498123168945,-0.027167879045009613,0.3138285279273987,0.6710658669471741,-0.044373176991939545,0.29677560925483704,0.6754530072212219,-0.0554012693464756,0.37995198369026184,0.6589947938919067,-0.015233770944178104,0.3696126937866211,0.6004635095596313,-0.027415048331022263,0.3592241406440735,0.560880184173584,-0.03836941346526146,0.35014069080352783,0.5290607213973999,-0.046295180916786194,0.39851370453834534,0.658772349357605,-0.024529404938220978,0.39843764901161194,0.5971512794494629,-0.03836017847061157,0.39311927556991577,0.5588177442550659,-0.04811993986368179,0.38449469208717346,0.5252344608306885,-0.05459992215037346,0.4177369177341461,0.6752734184265137,-0.03476054221391678,0.43023717403411865,0.636177122592926,-0.046538375318050385,0.43233585357666016,0.6082371473312378,-0.05091740936040878,0.4284576177597046,0.5835647583007812,-0.05385677516460419
0.42233338952064514,0.7904541492462158,1.8306474203200196e-07,0.3886266052722931,0.7874808311462402,-0.009988861158490181,0.35252487659454346,0.7614596486091614,-0.018757447600364685,0.3209408223628998,0.7486132979393005,-0.028546789661049843,0.2931097149848938,0.7486347556114197,-0.039173707365989685,0.36450228095054626,0.6807305216789246,-0.008325218223035336,0.33553463220596313,0.6685082316398621,-0.02680245414376259,0.31293782591819763,0.671927809715271,-0.043979499489068985,0.2955528497695923,0.6771413087844849,-0.05488194525241852,0.38001444935798645,0.6597183346748352,-0.014808091334998608,0.36993008852005005,0.6006912589073181,-0.026588862761855125,0.359479159116745,0.5609233975410461,-0.03717131167650223,0.35033121705055237,0.5290231108665466,-0.044819675385951996,0.3984237313270569,0.6593834161758423,-0.024111846461892128,0.398535817861557,0.5976437330245972,-0.03749208524823189,0.3927907645702362,0.5592122077941895,-0.04695078730583191,0.3838413953781128,0.5258291959762573,-0.05323654040694237,0.4175770878791809,0.6756574511528015,-0.034402646124362946,0.43036723136901855,0.636372447013855,-0.04587308689951897,0.4322056770324707,0.6081377863883972,-0.0501868799328804,0.42805078625679016,0.5834249258041382,-0.05307264253497124
0.42216208577156067,0.7912679314613342,1.8121579614671646e-07,0.3890917897224426,0.7883526086807251,-0.010012796148657799,0.3533368706703186,0.763145923614502,-0.019015276804566383,0.3219970464706421,0.7504417300224304,-0.028905022889375687,0.2943131923675537,0.7515960931777954,-0.03970394656062126,0.364064484834671,0.682633101940155,-0.009475287050008774,0.3354417681694031,0.6707227230072021,-0.028139574453234673,0.31314873695373535,0.6743457913398743,-0.04536820948123932,0.29570508003234863,0.6793625354766846,-0.05631966516375542,0.3800489902496338,0.6621017456054688,-0.01599801890552044,0.36987727880477905,0.6035120487213135,-0.028432123363018036,0.35943877696990967,0.5636422038078308,-0.0393393337726593,0.3502364456653595,0.5316004157066345,-0.047151654958724976,0.39877787232398987,0.6621243953704834,-0.02519857883453369,0.3988112509250641,0.6004976034164429,-0.03917059674859047,0.39347371459007263,0.5620795488357544,-0.04887120798230171,0.3848141133785248,0.5284749865531921,-0.055199846625328064,0.41815686225891113,0.6785662770271301,-0.035287562757730484,0.4305993318557739,0.6391246914863586,-0.04693450778722763,0.43262362480163574,0.6109738349914551,-0.05112408101558685,0.4287223517894745,0.5861895680427551,-0.053884636610746384
0.4208338260650635,0.7888076305389404,1.844138921569538e-07,0.3876628577709198,0.7861363291740417,-0.010121042840182781,0.3515084981918335,0.7613133192062378,-0.019208747893571854,0.3199666142463684,0.7488588094711304,-0.02916722558438778,0.29237881302833557,0.7501360774040222,-0.04015912115573883,0.36202555894851685,0.6808967590332031,-0.01008771825581789,0.3333297669887543,0.6695124506950378,-0.02872794307768345,0.3109614849090576,0.6729222536087036,-0.04588909447193146,0.29323381185531616,0.6775456666946411,-0.05682450532913208,0.3778400719165802,0.6603891253471375,-0.01667904108762741,0.3672449588775635,0.6017532348632812,-0.02885378524661064,0.3563876748085022,0.5622509717941284,-0.039736345410346985,0.34679198265075684,0.5307284593582153,-0.047633811831474304,0.3965846598148346,0.6604110598564148,-0.02590680681169033,0.3961518108844757,0.5983856916427612,-0.0397326797246933,0.3902566134929657,0.5598318576812744,-0.049788955599069595,0.38130488991737366,0.526303768157959,-0.05652172118425369,0.41600802540779114,0.6769053339958191,-0.036005038768053055,0.4282832145690918,0.6374659538269043,-0.047727592289447784,0.4301930069923401,0.6089615821838379,-0.052261464297771454,0.42649251222610474,0.5838578939437866,-0.05535480007529259
0.41980478167533875,0.789155125617981,1.9476142654184514e-07,0.38648128509521484,0.7867078185081482,-0.01096637174487114,0.350583016872406,0.7625781297683716,-0.02034401334822178,0.31854742765426636,0.7502967119216919,-0.030497252941131592,0.29073089361190796,0.75162273645401,-0.04165033623576164,0.360580176115036,0.6828089952468872,-0.010461543686687946,0.33078733086586,0.6712811589241028,-0.028925839811563492,0.3082197904586792,0.672897458076477,-0.0458248145878315,0.2903140187263489,0.6755733489990234,-0.056747917085886,0.3764168620109558,0.6612319946289062,-0.016642022877931595,0.36593160033226013,0.6028258204460144,-0.02879532240331173,0.3550809621810913,0.5636944770812988,-0.039683323353528976,0.34541836380958557,0.5322537422180176,-0.04760681465268135,0.39509227871894836,0.6604309678077698,-0.02550354041159153,0.3945726454257965,0.5986661911010742,-0.039420370012521744,0.3885025382041931,0.5607925653457642,-0.049584805965423584,0.37939757108688354,0.5275554656982422,-0.05640767887234688,0.41435137391090393,0.6761617064476013,-0.035337138921022415,0.42724135518074036,0.6377227306365967,-0.04747515916824341,0.42947712540626526,0.6099690198898315,-0.05243568494915962,0.426069974899292,0.5852005481719971,-0.05577891319990158
0.4188947081565857,0.7900794744491577,1.859787488456277e-07,0.3857291638851166,0.7864176034927368,-0.010432648472487926,0.35068368911743164,0.7630779147148132,-0.01987520419061184,0.3195216953754425,0.7512145042419434,-0.030116241425275803,0.29232630133628845,0.7527493238449097,-0.0415198914706707,0.3606315851211548,0.683587372303009,-0.011063351295888424,0.33102789521217346,0.6718776226043701,-0.02973959967494011,0.3085191547870636,0.6742880344390869,-0.046782393008470535,0.2905436158180237,0.6777135133743286,-0.057726744562387466,0.3767525851726532,0.6626969575881958,-0.017520790919661522,0.36629626154899597,0.6041718125343323,-0.030006209388375282,0.3548533618450165,0.565033495426178,-0.04129112511873245,0.34442582726478577,0.5334376096725464,-0.04952423274517059,0.39538171887397766,0.6624587774276733,-0.026491977274417877,0.3951188027858734,0.599949300289154,-0.0408354327082634,0.38875478506088257,0.5618612170219421,-0.0515829473733902,0.37936025857925415,0.5285289883613586,-0.058785051107406616,0.4145532548427582,0.6787651181221008,-0.036272671073675156,0.42756783962249756,0.6397362351417542,-0.04867513105273247,0.4298127591609955,0.6117464303970337,-0.0537736639380455,0.4263676106929779,0.5868132710456848,-0.05722774937748909
0.4196833074092865,0.7913185358047485,1.957460256107879e-07,0.3862718641757965,0.7881181240081787,-0.010983060114085674,0.3509625196456909,0.7643442749977112,-0.02061609923839569,0.31946951150894165,0.7518293261528015,-0.031070586293935776,0.2920956015586853,0.7534250020980835,-0.042575061321258545,0.3605617880821228,0.6835502982139587,-0.010398856364190578,0.3313674032688141,0.6716177463531494,-0.02898237854242325,0.3089173138141632,0.6736527681350708,-0.04600757732987404,0.29106828570365906,0.6769600510597229,-0.05695868656039238,0.3765960931777954,0.6626208424568176,-0.01670369878411293,0.3661423325538635,0.6041327714920044,-0.029010755941271782,0.35488808155059814,0.5650337338447571,-0.04002360999584198,0.34475260972976685,0.53322434425354,-0.04801467806100845,0.3953222632408142,0.6622064113616943,-0.0257228072732687,0.39475634694099426,0.600230872631073,-0.03986254706978798,0.3882637023925781,0.5623898506164551,-0.05024462565779686,0.37896043062210083,0.5292219519615173,-0.057178955525159836,0.4146293103694916,0.6782806515693665,-0.03570304065942764,0.4272892475128174,0.639457643032074,-0.04783427342772484,0.42939090728759766,0.6115509271621704,-0.05279013514518738,0.4260116517543793,0.5866724848747253,-0.056148916482925415
0.41884487867355347,0.7915435433387756,1.9733204226213275e-07,0.38533926010131836,0.7881320714950562,-0.010843779891729355,0.3506610691547394,0.7655985355377197,-0.020816074684262276,0.31934866309165955,0.7542797327041626,-0.0316404327750206,0.2917178273200989,0.7554068565368652,-0.04352560266852379,0.3603819012641907,0.6853834390640259,-0.01080318447202444,0.33099567890167236,0.6749911308288574,-0.029835183173418045,0.3083302974700928,0.6778664588928223,-0.04717152565717697,0.29046061635017395,0.6818756461143494,-0.05817995220422745,0.37618085741996765,0.6642606258392334,-0.017199790105223656,0.36561593413352966,0.6060729622840881,-0.02960158884525299,0.35415035486221313,0.5669219493865967,-0.04042040556669235,0.34377914667129517,0.5349632501602173,-0.0481705479323864,0.3948756754398346,0.6638912558555603,-0.026286382228136063,0.3943942189216614,0.6021713018417358,-0.040445417165756226,0.38762450218200684,0.5646001696586609,-0.05045207589864731,0.3780258595943451,0.5317930579185486,-0.057036273181438446,0.4140367805957794,0.680543839931488,-0.036303240805864334,0.42673593759536743,0.6420865058898926,-0.04845629632472992,0.42893898487091064,0.6144961714744568,-0.05294661223888397,0.4257631301879883,0.5899440050125122,-0.05583464726805687
0.420501172542572,0.7933869361877441,1.818237365114328e-07,0.38675281405448914,0.7905340790748596,-0.010593029670417309,0.3516116440296173,0.7666983008384705,-0.0203530453145504,0.32071739435195923,0.7544664740562439,-0.03096866048872471,0.2930769920349121,0.7562953233718872,-0.042744677513837814,0.3613370656967163,0.6848744750022888,-0.010973826050758362,0.33194500207901,0.672950267791748,-0.029914457350969315,0.30883049964904785,0.6762260794639587,-0.04725901037454605,0.29066553711891174,0.6808748841285706,-0.05833284184336662,0.3770747184753418,0.6645773649215698,-0.017645442858338356,0.36656007170677185,0.605365514755249,-0.029941612854599953,0.35469451546669006,0.5665426254272461,-0.04082649201154709,0.34375089406967163,0.5348635911941528,-0.04875105991959572,0.3956676423549652,0.664912760257721,-0.026985371485352516,0.3951728343963623,0.6020647287368774,-0.04126034304499626,0.3879591226577759,0.5640218257904053,-0.051892660558223724,0.37781965732574463,0.5309665203094482,-0.059064269065856934,0.4147101044654846,0.6822152137756348,-0.03721499815583229,0.4273187220096588,0.6425891518592834,-0.04962475225329399,0.4290090501308441,0.6142634749412537,-0.054704807698726654,0.4251696765422821,0.5891953110694885,-0.058178018778562546
0.4188293516635895,0.7929220795631409,1.8763908826713305e-07,0.3854658007621765,0.788810133934021,-0.010346805676817894,0.35081496834754944,0.7666434049606323,-0.020293498411774635,0.3200594186782837,0.7554150819778442,-0.0311631727963686,0.29279065132141113,0.7570685148239136,-0.04311247169971466,0.3611867129802704,0.6854290962219238,-0.010721296072006226,0.33166152238845825,0.6730383634567261,-0.02960776910185814,0.309085488319397,0.6763517260551453,-0.04682023823261261,0.29167261719703674,0.6812965869903564,-0.0576997771859169,0.376958966255188,0.6651321649551392,-0.017353078350424767,0.36620715260505676,0.6061471104621887,-0.029849177226424217,0.3543509542942047,0.5673205852508545,-0.040878865867853165,0.3438076078891754,0.5358627438545227,-0.0488351471722126,0.3954226076602936,0.6652449369430542,-0.026599466800689697,0.3948449492454529,0.6030242443084717,-0.04070429131388664,0.38781511783599854,0.5649800300598145,-0.05112887918949127,0.3782133162021637,0.5318941473960876,-0.0580807626247406,0.4144388437271118,0.6820058822631836,-0.036709386855363846,0.4267520606517792,0.6428503394126892,-0.048564594238996506,0.4285713732242584,0.614768922328949,-0.05323228985071182,0.42503222823143005,0.5899876952171326,-0.05639754608273506
0.4187106192111969,0.7918025851249695,1.9113873861442698e-07,0.38515162467956543,0.7882527112960815,-0.009960363619029522,0.350153386592865,0.7656919956207275,-0.019392436370253563,0.3197319209575653,0.7536470890045166,-0.029700102284550667,0.2928120791912079,0.7552737593650818,-0.04113238304853439,0.35964587330818176,0.6840541362762451,-0.010671552270650864,0.32989051938056946,0.6727145910263062,-0.028961649164557457,0.30748429894447327,0.6754525899887085,-0.045729488134384155,0.2898796498775482,0.6794294118881226,-0.056501369923353195,0.37558022141456604,0.6640384793281555,-0.017416514456272125,0.3652246296405792,0.6049896478652954,-0.02997431345283985,0.35352665185928345,0.5664002895355225,-0.04121966287493706,0.3429052233695984,0.5354167819023132,-0.04930509626865387,0.39404362440109253,0.6644771099090576,-0.02659725770354271,0.39385369420051575,0.6030198335647583,-0.0406888946890831,0.3865692615509033,0.5651150345802307,-0.051296867430210114,0.37659192085266113,0.532033383846283,-0.05839618667960167,0.4128192663192749,0.6817337274551392,-0.0365847609937191,0.425519198179245,0.6428238153457642,-0.048349861055612564,0.42737990617752075,0.6146080493927002,-0.053100306540727615,0.42384305596351624,0.5895084142684937,-0.05637185648083687
0.41807442903518677,0.7878754734992981,1.8444322336108598e-07,0.3842676281929016,0.7830830216407776,-0.009080630727112293,0.34964123368263245,0.7599757313728333,-0.018354134634137154,0.3195880651473999,0.7484749555587769,-0.028843993321061134,0.29214411973953247,0.7495825290679932,-0.040366362780332565,0.35942840576171875,0.679383397102356,-0.008972971700131893,0.33016833662986755,0.6664183735847473,-0.027446215972304344,0.30795323848724365,0.6698418259620667,-0.044482260942459106,0.2906566262245178,0.6749604344367981,-0.05533010885119438,0.3747164309024811,0.6598636507987976,-0.016126468777656555,0.36371907591819763,0.6004140377044678,-0.02915176935493946,0.3521263301372528,0.5610335469245911,-0.040858764201402664,0.34149613976478577,0.5291478037834167,-0.049270592629909515,0.3927057087421417,0.6603963971138,-0.025763023644685745,0.39211493730545044,0.5988017320632935,-0.04005058854818344,0.3852914869785309,0.5609795451164246,-0.050546713173389435,0.37534472346305847,0.5281863212585449,-0.057490766048431396,0.41151121258735657,0.677047610282898,-0.036155086010694504,0.4240608215332031,0.6369070410728455,-0.04752127081155777,0.42593488097190857,0.6082188487052917,-0.051945384591817856,0.42193323373794556,0.5831785202026367,-0.055079296231269836
0.41556861996650696,0.7907533049583435,1.8501867771192337e-07,0.3825730085372925,0.7871410250663757,-0.008407925255596638,0.3467089831829071,0.7638182044029236,-0.01683543622493744,0.31560659408569336,0.7532971501350403,-0.026510825380682945,0.2889021337032318,0.7561455368995667,-0.0373564176261425,0.35627686977386475,0.6829385757446289,-0.008216559886932373,0.32702454924583435,0.6717801690101624,-0.02582896500825882,0.3051337003707886,0.6758248805999756,-0.04212728515267372,0.28829824924468994,0.6813925504684448,-0.05256880447268486,0.3717009425163269,0.6634566187858582,-0.01577627658843994,0.36023828387260437,0.6042728424072266,-0.027759384363889694,0.3483167886734009,0.5653204321861267,-0.03860969841480255,0.3375351130962372,0.5340266227722168,-0.0464092455804348,0.39004290103912354,0.6642256379127502,-0.02581964060664177,0.38842275738716125,0.6024607419967651,-0.039895012974739075,0.38099396228790283,0.5647161602973938,-0.05051599070429802,0.3707769811153412,0.531482458114624,-0.05756671354174614,0.40906447172164917,0.6811745762825012,-0.03653155267238617,0.4212525188922882,0.6419633626937866,-0.0486530065536499,0.42312881350517273,0.6134527921676636,-0.053686629980802536,0.4193408191204071,0.5879209041595459,-0.05716032534837723
0.41341304779052734,0.7894362807273865,1.8313306782147265e-07,0.3795618712902069,0.7861461043357849,-0.009789930656552315,0.34315192699432373,0.7632230520248413,-0.019258055835962296,0.31120866537094116,0.7528570294380188,-0.029804039746522903,0.28365638852119446,0.7553806900978088,-0.041452556848526,0.35338473320007324,0.6817126274108887,-0.009721096605062485,0.323524534702301,0.6711241602897644,-0.028642192482948303,0.3010702133178711,0.6758474111557007,-0.045975565910339355,0.28382179141044617,0.6819249987602234,-0.056952908635139465,0.368497759103775,0.6619166731834412,-0.016698261722922325,0.3569565713405609,0.6034625172615051,-0.029271140694618225,0.3444877564907074,0.5650259256362915,-0.04049830138683319,0.3333098292350769,0.5340718626976013,-0.04856867715716362,0.38675767183303833,0.6622808575630188,-0.02631429024040699,0.38507080078125,0.6007330417633057,-0.04056060314178467,0.37704816460609436,0.5632762312889099,-0.05104447156190872,0.36649516224861145,0.5306929349899292,-0.05800343304872513,0.40581372380256653,0.679145336151123,-0.036764051765203476,0.41769763827323914,0.6398334503173828,-0.048808299005031586,0.4189172387123108,0.6116427779197693,-0.053637415170669556,0.41453817486763,0.5867603421211243,-0.05691211670637131
0.4098069965839386,0.7877677083015442,1.7733422907895147e-07,0.3747919499874115,0.7842419743537903,-0.009451446123421192,0.33819085359573364,0.7605618238449097,-0.018155038356781006,0.30684253573417664,0.7487005591392517,-0.02799634262919426,0.2798612415790558,0.747514009475708,-0.03879615291953087,0.3500364422798157,0.6802659630775452,-0.00833368394523859,0.319540411233902,0.6700133085250854,-0.027038201689720154,0.29671362042427063,0.6740056276321411,-0.0442812517285347,0.27939847111701965,0.6799874305725098,-0.055123843252658844,0.36452218890190125,0.6601647734642029,-0.015095281414687634,0.3527849316596985,0.601997971534729,-0.027385083958506584,0.33978980779647827,0.5632906556129456,-0.03855719417333603,0.3285968005657196,0.5327645540237427,-0.046597521752119064,0.38206401467323303,0.6600805521011353,-0.02455459162592888,0.3808152973651886,0.5991178154945374,-0.03820434957742691,0.37233150005340576,0.561629056930542,-0.04841761663556099,0.3613795340061188,0.5291585326194763,-0.05530785024166107,0.40055277943611145,0.6764258146286011,-0.034891195595264435,0.41283172369003296,0.6369466781616211,-0.046376895159482956,0.4136386811733246,0.6086890697479248,-0.05103930085897446,0.40870797634124756,0.5838183760643005,-0.054294880479574203
0.40577828884124756,0.799288272857666,1.7704881827285135e-07,0.36965057253837585,0.7964763045310974,-0.010108964517712593,0.3333885073661804,0.7747634649276733,-0.019817108288407326,0.3011440932750702,0.7659662961959839,-0.030763642862439156,0.2731144428253174,0.7667166590690613,-0.04239770025014877,0.34497636556625366,0.693250834941864,-0.007395980414003134,0.3145235776901245,0.6858718991279602,-0.026540815830230713,0.2903248965740204,0.6926660537719727,-0.044566623866558075,0.27190035581588745,0.7007008790969849,-0.05585270747542381,0.3581528067588806,0.6728085875511169,-0.013699906878173351,0.34510716795921326,0.6165986061096191,-0.025733111426234245,0.33122023940086365,0.5782645344734192,-0.03647319972515106,0.3194558620452881,0.5477475523948669,-0.04424549639225006,0.3751058280467987,0.6718466877937317,-0.022968992590904236,0.3729545772075653,0.611900806427002,-0.03606791794300079,0.3635132312774658,0.5755338668823242,-0.04532524198293686,0.3515094816684723,0.544854462146759,-0.051495227962732315,0.3934236168861389,0.6876319646835327,-0.033322617411613464,0.4052450358867645,0.6484594345092773,-0.04403608664870262,0.40512242913246155,0.6202477812767029,-0.04806104302406311,0.39912164211273193,0.595974862575531,-0.050839245319366455
0.40508538484573364,0.7966493368148804,1.8218706543393637e-07,0.3689335882663727,0.7948240041732788,-0.00938490778207779,0.33188149333000183,0.7720344066619873,-0.0179423987865448,0.2999006509780884,0.7610507011413574,-0.02799224480986595,0.272197961807251,0.761509895324707,-0.038725387305021286,0.34322476387023926,0.6921530365943909,-0.005616550333797932,0.3118742108345032,0.6843851804733276,-0.024323007091879845,0.28754517436027527,0.6908387541770935,-0.04183758795261383,0.2699595093727112,0.6991521716117859,-0.05270564928650856,0.3565269410610199,0.6707844734191895,-0.012085628695786,0.3433351516723633,0.6142983436584473,-0.023563461378216743,0.3290545642375946,0.5752683281898499,-0.03395908325910568,0.31737640500068665,0.5445044040679932,-0.04136783257126808,0.3736322224140167,0.6690779328346252,-0.021571503952145576,0.3706296682357788,0.6085667014122009,-0.03425685688853264,0.3610364496707916,0.5721327066421509,-0.042850811034440994,0.3495267629623413,0.5413764119148254,-0.04844788834452629,0.39190220832824707,0.6840648055076599,-0.03216284513473511,0.4032081365585327,0.6451521515846252,-0.043031297624111176,0.4036364257335663,0.6172349452972412,-0.046947065740823746,0.39881595969200134,0.5930737853050232,-0.049420952796936035
0.40426450967788696,0.7976827025413513,1.7841830413090065e-07,0.3681955933570862,0.7952607274055481,-0.00978335551917553,0.33118167519569397,0.7728357315063477,-0.018590614199638367,0.29926422238349915,0.7623941898345947,-0.028615552932024002,0.271919310092926,0.7628198862075806,-0.03935259208083153,0.34370920062065125,0.6922304630279541,-0.0068360259756445885,0.3123818635940552,0.6837542653083801,-0.025046560913324356,0.2882463037967682,0.6888889074325562,-0.04222576692700386,0.27031657099723816,0.6956080794334412,-0.053117647767066956,0.35734057426452637,0.6713585257530212,-0.013051898218691349,0.34399089217185974,0.6150072813034058,-0.024807171896100044,0.3300091028213501,0.5765138864517212,-0.03566713258624077,0.31855669617652893,0.5459901094436646,-0.04356878250837326,0.37444838881492615,0.6701804995536804,-0.022117510437965393,0.3718889355659485,0.6105324029922485,-0.034961193799972534,0.3623404800891876,0.5742355585098267,-0.04447922110557556,0.35066482424736023,0.5432817935943604,-0.05092266574501991,0.3925938904285431,0.6856446862220764,-0.03222282975912094,0.4039398431777954,0.6468513011932373,-0.042968668043613434,0.40387147665023804,0.6188937425613403,-0.04735780879855156,0.39828699827194214,0.5944918990135193,-0.05045760050415993
0.40078067779541016,0.7977598309516907,1.7157950082946627e-07,0.3652879595756531,0.7962262630462646,-0.009873955510556698,0.3277476131916046,0.7735326886177063,-0.018426695838570595,0.29548683762550354,0.7630155682563782,-0.02819637767970562,0.26798394322395325,0.763582706451416,-0.03870145231485367,0.3397037386894226,0.6930248141288757,-0.006955034099519253,0.3079261779785156,0.6857384443283081,-0.02525356039404869,0.2836335599422455,0.6913845539093018,-0.04253646731376648,0.2655413746833801,0.6980272531509399,-0.05358593538403511,0.35306137800216675,0.6716346740722656,-0.01311179343611002,0.3398537337779999,0.616012692451477,-0.0249628946185112,0.3262863755226135,0.5779508352279663,-0.035854313522577286,0.31514590978622437,0.5480043888092041,-0.043781131505966187,0.37018314003944397,0.6701228618621826,-0.02212916687130928,0.36765116453170776,0.6107304692268372,-0.03520587086677551,0.35816890001296997,0.5749494433403015,-0.04470224678516388,0.3463965654373169,0.5446394681930542,-0.05108950287103653,0.38848191499710083,0.6851833462715149,-0.03219837695360184,0.4003638029098511,0.6465688347816467,-0.04340514540672302,0.400372713804245,0.6190107464790344,-0.04801051691174507,0.3946610987186432,0.5950997471809387,-0.05115203559398651
0.4016507863998413,0.799272894859314,1.6591056350989675e-07,0.3656212091445923,0.797942042350769,-0.00920624565333128,0.32785168290138245,0.7747794985771179,-0.017415111884474754,0.2956531345844269,0.7645691633224487,-0.02713618241250515,0.26808813214302063,0.7650134563446045,-0.037633199244737625,0.3397877812385559,0.694514274597168,-0.005334228277206421,0.3081311583518982,0.6878106594085693,-0.023490285500884056,0.28389841318130493,0.6939160823822021,-0.040732186287641525,0.2665141820907593,0.7014442682266235,-0.05169837921857834,0.3530256152153015,0.673265278339386,-0.011858888901770115,0.33925920724868774,0.6184259057044983,-0.023000897839665413,0.3251084089279175,0.5806769132614136,-0.033439382910728455,0.31344926357269287,0.5508137941360474,-0.04111022874712944,0.3701635003089905,0.6719532012939453,-0.021387754008173943,0.36623573303222656,0.6121774911880493,-0.034083686769008636,0.3565092086791992,0.5763277411460876,-0.04323384910821915,0.34457409381866455,0.5456901788711548,-0.04945444315671921,0.38857969641685486,0.6872553825378418,-0.031968407332897186,0.3996599018573761,0.6483149528503418,-0.04333263635635376,0.3995692729949951,0.6204960942268372,-0.048052214086055756,0.3936702013015747,0.596084713935852,-0.051261767745018005
0.40144696831703186,0.7983083128929138,1.7394920348579035e-07,0.3656599223613739,0.7970287799835205,-0.010153557173907757,0.3281960189342499,0.7739490866661072,-0.019052820280194283,0.2962873876094818,0.7630168795585632,-0.029159065335989,0.26843613386154175,0.7629286050796509,-0.03998195379972458,0.3400588631629944,0.6931591033935547,-0.00679517537355423,0.3087173104286194,0.6860513091087341,-0.02564435638487339,0.2843639552593231,0.692512035369873,-0.043494317680597305,0.2665260434150696,0.7003490924835205,-0.05475326627492905,0.35335806012153625,0.6721343994140625,-0.012981005012989044,0.339824914932251,0.6166335344314575,-0.024802690371870995,0.3255862295627594,0.5783635377883911,-0.035907141864299774,0.3138614594936371,0.5480666160583496,-0.04405893385410309,0.3704008460044861,0.6710136532783508,-0.02216685563325882,0.36805984377861023,0.6118382215499878,-0.03517431765794754,0.35816287994384766,0.5754043459892273,-0.044805437326431274,0.34595972299575806,0.5445057153701782,-0.05137128010392189,0.3884754478931427,0.6864200234413147,-0.032435592263936996,0.39973533153533936,0.6473271250724792,-0.04340656101703644,0.39954671263694763,0.6191138029098511,-0.047871895134449005,0.39361101388931274,0.5944647192955017,-0.05102438107132912
0.3990364074707031,0.7993026375770569,1.696703861853166e-07,0.3634495735168457,0.7982695698738098,-0.010001931339502335,0.32624366879463196,0.7738339900970459,-0.018561849370598793,0.29466819763183594,0.7616050839424133,-0.028266962617635727,0.26679328083992004,0.7617472410202026,-0.038673337548971176,0.33817771077156067,0.693923830986023,-0.006700555793941021,0.3070797026157379,0.6871739625930786,-0.025466937571763992,0.28219038248062134,0.6934407949447632,-0.043338432908058167,0.26378607749938965,0.7007787823677063,-0.05480939894914627,0.3510708212852478,0.6729979515075684,-0.013012767769396305,0.3371014893054962,0.6169081926345825,-0.025164615362882614,0.3227599263191223,0.5782282948493958,-0.03624497726559639,0.31101784110069275,0.5475274324417114,-0.04434080049395561,0.36783328652381897,0.6719586253166199,-0.022289952263236046,0.36535772681236267,0.6127138733863831,-0.03556833788752556,0.35508090257644653,0.5765954852104187,-0.044730886816978455,0.3421286642551422,0.5460295677185059,-0.05091533064842224,0.38584017753601074,0.6873830556869507,-0.03266998380422592,0.39678263664245605,0.6479930281639099,-0.043758194893598557,0.39621081948280334,0.619594156742096,-0.04787375032901764,0.3895568549633026,0.5948173999786377,-0.05078621953725815
0.4022872745990753,0.7953867316246033,1.6516170830982446e-07,0.3665708899497986,0.7933639287948608,-0.010722600854933262,0.33016374707221985,0.7691078186035156,-0.019856343045830727,0.29912269115448,0.7568938732147217,-0.030045079067349434,0.27064213156700134,0.7561601996421814,-0.04098890349268913,0.34097468852996826,0.6889477372169495,-0.007165995426476002,0.30987533926963806,0.6827718615531921,-0.02602447010576725,0.28497958183288574,0.6886125802993774,-0.043985508382320404,0.26610690355300903,0.6951735019683838,-0.05550670623779297,0.3543075919151306,0.6679056286811829,-0.013249197043478489,0.3402504026889801,0.6127563714981079,-0.025187155231833458,0.3261345624923706,0.5754178762435913,-0.03618539497256279,0.3141956925392151,0.5460616946220398,-0.04426734149456024,0.3713676929473877,0.666652500629425,-0.022374870255589485,0.36865490674972534,0.6075215339660645,-0.03572975471615791,0.3588295578956604,0.5714429020881653,-0.04528872296214104,0.3463258445262909,0.5413758158683777,-0.05177425965666771,0.3894811272621155,0.6823809146881104,-0.03263302892446518,0.4002453088760376,0.6434697508811951,-0.043723125010728836,0.3999183177947998,0.6150156259536743,-0.04806149750947952,0.3938475549221039,0.5904676914215088,-0.05114350467920303
0.4020640254020691,0.7920001745223999,1.6242012179645826e-07,0.36608850955963135,0.7895724177360535,-0.009745253250002861,0.3301768898963928,0.7653806209564209,-0.01842574030160904,0.2992425560951233,0.7533648610115051,-0.028383810073137283,0.27107834815979004,0.7518080472946167,-0.03910582512617111,0.3421572148799896,0.6860452890396118,-0.006513815373182297,0.31118786334991455,0.678681492805481,-0.025430601090192795,0.2864566445350647,0.683802604675293,-0.04325129836797714,0.2678893804550171,0.6901023387908936,-0.05450090020895004,0.3554088771343231,0.665571928024292,-0.012886205688118935,0.3415721654891968,0.6102479696273804,-0.024814775213599205,0.3270527124404907,0.5726688504219055,-0.03553614392876625,0.3146550953388214,0.5435377359390259,-0.04328271374106407,0.37216243147850037,0.6643863916397095,-0.022227345034480095,0.36906951665878296,0.6051533818244934,-0.035549454391002655,0.3595663011074066,0.5692359209060669,-0.04468892887234688,0.3473912179470062,0.5395302772521973,-0.05069626495242119,0.39009177684783936,0.679790198802948,-0.03261944279074669,0.4011259377002716,0.6399779319763184,-0.043600067496299744,0.40124228596687317,0.6115965843200684,-0.04766774922609329,0.39564818143844604,0.5874201655387878,-0.050392504781484604
0.40249964594841003,0.7925446033477783,1.5392491548027465e-07,0.3666309714317322,0.7902916669845581,-0.009873238392174244,0.3300849199295044,0.7662346363067627,-0.01841997541487217,0.2992641031742096,0.7541152834892273,-0.028154471889138222,0.27114561200141907,0.7535752058029175,-0.038692906498909,0.3419497311115265,0.6860705614089966,-0.006465267855674028,0.31093230843544006,0.6792904734611511,-0.025337137281894684,0.28625160455703735,0.685699462890625,-0.043475836515426636,0.2677489221096039,0.6932319402694702,-0.05498407781124115,0.35508036613464355,0.6653978228569031,-0.01267618965357542,0.3410746157169342,0.6105659604072571,-0.024512367323040962,0.3266511857509613,0.5733201503753662,-0.03570497781038284,0.3144010305404663,0.5441988706588745,-0.043932534754276276,0.371921569108963,0.664332389831543,-0.021827785298228264,0.36891135573387146,0.6059197187423706,-0.034765034914016724,0.3592906892299652,0.5702479481697083,-0.04415871948003769,0.34714117646217346,0.5405439734458923,-0.05054980888962746,0.38976091146469116,0.6799895167350769,-0.032064568251371384,0.4003165364265442,0.64127117395401,-0.042714789509773254,0.40013644099235535,0.6128896474838257,-0.046824317425489426,0.39448821544647217,0.5882835388183594,-0.049733322113752365
