x0,y0,z0,x1,y1,z1,x2,y2,z2,x3,y3,z3,x4,y4,z4,x5,y5,z5,x6,y6,z6,x7,y7,z7,x8,y8,z8,x9,y9,z9,x10,y10,z10,x11,y11,z11,x12,y12,z12,x13,y13,z13,x14,y14,z14,x15,y15,z15,x16,y16,z16,x17,y17,z17,x18,y18,z18,x19,y19,z19,x20,y20,z20
0.7184585332870483,0.6326190233230591,-2.988709866258432e-07,0.7016512155532837,0.5657491087913513,-0.01626318320631981,0.660897433757782,0.5121386051177979,-0.020456314086914062,0.6253576278686523,0.47624319791793823,-0.025045275688171387,0.617723286151886,0.4352778196334839,-0.02763720415532589,0.6134189367294312,0.5557501316070557,-0.0025862413458526134,0.5767416954040527,0.5748673677444458,-0.02477596141397953,0.6102287173271179,0.5852217674255371,-0.03638938069343567,0.6400358080863953,0.582401692867279,-0.03943571820855141,0.6153556108474731,0.5970966219902039,-0.0010401958134025335,0.5816553235054016,0.6178334951400757,-0.029396601021289825,0.624913215637207,0.618448793888092,-0.03674694895744324,0.6558170318603516,0.6078513860702515,-0.033199429512023926,0.6201087832450867,0.6327704191207886,-0.0036047601606696844,0.591897189617157,0.6533437371253967,-0.03085155412554741,0.6319721341133118,0.6458253860473633,-0.029260266572237015,0.6606035232543945,0.6308348774909973,-0.019073350355029106,0.6280109882354736,0.6653308868408203,-0.007589537184685469,0.6043406128883362,0.6802119612693787,-0.025378314778208733,0.6312459707260132,0.671448826789856,-0.024296151474118233,0.6526603102684021,0.6554902791976929,-0.01749323308467865
0.7168676257133484,0.6338118314743042,-3.0606386758336157e-07,0.699448823928833,0.5671948194503784,-0.016618886962532997,0.6582931280136108,0.5128434896469116,-0.02078765444457531,0.6213556528091431,0.4787060618400574,-0.025230133906006813,0.6111264228820801,0.43845295906066895,-0.02776203863322735,0.611687421798706,0.5557814836502075,-0.0022356382105499506,0.5749903917312622,0.5754522085189819,-0.024304697290062904,0.6079506874084473,0.586443305015564,-0.035976748913526535,0.6377249360084534,0.5835064649581909,-0.039117585867643356,0.6132803559303284,0.5971831679344177,-0.000514421088155359,0.579121470451355,0.6179701685905457,-0.029076963663101196,0.6225351691246033,0.6195687651634216,-0.03681030124425888,0.6541246771812439,0.6093714237213135,-0.033400870859622955,0.6177766919136047,0.6327298283576965,-0.0029098312370479107,0.5889689922332764,0.6536452770233154,-0.030925076454877853,0.6302049160003662,0.6472261548042297,-0.029418066143989563,0.6599479913711548,0.6324548125267029,-0.019006330519914627,0.6257025599479675,0.6651862859725952,-0.006684583146125078,0.6018263101577759,0.6794200539588928,-0.025433896109461784,0.6298155784606934,0.6722327470779419,-0.024370115250349045,0.6519379019737244,0.6573755741119385,-0.017286978662014008
0.7172420620918274,0.6319847106933594,-3.041977549855801e-07,0.6994085311889648,0.565420389175415,-0.01757257804274559,0.6577585935592651,0.5112454295158386,-0.022616343572735786,0.6212115287780762,0.47557246685028076,-0.027756046503782272,0.6089772582054138,0.43481963872909546,-0.03085557371377945,0.6103186011314392,0.5517998933792114,-0.004145483486354351,0.5746587514877319,0.5735215544700623,-0.027211667969822884,0.6087336540222168,0.5845640301704407,-0.03910786658525467,0.6381050944328308,0.5811825394630432,-0.04224643111228943,0.6116117238998413,0.5938644409179688,-0.002171973930671811,0.5792011618614197,0.615929901599884,-0.03155161440372467,0.6237339377403259,0.6171921491622925,-0.039036642760038376,0.6546400785446167,0.6068345308303833,-0.03541625663638115,0.6161085963249207,0.6301931738853455,-0.004385807551443577,0.5881873965263367,0.6520105004310608,-0.03308220952749252,0.6302354335784912,0.6456226110458374,-0.03092442825436592,0.6595045328140259,0.6308387517929077,-0.02002207189798355,0.6239551305770874,0.6629582643508911,-0.008042482659220695,0.6008791327476501,0.6781216263771057,-0.027122806757688522,0.6294545531272888,0.6710370182991028,-0.02567567676305771,0.6512175798416138,0.6560677886009216,-0.018176820129156113
0.7197322249412537,0.6324065327644348,-2.960764788895176e-07,0.701870322227478,0.5667069554328918,-0.018567584455013275,0.6590293049812317,0.5141668319702148,-0.02427664026618004,0.6220204830169678,0.4767850339412689,-0.029863525182008743,0.6082092523574829,0.4353051483631134,-0.033165983855724335,0.6110763549804688,0.5531497001647949,-0.005958226043730974,0.5755875110626221,0.5758832097053528,-0.028948340564966202,0.6105895042419434,0.5868410468101501,-0.0402354970574379,0.6406377553939819,0.5833065509796143,-0.04283452779054642,0.6123558878898621,0.5955997109413147,-0.0034773393999785185,0.5808955430984497,0.618308961391449,-0.033075686544179916,0.6259016394615173,0.6199056506156921,-0.04020234942436218,0.6570833921432495,0.6094867587089539,-0.036203403025865555,0.6171002984046936,0.6324487924575806,-0.005199197214096785,0.5899903178215027,0.6541928052902222,-0.033722855150699615,0.6315686702728271,0.6479238271713257,-0.031548868864774704,0.660935640335083,0.6323451399803162,-0.020615780726075172,0.6252156496047974,0.6649982333183289,-0.008443855680525303,0.6029337048530579,0.6803930997848511,-0.02720341458916664,0.6303128004074097,0.6732264161109924,-0.0260443314909935,0.6516792178153992,0.6572623252868652,-0.01874917559325695
0.7124987244606018,0.6343569755554199,-2.9899842957092915e-07,0.6931982040405273,0.5687856674194336,-0.017172249034047127,0.6507346630096436,0.5162650942802429,-0.02208380214869976,0.6136219501495361,0.4804060459136963,-0.027232680469751358,0.5986315011978149,0.44048506021499634,-0.030335018411278725,0.6051174402236938,0.5583072900772095,-0.0033741029910743237,0.5697352290153503,0.5792130827903748,-0.025791119784116745,0.6035871505737305,0.5892750024795532,-0.03740156441926956,0.6332488656044006,0.5856949090957642,-0.0403236486017704,0.6066420078277588,0.5996254682540894,-0.0014090422773733735,0.5744065642356873,0.6210331320762634,-0.030186738818883896,0.618320643901825,0.6222853660583496,-0.037751056253910065,0.6496477127075195,0.6119075417518616,-0.0341934971511364,0.6113210916519165,0.6355039477348328,-0.003599894233047962,0.5831661224365234,0.6564067006111145,-0.031211573630571365,0.6239943504333496,0.6501203775405884,-0.02931087836623192,0.6533848643302917,0.6347174644470215,-0.018745215609669685,0.6192433834075928,0.6673192381858826,-0.007256315555423498,0.5962923765182495,0.6824904680252075,-0.025378456339240074,0.6228739023208618,0.6750569939613342,-0.024171702563762665,0.6439788341522217,0.6591919660568237,-0.017005132511258125
0.7107135653495789,0.6346268653869629,-2.876721509892377e-07,0.6925830841064453,0.5699499249458313,-0.01864159293472767,0.6486201286315918,0.5168258547782898,-0.023971568793058395,0.6102613210678101,0.4804985523223877,-0.029162801802158356,0.5953672528266907,0.4395068883895874,-0.03219518065452576,0.6019552946090698,0.5573341250419617,-0.004586332011967897,0.5673073530197144,0.5793356895446777,-0.02745235525071621,0.6014857292175293,0.5897787809371948,-0.038876309990882874,0.6309168338775635,0.5853895545005798,-0.0414925143122673,0.6034558415412903,0.5988328456878662,-0.0020340431947261095,0.5722799301147461,0.6209280490875244,-0.03154212608933449,0.6163030862808228,0.6222041249275208,-0.039088912308216095,0.6472520232200623,0.6116096377372742,-0.0352243036031723,0.6080688238143921,0.6347587704658508,-0.0038249650970101357,0.581693708896637,0.6564108729362488,-0.03230923041701317,0.6224364042282104,0.6497226357460022,-0.030953096225857735,0.6514397263526917,0.6342141628265381,-0.020417090505361557,0.6155752539634705,0.6669425964355469,-0.007137823384255171,0.5930729508399963,0.6821532249450684,-0.02561771683394909,0.6196516752243042,0.6747106313705444,-0.024822447448968887,0.6407227516174316,0.6586230993270874,-0.017782803624868393
0.7104315757751465,0.6414923071861267,-2.976588859837648e-07,0.6913660764694214,0.5758944153785706,-0.01815408654510975,0.6478291153907776,0.5231024026870728,-0.02347869612276554,0.6097206473350525,0.487687885761261,-0.02870936132967472,0.5939508080482483,0.4472538232803345,-0.031972724944353104,0.6028571724891663,0.5654146671295166,-0.004503084346652031,0.5680536031723022,0.5887606143951416,-0.027095485478639603,0.6023663878440857,0.5983456969261169,-0.038867708295583725,0.6320045590400696,0.5939511060714722,-0.04185646027326584,0.6049168705940247,0.6062031388282776,-0.001999160274863243,0.5734949111938477,0.6307247281074524,-0.030507834628224373,0.616611123085022,0.6304582953453064,-0.03810793533921242,0.6474430561065674,0.6192437410354614,-0.03485262021422386,0.6096896529197693,0.6412141919136047,-0.003726648399606347,0.5831030011177063,0.6644600033760071,-0.03122742660343647,0.6233340501785278,0.6574498414993286,-0.029506977647542953,0.6521876454353333,0.6424610018730164,-0.019254911690950394,0.6171254515647888,0.6727051734924316,-0.006975231226533651,0.5940830111503601,0.6893306374549866,-0.025026101619005203,0.621454656124115,0.6826452016830444,-0.02367471717298031,0.6431453824043274,0.667923629283905,-0.01648985594511032
0.7075989246368408,0.6422945857048035,-3.0546399898412346e-07,0.6886746287345886,0.5777620077133179,-0.017922818660736084,0.6444377899169922,0.5253629684448242,-0.023020999506115913,0.6068165302276611,0.48928990960121155,-0.028011871501803398,0.5917855501174927,0.44929081201553345,-0.03098384477198124,0.5996734499931335,0.5653775334358215,-0.005949444603174925,0.5650501251220703,0.5894432067871094,-0.028088822960853577,0.599594235420227,0.6005285382270813,-0.038938798010349274,0.629099428653717,0.5964227914810181,-0.04136231914162636,0.6014751195907593,0.607155442237854,-0.0034569259732961655,0.5708183646202087,0.6312133073806763,-0.03230893611907959,0.6149444580078125,0.6320974826812744,-0.03932417929172516,0.6459217071533203,0.6215267777442932,-0.0354943722486496,0.6062626242637634,0.6431365013122559,-0.0050146738067269325,0.5792065858840942,0.6660738587379456,-0.03276826813817024,0.6201168298721313,0.6591755747795105,-0.03094235248863697,0.6494426727294922,0.6435428857803345,-0.02049325965344906,0.6136465668678284,0.6750507354736328,-0.00802191998809576,0.5907993316650391,0.6909008622169495,-0.026248544454574585,0.616722583770752,0.6845012903213501,-0.025318559259176254,0.6371994614601135,0.6694097518920898,-0.01839406229555607
0.7073671817779541,0.6381146907806396,-2.796909939206671e-07,0.6880874037742615,0.5752193927764893,-0.018120579421520233,0.6437224745750427,0.5230433344841003,-0.0238684993237257,0.6065362095832825,0.48666951060295105,-0.02955196611583233,0.5917556285858154,0.4457162618637085,-0.03324643149971962,0.5990773439407349,0.5659059882164001,-0.0056009902618825436,0.5662977695465088,0.5880987644195557,-0.02882024459540844,0.6007125377655029,0.5966804027557373,-0.04127640649676323,0.6307913064956665,0.5922256112098694,-0.04463730752468109,0.6013659834861755,0.606934666633606,-0.003301269141957164,0.5711567401885986,0.6286188364028931,-0.03245494142174721,0.6147915124893188,0.6283125281333923,-0.04036163538694382,0.6464674472808838,0.6184027194976807,-0.037153493613004684,0.6069560647010803,0.6419476866722107,-0.005148882046341896,0.5803666710853577,0.6633990406990051,-0.032580066472291946,0.6205176115036011,0.6557567119598389,-0.03090289607644081,0.6502113938331604,0.6408016085624695,-0.02064349129796028,0.6152346730232239,0.672717273235321,-0.008550425060093403,0.5930408239364624,0.6887050271034241,-0.026241060346364975,0.618614137172699,0.6807623505592346,-0.02507641538977623,0.6395338773727417,0.6651477217674255,-0.018060386180877686
0.7088474035263062,0.6385246515274048,-2.8327852419351984e-07,0.6892962455749512,0.5752465128898621,-0.01898372359573841,0.6446030735969543,0.5226456522941589,-0.0245589017868042,0.6070974469184875,0.48568710684776306,-0.029940521344542503,0.5920761227607727,0.44505590200424194,-0.0332082137465477,0.6014004945755005,0.5652754306793213,-0.004577546380460262,0.5670228004455566,0.5884249806404114,-0.027996519580483437,0.6011889576911926,0.5976933836936951,-0.04047578573226929,0.6309036612510681,0.5923704504966736,-0.0437791533768177,0.6035005450248718,0.6056861877441406,-0.0018050827784463763,0.5722728371620178,0.6287384629249573,-0.03125967085361481,0.6154054999351501,0.6291589736938477,-0.03922506421804428,0.6464806199073792,0.6182152032852173,-0.03587331250309944,0.6084741353988647,0.640330970287323,-0.00348737183958292,0.5818530917167664,0.6627840995788574,-0.03160007297992706,0.6215499043464661,0.6559107303619385,-0.030276957899332047,0.6506397724151611,0.6403788924217224,-0.019971316680312157,0.6159822344779968,0.6709728240966797,-0.006808351259678602,0.593822181224823,0.6867721676826477,-0.025066278874874115,0.6199696063995361,0.6803123950958252,-0.024236826226115227,0.6412325501441956,0.6652310490608215,-0.017306337133049965
0.7096903324127197,0.6404262185096741,-2.937570684480306e-07,0.6908292770385742,0.5779012441635132,-0.019456932321190834,0.647225022315979,0.5254067182540894,-0.02539975382387638,0.6089149117469788,0.4902670681476593,-0.030940359458327293,0.5930739045143127,0.44967445731163025,-0.034221429377794266,0.6038617491722107,0.5673297643661499,-0.006824823562055826,0.5683696269989014,0.5913423299789429,-0.03047572448849678,0.6028518080711365,0.6008153557777405,-0.042125292122364044,0.6317468881607056,0.5948674082756042,-0.04482697695493698,0.6061037182807922,0.6080116629600525,-0.003903464414179325,0.5739532709121704,0.6312955617904663,-0.03394780680537224,0.6179681420326233,0.631787121295929,-0.04114396870136261,0.6482813358306885,0.6204143762588501,-0.03718356788158417,0.6110816597938538,0.6427305936813354,-0.005368898622691631,0.5834078192710876,0.665713369846344,-0.03433191031217575,0.6241999268531799,0.6587587594985962,-0.03234273940324783,0.6531804203987122,0.6425478458404541,-0.021419769152998924,0.6183905601501465,0.6735003590583801,-0.008429364301264286,0.5952560901641846,0.6897711753845215,-0.027069713920354843,0.6208833456039429,0.6832497119903564,-0.026075107976794243,0.6413347721099854,0.6678609848022461,-0.019013259559869766
0.7099310755729675,0.6406578421592712,-2.890868699978455e-07,0.691016674041748,0.5782247185707092,-0.01916956901550293,0.6472974419593811,0.5266596674919128,-0.024901004508137703,0.6093106269836426,0.49138808250427246,-0.030266910791397095,0.5933358669281006,0.45135414600372314,-0.03347276151180267,0.6048091650009155,0.5696933269500732,-0.005954424384981394,0.570451021194458,0.5927183628082275,-0.029196996241807938,0.6047750115394592,0.6018435955047607,-0.04098278284072876,0.6336482763290405,0.5961515307426453,-0.043808404356241226,0.6070786714553833,0.6095733046531677,-0.002988919848576188,0.5755585432052612,0.6321083307266235,-0.03234919160604477,0.6186824440956116,0.6325411200523376,-0.03973209112882614,0.6489524245262146,0.6210668683052063,-0.03597528114914894,0.612003743648529,0.6437798738479614,-0.004382471553981304,0.5857452750205994,0.6660133004188538,-0.03268781676888466,0.6254072785377502,0.6592325568199158,-0.03117358312010765,0.6537859439849854,0.6429725289344788,-0.020644545555114746,0.6192343235015869,0.6738132238388062,-0.00735124759376049,0.5971661806106567,0.6896596550941467,-0.025569329038262367,0.6229246258735657,0.6829124689102173,-0.02468268759548664,0.6436654925346375,0.6673026084899902,-0.017754066735506058
0.7110142707824707,0.6438391804695129,-2.846448126092582e-07,0.6920279860496521,0.5812846422195435,-0.019711652770638466,0.6476903557777405,0.5301429033279419,-0.025762086734175682,0.6094810962677002,0.49373409152030945,-0.03131169080734253,0.592898964881897,0.45343315601348877,-0.03473205491900444,0.6050921082496643,0.5722874402999878,-0.006287632510066032,0.5705710649490356,0.5958073735237122,-0.029908645898103714,0.6047084927558899,0.6050039529800415,-0.042161859571933746,0.6334413290023804,0.5995066165924072,-0.04536624252796173,0.6075339317321777,0.6120566725730896,-0.003169398522004485,0.5762730240821838,0.6363914012908936,-0.03277517855167389,0.619634211063385,0.6359889507293701,-0.040234483778476715,0.6495360732078552,0.6238344311714172,-0.03665926679968834,0.6125723719596863,0.6462567448616028,-0.004532503429800272,0.5866382718086243,0.6693868637084961,-0.033288516104221344,0.6267671585083008,0.6615825295448303,-0.031581223011016846,0.6549367904663086,0.645277738571167,-0.020953860133886337,0.6197441816329956,0.6765729188919067,-0.007509284187108278,0.5975572466850281,0.6929283738136292,-0.026215385645627975,0.6243074536323547,0.6860898733139038,-0.02512930892407894,0.6451759934425354,0.6707627177238464,-0.01800885796546936
0.7127828001976013,0.6431683897972107,-2.8515495387182455e-07,0.6929378509521484,0.5805608034133911,-0.01951177790760994,0.6488274931907654,0.5291674137115479,-0.02564891427755356,0.611441969871521,0.49176567792892456,-0.031372521072626114,0.5953534245491028,0.45078179240226746,-0.034900177270174026,0.6067370176315308,0.570067286491394,-0.005493378732353449,0.5728537440299988,0.5951309204101562,-0.0292887594550848,0.6076024770736694,0.6046245694160461,-0.04180067032575607,0.6362879276275635,0.5985496640205383,-0.04504191502928734,0.6092213988304138,0.6101060509681702,-0.002360655926167965,0.5790370106697083,0.6351057887077332,-0.031748294830322266,0.6220539808273315,0.6347836256027222,-0.03929665684700012,0.6512975096702576,0.62229984998703,-0.03578793257474899,0.6141232252120972,0.6444257497787476,-0.003746144939213991,0.58915114402771,0.6676650047302246,-0.03222586587071419,0.6288203001022339,0.6601770520210266,-0.03074553608894348,0.6564014554023743,0.6436796188354492,-0.02027340792119503,0.6210694313049316,0.6744822263717651,-0.006742724217474461,0.5994554758071899,0.6907348036766052,-0.025040175765752792,0.6261695623397827,0.6842597126960754,-0.02394300512969494,0.646996796131134,0.6690048575401306,-0.01677541621029377
0.7146536707878113,0.6404704451560974,-2.874898541449511e-07,0.695705235004425,0.5780101418495178,-0.019298404455184937,0.6511048078536987,0.5257843732833862,-0.02501721866428852,0.6129328012466431,0.489795058965683,-0.030224887654185295,0.596786618232727,0.44965633749961853,-0.033270757645368576,0.6087725758552551,0.5674009919166565,-0.00638354429975152,0.5747740268707275,0.5917223691940308,-0.029338857159018517,0.6096140742301941,0.6013278961181641,-0.040961556136608124,0.6385698914527893,0.5958641171455383,-0.043808840215206146,0.6108978986740112,0.6077796220779419,-0.0032476678024977446,0.5801301002502441,0.6320095658302307,-0.03276586905121803,0.62381511926651,0.6320458650588989,-0.040170103311538696,0.6540603041648865,0.6202813386917114,-0.036445021629333496,0.6157129406929016,0.6423378586769104,-0.004403842147439718,0.5903088450431824,0.665541410446167,-0.03299432247877121,0.6305093765258789,0.6583667397499084,-0.03139347583055496,0.6589822173118591,0.6420899629592896,-0.02080334536731243,0.6229709386825562,0.6723836660385132,-0.007105125579982996,0.6015633940696716,0.6884059906005859,-0.025712542235851288,0.6284076571464539,0.6817429661750793,-0.02484932169318199,0.6493741273880005,0.6659896969795227,-0.01786094158887863
0.717597246170044,0.6382865309715271,-2.871708204565948e-07,0.6985561847686768,0.5762227177619934,-0.01967470720410347,0.6535803079605103,0.5250887870788574,-0.025734102353453636,0.6153099536895752,0.4876422882080078,-0.0312647819519043,0.5990349650382996,0.44637784361839294,-0.03456519916653633,0.6111212372779846,0.5653476715087891,-0.006517959758639336,0.57691890001297,0.5905736088752747,-0.029920222237706184,0.6114808320999146,0.5999431610107422,-0.04177519679069519,0.640235185623169,0.5938384532928467,-0.0446748286485672,0.6133944392204285,0.6058101058006287,-0.003274553222581744,0.5827661752700806,0.6307652592658997,-0.0326731875538826,0.6264097094535828,0.6304222345352173,-0.039727095514535904,0.6560248732566833,0.6180469989776611,-0.03579599782824516,0.6183838844299316,0.6407997012138367,-0.004471275489777327,0.592601478099823,0.6638756394386292,-0.0330096110701561,0.6325279474258423,0.6565377116203308,-0.03120867721736431,0.660256028175354,0.6401246786117554,-0.02050884999334812,0.6257014870643616,0.6714220643043518,-0.0072724181227386,0.6038631796836853,0.6868493556976318,-0.02575772814452648,0.6304705739021301,0.6798462271690369,-0.024750858545303345,0.6510369777679443,0.6641852855682373,-0.01766585372388363
0.7184438109397888,0.636668860912323,-2.9332230155887373e-07,0.6987056136131287,0.5749489068984985,-0.0195764172822237,0.6540975570678711,0.5235385298728943,-0.02580852247774601,0.6157901287078857,0.48693808913230896,-0.031477928161621094,0.5986841917037964,0.4467005729675293,-0.034973155707120895,0.611097514629364,0.5640977025032043,-0.007079404313117266,0.5769039392471313,0.5890039205551147,-0.030857451260089874,0.6117560267448425,0.598283052444458,-0.04295121878385544,0.6406946182250977,0.5925194025039673,-0.04591015353798866,0.6136397123336792,0.6043894290924072,-0.00397942028939724,0.5822980999946594,0.6291005611419678,-0.03362860158085823,0.6260047554969788,0.6291278600692749,-0.04087890684604645,0.656112015247345,0.6173949241638184,-0.03706008940935135,0.6187791228294373,0.6391922831535339,-0.005242747720330954,0.5925329327583313,0.6626427173614502,-0.0340605191886425,0.6329996585845947,0.6551890969276428,-0.03226771205663681,0.6612328290939331,0.6388307809829712,-0.021505355834960938,0.6262239813804626,0.6698706150054932,-0.00804656371474266,0.6040683388710022,0.6861759424209595,-0.026852689683437347,0.6310401558876038,0.6792541742324829,-0.025751842185854912,0.6519600749015808,0.6636556386947632,-0.018507083877921104
0.7183008790016174,0.6343103647232056,-2.826002116762538e-07,0.6984314322471619,0.572260320186615,-0.01952439174056053,0.6532360315322876,0.5220019221305847,-0.02550915814936161,0.6154460906982422,0.48462748527526855,-0.03096262738108635,0.5987042784690857,0.44437170028686523,-0.034276191145181656,0.6112182140350342,0.5621459484100342,-0.0062645431607961655,0.5783300995826721,0.5876515507698059,-0.02959624119102955,0.6130266189575195,0.5970471501350403,-0.04184841737151146,0.6420013904571533,0.5913239121437073,-0.04501412436366081,0.6138437986373901,0.6023946404457092,-0.0029786014929413795,0.5836119651794434,0.6275226473808289,-0.03225340321660042,0.6269631385803223,0.6274363994598389,-0.03975663706660271,0.6570748686790466,0.615723729133606,-0.036174263805150986,0.6192377209663391,0.6373586654663086,-0.004062958527356386,0.5942358374595642,0.660436749458313,-0.032556161284446716,0.6338587403297424,0.653113842010498,-0.03117774799466133,0.6618992686271667,0.6369313597679138,-0.020715853199362755,0.6268908381462097,0.6676744818687439,-0.006707901135087013,0.6055497527122498,0.6829925775527954,-0.02515951730310917,0.6319187879562378,0.6764469146728516,-0.024221837520599365,0.6526897549629211,0.6613896489143372,-0.017158739268779755
0.7204198837280273,0.638886034488678,-2.8635494686568563e-07,0.7003142237663269,0.577163815498352,-0.01958986558020115,0.6548092365264893,0.5255701541900635,-0.025469915941357613,0.6165218949317932,0.48943033814430237,-0.0307474248111248,0.5997142791748047,0.45004966855049133,-0.03390306606888771,0.6138971447944641,0.5690429210662842,-0.006301184184849262,0.5808362364768982,0.5928061604499817,-0.029589219018816948,0.6157007217407227,0.6017171740531921,-0.041840627789497375,0.6443729400634766,0.5960329174995422,-0.04506034404039383,0.6166636943817139,0.6086668968200684,-0.003007155144587159,0.5866146683692932,0.632783055305481,-0.031830329447984695,0.6297519207000732,0.6325706243515015,-0.03924848139286041,0.6594520807266235,0.6206992268562317,-0.035845059901475906,0.6220264434814453,0.6422880291938782,-0.004103768151253462,0.5974493622779846,0.6653878092765808,-0.03225783631205559,0.6369577646255493,0.6579164266586304,-0.030895916745066643,0.6648948192596436,0.6418427228927612,-0.02066132239997387,0.6294243335723877,0.6715033054351807,-0.0067756399512290955,0.6086111068725586,0.6873985528945923,-0.025163916870951653,0.6351220011711121,0.6803922653198242,-0.0242642629891634,0.6560825109481812,0.6649985313415527,-0.017320986837148666
0.7213130593299866,0.6421723961830139,-2.8852855393779464e-07,0.7004091739654541,0.5810233950614929,-0.01894855685532093,0.6547685861587524,0.5317458510398865,-0.024684607982635498,0.6170157790184021,0.4951915144920349,-0.029996128752827644,0.5998833775520325,0.45615407824516296,-0.03314834460616112,0.6139684319496155,0.5727682709693909,-0.005612976383417845,0.5815231204032898,0.5986739993095398,-0.029171107336878777,0.6166096925735474,0.6075549125671387,-0.041497472673654556,0.6454092860221863,0.60158371925354,-0.04454681649804115,0.6172724962234497,0.6125997304916382,-0.002602402586489916,0.587418258190155,0.6381640434265137,-0.03166598081588745,0.6306859254837036,0.6371838450431824,-0.038918979465961456,0.660112202167511,0.6247633695602417,-0.035188350826501846,0.6231831908226013,0.6470749378204346,-0.003982966765761375,0.5982431769371033,0.6706908941268921,-0.03222371265292168,0.6375939249992371,0.6624696254730225,-0.03054935857653618,0.6649643182754517,0.6457447409629822,-0.019945058971643448,0.6311169266700745,0.6770178079605103,-0.00688772602006793,0.6091225147247314,0.6934332251548767,-0.024976057931780815,0.6349299550056458,0.6858294010162354,-0.02369758114218712,0.6552196145057678,0.6699501872062683,-0.01641985960304737
0.7192191481590271,0.6399542093276978,-2.895264117341867e-07,0.6992179751396179,0.5796908736228943,-0.019955607131123543,0.6540223360061646,0.5302556157112122,-0.02618599310517311,0.6155861616134644,0.49400293827056885,-0.0317569300532341,0.5976979732513428,0.45459067821502686,-0.03505849093198776,0.6125231981277466,0.572135329246521,-0.006403397303074598,0.5796346068382263,0.596383273601532,-0.030079562216997147,0.614138662815094,0.6049375534057617,-0.04250633344054222,0.6430922150611877,0.5990762114524841,-0.045593056827783585,0.615828812122345,0.6118217706680298,-0.0029033012688159943,0.5851614475250244,0.6360966563224792,-0.03251637518405914,0.6289100646972656,0.636196494102478,-0.04004397988319397,0.6592893600463867,0.6243482828140259,-0.03620258718729019,0.621757984161377,0.6459682583808899,-0.003850172273814678,0.5969183444976807,0.6688674092292786,-0.03249840810894966,0.6363909840583801,0.6619850397109985,-0.031028851866722107,0.6643067598342896,0.6453412771224976,-0.020296934992074966,0.6297153234481812,0.6748760938644409,-0.006394033320248127,0.6081010103225708,0.6903966069221497,-0.024482520297169685,0.633558452129364,0.6838968992233276,-0.023315925151109695,0.6537242531776428,0.6684609651565552,-0.016087476164102554
0.7159091234207153,0.6447569131851196,-2.808064891723916e-07,0.6952233910560608,0.5837210416793823,-0.019562559202313423,0.6492102146148682,0.5346218347549438,-0.025609580799937248,0.6101893782615662,0.499317467212677,-0.031096551567316055,0.5918707847595215,0.46005624532699585,-0.034466903656721115,0.607942521572113,0.5768383741378784,-0.005713531281799078,0.5760877728462219,0.6012617945671082,-0.02958839014172554,0.6110397577285767,0.6101715564727783,-0.04240916669368744,0.6394858360290527,0.6044175624847412,-0.04586828500032425,0.6113287210464478,0.6162838935852051,-0.0024998977314680815,0.5827557444572449,0.6410618424415588,-0.03164688125252724,0.6258269548416138,0.6400036215782166,-0.03912867605686188,0.6548444032669067,0.6275621056556702,-0.03566975146532059,0.6170728206634521,0.6501806378364563,-0.00380734377540648,0.5939697623252869,0.6733363270759583,-0.03229264169931412,0.6337526440620422,0.6647094488143921,-0.030816232785582542,0.6609793901443481,0.648043155670166,-0.020403601229190826,0.6246140599250793,0.6794956922531128,-0.006687120068818331,0.6047377586364746,0.6959606409072876,-0.025075456127524376,0.6315690875053406,0.6880555152893066,-0.023954061791300774,0.651839017868042,0.6721388101577759,-0.016781143844127655
0.7148681879043579,0.6435586214065552,-2.798809646264999e-07,0.694199800491333,0.5836143493652344,-0.019457543268799782,0.648151159286499,0.5344979763031006,-0.025261085480451584,0.6101322174072266,0.49853062629699707,-0.03051120787858963,0.592421293258667,0.460310161113739,-0.033623527735471725,0.60788494348526,0.575444757938385,-0.005809304770082235,0.5760586857795715,0.6005162000656128,-0.02890070714056492,0.6107020974159241,0.6093615889549255,-0.041248731315135956,0.6394485235214233,0.6035551428794861,-0.0444173701107502,0.6110244393348694,0.6151778697967529,-0.002456994727253914,0.5817038416862488,0.6397143006324768,-0.031179703772068024,0.6247316002845764,0.6393850445747375,-0.038729228079319,0.6546352505683899,0.6276049017906189,-0.03521070256829262,0.6169326901435852,0.649570107460022,-0.003478577360510826,0.5928330421447754,0.6727055907249451,-0.031302690505981445,0.6316836476325989,0.6653409004211426,-0.03012353740632534,0.6592764854431152,0.6490339636802673,-0.019906174391508102,0.6248189210891724,0.6790615320205688,-0.006067675072699785,0.6038326621055603,0.6944043636322021,-0.02386503666639328,0.6292211413383484,0.6879063844680786,-0.02284163422882557,0.6495917439460754,0.6730483770370483,-0.01580915041267872
0.2951355278491974,0.7638278007507324,-1.93044542129428e-07,0.31470710039138794,0.7175994515419006,-0.004045319743454456,0.3482142686843872,0.6736002564430237,-0.011443689465522766,0.37462276220321655,0.6403717994689941,-0.01875520497560501,0.37880373001098633,0.6065529584884644,-0.023985108360648155,0.3705853819847107,0.6776126623153687,-0.01772664301097393,0.4183182418346405,0.7083656787872314,-0.029682081192731857,0.4027270972728729,0.7203879952430725,-0.03429587930440903,0.3848629593849182,0.7146609425544739,-0.03626742213964462,0.3709600865840912,0.7114729285240173,-0.02256309986114502,0.41750362515449524,0.7403749823570251,-0.029423493891954422,0.40022557973861694,0.748161792755127,-0.026803942397236824,0.382817804813385,0.7393398284912109,-0.02584189735352993,0.3695291578769684,0.7475886344909668,-0.027532078325748444,0.4128219187259674,0.7710661888122559,-0.03211017698049545,0.3963172137737274,0.7760778665542603,-0.02241995558142662,0.379917174577713,0.768966794013977,-0.016951153054833412,0.36675992608070374,0.7828261256217957,-0.0328480526804924,0.4023318290710449,0.7953911423683167,-0.03336835652589798,0.3872697353363037,0.7984261512756348,-0.0238739512860775,0.3720588684082031,0.793082594871521,-0.01762811653316021
0.2874552607536316,0.7467547059059143,-1.7715629496706242e-07,0.3052859604358673,0.7002158164978027,-0.0038316110149025917,0.33593541383743286,0.6534761190414429,-0.010214310139417648,0.36022886633872986,0.6175616383552551,-0.016568318009376526,0.36110761761665344,0.5846413373947144,-0.020673111081123352,0.3547058701515198,0.6531116366386414,-0.01505186129361391,0.404276579618454,0.6789660453796387,-0.02752544917166233,0.3903372287750244,0.6902080774307251,-0.032572466880083084,0.37228819727897644,0.6865740418434143,-0.03448229283094406,0.35704585909843445,0.6856807470321655,-0.01940195821225643,0.40455353260040283,0.7106311321258545,-0.026351826265454292,0.3892342746257782,0.7189104557037354,-0.02400030940771103,0.37321457266807556,0.7131181359291077,-0.02304094471037388,0.3586975336074829,0.7206031084060669,-0.024221614003181458,0.40292611718177795,0.7415130734443665,-0.028812723234295845,0.38794925808906555,0.7463597059249878,-0.02036924660205841,0.3720948100090027,0.7405379414558411,-0.015506007708609104,0.35933783650398254,0.7547621130943298,-0.02945306897163391,0.39454543590545654,0.7664225697517395,-0.02991468645632267,0.3806633949279785,0.7694427371025085,-0.02192912995815277,0.3661247491836548,0.7638550996780396,-0.016702426597476006
0.2857491075992584,0.7464171648025513,-1.8909067023287207e-07,0.3039567470550537,0.7002983689308167,-0.0032717110589146614,0.33592432737350464,0.6532014608383179,-0.009966464713215828,0.36006811261177063,0.6165910363197327,-0.016701148822903633,0.3617057800292969,0.5822498202323914,-0.02129359543323517,0.3550501763820648,0.654146671295166,-0.01602061465382576,0.40596073865890503,0.6824117302894592,-0.028443578630685806,0.3906167149543762,0.6951609253883362,-0.033163152635097504,0.3725959360599518,0.6901622414588928,-0.034990306943655014,0.3565519154071808,0.686971127986908,-0.020665686577558517,0.40642857551574707,0.7128065824508667,-0.027530662715435028,0.3896787762641907,0.7213101387023926,-0.024787120521068573,0.37250345945358276,0.7129676938056946,-0.023696796968579292,0.3573872745037079,0.7221823334693909,-0.025556867942214012,0.40275245904922485,0.7438234686851501,-0.029807059094309807,0.3866273760795593,0.7493466138839722,-0.020484233275055885,0.37053152918815613,0.7417312860488892,-0.015345670282840729,0.3573324680328369,0.7564699053764343,-0.03074542246758938,0.39321839809417725,0.7685606479644775,-0.030439654365181923,0.37880781292915344,0.772942304611206,-0.02134593576192856,0.36431580781936646,0.7678622603416443,-0.015632933005690575
0.2863824963569641,0.7492021322250366,-1.8496332643280766e-07,0.3043058514595032,0.7023410797119141,-0.0041479370556771755,0.336437463760376,0.6553748846054077,-0.011208162643015385,0.3621044158935547,0.6192840337753296,-0.018141012638807297,0.36482977867126465,0.5848029851913452,-0.02286694012582302,0.3560066819190979,0.6564815044403076,-0.017238575965166092,0.40670472383499146,0.6846570372581482,-0.029445739462971687,0.3917553424835205,0.6983144879341125,-0.03380207344889641,0.37359288334846497,0.6938049793243408,-0.03546728193759918,0.3578980565071106,0.6901296377182007,-0.021733876317739487,0.4074361324310303,0.7162045240402222,-0.028849685564637184,0.39068201184272766,0.7251801490783691,-0.02617843821644783,0.37288761138916016,0.716978132724762,-0.02510405145585537,0.3584384024143219,0.7258941531181335,-0.02649400383234024,0.4036184847354889,0.7474045157432556,-0.031178046017885208,0.38749879598617554,0.7531529068946838,-0.021974964067339897,0.3710346817970276,0.7458210587501526,-0.016837103292346,0.35770201683044434,0.7604965567588806,-0.031593360006809235,0.3939376473426819,0.7724742889404297,-0.032056018710136414,0.37956565618515015,0.7769060134887695,-0.023175878450274467,0.36460253596305847,0.772092342376709,-0.017467796802520752
0.2881508767604828,0.7522925734519958,-1.8904223964000266e-07,0.3079032599925995,0.7057073712348938,-0.004452806431800127,0.3424265682697296,0.6611196398735046,-0.01151366624981165,0.3694877028465271,0.627424955368042,-0.01859729364514351,0.37407007813453674,0.5930295586585999,-0.023500043898820877,0.362874835729599,0.6642948985099792,-0.016026481986045837,0.41132164001464844,0.6969299912452698,-0.028922516852617264,0.39522862434387207,0.7091614603996277,-0.03421895578503609,0.3774198591709137,0.7029884457588196,-0.03653286397457123,0.36290624737739563,0.6974285840988159,-0.020717820152640343,0.4101336598396301,0.7282388806343079,-0.028218751773238182,0.3925669193267822,0.7355548143386841,-0.02611672692000866,0.37556543946266174,0.7257829904556274,-0.025468310341238976,0.36147844791412354,0.7329257130622864,-0.025896355509757996,0.4045087397098541,0.7589080333709717,-0.031140612438321114,0.38767391443252563,0.7632747292518616,-0.022196367383003235,0.37183189392089844,0.7546281218528748,-0.01715247891843319,0.35878437757492065,0.767774760723114,-0.031499579548835754,0.3941890597343445,0.7831726670265198,-0.032275065779685974,0.3789488673210144,0.7862117290496826,-0.023371772840619087,0.36397433280944824,0.7799310088157654,-0.017598338425159454
0.28610020875930786,0.7545059323310852,-1.8709823734752717e-07,0.30871114134788513,0.708905816078186,-0.004513594787567854,0.34531861543655396,0.6655251979827881,-0.01129908673465252,0.3744085729122162,0.6324515342712402,-0.018195800483226776,0.38058122992515564,0.5976803302764893,-0.02285050041973591,0.36567288637161255,0.6671550273895264,-0.014159188605844975,0.4132300317287445,0.7037414312362671,-0.02728036418557167,0.3968879282474518,0.7157335877418518,-0.033216845244169235,0.3787449896335602,0.7094066143035889,-0.03596554696559906,0.3651367127895355,0.6997175812721252,-0.018802709877490997,0.4112197160720825,0.7354884147644043,-0.026567261666059494,0.3937862515449524,0.7428358793258667,-0.025180364027619362,0.37707147002220154,0.7324204444885254,-0.025003651157021523,0.3629501163959503,0.7348805069923401,-0.024116285145282745,0.40590158104896545,0.7657136917114258,-0.02948612906038761,0.38951972126960754,0.7699811458587646,-0.021148672327399254,0.37391164898872375,0.7603279948234558,-0.016421770676970482,0.35935306549072266,0.769568681716919,-0.029893793165683746,0.3945922553539276,0.7888665199279785,-0.030417047441005707,0.37983813881874084,0.7914073467254639,-0.021837973967194557,0.3651498556137085,0.7835579514503479,-0.016282372176647186
0.2844489514827728,0.7583562731742859,-1.9359873704161146e-07,0.30832356214523315,0.712742030620575,-0.004605697467923164,0.3463081419467926,0.6695078611373901,-0.011696901172399521,0.3756972551345825,0.6370410919189453,-0.018825743347406387,0.3815067410469055,0.6017453670501709,-0.023660579696297646,0.3667007088661194,0.6725151538848877,-0.0158085860311985,0.4149945080280304,0.7102709412574768,-0.029303444549441338,0.39808258414268494,0.721183180809021,-0.03524164855480194,0.37970221042633057,0.7133262157440186,-0.03794821351766586,0.3654133677482605,0.7053936719894409,-0.02056344412267208,0.41241320967674255,0.7418859004974365,-0.028594687581062317,0.39437419176101685,0.7487425208091736,-0.026770522817969322,0.3772260248661041,0.737786054611206,-0.026229264214634895,0.3624829053878784,0.7410809397697449,-0.02591581456363201,0.40650516748428345,0.7721946835517883,-0.03138364478945732,0.3896632790565491,0.7762733697891235,-0.022414691746234894,0.37340742349624634,0.7666218280792236,-0.017238784581422806,0.3582892119884491,0.7762309908866882,-0.0317545086145401,0.3947564959526062,0.7956266403198242,-0.032523903995752335,0.37981486320495605,0.7975373864173889,-0.023701153695583344,0.3645513653755188,0.7892748117446899,-0.017915604636073112
0.28607338666915894,0.7619518637657166,-1.9345904433976102e-07,0.30887776613235474,0.715732753276825,-0.004321793559938669,0.34587976336479187,0.6729931235313416,-0.01129636075347662,0.37484729290008545,0.64087975025177,-0.01841912232339382,0.38153892755508423,0.6061506271362305,-0.023289237171411514,0.3680709898471832,0.6765214800834656,-0.015002687461674213,0.4147688150405884,0.7133738398551941,-0.02792918123304844,0.39769914746284485,0.7249342203140259,-0.03362945839762688,0.3795672357082367,0.7178057432174683,-0.036278136074543,0.36671409010887146,0.7090576887130737,-0.019942685961723328,0.41256260871887207,0.7451202869415283,-0.027238979935646057,0.3947003483772278,0.7522876262664795,-0.025337282568216324,0.377853661775589,0.7414891719818115,-0.024949386715888977,0.36330485343933105,0.7441588044166565,-0.02546444907784462,0.40629416704177856,0.7754102945327759,-0.03060080111026764,0.3894999027252197,0.7795206308364868,-0.02174360863864422,0.3736500144004822,0.7699589729309082,-0.016778064891695976,0.35852667689323425,0.778818666934967,-0.03144294023513794,0.39467936754226685,0.7980713844299316,-0.031963154673576355,0.3800292909145355,0.80047607421875,-0.023023536428809166,0.3651415705680847,0.7930172085762024,-0.017239350825548172
0.2877386212348938,0.7605050802230835,-1.9362015279966727e-07,0.3107091188430786,0.7141085267066956,-0.004523599054664373,0.3481132686138153,0.6711000800132751,-0.011194661259651184,0.377371609210968,0.6391676068305969,-0.0179507527500391,0.3839093744754791,0.6041584610939026,-0.022535180673003197,0.3695664405822754,0.6745293736457825,-0.014546546153724194,0.4161157011985779,0.7110574841499329,-0.027559908106923103,0.40009817481040955,0.7223392128944397,-0.03363265097141266,0.38200539350509644,0.7155877947807312,-0.03644924238324165,0.36910367012023926,0.7080025672912598,-0.01923041045665741,0.41409504413604736,0.7426840662956238,-0.02669999562203884,0.3963344693183899,0.7494175434112549,-0.025165241211652756,0.3793003559112549,0.7390075325965881,-0.024890882894396782,0.3664087951183319,0.7437984347343445,-0.02451998181641102,0.4092817008495331,0.7727502584457397,-0.029793627560138702,0.39251846075057983,0.7768332958221436,-0.02099388837814331,0.3761845827102661,0.7679053544998169,-0.015874627977609634,0.36192044615745544,0.7784372568130493,-0.03027820587158203,0.39732423424720764,0.7957271337509155,-0.031015338376164436,0.3825669288635254,0.7971246242523193,-0.022006912156939507,0.3673008680343628,0.7890195250511169,-0.015982186421751976
0.28697338700294495,0.7639783024787903,-1.9280057017567742e-07,0.30950501561164856,0.7185992002487183,-0.00433179410174489,0.3469561040401459,0.6747435927391052,-0.011266671121120453,0.3758796751499176,0.6428030729293823,-0.018172791227698326,0.38224706053733826,0.6082905530929565,-0.022908952087163925,0.3679313063621521,0.6784100532531738,-0.01690652035176754,0.41495442390441895,0.7153267860412598,-0.029750647023320198,0.39889076352119446,0.7262808084487915,-0.03513505309820175,0.38079407811164856,0.7188076376914978,-0.03755680471658707,0.36646145582199097,0.7113687992095947,-0.021771380677819252,0.41294005513191223,0.7472679615020752,-0.029375221580266953,0.3953612148761749,0.7544781565666199,-0.02721920609474182,0.3780684471130371,0.7438687682151794,-0.026564257219433784,0.3631613254547119,0.7470495700836182,-0.027032367885112762,0.4072227478027344,0.7773581743240356,-0.032333362847566605,0.39077138900756836,0.7818341255187988,-0.0232821237295866,0.3741782307624817,0.7727293968200684,-0.018137887120246887,0.35863322019577026,0.782047688961029,-0.032695222645998,0.39554595947265625,0.8004964590072632,-0.03370024263858795,0.3809283971786499,0.8026235103607178,-0.0248632300645113,0.36529481410980225,0.7948991060256958,-0.01908898539841175
0.28698229789733887,0.7636012434959412,-1.868039021246659e-07,0.3099493086338043,0.7172445058822632,-0.004163673147559166,0.34719476103782654,0.6747357845306396,-0.010531041771173477,0.3762761652469635,0.6433155536651611,-0.016928959637880325,0.3832542896270752,0.6089848279953003,-0.021110089495778084,0.36711281538009644,0.6768856644630432,-0.014771999791264534,0.4142136871814728,0.7133710384368896,-0.027848899364471436,0.3989422917366028,0.7252264022827148,-0.03361523896455765,0.38116195797920227,0.7188410758972168,-0.03609292581677437,0.3667415976524353,0.710151731967926,-0.01952959969639778,0.4122512936592102,0.7458611726760864,-0.027135614305734634,0.39504754543304443,0.7530646920204163,-0.025451060384511948,0.3782591223716736,0.7429066300392151,-0.024981576949357986,0.3641705811023712,0.7458215951919556,-0.02483510784804821,0.4070161283016205,0.7763855457305908,-0.030257033184170723,0.3908172845840454,0.7807769179344177,-0.021695885807275772,0.3748869299888611,0.7715967893600464,-0.016685884445905685,0.3597272038459778,0.7803612351417542,-0.030552122741937637,0.39554694294929504,0.8000452518463135,-0.031393397599458694,0.380867600440979,0.8021082282066345,-0.022659309208393097,0.365518718957901,0.7937317490577698,-0.016795819625258446
0.2862570881843567,0.7644639611244202,-1.96611352976106e-07,0.3098890781402588,0.7183518409729004,-0.004018563311547041,0.34784311056137085,0.6754820942878723,-0.01064828410744667,0.37695735692977905,0.6434077620506287,-0.017496854066848755,0.38351231813430786,0.6085456609725952,-0.022146429866552353,0.3696335256099701,0.6799419522285461,-0.014369452372193336,0.4159371256828308,0.7174427509307861,-0.026929927989840508,0.3989269733428955,0.7289558053016663,-0.03249098360538483,0.3807826340198517,0.7212855815887451,-0.03503885492682457,0.3682566285133362,0.7131973505020142,-0.01931452751159668,0.4136032164096832,0.7488693594932556,-0.02635297179222107,0.39571261405944824,0.7561882734298706,-0.0245209988206625,0.378760427236557,0.7452899217605591,-0.02410122938454151,0.36470669507980347,0.748995304107666,-0.024771375581622124,0.407284677028656,0.7792731523513794,-0.029520757496356964,0.3907708525657654,0.7837100625038147,-0.020621368661522865,0.3748842477798462,0.7743681073188782,-0.015580212697386742,0.35956162214279175,0.783862829208374,-0.030635517090559006,0.39581963419914246,0.8020258545875549,-0.030626170337200165,0.38158589601516724,0.8043070435523987,-0.02130468562245369,0.36680325865745544,0.7970249652862549,-0.015243342146277428
0.28479546308517456,0.7682948112487793,-1.923240802170767e-07,0.3086100220680237,0.7222943305969238,-0.004016002640128136,0.34623798727989197,0.6803460717201233,-0.010922212153673172,0.37516888976097107,0.649617612361908,-0.017885692417621613,0.38133639097213745,0.6154435873031616,-0.02267814800143242,0.36734631657600403,0.6846265196800232,-0.016629621386528015,0.41394340991973877,0.7226689457893372,-0.029188010841608047,0.39758870005607605,0.734329879283905,-0.03441263735294342,0.37988874316215515,0.7260982990264893,-0.03681766241788864,0.365399032831192,0.7180099487304688,-0.021648351103067398,0.4111833870410919,0.7546114325523376,-0.02870802953839302,0.3937629163265228,0.7620493173599243,-0.026392528787255287,0.3768107295036316,0.7504740357398987,-0.025812271982431412,0.361338347196579,0.7538358569145203,-0.027020107954740524,0.40432968735694885,0.7850281000137329,-0.031771935522556305,0.38810765743255615,0.7895616888999939,-0.02257361449301243,0.3720729351043701,0.7797181010246277,-0.017517557367682457,0.3559461832046509,0.7887680530548096,-0.03277875483036041,0.39248040318489075,0.8078780770301819,-0.033154696226119995,0.37842196226119995,0.810279905796051,-0.024015886709094048,0.3634408116340637,0.8024710416793823,-0.018182488158345222
0.28327682614326477,0.7749026417732239,-2.0341954609648383e-07,0.3093269169330597,0.7295861840248108,-0.0038011851720511913,0.345797061920166,0.6879805326461792,-0.011026376858353615,0.3728182017803192,0.6561877131462097,-0.01839890144765377,0.3790719211101532,0.6214607954025269,-0.023781463503837585,0.36587923765182495,0.6939674019813538,-0.016291091218590736,0.4109283983707428,0.7312755584716797,-0.02823670767247677,0.39423465728759766,0.7410556674003601,-0.03349917382001877,0.37665000557899475,0.7309117317199707,-0.03613153100013733,0.3642244040966034,0.7280576825141907,-0.021401667967438698,0.40761467814445496,0.7622212767601013,-0.02778681367635727,0.3900934159755707,0.7686159014701843,-0.02607426606118679,0.3727762997150421,0.7559323906898499,-0.026144973933696747,0.36025479435920715,0.7646318674087524,-0.026688432320952415,0.4012426435947418,0.7930439114570618,-0.030948404222726822,0.38483238220214844,0.7970528602600098,-0.02200547605752945,0.3678237497806549,0.7865564227104187,-0.017284320667386055,0.35494711995124817,0.8002750277519226,-0.03229718282818794,0.3898552358150482,0.8167397975921631,-0.03260035440325737,0.3749273419380188,0.818432092666626,-0.023245863616466522,0.35877758264541626,0.8098921775817871,-0.017240945249795914
0.27550387382507324,0.7712329626083374,-1.818291508470793e-07,0.29941800236701965,0.7251160144805908,-0.005326959770172834,0.33434364199638367,0.6844518780708313,-0.013222811743617058,0.3607975244522095,0.6521955728530884,-0.021317429840564728,0.36700302362442017,0.6171126961708069,-0.02720474824309349,0.3548371195793152,0.6889212131500244,-0.01551904622465372,0.4000994861125946,0.7242369651794434,-0.02926580049097538,0.3840176463127136,0.7338048219680786,-0.03601161763072014,0.36674636602401733,0.7238732576370239,-0.03945367410778999,0.35326406359672546,0.7210755348205566,-0.020477714017033577,0.3972901403903961,0.7547503709793091,-0.028570489957928658,0.38013043999671936,0.760444164276123,-0.02803879790008068,0.36366650462150574,0.7480968832969666,-0.028616957366466522,0.3493049144744873,0.756199061870575,-0.026079105213284492,0.39085882902145386,0.7855312824249268,-0.03215062618255615,0.37507039308547974,0.7887518405914307,-0.024498557671904564,0.35905471444129944,0.778313159942627,-0.02021489106118679,0.3435843586921692,0.7910950779914856,-0.032179102301597595,0.37920665740966797,0.8103618621826172,-0.03361412137746811,0.36491748690605164,0.811707615852356,-0.025296755135059357,0.3487204909324646,0.8033025860786438,-0.01978815533220768
0.28036144375801086,0.7724248170852661,-1.8875439877774625e-07,0.30130913853645325,0.7289806604385376,-0.004846028983592987,0.33833378553390503,0.687786340713501,-0.012952957302331924,0.36721476912498474,0.658082902431488,-0.020914528518915176,0.3742201030254364,0.6242374181747437,-0.026881884783506393,0.35805848240852356,0.6940366625785828,-0.0206844974309206,0.4058397710323334,0.7291727662086487,-0.03434319421648979,0.3899671733379364,0.739881157875061,-0.039758384227752686,0.3722020387649536,0.7325527667999268,-0.04202651232481003,0.3555879294872284,0.7276045083999634,-0.02570415288209915,0.40286123752593994,0.7613707184791565,-0.03409728407859802,0.38523536920547485,0.7675161957740784,-0.03158928453922272,0.36748698353767395,0.7567270398139954,-0.030544131994247437,0.35138773918151855,0.7632752060890198,-0.030939316377043724,0.3961574137210846,0.7912432551383972,-0.03693448007106781,0.3791663348674774,0.7948809862136841,-0.027045531198382378,0.36238667368888855,0.785811185836792,-0.021237393841147423,0.34632405638694763,0.7983249425888062,-0.036537282168865204,0.3845888078212738,0.815517783164978,-0.03821476176381111,0.3693285584449768,0.8174915909767151,-0.02870541624724865,0.3532487452030182,0.8103144764900208,-0.022370032966136932
0.2786623537540436,0.7717681527137756,-1.8818424507571763e-07,0.3011132776737213,0.7272857427597046,-0.0045164297334849834,0.338942289352417,0.6868836283683777,-0.012086951173841953,0.36881980299949646,0.6575124263763428,-0.019672581925988197,0.3765420615673065,0.6234250664710999,-0.025174885988235474,0.3588341176509857,0.6931772232055664,-0.01836959458887577,0.40550386905670166,0.7290037870407104,-0.03158118203282356,0.3891887664794922,0.7394678592681885,-0.036934059113264084,0.3717501163482666,0.7317588925361633,-0.039198871701955795,0.3562156856060028,0.7271029353141785,-0.02332254685461521,0.4027097821235657,0.7610082030296326,-0.031297121196985245,0.3851372301578522,0.7668226361274719,-0.029065869748592377,0.3682050406932831,0.7558788657188416,-0.02823151834309101,0.35200828313827515,0.7630321383476257,-0.02856154926121235,0.396234393119812,0.790704071521759,-0.033926840871572495,0.3794187009334564,0.7936859726905823,-0.024292388930916786,0.3633382320404053,0.7843286991119385,-0.018690697848796844,0.3468550443649292,0.7980296611785889,-0.03418704494833946,0.3840581476688385,0.8141458630561829,-0.03478839993476868,0.36952707171440125,0.8152577877044678,-0.025200337171554565,0.35468193888664246,0.8081151247024536,-0.018893461674451828
0.2762465476989746,0.7713335156440735,-1.9558004282771435e-07,0.2997412085533142,0.7273951768875122,-0.003911400213837624,0.33833563327789307,0.6868473887443542,-0.010569035075604916,0.36866649985313416,0.6579006314277649,-0.017222579568624496,0.37638527154922485,0.6247190833091736,-0.021772632375359535,0.3579554557800293,0.6926172971725464,-0.016969365999102592,0.40470659732818604,0.7291789054870605,-0.029972638934850693,0.38865455985069275,0.7387283444404602,-0.03521749749779701,0.3710089921951294,0.7311220169067383,-0.03720961511135101,0.3552711009979248,0.7268756628036499,-0.02157600224018097,0.4013747274875641,0.760978102684021,-0.029391897842288017,0.38386955857276917,0.7667422890663147,-0.027070503681898117,0.36700543761253357,0.7564518451690674,-0.0259782075881958,0.3513576090335846,0.7628048658370972,-0.02649880386888981,0.3949613869190216,0.7914135456085205,-0.03172196075320244,0.37847885489463806,0.7939778566360474,-0.02246946282684803,0.3623160123825073,0.7845245599746704,-0.016943039372563362,0.34667643904685974,0.7973405718803406,-0.0317479632794857,0.3836617171764374,0.8144838809967041,-0.03232745826244354,0.3690492510795593,0.8154793381690979,-0.023227736353874207,0.35395410656929016,0.8078175783157349,-0.0171482153236866
0.27869826555252075,0.7697028517723083,-1.840552954490704e-07,0.3027524948120117,0.7255556583404541,-0.004089898429811001,0.34114599227905273,0.6854596138000488,-0.011016007512807846,0.3710581660270691,0.6564352512359619,-0.01794559881091118,0.3780692517757416,0.6229516863822937,-0.022741341963410378,0.3591233193874359,0.6905165314674377,-0.016781171783804893,0.406645268201828,0.7271337509155273,-0.030258366838097572,0.39098507165908813,0.7361255288124084,-0.035927172750234604,0.373291015625,0.7286924719810486,-0.03809751942753792,0.35639432072639465,0.724872887134552,-0.021419230848550797,0.4036576449871063,0.7591984272003174,-0.02954830229282379,0.38659045100212097,0.7644293904304504,-0.027444295585155487,0.3696552813053131,0.7542969584465027,-0.026458892971277237,0.352792888879776,0.7606326937675476,-0.0264455396682024,0.397588312625885,0.7891618013381958,-0.031703006476163864,0.38169705867767334,0.7914453148841858,-0.0223684124648571,0.36560362577438354,0.7822358012199402,-0.016732946038246155,0.34837159514427185,0.7948207855224609,-0.03185124695301056,0.38619565963745117,0.8117237687110901,-0.03210796043276787,0.3718274235725403,0.8124243021011353,-0.02273196540772915,0.3565348982810974,0.804689884185791,-0.016514014452695847
0.2866919934749603,0.7675008773803711,-1.8595795836517937e-07,0.3106348216533661,0.7235020399093628,-0.004175737500190735,0.3485786020755768,0.6833943724632263,-0.010822420008480549,0.37768077850341797,0.6538864374160767,-0.01745246723294258,0.3839496374130249,0.620409369468689,-0.021911203861236572,0.3667986989021301,0.6887975335121155,-0.015920909121632576,0.41310927271842957,0.7240481376647949,-0.028903059661388397,0.3975222110748291,0.733188271522522,-0.03427312523126602,0.38025200366973877,0.7257609367370605,-0.03631722554564476,0.36455219984054565,0.7222817540168762,-0.020272167399525642,0.40983846783638,0.7555294036865234,-0.027837028726935387,0.3931187391281128,0.7609910368919373,-0.025698337703943253,0.37678515911102295,0.7508760690689087,-0.024733755737543106,0.3612091541290283,0.7575499415397644,-0.02506333962082863,0.40346935391426086,0.7852720618247986,-0.030033333227038383,0.38797569274902344,0.7879644632339478,-0.021142777055501938,0.37246328592300415,0.7791363000869751,-0.015819773077964783,0.3571208417415619,0.7916170358657837,-0.030249278992414474,0.39271026849746704,0.8077674508094788,-0.030426746234297752,0.3787574768066406,0.8085290789604187,-0.021527409553527832,0.3642154932022095,0.801163911819458,-0.015619034878909588
0.2945549786090851,0.7670868039131165,-1.8628406905918382e-07,0.3178211450576782,0.7221940755844116,-0.003995569888502359,0.3555607199668884,0.6824836134910583,-0.010255519300699234,0.3847840130329132,0.6541269421577454,-0.016581282019615173,0.39180833101272583,0.6210812926292419,-0.02076837420463562,0.37450864911079407,0.6878780126571655,-0.014126881957054138,0.42004668712615967,0.7232797145843506,-0.026970021426677704,0.40453189611434937,0.732265055179596,-0.03266438469290733,0.38741061091423035,0.7253365516662598,-0.0349348708987236,0.37296709418296814,0.7217228412628174,-0.01858823001384735,0.4170041084289551,0.754589855670929,-0.026213722303509712,0.40026775002479553,0.7599153518676758,-0.024744581431150436,0.3842405080795288,0.7502093315124512,-0.024111127480864525,0.3702346384525299,0.757104754447937,-0.0235745906829834,0.41108182072639465,0.7843595147132874,-0.028537245467305183,0.39546719193458557,0.7869570851325989,-0.02001919038593769,0.3802517354488373,0.7783272862434387,-0.01490056049078703,0.3664563000202179,0.790943443775177,-0.028978144749999046,0.4004366397857666,0.8070854544639587,-0.029088303446769714,0.386019766330719,0.808040976524353,-0.02023351937532425,0.3717176914215088,0.8009142875671387,-0.014296882785856724
0.3035584092140198,0.7969512343406677,-2.3207140031900053e-07,0.33028221130371094,0.7538658976554871,-0.0016251837369054556,0.3712100088596344,0.719088077545166,-0.007310498505830765,0.40266209840774536,0.6952987909317017,-0.013505394570529461,0.4124791920185089,0.6654497981071472,-0.017844488844275475,0.3944236636161804,0.7319111824035645,-0.0144577631726861,0.43762433528900146,0.7675455212593079,-0.025790031999349594,0.4207809269428253,0.7768217325210571,-0.03047006204724312,0.4035551846027374,0.7682269811630249,-0.03246719762682915,0.3905554711818695,0.7674262523651123,-0.020546214655041695,0.43318939208984375,0.7998238205909729,-0.026497041806578636,0.415081262588501,0.8052868843078613,-0.023914145305752754,0.39782002568244934,0.7937003374099731,-0.022916708141565323,0.38387158513069153,0.804190993309021,-0.0266884658485651,0.42382094264030457,0.8298477530479431,-0.030848881229758263,0.40660274028778076,0.8326482176780701,-0.021061360836029053,0.389801561832428,0.8232937455177307,-0.01541843730956316,0.37532466650009155,0.8393720984458923,-0.03299347683787346,0.40983399748802185,0.8533051609992981,-0.03363409265875816,0.39499181509017944,0.8537020087242126,-0.023828918114304543,0.37977710366249084,0.8468981385231018,-0.017203161492943764
0.3007414638996124,0.8004801869392395,-2.1344322931327042e-07,0.3282683491706848,0.7566073536872864,-0.0016647170996293426,0.3668481707572937,0.720663845539093,-0.008741604164242744,0.3958515524864197,0.694845974445343,-0.016549650579690933,0.4035845398902893,0.6633408665657043,-0.022535307332873344,0.3883518874645233,0.7345953583717346,-0.01638084277510643,0.43628767132759094,0.7680006623268127,-0.029335428029298782,0.4192163050174713,0.775736927986145,-0.03514648228883743,0.4001050293445587,0.7666526436805725,-0.03739333897829056,0.38469254970550537,0.7700536847114563,-0.0225144661962986,0.4302626848220825,0.8006510734558105,-0.02853422798216343,0.41226550936698914,0.8053262829780579,-0.025742964819073677,0.3948180675506592,0.794312596321106,-0.024868592619895935,0.3789248466491699,0.8073420524597168,-0.028727995231747627,0.4226911962032318,0.8309023380279541,-0.032350387424230576,0.4054851830005646,0.8330246210098267,-0.021739128977060318,0.38747522234916687,0.8243495225906372,-0.015787094831466675,0.37168994545936584,0.8434789776802063,-0.03519200161099434,0.4084967374801636,0.8549127578735352,-0.035130128264427185,0.39342498779296875,0.8543519973754883,-0.024468330666422844,0.377394437789917,0.8474342226982117,-0.01738116890192032
0.29065757989883423,0.7827931046485901,-2.1940100225492642e-07,0.3129848837852478,0.7360231876373291,-0.003031725063920021,0.34831956028938293,0.6944801211357117,-0.011151055805385113,0.3757908046245575,0.6629791855812073,-0.01955293118953705,0.37970852851867676,0.6297848224639893,-0.02604403719305992,0.37240004539489746,0.707659125328064,-0.018886782228946686,0.4224146604537964,0.7350436449050903,-0.030734585598111153,0.40501341223716736,0.7456824779510498,-0.035024095326662064,0.38596311211586,0.7390400767326355,-0.036593712866306305,0.3717464804649353,0.7446831464767456,-0.024417854845523834,0.4190445840358734,0.7675397992134094,-0.03037683106958866,0.4005656838417053,0.7745824456214905,-0.027130821719765663,0.38158658146858215,0.7658514976501465,-0.02577819861471653,0.3689658045768738,0.7829363942146301,-0.029829619452357292,0.4126040041446686,0.7983142733573914,-0.03344408795237541,0.3953424096107483,0.8030771613121033,-0.022740568965673447,0.37708911299705505,0.79697185754776,-0.016693588346242905,0.3647767901420593,0.8197735548019409,-0.0354556068778038,0.4012819528579712,0.8248018026351929,-0.03541625291109085,0.3860241770744324,0.826878011226654,-0.024582205340266228,0.3698927164077759,0.8230761885643005,-0.017321540042757988
0.2908688187599182,0.7757946848869324,-2.0908119324758445e-07,0.31198015809059143,0.7291075587272644,-0.0031224782578647137,0.34691038727760315,0.6871634721755981,-0.011611024849116802,0.37467098236083984,0.6555007696151733,-0.020282352343201637,0.3778458833694458,0.6218597888946533,-0.027146577835083008,0.37117475271224976,0.6981619596481323,-0.020713169127702713,0.42179614305496216,0.725436806678772,-0.032232288271188736,0.40485405921936035,0.7362813353538513,-0.035809267312288284,0.38547229766845703,0.7304770946502686,-0.03682263195514679,0.3711733818054199,0.7350053787231445,-0.02605796791613102,0.419315904378891,0.7581778168678284,-0.031930867582559586,0.4005610942840576,0.7653417587280273,-0.027868876233696938,0.3808537423610687,0.7575644254684448,-0.025778532028198242,0.36910638213157654,0.7728367447853088,-0.0311583261936903,0.4132300019264221,0.7882992625236511,-0.0342128723859787,0.39582714438438416,0.7931798696517944,-0.02297326549887657,0.37700024247169495,0.7878514528274536,-0.01664130389690399,0.3657209277153015,0.8092057704925537,-0.03650474548339844,0.40176865458488464,0.8139447569847107,-0.03607376292347908,0.38649919629096985,0.8162776231765747,-0.025073165073990822,0.3706192672252655,0.8127975463867188,-0.017765207216143608
0.2929973900318146,0.7771205902099609,-2.1426335194973944e-07,0.314500629901886,0.7311406135559082,-0.0028144088573753834,0.35002055764198303,0.6894962787628174,-0.010776552371680737,0.37798207998275757,0.6579210758209229,-0.018830036744475365,0.38157275319099426,0.6247217655181885,-0.02506178617477417,0.3738418221473694,0.7014484405517578,-0.020252177491784096,0.42371219396591187,0.7305207252502441,-0.031162038445472717,0.4068929851055145,0.74106365442276,-0.034237269312143326,0.38809701800346375,0.7345629930496216,-0.03499237447977066,0.37338879704475403,0.7394055724143982,-0.02537250891327858,0.4198722243309021,0.7635743021965027,-0.030499501153826714,0.4016452729701996,0.7698521614074707,-0.026118479669094086,0.3826722800731659,0.7610635757446289,-0.024091269820928574,0.3707347512245178,0.7778594493865967,-0.03018157370388508,0.4131452143192291,0.7943848967552185,-0.032672736793756485,0.3962964713573456,0.7983965873718262,-0.021392352879047394,0.3782813847064972,0.792051374912262,-0.01527648139744997,0.367068886756897,0.8139942288398743,-0.035181038081645966,0.40187278389930725,0.8191842436790466,-0.034388910979032516,0.3870796859264374,0.8213556408882141,-0.023441016674041748,0.37179797887802124,0.8175195455551147,-0.016295332461595535
0.2994809150695801,0.7830530405044556,-2.159646612653887e-07,0.3227580189704895,0.7378643155097961,-0.00329017941839993,0.35985612869262695,0.6986780762672424,-0.011326821520924568,0.3892871141433716,0.6697070002555847,-0.01935429684817791,0.39491036534309387,0.6371293067932129,-0.025524280965328217,0.3845604360103607,0.7124660611152649,-0.020031044259667397,0.4323788583278656,0.7439595460891724,-0.030724914744496346,0.4149424135684967,0.7538247108459473,-0.03377851843833923,0.39615920186042786,0.7465015649795532,-0.03458917886018753,0.38295668363571167,0.7501740455627441,-0.024977046996355057,0.427469938993454,0.777577817440033,-0.030016321688890457,0.4086340367794037,0.7831950783729553,-0.02586366795003414,0.3899425268173218,0.773444652557373,-0.023971697315573692,0.37907668948173523,0.7885465621948242,-0.029687462374567986,0.41971555352211,0.8073441386222839,-0.032226353883743286,0.40232914686203003,0.8105746507644653,-0.021335940808057785,0.38437697291374207,0.8033377528190613,-0.015483569353818893,0.3741837441921234,0.8247275948524475,-0.03462605178356171,0.4073101282119751,0.8307841420173645,-0.03406563028693199,0.39201292395591736,0.8320696353912354,-0.023338133469223976,0.3770018219947815,0.8277323246002197,-0.01628093235194683
0.30014950037002563,0.7846719026565552,-2.1418007634110836e-07,0.3249339461326599,0.739285409450531,-0.0033160485327243805,0.3621397018432617,0.7024593949317932,-0.01135061401873827,0.39219656586647034,0.6747075319290161,-0.019422203302383423,0.39826107025146484,0.6425223350524902,-0.025621427223086357,0.38679763674736023,0.717067539691925,-0.018947940319776535,0.4336746633052826,0.7493979334831238,-0.029740845784544945,0.4160609245300293,0.7574867010116577,-0.033030346035957336,0.3972839117050171,0.7498292922973633,-0.03385825827717781,0.3849029242992401,0.7558115720748901,-0.0238229688256979,0.42907071113586426,0.7826873660087585,-0.028691060841083527,0.41061580181121826,0.7869842648506165,-0.024648424237966537,0.3920806050300598,0.7778477668762207,-0.022748498246073723,0.3805908262729645,0.7943493127822876,-0.028562555089592934,0.42111310362815857,0.8121948838233948,-0.031097840517759323,0.4040341079235077,0.8141258358955383,-0.020440617576241493,0.3860059380531311,0.8071622848510742,-0.014559668488800526,0.37514007091522217,0.8301916718482971,-0.03353876248002052,0.4088229537010193,0.8355623483657837,-0.03285425901412964,0.3939473032951355,0.835942804813385,-0.02217276766896248,0.37870973348617554,0.8316081166267395,-0.015056733973324299
0.3005080223083496,0.7858060002326965,-2.1974534547553048e-07,0.32531970739364624,0.740547239780426,-0.004189853090792894,0.3619579076766968,0.7042811512947083,-0.012766830623149872,0.3925771117210388,0.6762967109680176,-0.02113850601017475,0.3994738757610321,0.6443291902542114,-0.027524424716830254,0.38713809847831726,0.7193533182144165,-0.019747626036405563,0.4333476126194,0.7512571811676025,-0.030689561739563942,0.41519978642463684,0.7593682408332825,-0.03386777639389038,0.39626345038414,0.7516423463821411,-0.03463605046272278,0.3855811059474945,0.7580183744430542,-0.024247271940112114,0.42885327339172363,0.7842829823493958,-0.02942035347223282,0.40990304946899414,0.7882217168807983,-0.025480853393673897,0.39157718420028687,0.778679370880127,-0.02362021990120411,0.3815235197544098,0.7965199947357178,-0.02864973060786724,0.4213930368423462,0.8138309717178345,-0.03168410807847977,0.40365931391716003,0.8154224753379822,-0.02096487209200859,0.3857322335243225,0.8082530498504639,-0.014963404275476933,0.37609031796455383,0.8323259949684143,-0.03333018347620964,0.40854933857917786,0.8366606831550598,-0.03327722102403641,0.3929467797279358,0.8371050953865051,-0.02264675498008728,0.3779199719429016,0.8332831859588623,-0.015437045134603977
0.30080851912498474,0.787485659122467,-2.1131549488018209e-07,0.32604438066482544,0.7420382499694824,-0.003751348005607724,0.36293551325798035,0.7062103748321533,-0.011980998329818249,0.39351460337638855,0.6795043349266052,-0.020153125748038292,0.40093252062797546,0.647646963596344,-0.026414263993501663,0.3875991404056549,0.7215158343315125,-0.019026577472686768,0.43435072898864746,0.7540024518966675,-0.030004823580384254,0.4167274534702301,0.7611308693885803,-0.033345140516757965,0.3979790508747101,0.7530885338783264,-0.03407014161348343,0.38556644320487976,0.7603486776351929,-0.02358006313443184,0.429438054561615,0.7862508893013,-0.028579218313097954,0.4111320674419403,0.7900819182395935,-0.024815969169139862,0.39311477541923523,0.781193196773529,-0.023039406165480614,0.381329208612442,0.798907995223999,-0.028020113706588745,0.4217711091041565,0.8155418634414673,-0.030804825946688652,0.40447500348091125,0.817020833492279,-0.020170029252767563,0.38661181926727295,0.8102344274520874,-0.014179451391100883,0.37582793831825256,0.8348103165626526,-0.0327107310295105,0.4093836843967438,0.8389188051223755,-0.03218783810734749,0.3940333425998688,0.8390754461288452,-0.021383145824074745,0.3788505494594574,0.8353473544120789,-0.014065949246287346
0.30304214358329773,0.787023663520813,-2.1344580147797387e-07,0.3282308578491211,0.7418928146362305,-0.003533088369295001,0.36461883783340454,0.7064859867095947,-0.011364399455487728,0.395346999168396,0.6795907616615295,-0.019083112478256226,0.40135571360588074,0.6483280658721924,-0.024831116199493408,0.38925638794898987,0.7224679589271545,-0.01808728463947773,0.43556535243988037,0.7537975907325745,-0.02832835167646408,0.4176133871078491,0.7603817582130432,-0.030985284596681595,0.39876729249954224,0.7529499530792236,-0.03123544715344906,0.3874795138835907,0.7614201903343201,-0.022320270538330078,0.4306371808052063,0.7861526012420654,-0.0264523196965456,0.41215676069259644,0.7890901565551758,-0.0220131017267704,0.3944096565246582,0.7808547616004944,-0.019783269613981247,0.38340702652931213,0.7996745705604553,-0.026477646082639694,0.4230382740497589,0.8151341676712036,-0.02864753268659115,0.40596866607666016,0.8157230615615845,-0.018041986972093582,0.3884642720222473,0.8093534111976624,-0.01208908949047327,0.3778988718986511,0.8351361155509949,-0.030861789360642433,0.41077250242233276,0.8377453684806824,-0.029948577284812927,0.3956229090690613,0.8372716903686523,-0.019272688776254654,0.38074222207069397,0.8337274193763733,-0.012065176852047443
0.30353546142578125,0.7881526947021484,-2.1513243098070234e-07,0.32811620831489563,0.7421932220458984,-0.0034556188620626926,0.3646804690361023,0.7055845260620117,-0.011348712258040905,0.39490655064582825,0.6782661080360413,-0.019203124567866325,0.4017520248889923,0.6466914415359497,-0.0251812431961298,0.3898177146911621,0.7211891412734985,-0.018554741516709328,0.43574100732803345,0.7528451085090637,-0.028941893950104713,0.41788849234580994,0.7606658339500427,-0.03174954652786255,0.3992812931537628,0.7530843019485474,-0.03223273158073425,0.38827642798423767,0.7594782710075378,-0.02314594015479088,0.4312867820262909,0.7852327823638916,-0.027874073013663292,0.4125630557537079,0.7892081141471863,-0.023836523294448853,0.3945339024066925,0.7804767489433289,-0.021831480786204338,0.38437697291374207,0.7977017760276794,-0.02759331837296486,0.42371875047683716,0.8142975568771362,-0.03017277456820011,0.40618571639060974,0.8159855008125305,-0.019613217562437057,0.3884330093860626,0.8096054792404175,-0.013681572861969471,0.379180371761322,0.8334450125694275,-0.03225879743695259,0.41162338852882385,0.8370225429534912,-0.031766876578330994,0.3962438404560089,0.8375474214553833,-0.021125629544258118,0.38147789239883423,0.834297239780426,-0.013892348855733871
0.30104589462280273,0.7695944905281067,-2.1906384972680826e-07,0.32214295864105225,0.7250543236732483,-0.002378809964284301,0.3585251271724701,0.6825242042541504,-0.008998180739581585,0.3871947228908539,0.6510813236236572,-0.015742015093564987,0.39084500074386597,0.6181070804595947,-0.020646868273615837,0.3831750154495239,0.6926413774490356,-0.017662249505519867,0.43032601475715637,0.7223198413848877,-0.02750999480485916,0.4142533242702484,0.7324475646018982,-0.030410906299948692,0.39601394534111023,0.7258769273757935,-0.031259339302778244,0.3821667432785034,0.7288738489151001,-0.022413309663534164,0.42677953839302063,0.7555893659591675,-0.026914436370134354,0.40911829471588135,0.7623250484466553,-0.022806046530604362,0.3913416564464569,0.7537879347801208,-0.021070260554552078,0.37908121943473816,0.7661224603652954,-0.026899531483650208,0.42100584506988525,0.7865678668022156,-0.029360424727201462,0.4043233096599579,0.7901545166969299,-0.01890518330037594,0.386736124753952,0.7828607559204102,-0.013300084508955479,0.37497976422309875,0.8013717532157898,-0.031528864055871964,0.4095277488231659,0.8098163604736328,-0.030852653086185455,0.39460086822509766,0.8111767172813416,-0.020760489627718925,0.3793686330318451,0.8055163025856018,-0.014249088242650032
0.3029249310493469,0.7673495411872864,-2.2546511502241628e-07,0.32254675030708313,0.7230815887451172,-0.0019115932518616319,0.3585582375526428,0.6811769008636475,-0.008128606714308262,0.3871232867240906,0.6502846479415894,-0.014624778181314468,0.3915584683418274,0.6173968315124512,-0.019228050485253334,0.3835674226284027,0.6886779069900513,-0.01586276851594448,0.42989879846572876,0.7195361256599426,-0.025826798751950264,0.41347745060920715,0.7306921482086182,-0.029114073142409325,0.3956552743911743,0.7242788076400757,-0.03027835302054882,0.3832123279571533,0.7239753603935242,-0.02096608467400074,0.4267043471336365,0.752036452293396,-0.02542492002248764,0.40933120250701904,0.7597331404685974,-0.021661270409822464,0.3923777639865875,0.750990092754364,-0.020200461149215698,0.38071221113204956,0.7610230445861816,-0.025912325829267502,0.4209762215614319,0.7830598950386047,-0.028409825637936592,0.40441688895225525,0.7877163290977478,-0.018076593056321144,0.38787174224853516,0.7804729342460632,-0.012584521435201168,0.37724635004997253,0.796540379524231,-0.031020574271678925,0.41116952896118164,0.8066835999488831,-0.030292697250843048,0.3962066173553467,0.8091360330581665,-0.020250871777534485,0.38148021697998047,0.8038051128387451,-0.013781122863292694
0.3003278970718384,0.7624202966690063,-2.1891773371862655e-07,0.31980693340301514,0.7179452776908875,-0.0032232142984867096,0.3554641604423523,0.6743975877761841,-0.00962658692151308,0.3842903971672058,0.642228901386261,-0.01601453311741352,0.387250155210495,0.6090864539146423,-0.020457575097680092,0.3805537223815918,0.680448591709137,-0.016821792349219322,0.42684435844421387,0.7098993062973022,-0.026913771405816078,0.41114020347595215,0.7217929363250732,-0.030392123386263847,0.3932684361934662,0.7155940532684326,-0.03179914876818657,0.3807351589202881,0.7144162058830261,-0.021268654614686966,0.42443564534187317,0.7429727911949158,-0.026446813717484474,0.40745383501052856,0.7513841390609741,-0.023289253935217857,0.3900411128997803,0.7423936724662781,-0.022098397836089134,0.37891751527786255,0.7505427002906799,-0.025644417852163315,0.4190376102924347,0.7737862467765808,-0.028630338609218597,0.40335267782211304,0.7788320779800415,-0.019319983199238777,0.38675403594970703,0.771237313747406,-0.014407823793590069,0.3760622441768646,0.7857145667076111,-0.030290920287370682,0.40919461846351624,0.7973820567131042,-0.030134400352835655,0.39479121565818787,0.7999464869499207,-0.021154405549168587,0.3800862431526184,0.7938574552536011,-0.01535024493932724
0.2965708076953888,0.7594045400619507,-2.186909000556625e-07,0.3161565065383911,0.7143816947937012,-0.0031768144108355045,0.3519665002822876,0.6708782911300659,-0.009627893567085266,0.3802829682826996,0.6387826204299927,-0.016137056052684784,0.3833668529987335,0.6061164736747742,-0.020838627591729164,0.37767815589904785,0.6797494292259216,-0.015705380588769913,0.42300423979759216,0.7107718586921692,-0.02619100920855999,0.40676841139793396,0.7215853333473206,-0.030396273359656334,0.38942182064056396,0.7147290110588074,-0.03232783079147339,0.3772656321525574,0.7148740887641907,-0.020294291898608208,0.42014339566230774,0.7425782084465027,-0.025053322315216064,0.40319952368736267,0.7498831152915955,-0.022165529429912567,0.3867945075035095,0.7407589554786682,-0.021464191377162933,0.3748483955860138,0.7516659498214722,-0.024920159950852394,0.4140225648880005,0.7736710906028748,-0.028021570295095444,0.3978257477283478,0.7778542041778564,-0.018537914380431175,0.3820395767688751,0.7701501846313477,-0.013569516129791737,0.3712979555130005,0.7868480682373047,-0.029801759868860245,0.4044370949268341,0.7967332601547241,-0.029261307790875435,0.38956204056739807,0.7995803356170654,-0.019498540088534355,0.3753306567668915,0.7948054075241089,-0.013279191218316555
0.2952256500720978,0.7605075240135193,-2.149783284721707e-07,0.31496626138687134,0.7148666381835938,-0.003256505122408271,0.35135209560394287,0.671763002872467,-0.009761173278093338,0.38096222281455994,0.640666127204895,-0.016234803944826126,0.38478904962539673,0.6073628664016724,-0.020782677456736565,0.37695157527923584,0.6785194873809814,-0.016401823610067368,0.42326608300209045,0.7099844813346863,-0.026962360367178917,0.4073185622692108,0.7216386795043945,-0.03084603324532509,0.3895527720451355,0.7151111364364624,-0.032403651624917984,0.37681493163108826,0.7130652070045471,-0.020935140550136566,0.42106539011001587,0.7420524954795837,-0.026238998398184776,0.4038441479206085,0.7501798868179321,-0.023146679624915123,0.38660308718681335,0.741110622882843,-0.02194722183048725,0.3747723400592804,0.7497450113296509,-0.025479502975940704,0.41490551829338074,0.77290278673172,-0.02841775491833687,0.3989962935447693,0.7776423096656799,-0.018804142251610756,0.3827025294303894,0.7700469493865967,-0.013667034916579723,0.37172842025756836,0.7853652834892273,-0.030328096821904182,0.4047662913799286,0.7962672710418701,-0.029752125963568687,0.3901376724243164,0.7986212372779846,-0.02027629315853119,0.37558627128601074,0.792822003364563,-0.014155357144773006
0.29831525683403015,0.7609930634498596,-2.0747624773775897e-07,0.3190886974334717,0.7155167460441589,-0.0030721852090209723,0.3550204336643219,0.6737779378890991,-0.009718058630824089,0.3838855028152466,0.6426704525947571,-0.016222527250647545,0.3872506320476532,0.6098989844322205,-0.020841218531131744,0.37930336594581604,0.6807783246040344,-0.01734580099582672,0.4248802363872528,0.7128624320030212,-0.0272985752671957,0.40889015793800354,0.7241937518119812,-0.030502965673804283,0.3915958106517792,0.7174484729766846,-0.03171582892537117,0.3791029751300812,0.716190755367279,-0.021755140274763107,0.42283087968826294,0.745086669921875,-0.026223773136734962,0.40598759055137634,0.7524307370185852,-0.022412290796637535,0.3891308605670929,0.7435900568962097,-0.02099175564944744,0.37676411867141724,0.7531095147132874,-0.026008635759353638,0.4163554012775421,0.7758256196975708,-0.028380876407027245,0.4004502296447754,0.7797126173973083,-0.018351897597312927,0.38438472151756287,0.7723976373672485,-0.013100755400955677,0.37332412600517273,0.7884575128555298,-0.030513981357216835,0.4061126708984375,0.7985988855361938,-0.02933744341135025,0.391660213470459,0.80054771900177,-0.019462190568447113,0.3774659335613251,0.795477032661438,-0.013213724829256535
0.29780250787734985,0.7659526467323303,-2.1836177666045842e-07,0.3180578649044037,0.7207674980163574,-0.0023864165414124727,0.35386815667152405,0.6779428124427795,-0.008667705580592155,0.38276875019073486,0.6468772888183594,-0.015042888931930065,0.38653334975242615,0.6144198775291443,-0.019530629739165306,0.379296213388443,0.6861037611961365,-0.016515254974365234,0.42499300837516785,0.7166392207145691,-0.02661050483584404,0.40892142057418823,0.7282192707061768,-0.029971634969115257,0.3916003108024597,0.7217064499855042,-0.03124713897705078,0.37898656725883484,0.72122722864151,-0.0213610902428627,0.42211759090423584,0.749003529548645,-0.025734633207321167,0.40530604124069214,0.7567018866539001,-0.021901337429881096,0.3886657953262329,0.7480229735374451,-0.020484697073698044,0.37657618522644043,0.7580835819244385,-0.026091236621141434,0.41534265875816345,0.780138373374939,-0.02853327803313732,0.39935633540153503,0.7845554947853088,-0.018521321937441826,0.3832535743713379,0.7775425910949707,-0.01327511202543974,0.3731946349143982,0.7936357855796814,-0.031039895489811897,0.4056968688964844,0.8034794330596924,-0.030138785019516945,0.39121317863464355,0.8058986663818359,-0.020360175520181656,0.377002477645874,0.8011738061904907,-0.014107685536146164
0.29764965176582336,0.7642468810081482,-2.1589460175164277e-07,0.31798407435417175,0.7195507884025574,-0.0019736646208912134,0.35421642661094666,0.6774051785469055,-0.008062341250479221,0.38337230682373047,0.6466401815414429,-0.014287433587014675,0.3874569833278656,0.6138796806335449,-0.018653078004717827,0.3793056011199951,0.6830185651779175,-0.01576394774019718,0.4259437322616577,0.7153092622756958,-0.025706395506858826,0.4099987745285034,0.7264902591705322,-0.028996847569942474,0.3924323618412018,0.7194765210151672,-0.030133681371808052,0.3788873851299286,0.7185057401657104,-0.020643645897507668,0.42326027154922485,0.7474179863929749,-0.025114374235272408,0.40621325373649597,0.7547213435173035,-0.021314457058906555,0.3889661431312561,0.7454858422279358,-0.01973266527056694,0.37643834948539734,0.7554913759231567,-0.02537166140973568,0.4164721369743347,0.7783834934234619,-0.027570895850658417,0.40037617087364197,0.7825409173965454,-0.017457056790590286,0.38392236828804016,0.7749367356300354,-0.01212856825441122,0.3730872571468353,0.7910223007202148,-0.030291080474853516,0.40616416931152344,0.8018066883087158,-0.029186280444264412,0.3911406397819519,0.8038032054901123,-0.019372666254639626,0.37638556957244873,0.7981281876564026,-0.013118740171194077
0.2974792420864105,0.7638524770736694,-2.028623811156649e-07,0.31761881709098816,0.7191295623779297,-0.0028445664793252945,0.35334181785583496,0.6762577295303345,-0.009404568932950497,0.3826155960559845,0.645125687122345,-0.015956031158566475,0.3859372138977051,0.6120672821998596,-0.0206473208963871,0.3785339295864105,0.6826651096343994,-0.01695140451192856,0.4248166084289551,0.7138782143592834,-0.027339618653059006,0.40983134508132935,0.7249481678009033,-0.030981844291090965,0.3920930325984955,0.7186631560325623,-0.03227978199720383,0.37804344296455383,0.7174444794654846,-0.021468156948685646,0.4226429760456085,0.7467071413993835,-0.026393985375761986,0.4063827395439148,0.7542423009872437,-0.022969190031290054,0.3892333507537842,0.7454128265380859,-0.02161569893360138,0.37576425075531006,0.7541677355766296,-0.025876224040985107,0.41666439175605774,0.7778759598731995,-0.028466781601309776,0.4015498161315918,0.7816559076309204,-0.01897091418504715,0.38527441024780273,0.7737592458724976,-0.013987456448376179,0.37268906831741333,0.7897892594337463,-0.030508598312735558,0.4061134159564972,0.8007405996322632,-0.029661208391189575,0.3919603228569031,0.8024815320968628,-0.020267987623810768,0.37754687666893005,0.796330988407135,-0.014267737977206707
0.29785212874412537,0.7624511122703552,-2.0769759601080295e-07,0.3177267909049988,0.7174994349479675,-0.0033476471435278654,0.35385406017303467,0.6741837859153748,-0.010188436135649681,0.38281381130218506,0.6421624422073364,-0.01683010347187519,0.3853650689125061,0.6091338992118835,-0.021553747355937958,0.3782203495502472,0.6802033185958862,-0.018182775005698204,0.425303190946579,0.7117215991020203,-0.028727496042847633,0.4090502858161926,0.7237257361412048,-0.03221748769283295,0.39139801263809204,0.7171918749809265,-0.0335111990571022,0.37818393111228943,0.7148933410644531,-0.022507930174469948,0.4229811131954193,0.7440129518508911,-0.027458781376481056,0.4056704640388489,0.7521042227745056,-0.023586511611938477,0.3885871171951294,0.7432694435119629,-0.021985583007335663,0.37619486451148987,0.7516570687294006,-0.026727572083473206,0.41626447439193726,0.7749856114387512,-0.029272807762026787,0.40010327100753784,0.7793561220169067,-0.019226450473070145,0.3839796185493469,0.7719423174858093,-0.013927276246249676,0.3732749819755554,0.7873592376708984,-0.03122861683368683,0.4066758155822754,0.7982034683227539,-0.030068861320614815,0.39190858602523804,0.8006343841552734,-0.020249972119927406,0.3775969445705414,0.7954659461975098,-0.014029920101165771
0.2983163893222809,0.7637996673583984,-2.11757097190457e-07,0.318911612033844,0.7183602452278137,-0.0025509721599519253,0.35462480783462524,0.6759063005447388,-0.009233295917510986,0.3836781680583954,0.6442214846611023,-0.015891293063759804,0.3874359428882599,0.6112310886383057,-0.020635636523365974,0.37935203313827515,0.6818492412567139,-0.017172563821077347,0.4263235628604889,0.713213324546814,-0.027257664129137993,0.4102500081062317,0.7255285978317261,-0.03051041066646576,0.3926596939563751,0.7192938327789307,-0.031702231615781784,0.3796136677265167,0.7166633605957031,-0.021871251985430717,0.4240615665912628,0.7453004717826843,-0.026225149631500244,0.4069855213165283,0.7536482214927673,-0.022263966500759125,0.3899829387664795,0.7449710965156555,-0.02076590806245804,0.3777487874031067,0.753524899482727,-0.0263933464884758,0.41752976179122925,0.7763074040412903,-0.028451502323150635,0.4014933109283447,0.7807865738868713,-0.01824735663831234,0.38527175784111023,0.7735272645950317,-0.012986378744244576,0.3748643696308136,0.7892664670944214,-0.03114986978471279,0.40788134932518005,0.7994740605354309,-0.029756605625152588,0.3932287395000458,0.8017709851264954,-0.01977923884987831,0.37878718972206116,0.7965272665023804,-0.013482972979545593
0.30040812492370605,0.7651278376579285,-2.191177230770336e-07,0.3199024796485901,0.7207450866699219,-0.002406597137451172,0.35558056831359863,0.6775317192077637,-0.008785545825958252,0.38463306427001953,0.645781934261322,-0.0150813739746809,0.38791218400001526,0.6131235957145691,-0.019510418176651,0.3803112804889679,0.6840872168540955,-0.018163714557886124,0.4276675581932068,0.7145271897315979,-0.027981700375676155,0.4118296504020691,0.725928783416748,-0.030547069385647774,0.394087016582489,0.7199183702468872,-0.03119794651865959,0.38053208589553833,0.7194263935089111,-0.022732354700565338,0.42526161670684814,0.7469090223312378,-0.02712118625640869,0.40806958079338074,0.754420816898346,-0.022563902661204338,0.39063000679016113,0.7462543845176697,-0.020572006702423096,0.3786971867084503,0.7564305067062378,-0.027031149715185165,0.41893652081489563,0.7781298756599426,-0.029141664505004883,0.40274685621261597,0.7821986675262451,-0.018636975437402725,0.38613542914390564,0.7753074169158936,-0.013160563074052334,0.3760017156600952,0.7919615507125854,-0.031517114490270615,0.4092336893081665,0.8015153408050537,-0.030353158712387085,0.39427700638771057,0.8037073016166687,-0.020453112199902534,0.3796456456184387,0.798754096031189,-0.014202293939888477
0.30087706446647644,0.7665878534317017,-2.2547236255832104e-07,0.32098567485809326,0.7224920988082886,-0.001750985742546618,0.3570883572101593,0.6800249218940735,-0.007953698746860027,0.38576820492744446,0.6489397287368774,-0.01430410798639059,0.3900209963321686,0.6165406703948975,-0.018830228596925735,0.38206106424331665,0.6870805621147156,-0.017456281930208206,0.42929425835609436,0.7180516123771667,-0.02746223472058773,0.4132827818393707,0.7298613786697388,-0.030284926295280457,0.3955477178096771,0.7237514853477478,-0.031119275838136673,0.38186827301979065,0.7224729657173157,-0.02257193997502327,0.4265381395816803,0.7505554556846619,-0.02716209553182125,0.40914392471313477,0.7584309577941895,-0.022860055789351463,0.3918679356575012,0.7498632073402405,-0.021014438942074776,0.37949979305267334,0.7599571943283081,-0.02740795910358429,0.41988348960876465,0.7816957235336304,-0.029868975281715393,0.4032590985298157,0.7862035036087036,-0.01928507164120674,0.386895090341568,0.7790881991386414,-0.013694033026695251,0.37613704800605774,0.7961254119873047,-0.03236420452594757,0.4101020395755768,0.8055894374847412,-0.031520843505859375,0.39502641558647156,0.8082048892974854,-0.02140815742313862,0.38054579496383667,0.8033699989318848,-0.014954323880374432
0.30120009183883667,0.765056848526001,-2.2260203991208982e-07,0.32098737359046936,0.7190847992897034,-0.0010437450837343931,0.35655102133750916,0.6762029528617859,-0.007153909187763929,0.3855091333389282,0.6449363231658936,-0.013554038479924202,0.38961222767829895,0.6120344400405884,-0.018091699108481407,0.38166001439094543,0.683485746383667,-0.01657286286354065,0.42911484837532043,0.7142528891563416,-0.025843650102615356,0.41313743591308594,0.7253838181495667,-0.02814597822725773,0.3951602578163147,0.7190142273902893,-0.028608882799744606,0.38160523772239685,0.7192067503929138,-0.02190256118774414,0.42662280797958374,0.7465181350708008,-0.025532489642500877,0.409604012966156,0.7540777325630188,-0.02081775851547718,0.3920336067676544,0.7458221316337585,-0.018794484436511993,0.3794642984867096,0.756531834602356,-0.026853442192077637,0.42049047350883484,0.7775192856788635,-0.028352845460176468,0.4043581783771515,0.7819902300834656,-0.017554882913827896,0.38736915588378906,0.7752028107643127,-0.0119631951674819,0.3765183687210083,0.7923611402511597,-0.03188563883304596,0.4108121693134308,0.8011887073516846,-0.030407289043068886,0.3961380422115326,0.8032591342926025,-0.020090006291866302,0.38112515211105347,0.7981681823730469,-0.013559163548052311
0.30120521783828735,0.7637611031532288,-2.209835940902849e-07,0.3206139802932739,0.7194104194641113,-0.002050569048151374,0.3565458357334137,0.6768896579742432,-0.008559194393455982,0.385712206363678,0.6455732583999634,-0.015113728120923042,0.3890417516231537,0.6124867796897888,-0.01984480768442154,0.381406307220459,0.6837863326072693,-0.017910433933138847,0.4287116229534149,0.7140950560569763,-0.027594568207859993,0.4127916693687439,0.7251440286636353,-0.030194809660315514,0.39490213990211487,0.7188218832015991,-0.030867237597703934,0.381038635969162,0.7193944454193115,-0.022733280435204506,0.42582446336746216,0.7465515732765198,-0.026940425857901573,0.408616304397583,0.7545445561408997,-0.022519560530781746,0.3911955654621124,0.7464876174926758,-0.020632827654480934,0.37890148162841797,0.7566887140274048,-0.02722926251590252,0.41996321082115173,0.7779383659362793,-0.02930021472275257,0.4038048982620239,0.7824148535728455,-0.018809931352734566,0.38682615756988525,0.7753570675849915,-0.013333470560610294,0.3761153817176819,0.7924609780311584,-0.03185084089636803,0.40994328260421753,0.8012134432792664,-0.030890166759490967,0.3950027525424957,0.8033621311187744,-0.02091112919151783,0.37998437881469727,0.7978491187095642,-0.014559612609446049
0.30069565773010254,0.767618715763092,-2.2123101928173128e-07,0.3201678693294525,0.7218074202537537,-0.001599024748429656,0.3555499017238617,0.6797052025794983,-0.008215213194489479,0.3850226104259491,0.6490359306335449,-0.015100594609975815,0.3898678123950958,0.6161077618598938,-0.020177753642201424,0.3819992244243622,0.6873759627342224,-0.01714278943836689,0.42910826206207275,0.717891275882721,-0.0270074475556612,0.4132210314273834,0.7292885780334473,-0.02986907586455345,0.39516007900238037,0.723234236240387,-0.030701903626322746,0.38165003061294556,0.7228586673736572,-0.02241654135286808,0.426340252161026,0.7504957318305969,-0.02665085345506668,0.40909698605537415,0.7583010196685791,-0.022241612896323204,0.3914598822593689,0.7500754594802856,-0.020452214404940605,0.3792152404785156,0.7601300477981567,-0.027422895655035973,0.4204380512237549,0.781356930732727,-0.029567407444119453,0.4040606617927551,0.7856906652450562,-0.01886202022433281,0.3869548439979553,0.778767466545105,-0.01329739112406969,0.37596067786216736,0.7960498332977295,-0.032563768327236176,0.41056257486343384,0.8051208257675171,-0.03163296356797218,0.3955841064453125,0.8071823716163635,-0.021462665870785713,0.3804246187210083,0.8018425107002258,-0.014988362789154053
0.3019884526729584,0.7685198187828064,-2.20586301225012e-07,0.32118234038352966,0.7233518958091736,-0.0018057578708976507,0.3566262423992157,0.6812018156051636,-0.008334623649716377,0.385865181684494,0.6510580778121948,-0.014973510056734085,0.3905188739299774,0.6183061599731445,-0.019808070734143257,0.3828139305114746,0.6893048286437988,-0.01829390786588192,0.42978912591934204,0.7191909551620483,-0.02783665806055069,0.4141921103000641,0.7304030060768127,-0.030110783874988556,0.3961952030658722,0.724616527557373,-0.030560681596398354,0.3823506534099579,0.7250913381576538,-0.023379651829600334,0.4271564185619354,0.752144455909729,-0.02759399265050888,0.4099447727203369,0.759623110294342,-0.022886302322149277,0.39228254556655884,0.7515273094177246,-0.020869577303528786,0.3797640800476074,0.7622839212417603,-0.028090618550777435,0.4215816557407379,0.782899022102356,-0.03026992455124855,0.40512707829475403,0.7869435548782349,-0.01942465826869011,0.38799044489860535,0.7799853086471558,-0.013753402978181839,0.3762586712837219,0.7978354692459106,-0.03290533274412155,0.4112808108329773,0.8067808747291565,-0.032156139612197876,0.396498441696167,0.8085402250289917,-0.02203022502362728,0.38140368461608887,0.8029575347900391,-0.015566019341349602
0.3009423613548279,0.7678178548812866,-2.2703571289639513e-07,0.3206769824028015,0.7229614853858948,-0.0014921436086297035,0.3573954403400421,0.6804709434509277,-0.00749924685806036,0.3870643079280853,0.6500487923622131,-0.013624290935695171,0.39128929376602173,0.6168849468231201,-0.018008505925536156,0.3831159472465515,0.6879624724388123,-0.016918670386075974,0.4307659864425659,0.7183117866516113,-0.026597997173666954,0.41508427262306213,0.729163408279419,-0.029318425804376602,0.39679834246635437,0.7231783270835876,-0.02997090294957161,0.38283467292785645,0.7238786816596985,-0.021909935399889946,0.4281025528907776,0.7508326768875122,-0.026130853220820427,0.410812646150589,0.7588152885437012,-0.021807361394166946,0.3929310142993927,0.7510383129119873,-0.01989809237420559,0.38065284490585327,0.7614001035690308,-0.026573723182082176,0.42232728004455566,0.7817875146865845,-0.028638985008001328,0.40597957372665405,0.78633713722229,-0.018101798370480537,0.3887331187725067,0.7796478867530823,-0.012560000643134117,0.377678245306015,0.7971290349960327,-0.03131422400474548,0.41198763251304626,0.8054345846176147,-0.03044675849378109,0.3968229591846466,0.8077036738395691,-0.020424893125891685,0.38172462582588196,0.80262690782547,-0.013985750265419483
0.3031950891017914,0.7688848972320557,-2.1892030588333e-07,0.3233959972858429,0.7231246829032898,-0.0020261164754629135,0.3589631915092468,0.6820510625839233,-0.008877229876816273,0.3887622058391571,0.651726245880127,-0.01586512103676796,0.39385250210762024,0.6186879277229309,-0.0209758710116148,0.38490262627601624,0.6903424859046936,-0.017644770443439484,0.4324314594268799,0.7211487889289856,-0.027320588007569313,0.41633641719818115,0.731658935546875,-0.02974800206720829,0.3980039060115814,0.7254647612571716,-0.030221398919820786,0.38478225469589233,0.7268746495246887,-0.022710779681801796,0.42987245321273804,0.7537366151809692,-0.026940563693642616,0.4123328626155853,0.760787844657898,-0.022482434287667274,0.3943982422351837,0.7526004314422607,-0.020528722554445267,0.38246074318885803,0.7645993828773499,-0.027468498796224594,0.4239523112773895,0.7845826745033264,-0.02949647419154644,0.4072364568710327,0.7882881164550781,-0.01863086223602295,0.3898857533931732,0.781261682510376,-0.012897210195660591,0.3790811598300934,0.8003520369529724,-0.03237301856279373,0.4135054349899292,0.8083308935165405,-0.03134772926568985,0.39856401085853577,0.8100751638412476,-0.020968643948435783,0.3835231065750122,0.8049424290657043,-0.014280731789767742
0.3042275309562683,0.7706212401390076,-2.2400125487820333e-07,0.32400989532470703,0.7252562642097473,-0.0013010506518185139,0.3598519563674927,0.6837267279624939,-0.0075718676671385765,0.3894512951374054,0.6540840864181519,-0.014051681384444237,0.39439278841018677,0.6213914752006531,-0.018750764429569244,0.38557901978492737,0.6920129060745239,-0.017202917486429214,0.43251416087150574,0.7232931852340698,-0.026620587334036827,0.41654595732688904,0.7339898347854614,-0.028894945979118347,0.39840167760849,0.7276281118392944,-0.029284320771694183,0.3851759433746338,0.7276772856712341,-0.02242991328239441,0.42976152896881104,0.7555749416351318,-0.02649543434381485,0.4122891426086426,0.7627711892127991,-0.021932747215032578,0.39437833428382874,0.7544417381286621,-0.019891172647476196,0.38262197375297546,0.7649796009063721,-0.027271773666143417,0.4238799214363098,0.7863765358924866,-0.029164327308535576,0.40721046924591064,0.790206253528595,-0.01840072125196457,0.38997650146484375,0.783096432685852,-0.012734594754874706,0.37908437848091125,0.8007047772407532,-0.03218607231974602,0.4134579002857208,0.8099666833877563,-0.031154422089457512,0.39845797419548035,0.811614990234375,-0.020970556885004044,0.3834293782711029,0.8061565160751343,-0.014429624192416668
0.3048049211502075,0.7702662944793701,-2.231576701205995e-07,0.32381176948547363,0.7254581451416016,-0.0020104381255805492,0.3595082759857178,0.6837024688720703,-0.008224742487072945,0.38939785957336426,0.6537617444992065,-0.014459680765867233,0.39467620849609375,0.621236264705658,-0.018846813589334488,0.3860817551612854,0.6911301016807556,-0.01708066090941429,0.4325728714466095,0.7223008275032043,-0.02644919417798519,0.4168906807899475,0.7330687642097473,-0.028795313090085983,0.39903393387794495,0.7269324660301208,-0.029307425022125244,0.38607674837112427,0.7266414761543274,-0.021858155727386475,0.4300791025161743,0.7545684576034546,-0.025916574522852898,0.4127185046672821,0.7618235945701599,-0.021392041817307472,0.3951345384120941,0.7535445094108582,-0.01942751556634903,0.3836796283721924,0.7636573314666748,-0.026370754465460777,0.42434948682785034,0.7854508757591248,-0.028529683127999306,0.40779703855514526,0.7892917394638062,-0.018022526055574417,0.39075392484664917,0.7820790410041809,-0.012513034045696259,0.3802401125431061,0.7990981340408325,-0.031018787994980812,0.4138559103012085,0.808925211429596,-0.03043045476078987,0.3988081216812134,0.8106456995010376,-0.02068728394806385,0.3838326036930084,0.8049567937850952,-0.014421120285987854
0.3048133850097656,0.7703316807746887,-2.2185560055731912e-07,0.32416626811027527,0.7255964279174805,-0.002258522203192115,0.3602340519428253,0.6845054626464844,-0.008942458778619766,0.39040762186050415,0.6545470356941223,-0.01578259840607643,0.3958923816680908,0.6213991641998291,-0.020794205367565155,0.3872106075286865,0.6925100684165955,-0.017063045874238014,0.43393129110336304,0.723078191280365,-0.026836233213543892,0.4178934693336487,0.7341427206993103,-0.02964572235941887,0.3997616767883301,0.7280582189559937,-0.03043007105588913,0.3868253827095032,0.7278882265090942,-0.0220368430018425,0.4310162365436554,0.7554410099983215,-0.026391049847006798,0.4135003089904785,0.7631491422653198,-0.022297075018286705,0.39574339985847473,0.754737377166748,-0.02059411071240902,0.38419365882873535,0.7649269104003906,-0.026802873238921165,0.42508721351623535,0.7863644957542419,-0.029199957847595215,0.408526211977005,0.7906090617179871,-0.018799617886543274,0.391369104385376,0.7833575010299683,-0.013303037732839584,0.3805849850177765,0.8004292249679565,-0.03173528239130974,0.41475722193717957,0.8100184202194214,-0.031145719811320305,0.3996422290802002,0.8120275139808655,-0.021211979910731316,0.3845067024230957,0.8064209222793579,-0.01477866992354393
0.30521804094314575,0.7712084650993347,-2.2545228262060846e-07,0.3254406154155731,0.725769579410553,-0.0011845026165246964,0.36141034960746765,0.6841296553611755,-0.007318513933569193,0.39134714007377625,0.6540138721466064,-0.013759569264948368,0.3962101936340332,0.6212857961654663,-0.018437134101986885,0.3877418041229248,0.6926771998405457,-0.015728643164038658,0.4340079724788666,0.7229428887367249,-0.025036299601197243,0.4180452227592468,0.7337053418159485,-0.027744993567466736,0.39990559220314026,0.7275885939598083,-0.028514103963971138,0.3873979151248932,0.7287028431892395,-0.021074244752526283,0.4315205216407776,0.7554741501808167,-0.024813750758767128,0.41435950994491577,0.7633179426193237,-0.020580176264047623,0.39662131667137146,0.7554200887680054,-0.018838409334421158,0.384861558675766,0.7661066055297852,-0.026127204298973083,0.42542320489883423,0.7866504192352295,-0.02790370211005211,0.40896257758140564,0.7909930348396301,-0.017391076311469078,0.3917931020259857,0.7839558720588684,-0.01192628126591444,0.3812938332557678,0.801879346370697,-0.03127408027648926,0.4150267243385315,0.8105444312095642,-0.030244585126638412,0.39973485469818115,0.8126178979873657,-0.02011161297559738,0.38468897342681885,0.8072541952133179,-0.01361544243991375
0.316831111907959,0.7678776979446411,-2.2269628630056104e-07,0.3375515341758728,0.7223670482635498,-0.0021100800950080156,0.37333598732948303,0.6815750598907471,-0.008165004663169384,0.4033520817756653,0.6522797346115112,-0.014409807510674,0.4086732566356659,0.6198977828025818,-0.018856771290302277,0.4002847671508789,0.6908957362174988,-0.014677091501653194,0.44476601481437683,0.7219382524490356,-0.024216854944825172,0.42861825227737427,0.7322677969932556,-0.02777206338942051,0.4107360243797302,0.7258761525154114,-0.029187599197030067,0.4003976285457611,0.7274647951126099,-0.019505716860294342,0.442141056060791,0.7541150450706482,-0.02321869134902954,0.42519044876098633,0.7615492939949036,-0.019757475703954697,0.40808308124542236,0.7535088062286377,-0.018580418080091476,0.39813467860221863,0.7654697299003601,-0.02425994910299778,0.43667569756507874,0.7858874201774597,-0.026236658915877342,0.420440137386322,0.7896825075149536,-0.016333937644958496,0.4035072326660156,0.7825528979301453,-0.01119083072990179,0.3944993019104004,0.8014466762542725,-0.029238779097795486,0.42611604928970337,0.8101702928543091,-0.02846788801252842,0.41104403138160706,0.8118820190429688,-0.0187347624450922,0.3964296579360962,0.8067283630371094,-0.012382461689412594
0.3206881284713745,0.7688918113708496,-2.191433594589398e-07,0.3412450850009918,0.72364342212677,-0.002380965743213892,0.37703150510787964,0.6834887266159058,-0.008408525958657265,0.40734148025512695,0.6543751955032349,-0.014384699985384941,0.41364240646362305,0.6218116283416748,-0.018488233909010887,0.4046880304813385,0.6913998126983643,-0.015206919051706791,0.449420303106308,0.7225855588912964,-0.024187998846173286,0.4335725009441376,0.7340338230133057,-0.027063589543104172,0.41571497917175293,0.7278439998626709,-0.0280001200735569,0.40539443492889404,0.727523922920227,-0.019583407789468765,0.4468177855014801,0.7545440793037415,-0.022898413240909576,0.42999815940856934,0.7630783915519714,-0.019186241552233696,0.4128945469856262,0.7550334930419922,-0.017815742641687393,0.4034428596496582,0.7649855017662048,-0.023805413395166397,0.44058936834335327,0.7862395644187927,-0.025257527828216553,0.42476558685302734,0.7908474206924438,-0.015574870631098747,0.40810632705688477,0.7835696935653687,-0.010684574022889137,0.3999604880809784,0.8004680275917053,-0.02824060432612896,0.42981842160224915,0.809643030166626,-0.027101272717118263,0.4151059687137604,0.8113092184066772,-0.01767260581254959,0.40089893341064453,0.805540919303894,-0.011572055518627167
0.3229285478591919,0.7652997374534607,-2.20794575511718e-07,0.34411418437957764,0.7198924422264099,-0.0018487789202481508,0.38046568632125854,0.6794703602790833,-0.007433449849486351,0.4112466871738434,0.6502876877784729,-0.01295573078095913,0.415900319814682,0.6178297996520996,-0.016696585342288017,0.40787309408187866,0.688220739364624,-0.013964837417006493,0.451227605342865,0.720230758190155,-0.022533955052495003,0.43545296788215637,0.7303319573402405,-0.02575615979731083,0.4178551733493805,0.7236972451210022,-0.027047958225011826,0.40826302766799927,0.7246959805488586,-0.01832890883088112,0.44859978556632996,0.7518616914749146,-0.020874744281172752,0.43238702416419983,0.7593823075294495,-0.01728883758187294,0.4157553017139435,0.7516692876815796,-0.016160327941179276,0.4062567353248596,0.7625080347061157,-0.02249661646783352,0.44213998317718506,0.7834762930870056,-0.023133350536227226,0.4270504117012024,0.7870608568191528,-0.013692695647478104,0.4108112156391144,0.7798575758934021,-0.009121288545429707,0.4028940796852112,0.798164427280426,-0.026871854439377785,0.4318227469921112,0.8065392971038818,-0.025215154513716698,0.4173780679702759,0.8078324794769287,-0.015855180099606514,0.40356066823005676,0.8025819659233093,-0.009883149527013302
0.3230372667312622,0.7673202157020569,-2.2797496512794169e-07,0.343505322933197,0.7214126586914062,-0.0017064193962141871,0.37967759370803833,0.680090069770813,-0.00745513616129756,0.4103745222091675,0.6508966088294983,-0.013146355748176575,0.41532817482948303,0.6182866096496582,-0.017060058191418648,0.40742215514183044,0.6892008185386658,-0.015264914371073246,0.45097076892852783,0.7205342054367065,-0.023693609982728958,0.4351329803466797,0.7312161922454834,-0.026370104402303696,0.4171748161315918,0.7248008847236633,-0.027369823306798935,0.4078889489173889,0.7252320647239685,-0.01989828608930111,0.4484887421131134,0.752653181552887,-0.022594407200813293,0.43189823627471924,0.7606947422027588,-0.018750397488474846,0.4148518741130829,0.7529433369636536,-0.017533469945192337,0.40597033500671387,0.7628943920135498,-0.024211114272475243,0.4423689544200897,0.7846044898033142,-0.025013580918312073,0.4268361032009125,0.7886137366294861,-0.015406087040901184,0.4102272391319275,0.7814087867736816,-0.010872501879930496,0.4027435779571533,0.7988846898078918,-0.028684308752417564,0.43180084228515625,0.8081876039505005,-0.02738836035132408,0.4168919622898102,0.8095159530639648,-0.018106430768966675,0.4027612507343292,0.8038466572761536,-0.012263724580407143
0.32313984632492065,0.7676233053207397,-2.272853691920318e-07,0.3425235152244568,0.7218506336212158,-0.002358985599130392,0.37857627868652344,0.6803053617477417,-0.008358481340110302,0.4096073806285858,0.6508978605270386,-0.014305581338703632,0.4151960015296936,0.6181290149688721,-0.018393859267234802,0.40648430585861206,0.6887574791908264,-0.015197765082120895,0.450796902179718,0.71946781873703,-0.024104252457618713,0.4344351887702942,0.7310337424278259,-0.027046676725149155,0.416456937789917,0.724656343460083,-0.028131062164902687,0.40725043416023254,0.7246831059455872,-0.01959276758134365,0.4480869770050049,0.7518099546432495,-0.02297922410070896,0.43074584007263184,0.7605485916137695,-0.01935839094221592,0.4135713279247284,0.7526142597198486,-0.018010595813393593,0.4055972993373871,0.762349009513855,-0.023820796981453896,0.4414333999156952,0.7838192582130432,-0.02529989369213581,0.4252409040927887,0.7885546088218689,-0.015653952956199646,0.4086105227470398,0.7813586592674255,-0.01082428265362978,0.4027615785598755,0.7983764410018921,-0.028284478932619095,0.4312647879123688,0.8078732490539551,-0.02744854800403118,0.4158731997013092,0.8101598024368286,-0.018164638429880142,0.4017390310764313,0.80490642786026,-0.012130413204431534
0.32330626249313354,0.767214834690094,-2.3508962954110757e-07,0.3420937657356262,0.7214486598968506,-0.002539733424782753,0.37860190868377686,0.6794531941413879,-0.008330153301358223,0.40968942642211914,0.6505539417266846,-0.013914947398006916,0.415262907743454,0.617847204208374,-0.017679819837212563,0.40688464045524597,0.6881886124610901,-0.016206834465265274,0.45086050033569336,0.7196666598320007,-0.02476600930094719,0.4347088038921356,0.7306551337242126,-0.027223465964198112,0.41670098900794983,0.7242212295532227,-0.028053035959601402,0.40758615732192993,0.7240341901779175,-0.02039807289838791,0.4480065107345581,0.752042293548584,-0.023638373240828514,0.43077942728996277,0.7600132822990417,-0.019811425358057022,0.4135950207710266,0.7518313527107239,-0.01846783049404621,0.40578871965408325,0.7616012692451477,-0.02432834357023239,0.44203639030456543,0.7837129831314087,-0.025761181488633156,0.4259558916091919,0.7879922389984131,-0.016112269833683968,0.40928295254707336,0.7807645797729492,-0.011405928991734982,0.4028104245662689,0.7974117398262024,-0.02846316061913967,0.4320867955684662,0.8073780536651611,-0.027729149907827377,0.4166833758354187,0.8091838955879211,-0.0185477863997221,0.40227770805358887,0.8034517765045166,-0.012665131129324436
0.3232985734939575,0.7667016386985779,-2.3231315537941555e-07,0.3427399694919586,0.7208113074302673,-0.0023772658314555883,0.37895211577415466,0.6799846291542053,-0.008258317597210407,0.40967971086502075,0.6511366963386536,-0.01420111209154129,0.41541245579719543,0.6184514164924622,-0.01834251545369625,0.4069773852825165,0.6894462704658508,-0.014704858884215355,0.45078060030937195,0.7196283340454102,-0.02368103340268135,0.43459007143974304,0.730621337890625,-0.026888128370046616,0.4166826605796814,0.724215030670166,-0.028210708871483803,0.4075300991535187,0.7253426313400269,-0.019263440743088722,0.4477178454399109,0.7516987323760986,-0.022660180926322937,0.4306744337081909,0.7599821090698242,-0.019347751513123512,0.41372010111808777,0.7519317269325256,-0.01833624392747879,0.4054901897907257,0.7627593874931335,-0.023709066212177277,0.44180524349212646,0.7834402322769165,-0.025345247238874435,0.4258368909358978,0.7880014777183533,-0.0157806146889925,0.40926456451416016,0.7807722687721252,-0.01103802490979433,0.4021422863006592,0.7983022332191467,-0.028398770838975906,0.43174710869789124,0.8072757720947266,-0.027674224227666855,0.41676557064056396,0.8093916177749634,-0.018313832581043243,0.40259504318237305,0.8039730787277222,-0.01226252131164074
0.3231763243675232,0.7669457197189331,-2.3465382525955647e-07,0.3427681028842926,0.721096396446228,-0.0019296945538371801,0.3788880407810211,0.6795628070831299,-0.0075549655593931675,0.40968626737594604,0.6509373784065247,-0.01319324690848589,0.4154547154903412,0.6186450719833374,-0.017040250822901726,0.4074494540691376,0.6884069442749023,-0.015069518238306046,0.45076262950897217,0.7200887203216553,-0.023755576461553574,0.43467599153518677,0.7313350439071655,-0.026525428518652916,0.41691356897354126,0.7249791622161865,-0.02757004275918007,0.40776199102401733,0.7243110537528992,-0.019695254042744637,0.44811365008354187,0.752336323261261,-0.02299227938055992,0.43110018968582153,0.7606106400489807,-0.01933188922703266,0.414036363363266,0.7524364590644836,-0.018079034984111786,0.40565240383148193,0.7617889046669006,-0.024092214182019234,0.4417486786842346,0.7839798331260681,-0.025553157553076744,0.4258761703968048,0.7883434295654297,-0.01597726345062256,0.4093671441078186,0.7809325456619263,-0.011265539564192295,0.40232017636299133,0.7975906133651733,-0.028673697263002396,0.4317619204521179,0.8076565265655518,-0.027753671631217003,0.41670408844947815,0.8093843460083008,-0.01851593144237995,0.40247055888175964,0.8034412264823914,-0.01260653417557478
0.3221157193183899,0.7659295201301575,-2.2205784944162588e-07,0.343375563621521,0.7198163270950317,-0.0023697922006249428,0.37938234210014343,0.6798095107078552,-0.008167337626218796,0.4096967279911041,0.6505638360977173,-0.014003750868141651,0.41538986563682556,0.6176629066467285,-0.018005484715104103,0.4073442816734314,0.6884024143218994,-0.014207196421921253,0.45062005519866943,0.7202394604682922,-0.023302720859646797,0.43450069427490234,0.7313758134841919,-0.026638654991984367,0.41671255230903625,0.7250131964683533,-0.02802816778421402,0.4077879786491394,0.7242482900619507,-0.018742259591817856,0.447812557220459,0.7519022226333618,-0.022257767617702484,0.4312371611595154,0.7602376937866211,-0.01915901154279709,0.4147857427597046,0.7520846128463745,-0.018288837745785713,0.4057282507419586,0.7616589069366455,-0.023199809715151787,0.4418368339538574,0.7835413217544556,-0.024926932528614998,0.4262462854385376,0.7878169417381287,-0.01565367728471756,0.4101922810077667,0.7802540063858032,-0.011058016680181026,0.40223488211631775,0.7971168160438538,-0.02790665253996849,0.4313698410987854,0.807056188583374,-0.027080310508608818,0.4167667031288147,0.8089056015014648,-0.017927195876836777,0.4030664563179016,0.8032310009002686,-0.01200830563902855
0.3226175606250763,0.7666017413139343,-2.2897164342339238e-07,0.3425067365169525,0.7210689783096313,-0.0025081420317292213,0.37898558378219604,0.6802154779434204,-0.008256771601736546,0.41006574034690857,0.6511417031288147,-0.013873820193111897,0.41603416204452515,0.6185094714164734,-0.01762642152607441,0.40773189067840576,0.6884378790855408,-0.014794336631894112,0.45119816064834595,0.7204095721244812,-0.023564744740724564,0.4350840151309967,0.7313604354858398,-0.026592837646603584,0.41720402240753174,0.7248739004135132,-0.02779577672481537,0.4082600772380829,0.7245094776153564,-0.019062217324972153,0.4483421742916107,0.7524195313453674,-0.022241348400712013,0.43144914507865906,0.7605777978897095,-0.018766572698950768,0.41460534930229187,0.752253532409668,-0.017679989337921143,0.4061848521232605,0.7620476484298706,-0.02319934032857418,0.44216883182525635,0.7844082713127136,-0.02463754080235958,0.42639607191085815,0.7885681390762329,-0.015223318710923195,0.41005101799964905,0.7807570099830627,-0.010635959915816784,0.4027373790740967,0.7975830435752869,-0.027578627690672874,0.4317309856414795,0.8079788684844971,-0.02671748399734497,0.41661587357521057,0.8095840215682983,-0.017612047493457794,0.40241578221321106,0.803393542766571,-0.01178029179573059
0.32363492250442505,0.766170084476471,-2.3507661239818844e-07,0.34274381399154663,0.721114456653595,-0.00268257362768054,0.379249632358551,0.6792837381362915,-0.00850062258541584,0.4105532765388489,0.6496982574462891,-0.01415474433451891,0.41640788316726685,0.6168509721755981,-0.017966093495488167,0.40838703513145447,0.6873899102210999,-0.015589478425681591,0.452286034822464,0.7190983295440674,-0.02386586181819439,0.43636277318000793,0.7309145927429199,-0.026368793100118637,0.418628454208374,0.7247769236564636,-0.02736000344157219,0.4091742932796478,0.7233803272247314,-0.01974620670080185,0.4492928981781006,0.7515342235565186,-0.022615890949964523,0.4322262406349182,0.7600516676902771,-0.018907219171524048,0.41513097286224365,0.7517090439796448,-0.017777007073163986,0.40732094645500183,0.7609438896179199,-0.023668870329856873,0.44305863976478577,0.7832682132720947,-0.024815883487462997,0.42727920413017273,0.7878150939941406,-0.01528033148497343,0.4107895791530609,0.7803744077682495,-0.010729020461440086,0.40423473715782166,0.7965978384017944,-0.02783474326133728,0.4333105683326721,0.8063164353370667,-0.026738271117210388,0.418212354183197,0.8081881999969482,-0.017432736232876778,0.4038340151309967,0.8023387789726257,-0.011510089971125126
0.32387644052505493,0.7632105946540833,-2.1830970808878192e-07,0.34543976187705994,0.7172815799713135,-0.001960692461580038,0.38193708658218384,0.676538348197937,-0.0071369195356965065,0.4126179814338684,0.6472200751304626,-0.01233124639838934,0.41787728667259216,0.6149232983589172,-0.01566356047987938,0.41017723083496094,0.6843576431274414,-0.012518261559307575,0.4530033469200134,0.7158063054084778,-0.020991217344999313,0.43749070167541504,0.7267559170722961,-0.024387076497077942,0.41973012685775757,0.7204757332801819,-0.025911659002304077,0.4109596312046051,0.7195608615875244,-0.01696605235338211,0.45062392950057983,0.7478086948394775,-0.019641056656837463,0.43456268310546875,0.7561142444610596,-0.01665814407169819,0.4184258282184601,0.7478012442588806,-0.015979452058672905,0.40904244780540466,0.756895899772644,-0.021333783864974976,0.4445263743400574,0.7794889211654663,-0.022375458851456642,0.42942503094673157,0.7837748527526855,-0.01356736570596695,0.4136662781238556,0.7761064171791077,-0.009370893239974976,0.4055144190788269,0.7928723692893982,-0.025928454473614693,0.4339728355407715,0.8027876019477844,-0.024695901200175285,0.4194798171520233,0.8043712973594666,-0.015801968052983284,0.40590760111808777,0.7985265254974365,-0.010096448473632336
0.32424938678741455,0.7613251209259033,-2.2421386347559746e-07,0.34530574083328247,0.7159150838851929,-0.0021409429609775543,0.3820858895778656,0.6748756766319275,-0.007551354356110096,0.413009911775589,0.6458625197410583,-0.012866386212408543,0.4178609848022461,0.613777756690979,-0.016350189223885536,0.4092312455177307,0.6828169822692871,-0.014487174339592457,0.4528736472129822,0.714541494846344,-0.023208044469356537,0.43728798627853394,0.7253760695457458,-0.02622814290225506,0.4193305969238281,0.7188459038734436,-0.027368182316422462,0.4097091853618622,0.718694269657135,-0.018785616382956505,0.45025837421417236,0.7464654445648193,-0.021891100332140923,0.4339926242828369,0.754548192024231,-0.01853167451918125,0.4173743426799774,0.7463125586509705,-0.01750335283577442,0.4079011380672455,0.756293773651123,-0.022883113473653793,0.44423961639404297,0.7780128717422485,-0.024165092036128044,0.42901402711868286,0.7822521328926086,-0.014918556436896324,0.41283735632896423,0.7749342918395996,-0.010386190377175808,0.40484562516212463,0.7920386791229248,-0.027177954092621803,0.4340364933013916,0.8008463382720947,-0.02597581408917904,0.41952627897262573,0.802654504776001,-0.016802804544568062,0.40571048855781555,0.7972859144210815,-0.010934812016785145
0.3241298496723175,0.7629526853561401,-2.3104266233531234e-07,0.3451370596885681,0.7178738117218018,-0.0020179145503789186,0.3824772834777832,0.6763074994087219,-0.007174223195761442,0.4132556617259979,0.6465664505958557,-0.012396608479321003,0.4181000292301178,0.6141440868377686,-0.015778593719005585,0.4099224805831909,0.6841379404067993,-0.013457614928483963,0.4534476101398468,0.7152669429779053,-0.02218582108616829,0.43761152029037476,0.7266393899917603,-0.025499161332845688,0.4197215735912323,0.7205196022987366,-0.02693355828523636,0.4105067551136017,0.7194607257843018,-0.017893539741635323,0.4502943754196167,0.7474944591522217,-0.021028073504567146,0.4336203336715698,0.7560123801231384,-0.017876679077744484,0.4170050024986267,0.7477771639823914,-0.01697666570544243,0.4084015488624573,0.7566152811050415,-0.022227268666028976,0.44430068135261536,0.7794026136398315,-0.023636652156710625,0.4288482666015625,0.7839885950088501,-0.014655720442533493,0.41275155544281006,0.7763959765434265,-0.010273316875100136,0.4048679769039154,0.7920768857002258,-0.026762930676341057,0.4339335858821869,0.8026916980743408,-0.025598052889108658,0.41922837495803833,0.8045781850814819,-0.016543395817279816,0.40519118309020996,0.7986157536506653,-0.010740214958786964
0.3237096071243286,0.7637015581130981,-2.2848581693324377e-07,0.34355881810188293,0.7182006239891052,-0.0020253474358469248,0.38019245862960815,0.6763232946395874,-0.007415479049086571,0.4109673500061035,0.6469907760620117,-0.012815184891223907,0.4160621464252472,0.6145350337028503,-0.016448382288217545,0.4087711274623871,0.6842133402824402,-0.014383693225681782,0.4520606994628906,0.7153687477111816,-0.022611716762185097,0.4366731345653534,0.7273088693618774,-0.02538183704018593,0.4191811978816986,0.7213082909584045,-0.026576600968837738,0.4093126058578491,0.7196306586265564,-0.018931647762656212,0.44908222556114197,0.7483382225036621,-0.021718455478549004,0.43261319398880005,0.7571588158607483,-0.018314499408006668,0.4159616529941559,0.748943030834198,-0.017408082261681557,0.4071653187274933,0.7568607330322266,-0.023261388763785362,0.44308382272720337,0.7800264954566956,-0.02439626306295395,0.4276481568813324,0.7847334146499634,-0.015243321657180786,0.4115007519721985,0.7772197723388672,-0.01095260214060545,0.4036387503147125,0.7924447655677795,-0.02778325416147709,0.43281200528144836,0.80323725938797,-0.02663622796535492,0.4179537296295166,0.805160641670227,-0.017521977424621582,0.40379267930984497,0.7991008758544922,-0.01178254559636116
0.32382670044898987,0.7630537152290344,-2.2743033412098157e-07,0.3440329134464264,0.717050313949585,-0.0023746953811496496,0.38017696142196655,0.6765884757041931,-0.00823869276791811,0.410641610622406,0.6476511359214783,-0.014166359789669514,0.4169839322566986,0.6148737668991089,-0.018269291147589684,0.4083559215068817,0.6851094365119934,-0.014499847777187824,0.4517017900943756,0.7161942720413208,-0.02336154505610466,0.43592360615730286,0.7275877594947815,-0.026470880955457687,0.41834285855293274,0.7213766574859619,-0.02773272804915905,0.4088117778301239,0.7208510041236877,-0.019059767946600914,0.4483056962490082,0.7485790252685547,-0.022493138909339905,0.43145743012428284,0.7567440867424011,-0.01932509057223797,0.4147712290287018,0.7482121586799622,-0.01840244233608246,0.4065609574317932,0.758250892162323,-0.0234884861856699,0.44236141443252563,0.7801154255867004,-0.02522115223109722,0.4266171455383301,0.7845881581306458,-0.015874722972512245,0.410287469625473,0.7770587801933289,-0.011232773773372173,0.40291690826416016,0.7937871217727661,-0.02814153954386711,0.4322064518928528,0.8036417365074158,-0.027390608564019203,0.41739749908447266,0.8054921627044678,-0.018083255738019943,0.403285950422287,0.7995792627334595,-0.012022500857710838
0.3224726617336273,0.7630710601806641,-2.2212076089545008e-07,0.34297171235084534,0.7169431447982788,-0.0020198095589876175,0.37909814715385437,0.6755226254463196,-0.007520000915974379,0.4095015227794647,0.6462705731391907,-0.01303136721253395,0.4152580201625824,0.6138884425163269,-0.016706794500350952,0.40609028935432434,0.6834915280342102,-0.01448032632470131,0.4509705603122711,0.7144584059715271,-0.02360444702208042,0.43527457118034363,0.726182222366333,-0.026885652914643288,0.41722410917282104,0.7202479243278503,-0.028145205229520798,0.40694332122802734,0.7190715670585632,-0.01899263821542263,0.4479370713233948,0.7468603849411011,-0.022397998720407486,0.43138712644577026,0.7556211948394775,-0.019108358770608902,0.41458767652511597,0.7475981116294861,-0.018109440803527832,0.4053034782409668,0.7563214898109436,-0.023373398929834366,0.442146360874176,0.7788704633712769,-0.024824781343340874,0.42663779854774475,0.7834557294845581,-0.015524830669164658,0.41040563583374023,0.7759455442428589,-0.010982658714056015,0.40229174494743347,0.7917042374610901,-0.027968458831310272,0.43163642287254333,0.8021867275238037,-0.026925839483737946,0.4168601632118225,0.8042225241661072,-0.017806552350521088,0.4028947949409485,0.7983741760253906,-0.011981848627328873
0.32156920433044434,0.7630108594894409,-2.3019519801437127e-07,0.3423779308795929,0.7176125049591064,-0.0021579847671091557,0.3793633282184601,0.6761155128479004,-0.007480713073164225,0.41003862023353577,0.6461649537086487,-0.012762797065079212,0.4149209260940552,0.6134885549545288,-0.01622297614812851,0.40730857849121094,0.6837204098701477,-0.014147209003567696,0.4509943723678589,0.7151073813438416,-0.02297055721282959,0.4350172281265259,0.7269464731216431,-0.026193872094154358,0.4171168804168701,0.7207792401313782,-0.02752041071653366,0.40795445442199707,0.7196751832962036,-0.01850614883005619,0.44774436950683594,0.7473912835121155,-0.021692946553230286,0.4311172366142273,0.7561244368553162,-0.018536800518631935,0.41446414589881897,0.7479355335235596,-0.017654187977313995,0.4060637950897217,0.7572547793388367,-0.02272222563624382,0.4415048360824585,0.7797859907150269,-0.024164795875549316,0.42605361342430115,0.784217894077301,-0.015211562626063824,0.40992453694343567,0.7764724493026733,-0.010882901027798653,0.4028204083442688,0.7928323149681091,-0.027141422033309937,0.43124207854270935,0.8032937049865723,-0.026128165423870087,0.41632401943206787,0.8051295876502991,-0.017190000042319298,0.4022906720638275,0.7991207242012024,-0.011463852599263191
0.3221862018108368,0.7649754285812378,-2.3372744806238188e-07,0.34235647320747375,0.7194750308990479,-0.002237339736893773,0.3790378272533417,0.6782225370407104,-0.007833695970475674,0.40955060720443726,0.6485824584960938,-0.013413789682090282,0.4149777293205261,0.6157748103141785,-0.017170635983347893,0.40703344345092773,0.6865588426589966,-0.014799720607697964,0.4507310688495636,0.7178558111190796,-0.023596378043293953,0.43475186824798584,0.7289484739303589,-0.026568561792373657,0.4169265925884247,0.7228208184242249,-0.027703525498509407,0.40742263197898865,0.7229776978492737,-0.019173597916960716,0.447399765253067,0.7502056360244751,-0.022460779175162315,0.4306352436542511,0.7581787109375,-0.01907919906079769,0.41393354535102844,0.7500866055488586,-0.01804218254983425,0.40538546442985535,0.760939359664917,-0.023360420018434525,0.4416751563549042,0.782483696937561,-0.024914178997278214,0.4260481297969818,0.7866161465644836,-0.01552635058760643,0.4097212851047516,0.779163658618927,-0.010889348573982716,0.40216103196144104,0.7967535257339478,-0.027736056596040726,0.4316864609718323,0.8060896396636963,-0.02676299214363098,0.4169521927833557,0.8078393936157227,-0.017482779920101166,0.40291404724121094,0.8021291494369507,-0.011512895114719868
0.3228527009487152,0.7625242471694946,-2.193470294287181e-07,0.34333327412605286,0.7164013981819153,-0.003173548961058259,0.3798133432865143,0.6751505136489868,-0.009230689145624638,0.4107942581176758,0.6450798511505127,-0.015186132863163948,0.4161754250526428,0.6121270656585693,-0.019265875220298767,0.4078252613544464,0.6839028596878052,-0.01455425564199686,0.4523918032646179,0.7144743800163269,-0.02430863492190838,0.43637678027153015,0.7260358929634094,-0.028436720371246338,0.418439120054245,0.7200517654418945,-0.03028748370707035,0.4088767468929291,0.7201825380325317,-0.018670780584216118,0.4493044912815094,0.7470424175262451,-0.022547176107764244,0.4325713813304901,0.7552820444107056,-0.019729558378458023,0.41585221886634827,0.7471191883087158,-0.018945036455988884,0.4072295129299164,0.7579168081283569,-0.022855738177895546,0.4425317347049713,0.7793446183204651,-0.02470088191330433,0.42703384160995483,0.7834485769271851,-0.015585120767354965,0.4108860492706299,0.7759580016136169,-0.011028936132788658,0.40411829948425293,0.7935419082641602,-0.02740262635052204,0.43198755383491516,0.8026832342147827,-0.026514699682593346,0.41712701320648193,0.804468035697937,-0.017359063029289246,0.4033302664756775,0.79904705286026,-0.01140356995165348
0.3260043263435364,0.7653405070304871,-2.2231752438983676e-07,0.34649133682250977,0.7189868092536926,-0.0027228347025811672,0.38262635469436646,0.6772143840789795,-0.00841531902551651,0.4133418798446655,0.6476083397865295,-0.014147398062050343,0.4189627766609192,0.614919126033783,-0.01801568642258644,0.4106198251247406,0.6855913400650024,-0.013421203009784222,0.45420965552330017,0.7161299586296082,-0.023035500198602676,0.43854081630706787,0.7276259064674377,-0.027172042056918144,0.4204936623573303,0.7219369411468506,-0.028972113505005836,0.4114709794521332,0.7216424345970154,-0.01771598681807518,0.4513372480869293,0.7488202452659607,-0.021673882380127907,0.43505990505218506,0.7573186159133911,-0.01914186030626297,0.4184357523918152,0.74932861328125,-0.018487799912691116,0.40991196036338806,0.759338915348053,-0.022093405947089195,0.4455747902393341,0.7811958193778992,-0.024171674624085426,0.43035271763801575,0.785699188709259,-0.015411376953125,0.41433537006378174,0.7782943844795227,-0.010973009280860424,0.40710824728012085,0.7952142953872681,-0.026767369359731674,0.4359052777290344,0.8048223257064819,-0.026075046509504318,0.42124059796333313,0.8068713545799255,-0.0171025563031435,0.4074593186378479,0.8014622330665588,-0.01120846625417471
0.32342293858528137,0.7616176605224609,-2.0662180588715273e-07,0.34563469886779785,0.7137532234191895,-0.0014405990950763226,0.3818482458591461,0.6730067133903503,-0.00667499378323555,0.41229674220085144,0.6436223387718201,-0.01220728363841772,0.4168473184108734,0.6111541986465454,-0.015871619805693626,0.40989652276039124,0.6805983781814575,-0.011262895539402962,0.4534474313259125,0.7105007767677307,-0.019981512799859047,0.4382456839084625,0.7221018671989441,-0.023860692977905273,0.42044180631637573,0.7165793180465698,-0.025629136711359024,0.41061073541641235,0.7158270478248596,-0.016133196651935577,0.4510979652404785,0.7439451217651367,-0.018959663808345795,0.4354790449142456,0.7525501847267151,-0.016433019191026688,0.4192577004432678,0.7443647980690002,-0.01601211354136467,0.4087889790534973,0.7533978223800659,-0.020965080708265305,0.4446170926094055,0.7757744789123535,-0.021955808624625206,0.4299986660480499,0.7806487083435059,-0.013325449079275131,0.4143790304660797,0.7735662460327148,-0.009155264124274254,0.4055940806865692,0.7898762822151184,-0.026027007028460503,0.43529820442199707,0.7996313571929932,-0.024296903982758522,0.4214096963405609,0.8016090989112854,-0.015102055855095387,0.4079357981681824,0.7961519360542297,-0.00920423585921526
0.3317735195159912,0.7419760823249817,-2.0377468956667144e-07,0.3520318567752838,0.6937432289123535,-0.0029906099662184715,0.38652023673057556,0.6503793597221375,-0.008197487331926823,0.41547539830207825,0.6182631850242615,-0.013614092953503132,0.41839924454689026,0.5856124758720398,-0.01705416850745678,0.4145207703113556,0.6545549631118774,-0.010012426413595676,0.4570128619670868,0.6832314133644104,-0.019130025058984756,0.4426364302635193,0.6960499882698059,-0.023704808205366135,0.42580023407936096,0.6917583346366882,-0.026121189817786217,0.41686317324638367,0.6874729990959167,-0.014238392002880573,0.45566415786743164,0.7156391739845276,-0.017871057614684105,0.44049718976020813,0.7254635095596313,-0.0164689589291811,0.4253596067428589,0.7180477380752563,-0.016764068976044655,0.41671282052993774,0.7235797047615051,-0.018787231296300888,0.45185089111328125,0.7471978068351746,-0.021101759746670723,0.43750202655792236,0.7528818845748901,-0.014008628204464912,0.42248886823654175,0.7458769679069519,-0.01062728650867939,0.41488713026046753,0.7593675255775452,-0.023702876642346382,0.4424455463886261,0.7714654207229614,-0.023206766694784164,0.42883503437042236,0.7743571996688843,-0.015536018647253513,0.4157431721687317,0.7688798904418945,-0.010545557364821434
0.3338747024536133,0.7398948669433594,-2.1010772854879178e-07,0.35437095165252686,0.6915887594223022,-0.0028141967486590147,0.38913169503211975,0.6478862166404724,-0.008076855912804604,0.4185830354690552,0.6151412725448608,-0.013698146678507328,0.4223848879337311,0.5818693041801453,-0.017380332574248314,0.4177066683769226,0.650241494178772,-0.009540162049233913,0.46130451560020447,0.6792879700660706,-0.01873541995882988,0.4467369318008423,0.6939907670021057,-0.02364278770983219,0.42976832389831543,0.6904728412628174,-0.026366794481873512,0.42028602957725525,0.6830350756645203,-0.01403629407286644,0.45968231558799744,0.7121002078056335,-0.01772172935307026,0.4439992606639862,0.7231325507164001,-0.016526207327842712,0.42784547805786133,0.7158006429672241,-0.016948435455560684,0.420023113489151,0.7192621231079102,-0.018883438780903816,0.4549471139907837,0.743671178817749,-0.02107255719602108,0.4402361512184143,0.7502666711807251,-0.013880386017262936,0.4248085021972656,0.7433375716209412,-0.010482053272426128,0.41797494888305664,0.7553505301475525,-0.02412314899265766,0.4459226727485657,0.768441915512085,-0.023360738530755043,0.43173661828041077,0.7717849612236023,-0.01534363254904747,0.41792231798171997,0.7660539746284485,-0.010140599682927132
0.33051955699920654,0.7414605021476746,-2.0553513024879067e-07,0.3503987491130829,0.6937612891197205,-0.0034049812238663435,0.3853173553943634,0.649493932723999,-0.00853211060166359,0.41476118564605713,0.6165233254432678,-0.013771935366094112,0.41790643334388733,0.5832862854003906,-0.016972782090306282,0.4131612181663513,0.651759922504425,-0.009951678104698658,0.4568061828613281,0.6803948283195496,-0.019292403012514114,0.44213441014289856,0.6942121386528015,-0.02411039173603058,0.4249573349952698,0.6898718476295471,-0.026730872690677643,0.41588205099105835,0.6842820048332214,-0.014040685258805752,0.45555147528648376,0.7130606174468994,-0.01804135926067829,0.44013428688049316,0.723357617855072,-0.017119044438004494,0.4246727526187897,0.7152199745178223,-0.01770957186818123,0.41600242257118225,0.7201852202415466,-0.01852121576666832,0.4516313970088959,0.7451949715614319,-0.021025892347097397,0.4371407926082611,0.7511759996414185,-0.014338246546685696,0.42212772369384766,0.7434166669845581,-0.011274679563939571,0.41444382071495056,0.7560360431671143,-0.023404205217957497,0.4420418441295624,0.769713282585144,-0.023145422339439392,0.4281844198703766,0.7726756930351257,-0.015824133530259132,0.4149864912033081,0.7663973569869995,-0.01111638080328703
0.3316144347190857,0.7456970810890198,-2.1820505935465917e-07,0.34984448552131653,0.698115348815918,-0.0028172361198812723,0.3844016194343567,0.6553335189819336,-0.00845155119895935,0.41345712542533875,0.6233562231063843,-0.014363734051585197,0.41876155138015747,0.5896196365356445,-0.018345586955547333,0.4142024517059326,0.6586960554122925,-0.011168365366756916,0.4568087160587311,0.6874751448631287,-0.02031492441892624,0.44151246547698975,0.7012617588043213,-0.024694012477993965,0.4242492616176605,0.6971129179000854,-0.026999076828360558,0.41664817929267883,0.6917434334754944,-0.01578221656382084,0.4555712342262268,0.7191914916038513,-0.019470946863293648,0.4394091069698334,0.7291927337646484,-0.017660558223724365,0.42311742901802063,0.7220301628112793,-0.0176540594547987,0.41604432463645935,0.7276362776756287,-0.0206208024173975,0.4517079293727875,0.750313401222229,-0.02283433824777603,0.43627315759658813,0.7565430402755737,-0.014801357872784138,0.42058250308036804,0.7499867081642151,-0.010881622321903706,0.413622111082077,0.7630659937858582,-0.02582268975675106,0.44312310218811035,0.775528073310852,-0.025307659059762955,0.428666889667511,0.7787520289421082,-0.016848605126142502,0.41473352909088135,0.7729674577713013,-0.011292409151792526
0.3310920000076294,0.7441589832305908,-2.1663352356426913e-07,0.3493672013282776,0.6976934671401978,-0.0036275272723287344,0.38380566239356995,0.6544593572616577,-0.009339244104921818,0.4128991365432739,0.6225414872169495,-0.01508563756942749,0.41734999418258667,0.5892883539199829,-0.018910109996795654,0.4134441614151001,0.6583534479141235,-0.01217686664313078,0.4558711647987366,0.6870496273040771,-0.021232644096016884,0.4407133460044861,0.7010607123374939,-0.025497961789369583,0.4234844744205475,0.6968231201171875,-0.027771102264523506,0.4158324897289276,0.6915513873100281,-0.016249241307377815,0.45439857244491577,0.7193816900253296,-0.020088719204068184,0.4383050501346588,0.7297185659408569,-0.018442796543240547,0.4221014082431793,0.7221885323524475,-0.01852409541606903,0.4152817726135254,0.7275363206863403,-0.02054048329591751,0.450376033782959,0.7511075139045715,-0.02291874587535858,0.4351460337638855,0.7572021484375,-0.015195520594716072,0.4196265637874603,0.7500783801078796,-0.011458317749202251,0.41295862197875977,0.7629297971725464,-0.02523108385503292,0.4414052665233612,0.7755515575408936,-0.024999115616083145,0.4270002245903015,0.7789903283119202,-0.016855325549840927,0.41324999928474426,0.773221492767334,-0.011494329199194908
0.3282886743545532,0.7439145445823669,-2.1272785488690715e-07,0.347100168466568,0.6967549324035645,-0.0030479785054922104,0.38165950775146484,0.6529769897460938,-0.008414652198553085,0.41108837723731995,0.6207059621810913,-0.013922671787440777,0.4156964421272278,0.5876824259757996,-0.01740863174200058,0.4105640649795532,0.6571652889251709,-0.011147460900247097,0.4542798399925232,0.6851970553398132,-0.020298514515161514,0.4389922022819519,0.6989440321922302,-0.024622252210974693,0.42147526144981384,0.6946260929107666,-0.02687603235244751,0.4131820797920227,0.6897491812705994,-0.015397552400827408,0.4528244137763977,0.7173410058021545,-0.019004378467798233,0.43702393770217896,0.7279285192489624,-0.01723204180598259,0.4212712347507477,0.7207558155059814,-0.01726864092051983,0.41305699944496155,0.7254042625427246,-0.019930575042963028,0.448616087436676,0.7492466568946838,-0.022021226584911346,0.4335947036743164,0.7555490136146545,-0.014467581175267696,0.41843289136886597,0.7486482858657837,-0.010905017144978046,0.4113524854183197,0.7610812187194824,-0.02483997493982315,0.4395371079444885,0.7743561267852783,-0.02437715046107769,0.4251355528831482,0.7776586413383484,-0.016504744067788124,0.4117661118507385,0.7718104124069214,-0.011382702738046646
0.3299998342990875,0.7444401979446411,-2.029869961006625e-07,0.3493364453315735,0.6960731744766235,-0.003510934067890048,0.3834356367588043,0.653086245059967,-0.009284736588597298,0.4130587875843048,0.6211990118026733,-0.015135541558265686,0.41845574975013733,0.5877090692520142,-0.019001055508852005,0.4117588400840759,0.6561347842216492,-0.011916067451238632,0.45601019263267517,0.6860435605049133,-0.02130761556327343,0.4410591423511505,0.6998261213302612,-0.02564186230301857,0.4237339496612549,0.6955698132514954,-0.027842288836836815,0.41442248225212097,0.6896507740020752,-0.015996484085917473,0.4549453556537628,0.7184019088745117,-0.01997397281229496,0.43900254368782043,0.7284365892410278,-0.018257256597280502,0.42272111773490906,0.7208280563354492,-0.018276149407029152,0.4142834544181824,0.7258777022361755,-0.02034146897494793,0.4506438076496124,0.7500494122505188,-0.022670811042189598,0.43548154830932617,0.7557947635650635,-0.014925937168300152,0.41989371180534363,0.7485740184783936,-0.011175384745001793,0.41241100430488586,0.7615507245063782,-0.02508365921676159,0.44120827317237854,0.7745466232299805,-0.024611124768853188,0.42675673961639404,0.7774575352668762,-0.01644902303814888,0.4129234850406647,0.7714437246322632,-0.011108821257948875
0.3309103846549988,0.7451136708259583,-2.1304113317910378e-07,0.3497857451438904,0.6974998116493225,-0.0033454534132033587,0.3842047154903412,0.6546323299407959,-0.009120723232626915,0.41368865966796875,0.6231517195701599,-0.014948628842830658,0.41928374767303467,0.5899438261985779,-0.018780643120408058,0.41357770562171936,0.6585767865180969,-0.012346811592578888,0.4568704664707184,0.6885958909988403,-0.021963393315672874,0.4413606524467468,0.7022984027862549,-0.02645840309560299,0.4238867461681366,0.6979376077651978,-0.028804490342736244,0.41590365767478943,0.691325843334198,-0.01662023551762104,0.45543062686920166,0.7206035852432251,-0.020785696804523468,0.4389968514442444,0.7307441830635071,-0.01898977905511856,0.42271512746810913,0.7231158018112183,-0.018954850733280182,0.4153137505054474,0.7271813154220581,-0.021146615967154503,0.4508424699306488,0.7523517608642578,-0.02366592176258564,0.4352933168411255,0.7581319212913513,-0.015813179314136505,0.4198732376098633,0.7506948709487915,-0.012016327120363712,0.4129815399646759,0.7628234028816223,-0.02607411891222,0.44126370549201965,0.7772291898727417,-0.025850500911474228,0.4264993965625763,0.7803261876106262,-0.017756134271621704,0.41286295652389526,0.7742051482200623,-0.012441474944353104
0.33003106713294983,0.744810163974762,-2.0596108640802413e-07,0.3500033915042877,0.6975789070129395,-0.0033499901182949543,0.3856375515460968,0.654291033744812,-0.008510787039995193,0.41497567296028137,0.6225981712341309,-0.01371353305876255,0.41882598400115967,0.589821457862854,-0.0168464332818985,0.4127379357814789,0.6579975485801697,-0.010980905964970589,0.4569694995880127,0.6875870227813721,-0.020186007022857666,0.4421059191226959,0.7010747790336609,-0.024453025311231613,0.4245927333831787,0.6969965696334839,-0.02658626064658165,0.4151115119457245,0.6911724805831909,-0.01494729146361351,0.4551609754562378,0.7207122445106506,-0.018915988504886627,0.43936052918434143,0.7306004762649536,-0.01739124208688736,0.42356428503990173,0.7225428819656372,-0.017496956512331963,0.4149811863899231,0.7273808121681213,-0.019224058836698532,0.4509807825088501,0.7527517080307007,-0.021587448194622993,0.4359188675880432,0.7583688497543335,-0.014274900779128075,0.42066413164138794,0.750583291053772,-0.010784651152789593,0.4131251275539398,0.7631943821907043,-0.02387901395559311,0.44153928756713867,0.77696692943573,-0.023497311398386955,0.42697224020957947,0.7796688675880432,-0.015796801075339317,0.4131949245929718,0.7731875777244568,-0.010812508873641491
0.33022162318229675,0.7466310262680054,-2.1623232271394954e-07,0.34933650493621826,0.6990572214126587,-0.003700332250446081,0.3845330476760864,0.6563507914543152,-0.009393371641635895,0.4146527647972107,0.6249646544456482,-0.015063511207699776,0.42020249366760254,0.5916184782981873,-0.018779389560222626,0.4140355587005615,0.6604577898979187,-0.012173710390925407,0.4570072293281555,0.6907583475112915,-0.021475348621606827,0.441613107919693,0.704194188117981,-0.025752225890755653,0.4242347180843353,0.6996538639068604,-0.027971677482128143,0.4162118136882782,0.6937093138694763,-0.016203541308641434,0.45532986521720886,0.7230395674705505,-0.020269017666578293,0.4388650357723236,0.7328687310218811,-0.018546845763921738,0.42248237133026123,0.7250344753265381,-0.018528981134295464,0.4154416620731354,0.7299196720123291,-0.02048344723880291,0.45052221417427063,0.7545486092567444,-0.02298453450202942,0.4350530207157135,0.7601885795593262,-0.015112049877643585,0.4194742739200592,0.7529239058494568,-0.011258346028625965,0.4129035770893097,0.7655940651893616,-0.025172799825668335,0.44112491607666016,0.7786319255828857,-0.02496960759162903,0.42624038457870483,0.7816585302352905,-0.016733063384890556,0.41228023171424866,0.775779128074646,-0.011287556029856205
0.3306211531162262,0.7499542832374573,-2.3099210011423565e-07,0.34993547201156616,0.7022435665130615,-0.0016644871793687344,0.3858959674835205,0.6590259671211243,-0.006299036554992199,0.41500625014305115,0.6273374557495117,-0.011514121666550636,0.4194383919239044,0.5944346189498901,-0.014859344810247421,0.41456425189971924,0.6636444926261902,-0.009066559374332428,0.4565064311027527,0.6940393447875977,-0.01867210492491722,0.4409268796443939,0.7064802050590515,-0.023481570184230804,0.42359495162963867,0.7016315460205078,-0.025966770946979523,0.415895938873291,0.695900559425354,-0.014156524091959,0.4541015625,0.7252542972564697,-0.01813660003244877,0.4381019175052643,0.7343354225158691,-0.016472795978188515,0.42263519763946533,0.7265301942825317,-0.01654793508350849,0.41476374864578247,0.731428861618042,-0.019576314836740494,0.4499945640563965,0.7564536929130554,-0.022244755178689957,0.43447718024253845,0.7622454166412354,-0.014465488493442535,0.4196460545063019,0.755199134349823,-0.010618701577186584,0.4122236669063568,0.7669639587402344,-0.025289859622716904,0.4418768286705017,0.7812759876251221,-0.024816367775201797,0.4268447160720825,0.784638524055481,-0.01649281196296215,0.4133146107196808,0.7790802121162415,-0.011091879568994045
0.3305535614490509,0.7484979629516602,-2.1668520844286832e-07,0.3497861623764038,0.7013304233551025,-0.003172061173245311,0.385068416595459,0.6581612825393677,-0.008525620214641094,0.4147469699382782,0.6264227032661438,-0.013933876529335976,0.41967636346817017,0.5934414863586426,-0.017347322776913643,0.41422295570373535,0.6626240015029907,-0.01159372366964817,0.4571162462234497,0.691526472568512,-0.02064834162592888,0.44210749864578247,0.7047487497329712,-0.02476288564503193,0.4246484935283661,0.7005577087402344,-0.02677624672651291,0.41609564423561096,0.6962417364120483,-0.0156315416097641,0.45498645305633545,0.7245635986328125,-0.01922144740819931,0.439110666513443,0.7341685891151428,-0.017163289710879326,0.42295950651168823,0.7267026305198669,-0.01698593981564045,0.4151606857776642,0.7324464917182922,-0.01990874856710434,0.4503384828567505,0.7562656402587891,-0.0219837948679924,0.4355391263961792,0.7617014050483704,-0.014046875759959221,0.4201233983039856,0.7547533512115479,-0.010204849764704704,0.4126938283443451,0.7678453922271729,-0.024546843022108078,0.44122010469436646,0.7798553705215454,-0.02383151650428772,0.4268537759780884,0.7826744914054871,-0.015472459606826305,0.41316649317741394,0.7771115899085999,-0.01003902219235897
0.3321329355239868,0.7503339052200317,-2.109266290517553e-07,0.35107702016830444,0.7024719715118408,-0.003552728798240423,0.38612666726112366,0.6594909429550171,-0.009115458466112614,0.41627705097198486,0.6286311149597168,-0.014637982472777367,0.422303169965744,0.5957996249198914,-0.018153557553887367,0.41476505994796753,0.6642600297927856,-0.012290464714169502,0.45845848321914673,0.6937786936759949,-0.021697623655200005,0.4434089958667755,0.7069700360298157,-0.02582668326795101,0.42601507902145386,0.7028514742851257,-0.027774548158049583,0.41670873761177063,0.6975639462471008,-0.016183318570256233,0.45694878697395325,0.7261773347854614,-0.020312754437327385,0.44076862931251526,0.7357333302497864,-0.018260695040225983,0.42422252893447876,0.7282835841178894,-0.01794147491455078,0.41593101620674133,0.7332764863967896,-0.020345086231827736,0.45211851596832275,0.7574370503425598,-0.02278217487037182,0.43697044253349304,0.7627864480018616,-0.014732491225004196,0.42142248153686523,0.7556935548782349,-0.010698661208152771,0.4134845733642578,0.7683073878288269,-0.024894651025533676,0.44286298751831055,0.7809862494468689,-0.024350866675376892,0.42827898263931274,0.7836794853210449,-0.015976648777723312,0.4143078923225403,0.7777001857757568,-0.010496173985302448
0.33486947417259216,0.7525481581687927,-2.2013500711182132e-07,0.35279056429862976,0.7056092023849487,-0.0032404412049800158,0.38771429657936096,0.6624085903167725,-0.008962350897490978,0.41792604327201843,0.6311739087104797,-0.014782262966036797,0.42439544200897217,0.5978861451148987,-0.01863858848810196,0.41786614060401917,0.6664243936538696,-0.012719486840069294,0.4608696699142456,0.6959754228591919,-0.02185402251780033,0.4457317590713501,0.7099478840827942,-0.0257871113717556,0.42812687158584595,0.7061120271682739,-0.02771393582224846,0.41968733072280884,0.6988394260406494,-0.016904184594750404,0.4586299955844879,0.7287384867668152,-0.020510105416178703,0.4423109292984009,0.7388718128204346,-0.018234247341752052,0.4258972108364105,0.7310229539871216,-0.018035581335425377,0.4185660481452942,0.7344757914543152,-0.02129044570028782,0.45419740676879883,0.7601392865180969,-0.02343628741800785,0.4389059841632843,0.7658818364143372,-0.015403641387820244,0.42335376143455505,0.7582492828369141,-0.01164653617888689,0.41597461700439453,0.769942581653595,-0.026037784293293953,0.44523459672927856,0.7839183211326599,-0.02549320086836815,0.4306073784828186,0.7868560552597046,-0.017197340726852417,0.41666603088378906,0.7803803086280823,-0.011865549720823765
0.33209070563316345,0.7526978254318237,-2.1855757381672447e-07,0.3505854606628418,0.7064353227615356,-0.0038059712387621403,0.3865200877189636,0.6633690595626831,-0.009635288268327713,0.4167982041835785,0.6327707171440125,-0.015341282822191715,0.4230549931526184,0.5993071794509888,-0.0190335214138031,0.41622036695480347,0.6676512360572815,-0.013489154167473316,0.4594684839248657,0.6980448365211487,-0.022903330624103546,0.44402578473091125,0.7122540473937988,-0.02705966867506504,0.42636358737945557,0.707953929901123,-0.029138946905732155,0.4178903102874756,0.700928807258606,-0.017471376806497574,0.4573279023170471,0.731820285320282,-0.021579718217253685,0.4404253363609314,0.742127537727356,-0.01960226334631443,0.42385241389274597,0.7333987355232239,-0.019446784630417824,0.4166102707386017,0.7371694445610046,-0.02164190635085106,0.45233824849128723,0.7636062502861023,-0.02412758208811283,0.43664947152137756,0.7690825462341309,-0.01615261100232601,0.42107489705085754,0.7606067657470703,-0.012332689017057419,0.4136981666088104,0.7727670073509216,-0.026180846616625786,0.4422178566455841,0.7867743968963623,-0.02591083198785782,0.4272676110267639,0.7895246744155884,-0.017553307116031647,0.4134025573730469,0.782880425453186,-0.01210534293204546
0.33140093088150024,0.7528651356697083,-2.1279329587287066e-07,0.35090261697769165,0.7055625915527344,-0.003990399185568094,0.38640734553337097,0.6630792617797852,-0.01004547718912363,0.4166789650917053,0.632635772228241,-0.015957575291395187,0.42342591285705566,0.5993732213973999,-0.0197896845638752,0.4163660705089569,0.6677308678627014,-0.013394046574831009,0.4592343866825104,0.6984303593635559,-0.022746922448277473,0.4438442289829254,0.7122917175292969,-0.026769395917654037,0.4264754056930542,0.7079975008964539,-0.02876087836921215,0.41778403520584106,0.7016059756278992,-0.017381684854626656,0.45727255940437317,0.7322657108306885,-0.021534573286771774,0.4405762851238251,0.7420355677604675,-0.0196214709430933,0.42399922013282776,0.7332676649093628,-0.019509050995111465,0.41626596450805664,0.7379326820373535,-0.02156510204076767,0.45229437947273254,0.7639981508255005,-0.024221468716859818,0.43683338165283203,0.769055962562561,-0.016310691833496094,0.42119309306144714,0.7606347799301147,-0.01243634708225727,0.41294464468955994,0.7732208371162415,-0.026114389300346375,0.44187042117118835,0.7869796752929688,-0.025893434882164,0.4273494482040405,0.7893585562705994,-0.017549682408571243,0.4134652316570282,0.7826270461082458,-0.012058966793119907
0.33212652802467346,0.7520228624343872,-2.1403882044523925e-07,0.35130375623703003,0.7048604488372803,-0.0044269319623708725,0.38698241114616394,0.6616360545158386,-0.010799295268952847,0.41778674721717834,0.6307655572891235,-0.01697038859128952,0.4243197441101074,0.5971532464027405,-0.021058661863207817,0.4165019989013672,0.665825605392456,-0.014027380384504795,0.4600284993648529,0.6967500448226929,-0.023638345301151276,0.44468197226524353,0.7103949189186096,-0.027719859033823013,0.42713794112205505,0.7058147192001343,-0.029731495305895805,0.4178946614265442,0.6998538374900818,-0.017829908058047295,0.45778727531433105,0.730812132358551,-0.022256765514612198,0.44108325242996216,0.7403753399848938,-0.020382307469844818,0.4245092570781708,0.7311843633651733,-0.020352359861135483,0.41666871309280396,0.7364616394042969,-0.021857313811779022,0.45314618945121765,0.762730062007904,-0.024667881429195404,0.4376710057258606,0.7677152156829834,-0.016681507229804993,0.42204833030700684,0.7588377594947815,-0.01283170748502016,0.41395360231399536,0.7721991539001465,-0.02627742476761341,0.44342848658561707,0.7857420444488525,-0.026100551709532738,0.42863425612449646,0.7881845831871033,-0.017664119601249695,0.4145691692829132,0.7810951471328735,-0.01218358613550663
0.33142125606536865,0.7516465783119202,-2.2143672140373383e-07,0.3506373167037964,0.7053755521774292,-0.003861167933791876,0.38698309659957886,0.6623408794403076,-0.00980608630925417,0.4174945056438446,0.6314824819564819,-0.015628285706043243,0.4237072169780731,0.5978946089744568,-0.019449325278401375,0.4165807068347931,0.6671444177627563,-0.013485362753272057,0.45994818210601807,0.6979864835739136,-0.023035569116473198,0.44414570927619934,0.711700439453125,-0.027382265776395798,0.42621278762817383,0.7070499062538147,-0.02961375005543232,0.41791215538978577,0.7009056210517883,-0.01753130368888378,0.45769423246383667,0.7317817807197571,-0.021760618314146996,0.4407207667827606,0.7416790723800659,-0.019896212965250015,0.42388638854026794,0.7328005433082581,-0.019857680425047874,0.4164493978023529,0.7374073266983032,-0.02176704816520214,0.45262664556503296,0.7637035846710205,-0.024268966168165207,0.4368850886821747,0.7689056396484375,-0.016116207465529442,0.4211217761039734,0.76033616065979,-0.012218420393764973,0.41339659690856934,0.7730737924575806,-0.026396261528134346,0.4424698054790497,0.786844789981842,-0.026085471734404564,0.42727816104888916,0.7894595861434937,-0.017525799572467804,0.41314050555229187,0.7827685475349426,-0.011974670924246311
0.33104801177978516,0.752380907535553,-2.1812351747030334e-07,0.3507864475250244,0.705781877040863,-0.004405853804200888,0.3872130811214447,0.6630306839942932,-0.010590593330562115,0.41813263297080994,0.6322456002235413,-0.01659674197435379,0.42480379343032837,0.598458468914032,-0.020493336021900177,0.41631999611854553,0.6672763824462891,-0.013568026944994926,0.460274338722229,0.6983962655067444,-0.023346029222011566,0.4445948600769043,0.7122011780738831,-0.027693267911672592,0.4268534183502197,0.7073608040809631,-0.029846377670764923,0.41776782274246216,0.7010181546211243,-0.01738514006137848,0.4580160975456238,0.7319453954696655,-0.02187376469373703,0.4410654306411743,0.7419598698616028,-0.02013852261006832,0.424410879611969,0.7328703999519348,-0.020132502540946007,0.41649866104125977,0.7374559640884399,-0.02147318236529827,0.45296651124954224,0.7638711333274841,-0.024296874180436134,0.4373011291027069,0.7691357731819153,-0.016308484598994255,0.4215615391731262,0.7603080868721008,-0.012408971786499023,0.4135874807834625,0.7729761600494385,-0.02598833292722702,0.4429062604904175,0.7869040369987488,-0.025813734158873558,0.428048312664032,0.78948974609375,-0.01738133281469345,0.4139102101325989,0.7823417782783508,-0.01187150739133358
0.3333803713321686,0.7520087361335754,-2.1534950178647705e-07,0.35239529609680176,0.7051780223846436,-0.004352728836238384,0.38786765933036804,0.6625847816467285,-0.010641658678650856,0.41831836104393005,0.6327034831047058,-0.016692258417606354,0.42522838711738586,0.5995578765869141,-0.020674673840403557,0.41673544049263,0.667502760887146,-0.014481666497886181,0.46044158935546875,0.6985915303230286,-0.024363411590456963,0.44495511054992676,0.7121977806091309,-0.028554851189255714,0.42718493938446045,0.7077799439430237,-0.03047962114214897,0.41807830333709717,0.7015239000320435,-0.018204079940915108,0.4584112763404846,0.7325474619865417,-0.022889968007802963,0.4414311945438385,0.7422059774398804,-0.02091500163078308,0.4245235025882721,0.7332364320755005,-0.020627669990062714,0.4168754518032074,0.737991213798523,-0.02212878316640854,0.453385591506958,0.7642359137535095,-0.02504955790936947,0.4377099871635437,0.76924067735672,-0.016911150887608528,0.4219457507133484,0.760553240776062,-0.012813511304557323,0.41419947147369385,0.7734710574150085,-0.026440804824233055,0.44342711567878723,0.7871100902557373,-0.02628898061811924,0.42868292331695557,0.7895203232765198,-0.01779223047196865,0.4146908223628998,0.7824786901473999,-0.012185370549559593
0.33294498920440674,0.752453088760376,-2.1338752276278683e-07,0.3522626459598541,0.7056726217269897,-0.004479498602449894,0.38796567916870117,0.6631448268890381,-0.010816700756549835,0.41844794154167175,0.6327874064445496,-0.01696142740547657,0.4253106713294983,0.5995870232582092,-0.02104298025369644,0.4171352982521057,0.6678636074066162,-0.013955284841358662,0.46035030484199524,0.6984091997146606,-0.024029741063714027,0.44502726197242737,0.7122666835784912,-0.028566258028149605,0.4273150861263275,0.7079969644546509,-0.03074158914387226,0.41843855381011963,0.7016131281852722,-0.017719924449920654,0.4583489000797272,0.7322987914085388,-0.022565621882677078,0.4415489137172699,0.7422503232955933,-0.020878257229924202,0.4248233735561371,0.7335342168807983,-0.02076813019812107,0.4170837700366974,0.7379893064498901,-0.021759985014796257,0.4531683027744293,0.7642005681991577,-0.02487538568675518,0.4377526342868805,0.7695123553276062,-0.01687939465045929,0.42215728759765625,0.7612490057945251,-0.012819046154618263,0.41415470838546753,0.7734827995300293,-0.026211827993392944,0.4433346688747406,0.7869325280189514,-0.026135513558983803,0.4287078082561493,0.789601743221283,-0.017631173133850098,0.41479063034057617,0.7830631732940674,-0.011987128295004368
0.3329502046108246,0.7523317337036133,-2.1607522171507298e-07,0.3524567782878876,0.7050504684448242,-0.004035417456179857,0.38793477416038513,0.6626717448234558,-0.010119733400642872,0.41851574182510376,0.6326454281806946,-0.016038767993450165,0.42530107498168945,0.5996577143669128,-0.01989157684147358,0.41740772128105164,0.6677387356758118,-0.01377500407397747,0.4602741003036499,0.6986833214759827,-0.02332686260342598,0.4448998272418976,0.7121599316596985,-0.027424070984125137,0.4272463321685791,0.707723081111908,-0.029383329674601555,0.4187658727169037,0.7016224265098572,-0.017682170495390892,0.4583169221878052,0.7325646281242371,-0.02194119803607464,0.44155097007751465,0.7423906326293945,-0.019886910915374756,0.42492565512657166,0.7337825894355774,-0.019669516012072563,0.41735148429870605,0.7380998730659485,-0.021790606901049614,0.453297883272171,0.7643224596977234,-0.02449590340256691,0.43782493472099304,0.7694758176803589,-0.016391221433877945,0.4221709966659546,0.7611695528030396,-0.012391473166644573,0.414294958114624,0.7736181020736694,-0.026273688301444054,0.4433445334434509,0.787192165851593,-0.026037536561489105,0.4286295771598816,0.7896519899368286,-0.017545027658343315,0.41464728116989136,0.7829194664955139,-0.011967281810939312
0.3334219753742218,0.7526711225509644,-2.1795308668970392e-07,0.3522607684135437,0.706142246723175,-0.004609591327607632,0.3879152834415436,0.6635473966598511,-0.010866332799196243,0.4188345670700073,0.6333742141723633,-0.016889464110136032,0.42583855986595154,0.6002387404441833,-0.020800694823265076,0.41768354177474976,0.6682299375534058,-0.013874828815460205,0.4607902467250824,0.6992191672325134,-0.02385849319398403,0.4449218511581421,0.7127357125282288,-0.028333529829978943,0.42727234959602356,0.7080894708633423,-0.0305344071239233,0.41893452405929565,0.7018205523490906,-0.017571832984685898,0.4585665166378021,0.732875406742096,-0.022248828783631325,0.44148126244544983,0.7426724433898926,-0.020432043820619583,0.4250466227531433,0.7337117195129395,-0.020306888967752457,0.41752901673316956,0.7380101084709167,-0.021592101082205772,0.4535619914531708,0.7647093534469604,-0.024705925956368446,0.4379290044307709,0.7697902917861938,-0.01678718626499176,0.4224919080734253,0.7610893249511719,-0.012823143973946571,0.4146612286567688,0.7733912467956543,-0.026036111637949944,0.4435933530330658,0.7870482206344604,-0.026043346151709557,0.42879676818847656,0.7894514203071594,-0.0177055224776268,0.4149819314479828,0.7826386094093323,-0.012206196784973145
0.33360594511032104,0.751792848110199,-2.1472646949405316e-07,0.3530656099319458,0.7051893472671509,-0.004067872650921345,0.3888576626777649,0.6630613207817078,-0.010148022323846817,0.41910427808761597,0.6326433420181274,-0.01617182418704033,0.42544907331466675,0.599231481552124,-0.020170338451862335,0.4183501899242401,0.6684937477111816,-0.013043489307165146,0.46120214462280273,0.6992607712745667,-0.022714802995324135,0.44547897577285767,0.7129722833633423,-0.02716873772442341,0.42780637741088867,0.7085140347480774,-0.029413381591439247,0.4195672869682312,0.7020124197006226,-0.01703396439552307,0.4587938189506531,0.7329586148262024,-0.021312536671757698,0.44190970063209534,0.7427328824996948,-0.019551247358322144,0.42544469237327576,0.7339085936546326,-0.019560087472200394,0.4180103838443756,0.7381419539451599,-0.02131231315433979,0.4537118077278137,0.7646058201789856,-0.024014579132199287,0.4381049871444702,0.7697479128837585,-0.0160698089748621,0.42263489961624146,0.761239767074585,-0.012200191617012024,0.4148532748222351,0.7734361886978149,-0.026003651320934296,0.443867951631546,0.7873955965042114,-0.02571049891412258,0.4290542006492615,0.7899590134620667,-0.017235560342669487,0.41522786021232605,0.7832328677177429,-0.011703182011842728
0.33335161209106445,0.7525947093963623,-2.1899916191614466e-07,0.3528614640235901,0.7061073184013367,-0.003934618551284075,0.3887275755405426,0.6631887555122375,-0.009839664213359356,0.4191366732120514,0.6323240399360657,-0.01571567915380001,0.42541834712028503,0.5991348028182983,-0.019510267302393913,0.41799575090408325,0.668172299861908,-0.012687146663665771,0.4611952304840088,0.6987367868423462,-0.02238195389509201,0.4454696774482727,0.7124977707862854,-0.02687598019838333,0.4277147948741913,0.7080436944961548,-0.029151219874620438,0.41941291093826294,0.7014772891998291,-0.016698012128472328,0.45884400606155396,0.732187807559967,-0.020983731374144554,0.44209012389183044,0.7421440482139587,-0.01921081356704235,0.42562514543533325,0.7334001660346985,-0.01921958290040493,0.4180610477924347,0.7375156283378601,-0.02102566324174404,0.45385879278182983,0.7636535167694092,-0.023755144327878952,0.43840813636779785,0.7690989971160889,-0.015848645940423012,0.4229236841201782,0.7607612609863281,-0.012005239725112915,0.41515588760375977,0.7729138731956482,-0.025761503726243973,0.4443001449108124,0.786639392375946,-0.025516262277960777,0.4296485185623169,0.7893519401550293,-0.017142578959465027,0.415802925825119,0.7826591730117798,-0.011685360223054886
0.33404892683029175,0.7522916197776794,-2.2195959559212497e-07,0.3529042899608612,0.7054303884506226,-0.0039453161880373955,0.3883754014968872,0.6627394556999207,-0.009940213523805141,0.4190649092197418,0.6325928568840027,-0.015777943655848503,0.42534691095352173,0.5995034575462341,-0.019573215395212173,0.4180373549461365,0.6677325367927551,-0.013615398667752743,0.4606623649597168,0.6984037160873413,-0.02310984767973423,0.44520634412765503,0.711897075176239,-0.02727542817592621,0.4274512827396393,0.707412600517273,-0.029306115582585335,0.41950926184654236,0.7015094757080078,-0.01750299707055092,0.4587568938732147,0.731735348701477,-0.021648472175002098,0.4421910345554352,0.7416322827339172,-0.019581995904445648,0.42548874020576477,0.7332547307014465,-0.019378188997507095,0.418190598487854,0.7378306984901428,-0.021588077768683434,0.4538207948207855,0.7633527517318726,-0.024159176275134087,0.4385378062725067,0.7687269449234009,-0.016001177951693535,0.4228720963001251,0.7607030868530273,-0.011996423825621605,0.4153147041797638,0.7732322216033936,-0.026062289252877235,0.4443325102329254,0.7862574458122253,-0.025792380794882774,0.42976924777030945,0.7888328433036804,-0.01732298918068409,0.4157576560974121,0.7822914123535156,-0.011777582578361034
0.33443546295166016,0.7549105882644653,-2.165987211810716e-07,0.35345596075057983,0.7082550525665283,-0.0039606848731637,0.38928934931755066,0.6652364730834961,-0.00968730915337801,0.4197733402252197,0.6347007751464844,-0.015304870903491974,0.42607155442237854,0.6015529632568359,-0.018857335671782494,0.41832301020622253,0.6693612933158875,-0.012638168409466743,0.46153518557548523,0.6996506452560425,-0.02224109135568142,0.44603443145751953,0.7134172916412354,-0.026675870642066002,0.4283919930458069,0.7090104818344116,-0.028885262086987495,0.4200655221939087,0.7027227878570557,-0.016505306586623192,0.45961207151412964,0.7331452369689941,-0.020741287618875504,0.4429035484790802,0.743144154548645,-0.018991537392139435,0.4264225363731384,0.7345069646835327,-0.018922993913292885,0.4190542697906494,0.7387472987174988,-0.020667830482125282,0.45478564500808716,0.765085756778717,-0.02324294112622738,0.4393808841705322,0.7703068256378174,-0.015447323210537434,0.4238811433315277,0.7617608308792114,-0.011662941426038742,0.4163927733898163,0.7739832401275635,-0.02523897960782051,0.4447890520095825,0.7879304885864258,-0.02488243207335472,0.4300435185432434,0.7905720472335815,-0.0166078619658947,0.4162372052669525,0.7837834358215332,-0.011208411306142807
0.3321569859981537,0.7518891096115112,-2.137101944299502e-07,0.35191377997398376,0.7051827311515808,-0.0038759370800107718,0.38747838139533997,0.6624302864074707,-0.009812363423407078,0.41751474142074585,0.6311770677566528,-0.015720536932349205,0.4232942759990692,0.5977530479431152,-0.0195990651845932,0.4166790246963501,0.6675169467926025,-0.012528670951724052,0.4596112370491028,0.6980226039886475,-0.02224801667034626,0.44407111406326294,0.7112652659416199,-0.02681910991668701,0.4264105558395386,0.7064794898033142,-0.029156628996133804,0.4179852306842804,0.7007529735565186,-0.016502872109413147,0.45722293853759766,0.7309752106666565,-0.020772483199834824,0.4406963586807251,0.7408095598220825,-0.019038598984479904,0.4243850111961365,0.7322853207588196,-0.019050242379307747,0.4165373742580414,0.736726701259613,-0.020785031840205193,0.45203831791877747,0.76250159740448,-0.02346407063305378,0.4368181824684143,0.7677108645439148,-0.015649184584617615,0.4213773310184479,0.7595123648643494,-0.011841748841106892,0.4136074185371399,0.7720524072647095,-0.025462089106440544,0.4422869384288788,0.7854281663894653,-0.025174453854560852,0.4277586340904236,0.7879381775856018,-0.016873950138688087,0.4140198528766632,0.781435489654541,-0.011448442935943604
0.33225420117378235,0.7522692084312439,-2.1997621502123366e-07,0.3509255647659302,0.7057698965072632,-0.0038728010840713978,0.38659536838531494,0.6626848578453064,-0.009908740408718586,0.41719332337379456,0.6319530010223389,-0.015773454681038857,0.42359521985054016,0.5988548398017883,-0.019618475809693336,0.41581809520721436,0.6676033139228821,-0.01371427346020937,0.45927828550338745,0.698284924030304,-0.023249028250575066,0.44352981448173523,0.7112471461296082,-0.027386076748371124,0.425810843706131,0.706692099571228,-0.029418185353279114,0.41731229424476624,0.7015112042427063,-0.017633682116866112,0.4571455717086792,0.7314176559448242,-0.02180325984954834,0.4403858184814453,0.7405800819396973,-0.019669001922011375,0.4236461818218231,0.7321790456771851,-0.019407842308282852,0.41614270210266113,0.7379176020622253,-0.021745795384049416,0.4519798755645752,0.7629985213279724,-0.024168940261006355,0.4364767074584961,0.7678293585777283,-0.015969667583703995,0.42085835337638855,0.7598739862442017,-0.012008688412606716,0.41358646750450134,0.7734161019325256,-0.02624186873435974,0.4424116611480713,0.7861107587814331,-0.02580641582608223,0.42743512988090515,0.7886849641799927,-0.017305634915828705,0.41353556513786316,0.7826668620109558,-0.011793645098805428
0.33217355608940125,0.7532104849815369,-2.105958856191137e-07,0.3518197238445282,0.705935001373291,-0.003939445596188307,0.3872692584991455,0.6634846329689026,-0.010134889744222164,0.41716814041137695,0.6328897476196289,-0.0162526685744524,0.423575758934021,0.5995028614997864,-0.02030828967690468,0.4156721234321594,0.6681414246559143,-0.01333992462605238,0.4591720402240753,0.6989368796348572,-0.023197287693619728,0.44357413053512573,0.7122983336448669,-0.027668971568346024,0.4259551167488098,0.7075839638710022,-0.02988366410136223,0.41702499985694885,0.7012119889259338,-0.01739068329334259,0.45682400465011597,0.732353687286377,-0.021818453446030617,0.4400479793548584,0.742001473903656,-0.019969146698713303,0.42357584834098816,0.733245313167572,-0.01986294984817505,0.415681928396225,0.7371286153793335,-0.02170173078775406,0.45177894830703735,0.7635776400566101,-0.024398941546678543,0.43617889285087585,0.7687415480613708,-0.016384974122047424,0.42062923312187195,0.7605481743812561,-0.012441026046872139,0.4128047227859497,0.7725683450698853,-0.026415731757879257,0.44183117151260376,0.7866130471229553,-0.026090456172823906,0.42700111865997314,0.7891224026679993,-0.017652153968811035,0.4131334722042084,0.7826032042503357,-0.012120611034333706
0.3317302465438843,0.752745509147644,-2.1097687863402825e-07,0.350956529378891,0.7055240869522095,-0.00415310962125659,0.3863075077533722,0.6628335118293762,-0.010152541100978851,0.41643133759498596,0.6321215033531189,-0.015907537192106247,0.42231932282447815,0.5990703701972961,-0.01961231790482998,0.4149799048900604,0.6686902046203613,-0.013757121749222279,0.45803195238113403,0.6990553140640259,-0.02308625541627407,0.4425550103187561,0.7118743062019348,-0.026937097311019897,0.4250701069831848,0.7073297500610352,-0.028729340061545372,0.41654786467552185,0.702635645866394,-0.017417142167687416,0.4561305344104767,0.7322989106178284,-0.02141103707253933,0.4395025372505188,0.7413531541824341,-0.01905749924480915,0.42297446727752686,0.7331263422966003,-0.018614303320646286,0.41529369354248047,0.7387934327125549,-0.021289464086294174,0.45098742842674255,0.7637989521026611,-0.023710161447525024,0.4355680048465729,0.7684693336486816,-0.01547379232943058,0.41986674070358276,0.7606291770935059,-0.011380081064999104,0.4122335612773895,0.7738712430000305,-0.025560792535543442,0.4410439431667328,0.7869176268577576,-0.02512887306511402,0.4262758195400238,0.7891482710838318,-0.01664007641375065,0.41224172711372375,0.7827821373939514,-0.011082250624895096
0.33071470260620117,0.7523012757301331,-2.1398365390723484e-07,0.350120484828949,0.7051748633384705,-0.004081991966813803,0.38585177063941956,0.6625965237617493,-0.010189064778387547,0.4162566065788269,0.6320536136627197,-0.016120627522468567,0.4223976731300354,0.5986270308494568,-0.020028771832585335,0.41465556621551514,0.6671236753463745,-0.01350810844451189,0.45796239376068115,0.6982889175415039,-0.023352274671196938,0.4423005282878876,0.7113561034202576,-0.02780698798596859,0.42452171444892883,0.7065441608428955,-0.029987871646881104,0.41619911789894104,0.7009098529815674,-0.017363451421260834,0.4562441110610962,0.7312131524085999,-0.0218316912651062,0.4393327534198761,0.7410174608230591,-0.019945798441767693,0.4225989282131195,0.732663094997406,-0.019743775948882103,0.4150559902191162,0.7373046875,-0.021464787423610687,0.45107290148735046,0.7630450129508972,-0.024257322773337364,0.4353315234184265,0.7682743668556213,-0.016212916001677513,0.41952118277549744,0.7602124214172363,-0.01218252070248127,0.4122215211391449,0.7728134393692017,-0.025961648672819138,0.4412102997303009,0.7863985896110535,-0.025818729773163795,0.426157146692276,0.7889942526817322,-0.017418555915355682,0.4120330810546875,0.7825580835342407,-0.011862621642649174
0.33114415407180786,0.7538700699806213,-2.107216374724885e-07,0.3502415418624878,0.7063749432563782,-0.0046567791141569614,0.38548752665519714,0.6636269688606262,-0.011001731269061565,0.416168749332428,0.6330101490020752,-0.0171543937176466,0.4227132499217987,0.5996206998825073,-0.021182037889957428,0.4152781665325165,0.6682835817337036,-0.013422452844679356,0.45895519852638245,0.6990166902542114,-0.02345649152994156,0.44322314858436584,0.7124170660972595,-0.028083110228180885,0.4255717098712921,0.707564115524292,-0.030390536412596703,0.4167497456073761,0.7017375826835632,-0.017152028158307076,0.4568036198616028,0.7323582172393799,-0.02184564247727394,0.4399409592151642,0.7421339154243469,-0.020160280168056488,0.4234316051006317,0.7333463430404663,-0.020086023956537247,0.4154092073440552,0.737768828868866,-0.02124495804309845,0.45145493745803833,0.7639575600624084,-0.024278616532683372,0.4358568489551544,0.7690553665161133,-0.016360832378268242,0.420260488986969,0.760648250579834,-0.012368705123662949,0.4124208390712738,0.7731310129165649,-0.02580825798213482,0.4412144124507904,0.7866929173469543,-0.02578817494213581,0.4263966679573059,0.7891260385513306,-0.017438316717743874,0.41242197155952454,0.7824966907501221,-0.011886952444911003
0.33176738023757935,0.7529652714729309,-2.1238476222151803e-07,0.3505554795265198,0.7055892944335938,-0.004499940201640129,0.38568949699401855,0.6632798910140991,-0.010773924179375172,0.416247695684433,0.6333864331245422,-0.01682169735431671,0.42320162057876587,0.6003128886222839,-0.020796526223421097,0.415463924407959,0.6689949631690979,-0.013837678357958794,0.45858198404312134,0.6994995474815369,-0.023689789697527885,0.44309505820274353,0.7123904824256897,-0.028060464188456535,0.42561015486717224,0.7079601883888245,-0.03013003058731556,0.41681942343711853,0.7029339671134949,-0.017542216926813126,0.4566812515258789,0.7328960299491882,-0.022001657634973526,0.43997886776924133,0.7420345544815063,-0.019982635974884033,0.42342278361320496,0.733648419380188,-0.01970537006855011,0.41541603207588196,0.7390000224113464,-0.021551387384533882,0.451632559299469,0.7643371820449829,-0.02436125837266445,0.4361571967601776,0.7689412832260132,-0.016124418005347252,0.420523077249527,0.7608094215393066,-0.011958996765315533,0.4123079180717468,0.7739964723587036,-0.026009798049926758,0.4415402114391327,0.7870460152626038,-0.025765908882021904,0.4267423748970032,0.7892554998397827,-0.017155395820736885,0.41268640756607056,0.7826710343360901,-0.011465306393802166
0.3317113220691681,0.7516981363296509,-2.1893896473557106e-07,0.3509156405925751,0.7050995826721191,-0.003998046275228262,0.3867158591747284,0.6628761291503906,-0.010032148100435734,0.41674819588661194,0.6322751045227051,-0.015895294025540352,0.4222176969051361,0.5989255309104919,-0.019750308245420456,0.41579651832580566,0.6691221594810486,-0.013927656225860119,0.4587436318397522,0.6999958157539368,-0.023290598765015602,0.44279974699020386,0.7128056287765503,-0.027213072404265404,0.4252261221408844,0.7077877521514893,-0.029108768329024315,0.416997492313385,0.70306396484375,-0.017774928361177444,0.45650720596313477,0.7330791354179382,-0.021789727732539177,0.43960368633270264,0.7423554062843323,-0.019450780004262924,0.42311063408851624,0.7338355183601379,-0.019090507179498672,0.4155024290084839,0.7392370104789734,-0.02180556207895279,0.45137712359428406,0.7645629048347473,-0.02424159087240696,0.43577635288238525,0.7693800330162048,-0.015883799642324448,0.4200845956802368,0.7611361145973206,-0.01179272960871458,0.4124229848384857,0.7743269801139832,-0.026229314506053925,0.44164836406707764,0.7875714302062988,-0.025821544229984283,0.4267945885658264,0.7899577021598816,-0.017210906371474266,0.4127022325992584,0.7833052277565002,-0.011627615429461002
0.33094462752342224,0.7532481551170349,-2.1883799661281955e-07,0.35021254420280457,0.7067384719848633,-0.0039032844360917807,0.38605594635009766,0.6641620397567749,-0.009970337152481079,0.41662588715553284,0.6334078311920166,-0.01587909646332264,0.4228048026561737,0.6000998616218567,-0.01974496804177761,0.4153570830821991,0.6697914600372314,-0.013697432354092598,0.458789587020874,0.7007235884666443,-0.023467669263482094,0.4428689181804657,0.7132039070129395,-0.02773519605398178,0.4252162575721741,0.7080053091049194,-0.029800502583384514,0.4165957570075989,0.7039692401885986,-0.017665307968854904,0.4567471146583557,0.7334378361701965,-0.021946284919977188,0.44003811478614807,0.7425881028175354,-0.019725695252418518,0.42354583740234375,0.7341269850730896,-0.01939217559993267,0.41516169905662537,0.7403615117073059,-0.02186628058552742,0.45143747329711914,0.7652446031570435,-0.024485044181346893,0.43596065044403076,0.7700744271278381,-0.016080956906080246,0.42025455832481384,0.7619521617889404,-0.011916091665625572,0.4121539890766144,0.7755684852600098,-0.026467962190508842,0.4415420889854431,0.788332998752594,-0.026134852319955826,0.42659497261047363,0.7907488942146301,-0.017511965706944466,0.41248899698257446,0.7843268513679504,-0.01190150436013937
0.33383065462112427,0.7554692029953003,-2.1913245973337325e-07,0.3525465726852417,0.7082844972610474,-0.00350363040342927,0.38793617486953735,0.6658905148506165,-0.009446264244616032,0.41838720440864563,0.6357030868530273,-0.015372584573924541,0.42550915479660034,0.6026890277862549,-0.01925470679998398,0.4179702699184418,0.6709285974502563,-0.012857722118496895,0.46066203713417053,0.7012258172035217,-0.02239038795232773,0.44496211409568787,0.7144268155097961,-0.026580525562167168,0.42732083797454834,0.7100825309753418,-0.028611909598112106,0.41936424374580383,0.7043066024780273,-0.017095400020480156,0.45867618918418884,0.7342602610588074,-0.021037999540567398,0.4419279992580414,0.7439040541648865,-0.01877179555594921,0.4255027770996094,0.7357342839241028,-0.018480420112609863,0.4179101586341858,0.7402360439300537,-0.021596230566501617,0.45391058921813965,0.7659409642219543,-0.024097878485918045,0.43831542134284973,0.7710996866226196,-0.015852872282266617,0.4227476716041565,0.7631504535675049,-0.011838941834867,0.41484108567237854,0.7754958271980286,-0.026467524468898773,0.4441511631011963,0.7890757918357849,-0.02609853446483612,0.4291747212409973,0.7917172908782959,-0.017554771155118942,0.41520416736602783,0.7854044437408447,-0.011998578906059265
0.332288920879364,0.7525971531867981,-2.122773281598711e-07,0.3517777919769287,0.7056635022163391,-0.0035111368633806705,0.38728973269462585,0.6634944081306458,-0.009269677102565765,0.417792409658432,0.6333629488945007,-0.015018819831311703,0.42402714490890503,0.6003282070159912,-0.018733754754066467,0.41633740067481995,0.6684919595718384,-0.012486014515161514,0.4595049023628235,0.699684202671051,-0.022048013284802437,0.44392919540405273,0.7120997309684753,-0.02624310739338398,0.42661961913108826,0.7069205045700073,-0.02825985662639141,0.4176482558250427,0.7021148204803467,-0.01665666326880455,0.4575677514076233,0.7321333289146423,-0.02077639475464821,0.4411017894744873,0.7416221499443054,-0.018743742257356644,0.42517605423927307,0.7333303689956665,-0.018506282940506935,0.41635388135910034,0.7382770776748657,-0.02108650654554367,0.45256027579307556,0.7639778256416321,-0.023710256442427635,0.43705081939697266,0.7691172957420349,-0.01567467860877514,0.4216381311416626,0.7610518932342529,-0.011688954196870327,0.4135437607765198,0.7736669778823853,-0.02588413842022419,0.4426054358482361,0.7873866558074951,-0.025709016248583794,0.42762622237205505,0.7897331118583679,-0.01742514595389366,0.4136873781681061,0.783019483089447,-0.011989600956439972
0.3323659300804138,0.7531189918518066,-2.1832715901837219e-07,0.35163095593452454,0.7063417434692383,-0.004248595796525478,0.38754940032958984,0.6639816761016846,-0.010413428768515587,0.4183441400527954,0.6337271928787231,-0.01639256440103054,0.42481186985969543,0.6005643606185913,-0.020297855138778687,0.416728675365448,0.6693528294563293,-0.013605337589979172,0.4599333107471466,0.7004404067993164,-0.023636016994714737,0.4439317286014557,0.7129335999488831,-0.028162458911538124,0.42605626583099365,0.7078873515129089,-0.03035302460193634,0.4179494380950928,0.7032380104064941,-0.01744813844561577,0.4578358829021454,0.7331188321113586,-0.02205534279346466,0.4409354329109192,0.7423399090766907,-0.020181000232696533,0.42434588074684143,0.7338069081306458,-0.019998881965875626,0.4165412485599518,0.7394631505012512,-0.021583475172519684,0.45289698243141174,0.7648839950561523,-0.02457216940820217,0.4371963143348694,0.7697452306747437,-0.016449954360723495,0.4214809536933899,0.7615417242050171,-0.012346220202744007,0.41359907388687134,0.7747015953063965,-0.02613062784075737,0.44304680824279785,0.7880961894989014,-0.026108969002962112,0.4280603229999542,0.7905454635620117,-0.017657838761806488,0.4139546751976013,0.7840377688407898,-0.012065424583852291
0.3327500820159912,0.7537297010421753,-2.1793864846131328e-07,0.3523228168487549,0.7070414423942566,-0.0038820623885840178,0.38819271326065063,0.664771318435669,-0.009752771817147732,0.4186454117298126,0.6347622275352478,-0.01547152828425169,0.42513665556907654,0.6018127799034119,-0.019120924174785614,0.41732773184776306,0.6701077818870544,-0.013357315212488174,0.46030083298683167,0.7010694146156311,-0.022985914722085,0.4445602297782898,0.713926374912262,-0.027111683040857315,0.42706215381622314,0.7088911533355713,-0.029059385880827904,0.418517529964447,0.7037900686264038,-0.017269855365157127,0.4582064747810364,0.7342779040336609,-0.02153574302792549,0.4413198232650757,0.7436453700065613,-0.019367307424545288,0.42491137981414795,0.7347569465637207,-0.018999626860022545,0.41699230670928955,0.7399291396141052,-0.02142324484884739,0.45288440585136414,0.7660854458808899,-0.02413400448858738,0.43721529841423035,0.7708142399787903,-0.016038944944739342,0.4216165244579315,0.7620455026626587,-0.0120010981336236,0.4138247072696686,0.7750975489616394,-0.02594972960650921,0.4424957036972046,0.7886266112327576,-0.025742705911397934,0.42749321460723877,0.7909054160118103,-0.01734170876443386,0.4134790301322937,0.7839803099632263,-0.01181001402437687
0.3330239951610565,0.754501461982727,-2.14090476902129e-07,0.3517566919326782,0.7077000141143799,-0.0036570660304278135,0.3873532712459564,0.6651318073272705,-0.00956228468567133,0.41784748435020447,0.6349419355392456,-0.015338300727307796,0.4239836037158966,0.601814329624176,-0.019095785915851593,0.4169851243495941,0.6707910299301147,-0.013424134813249111,0.45990896224975586,0.7018766403198242,-0.02254645526409149,0.4443107843399048,0.7147547602653503,-0.02628486044704914,0.42672231793403625,0.7098936438560486,-0.02801477164030075,0.41818520426750183,0.7047328352928162,-0.0173634123057127,0.45783936977386475,0.7350714802742004,-0.021119458600878716,0.44119104743003845,0.7444469928741455,-0.018700944259762764,0.4246419370174408,0.7359769344329834,-0.018244510516524315,0.4166487157344818,0.7409632205963135,-0.02145921252667904,0.4525530934333801,0.7667576670646667,-0.023694925010204315,0.43702632188796997,0.7717235684394836,-0.015420118346810341,0.4213300347328186,0.7635878324508667,-0.011368501000106335,0.41357651352882385,0.7762482166290283,-0.025906197726726532,0.4427594244480133,0.789980947971344,-0.025429338216781616,0.42782875895500183,0.7924341559410095,-0.016894791275262833,0.41378355026245117,0.7858203649520874,-0.011332630179822445
0.3323287069797516,0.7543279528617859,-2.1651835879765713e-07,0.35174843668937683,0.7081072926521301,-0.0037731481716036797,0.3878836929798126,0.665640652179718,-0.009717668406665325,0.4184180498123169,0.6353053450584412,-0.015553049743175507,0.4241114556789398,0.6018877625465393,-0.019389579072594643,0.41668206453323364,0.6713483333587646,-0.01348018553107977,0.4599651098251343,0.7023928165435791,-0.023097651079297066,0.4441908299922943,0.7151473760604858,-0.027256306260824203,0.4264848530292511,0.7100654244422913,-0.02923346497118473,0.41770029067993164,0.7051756381988525,-0.017478032037615776,0.4579838812351227,0.7354736924171448,-0.021755404770374298,0.4411020874977112,0.744961678981781,-0.01966864801943302,0.42449191212654114,0.7362263202667236,-0.01934175379574299,0.4161718487739563,0.7413809299468994,-0.021669458597898483,0.4526939392089844,0.7672520279884338,-0.024300269782543182,0.43693307042121887,0.7722980976104736,-0.016123635694384575,0.42123448848724365,0.7638527154922485,-0.01202630065381527,0.41307371854782104,0.7766722440719604,-0.026218559592962265,0.44247889518737793,0.790168821811676,-0.025863854214549065,0.42749080061912537,0.7924988269805908,-0.017326941713690758,0.4134935140609741,0.7856042981147766,-0.01175463106483221
0.3318445086479187,0.7532405853271484,-2.1549625728312094e-07,0.35130345821380615,0.7070962190628052,-0.004160695243626833,0.38724327087402344,0.6643178462982178,-0.010215788148343563,0.4180009067058563,0.6337592005729675,-0.01603345200419426,0.42361828684806824,0.6006324887275696,-0.01976321078836918,0.4154517650604248,0.669865071773529,-0.014039883390069008,0.45912131667137146,0.6997515559196472,-0.023966962471604347,0.4435163736343384,0.7124730348587036,-0.028202980756759644,0.4257205128669739,0.7074957489967346,-0.03012761101126671,0.41693437099456787,0.7043213248252869,-0.01784965768456459,0.4577370285987854,0.7333017587661743,-0.022502901032567024,0.44111791253089905,0.7428312301635742,-0.020481597632169724,0.4244031310081482,0.7344226837158203,-0.02008669264614582,0.4158843159675598,0.7407790422439575,-0.02188129909336567,0.4524526596069336,0.7654311060905457,-0.024783946573734283,0.4370579719543457,0.7704949975013733,-0.016690334305167198,0.4212576150894165,0.7623082399368286,-0.01256018690764904,0.4132571220397949,0.7759919762611389,-0.026297086849808693,0.4423607289791107,0.7885956168174744,-0.026239026337862015,0.42773282527923584,0.7908192276954651,-0.017926614731550217,0.4137645661830902,0.7840291261672974,-0.012452437542378902
0.3310769200325012,0.7533436417579651,-2.1872419608826021e-07,0.3509756326675415,0.7068403959274292,-0.003789280541241169,0.3873651921749115,0.6643942594528198,-0.009837229736149311,0.41763243079185486,0.6333855390548706,-0.015777016058564186,0.42297083139419556,0.5997270345687866,-0.01966588944196701,0.41625767946243286,0.6697378754615784,-0.013576705008745193,0.4599025249481201,0.7004811763763428,-0.023159556090831757,0.44383978843688965,0.7135185599327087,-0.027310611680150032,0.42590174078941345,0.7084447145462036,-0.029324950650334358,0.41730260848999023,0.7036665678024292,-0.017590153962373734,0.45745524764060974,0.7336976528167725,-0.02183406800031662,0.44054946303367615,0.743115246295929,-0.019720351323485374,0.4237993657588959,0.7342010140419006,-0.019453778862953186,0.4156964421272278,0.7399724721908569,-0.02178964391350746,0.45226746797561646,0.7653211951255798,-0.02428927831351757,0.43679818511009216,0.7703021764755249,-0.01608111336827278,0.4210309088230133,0.7618491649627686,-0.012058706022799015,0.4126143157482147,0.7752125263214111,-0.026355678215622902,0.44220587611198425,0.7882917523384094,-0.02587403729557991,0.4275853633880615,0.790618896484375,-0.017323492094874382,0.4136202037334442,0.7838102579116821,-0.011782955378293991
0.33108991384506226,0.7540661096572876,-2.2156515910864982e-07,0.35059264302253723,0.7077207565307617,-0.0036991885863244534,0.3867465853691101,0.6648973226547241,-0.009814240969717503,0.4168093800544739,0.6338288187980652,-0.015829674899578094,0.42264050245285034,0.6000420451164246,-0.01981392130255699,0.41559723019599915,0.6701294183731079,-0.013919892720878124,0.45897194743156433,0.7007296085357666,-0.02337968908250332,0.4427812099456787,0.7140914797782898,-0.027359412983059883,0.42483946681022644,0.709324300289154,-0.02927093766629696,0.4166562259197235,0.7038959264755249,-0.018020957708358765,0.4569301903247833,0.7342869639396667,-0.022265600040555,0.4397818446159363,0.7439306974411011,-0.020039109513163567,0.42270392179489136,0.7351784706115723,-0.01966937631368637,0.41504785418510437,0.7401343584060669,-0.022259894758462906,0.451611191034317,0.7657753229141235,-0.02471137046813965,0.4357982277870178,0.7708750367164612,-0.016362041234970093,0.4198325574398041,0.7625106573104858,-0.012261667288839817,0.41200849413871765,0.7754042744636536,-0.02685164287686348,0.4416296184062958,0.7887115478515625,-0.026366211473941803,0.4267423450946808,0.7912424802780151,-0.01770414225757122,0.4126911759376526,0.7845939993858337,-0.012088126502931118
0.3312912583351135,0.7541784048080444,-2.2046781111839664e-07,0.35052043199539185,0.7074688076972961,-0.0035072772298008204,0.38666415214538574,0.6651283502578735,-0.009565075859427452,0.41686853766441345,0.634647011756897,-0.015520012006163597,0.4228280186653137,0.6010004281997681,-0.019488198682665825,0.415634423494339,0.6704406142234802,-0.014078722335398197,0.4591597318649292,0.7010666728019714,-0.02354065142571926,0.44343629479408264,0.7138020992279053,-0.027379846200346947,0.4255077540874481,0.7091888785362244,-0.02909790351986885,0.41664522886276245,0.7047117948532104,-0.018170718103647232,0.4570014178752899,0.7347365021705627,-0.022391045466065407,0.44013863801956177,0.743751585483551,-0.019980620592832565,0.4230960011482239,0.7352547645568848,-0.019455188885331154,0.4150547385215759,0.7411841154098511,-0.02236350253224373,0.4518873393535614,0.7661986947059631,-0.02476382441818714,0.43626031279563904,0.7708232998847961,-0.01625937595963478,0.42031705379486084,0.7627182602882385,-0.012042650952935219,0.4120696485042572,0.7763593196868896,-0.026886412873864174,0.4419715404510498,0.7891702651977539,-0.026341401040554047,0.42711353302001953,0.7914072871208191,-0.017602618783712387,0.41303950548171997,0.7848731279373169,-0.01192396692931652
0.33180415630340576,0.7538486123085022,-2.1900439151067985e-07,0.3510282635688782,0.7071958780288696,-0.0037838025018572807,0.3870881497859955,0.6645622849464417,-0.009701527655124664,0.41716572642326355,0.633881151676178,-0.015440941788256168,0.4220926761627197,0.6004541516304016,-0.01920383609831333,0.4154804050922394,0.6703903675079346,-0.013951125554740429,0.45895305275917053,0.7008202075958252,-0.023359648883342743,0.4430355131626129,0.7134745121002197,-0.02726564183831215,0.4252092242240906,0.7086132764816284,-0.029057810083031654,0.4167042076587677,0.7045244574546814,-0.01780986599624157,0.45675766468048096,0.7343493103981018,-0.021985406056046486,0.4397514760494232,0.7433530688285828,-0.019664492458105087,0.4228971302509308,0.7347956895828247,-0.019166333600878716,0.4153617322444916,0.7408425807952881,-0.02180183306336403,0.45171648263931274,0.7660043239593506,-0.024261362850666046,0.4359387159347534,0.7706055641174316,-0.015936031937599182,0.41999581456184387,0.7624887824058533,-0.01177210733294487,0.4124588966369629,0.7759542465209961,-0.02614239975810051,0.4417429566383362,0.7888386845588684,-0.025736305862665176,0.4266590476036072,0.7911059260368347,-0.017148828133940697,0.4124276041984558,0.7846844792366028,-0.011526142247021198
0.3317323327064514,0.7543137073516846,-2.1551262818775285e-07,0.35092929005622864,0.7073255777359009,-0.0037946803495287895,0.38675570487976074,0.6647747159004211,-0.009699632413685322,0.417018324136734,0.6343142986297607,-0.015441386960446835,0.4225841462612152,0.6009759902954102,-0.019152695313096046,0.415099561214447,0.6705859899520874,-0.013601092621684074,0.4585522711277008,0.7009094953536987,-0.02314690873026848,0.44286519289016724,0.7130211591720581,-0.02705175243318081,0.4250759780406952,0.7081728577613831,-0.028745213523507118,0.41632604598999023,0.7048503756523132,-0.017391899600625038,0.45662182569503784,0.7342667579650879,-0.021625148132443428,0.43986815214157104,0.7429701685905457,-0.01925569400191307,0.4231032431125641,0.7345937490463257,-0.018680855631828308,0.41502511501312256,0.7411156892776489,-0.021373402327299118,0.4516191780567169,0.7660658955574036,-0.0239309910684824,0.43610531091690063,0.7704519629478455,-0.015687186270952225,0.4202058017253876,0.7623029947280884,-0.011515340767800808,0.4122135043144226,0.7761348485946655,-0.02570158801972866,0.44174569845199585,0.7892484664916992,-0.02534402906894684,0.42689248919487,0.7914363145828247,-0.016885768622159958,0.4127172529697418,0.7848531603813171,-0.011325071565806866
0.3313460350036621,0.7536848783493042,-2.1246582093681354e-07,0.351207435131073,0.7065408825874329,-0.003920784220099449,0.38689765334129333,0.6641156673431396,-0.00982376653701067,0.4170852601528168,0.633502185344696,-0.015596228651702404,0.42279452085494995,0.6004351377487183,-0.01928078383207321,0.4158961772918701,0.6696127653121948,-0.012806223705410957,0.4588792324066162,0.6996419429779053,-0.02231946587562561,0.4435581564903259,0.7123003005981445,-0.026443779468536377,0.4260428845882416,0.7077215313911438,-0.028372032567858696,0.4171769917011261,0.7035896182060242,-0.016672858968377113,0.4569617211818695,0.7330524921417236,-0.020936382934451103,0.44047677516937256,0.7420286536216736,-0.018971538171172142,0.42398837208747864,0.7335227727890015,-0.018701739609241486,0.41581764817237854,0.7397497296333313,-0.02078770287334919,0.45208853483200073,0.7646559476852417,-0.023478152230381966,0.43686091899871826,0.7692923545837402,-0.015530377626419067,0.4211997091770172,0.7612901926040649,-0.011497719213366508,0.41278985142707825,0.7747900485992432,-0.025266477838158607,0.44207316637039185,0.7874799966812134,-0.024925388395786285,0.42776232957839966,0.789689302444458,-0.0165543332695961,0.41396746039390564,0.783343493938446,-0.011010597459971905
0.3319550156593323,0.7533479332923889,-2.1003208416914276e-07,0.351343035697937,0.7061281204223633,-0.0045505668967962265,0.38650065660476685,0.6634275317192078,-0.010830264538526535,0.41632041335105896,0.632828414440155,-0.016973379999399185,0.4228895902633667,0.5995321273803711,-0.020992722362279892,0.416143536567688,0.6682392954826355,-0.01310219056904316,0.4587743282318115,0.6992468237876892,-0.023195810616016388,0.44311589002609253,0.7121113538742065,-0.027905596420168877,0.42569753527641296,0.7071915864944458,-0.030263539403676987,0.41723522543907166,0.7015885710716248,-0.016941674053668976,0.45698827505111694,0.7325249910354614,-0.02180665358901024,0.4401615560054779,0.7417942881584167,-0.020235352218151093,0.42374327778816223,0.7328621745109558,-0.02021312341094017,0.4156695008277893,0.7374630570411682,-0.02116364613175392,0.45200005173683167,0.7640390992164612,-0.024441108107566833,0.4363972544670105,0.7687488198280334,-0.01668037846684456,0.42081305384635925,0.7600880265235901,-0.012733440846204758,0.41250669956207275,0.7726296186447144,-0.02583182603120804,0.4417898654937744,0.7869718074798584,-0.025933178141713142,0.42694389820098877,0.7890956401824951,-0.01769271120429039,0.4128885269165039,0.7820466160774231,-0.01221553422510624
0.33286193013191223,0.7533840537071228,-2.1522660631489998e-07,0.35237205028533936,0.7063313722610474,-0.003387513104826212,0.38760340213775635,0.6640092134475708,-0.009126815013587475,0.4177953004837036,0.6339676976203918,-0.01475607231259346,0.4235619008541107,0.601269543170929,-0.0183783657848835,0.41539403796195984,0.6685627698898315,-0.013261866755783558,0.45898714661598206,0.699069619178772,-0.0231730118393898,0.4432985782623291,0.7113375067710876,-0.02744818851351738,0.4254816770553589,0.7063378095626831,-0.02939530462026596,0.4169232249259949,0.7024758458137512,-0.01732257381081581,0.45773422718048096,0.7315955758094788,-0.02175891399383545,0.4411631226539612,0.7408012747764587,-0.01947564259171486,0.424619197845459,0.7325527667999268,-0.018990544602274895,0.41606810688972473,0.7385007739067078,-0.021592462435364723,0.45322778820991516,0.763443112373352,-0.024353232234716415,0.4375607669353485,0.768371045589447,-0.015990301966667175,0.4217589199542999,0.760357677936554,-0.011729595251381397,0.4135900139808655,0.7734883427619934,-0.026200363412499428,0.44328323006629944,0.7863895893096924,-0.026013337075710297,0.4282132387161255,0.7889199256896973,-0.017536964267492294,0.4140113890171051,0.7825994491577148,-0.011971655301749706
0.3334488570690155,0.7541565299034119,-2.1288025209287298e-07,0.35265323519706726,0.7073761224746704,-0.0038142071571201086,0.3877127766609192,0.665270209312439,-0.009964552707970142,0.41729921102523804,0.6349291801452637,-0.01596604287624359,0.42291948199272156,0.6018731594085693,-0.019954312592744827,0.41588538885116577,0.6707609295845032,-0.013563517481088638,0.4588027000427246,0.7001944780349731,-0.023190172389149666,0.443291574716568,0.7123091220855713,-0.027334021404385567,0.42595916986465454,0.7072852849960327,-0.029308784753084183,0.41704943776130676,0.7045383453369141,-0.017549732699990273,0.45731499791145325,0.7331239581108093,-0.021894393488764763,0.44074609875679016,0.7419672608375549,-0.019722769036889076,0.4241864085197449,0.7336345911026001,-0.019336065277457237,0.4157220125198364,0.7404612898826599,-0.02172738127410412,0.45226985216140747,0.764508843421936,-0.024451844394207,0.4368734359741211,0.7690833806991577,-0.016175279393792152,0.42110714316368103,0.761168897151947,-0.011977165006101131,0.4127987027168274,0.775301456451416,-0.026255935430526733,0.44250500202178955,0.7871716022491455,-0.025944078341126442,0.4277314245700836,0.7893851399421692,-0.017340781167149544,0.41358500719070435,0.7830729484558105,-0.011707660742104053
0.33498552441596985,0.7558298110961914,-2.0871388528576063e-07,0.3541768491268158,0.7091119885444641,-0.0036107515916228294,0.38907358050346375,0.6671717166900635,-0.009577362798154354,0.4188183844089508,0.6365833878517151,-0.015366139821708202,0.4247855544090271,0.6037511229515076,-0.019130989909172058,0.41693493723869324,0.6717632412910461,-0.013807064853608608,0.4605708122253418,0.7016529440879822,-0.023462655022740364,0.44495487213134766,0.7142362594604492,-0.027360035106539726,0.4274621605873108,0.7095540165901184,-0.029142383486032486,0.41833969950675964,0.7048991918563843,-0.01780777797102928,0.4591202437877655,0.7343026399612427,-0.022086136043071747,0.4424118101596832,0.7432937622070312,-0.019548658281564713,0.42592620849609375,0.7350516319274902,-0.018914055079221725,0.41714414954185486,0.7405164837837219,-0.021992536261677742,0.4539150893688202,0.7655903100967407,-0.024583756923675537,0.4381980299949646,0.7701528668403625,-0.016151798889040947,0.4226398468017578,0.7622423768043518,-0.011909478344023228,0.4143312871456146,0.7754030823707581,-0.02652459405362606,0.4435693323612213,0.7883976101875305,-0.026161836460232735,0.42858847975730896,0.7906588315963745,-0.017681393772363663,0.4147675037384033,0.784378707408905,-0.01216799858957529
0.3389504849910736,0.7542473077774048,-2.1269838157422782e-07,0.3571201264858246,0.7078455686569214,-0.0041422126814723015,0.3917675018310547,0.6660069227218628,-0.010762449353933334,0.42190584540367126,0.6357264518737793,-0.017119990661740303,0.4271997809410095,0.6025883555412292,-0.021474715322256088,0.41937223076820374,0.6712615489959717,-0.01533075887709856,0.46342402696609497,0.7015502452850342,-0.02561783418059349,0.44745081663131714,0.7130952477455139,-0.029864590615034103,0.4296400845050812,0.7075675129890442,-0.031758733093738556,0.4208444654941559,0.7054832577705383,-0.019240830093622208,0.4619247317314148,0.7340887784957886,-0.024113675579428673,0.44507738947868347,0.742382824420929,-0.021656598895788193,0.4282992482185364,0.7338261604309082,-0.020971111953258514,0.42001548409461975,0.7415643930435181,-0.02332828752696514,0.4566879868507385,0.7656732201576233,-0.026204189285635948,0.44086891412734985,0.7699706554412842,-0.01745939999818802,0.42497408390045166,0.7619583606719971,-0.01297015231102705,0.4177509546279907,0.7763380408287048,-0.02783447504043579,0.4469884932041168,0.788719117641449,-0.027756739407777786,0.43169593811035156,0.7909538745880127,-0.019118012860417366,0.4174388647079468,0.7845656275749207,-0.013459086418151855
0.33817124366760254,0.7559841275215149,-2.229338775805445e-07,0.3566802144050598,0.7100614309310913,-0.0033890968188643456,0.3916747272014618,0.6677508354187012,-0.00945301167666912,0.4215639531612396,0.6374567747116089,-0.015278412960469723,0.42696383595466614,0.6044186949729919,-0.01912737265229225,0.4198470711708069,0.6731099486351013,-0.015141037292778492,0.46340417861938477,0.7036671042442322,-0.02408197522163391,0.44744279980659485,0.7157464623451233,-0.02717089094221592,0.42978549003601074,0.7103442549705505,-0.028439121320843697,0.42124301195144653,0.7078148722648621,-0.019079627469182014,0.4616345763206482,0.7370260953903198,-0.02283376269042492,0.4444836378097534,0.7457568049430847,-0.019728001207113266,0.42738959193229675,0.7372294664382935,-0.01876603066921234,0.4201233983039856,0.7445563077926636,-0.022968778386712074,0.4561783969402313,0.768517017364502,-0.024924224242568016,0.4402987062931061,0.7731808423995972,-0.015883486717939377,0.4239897131919861,0.7654113173484802,-0.011392845772206783,0.41752511262893677,0.7797104716300964,-0.027166713029146194,0.4466952383518219,0.7913736701011658,-0.02648003399372101,0.43156588077545166,0.7935927510261536,-0.017516015097498894,0.41713908314704895,0.7873215079307556,-0.011719567701220512
0.3343368172645569,0.7566200494766235,-2.17103320210299e-07,0.35347723960876465,0.7106332778930664,-0.003522126004099846,0.38845765590667725,0.6685185432434082,-0.009624745696783066,0.4180838167667389,0.6384181380271912,-0.015541788190603256,0.4234464168548584,0.6057760715484619,-0.019444169476628304,0.4166979193687439,0.6742745041847229,-0.014523117803037167,0.4596042335033417,0.7048842906951904,-0.023786040022969246,0.4437832832336426,0.7164889574050903,-0.027314849197864532,0.4262177646160126,0.711005687713623,-0.02891373261809349,0.417736679315567,0.708690881729126,-0.018651101738214493,0.4581318795681,0.7380282282829285,-0.02277475968003273,0.44122597575187683,0.7464362978935242,-0.020064620301127434,0.4243563413619995,0.7378732562065125,-0.01936456188559532,0.4161894619464874,0.7449507713317871,-0.022849300876259804,0.45319637656211853,0.7695624232292175,-0.025380384176969528,0.43734079599380493,0.773979902267456,-0.016768531873822212,0.4211469292640686,0.7659673690795898,-0.012454486452043056,0.4130714237689972,0.7799516916275024,-0.02735869213938713,0.4428778886795044,0.7926019430160522,-0.027232086285948753,0.4278886616230011,0.7944455742835999,-0.01869126595556736,0.41355210542678833,0.7877524495124817,-0.013143195770680904
0.33487653732299805,0.7562010884284973,-2.1396172655840928e-07,0.3545041084289551,0.7103196382522583,-0.003756529651582241,0.3898527920246124,0.6682486534118652,-0.009852275252342224,0.4197973310947418,0.6380172967910767,-0.015702905133366585,0.4250864088535309,0.6050204634666443,-0.01954154670238495,0.41769856214523315,0.6738383173942566,-0.014463973231613636,0.4610556960105896,0.7044931054115295,-0.02392377145588398,0.44522902369499207,0.7159324884414673,-0.027668699622154236,0.4275526702404022,0.7104665040969849,-0.02935648150742054,0.41894078254699707,0.7084683775901794,-0.01838378980755806,0.45957890152931213,0.7375277876853943,-0.022581662982702255,0.44262856245040894,0.7457789778709412,-0.01997472159564495,0.42589080333709717,0.7373466491699219,-0.019294612109661102,0.4176151752471924,0.7449014186859131,-0.022412555292248726,0.45473599433898926,0.7692480087280273,-0.024908771738409996,0.4387863278388977,0.7732928395271301,-0.016311228275299072,0.4225790500640869,0.7651808857917786,-0.011978263035416603,0.41462329030036926,0.7800054550170898,-0.02678593248128891,0.44407498836517334,0.7922375202178955,-0.02654246799647808,0.4289182722568512,0.7937051653862,-0.017966624349355698,0.41460761427879333,0.786862850189209,-0.012375661171972752
0.33554041385650635,0.7565751671791077,-2.1328507671114494e-07,0.3550529479980469,0.7107150554656982,-0.004082867875695229,0.3904455900192261,0.6687120199203491,-0.010290360078215599,0.4207683801651001,0.6381216645240784,-0.016299985349178314,0.4265049397945404,0.604956865310669,-0.0202708188444376,0.4189660847187042,0.6743470430374146,-0.013550897128880024,0.4619702696800232,0.7046043872833252,-0.02313571237027645,0.44604337215423584,0.7163164615631104,-0.02732612006366253,0.4285457730293274,0.7107225656509399,-0.029396487399935722,0.42019110918045044,0.7084346413612366,-0.017379146069288254,0.46048569679260254,0.737073540687561,-0.021677818149328232,0.44362586736679077,0.745762825012207,-0.019497543573379517,0.4270038306713104,0.7372527122497559,-0.019101902842521667,0.4187908172607422,0.7443810701370239,-0.021443618461489677,0.45514529943466187,0.768774151802063,-0.024056054651737213,0.43948012590408325,0.7731457352638245,-0.015756605193018913,0.4235552251338959,0.764870285987854,-0.01158187910914421,0.4157155752182007,0.7791063189506531,-0.02591342106461525,0.4447072446346283,0.7916343808174133,-0.025613579899072647,0.4297381043434143,0.7935658693313599,-0.017128413543105125,0.41564810276031494,0.7868176698684692,-0.01159963570535183
0.33620744943618774,0.7576583623886108,-2.1541434591654252e-07,0.3552504777908325,0.7112630605697632,-0.0026214392855763435,0.3899865448474884,0.6698639392852783,-0.008396187797188759,0.4198414981365204,0.6400653123855591,-0.014134476892650127,0.4259570837020874,0.6073455810546875,-0.017957843840122223,0.41853007674217224,0.6757289171218872,-0.013867270201444626,0.4619128108024597,0.7062134742736816,-0.022544998675584793,0.44649019837379456,0.7179570198059082,-0.025624290108680725,0.4290200471878052,0.712415874004364,-0.026898428797721863,0.41968756914138794,0.7102169394493103,-0.018176397308707237,0.45980215072631836,0.7383623719215393,-0.02146715112030506,0.44317591190338135,0.7470128536224365,-0.018335949629545212,0.4264558255672455,0.7387924790382385,-0.017436577007174492,0.4181026220321655,0.7465229630470276,-0.022437892854213715,0.45463329553604126,0.7697559595108032,-0.024148179218173027,0.438991904258728,0.7742807269096375,-0.015255110338330269,0.4228073060512543,0.7663863301277161,-0.010889803059399128,0.41495153307914734,0.7813994884490967,-0.026945771649479866,0.44421255588531494,0.7928882241249084,-0.02621232159435749,0.42930102348327637,0.7947741150856018,-0.017389392480254173,0.41504785418510437,0.788252055644989,-0.011679898016154766
0.3356333076953888,0.7573662996292114,-2.1872234867714724e-07,0.35460999608039856,0.7118281722068787,-0.0028680674731731415,0.3896210491657257,0.6694904565811157,-0.00847130548208952,0.4200519025325775,0.6397746205329895,-0.01399820577353239,0.42568081617355347,0.6076997518539429,-0.01755281165242195,0.4184596538543701,0.6755990386009216,-0.013680645264685154,0.46162736415863037,0.7059291005134583,-0.022680843248963356,0.44608819484710693,0.71803218126297,-0.02612483501434326,0.4283811151981354,0.7128223776817322,-0.027635211125016212,0.41942593455314636,0.70987868309021,-0.017960142344236374,0.45961952209472656,0.7389864325523376,-0.021777605637907982,0.44312334060668945,0.7479106187820435,-0.019105147570371628,0.42650681734085083,0.7395243644714355,-0.01845642924308777,0.41794267296791077,0.7461339235305786,-0.022265519946813583,0.4544396698474884,0.7707753777503967,-0.02440655417740345,0.4389238953590393,0.7753586173057556,-0.0159156396985054,0.42293229699134827,0.7671699523925781,-0.011777019128203392,0.4151466190814972,0.7813637852668762,-0.026851840317249298,0.44390425086021423,0.7936327457427979,-0.02648928202688694,0.42905497550964355,0.7953663468360901,-0.01806631125509739,0.4150957763195038,0.7886613011360168,-0.012640302069485188
0.3337964713573456,0.7611407041549683,-2.2464043070158368e-07,0.3527752161026001,0.7154158353805542,-0.002491653896868229,0.38787442445755005,0.6734691262245178,-0.008248821832239628,0.4175875782966614,0.6433081030845642,-0.014166624285280704,0.4233185052871704,0.6107578277587891,-0.01813877932727337,0.41684016585350037,0.6792066097259521,-0.013670196756720543,0.4605948030948639,0.7084231376647949,-0.022772356867790222,0.44463977217674255,0.7211602330207825,-0.026142466813325882,0.42680615186691284,0.7164722681045532,-0.027556976303458214,0.4177474081516266,0.7133228182792664,-0.018305562436580658,0.4578063488006592,0.7415637373924255,-0.022113215178251266,0.4408992528915405,0.7506454586982727,-0.01926286146044731,0.42426586151123047,0.7422909736633301,-0.018520135432481766,0.4159700274467468,0.7496702671051025,-0.022942835465073586,0.45306482911109924,0.7729616165161133,-0.02513998933136463,0.43718910217285156,0.7781308889389038,-0.016216043382883072,0.4210951030254364,0.7705848217010498,-0.011769615113735199,0.41274526715278625,0.7848402857780457,-0.027821512892842293,0.44335514307022095,0.7966499328613281,-0.027295587584376335,0.428426593542099,0.7989425659179688,-0.01832367666065693,0.4140913486480713,0.7925785779953003,-0.012494160793721676
0.3348745107650757,0.7586551308631897,-2.1378971837293648e-07,0.35548609495162964,0.7129247188568115,-0.0031366695184260607,0.39086344838142395,0.6711176633834839,-0.008678027428686619,0.4207633137702942,0.6411362886428833,-0.014127064496278763,0.42534902691841125,0.6091058254241943,-0.017565667629241943,0.4186018407344818,0.6775396466255188,-0.013192260637879372,0.4618965685367584,0.707249641418457,-0.02250002697110176,0.4462812542915344,0.7190942764282227,-0.026306672021746635,0.4282935857772827,0.7139266729354858,-0.028012530878186226,0.4197465181350708,0.7125788331031799,-0.017407871782779694,0.4601890444755554,0.7404785752296448,-0.02148791402578354,0.44392162561416626,0.7488526105880737,-0.019179651513695717,0.4272325336933136,0.7402917146682739,-0.018731404095888138,0.41832399368286133,0.7492536306381226,-0.021724816411733627,0.45522135496139526,0.7727396488189697,-0.024160664528608322,0.4399655759334564,0.7770755887031555,-0.01589200459420681,0.4239133298397064,0.7688643932342529,-0.011776003055274487,0.41522982716560364,0.7844352722167969,-0.02634386159479618,0.44440293312072754,0.7959641814231873,-0.026180492714047432,0.42979052662849426,0.7975949645042419,-0.01780490204691887,0.41568195819854736,0.7908269166946411,-0.012341506779193878
0.3374229073524475,0.7595774531364441,-2.262412976961059e-07,0.3571997284889221,0.713632345199585,-0.00244088564068079,0.39231258630752563,0.6721250414848328,-0.008233999833464622,0.4219927191734314,0.6426709294319153,-0.014177504926919937,0.4276328682899475,0.6102532148361206,-0.018166599795222282,0.42165231704711914,0.6775636076927185,-0.013373498804867268,0.46392691135406494,0.7076247930526733,-0.02263886295258999,0.4483358860015869,0.7199977040290833,-0.026411309838294983,0.43082812428474426,0.7144906520843506,-0.028116697445511818,0.4223313331604004,0.7120174765586853,-0.018080182373523712,0.4615236520767212,0.7409326434135437,-0.02202332764863968,0.44492828845977783,0.7497522234916687,-0.01954602636396885,0.42833828926086426,0.740658164024353,-0.019035592675209045,0.42057013511657715,0.748592734336853,-0.022775905206799507,0.4563578963279724,0.7724854946136475,-0.024968566372990608,0.4409790635108948,0.7774394750595093,-0.016390526667237282,0.4250732362270355,0.7691888809204102,-0.01214591134339571,0.417266309261322,0.7838253378868103,-0.027727514505386353,0.4467814862728119,0.7958776950836182,-0.026987556368112564,0.43217092752456665,0.7979611158370972,-0.01808139681816101,0.41801854968070984,0.7912167310714722,-0.012277268804609776
0.338448166847229,0.7604342699050903,-2.1221271140348108e-07,0.3582752048969269,0.7145113945007324,-0.003539462573826313,0.39255157113075256,0.6736572980880737,-0.009620553813874722,0.4216849207878113,0.6442302465438843,-0.015655653551220894,0.4273137152194977,0.612125039100647,-0.019677327945828438,0.42091670632362366,0.6799198985099792,-0.013715965673327446,0.4632059335708618,0.7095222473144531,-0.023371735587716103,0.4475688636302948,0.7213841080665588,-0.02746199630200863,0.4300396144390106,0.7161117196083069,-0.029302220791578293,0.4216682016849518,0.7143053412437439,-0.017812581732869148,0.4608697295188904,0.7427394986152649,-0.022174663841724396,0.4443358778953552,0.751099705696106,-0.019935335963964462,0.42791467905044556,0.7423467040061951,-0.01949330046772957,0.4199454188346863,0.750459611415863,-0.0220623891800642,0.45607805252075195,0.7743252515792847,-0.024768635630607605,0.4406874477863312,0.7786217927932739,-0.01642243191599846,0.42480647563934326,0.7703449726104736,-0.012171546928584576,0.4166017770767212,0.785163164138794,-0.02665635570883751,0.44567179679870605,0.7976364493370056,-0.026452407240867615,0.4311314523220062,0.7994428277015686,-0.017875075340270996,0.4171058237552643,0.7927523255348206,-0.01220408920198679
0.33694425225257874,0.7603418231010437,-2.2247192532631743e-07,0.35671964287757874,0.7153463363647461,-0.002555960090830922,0.39187514781951904,0.6749699115753174,-0.007878696545958519,0.42169052362442017,0.6462061405181885,-0.013215440325438976,0.42706358432769775,0.6145408153533936,-0.016639472916722298,0.4208506941795349,0.6807804107666016,-0.01300051249563694,0.46299684047698975,0.7110803127288818,-0.02194085344672203,0.4473775029182434,0.7229627966880798,-0.02555263042449951,0.42988213896751404,0.7174894213676453,-0.027163533493876457,0.4217471778392792,0.7153058052062988,-0.017386039718985558,0.4608267843723297,0.7437580227851868,-0.02095348760485649,0.44453001022338867,0.752610981464386,-0.018338555470108986,0.42832574248313904,0.7441819906234741,-0.017771750688552856,0.42000940442085266,0.7516446113586426,-0.0218034815043211,0.45568785071372986,0.7752823233604431,-0.02392462268471718,0.4403832256793976,0.7799134254455566,-0.015539656393229961,0.42448529601097107,0.7717606425285339,-0.011438514105975628,0.4166468679904938,0.7864482998847961,-0.0264841690659523,0.4452599883079529,0.7983977198600769,-0.02628740854561329,0.43061020970344543,0.800125777721405,-0.017938895151019096,0.41641905903816223,0.7932789921760559,-0.012505396269261837
0.3373962640762329,0.7598166465759277,-2.1838135921825597e-07,0.3583579659461975,0.714708149433136,-0.003036441281437874,0.3945184350013733,0.6732314229011536,-0.008365554735064507,0.4243561327457428,0.6441031694412231,-0.013640940189361572,0.42862468957901,0.6124547719955444,-0.016852406784892082,0.42161133885383606,0.6777988076210022,-0.01275730226188898,0.46410977840423584,0.7088712453842163,-0.022235440090298653,0.4480646252632141,0.7205823063850403,-0.0261976420879364,0.4301571547985077,0.7149019837379456,-0.028009023517370224,0.42236900329589844,0.7120295763015747,-0.017102805897593498,0.4623713791370392,0.742031991481781,-0.0217315424233675,0.44566115736961365,0.7506362795829773,-0.0197487473487854,0.42929160594940186,0.7415966987609863,-0.019324492663145065,0.42084601521492004,0.7485206723213196,-0.02158532850444317,0.45796409249305725,0.773744523525238,-0.024607885628938675,0.44226396083831787,0.7782846689224243,-0.01665138453245163,0.4263448119163513,0.7697626352310181,-0.01254498865455389,0.4178033173084259,0.7839499115943909,-0.026349488645792007,0.44694724678993225,0.7966663241386414,-0.02669830620288849,0.432250052690506,0.7981548309326172,-0.01867285929620266,0.41820189356803894,0.7911775708198547,-0.01334622036665678
0.33835452795028687,0.7599142789840698,-2.1503943514744606e-07,0.35857638716697693,0.7147190570831299,-0.0037011641543358564,0.39409008622169495,0.6734582185745239,-0.00960538350045681,0.4236317574977875,0.6439871191978455,-0.01525944285094738,0.42875704169273376,0.6118606328964233,-0.018879728391766548,0.4215927720069885,0.6789722442626953,-0.014775453135371208,0.4648919105529785,0.7096672654151917,-0.02433687448501587,0.44911062717437744,0.7216413021087646,-0.028148207813501358,0.43127602338790894,0.7161758542060852,-0.029822519049048424,0.42255762219429016,0.7137543559074402,-0.018647097051143646,0.4627578854560852,0.7432361245155334,-0.023077666759490967,0.4460040330886841,0.7517468333244324,-0.020658856257796288,0.4293162226676941,0.7427987456321716,-0.020064031705260277,0.42096203565597534,0.7502288818359375,-0.022586073726415634,0.45786401629447937,0.7749199867248535,-0.025293415412306786,0.4423685371875763,0.7791475653648376,-0.016975561156868935,0.426299124956131,0.7705158591270447,-0.012777470983564854,0.41767653822898865,0.7849306464195251,-0.02684052474796772,0.44674262404441833,0.7977356314659119,-0.026891019195318222,0.4321141839027405,0.7992498278617859,-0.018564095720648766,0.4178682863712311,0.7920705676078796,-0.013073966838419437
0.3382441997528076,0.7592155337333679,-2.14560017752774e-07,0.3584769368171692,0.7132835388183594,-0.002781970426440239,0.3941288888454437,0.6721274852752686,-0.008410176262259483,0.4243178367614746,0.6428526043891907,-0.013925611041486263,0.42956632375717163,0.6106016635894775,-0.01747727207839489,0.4215063750743866,0.6781641244888306,-0.014165553264319897,0.4655846953392029,0.7091009020805359,-0.023241907358169556,0.4500718116760254,0.7208694219589233,-0.026573479175567627,0.4322403073310852,0.7152546048164368,-0.027931222692131996,0.422619491815567,0.7131762504577637,-0.01842246949672699,0.4634143114089966,0.7417821884155273,-0.022183092311024666,0.4470703601837158,0.7502095699310303,-0.019338354468345642,0.4304603636264801,0.741327166557312,-0.01858673244714737,0.42119911313056946,0.7499069571495056,-0.022635698318481445,0.4582984447479248,0.7732989192008972,-0.02462308295071125,0.4429221749305725,0.7777103781700134,-0.01582801155745983,0.4268873929977417,0.7693127393722534,-0.011496409773826599,0.4181400239467621,0.7848613858222961,-0.027114422991871834,0.4476197063922882,0.7963889241218567,-0.02663499303162098,0.4330034554004669,0.7981088757514954,-0.01793665438890457,0.41876235604286194,0.7912706732749939,-0.01230067852884531
0.3389800488948822,0.7602652907371521,-2.124887856780333e-07,0.35978376865386963,0.7136673927307129,-0.002906218869611621,0.3951581120491028,0.6724225878715515,-0.008828165009617805,0.4251742660999298,0.6425170302391052,-0.014663818292319775,0.4310021996498108,0.6100661158561707,-0.018500318750739098,0.42307403683662415,0.6788768768310547,-0.014620035886764526,0.46676790714263916,0.7099239230155945,-0.023764777928590775,0.45122939348220825,0.722163736820221,-0.027118897065520287,0.43358761072158813,0.7165339589118958,-0.028582988306879997,0.42401382327079773,0.7134414315223694,-0.01896030828356743,0.4645700454711914,0.7432531118392944,-0.022742705419659615,0.4480558931827545,0.7517584562301636,-0.01981613226234913,0.4315394163131714,0.7425708770751953,-0.019145183265209198,0.42220908403396606,0.7498369216918945,-0.023270193487405777,0.45943376421928406,0.7748692035675049,-0.025318562984466553,0.4439219534397125,0.7790935039520264,-0.01655455306172371,0.4279610216617584,0.7701549530029297,-0.012337163090705872,0.41867795586586,0.784838080406189,-0.02785290963947773,0.44845470786094666,0.7980238199234009,-0.027356915175914764,0.4339516758918762,0.7993287444114685,-0.018697230145335197,0.41978275775909424,0.7915906310081482,-0.0131450816988945
0.34128615260124207,0.7596907019615173,-2.190096637377792e-07,0.36227643489837646,0.7135400772094727,-0.0018180384067818522,0.39823129773139954,0.6733753085136414,-0.007128771394491196,0.428491473197937,0.6447592973709106,-0.012501304037868977,0.43352338671684265,0.6127349734306335,-0.01598595827817917,0.42637863755226135,0.6811541318893433,-0.013546433299779892,0.4691660404205322,0.7134961485862732,-0.022143475711345673,0.45368820428848267,0.7243968844413757,-0.02515368163585663,0.4361943304538727,0.7180670499801636,-0.026345737278461456,0.42676547169685364,0.7166802287101746,-0.01820124313235283,0.46687859296798706,0.7457854151725769,-0.021288065239787102,0.45067349076271057,0.7535484433174133,-0.017878856509923935,0.4343474507331848,0.7444940209388733,-0.016880027949810028,0.4244140684604645,0.7535499334335327,-0.022724252194166183,0.4616473317146301,0.7772277593612671,-0.024225614964962006,0.4463326334953308,0.7811954021453857,-0.015047761611640453,0.4302964508533478,0.7726771235466003,-0.0105460025370121,0.4203091561794281,0.7885122299194336,-0.027428263798356056,0.4507100582122803,0.800614595413208,-0.026642048731446266,0.4365185499191284,0.8017014265060425,-0.017737718299031258,0.4223739206790924,0.7944417595863342,-0.01202890370041132
0.34038007259368896,0.7599798440933228,-2.228929218972553e-07,0.36153432726860046,0.7141641974449158,-0.002450119936838746,0.39772143959999084,0.6736319661140442,-0.007811353541910648,0.42775392532348633,0.6444942355155945,-0.013179665431380272,0.4332866370677948,0.6123968362808228,-0.01662377640604973,0.42583638429641724,0.6813569664955139,-0.013331801630556583,0.46866321563720703,0.7129639387130737,-0.022145086899399757,0.45274314284324646,0.7240792512893677,-0.025452114641666412,0.4350534677505493,0.7180390357971191,-0.02683214470744133,0.42627862095832825,0.7171045541763306,-0.017684586346149445,0.4660603106021881,0.7453738451004028,-0.02105628326535225,0.44946378469467163,0.7533857226371765,-0.018024252727627754,0.4330085217952728,0.7445753812789917,-0.017218224704265594,0.4240275025367737,0.7540473341941833,-0.022025803104043007,0.461279034614563,0.7769333124160767,-0.023947330191731453,0.4457326829433441,0.7809813022613525,-0.01504585426300764,0.4294697642326355,0.7725376486778259,-0.010596920736134052,0.42007794976234436,0.7888394594192505,-0.026585914194583893,0.4505344033241272,0.8002133369445801,-0.02613873966038227,0.43616124987602234,0.8015652894973755,-0.017359545454382896,0.42173486948013306,0.79448002576828,-0.011642602272331715
0.3400877118110657,0.7599119544029236,-2.2054399551052484e-07,0.36131954193115234,0.7149943709373474,-0.002429153071716428,0.39810338616371155,0.6745573878288269,-0.008102155290544033,0.42817822098731995,0.6449416279792786,-0.014020002447068691,0.433862566947937,0.6125720739364624,-0.018024591729044914,0.4254677891731262,0.6809444427490234,-0.012781432829797268,0.46867635846138,0.7125963568687439,-0.022465074434876442,0.4526668190956116,0.7242617011070251,-0.026705045253038406,0.43475139141082764,0.7181687355041504,-0.028653079643845558,0.4256591498851776,0.7156519293785095,-0.017596310004591942,0.4660305976867676,0.7452425956726074,-0.021726613864302635,0.4492306709289551,0.7536758184432983,-0.019284697249531746,0.4326647222042084,0.7445329427719116,-0.01876571960747242,0.42320719361305237,0.7522549629211426,-0.022524764761328697,0.46151143312454224,0.7767415642738342,-0.025051504373550415,0.44561341404914856,0.7813204526901245,-0.016227811574935913,0.429389625787735,0.7728458046913147,-0.011715255677700043,0.41905587911605835,0.7873967289924622,-0.0277166236191988,0.4508846700191498,0.800487756729126,-0.027355246245861053,0.43617260456085205,0.802422285079956,-0.018344247713685036,0.421656996011734,0.7954996824264526,-0.012453373521566391
0.3385409712791443,0.7587962746620178,-2.1402432537342975e-07,0.361232191324234,0.7127401828765869,-0.002717268653213978,0.3979997932910919,0.6730368137359619,-0.008438371121883392,0.4282989203929901,0.6446525454521179,-0.014364643953740597,0.4347890019416809,0.6122230291366577,-0.018327930942177773,0.4256696403026581,0.6812319755554199,-0.012107268907129765,0.46853089332580566,0.7134551405906677,-0.022027047351002693,0.45274463295936584,0.7237232327461243,-0.02666730433702469,0.4351870119571686,0.7168713808059692,-0.02883237786591053,0.42563480138778687,0.7170289754867554,-0.016750270500779152,0.46594342589378357,0.745513916015625,-0.02100949175655842,0.4495208263397217,0.7530019283294678,-0.018859999254345894,0.4333356022834778,0.7439791560173035,-0.01846667379140854,0.4230535328388214,0.7540149688720703,-0.021613750606775284,0.4610632061958313,0.7771364450454712,-0.02426934987306595,0.44548630714416504,0.7810254096984863,-0.015616037882864475,0.42926526069641113,0.772537350654602,-0.011063680984079838,0.41866928339004517,0.7889438271522522,-0.02679361030459404,0.4498801827430725,0.8008784651756287,-0.026428990066051483,0.4354129135608673,0.8021084666252136,-0.01746758632361889,0.4210261106491089,0.7948450446128845,-0.011516432277858257
0.354572057723999,0.7603918313980103,-2.01228615992477e-07,0.3781902492046356,0.7132114171981812,-0.003372045001015067,0.41409462690353394,0.6770383715629578,-0.009576919488608837,0.44444364309310913,0.6507351994514465,-0.015818774700164795,0.4530452787876129,0.6176407337188721,-0.02022632025182247,0.44281908869743347,0.6874222755432129,-0.013090112246572971,0.4837809205055237,0.722273588180542,-0.021595073863863945,0.46893683075904846,0.7339907884597778,-0.02488665096461773,0.45185431838035583,0.7271517515182495,-0.0261977706104517,0.44325998425483704,0.7247537970542908,-0.017121022567152977,0.48022210597991943,0.7553863525390625,-0.02025608904659748,0.4630261957645416,0.7626206874847412,-0.01788102649152279,0.44616666436195374,0.7526490688323975,-0.017467960715293884,0.4398641586303711,0.762937605381012,-0.021134814247488976,0.4746379554271698,0.7864415645599365,-0.023093366995453835,0.45841845870018005,0.7896308302879333,-0.014051335863769054,0.4415084719657898,0.7806975245475769,-0.009280373342335224,0.4337356686592102,0.7973713874816895,-0.02544475719332695,0.46293553709983826,0.8084859251976013,-0.02477676421403885,0.4486809968948364,0.8090728521347046,-0.015095158480107784,0.4338935911655426,0.8017338514328003,-0.008493786677718163
0.3536902070045471,0.7552075386047363,-2.015600131244355e-07,0.37735119462013245,0.708457350730896,-0.003667627228423953,0.41379106044769287,0.6701055765151978,-0.010023936629295349,0.4438368082046509,0.642230212688446,-0.016497107222676277,0.4521995484828949,0.6085553765296936,-0.02114591933786869,0.44270050525665283,0.6797150373458862,-0.01249341107904911,0.48361873626708984,0.7162193655967712,-0.02181282266974449,0.4684664011001587,0.7268814444541931,-0.026211386546492577,0.4514255225658417,0.7193753123283386,-0.02833455801010132,0.4426213502883911,0.716494083404541,-0.016642792150378227,0.48001936078071594,0.7482510209083557,-0.0206284299492836,0.46289709210395813,0.7548231482505798,-0.019005512818694115,0.44583457708358765,0.7444452047348022,-0.0190269872546196,0.4393133521080017,0.7543269395828247,-0.020952850580215454,0.47455528378486633,0.7791071534156799,-0.02348233386874199,0.45857030153274536,0.7819647789001465,-0.015017190016806126,0.44177886843681335,0.7725855112075806,-0.010537168942391872,0.4337090253829956,0.788865864276886,-0.02562308870255947,0.4632413685321808,0.8011946678161621,-0.025142984464764595,0.44878172874450684,0.80180424451828,-0.015806837007403374,0.4338935315608978,0.7942838668823242,-0.009443233720958233
0.3564261794090271,0.7584472298622131,-1.931584847625345e-07,0.3804197311401367,0.7113892436027527,-0.003538689808920026,0.4156945049762726,0.6731821894645691,-0.009804412722587585,0.4456738829612732,0.6455195546150208,-0.016231928020715714,0.454172283411026,0.6124659776687622,-0.02084585651755333,0.4454953670501709,0.6825984716415405,-0.012251411564648151,0.4862811267375946,0.718390166759491,-0.02107202261686325,0.4724878966808319,0.7309544682502747,-0.025157295167446136,0.4559918940067291,0.724918782711029,-0.027220390737056732,0.4463855028152466,0.718715488910675,-0.016496704891324043,0.4833246171474457,0.7513083219528198,-0.02022579312324524,0.46665534377098083,0.7591987252235413,-0.018605342134833336,0.44953158497810364,0.7495453953742981,-0.01865869015455246,0.4434434771537781,0.7562174201011658,-0.020871685817837715,0.47768157720565796,0.7818526029586792,-0.023183956742286682,0.4619200825691223,0.7856581211090088,-0.01496088970452547,0.4449962377548218,0.7769041061401367,-0.010717090219259262,0.43772125244140625,0.7907052636146545,-0.02564290165901184,0.4658301770687103,0.8038584589958191,-0.02541385032236576,0.45171499252319336,0.8047452569007874,-0.01652374677360058,0.4370890259742737,0.797036349773407,-0.010453895665705204
0.3540465235710144,0.7406706213951111,-2.025495007274003e-07,0.3779219686985016,0.692480206489563,-0.002540052169933915,0.4135560691356659,0.6507535576820374,-0.007544995751231909,0.44137799739837646,0.6195347905158997,-0.012913000769913197,0.44686803221702576,0.5860186815261841,-0.016448503360152245,0.4412361681461334,0.6559501886367798,-0.010415093973279,0.4827195703983307,0.6876419186592102,-0.01854587160050869,0.4698067307472229,0.7018660306930542,-0.02221573516726494,0.4520761966705322,0.6980368494987488,-0.023987751454114914,0.443172425031662,0.6905510425567627,-0.014719418250024319,0.48074105381965637,0.7239973545074463,-0.017821578308939934,0.46510282158851624,0.7337141633033752,-0.01654963754117489,0.4483445882797241,0.7246477007865906,-0.017082734033465385,0.44165360927581787,0.7274860739707947,-0.019100230187177658,0.47705814242362976,0.7553666830062866,-0.021270504221320152,0.4621409773826599,0.7603887319564819,-0.01430218294262886,0.4455823302268982,0.7518059015274048,-0.011045117862522602,0.43756285309791565,0.7623236179351807,-0.023707197979092598,0.46709927916526794,0.7775107026100159,-0.023294441401958466,0.45353859663009644,0.7792341709136963,-0.015240483917295933,0.43873608112335205,0.771342933177948,-0.009953035041689873
0.3540140986442566,0.7370991706848145,-2.0099675168694375e-07,0.37885934114456177,0.6897354125976562,-0.002273333026096225,0.4149291515350342,0.6479731202125549,-0.00693115871399641,0.4419824481010437,0.6164748072624207,-0.012080483138561249,0.446209579706192,0.5832095146179199,-0.015463558956980705,0.44107985496520996,0.6532455682754517,-0.008734877221286297,0.4827137589454651,0.6837744116783142,-0.01771753653883934,0.46967363357543945,0.6969813108444214,-0.02275265008211136,0.4516538679599762,0.6927443742752075,-0.025367189198732376,0.44286492466926575,0.6877113580703735,-0.013166738674044609,0.48099058866500854,0.7193148136138916,-0.016712438315153122,0.4657435715198517,0.7288148999214172,-0.016004687175154686,0.4487716555595398,0.7202000617980957,-0.016779666766524315,0.4413529336452484,0.7244241833686829,-0.017863716930150986,0.47675952315330505,0.7508338093757629,-0.020206164568662643,0.4620724022388458,0.756157398223877,-0.013393247500061989,0.4454454481601715,0.7481651306152344,-0.01009963359683752,0.4372473657131195,0.7591271996498108,-0.02285994589328766,0.4663650691509247,0.773655891418457,-0.02253660559654236,0.45272666215896606,0.7755235433578491,-0.014706593006849289,0.4378092885017395,0.7679362297058105,-0.009554969146847725
0.35422948002815247,0.7373245358467102,-2.0820287716105668e-07,0.3764125108718872,0.6893001794815063,-0.0034209322184324265,0.4107646346092224,0.646831750869751,-0.0091829439625144,0.4383213222026825,0.615052342414856,-0.015025349333882332,0.4434732496738434,0.5811883807182312,-0.019011160358786583,0.4389902353286743,0.6512174010276794,-0.012732502073049545,0.4815468490123749,0.6820257306098938,-0.021245738491415977,0.4677387773990631,0.6960099339485168,-0.024745669215917587,0.4494851529598236,0.6916983127593994,-0.026421960443258286,0.44146203994750977,0.6862075924873352,-0.01681044138967991,0.48011118173599243,0.7177889943122864,-0.020411912351846695,0.4638543426990509,0.727622389793396,-0.01879533939063549,0.4462924897670746,0.718776524066925,-0.019073262810707092,0.44052520394325256,0.723444402217865,-0.020927397534251213,0.47678208351135254,0.7493605613708496,-0.023568453267216682,0.4611370861530304,0.7547438144683838,-0.015899522230029106,0.44391879439353943,0.7466939687728882,-0.0121731823310256,0.4370771050453186,0.7587064504623413,-0.02532074972987175,0.466949999332428,0.771924614906311,-0.02561606466770172,0.4526106119155884,0.7742387652397156,-0.017332350835204124,0.43725258111953735,0.7670566439628601,-0.01183224469423294
0.35306429862976074,0.7366395592689514,-1.9598904543727258e-07,0.3712427616119385,0.6842820644378662,-0.0020512170158326626,0.40029871463775635,0.6404392719268799,-0.008926908485591412,0.4260696768760681,0.6065720915794373,-0.01613667979836464,0.43004274368286133,0.5718435049057007,-0.021631935611367226,0.4326184093952179,0.6444441080093384,-0.012927595525979996,0.47664675116539,0.6664296388626099,-0.020964473485946655,0.46510517597198486,0.6832637190818787,-0.024186130613088608,0.4472416639328003,0.6821348667144775,-0.025564778596162796,0.437875896692276,0.6803473234176636,-0.017925912514328957,0.47739332914352417,0.6998986005783081,-0.019950253888964653,0.46327269077301025,0.7129446864128113,-0.01763049326837063,0.4452771544456482,0.7077946662902832,-0.017753463238477707,0.4393797218799591,0.7184354662895203,-0.022701289504766464,0.4754475951194763,0.7314273118972778,-0.023451758548617363,0.46119728684425354,0.7400978803634644,-0.014649690128862858,0.4436027705669403,0.7360552549362183,-0.010664988309144974,0.4381101727485657,0.7545629143714905,-0.02767392434179783,0.4673672318458557,0.7570868134498596,-0.026560181751847267,0.45380908250808716,0.7615711092948914,-0.016927827149629593,0.43872737884521484,0.758141815662384,-0.010583203285932541
0.35332030057907104,0.7354729175567627,-2.2277042432961025e-07,0.36825400590896606,0.6813551783561707,-0.0015275634359568357,0.3939600884914398,0.636441707611084,-0.008200096897780895,0.41905689239501953,0.6018040776252747,-0.015446669422090054,0.42192018032073975,0.5690832138061523,-0.02101556770503521,0.43068212270736694,0.6427633762359619,-0.010907968506217003,0.4744401276111603,0.6561117172241211,-0.01829076185822487,0.4610510766506195,0.6705386638641357,-0.021453117951750755,0.44270214438438416,0.6696137189865112,-0.02280575782060623,0.437358558177948,0.6782394051551819,-0.015912363305687904,0.475607305765152,0.6880282759666443,-0.016832811757922173,0.46108365058898926,0.7000249624252319,-0.014310668222606182,0.44275620579719543,0.6975694894790649,-0.014302209950983524,0.4404923915863037,0.7151585221290588,-0.020757688209414482,0.4735570549964905,0.7182744145393372,-0.02000683918595314,0.45964619517326355,0.7269644141197205,-0.011421513743698597,0.4422047436237335,0.7261544466018677,-0.00776532432064414,0.4409269690513611,0.7506580352783203,-0.025873102247714996,0.4673853814601898,0.745073676109314,-0.02343929000198841,0.4538828432559967,0.7496255040168762,-0.01371700782328844,0.43919217586517334,0.7498839497566223,-0.007444608956575394
0.3528931736946106,0.7386667132377625,-2.0621237695195305e-07,0.3694951832294464,0.6850075125694275,-0.001916825189255178,0.3967805802822113,0.6403802633285522,-0.00878649577498436,0.4225069582462311,0.6056734323501587,-0.016177773475646973,0.42488569021224976,0.5730771422386169,-0.021889442577958107,0.43231144547462463,0.6463921070098877,-0.01071709394454956,0.476127952337265,0.6623924374580383,-0.018600162118673325,0.46311652660369873,0.6773267388343811,-0.022435138002038002,0.44519224762916565,0.676563024520874,-0.024294855073094368,0.4385069012641907,0.6821392774581909,-0.015862850472331047,0.4775247573852539,0.6946309804916382,-0.017314087599515915,0.4630780816078186,0.7068673372268677,-0.015063183382153511,0.444918692111969,0.7038337588310242,-0.015121979638934135,0.44098731875419617,0.7195342183113098,-0.02099546045064926,0.47563135623931885,0.7251217365264893,-0.02098718099296093,0.4616278409957886,0.7336199283599854,-0.012525646016001701,0.44408780336380005,0.7319470643997192,-0.00873617921024561,0.44061967730522156,0.7557531595230103,-0.026421181857585907,0.4684182107448578,0.7518032193183899,-0.02464459463953972,0.45502540469169617,0.7565164566040039,-0.015043068677186966,0.44035157561302185,0.7562322616577148,-0.008706104010343552
0.3493455946445465,0.7420526146888733,-2.246974588615558e-07,0.3640560805797577,0.690880298614502,-0.002509438432753086,0.3952358663082123,0.6458791494369507,-0.00918509066104889,0.4230461120605469,0.6115279197692871,-0.016175992786884308,0.4281269609928131,0.5760861039161682,-0.021160079166293144,0.4278774857521057,0.6502374410629272,-0.013431227765977383,0.4739583432674408,0.6715360283851624,-0.021336983889341354,0.4595940113067627,0.6858845353126526,-0.02377724088728428,0.4416671097278595,0.6831932067871094,-0.02464691363275051,0.43262138962745667,0.6856295466423035,-0.018151922151446342,0.4738444685935974,0.704238772392273,-0.020132040604948997,0.4579887092113495,0.7153717875480652,-0.016737692058086395,0.4405272603034973,0.7100074291229248,-0.015965109691023827,0.4341326355934143,0.7234033942222595,-0.022768476977944374,0.471771240234375,0.7356927990913391,-0.023309890180826187,0.4569186270236969,0.7433186769485474,-0.013869322836399078,0.4398389756679535,0.7390671968460083,-0.009478666819632053,0.4337173104286194,0.7597593665122986,-0.02764686569571495,0.46487027406692505,0.7622045874595642,-0.026239857077598572,0.4512026906013489,0.7668099403381348,-0.01645609922707081,0.43661293387413025,0.7638506889343262,-0.01008126325905323
0.34494805335998535,0.7426850199699402,-2.2096459417753067e-07,0.36437782645225525,0.6946012377738953,-0.0033621396869421005,0.39830252528190613,0.6495364308357239,-0.009195799008011818,0.4272148013114929,0.6167356967926025,-0.01518051978200674,0.4341440796852112,0.5835303068161011,-0.01911802589893341,0.42625692486763,0.6560524702072144,-0.012159866280853748,0.47000783681869507,0.6812905073165894,-0.02122371830046177,0.4557773172855377,0.6944896578788757,-0.024900147691369057,0.43832340836524963,0.6916285753250122,-0.0266422126442194,0.4286207854747772,0.689494788646698,-0.01655552349984646,0.4689662456512451,0.7139744758605957,-0.020848751068115234,0.45315560698509216,0.7238199710845947,-0.01908605732023716,0.4361037611961365,0.717674195766449,-0.019033897668123245,0.4284455478191376,0.7252590656280518,-0.021128922700881958,0.46612900495529175,0.7454419732093811,-0.02382560819387436,0.45097818970680237,0.7514605522155762,-0.015652386471629143,0.43456342816352844,0.7456573843955994,-0.011568699032068253,0.4265274107456207,0.7603724002838135,-0.026053601875901222,0.45697125792503357,0.7704073190689087,-0.0258195623755455,0.4424290657043457,0.7733275294303894,-0.017280325293540955,0.4281069338321686,0.7678236961364746,-0.011694970540702343
0.3275313973426819,0.743689239025116,-2.1482078693679796e-07,0.3524392247200012,0.6977940201759338,-0.0028583931270986795,0.39097166061401367,0.6557196378707886,-0.007650763262063265,0.41966208815574646,0.6258479952812195,-0.012806707061827183,0.4258318245410919,0.5936432480812073,-0.015814727172255516,0.41363364458084106,0.6588453054428101,-0.009676034562289715,0.4558730125427246,0.6936506628990173,-0.020631862804293633,0.440469890832901,0.704175591468811,-0.026323383674025536,0.42296072840690613,0.6983445286750793,-0.02913070283830166,0.4135812520980835,0.6920097470283508,-0.014308794401586056,0.45352569222450256,0.7256554961204529,-0.020294001325964928,0.43695658445358276,0.7332605719566345,-0.019475292414426804,0.42077305912971497,0.7247691750526428,-0.01961657777428627,0.41173261404037476,0.7275869250297546,-0.019514137879014015,0.4495728611946106,0.7561659216880798,-0.023460358381271362,0.43431103229522705,0.7605298757553101,-0.016170591115951538,0.4187171757221222,0.7526766061782837,-0.012137127108871937,0.40826424956321716,0.7620108723640442,-0.025118669494986534,0.4392555356025696,0.7786670923233032,-0.025100629776716232,0.4248729944229126,0.7802619934082031,-0.017274942249059677,0.4106862246990204,0.7729789018630981,-0.01209313329309225
0.3179877996444702,0.7401747107505798,-2.0999506489260966e-07,0.34064194560050964,0.6952016949653625,-0.003517678240314126,0.3774024248123169,0.6539785861968994,-0.008658021688461304,0.4061371982097626,0.6238681077957153,-0.014130220748484135,0.41322818398475647,0.5914667844772339,-0.017429647967219353,0.40046361088752747,0.656286358833313,-0.008975873701274395,0.44219040870666504,0.6894719004631042,-0.020401472225785255,0.42682716250419617,0.7003136873245239,-0.026520637795329094,0.40990254282951355,0.6950162649154663,-0.029587075114250183,0.40069565176963806,0.6883485913276672,-0.013393482193350792,0.44054359197616577,0.721461832523346,-0.01993056945502758,0.4238613247871399,0.728055477142334,-0.019592998549342155,0.4078143537044525,0.7190120220184326,-0.020027104765176773,0.39910373091697693,0.7226263880729675,-0.018564730882644653,0.43645837903022766,0.7514943480491638,-0.022953085601329803,0.42105698585510254,0.7548478245735168,-0.015974421054124832,0.4060092568397522,0.7461651563644409,-0.012105590663850307,0.39574283361434937,0.7557677030563354,-0.02422759309411049,0.4269733726978302,0.7743693590164185,-0.024232393130660057,0.41270267963409424,0.776202917098999,-0.016558930277824402,0.3988027572631836,0.7684811353683472,-0.011520964093506336
0.3157270550727844,0.7413299083709717,-2.0119748000979598e-07,0.33802172541618347,0.6951934099197388,-0.002612353302538395,0.37478333711624146,0.6537319421768188,-0.007640903349965811,0.4031721353530884,0.624082624912262,-0.013018784113228321,0.4105340838432312,0.5919826626777649,-0.016253208741545677,0.39639201760292053,0.6541211605072021,-0.010427936911582947,0.4390612244606018,0.6874504089355469,-0.02183418720960617,0.4242503345012665,0.6986467242240906,-0.027346894145011902,0.4070023000240326,0.6939079761505127,-0.029814254492521286,0.3965396285057068,0.6861106753349304,-0.015051260590553284,0.4373047351837158,0.7194594740867615,-0.0215301476418972,0.4209831655025482,0.7266548871994019,-0.020551791414618492,0.4050452411174774,0.7180789113044739,-0.020499275997281075,0.3951111137866974,0.7207268476486206,-0.02019796334207058,0.4337072968482971,0.7496715188026428,-0.024476006627082825,0.41837233304977417,0.7535220384597778,-0.017264099791646004,0.40339741110801697,0.7450810670852661,-0.01325764786452055,0.39223092794418335,0.7544856667518616,-0.025671115145087242,0.4238385856151581,0.7725365161895752,-0.025652354583144188,0.4094935953617096,0.7744272947311401,-0.01800648681819439,0.3956853449344635,0.7669523358345032,-0.012997571378946304
0.32584455609321594,0.7428150773048401,-1.9180303922894382e-07,0.34713050723075867,0.6962289214134216,-0.0032879249192774296,0.3831392824649811,0.6544251441955566,-0.008954063057899475,0.4126449227333069,0.6243087649345398,-0.014831029810011387,0.42046329379081726,0.591340959072113,-0.018545031547546387,0.40636494755744934,0.6543070077896118,-0.011405221186578274,0.4502186179161072,0.687671959400177,-0.0232402291148901,0.43514466285705566,0.6999656558036804,-0.028926506638526917,0.4180266559123993,0.6951610445976257,-0.03154467046260834,0.4071734845638275,0.6857663989067078,-0.015919730067253113,0.44855326414108276,0.7190802693367004,-0.022503217682242393,0.43218424916267395,0.7274817228317261,-0.021550284698605537,0.41659584641456604,0.718458890914917,-0.02159510739147663,0.4061952531337738,0.7202315926551819,-0.021008355543017387,0.4443596303462982,0.7492353916168213,-0.025362642481923103,0.42904865741729736,0.7540028095245361,-0.01805495284497738,0.41442230343818665,0.74541836977005,-0.014046951197087765,0.4037574529647827,0.7540725469589233,-0.026482243090867996,0.4346558153629303,0.771670937538147,-0.026450371369719505,0.4203878939151764,0.7743573784828186,-0.018637849017977715,0.40706866979599,0.7673027515411377,-0.013495370745658875
0.3307650089263916,0.7464616298675537,-1.932832702777887e-07,0.3511677384376526,0.6995759606361389,-0.0038386371452361345,0.3865363895893097,0.6573783159255981,-0.009577908553183079,0.4154898226261139,0.627138614654541,-0.0154337203130126,0.4230569005012512,0.5946000218391418,-0.019195903092622757,0.4091857671737671,0.6580579876899719,-0.011595195159316063,0.45317769050598145,0.6907401084899902,-0.023206280544400215,0.438408762216568,0.7033973932266235,-0.028962694108486176,0.421416312456131,0.6997566223144531,-0.031730104237794876,0.41045263409614563,0.6901158094406128,-0.015909574925899506,0.45221376419067383,0.7231540679931641,-0.022471416741609573,0.4357733726501465,0.7314161658287048,-0.021663717925548553,0.4196396470069885,0.723020613193512,-0.021833406761288643,0.40985190868377686,0.7247045636177063,-0.020820528268814087,0.44884127378463745,0.753182053565979,-0.02524525113403797,0.4332176744937897,0.7577345967292786,-0.017872991040349007,0.41815465688705444,0.7494623064994812,-0.013824313879013062,0.4076550006866455,0.7584664821624756,-0.02617252990603447,0.4390110373497009,0.7758034467697144,-0.02649194374680519,0.42451080679893494,0.778701901435852,-0.018673669546842575,0.4106813073158264,0.7718359231948853,-0.013503145426511765
0.3315114378929138,0.7477750778198242,-1.9510494553287572e-07,0.3527120351791382,0.700875997543335,-0.0028067752718925476,0.3877747654914856,0.6586271524429321,-0.008271617814898491,0.41669780015945435,0.6280273795127869,-0.013976906426250935,0.4241622984409332,0.5954771637916565,-0.01763428933918476,0.41037335991859436,0.6588473320007324,-0.011505440808832645,0.45451611280441284,0.6913875341415405,-0.022896721959114075,0.4396797716617584,0.7042657136917114,-0.028310446068644524,0.42265355587005615,0.7004991769790649,-0.030874019488692284,0.4117238223552704,0.6901587843894958,-0.0162416510283947,0.4537816047668457,0.7230756282806396,-0.022324811667203903,0.4374278783798218,0.7319769859313965,-0.02098037302494049,0.4214862585067749,0.723789393901825,-0.02090379223227501,0.41114309430122375,0.7246924638748169,-0.021440934389829636,0.4500669836997986,0.7531611323356628,-0.025363115593791008,0.43457266688346863,0.7581239938735962,-0.017698248848319054,0.419668048620224,0.7501275539398193,-0.013597098179161549,0.4090351462364197,0.7587646245956421,-0.02698853239417076,0.4398427903652191,0.7757062911987305,-0.026733189821243286,0.4254550039768219,0.7786718010902405,-0.0186543557792902,0.41199222207069397,0.7720503807067871,-0.013404247350990772
0.33131352066993713,0.7471175789833069,-1.9220422586840868e-07,0.3512992262840271,0.7005025744438171,-0.003225990105420351,0.3861142098903656,0.6581073999404907,-0.008622902445495129,0.4147338271141052,0.6278589367866516,-0.014222681522369385,0.42215582728385925,0.5956242084503174,-0.017728451639413834,0.40906375646591187,0.6570448875427246,-0.011493135243654251,0.45339399576187134,0.689082682132721,-0.02284112013876438,0.43893951177597046,0.7024236917495728,-0.02830575779080391,0.421886682510376,0.6994615793228149,-0.030858438462018967,0.41055476665496826,0.6884734034538269,-0.0160361360758543,0.4521388113498688,0.7214764356613159,-0.022336069494485855,0.4360455870628357,0.7305383682250977,-0.021313460543751717,0.42013856768608093,0.722741425037384,-0.02131807990372181,0.409972220659256,0.7228904366493225,-0.02109161578118801,0.4489513337612152,0.7512585520744324,-0.02532307617366314,0.4334752857685089,0.7565436959266663,-0.018004637211561203,0.4184877276420593,0.748706579208374,-0.013974921777844429,0.4079081416130066,0.7566416263580322,-0.02653401345014572,0.4388032853603363,0.774056077003479,-0.02681160904467106,0.4246259927749634,0.7771887183189392,-0.019151564687490463,0.41106122732162476,0.77039635181427,-0.014036469161510468
0.331565797328949,0.7475025057792664,-1.9562436648357107e-07,0.3520643413066864,0.7007681727409363,-0.002301024040207267,0.3867172598838806,0.6586940288543701,-0.007489550393074751,0.41486722230911255,0.6284267902374268,-0.013059353455901146,0.42231157422065735,0.5962895750999451,-0.01659809798002243,0.4102574288845062,0.6578022241592407,-0.010779350064694881,0.45357373356819153,0.6886656880378723,-0.021998409181833267,0.43930381536483765,0.7021557688713074,-0.027439365163445473,0.4222428500652313,0.6991084814071655,-0.029943546280264854,0.4114728271961212,0.6889496445655823,-0.015660729259252548,0.4526287913322449,0.7210281491279602,-0.021571602672338486,0.43668848276138306,0.7303003668785095,-0.0203383956104517,0.42096003890037537,0.7223114967346191,-0.02030985616147518,0.41063517332077026,0.7232564091682434,-0.020986706018447876,0.4491536319255829,0.7510913014411926,-0.024925818666815758,0.4339662790298462,0.7566205859184265,-0.017528891563415527,0.4192151725292206,0.7488752007484436,-0.013537592254579067,0.4081956148147583,0.7571631073951721,-0.026599494740366936,0.4395582377910614,0.7740294337272644,-0.02645867131650448,0.42551571130752563,0.7772001028060913,-0.018564768135547638,0.41200268268585205,0.7705352306365967,-0.013381976634263992
0.33394667506217957,0.7484926581382751,-2.0194516991978162e-07,0.3538493514060974,0.7019215226173401,-0.0026749270036816597,0.3896113634109497,0.6597708463668823,-0.007514208555221558,0.4183504581451416,0.6299072504043579,-0.012542515061795712,0.42480218410491943,0.5976158380508423,-0.01556059718132019,0.41244810819625854,0.659584641456604,-0.010332794860005379,0.45520293712615967,0.6903036236763,-0.021002082154154778,0.4407568871974945,0.7026427984237671,-0.026242541149258614,0.42367619276046753,0.6990637183189392,-0.02868497371673584,0.41402918100357056,0.6917394399642944,-0.014748966321349144,0.4538380205631256,0.7223660945892334,-0.020169615745544434,0.4381418228149414,0.731162965297699,-0.019015658646821976,0.4226507544517517,0.7239730358123779,-0.019039038568735123,0.41364535689353943,0.7265778183937073,-0.019614974036812782,0.45073750615119934,0.7528219223022461,-0.023165248334407806,0.43569058179855347,0.758033275604248,-0.015888599678874016,0.4209442734718323,0.7508428692817688,-0.012020448222756386,0.4117479920387268,0.7605185508728027,-0.02481168508529663,0.4416288733482361,0.7760173082351685,-0.024559631943702698,0.4273488223552704,0.779007613658905,-0.016801992431282997,0.41403335332870483,0.7727576494216919,-0.01172348391264677
0.333837628364563,0.7487087845802307,-1.9973708731413353e-07,0.3542621433734894,0.7026052474975586,-0.0030518516432493925,0.3897022008895874,0.6607049703598022,-0.008336752653121948,0.4182341694831848,0.6308441162109375,-0.013862439431250095,0.42522042989730835,0.5986800193786621,-0.01732340268790722,0.4124966263771057,0.6605768203735352,-0.011036522686481476,0.4559447467327118,0.6923864483833313,-0.022553719580173492,0.4413638114929199,0.7052701115608215,-0.028216952458024025,0.4242211580276489,0.7016069293022156,-0.03086753934621811,0.4136293828487396,0.6919438242912292,-0.01554117538034916,0.45471078157424927,0.7241233587265015,-0.021993201225996017,0.43863120675086975,0.73307204246521,-0.021086832508444786,0.42278292775154114,0.7249937057495117,-0.02114839479327202,0.4130215346813202,0.7263800501823425,-0.020583264529705048,0.4512942433357239,0.7541696429252625,-0.024955790489912033,0.4359985291957855,0.7594901323318481,-0.01764400117099285,0.421217679977417,0.7516226172447205,-0.013612600974738598,0.4110092520713806,0.7603204846382141,-0.025992240756750107,0.4417499005794525,0.7771660089492798,-0.02625146321952343,0.4273158013820648,0.7802772521972656,-0.01854008063673973,0.41377922892570496,0.7736564874649048,-0.013439688831567764
0.33396589756011963,0.7502288222312927,-1.9505009163367504e-07,0.35570672154426575,0.7039235830307007,-0.002557094907388091,0.392677903175354,0.6612594723701477,-0.007456127554178238,0.4212227463722229,0.6305121183395386,-0.012692078948020935,0.4270555078983307,0.5975281596183777,-0.015784136950969696,0.4135982394218445,0.6617035269737244,-0.010099915787577629,0.45703572034835815,0.6932039856910706,-0.021305575966835022,0.44258424639701843,0.7056217193603516,-0.026746680960059166,0.4252544641494751,0.7014472484588623,-0.02919481135904789,0.41461384296417236,0.6930937170982361,-0.01472711656242609,0.45593953132629395,0.7249285578727722,-0.020792841911315918,0.440236896276474,0.7335892915725708,-0.01971418224275112,0.424434095621109,0.7254564166069031,-0.01961917243897915,0.4139726459980011,0.7275258302688599,-0.019876157864928246,0.45232918858528137,0.7553749680519104,-0.02369830571115017,0.4374854564666748,0.7605880498886108,-0.016429997980594635,0.4226721227169037,0.7527360916137695,-0.01246477011591196,0.41187089681625366,0.7615777254104614,-0.025374067947268486,0.44304051995277405,0.7782126665115356,-0.02499476633965969,0.4288194477558136,0.7806808948516846,-0.017191819846630096,0.41524267196655273,0.773586630821228,-0.012129765935242176
0.3354794383049011,0.7515649199485779,-1.96932845142328e-07,0.3561011552810669,0.7053475379943848,-0.003522765589877963,0.39126285910606384,0.6630343198776245,-0.008850166574120522,0.42009472846984863,0.6330795288085938,-0.014385181479156017,0.42718034982681274,0.6009795069694519,-0.01785430870950222,0.41528478264808655,0.6642166972160339,-0.010539316572248936,0.4579433798789978,0.6954538822174072,-0.021500341594219208,0.44362056255340576,0.7076609134674072,-0.02696620114147663,0.4265322685241699,0.703986406326294,-0.029582174494862556,0.41637688875198364,0.6958699226379395,-0.014735734090209007,0.456633985042572,0.7272791266441345,-0.020614931359887123,0.44119006395339966,0.7361665368080139,-0.019748393446207047,0.42557916045188904,0.7287279963493347,-0.0200043972581625,0.4156723916530609,0.7302526831626892,-0.019516147673130035,0.4537698030471802,0.7574690580368042,-0.023583263158798218,0.4390859305858612,0.7627888321876526,-0.01646806299686432,0.4242766797542572,0.7555778622627258,-0.012628760188817978,0.4135558307170868,0.7641001343727112,-0.024700479581952095,0.44450587034225464,0.7802837491035461,-0.02483159489929676,0.43066835403442383,0.7831380367279053,-0.017181742936372757,0.4172615110874176,0.776781439781189,-0.012119865044951439
0.33463749289512634,0.7516605257987976,-1.9915704285722313e-07,0.35564249753952026,0.7051512598991394,-0.003149462630972266,0.39170610904693604,0.6618765592575073,-0.008493781089782715,0.42129260301589966,0.6307063698768616,-0.01420446764677763,0.4281042516231537,0.5973443388938904,-0.01775130070745945,0.41492143273353577,0.6618976593017578,-0.009994301944971085,0.45912256836891174,0.6920595765113831,-0.021506156772375107,0.4446946084499359,0.704923689365387,-0.02732984721660614,0.42699289321899414,0.7014633417129517,-0.030072275549173355,0.4164697229862213,0.6939084529876709,-0.014639539644122124,0.45849141478538513,0.7248985171318054,-0.02096075564622879,0.44283121824264526,0.7344290018081665,-0.02038092538714409,0.42660418152809143,0.7263327836990356,-0.020769067108631134,0.4163493514060974,0.7284877896308899,-0.019923508167266846,0.4555051326751709,0.7561010718345642,-0.02411339245736599,0.44067779183387756,0.7616961002349854,-0.017084648832678795,0.42557987570762634,0.7533867955207825,-0.013331567868590355,0.4148125648498535,0.762478768825531,-0.025607947260141373,0.44694390892982483,0.7791807651519775,-0.025484411045908928,0.4330664277076721,0.781775951385498,-0.01777956448495388,0.4193207025527954,0.7743300199508667,-0.012819826602935791
0.33927229046821594,0.7513649463653564,-1.975882355509384e-07,0.3589218556880951,0.7041841149330139,-0.002834334969520569,0.39333057403564453,0.6609386801719666,-0.008123726584017277,0.42210522294044495,0.6305734515190125,-0.013716213405132294,0.4293650984764099,0.5983808040618896,-0.01726386696100235,0.41765186190605164,0.6624501347541809,-0.011055557057261467,0.4624522924423218,0.6914433240890503,-0.022304290905594826,0.44849783182144165,0.7046887874603271,-0.02763321064412594,0.431239515542984,0.7017475962638855,-0.02999122068285942,0.4189625680446625,0.6943902373313904,-0.01562114804983139,0.4613877534866333,0.7241885662078857,-0.021553676575422287,0.44583070278167725,0.733817994594574,-0.02018877863883972,0.4295704662799835,0.7260832190513611,-0.02007846161723137,0.4184451997280121,0.7289175987243652,-0.020689979195594788,0.4575997591018677,0.7546393871307373,-0.02463962882757187,0.44286486506462097,0.7605029940605164,-0.01693062111735344,0.4277043640613556,0.7529825568199158,-0.012751875445246696,0.4165641963481903,0.7627385854721069,-0.026107991114258766,0.44859275221824646,0.7775858044624329,-0.02612842619419098,0.43453192710876465,0.780947208404541,-0.01802035979926586,0.42054006457328796,0.7744596004486084,-0.012679670937359333
0.3430740237236023,0.7486483454704285,-2.003851449217109e-07,0.3622829020023346,0.7025097012519836,-0.002742484677582979,0.3966907858848572,0.6595318913459778,-0.00797209981828928,0.42550361156463623,0.6285870671272278,-0.013550416566431522,0.4324457049369812,0.5962534546852112,-0.017086148262023926,0.4211587905883789,0.6599851846694946,-0.010445297695696354,0.46561920642852783,0.6907378435134888,-0.02153191529214382,0.4509233236312866,0.7042639851570129,-0.02687039040029049,0.43367999792099,0.7009386420249939,-0.029467063024640083,0.42255252599716187,0.6906348466873169,-0.01529006939381361,0.4645565450191498,0.722747266292572,-0.021104294806718826,0.44857099652290344,0.732624888420105,-0.019885586574673653,0.43258464336395264,0.7244547009468079,-0.020010553300380707,0.42183634638786316,0.7243754863739014,-0.02068469114601612,0.46076300740242004,0.7527009844779968,-0.02468078024685383,0.44551581144332886,0.7586724758148193,-0.017236514016985893,0.43063098192214966,0.7504991292953491,-0.013375195674598217,0.41975051164627075,0.757938027381897,-0.02644321508705616,0.4513933062553406,0.7756466865539551,-0.026669178158044815,0.43721112608909607,0.7794978618621826,-0.01890096627175808,0.42361992597579956,0.7727575898170471,-0.013883888721466064
0.31790751218795776,0.7640934586524963,2.922780879544007e-07,0.35634422302246094,0.7774556875228882,-0.01964208483695984,0.3988899886608124,0.7636700868606567,-0.02807953767478466,0.4334108829498291,0.7451380491256714,-0.03502647206187248,0.46166130900382996,0.7360133528709412,-0.041800037026405334,0.4116278290748596,0.6831267476081848,-0.019062990322709084,0.4464636445045471,0.644802451133728,-0.03225099667906761,0.4674156904220581,0.6176142692565918,-0.042332910001277924,0.48372358083724976,0.5923365950584412,-0.04997553303837776,0.3953556716442108,0.6575654745101929,-0.019466770812869072,0.42749106884002686,0.6091509461402893,-0.03188837692141533,0.4468500316143036,0.5762490630149841,-0.04181525483727455,0.46132317185401917,0.5469645261764526,-0.04885774105787277,0.3733099699020386,0.6439417600631714,-0.022233955562114716,0.3962569236755371,0.589897632598877,-0.03616753965616226,0.4093961715698242,0.5532789826393127,-0.04636464640498161,0.42044395208358765,0.5212103724479675,-0.052883632481098175,0.34610652923583984,0.6403099298477173,-0.02663184516131878,0.3517690896987915,0.592242956161499,-0.04117141664028168,0.3545452952384949,0.5598382949829102,-0.04885520413517952,0.35857588052749634,0.5298608541488647,-0.05319260433316231
