x0,y0,z0,x1,y1,z1,x2,y2,z2,x3,y3,z3,x4,y4,z4,x5,y5,z5,x6,y6,z6,x7,y7,z7,x8,y8,z8,x9,y9,z9,x10,y10,z10,x11,y11,z11,x12,y12,z12,x13,y13,z13,x14,y14,z14,x15,y15,z15,x16,y16,z16,x17,y17,z17,x18,y18,z18,x19,y19,z19,x20,y20,z20
0.39739352464675903,0.8556993007659912,-4.613765725025587e-08,0.3572724759578705,0.8358941078186035,-0.02001212164759636,0.3243560791015625,0.786335825920105,-0.03179866075515747,0.30079805850982666,0.7459346652030945,-0.043521203100681305,0.27546823024749756,0.7234349846839905,-0.05495454743504524,0.3656094968318939,0.704326868057251,-0.019423523917794228,0.3730256259441376,0.6401788592338562,-0.034795623272657394,0.37906312942504883,0.6008254289627075,-0.04180082306265831,0.38490232825279236,0.5670283436775208,-0.045656803995370865,0.39043092727661133,0.7103632092475891,-0.019010333344340324,0.39249762892723083,0.6784911751747131,-0.05265603959560394,0.3872396945953369,0.7281352281570435,-0.060714662075042725,0.3840888440608978,0.7678211331367493,-0.056636977940797806,0.41432324051856995,0.720951497554779,-0.02068631909787655,0.4152389168739319,0.6957782506942749,-0.0526622012257576,0.40633636713027954,0.7423625588417053,-0.05085517838597298,0.3987942039966583,0.773887038230896,-0.03902679309248924,0.4376968443393707,0.7327818274497986,-0.023431863635778427,0.44588881731033325,0.6832263469696045,-0.04125535115599632,0.44776278734207153,0.6550611257553101,-0.04086022451519966,0.4473167657852173,0.623098611831665,-0.03536612167954445
0.38401928544044495,0.8478688597679138,-4.6464894154496506e-08,0.3435753583908081,0.8297015428543091,-0.018909409642219543,0.31050896644592285,0.7838811874389648,-0.03012462519109249,0.2882081866264343,0.7461214065551758,-0.0414949394762516,0.26495298743247986,0.7244625687599182,-0.05250130593776703,0.350161075592041,0.6995075941085815,-0.016625933349132538,0.3551729917526245,0.6361416578292847,-0.031106438487768173,0.36014440655708313,0.5976474285125732,-0.03802438825368881,0.365165650844574,0.5645956993103027,-0.04182559251785278,0.3742537200450897,0.7047489285469055,-0.016627488657832146,0.37364083528518677,0.6728094220161438,-0.04950882866978645,0.368622362613678,0.72214275598526,-0.057907115668058395,0.3664618730545044,0.7620278596878052,-0.05399911105632782,0.39743825793266296,0.7141082882881165,-0.01871785707771778,0.39660707116127014,0.6874876618385315,-0.04944433271884918,0.38800469040870667,0.7329307198524475,-0.04792127385735512,0.38153746724128723,0.7640202045440674,-0.03643208369612694,0.4205576479434967,0.7244749665260315,-0.021882226690649986,0.42793530225753784,0.6755211353302002,-0.03863748908042908,0.4292183816432953,0.6479387879371643,-0.03820774331688881,0.42855948209762573,0.616487443447113,-0.032758135348558426
0.3806997537612915,0.8472076654434204,-5.907195088639128e-08,0.3381795287132263,0.8276657462120056,-0.017867859452962875,0.30602356791496277,0.7812783122062683,-0.028790565207600594,0.2828553318977356,0.7424930930137634,-0.03982440009713173,0.25858646631240845,0.7219879031181335,-0.05059234797954559,0.3459828495979309,0.6988710761070251,-0.01704961247742176,0.34956759214401245,0.634422779083252,-0.032077495008707047,0.3546268343925476,0.5950900912284851,-0.040191229432821274,0.3596155047416687,0.5613386631011963,-0.04501995071768761,0.3697168827056885,0.7043023109436035,-0.017120303586125374,0.36750924587249756,0.6725282669067383,-0.04912478104233742,0.362507164478302,0.7220151424407959,-0.057111550122499466,0.36102724075317383,0.7618340253829956,-0.053657904267311096,0.3929021656513214,0.713433563709259,-0.019145844504237175,0.3908492922782898,0.6856737732887268,-0.048446834087371826,0.38173261284828186,0.731511116027832,-0.04570603743195534,0.37558436393737793,0.763342022895813,-0.034230682998895645,0.41586846113204956,0.7235350012779236,-0.02230200543999672,0.42423373460769653,0.6747119426727295,-0.03841784968972206,0.4253705143928528,0.6468414068222046,-0.03737156465649605,0.4250532388687134,0.6153919100761414,-0.03191680461168289
0.3797838091850281,0.860761821269989,-7.457773421037928e-08,0.33976083993911743,0.8409342765808105,-0.018925363197922707,0.3076259195804596,0.7904578447341919,-0.029773272573947906,0.28621840476989746,0.7498514652252197,-0.040951427072286606,0.26261264085769653,0.7272906303405762,-0.05179451033473015,0.3483209013938904,0.7078747749328613,-0.016102923080325127,0.35378628969192505,0.6434568762779236,-0.03102715127170086,0.35988906025886536,0.6040888428688049,-0.038157328963279724,0.3657982051372528,0.5704811811447144,-0.04207293689250946,0.37296199798583984,0.7143553495407104,-0.016386013478040695,0.37125763297080994,0.6838594079017639,-0.050383858382701874,0.3654026687145233,0.7353290319442749,-0.059183262288570404,0.3626846969127655,0.7765701413154602,-0.055240605026483536,0.39666762948036194,0.7247989177703857,-0.01886286959052086,0.394552081823349,0.698452353477478,-0.05110468715429306,0.3849136233329773,0.7453711032867432,-0.049779362976551056,0.37808579206466675,0.7775747776031494,-0.03790752589702606,0.42032119631767273,0.7362484335899353,-0.02235966920852661,0.4283428192138672,0.6859351396560669,-0.03991631790995598,0.429729700088501,0.6577096581459045,-0.03963261842727661,0.4290407598018646,0.6258733868598938,-0.0340840108692646
0.38173142075538635,0.8710840940475464,-7.708006677376034e-08,0.34194815158843994,0.8510118126869202,-0.019586119800806046,0.30966368317604065,0.8001888990402222,-0.030635448172688484,0.2886504530906677,0.760272741317749,-0.041803911328315735,0.26588988304138184,0.7355730533599854,-0.052574560046195984,0.35223376750946045,0.7178714275360107,-0.01766916736960411,0.3576541841030121,0.6535024046897888,-0.03260612115263939,0.36343640089035034,0.614205002784729,-0.03952861204743385,0.3691866099834442,0.5804238319396973,-0.04318108782172203,0.37700802087783813,0.7248395085334778,-0.017462020739912987,0.37474653124809265,0.6962917447090149,-0.05115329846739769,0.36744189262390137,0.747217059135437,-0.05958535149693489,0.36411526799201965,0.788271963596344,-0.05551209673285484,0.4003097712993622,0.7359511852264404,-0.019469421356916428,0.3980884552001953,0.7103609442710876,-0.05158586427569389,0.3872622549533844,0.7574543952941895,-0.05024966225028038,0.37987565994262695,0.7896980047225952,-0.03837968036532402,0.4232983887195587,0.7478467226028442,-0.022531798109412193,0.43194904923439026,0.6968454718589783,-0.040063366293907166,0.43390756845474243,0.6676326990127563,-0.039996132254600525,0.43413010239601135,0.6348135471343994,-0.034571293741464615
0.3822646737098694,0.8646945357322693,-6.212911785041797e-08,0.3420400023460388,0.8443870544433594,-0.020113013684749603,0.30999916791915894,0.7940798997879028,-0.03160212188959122,0.2894420623779297,0.753788948059082,-0.043175987899303436,0.2665039896965027,0.7282902002334595,-0.05422922596335411,0.3509169816970825,0.7108356952667236,-0.017642954364418983,0.3561064600944519,0.6465044617652893,-0.03299819678068161,0.3617362976074219,0.6076642274856567,-0.040301304310560226,0.36745399236679077,0.5742257833480835,-0.04423361271619797,0.3757269084453583,0.7182500958442688,-0.017452921718358994,0.3745651841163635,0.6875118017196655,-0.051740508526563644,0.36813509464263916,0.7379766702651978,-0.060644082725048065,0.36500418186187744,0.7787520289421082,-0.056770872324705124,0.3994011878967285,0.729526698589325,-0.019554149359464645,0.3973674774169922,0.7026352286338806,-0.05216468125581741,0.3873491585254669,0.7495332956314087,-0.05097423121333122,0.3803555369377136,0.7815496325492859,-0.03911285847425461,0.4228441119194031,0.7414935231208801,-0.022750362753868103,0.43164321780204773,0.6906769275665283,-0.04066680744290352,0.4329097270965576,0.6620381474494934,-0.040615011006593704,0.4319872260093689,0.629361093044281,-0.03516139090061188
0.38141730427742004,0.8645873665809631,-8.704329701458846e-08,0.34161776304244995,0.8446435332298279,-0.018236447125673294,0.3091505169868469,0.7935851216316223,-0.02878286875784397,0.28853461146354675,0.753613293170929,-0.039887286722660065,0.2654571533203125,0.7288288474082947,-0.05060911923646927,0.35007110238075256,0.7108566761016846,-0.015363858081400394,0.354364275932312,0.6462863683700562,-0.030357111245393753,0.35996559262275696,0.6068868041038513,-0.03758414462208748,0.36533334851264954,0.5733169913291931,-0.04152337834239006,0.3751167953014374,0.7180073857307434,-0.016191106289625168,0.37201741337776184,0.6894541382789612,-0.050853390246629715,0.36591750383377075,0.7411051988601685,-0.06020842120051384,0.3630389869213104,0.7823864221572876,-0.056495316326618195,0.39879921078681946,0.7291755676269531,-0.01916700415313244,0.3959936201572418,0.7033979296684265,-0.05200398713350296,0.38635876774787903,0.7502104043960571,-0.05087405815720558,0.3795795440673828,0.7824249267578125,-0.03890106827020645,0.42229950428009033,0.7412437796592712,-0.02307775244116783,0.43070822954177856,0.6901871562004089,-0.040821436792612076,0.43220436573028564,0.6614426970481873,-0.04044872522354126,0.43157100677490234,0.6293651461601257,-0.03468981385231018
0.3794364333152771,0.8680521845817566,-8.373653059834396e-08,0.33898621797561646,0.8487516641616821,-0.018190551549196243,0.30606621503829956,0.7980950474739075,-0.028913110494613647,0.28539180755615234,0.7577086687088013,-0.04023781791329384,0.2623395621776581,0.7333689332008362,-0.05131576955318451,0.3459554612636566,0.7157301306724548,-0.016499636694788933,0.34997937083244324,0.6500163078308105,-0.031898681074380875,0.35537949204444885,0.6100843548774719,-0.03928090259432793,0.360727459192276,0.5759356021881104,-0.04324554651975632,0.3710343837738037,0.7221971154212952,-0.01727975532412529,0.3681110441684723,0.6941820383071899,-0.05184828117489815,0.3620503842830658,0.745464563369751,-0.06086413934826851,0.3588802218437195,0.7864851355552673,-0.05714846029877663,0.394993394613266,0.7324322462081909,-0.020193280652165413,0.39190396666526794,0.7067375779151917,-0.05292891338467598,0.3828687071800232,0.7538374662399292,-0.05157151073217392,0.3763640224933624,0.7866091728210449,-0.03963818401098251,0.41882845759391785,0.7435303330421448,-0.02406812272965908,0.42662328481674194,0.6917643547058105,-0.04197344556450844,0.4281727075576782,0.6625694632530212,-0.041764821857213974,0.4274296164512634,0.6303408741950989,-0.03619508072733879
0.38086870312690735,0.8738090991973877,-8.38479508047385e-08,0.3401455283164978,0.8550795316696167,-0.01860925927758217,0.30674147605895996,0.8039926886558533,-0.029572200030088425,0.2856712341308594,0.7636141180992126,-0.04108712822198868,0.26186004281044006,0.7394798398017883,-0.05229514464735985,0.346522718667984,0.7200402021408081,-0.016848811879754066,0.3504711389541626,0.6541429758071899,-0.03228452429175377,0.35556894540786743,0.6142169237136841,-0.03966418653726578,0.36059045791625977,0.579853892326355,-0.043728530406951904,0.37189027667045593,0.7267248034477234,-0.017634768038988113,0.3685366213321686,0.6979584097862244,-0.052786290645599365,0.36258935928344727,0.7505594491958618,-0.06188325211405754,0.3597538471221924,0.792622983455658,-0.05804279446601868,0.3959992229938507,0.7371529936790466,-0.02058950625360012,0.39263835549354553,0.7101824879646301,-0.053699638694524765,0.38308241963386536,0.7580693960189819,-0.052118103951215744,0.3762587308883667,0.7912689447402954,-0.03994845971465111,0.41978150606155396,0.748528778553009,-0.02455955184996128,0.4275338649749756,0.6968119144439697,-0.04276057332754135,0.4288724660873413,0.6673065423965454,-0.04262751713395119,0.4279666543006897,0.6340287327766418,-0.03710424527525902
0.3838719129562378,0.8778008222579956,-5.7699267586031056e-08,0.3434024453163147,0.8581537008285522,-0.02128121256828308,0.3098492920398712,0.8068192601203918,-0.033442702144384384,0.2868082523345947,0.7660077214241028,-0.04559174180030823,0.26253166794776917,0.7431136965751648,-0.05733884498476982,0.35051456093788147,0.7226992845535278,-0.018386974930763245,0.35545817017555237,0.657945454120636,-0.033999375998973846,0.36090928316116333,0.6179013252258301,-0.041672948747873306,0.366418719291687,0.5832775235176086,-0.04603497311472893,0.37568625807762146,0.7298089265823364,-0.01808653399348259,0.373892217874527,0.7003788948059082,-0.05337361618876457,0.3678712546825409,0.7524916529655457,-0.06271917372941971,0.3651210367679596,0.7939404845237732,-0.058928944170475006,0.3995993733406067,0.7411819100379944,-0.020199021324515343,0.3974512219429016,0.7160569429397583,-0.05398789048194885,0.3876916468143463,0.7639010548591614,-0.053020626306533813,0.3804340958595276,0.7963724136352539,-0.04100404307246208,0.4234234094619751,0.7532750368118286,-0.023498542606830597,0.43148329854011536,0.701924204826355,-0.042163848876953125,0.4331449866294861,0.6723279356956482,-0.04221628978848457,0.43224185705184937,0.6386251449584961,-0.03672555088996887
0.38983434438705444,0.8829134702682495,-8.76080505918253e-08,0.34884777665138245,0.8624006509780884,-0.01886076293885708,0.3159997761249542,0.8100133538246155,-0.029648566618561745,0.2947779893875122,0.7676737308502197,-0.04086050018668175,0.2712915539741516,0.7430693507194519,-0.051852259784936905,0.3572702407836914,0.7291409373283386,-0.016996242105960846,0.362909734249115,0.6633709669113159,-0.03246000036597252,0.3687644600868225,0.6232503652572632,-0.03946850076317787,0.37465712428092957,0.5884796977043152,-0.043154437094926834,0.3823189437389374,0.7357631921768188,-0.017616359516978264,0.38033556938171387,0.7067485451698303,-0.05233130231499672,0.3746681809425354,0.7591574788093567,-0.06109577789902687,0.37230074405670166,0.7999016046524048,-0.05711042508482933,0.4062888026237488,0.7466656565666199,-0.020406603813171387,0.4038363993167877,0.7222687005996704,-0.05381902679800987,0.39469513297080994,0.7700883150100708,-0.05247052386403084,0.38818371295928955,0.8024066686630249,-0.04026594012975693,0.4304000437259674,0.7585924863815308,-0.024171749129891396,0.437932550907135,0.7057251930236816,-0.04253052920103073,0.4393259882926941,0.674943745136261,-0.04226849228143692,0.438503623008728,0.6411023139953613,-0.03654180094599724
0.4014277756214142,0.9068338871002197,-1.0338629152784051e-07,0.3621845245361328,0.8837101459503174,-0.019019056111574173,0.33055686950683594,0.8277231454849243,-0.029579436406493187,0.31076955795288086,0.7824623584747314,-0.04052502289414406,0.2875327467918396,0.7545469403266907,-0.051312655210494995,0.37337228655815125,0.75102299451828,-0.01867709308862686,0.3808691203594208,0.6845676302909851,-0.034477535635232925,0.3878459632396698,0.6442276239395142,-0.04127734154462814,0.3943794071674347,0.6085163354873657,-0.04483037069439888,0.3987201750278473,0.7584819793701172,-0.019237710162997246,0.39833301305770874,0.7310253381729126,-0.054320719093084335,0.39232268929481506,0.7833837866783142,-0.06274742633104324,0.38898026943206787,0.8228696584701538,-0.058709848672151566,0.42257311940193176,0.7708924412727356,-0.021958673372864723,0.4216938018798828,0.7487761974334717,-0.05667629465460777,0.41224849224090576,0.7973234057426453,-0.05562576279044151,0.4048018157482147,0.8290640711784363,-0.04346323385834694,0.4462192952632904,0.7843486070632935,-0.02556067705154419,0.45524343848228455,0.7316420674324036,-0.045096926391124725,0.4580009877681732,0.7002448439598083,-0.045461125671863556,0.45862630009651184,0.6658710837364197,-0.04012612625956535
0.3959144949913025,0.9070120453834534,-9.346412355171196e-08,0.3548309803009033,0.8864926099777222,-0.019464675337076187,0.31995707750320435,0.8342117071151733,-0.030545830726623535,0.2974192798137665,0.7913115620613098,-0.04202382266521454,0.2727552652359009,0.7648757100105286,-0.05326290428638458,0.3599938452243805,0.7537872791290283,-0.01883356273174286,0.36379069089889526,0.6860893964767456,-0.03448375314474106,0.3684290945529938,0.6449638605117798,-0.04105830937623978,0.3733848035335541,0.6084157228469849,-0.04429980739951134,0.3862065076828003,0.7590517997741699,-0.01903456449508667,0.3820744752883911,0.7320703864097595,-0.05412811040878296,0.377483069896698,0.7857450842857361,-0.06260238587856293,0.37597009539604187,0.8277148008346558,-0.058378931134939194,0.41077515482902527,0.7688125371932983,-0.021426985040307045,0.40689417719841003,0.7460671067237854,-0.05588993802666664,0.39898863434791565,0.7958932518959045,-0.05502348393201828,0.39320653676986694,0.8302445411682129,-0.04280179366469383,0.435140997171402,0.7792619466781616,-0.02476496621966362,0.4421589970588684,0.7248069047927856,-0.04390353336930275,0.44446295499801636,0.6929463148117065,-0.04445619508624077,0.44460222125053406,0.6593349575996399,-0.03915272280573845
0.39287903904914856,0.8567182421684265,-6.256394868842108e-08,0.3505385220050812,0.8415312170982361,-0.018082309514284134,0.3141757547855377,0.7957443594932556,-0.028162239119410515,0.2915574610233307,0.7572109699249268,-0.038703881204128265,0.2675498127937317,0.7340695858001709,-0.049022577702999115,0.3503674268722534,0.7104610800743103,-0.016621723771095276,0.3517262935638428,0.645634651184082,-0.03142249211668968,0.3541230261325836,0.6051246523857117,-0.037910096347332,0.35714030265808105,0.5701141357421875,-0.041244521737098694,0.37577468156814575,0.7139871716499329,-0.01747734658420086,0.37191295623779297,0.6839433908462524,-0.051287006586790085,0.3684030771255493,0.7354763150215149,-0.05948948115110397,0.3680337071418762,0.777657151222229,-0.05511053651571274,0.40046456456184387,0.7221626043319702,-0.0205338466912508,0.3963896632194519,0.6991087794303894,-0.053626224398612976,0.3896770775318146,0.7470401525497437,-0.05289115384221077,0.385114461183548,0.7804467082023621,-0.041051752865314484,0.4257030487060547,0.7312045693397522,-0.024503784254193306,0.43008914589881897,0.6779356598854065,-0.043374668806791306,0.43085336685180664,0.6474361419677734,-0.04408981278538704,0.4298877716064453,0.6152389645576477,-0.038956403732299805
0.39139890670776367,0.832892656326294,-5.705165051494987e-08,0.3487975299358368,0.8177098631858826,-0.018896089866757393,0.31221330165863037,0.7719926238059998,-0.02969363145530224,0.28777071833610535,0.7339906096458435,-0.04071351885795593,0.26297318935394287,0.7119191884994507,-0.05135700851678848,0.3474525511264801,0.6842944025993347,-0.016125904396176338,0.3482719361782074,0.6199914216995239,-0.031231854110956192,0.3500645160675049,0.5797081589698792,-0.03819885104894638,0.3523798882961273,0.5452720522880554,-0.04180646687746048,0.372624933719635,0.6873188018798828,-0.0163090992718935,0.3687487244606018,0.655150294303894,-0.04975903406739235,0.3665481507778168,0.7047396302223206,-0.05797876790165901,0.3671303689479828,0.745438277721405,-0.05364278331398964,0.39718011021614075,0.6949272155761719,-0.018718421459197998,0.39279302954673767,0.6704732775688171,-0.05075951665639877,0.3874364197254181,0.7175082564353943,-0.04924100264906883,0.3837801516056061,0.7498476505279541,-0.03714778274297714,0.42200008034706116,0.7036719918251038,-0.022138793021440506,0.4255567491054535,0.6519721746444702,-0.039525147527456284,0.42535698413848877,0.6231711506843567,-0.03888316825032234,0.42330336570739746,0.5915048122406006,-0.032976049929857254
0.38613584637641907,0.8323284387588501,-6.933310459089626e-08,0.3427160382270813,0.8173081874847412,-0.018911229446530342,0.3045872449874878,0.7712921500205994,-0.02960257977247238,0.27911025285720825,0.7336568236351013,-0.04052656888961792,0.25354984402656555,0.7126076817512512,-0.05110330507159233,0.34037208557128906,0.6832701563835144,-0.01591557078063488,0.34002816677093506,0.6188380718231201,-0.030419480055570602,0.34135958552360535,0.5787918567657471,-0.03702802583575249,0.3433637022972107,0.5442599654197693,-0.04054829478263855,0.3657865822315216,0.6860318183898926,-0.01597629487514496,0.3610500693321228,0.655900776386261,-0.04891305789351463,0.35893338918685913,0.7058070302009583,-0.057193607091903687,0.35975316166877747,0.7463525533676147,-0.053201742470264435,0.39049047231674194,0.6929799318313599,-0.018273472785949707,0.38577431440353394,0.6677778959274292,-0.050062112510204315,0.3797958195209503,0.7150073051452637,-0.048960547894239426,0.37565821409225464,0.7477059364318848,-0.037382498383522034,0.4153653681278229,0.7009589076042175,-0.02155737578868866,0.4192410707473755,0.6486347317695618,-0.03907499089837074,0.41869020462036133,0.6189349293708801,-0.039087649434804916,0.4160158932209015,0.5866588354110718,-0.03380517289042473
0.38009756803512573,0.8281432390213013,-7.413938618583416e-08,0.3371671736240387,0.8140540719032288,-0.01738807186484337,0.29909348487854004,0.7680787444114685,-0.027557767927646637,0.2737644612789154,0.7301557064056396,-0.03819239139556885,0.24788779020309448,0.7103437185287476,-0.048676785081624985,0.33521613478660583,0.6813644170761108,-0.01621429994702339,0.3345522880554199,0.6162012219429016,-0.03110613115131855,0.33555135130882263,0.5756636261940002,-0.03786887228488922,0.33739492297172546,0.5409561395645142,-0.041426513344049454,0.3604004979133606,0.6836391687393188,-0.017003871500492096,0.35482776165008545,0.652969241142273,-0.05009154975414276,0.351922869682312,0.7025471925735474,-0.058178987354040146,0.35278984904289246,0.7429214119911194,-0.05408447980880737,0.385015606880188,0.6903247237205505,-0.01978841796517372,0.37968432903289795,0.6651426553726196,-0.05141609162092209,0.37349241971969604,0.7120522856712341,-0.04967688024044037,0.3697899878025055,0.7451009154319763,-0.03774715214967728,0.4098863899707794,0.6982788443565369,-0.02345348335802555,0.41276246309280396,0.6458808779716492,-0.040837932378053665,0.41231468319892883,0.6159324049949646,-0.04031854495406151,0.41047799587249756,0.5838627219200134,-0.03462973237037659
0.367134153842926,0.7915631532669067,-7.487275155426687e-08,0.3225376605987549,0.7789086103439331,-0.014737509191036224,0.2844255566596985,0.7366423010826111,-0.023533454164862633,0.26012569665908813,0.7007662653923035,-0.03339172527194023,0.23488768935203552,0.6810383200645447,-0.043145354837179184,0.319195955991745,0.6497454047203064,-0.013004718348383904,0.31612345576286316,0.5858029723167419,-0.027017464861273766,0.3162195682525635,0.5461030602455139,-0.03360193595290184,0.31762588024139404,0.512232780456543,-0.03720404580235481,0.3443338871002197,0.650740385055542,-0.015160207636654377,0.3352831304073334,0.624763011932373,-0.04651455581188202,0.33366623520851135,0.6738976240158081,-0.05421847477555275,0.3367520570755005,0.7124786972999573,-0.05061308294534683,0.3686178922653198,0.6564666628837585,-0.019342849031090736,0.36214855313301086,0.6345764398574829,-0.04958371818065643,0.3564155697822571,0.6801967620849609,-0.04801444709300995,0.3538861572742462,0.7120229601860046,-0.036846913397312164,0.39368194341659546,0.6637044548988342,-0.024386020377278328,0.3957759737968445,0.6115838289260864,-0.04211108386516571,0.39550909399986267,0.5811744332313538,-0.04255292937159538,0.39477619528770447,0.5496797561645508,-0.0376218780875206
0.36587753891944885,0.7345523834228516,-5.851734030670741e-08,0.3201082944869995,0.723219633102417,-0.01586032472550869,0.28107550740242004,0.6773809790611267,-0.02508287876844406,0.25697627663612366,0.6374496221542358,-0.03521695360541344,0.23163573443889618,0.6147232055664062,-0.045285724103450775,0.3155187964439392,0.5892014503479004,-0.01510965172201395,0.31602463126182556,0.5219650864601135,-0.030850615352392197,0.3181106448173523,0.4799916446208954,-0.03819647431373596,0.32118621468544006,0.4441256523132324,-0.042052142322063446,0.34176552295684814,0.5903469920158386,-0.01712028868496418,0.33609920740127563,0.5614951848983765,-0.051230236887931824,0.33441686630249023,0.6139591932296753,-0.05980424955487251,0.33567553758621216,0.6560327410697937,-0.05590298771858215,0.36760008335113525,0.596488356590271,-0.02112569473683834,0.3623151183128357,0.5743014216423035,-0.05376990884542465,0.3567393720149994,0.6216517090797424,-0.05247391015291214,0.3530347943305969,0.655252993106842,-0.04067496955394745,0.39396125078201294,0.6043509840965271,-0.0258698258548975,0.3963337540626526,0.5510449409484863,-0.044369254261255264,0.396562397480011,0.5205106139183044,-0.044378820806741714,0.3952145576477051,0.4883907735347748,-0.03877859562635422
0.3521038293838501,0.719015896320343,-7.073958130376923e-08,0.3053331971168518,0.7060248851776123,-0.015834545716643333,0.26697075366973877,0.6594097018241882,-0.024983467534184456,0.24268145859241486,0.620410144329071,-0.03501535952091217,0.21785075962543488,0.5984393954277039,-0.044829171150922775,0.30462104082107544,0.5707647204399109,-0.012904459610581398,0.3044795095920563,0.5043618083000183,-0.028348008170723915,0.30672410130500793,0.4629928767681122,-0.03578384965658188,0.3103596568107605,0.4282134771347046,-0.039710935205221176,0.3303811848163605,0.5724653601646423,-0.014592749066650867,0.322091281414032,0.5401931405067444,-0.04851037263870239,0.3188135325908661,0.5905905961990356,-0.056845247745513916,0.3205929398536682,0.6323830485343933,-0.05254511162638664,0.35497593879699707,0.5785848498344421,-0.01844131574034691,0.34761807322502136,0.5523954629898071,-0.04986247792840004,0.341475248336792,0.5981239676475525,-0.0478091686964035,0.3389023244380951,0.6304556727409363,-0.03565865010023117,0.38029730319976807,0.586427628993988,-0.02321002446115017,0.3841701149940491,0.534134030342102,-0.04046940058469772,0.38358497619628906,0.5045600533485413,-0.04005291685461998,0.3816560208797455,0.4728635549545288,-0.034380942583084106
0.34396910667419434,0.7445186972618103,-9.189763261474582e-08,0.30011582374572754,0.730190098285675,-0.014071215875446796,0.26241955161094666,0.6820729970932007,-0.022174781188368797,0.23917396366596222,0.6427427530288696,-0.03151533007621765,0.21572676301002502,0.6216951012611389,-0.0407991036772728,0.2978006899356842,0.5955281853675842,-0.011714386753737926,0.29900720715522766,0.528096079826355,-0.027224725112318993,0.3019890785217285,0.48637017607688904,-0.0345582515001297,0.3061290979385376,0.4510417580604553,-0.038514964282512665,0.32354122400283813,0.5978394150733948,-0.01435298565775156,0.3154461681842804,0.5654454231262207,-0.04856081306934357,0.3127512037754059,0.617315948009491,-0.05709268897771835,0.3144385516643524,0.6581674814224243,-0.05307364836335182,0.34855905175209045,0.6043002009391785,-0.018981747329235077,0.3406156301498413,0.5745269060134888,-0.051474347710609436,0.33384278416633606,0.6201480031013489,-0.049592629075050354,0.3307618200778961,0.6525267362594604,-0.037419844418764114,0.3738844394683838,0.613095223903656,-0.02425159327685833,0.3787251114845276,0.5593695044517517,-0.04242962598800659,0.3785797655582428,0.5290838479995728,-0.042256612330675125,0.37686824798583984,0.49685806035995483,-0.03672701120376587
0.3496782183647156,0.7924599051475525,-1.1627427909388643e-07,0.3077268600463867,0.7766422629356384,-0.013064754195511341,0.271714985370636,0.727349579334259,-0.02008078247308731,0.2501756548881531,0.6881360411643982,-0.028498269617557526,0.2288651168346405,0.6660321354866028,-0.036889296025037766,0.30797889828681946,0.6437403559684753,-0.010700185783207417,0.3092082738876343,0.5769684910774231,-0.025323035195469856,0.31256526708602905,0.536553144454956,-0.031991347670555115,0.3171221613883972,0.5023000240325928,-0.03536882996559143,0.33273419737815857,0.6470450162887573,-0.013218503445386887,0.3241382837295532,0.6157354116439819,-0.04574432969093323,0.32009702920913696,0.6664760112762451,-0.05332161486148834,0.32096409797668457,0.7066218852996826,-0.049028974026441574,0.35683906078338623,0.6537929773330688,-0.017695873975753784,0.3479984998703003,0.6252831220626831,-0.049217164516448975,0.34031838178634644,0.6723095178604126,-0.04695513844490051,0.33748653531074524,0.7057020664215088,-0.03464466705918312,0.38120320439338684,0.662234365940094,-0.02277318760752678,0.38661879301071167,0.6085925698280334,-0.04039125517010689,0.3867304027080536,0.5783476233482361,-0.04010756313800812,0.38567739725112915,0.5461245179176331,-0.03460771590471268
0.36462897062301636,0.8283020257949829,-1.136134741841488e-07,0.32275110483169556,0.8137935996055603,-0.01381910964846611,0.2864556908607483,0.7658118009567261,-0.021545497700572014,0.26384437084198,0.7274415493011475,-0.030543938279151917,0.2405209243297577,0.7070285677909851,-0.03948850929737091,0.32210007309913635,0.6814406514167786,-0.010950584895908833,0.3205985724925995,0.6145069003105164,-0.02476274035871029,0.3220504820346832,0.5737131834030151,-0.030853329226374626,0.32512161135673523,0.5399692058563232,-0.03371008113026619,0.346479207277298,0.6839263439178467,-0.013005069456994534,0.3358439803123474,0.653247058391571,-0.044948384165763855,0.3323841691017151,0.7032034397125244,-0.05241163447499275,0.3348992168903351,0.7447860240936279,-0.04773423448204994,0.37012067437171936,0.6894494891166687,-0.016983138397336006,0.3601929545402527,0.6637652516365051,-0.047265101224184036,0.3535629212856293,0.7100755572319031,-0.0450403168797493,0.35196566581726074,0.743265688419342,-0.032836075872182846,0.3946373462677002,0.6958808898925781,-0.021681567654013634,0.39725691080093384,0.6427820920944214,-0.037698011845350266,0.3955248296260834,0.6126889586448669,-0.03666962683200836,0.393030047416687,0.5814041495323181,-0.030724717304110527
0.37410858273506165,0.8467292785644531,-1.1091670870655435e-07,0.33332589268684387,0.8304569125175476,-0.01544561143964529,0.29821786284446716,0.7801592946052551,-0.02339569292962551,0.2771848738193512,0.7398204803466797,-0.03230288624763489,0.2553853690624237,0.7157167792320251,-0.040918510407209396,0.33445480465888977,0.7004926800727844,-0.013139554299414158,0.33482083678245544,0.6331443786621094,-0.027931587770581245,0.3379248380661011,0.5922255516052246,-0.03429119661450386,0.34214526414871216,0.5574894547462463,-0.037409860640764236,0.35875892639160156,0.7031890153884888,-0.01470421813428402,0.34955543279647827,0.6719797253608704,-0.048319801688194275,0.34566664695739746,0.7231600284576416,-0.056060176342725754,0.3471413552761078,0.7646860480308533,-0.05141991004347801,0.38232919573783875,0.7101110816001892,-0.018379095941781998,0.37421873211860657,0.6844846606254578,-0.05082707107067108,0.3666515052318573,0.7321306467056274,-0.04893498122692108,0.3636474907398224,0.765899121761322,-0.03643683344125748,0.40652525424957275,0.7180149555206299,-0.022868121042847633,0.41126927733421326,0.6645007729530334,-0.041016314178705215,0.41064703464508057,0.6333436965942383,-0.041192349046468735,0.40883755683898926,0.6011537909507751,-0.035819362848997116
0.36533796787261963,0.8715778589248657,-1.1044076586586016e-07,0.3239360451698303,0.8566354513168335,-0.016641920432448387,0.2883569002151489,0.8072393536567688,-0.025548284873366356,0.2668082118034363,0.7673786282539368,-0.03535674512386322,0.24401569366455078,0.7433830499649048,-0.044881902635097504,0.32476916909217834,0.7240678668022156,-0.013840590603649616,0.3236622214317322,0.6568570137023926,-0.0288599394261837,0.3259749114513397,0.6159269213676453,-0.03569820150732994,0.3295232951641083,0.581025242805481,-0.03906416520476341,0.34940120577812195,0.7267246246337891,-0.014929383061826229,0.33972254395484924,0.6973769664764404,-0.048389140516519547,0.33524996042251587,0.7482804656028748,-0.05637216567993164,0.33573219180107117,0.7899596095085144,-0.05198486149311066,0.3729977607727051,0.7330551147460938,-0.01821121945977211,0.3640642464160919,0.7070841789245605,-0.05000995844602585,0.35768699645996094,0.756138265132904,-0.047782424837350845,0.3552139699459076,0.7910942435264587,-0.03523661941289902,0.3975103497505188,0.7400803565979004,-0.022514306008815765,0.4002193212509155,0.6861470937728882,-0.03973430022597313,0.3995233178138733,0.6556857824325562,-0.03935183957219124,0.3976745307445526,0.6241706609725952,-0.033693257719278336
0.3725292682647705,0.8582789301872253,-7.6606227139564e-08,0.3294331431388855,0.8438355326652527,-0.01856272667646408,0.2935887277126312,0.7965459227561951,-0.0285653043538332,0.27197569608688354,0.7571150064468384,-0.03898445516824722,0.2493709921836853,0.7315583229064941,-0.04901696369051933,0.3319750428199768,0.7128852605819702,-0.015994040295481682,0.3319515883922577,0.6469728350639343,-0.031101008877158165,0.3341549336910248,0.606208860874176,-0.03800152987241745,0.33737993240356445,0.571204662322998,-0.04148450121283531,0.3567504584789276,0.7156984806060791,-0.016288306564092636,0.34851548075675964,0.6842525005340576,-0.04988452047109604,0.3431290090084076,0.7342835068702698,-0.05802477151155472,0.34323379397392273,0.7759658694267273,-0.05365672707557678,0.3804342448711395,0.7228044271469116,-0.01884971186518669,0.3728621006011963,0.6972289085388184,-0.05110015720129013,0.36533603072166443,0.7454554438591003,-0.04936057701706886,0.3620687425136566,0.7794050574302673,-0.036971211433410645,0.4047575891017914,0.7305805087089539,-0.022511983290314674,0.40850239992141724,0.6773788332939148,-0.04037497937679291,0.4077072739601135,0.6468708515167236,-0.040318552404642105,0.40585020184516907,0.6146532893180847,-0.034719064831733704
0.3707526922225952,0.8369783163070679,-5.628331223306304e-08,0.32786867022514343,0.8229312300682068,-0.017673082649707794,0.29071786999702454,0.7775801420211792,-0.028220705687999725,0.2667465806007385,0.7404704689979553,-0.03943955898284912,0.24206674098968506,0.718158483505249,-0.05042699724435806,0.32688575983047485,0.6903670430183411,-0.014931153506040573,0.3262958228588104,0.6255493760108948,-0.030268045142292976,0.32848843932151794,0.5856336355209351,-0.03802379220724106,0.3315773010253906,0.5516488552093506,-0.04211733862757683,0.35179921984672546,0.6934261918067932,-0.01577136106789112,0.3445766568183899,0.6625745296478271,-0.04954778403043747,0.3406520187854767,0.7131701707839966,-0.05859968066215515,0.3410707712173462,0.755263090133667,-0.054847415536642075,0.3760056793689728,0.7001816630363464,-0.01874409057199955,0.36860090494155884,0.6724278926849365,-0.05051326006650925,0.3616023063659668,0.7200319170951843,-0.048827365040779114,0.3582608699798584,0.7548402547836304,-0.036638230085372925,0.4006308317184448,0.7079986333847046,-0.022728869691491127,0.40312713384628296,0.6548929810523987,-0.03981450945138931,0.4023103713989258,0.6251786351203918,-0.039084404706954956,0.40058082342147827,0.5935676693916321,-0.033079907298088074
0.3714081645011902,0.8191911578178406,-7.037570526335912e-08,0.32795602083206177,0.8048255443572998,-0.016778526827692986,0.290716290473938,0.7599244117736816,-0.026635101065039635,0.2678140103816986,0.7227205634117126,-0.037137918174266815,0.24544906616210938,0.6980360746383667,-0.04721061512827873,0.3277609646320343,0.6734195947647095,-0.013769596815109253,0.32691287994384766,0.6089296340942383,-0.02878948301076889,0.32812291383743286,0.569413423538208,-0.03603193908929825,0.33052369952201843,0.5361394882202148,-0.03968220576643944,0.3523367643356323,0.676348090171814,-0.014747494831681252,0.34468874335289,0.6438306570053101,-0.04758380353450775,0.3419052064418793,0.6930959224700928,-0.05573263764381409,0.34385156631469727,0.734433114528656,-0.05141623690724373,0.37621814012527466,0.6828767657279968,-0.017864074558019638,0.3685483932495117,0.65623939037323,-0.04840778931975365,0.36267203092575073,0.7018870711326599,-0.046080369502305984,0.3605442941188812,0.7346301674842834,-0.03374301269650459,0.4006650745868683,0.6902996897697449,-0.02198265865445137,0.40308210253715515,0.6380029916763306,-0.03813697770237923,0.4016706645488739,0.6091359853744507,-0.036844007670879364,0.39921557903289795,0.578431248664856,-0.03059733286499977
0.3676165044307709,0.818428099155426,-7.470553953226045e-08,0.3242415487766266,0.8052317500114441,-0.01781594008207321,0.2871752679347992,0.7610605359077454,-0.02803630754351616,0.26378387212753296,0.7245951890945435,-0.03874067962169647,0.2414865791797638,0.6996572613716125,-0.048905517905950546,0.32348647713661194,0.6735085248947144,-0.014260800555348396,0.3211784064769745,0.6093358993530273,-0.029258910566568375,0.3220432698726654,0.5706068873405457,-0.0366600826382637,0.3240698575973511,0.5376588106155396,-0.04047176241874695,0.34801027178764343,0.6756776571273804,-0.014706703834235668,0.3392398953437805,0.6447593569755554,-0.04746897146105766,0.33628180623054504,0.6939090490341187,-0.05594903230667114,0.33820515871047974,0.7349647879600525,-0.052047185599803925,0.3717002272605896,0.6813042759895325,-0.01741117425262928,0.3634752631187439,0.6549273133277893,-0.04790278896689415,0.357258141040802,0.7010155320167542,-0.04586969316005707,0.35482677817344666,0.7339178919792175,-0.03386613354086876,0.39592868089675903,0.6876175403594971,-0.02121514268219471,0.39809584617614746,0.6355829834938049,-0.037246521562337875,0.39644911885261536,0.6069665551185608,-0.03615747019648552,0.39353328943252563,0.5762043595314026,-0.030172698199748993
0.36582764983177185,0.8148400187492371,-6.57671606063559e-08,0.32196104526519775,0.8025178909301758,-0.017822232097387314,0.2839277982711792,0.7589205503463745,-0.028051845729351044,0.2591891884803772,0.7232587337493896,-0.03879426419734955,0.2355087548494339,0.7007684707641602,-0.049149155616760254,0.3185773193836212,0.6724627017974854,-0.015360052697360516,0.31515538692474365,0.6084675788879395,-0.030732979997992516,0.3152109682559967,0.5687049031257629,-0.038000427186489105,0.31686851382255554,0.5346847772598267,-0.04160251095890999,0.3432717025279999,0.6733389496803284,-0.01582428440451622,0.33371153473854065,0.6445398330688477,-0.04893837496638298,0.330831915140152,0.6944337487220764,-0.05714598670601845,0.33332425355911255,0.7350717782974243,-0.05295659229159355,0.36737972497940063,0.6787066459655762,-0.01852933131158352,0.3590686023235321,0.6554611325263977,-0.05016664043068886,0.353421688079834,0.7021847367286682,-0.048762403428554535,0.3515441119670868,0.735253095626831,-0.03674818575382233,0.39229515194892883,0.6850124001502991,-0.02221381850540638,0.39342740178108215,0.6321044564247131,-0.03909199684858322,0.39184707403182983,0.6029232144355774,-0.038474977016448975,0.3894425630569458,0.5730124115943909,-0.032571885734796524
0.36306893825531006,0.8059598207473755,-6.212307113173665e-08,0.3196634352207184,0.7948129177093506,-0.017562367022037506,0.2814062833786011,0.7527965307235718,-0.02808106131851673,0.2567500174045563,0.717849612236023,-0.039149049669504166,0.2340545952320099,0.693763017654419,-0.0497167706489563,0.31450697779655457,0.6648322939872742,-0.015406540594995022,0.31054869294166565,0.5997326970100403,-0.03099016658961773,0.3106193244457245,0.5600131750106812,-0.03876475989818573,0.31195682287216187,0.5259961485862732,-0.042912229895591736,0.33944112062454224,0.6657199263572693,-0.016124006360769272,0.330605685710907,0.6356050372123718,-0.049568790942430496,0.3287445306777954,0.6851515769958496,-0.058096978813409805,0.33126989006996155,0.7260608673095703,-0.05429070442914963,0.3638508915901184,0.6702913045883179,-0.01903068646788597,0.35542479157447815,0.6441739797592163,-0.05010601133108139,0.3503459692001343,0.6904268264770508,-0.0478820726275444,0.3484867215156555,0.7237116694450378,-0.03581058979034424,0.38884925842285156,0.6759294271469116,-0.022989856079220772,0.3904339075088501,0.6243258118629456,-0.03987857699394226,0.38837552070617676,0.5953214168548584,-0.03913862258195877,0.3847140669822693,0.56414395570755,-0.03334815427660942
0.36320844292640686,0.8068519830703735,-7.098450538478573e-08,0.3198164105415344,0.794918417930603,-0.018099840730428696,0.2818271815776825,0.7524454593658447,-0.028873156756162643,0.25664177536964417,0.7178682088851929,-0.040157731622457504,0.23309773206710815,0.6941364407539368,-0.05098645016551018,0.3154965341091156,0.664766788482666,-0.015744244679808617,0.31097736954689026,0.5999727249145508,-0.031505387276411057,0.3103502094745636,0.5600988268852234,-0.03937061131000519,0.31140169501304626,0.5262758135795593,-0.043491680175065994,0.3402765989303589,0.6660774946212769,-0.0163763128221035,0.330074667930603,0.6371997594833374,-0.0501883290708065,0.3277350664138794,0.6868559122085571,-0.05919080600142479,0.3305279314517975,0.7279150485992432,-0.055573467165231705,0.36453983187675476,0.6708603501319885,-0.01925581321120262,0.3558184802532196,0.6462437510490417,-0.050582244992256165,0.3502674698829651,0.691429853439331,-0.049037642776966095,0.34817877411842346,0.7238255143165588,-0.03731412813067436,0.3890976905822754,0.6763352751731873,-0.023235131055116653,0.390255868434906,0.623963475227356,-0.03991980478167534,0.38816070556640625,0.594438374042511,-0.03922716900706291,0.3849165439605713,0.563454806804657,-0.03347191959619522
0.3586706519126892,0.8106321692466736,-7.779603805602164e-08,0.3155154883861542,0.798762321472168,-0.018248358741402626,0.2773030996322632,0.7561444044113159,-0.028905022889375687,0.2518056035041809,0.7214495539665222,-0.04015985503792763,0.22918352484703064,0.6964276432991028,-0.05088208243250847,0.31025946140289307,0.6688587069511414,-0.01567745953798294,0.3053436279296875,0.6035671234130859,-0.03171299397945404,0.30458059906959534,0.5629130005836487,-0.03959937393665314,0.30534058809280396,0.5282957553863525,-0.04367639869451523,0.33481258153915405,0.6694718599319458,-0.016415156424045563,0.3236362338066101,0.6406806111335754,-0.050570644438266754,0.32123613357543945,0.6907708048820496,-0.05934476852416992,0.32401153445243835,0.7321971654891968,-0.05545514449477196,0.35898447036743164,0.6739232540130615,-0.019504396244883537,0.34928277134895325,0.6492182612419128,-0.05154569074511528,0.34410902857780457,0.6959957480430603,-0.04975427687168121,0.34257689118385315,0.7294058799743652,-0.037538137286901474,0.3836439549922943,0.6791411638259888,-0.02373710460960865,0.38438695669174194,0.6260524988174438,-0.04093604162335396,0.3822386860847473,0.595792293548584,-0.04038914665579796,0.37910696864128113,0.5643742084503174,-0.03458317741751671
0.35740774869918823,0.812595784664154,-7.982870187106528e-08,0.31408894062042236,0.801086962223053,-0.018085546791553497,0.2757624089717865,0.7577081322669983,-0.028683258220553398,0.250538170337677,0.7225608229637146,-0.03983937203884125,0.22662970423698425,0.6997021436691284,-0.05053475871682167,0.30886179208755493,0.6698477864265442,-0.015482531860470772,0.3044391870498657,0.6044374108314514,-0.03090572915971279,0.30346405506134033,0.5642260313034058,-0.038220103830099106,0.30408841371536255,0.5304397940635681,-0.041945163160562515,0.3337666690349579,0.6711938977241516,-0.01625160314142704,0.32269516587257385,0.6422029137611389,-0.050318825989961624,0.32021868228912354,0.6929206848144531,-0.05913376063108444,0.3231196105480194,0.7348750233650208,-0.05513257160782814,0.3580562472343445,0.6761505603790283,-0.01927305944263935,0.34892457723617554,0.6517279744148254,-0.05124124512076378,0.34338855743408203,0.698327898979187,-0.04969090595841408,0.34145060181617737,0.7316270470619202,-0.037615012377500534,0.38299763202667236,0.6816389560699463,-0.023340726271271706,0.3836371898651123,0.6283797025680542,-0.04029109701514244,0.38144010305404663,0.598258912563324,-0.039591170847415924,0.37805187702178955,0.566781222820282,-0.033701300621032715
0.3583247661590576,0.8127341270446777,-7.128527812483298e-08,0.31480106711387634,0.8004466891288757,-0.018355969339609146,0.2769230306148529,0.7573633193969727,-0.029338190332055092,0.2514502704143524,0.7225942015647888,-0.04078871011734009,0.22753417491912842,0.6990668773651123,-0.05171697959303856,0.3105877935886383,0.6698468923568726,-0.01593288779258728,0.3059957027435303,0.6050599217414856,-0.031822461634874344,0.3049038350582123,0.5645526647567749,-0.039528682827949524,0.30560681223869324,0.5299918055534363,-0.0434701144695282,0.33524245023727417,0.6707470417022705,-0.016538944095373154,0.3240225315093994,0.6409243941307068,-0.050350069999694824,0.3219098746776581,0.6913687586784363,-0.0586840845644474,0.3254256248474121,0.7331095337867737,-0.05439801141619682,0.35938504338264465,0.6757532954216003,-0.01945079304277897,0.34961798787117004,0.6518566608428955,-0.051140181720256805,0.34467577934265137,0.6991164088249207,-0.04895699769258499,0.34361258149147034,0.7325693368911743,-0.03646465763449669,0.3840908408164978,0.6813527941703796,-0.023502031341195107,0.38480329513549805,0.6284751892089844,-0.04025065526366234,0.3827473819255829,0.5985515713691711,-0.03922893479466438,0.3796764016151428,0.5671728849411011,-0.03312718868255615
0.3591952323913574,0.8109723925590515,-7.616008446120759e-08,0.3158809244632721,0.7984033226966858,-0.01830183155834675,0.27820825576782227,0.7546266317367554,-0.029005954042077065,0.25301164388656616,0.7191774249076843,-0.04013364389538765,0.2290254831314087,0.6962956190109253,-0.05077774077653885,0.31172770261764526,0.6673964858055115,-0.015637706965208054,0.3077297806739807,0.6028651595115662,-0.031116392463445663,0.3070850968360901,0.5625807046890259,-0.038395851850509644,0.3078625202178955,0.5282739400863647,-0.04204840213060379,0.33661332726478577,0.6683859825134277,-0.016145972535014153,0.32609426975250244,0.6393216848373413,-0.04970623925328255,0.32436397671699524,0.6899794340133667,-0.05797070264816284,0.32771947979927063,0.731778085231781,-0.05361395701766014,0.3608107268810272,0.6736406683921814,-0.018936622887849808,0.35192248225212097,0.6504637002944946,-0.050757672637701035,0.34682372212409973,0.6974945068359375,-0.04889409989118576,0.34507501125335693,0.7307494878768921,-0.03653085604310036,0.385541707277298,0.6796203255653381,-0.02277747355401516,0.3864463269710541,0.6270759701728821,-0.03962574154138565,0.38482075929641724,0.597362756729126,-0.03869286924600601,0.3818351626396179,0.5659704208374023,-0.03260425105690956
0.3597237467765808,0.8101475834846497,-7.395097867402001e-08,0.31631654500961304,0.7981233596801758,-0.018377356231212616,0.27823781967163086,0.755546510219574,-0.029303688555955887,0.2527831196784973,0.7204334139823914,-0.040749624371528625,0.22929641604423523,0.6967798471450806,-0.0517083965241909,0.3116341531276703,0.6672745943069458,-0.015703752636909485,0.30719515681266785,0.6022919416427612,-0.03153016418218613,0.3067319691181183,0.5624455213546753,-0.03931398689746857,0.3076772391796112,0.5285203456878662,-0.04335648939013481,0.3364273011684418,0.6684266924858093,-0.016280310228466988,0.32660630345344543,0.6391613483428955,-0.050396453589200974,0.3244333863258362,0.6896355152130127,-0.059298768639564514,0.3267732858657837,0.730965793132782,-0.05546214431524277,0.3607316017150879,0.6733260750770569,-0.019144896417856216,0.35230886936187744,0.6479753255844116,-0.05109001696109772,0.34683850407600403,0.6949971914291382,-0.04923446848988533,0.3444187045097351,0.7284703254699707,-0.03700585290789604,0.3854255676269531,0.6791667342185974,-0.023106219246983528,0.38679563999176025,0.6269137263298035,-0.040103729814291,0.3848889172077179,0.5974451899528503,-0.03923264145851135,0.3814285397529602,0.5660321712493896,-0.033205583691596985
0.3612789213657379,0.8154679536819458,-9.082081220412874e-08,0.318359375,0.8029314875602722,-0.01733422838151455,0.28028973937034607,0.7590302228927612,-0.027399852871894836,0.2549527883529663,0.7237722873687744,-0.03809799253940582,0.23165418207645416,0.7006796002388,-0.04829670488834381,0.31398478150367737,0.6717244386672974,-0.014617813751101494,0.30965933203697205,0.6070735454559326,-0.030079400166869164,0.30902212858200073,0.5671064853668213,-0.0374947153031826,0.30974310636520386,0.5334901213645935,-0.04131379351019859,0.338567316532135,0.6728510856628418,-0.015527979470789433,0.32771414518356323,0.6441172957420349,-0.049129605293273926,0.32593029737472534,0.6949812769889832,-0.0574580654501915,0.329043447971344,0.7365148067474365,-0.053271204233169556,0.36256229877471924,0.6778969764709473,-0.0186940748244524,0.3530590236186981,0.6534149646759033,-0.05027562007308006,0.3479621708393097,0.7003471851348877,-0.04811486229300499,0.34651944041252136,0.7336687445640564,-0.03571382537484169,0.3871070444583893,0.6838200092315674,-0.022898996248841286,0.3884579539299011,0.6312701106071472,-0.03972964361310005,0.386457622051239,0.6017465591430664,-0.03884165734052658,0.38323527574539185,0.5706698298454285,-0.032837171107530594
0.36309829354286194,0.8181365728378296,-8.154373176694207e-08,0.3201327621936798,0.805931806564331,-0.017239192500710487,0.2819133698940277,0.7616925239562988,-0.02731543779373169,0.25642845034599304,0.7257347106933594,-0.03797444328665733,0.23142403364181519,0.7044530510902405,-0.0482306182384491,0.3156483769416809,0.6747174263000488,-0.01416423823684454,0.3118649125099182,0.6100344061851501,-0.028665022924542427,0.3116610646247864,0.5702866911888123,-0.03557051345705986,0.3127443790435791,0.5363858938217163,-0.039294153451919556,0.3402805030345917,0.675745964050293,-0.014942450448870659,0.3303701877593994,0.6476926207542419,-0.04757470265030861,0.32881930470466614,0.6980318427085876,-0.055798739194869995,0.33187443017959595,0.7388683557510376,-0.05192219838500023,0.36447006464004517,0.680716872215271,-0.017869483679533005,0.35585129261016846,0.6553783416748047,-0.04864988848567009,0.35019734501838684,0.7020534873008728,-0.04646735638380051,0.34772446751594543,0.7351758480072021,-0.03448590263724327,0.38912537693977356,0.6865384578704834,-0.02180018648505211,0.39068806171417236,0.6347755789756775,-0.038341786712408066,0.389128714799881,0.605465292930603,-0.037482451647520065,0.3860184848308563,0.5739829540252686,-0.0317210853099823
0.3637842535972595,0.8174918293952942,-7.849754268818288e-08,0.3205699324607849,0.8047256469726562,-0.017080949619412422,0.28268471360206604,0.7613685131072998,-0.027406854555010796,0.25724488496780396,0.7254838347434998,-0.03832327947020531,0.23267662525177002,0.7039121389389038,-0.04883969947695732,0.3165724575519562,0.6748886108398438,-0.015133211389183998,0.3126162886619568,0.61012864112854,-0.03022935800254345,0.3119971752166748,0.5702229738235474,-0.037662915885448456,0.31264132261276245,0.5360509753227234,-0.04170145466923714,0.3409828543663025,0.6759214997291565,-0.016089579090476036,0.3318030834197998,0.6464117169380188,-0.048888254910707474,0.3296795189380646,0.6956691145896912,-0.057263437658548355,0.3319108784198761,0.7362015247344971,-0.0535917654633522,0.36507996916770935,0.6808712482452393,-0.01913200132548809,0.3566190004348755,0.6554524302482605,-0.04982361942529678,0.3509921431541443,0.7018420696258545,-0.047652922570705414,0.34848862886428833,0.735024094581604,-0.03576955571770668,0.38971295952796936,0.6865528225898743,-0.023202162235975266,0.3912668824195862,0.634487509727478,-0.0397193543612957,0.38946181535720825,0.605026125907898,-0.038858138024806976,0.3860967755317688,0.5739143490791321,-0.033132731914520264
0.36332467198371887,0.8181066513061523,-9.17074274298102e-08,0.31979474425315857,0.8060271143913269,-0.016892626881599426,0.2812860906124115,0.7619889378547668,-0.026666466146707535,0.2561730146408081,0.7258347272872925,-0.037164151668548584,0.23165377974510193,0.7047089338302612,-0.04730294644832611,0.3155212998390198,0.674694836139679,-0.014224455691874027,0.3119938373565674,0.6101232767105103,-0.029043812304735184,0.3115711510181427,0.5704256296157837,-0.03618616610765457,0.31218570470809937,0.5364063382148743,-0.04003158584237099,0.34024253487586975,0.6757851243019104,-0.015272759832441807,0.3314451277256012,0.6478664875030518,-0.04840904101729393,0.3303438127040863,0.6990389227867126,-0.05695003643631935,0.3331758379936218,0.7399643063545227,-0.053203992545604706,0.364320307970047,0.680821418762207,-0.018432125449180603,0.3566516041755676,0.6561222076416016,-0.0497463084757328,0.3516629636287689,0.7032806873321533,-0.047847576439380646,0.34952160716056824,0.7367449998855591,-0.03585943579673767,0.38882431387901306,0.686737596988678,-0.022560158744454384,0.39055705070495605,0.6342378258705139,-0.039372071623802185,0.38873955607414246,0.6048322916030884,-0.03854821249842644,0.38545095920562744,0.5739785432815552,-0.032695092260837555
0.36323025822639465,0.8180438280105591,-9.617497198632918e-08,0.32071253657341003,0.8058353662490845,-0.016879212111234665,0.2823638916015625,0.7618156671524048,-0.026792608201503754,0.25680187344551086,0.7261022329330444,-0.03744267672300339,0.2323393076658249,0.7050702571868896,-0.047749247401952744,0.3160681128501892,0.6759430766105652,-0.014667689800262451,0.3117676079273224,0.6111335754394531,-0.029634959995746613,0.3112276494503021,0.5713267922401428,-0.03672987222671509,0.3120133578777313,0.5374617576599121,-0.04044804349541664,0.3404542803764343,0.6769386529922485,-0.015657706186175346,0.3306591808795929,0.6498154997825623,-0.04876997321844101,0.3300171494483948,0.7006957530975342,-0.05693084001541138,0.33351999521255493,0.7417413592338562,-0.05292099341750145,0.364275723695755,0.6815907955169678,-0.01878521963953972,0.3555828034877777,0.6567830443382263,-0.049902401864528656,0.35105615854263306,0.7040243148803711,-0.0476699061691761,0.3495606482028961,0.7377256155014038,-0.03549031913280487,0.3885665237903595,0.6870438456535339,-0.022916115820407867,0.39028266072273254,0.6345534920692444,-0.039532240480184555,0.388390451669693,0.6049222350120544,-0.038699403405189514,0.3848675489425659,0.5739242434501648,-0.03288477286696434
0.36308881640434265,0.8199073672294617,-9.026149427882046e-08,0.3202178478240967,0.8078067302703857,-0.017144620418548584,0.2813928425312042,0.7636152505874634,-0.026961976662278175,0.25552529096603394,0.7279993891716003,-0.03736472129821777,0.23070880770683289,0.7072219252586365,-0.047469619661569595,0.31463176012039185,0.6766230463981628,-0.014748191460967064,0.31078141927719116,0.6126664280891418,-0.029207879677414894,0.31035974621772766,0.5730721950531006,-0.03595774620771408,0.31108367443084717,0.5394027829170227,-0.03949602693319321,0.33936917781829834,0.6776196956634521,-0.015463978983461857,0.3308020830154419,0.6510682106018066,-0.047991588711738586,0.33040210604667664,0.7015036940574646,-0.05613391846418381,0.333346962928772,0.742051362991333,-0.05221884697675705,0.3635717034339905,0.6828707456588745,-0.018276633694767952,0.3553827702999115,0.6601386070251465,-0.0493776760995388,0.3511468470096588,0.7071718573570251,-0.04780387878417969,0.3491003215312958,0.7400456666946411,-0.036097731441259384,0.3880534768104553,0.6890245079994202,-0.022000961005687714,0.3892849385738373,0.636721134185791,-0.03889826312661171,0.3875417709350586,0.6069880723953247,-0.038442179560661316,0.38396763801574707,0.5754647254943848,-0.03287440165877342
0.3632882535457611,0.8204527497291565,-9.025907132809152e-08,0.32026171684265137,0.8081926703453064,-0.017032021656632423,0.2813401520252228,0.7641432881355286,-0.026656052097678185,0.2556280195713043,0.7282043099403381,-0.03698088601231575,0.23110467195510864,0.7074283957481384,-0.04699285328388214,0.3146320581436157,0.6767272353172302,-0.014222456142306328,0.3112255930900574,0.6123812794685364,-0.028679436072707176,0.3108038008213043,0.5727012753486633,-0.03533249720931053,0.3114735186100006,0.5387229919433594,-0.03880927339196205,0.3394775390625,0.6777597069740295,-0.015135779045522213,0.33087462186813354,0.6504760980606079,-0.04819599539041519,0.33042988181114197,0.7017339468002319,-0.056513626128435135,0.3334486484527588,0.7428761124610901,-0.05250231549143791,0.3637484014034271,0.6831069588661194,-0.01818983256816864,0.3555701971054077,0.6601898670196533,-0.04990660026669502,0.35145413875579834,0.7079619765281677,-0.048523347824811935,0.34969305992126465,0.7413886785507202,-0.03666426241397858,0.38851815462112427,0.6893399953842163,-0.022157354280352592,0.3900378942489624,0.6367508172988892,-0.0394449457526207,0.38820260763168335,0.6069118976593018,-0.039234571158885956,0.3846879303455353,0.5757092833518982,-0.03371415287256241
0.36160361766815186,0.8189704418182373,-8.892887848332975e-08,0.31872764229774475,0.8060513734817505,-0.016495881602168083,0.280392587184906,0.7622377872467041,-0.026245571672916412,0.25515902042388916,0.7264183163642883,-0.0367247499525547,0.23074015974998474,0.706213653087616,-0.04691239073872566,0.3140821158885956,0.6753979325294495,-0.014607211574912071,0.3110932409763336,0.6114010810852051,-0.029574599117040634,0.31053754687309265,0.5716879367828369,-0.03666701540350914,0.3112894892692566,0.5375967025756836,-0.04042172431945801,0.3388510048389435,0.6764816045761108,-0.015909409150481224,0.33058419823646545,0.6478382349014282,-0.049167752265930176,0.32897433638572693,0.6981441378593445,-0.057467054575681686,0.3314969539642334,0.7390087842941284,-0.053417008370161057,0.36303263902664185,0.6820943355560303,-0.01927441917359829,0.35557860136032104,0.6589980125427246,-0.05085843428969383,0.35075587034225464,0.7059032320976257,-0.04912828281521797,0.3486889600753784,0.7390244603157043,-0.037086836993694305,0.38781216740608215,0.6886497735977173,-0.023534664884209633,0.3892984390258789,0.6364472508430481,-0.040669530630111694,0.38733476400375366,0.6067633032798767,-0.04008907452225685,0.38381320238113403,0.5755484104156494,-0.03432581201195717
0.35945361852645874,0.817629873752594,-9.478027607201511e-08,0.3162834942340851,0.8053327202796936,-0.016085492447018623,0.278098464012146,0.7616442441940308,-0.02574789710342884,0.253054678440094,0.7260519862174988,-0.03621790185570717,0.22874155640602112,0.7058981657028198,-0.046408094465732574,0.31162333488464355,0.6744096279144287,-0.01411490049213171,0.3075689375400543,0.6105887293815613,-0.02921959012746811,0.30674731731414795,0.5709822177886963,-0.03651956841349602,0.3074095845222473,0.5371258854866028,-0.04034317657351494,0.33638906478881836,0.6755586862564087,-0.015565823763608932,0.32771843671798706,0.6470259428024292,-0.04886329919099808,0.3266090750694275,0.697853147983551,-0.057270362973213196,0.32978761196136475,0.7390393614768982,-0.05322340130805969,0.36052632331848145,0.6808355450630188,-0.01904289238154888,0.35278382897377014,0.6573476195335388,-0.05024561658501625,0.347853422164917,0.7042365670204163,-0.04825881868600845,0.34589219093322754,0.7375249266624451,-0.03609840199351311,0.38505756855010986,0.687118411064148,-0.023419419303536415,0.38637810945510864,0.6347705125808716,-0.04003523662686348,0.3841296434402466,0.6052404642105103,-0.03904205560684204,0.38030868768692017,0.5743521451950073,-0.03301551565527916
0.3588219881057739,0.8175431489944458,-9.41415123634215e-08,0.3158573806285858,0.8064157366752625,-0.016631094738841057,0.2771267890930176,0.7625066041946411,-0.02591363526880741,0.2522926926612854,0.7262485027313232,-0.03588798642158508,0.22863855957984924,0.706089437007904,-0.04553617909550667,0.31054016947746277,0.6753337383270264,-0.013872058130800724,0.30620577931404114,0.6119635105133057,-0.028700299561023712,0.3055119216442108,0.5725024938583374,-0.035906556993722916,0.30620792508125305,0.5383137464523315,-0.039764758199453354,0.3350440263748169,0.6755110025405884,-0.014820759184658527,0.325861394405365,0.6474204063415527,-0.04752142354846001,0.3247503340244293,0.6983191967010498,-0.05539119243621826,0.3279736638069153,0.7395257949829102,-0.05110538378357887,0.3588305115699768,0.680279016494751,-0.017943182960152626,0.3504313826560974,0.6558916568756104,-0.048946551978588104,0.34644991159439087,0.7039048075675964,-0.04667200520634651,0.3457185924053192,0.7377457022666931,-0.034311164170503616,0.3832054138183594,0.6865217089653015,-0.022076081484556198,0.3848184049129486,0.6347421407699585,-0.03891383856534958,0.3828955292701721,0.6054264903068542,-0.03837623447179794,0.3799006938934326,0.5743898749351501,-0.03265531733632088
0.3585854470729828,0.8176631927490234,-1.0015001095098341e-07,0.31603676080703735,0.8057531118392944,-0.015708480030298233,0.2774371802806854,0.7626307010650635,-0.024986160919070244,0.25231650471687317,0.727796733379364,-0.03507940098643303,0.22817102074623108,0.7076072096824646,-0.04494674503803253,0.3097779154777527,0.6752381324768066,-0.014231134206056595,0.3052169680595398,0.6119092702865601,-0.02936740033328533,0.3034052848815918,0.5721696615219116,-0.03661774843931198,0.30301526188850403,0.5378982424736023,-0.04046744108200073,0.3343746066093445,0.675528883934021,-0.015882598236203194,0.3249814510345459,0.6471812725067139,-0.04947292432188988,0.32398539781570435,0.6982982158660889,-0.05777101591229439,0.3271689713001251,0.7396365404129028,-0.05350489914417267,0.3584807515144348,0.6808045506477356,-0.01951042003929615,0.3500450551509857,0.6585752367973328,-0.05113346874713898,0.34574583172798157,0.7055690884590149,-0.04937439411878586,0.344235360622406,0.7387099862098694,-0.03716874122619629,0.3831321597099304,0.6875608563423157,-0.023975474759936333,0.38395482301712036,0.6353501677513123,-0.04115094989538193,0.3818506598472595,0.6053632497787476,-0.04067070409655571,0.3784221410751343,0.5743040442466736,-0.034871965646743774
0.3594285249710083,0.8085261583328247,-8.566240694563021e-08,0.31643521785736084,0.7976574897766113,-0.014764941297471523,0.27806466817855835,0.7560648918151855,-0.023604298010468483,0.2533997595310211,0.7219150066375732,-0.03332466259598732,0.22959434986114502,0.7024435997009277,-0.042776647955179214,0.3101107180118561,0.6682857275009155,-0.012973351404070854,0.3049694299697876,0.60602205991745,-0.02791418693959713,0.3034067153930664,0.5666489005088806,-0.035412807017564774,0.3036166727542877,0.5328211188316345,-0.039468131959438324,0.3342704176902771,0.6682032346725464,-0.01472434215247631,0.3249376714229584,0.638275682926178,-0.0466136634349823,0.3240920901298523,0.6864252090454102,-0.054346099495887756,0.32756537199020386,0.7264626622200012,-0.05028603971004486,0.3580910563468933,0.6728587746620178,-0.01844470389187336,0.34915652871131897,0.6495813727378845,-0.04830382019281387,0.34522920846939087,0.695614218711853,-0.04589572921395302,0.34451326727867126,0.7282453179359436,-0.03390657901763916,0.3826274573802948,0.6788195371627808,-0.02304520085453987,0.38392820954322815,0.6275566220283508,-0.039212875068187714,0.38164079189300537,0.5986815094947815,-0.038319073617458344,0.37800276279449463,0.5683090686798096,-0.03257602080702782
0.35796818137168884,0.8101790547370911,-8.599061374070516e-08,0.3160058557987213,0.7990559935569763,-0.01655803620815277,0.2773556709289551,0.7570489645004272,-0.025963053107261658,0.2519281804561615,0.7233283519744873,-0.03588629141449928,0.22813338041305542,0.7038885951042175,-0.04547697678208351,0.30949050188064575,0.6683711409568787,-0.014230282045900822,0.3049473762512207,0.6064403057098389,-0.02874041721224785,0.3034425377845764,0.5672810077667236,-0.03572329133749008,0.3032756447792053,0.533599317073822,-0.039545342326164246,0.33416464924812317,0.6684403419494629,-0.015184054151177406,0.32533544301986694,0.6394229531288147,-0.04749823361635208,0.3243109881877899,0.6887592673301697,-0.05545847862958908,0.3270854353904724,0.7298065423965454,-0.05137147381901741,0.35824939608573914,0.6735934019088745,-0.018220536410808563,0.3498525619506836,0.6506234407424927,-0.04884834215044975,0.34526994824409485,0.6970584392547607,-0.04710226505994797,0.3434278666973114,0.7298771739006042,-0.03534192591905594,0.3828640580177307,0.680063009262085,-0.02218923158943653,0.3841191232204437,0.6290028095245361,-0.03897737339138985,0.38193801045417786,0.5999599099159241,-0.03872855752706528,0.37820833921432495,0.5693387389183044,-0.03337585926055908
0.3582999110221863,0.8110509514808655,-8.012131047507864e-08,0.31563979387283325,0.7997485399246216,-0.01657109335064888,0.2771049737930298,0.7573508620262146,-0.026002053171396255,0.25203683972358704,0.722830057144165,-0.03590533137321472,0.22800061106681824,0.7031554579734802,-0.04546346142888069,0.30955517292022705,0.6694314479827881,-0.014309794642031193,0.30488598346710205,0.607211709022522,-0.028305789455771446,0.3030944764614105,0.5681662559509277,-0.034856390208005905,0.302650511264801,0.5346845388412476,-0.038399867713451385,0.3339899480342865,0.6696193218231201,-0.015101353637874126,0.32506826519966125,0.6403656601905823,-0.04635937884449959,0.32445886731147766,0.6885483264923096,-0.053707852959632874,0.3276136815547943,0.7289041876792908,-0.04947391897439957,0.35812219977378845,0.6748226881027222,-0.017956670373678207,0.34929192066192627,0.6523799896240234,-0.04785207659006119,0.3453761637210846,0.6990572810173035,-0.04577226936817169,0.34415075182914734,0.7317371368408203,-0.03399399667978287,0.38287270069122314,0.6811472177505493,-0.021761024370789528,0.38427233695983887,0.6297863125801086,-0.03812939673662186,0.38219285011291504,0.6009630560874939,-0.037639182060956955,0.37836596369743347,0.5702314972877502,-0.03223023563623428
0.3590615689754486,0.8126616477966309,-8.537953277709676e-08,0.31662246584892273,0.8010753393173218,-0.015551137737929821,0.2781375050544739,0.758294403553009,-0.024750307202339172,0.2529659867286682,0.7236071825027466,-0.034663744270801544,0.2288023978471756,0.7049510478973389,-0.044281601905822754,0.31093546748161316,0.6711363792419434,-0.01343523059040308,0.30634474754333496,0.609140157699585,-0.027928173542022705,0.3047833740711212,0.5700709819793701,-0.034911997616291046,0.3046983778476715,0.5365856289863586,-0.03873107209801674,0.3353324830532074,0.6713295578956604,-0.014880873262882233,0.32660800218582153,0.6419737935066223,-0.04689745604991913,0.3256276249885559,0.69072026014328,-0.05456632748246193,0.3286106288433075,0.7309430241584778,-0.05039183422923088,0.3593005836009979,0.6764336228370667,-0.018329648301005363,0.35110682249069214,0.6533561944961548,-0.04858420789241791,0.34656596183776855,0.6996446847915649,-0.046286944299936295,0.34488657116889954,0.7324293255805969,-0.03428436815738678,0.383900910615921,0.6829017996788025,-0.022671319544315338,0.3853045105934143,0.6321310997009277,-0.039034850895404816,0.38354626297950745,0.6032902002334595,-0.03822788596153259,0.380234032869339,0.5728090405464172,-0.032559916377067566
0.3576812446117401,0.8087211847305298,-7.98269041979438e-08,0.31535014510154724,0.7975157499313354,-0.015936195850372314,0.27723538875579834,0.7566081285476685,-0.025440048426389694,0.2523368000984192,0.7230652570724487,-0.03560825437307358,0.22917553782463074,0.7036147117614746,-0.045370493084192276,0.3096030652523041,0.6693044304847717,-0.013766191899776459,0.30434557795524597,0.6077819466590881,-0.02856607921421528,0.30243146419525146,0.568936288356781,-0.0357353501021862,0.3020099103450775,0.53533935546875,-0.03962543606758118,0.33367085456848145,0.6693348288536072,-0.015145578421652317,0.32386597990989685,0.6386324167251587,-0.0476689487695694,0.3230400085449219,0.6880720853805542,-0.05539563298225403,0.3262757658958435,0.729325532913208,-0.05100717768073082,0.35743457078933716,0.6743850111961365,-0.018575428053736687,0.34829583764076233,0.6501569151878357,-0.04897069185972214,0.3442468047142029,0.6961725950241089,-0.0466766282916069,0.34322452545166016,0.7289341688156128,-0.03452077880501747,0.3819120228290558,0.680655837059021,-0.022973807528614998,0.3831371068954468,0.6297343373298645,-0.03927047178149223,0.3812386989593506,0.6008057594299316,-0.038589879870414734,0.3779284656047821,0.5703582763671875,-0.03297862038016319
0.3544273376464844,0.8073090314865112,-8.009873653236355e-08,0.3121500015258789,0.7966147661209106,-0.01665964350104332,0.27389419078826904,0.7562877535820007,-0.02636432647705078,0.24841085076332092,0.7227521538734436,-0.036501649767160416,0.22548311948776245,0.7022098898887634,-0.04623444750905037,0.30567508935928345,0.6689334511756897,-0.014741485938429832,0.30015555024147034,0.6076897978782654,-0.030093980953097343,0.2980766296386719,0.5687340497970581,-0.037720706313848495,0.2980300486087799,0.5349329710006714,-0.04184649512171745,0.32987213134765625,0.6683033108711243,-0.015650523826479912,0.32034245133399963,0.6385158896446228,-0.04817189276218414,0.3193470239639282,0.687030553817749,-0.05609780550003052,0.3228829503059387,0.7267612218856812,-0.05200636386871338,0.3537449836730957,0.6731442213058472,-0.01866498403251171,0.34573447704315186,0.6500165462493896,-0.04917734116315842,0.3411906063556671,0.6951068639755249,-0.04718736931681633,0.33970382809638977,0.7268292307853699,-0.035349007695913315,0.3783762454986572,0.67940753698349,-0.022669723257422447,0.3793027698993683,0.6289880275726318,-0.039144013077020645,0.3773168921470642,0.6002769470214844,-0.03850465267896652,0.37426409125328064,0.5701935887336731,-0.03291560336947441
0.3536180555820465,0.8081165552139282,-7.732393214610056e-08,0.31159016489982605,0.7976914048194885,-0.015987027436494827,0.2730881869792938,0.7572790384292603,-0.0253559872508049,0.24798303842544556,0.7239933013916016,-0.03530576825141907,0.22499847412109375,0.7034069299697876,-0.04482819139957428,0.305412232875824,0.6689152121543884,-0.013449233025312424,0.30058449506759644,0.6074902415275574,-0.027599608525633812,0.29902026057243347,0.5690158009529114,-0.03433382138609886,0.29926639795303345,0.5361909866333008,-0.03793984279036522,0.3294166326522827,0.6688533425331116,-0.01458730734884739,0.31917205452919006,0.6385021805763245,-0.0460507832467556,0.3179279863834381,0.6862607598304749,-0.05350795388221741,0.3213305175304413,0.7267575263977051,-0.04921470209956169,0.3531211018562317,0.6736978888511658,-0.017785338684916496,0.34396618604660034,0.6498085260391235,-0.04749853163957596,0.339891254901886,0.6954612135887146,-0.04521311819553375,0.3388974666595459,0.7279013395309448,-0.03333310782909393,0.37756991386413574,0.6797055602073669,-0.021922096610069275,0.37865251302719116,0.6294037103652954,-0.03808744251728058,0.37667950987815857,0.6008399724960327,-0.037435077130794525,0.3731890618801117,0.5702888369560242,-0.031916406005620956
0.3556276857852936,0.8087047934532166,-7.603865981309355e-08,0.31360676884651184,0.7981070280075073,-0.016349753364920616,0.2750440835952759,0.7580186724662781,-0.02576090209186077,0.2500390112400055,0.7249933481216431,-0.035648513585329056,0.22752445936203003,0.7043197751045227,-0.04507758095860481,0.30705761909484863,0.6691030859947205,-0.013641304336488247,0.30273738503456116,0.6080174446105957,-0.02761213853955269,0.3010261654853821,0.5695144534111023,-0.03417670354247093,0.3010566234588623,0.5366070866584778,-0.03763016685843468,0.3313027322292328,0.6691104173660278,-0.01446160115301609,0.32153066992759705,0.6390058398246765,-0.0455242395401001,0.3204631507396698,0.6865406036376953,-0.05287885293364525,0.3240053355693817,0.7269899845123291,-0.04853547364473343,0.3550683856010437,0.6739864349365234,-0.017363404855132103,0.3460981845855713,0.6508463621139526,-0.04677290841937065,0.3418167531490326,0.696297287940979,-0.044722672551870346,0.34073638916015625,0.7285876870155334,-0.033006858080625534,0.37951719760894775,0.6798336505889893,-0.021227771416306496,0.38023290038108826,0.629228413105011,-0.0370340496301651,0.3781586289405823,0.6007736325263977,-0.036386553198099136,0.3748653531074524,0.5706343650817871,-0.030904944986104965
0.35633647441864014,0.8120928406715393,-8.548627761229e-08,0.3148662745952606,0.8014638423919678,-0.015915757045149803,0.2767396569252014,0.7603216767311096,-0.025268390774726868,0.25171959400177,0.7268918752670288,-0.03518515080213547,0.22881929576396942,0.7075254917144775,-0.0447169728577137,0.3085339069366455,0.672346830368042,-0.013774123042821884,0.3041715919971466,0.6108201742172241,-0.028136752545833588,0.3025889992713928,0.5720220804214478,-0.03488969802856445,0.30279162526130676,0.5389440655708313,-0.03848635405302048,0.332819402217865,0.6722899079322815,-0.014828468672931194,0.3229352831840515,0.643108069896698,-0.046400073915719986,0.3219587206840515,0.6924136281013489,-0.05359157174825668,0.32544082403182983,0.733241081237793,-0.04909173771739006,0.3566962778568268,0.6771755218505859,-0.017931930720806122,0.34757107496261597,0.6535999774932861,-0.04777104780077934,0.3433517813682556,0.6992351412773132,-0.04536806792020798,0.34257909655570984,0.731511116027832,-0.0333770290017128,0.38124749064445496,0.6836250424385071,-0.021946759894490242,0.3827051520347595,0.6330317258834839,-0.038030628114938736,0.38048046827316284,0.6045925617218018,-0.03730575740337372,0.3770928978919983,0.5746143460273743,-0.031725406646728516
0.357020765542984,0.8161698579788208,-8.152540686978682e-08,0.3149881958961487,0.8048253655433655,-0.015802426263689995,0.27667057514190674,0.7636261582374573,-0.025192784145474434,0.2516518235206604,0.7301891446113586,-0.03519611433148384,0.2288573533296585,0.7100440859794617,-0.04482976347208023,0.30906689167022705,0.675457775592804,-0.013874216005206108,0.3046703040599823,0.6136732697486877,-0.028382034972310066,0.3031819462776184,0.5747562050819397,-0.03531566634774208,0.30342432856559753,0.5411871671676636,-0.03900763764977455,0.3334004580974579,0.6758066415786743,-0.015155875124037266,0.3242303133010864,0.6459308862686157,-0.04714224860072136,0.3233188986778259,0.6949249505996704,-0.05479191988706589,0.32669827342033386,0.7357314229011536,-0.050447024405002594,0.3572135269641876,0.681114673614502,-0.01841817796230316,0.3485316038131714,0.6583355665206909,-0.04842517152428627,0.34434300661087036,0.7043964862823486,-0.04619261622428894,0.3432230055332184,0.7368821501731873,-0.034166596829891205,0.38149964809417725,0.687758207321167,-0.022595370188355446,0.3827419877052307,0.6368226408958435,-0.038704752922058105,0.3807380795478821,0.6078723669052124,-0.03788191080093384,0.377397745847702,0.5773694515228271,-0.03213902935385704
0.35838782787323,0.817017674446106,-8.070356471989726e-08,0.31594762206077576,0.8059239387512207,-0.015832945704460144,0.27759894728660583,0.7645392417907715,-0.02518688701093197,0.2528217136859894,0.7304898500442505,-0.035220544785261154,0.22947129607200623,0.7113298177719116,-0.04490499570965767,0.3100348711013794,0.6766719222068787,-0.0136185297742486,0.30538326501846313,0.6148194074630737,-0.027786605060100555,0.3039752244949341,0.5763610005378723,-0.03454987704753876,0.3041002154350281,0.5430480241775513,-0.038241706788539886,0.33412447571754456,0.6772181987762451,-0.015000195242464542,0.3251216411590576,0.6472488641738892,-0.046946484595537186,0.32435813546180725,0.6962740421295166,-0.05479124188423157,0.32782334089279175,0.7366702556610107,-0.050689954310655594,0.3577350080013275,0.682432234287262,-0.018365802243351936,0.34940674901008606,0.65861576795578,-0.04834146052598953,0.34490182995796204,0.704953670501709,-0.04622584953904152,0.34355494379997253,0.737643837928772,-0.034382350742816925,0.3819954991340637,0.68885737657547,-0.022669918835163116,0.38354238867759705,0.637833833694458,-0.03882681950926781,0.3815873861312866,0.6087627410888672,-0.03815702348947525,0.37830668687820435,0.578000545501709,-0.03260890021920204
0.3577137291431427,0.819442093372345,-8.228784054153948e-08,0.31593456864356995,0.8086493015289307,-0.0162175502628088,0.27775880694389343,0.766893208026886,-0.025520658120512962,0.2534027695655823,0.732631266117096,-0.035421278327703476,0.2300347238779068,0.712917149066925,-0.04499230533838272,0.3097408711910248,0.6791783571243286,-0.014069540426135063,0.3049357831478119,0.6167352795600891,-0.028237564489245415,0.30369460582733154,0.577700138092041,-0.03502407670021057,0.3036797046661377,0.5440338850021362,-0.0387403778731823,0.3339398503303528,0.6795727610588074,-0.015164628624916077,0.3248559236526489,0.6498821973800659,-0.046988606452941895,0.3234477639198303,0.6986708641052246,-0.05478622764348984,0.32597070932388306,0.7393354773521423,-0.050748951733112335,0.3577274680137634,0.684457540512085,-0.01828048937022686,0.3490722179412842,0.6600185632705688,-0.048283495008945465,0.3442167043685913,0.7067002058029175,-0.04611989110708237,0.3423423767089844,0.7398316264152527,-0.0343027226626873,0.3820207417011261,0.6904736161231995,-0.02236344665288925,0.3833796977996826,0.6396456956863403,-0.03867791220545769,0.3816375434398651,0.6108627319335938,-0.03812747076153755,0.3784303665161133,0.5799255967140198,-0.03268624097108841
0.3574383556842804,0.8199419379234314,-7.826759684803619e-08,0.3153923451900482,0.808476448059082,-0.016152307391166687,0.2775668203830719,0.7670738697052002,-0.025694886222481728,0.2525688409805298,0.7333528399467468,-0.03583741560578346,0.2292909324169159,0.7134150266647339,-0.04553820937871933,0.30939429998397827,0.6801987290382385,-0.014324610121548176,0.3047392964363098,0.6176172494888306,-0.02917759120464325,0.30302131175994873,0.5781674981117249,-0.036183856427669525,0.3029106557369232,0.544221043586731,-0.039859283715486526,0.3333991467952728,0.6802224516868591,-0.01553607452660799,0.3235234022140503,0.6495758295059204,-0.047993507236242294,0.32262203097343445,0.6990088224411011,-0.055491119623184204,0.32636377215385437,0.7400296926498413,-0.050901927053928375,0.3570234477519989,0.6850994229316711,-0.018815545365214348,0.3480834662914276,0.6619384288787842,-0.04948762431740761,0.34386271238327026,0.7085546851158142,-0.04718417301774025,0.34307512640953064,0.741413414478302,-0.03484814241528511,0.38140490651130676,0.69113689661026,-0.023046797141432762,0.3827943801879883,0.6397911906242371,-0.03954700008034706,0.3806944489479065,0.6106523275375366,-0.03883928433060646,0.37732523679733276,0.5802145600318909,-0.03306037560105324
0.3589210510253906,0.8214724063873291,-9.558740288184708e-08,0.31682777404785156,0.8103360533714294,-0.016032705083489418,0.2784997224807739,0.7668905258178711,-0.02504393830895424,0.25393182039260864,0.7314090728759766,-0.0346425399184227,0.2304196059703827,0.7119342684745789,-0.04391682147979736,0.3111811876296997,0.6797275543212891,-0.013427693396806717,0.3060307800769806,0.6175143122673035,-0.027687780559062958,0.3049023449420929,0.5785822868347168,-0.034682489931583405,0.3052670359611511,0.5449485182762146,-0.03859831765294075,0.33542487025260925,0.680171549320221,-0.01460998971015215,0.3264232277870178,0.6507781147956848,-0.04678625613451004,0.3256804943084717,0.7015875577926636,-0.0546124204993248,0.3289601504802704,0.7427037954330444,-0.05046127364039421,0.3593885600566864,0.6853499412536621,-0.017823439091444016,0.351423442363739,0.6605746150016785,-0.04813619703054428,0.3465639352798462,0.7081596255302429,-0.04569857940077782,0.3447326719760895,0.7416550517082214,-0.03357848525047302,0.38380861282348633,0.6918726563453674,-0.021977292373776436,0.38515815138816833,0.6411086916923523,-0.0385681614279747,0.3831201493740082,0.6121947765350342,-0.03790705278515816,0.37968379259109497,0.5810550451278687,-0.03230849653482437
0.36841413378715515,0.825819194316864,-9.816805857099098e-08,0.3248102068901062,0.811462938785553,-0.017120659351348877,0.28688153624534607,0.7658720016479492,-0.026708858087658882,0.2613924741744995,0.7293832898139954,-0.0367075651884079,0.2362077832221985,0.7081948518753052,-0.04636719822883606,0.3190329074859619,0.6805002689361572,-0.014971123076975346,0.3155452311038971,0.6170848608016968,-0.029580209404230118,0.3148670792579651,0.577113926410675,-0.036232840269804,0.3153802454471588,0.5427819490432739,-0.03969543054699898,0.3441329300403595,0.6816701889038086,-0.01568911410868168,0.3377589285373688,0.6538029313087463,-0.048179563134908676,0.33744803071022034,0.7053664326667786,-0.05573241412639618,0.34009721875190735,0.7463442087173462,-0.05136001482605934,0.36908644437789917,0.6876587271690369,-0.018540292978286743,0.36278584599494934,0.6650800704956055,-0.04991147667169571,0.35833194851875305,0.7127911448478699,-0.04801209643483162,0.35592904686927795,0.7458234429359436,-0.03601398319005966,0.39435794949531555,0.694678544998169,-0.022275397554039955,0.3966698944568634,0.641547679901123,-0.03953907638788223,0.39473360776901245,0.6112764477729797,-0.03911504149436951,0.39061492681503296,0.5793478488922119,-0.03358955681324005
0.37691164016723633,0.8238582015037537,-8.327578626676768e-08,0.33355191349983215,0.8094324469566345,-0.016365576535463333,0.29638612270355225,0.7658759355545044,-0.026257501915097237,0.27161705493927,0.7296104431152344,-0.03668423742055893,0.2474246621131897,0.7078011631965637,-0.04673761501908302,0.33005955815315247,0.6794179677963257,-0.014926155097782612,0.32712292671203613,0.6161426305770874,-0.029793549329042435,0.32678717374801636,0.5766376852989197,-0.037095848470926285,0.32765910029411316,0.542385995388031,-0.041168298572301865,0.3545183837413788,0.6808719635009766,-0.016140390187501907,0.34828436374664307,0.6502473950386047,-0.04820840060710907,0.3475073277950287,0.6997296810150146,-0.05588063597679138,0.3499062657356262,0.7398688197135925,-0.05189232528209686,0.37890326976776123,0.6867918372154236,-0.019372297450900078,0.37256211042404175,0.6616055369377136,-0.04931660741567612,0.36803144216537476,0.7077213525772095,-0.04660570248961449,0.36579883098602295,0.7399183511734009,-0.03467545285820961,0.4035060703754425,0.6937088370323181,-0.02362295240163803,0.40595221519470215,0.642108678817749,-0.040183331817388535,0.40434736013412476,0.612610399723053,-0.039358265697956085,0.4011477828025818,0.580830454826355,-0.03378836810588837
0.37460094690322876,0.8206405639648438,-8.564267517385815e-08,0.3312844932079315,0.8072826862335205,-0.01682966947555542,0.29352015256881714,0.7637598514556885,-0.026636645197868347,0.26838818192481995,0.7282370924949646,-0.03699371591210365,0.24359866976737976,0.7077038288116455,-0.047055263072252274,0.3270079791545868,0.6764252185821533,-0.01450593676418066,0.32359033823013306,0.6140406727790833,-0.029537931084632874,0.32272768020629883,0.5747444033622742,-0.03683947026729584,0.3233829438686371,0.5407755970954895,-0.04071268439292908,0.35169243812561035,0.6776098608970642,-0.015457441098988056,0.34516748785972595,0.6478142142295837,-0.04780517891049385,0.3436983823776245,0.6968682408332825,-0.05586720257997513,0.34596142172813416,0.7370004653930664,-0.051912058144807816,0.3759803771972656,0.6836172342300415,-0.018518168479204178,0.3699648380279541,0.6595250368118286,-0.049232035875320435,0.3654088079929352,0.7055618166923523,-0.04741143062710762,0.3634359836578369,0.737970232963562,-0.03562859818339348,0.40066713094711304,0.6906357407569885,-0.022529466077685356,0.40209025144577026,0.6385341286659241,-0.03915689140558243,0.40005263686180115,0.609338641166687,-0.038404326885938644,0.3968408405780792,0.5788029432296753,-0.032695867121219635
0.3716033101081848,0.8220909237861633,-7.925853395818194e-08,0.3287448287010193,0.809533417224884,-0.017191050574183464,0.29125192761421204,0.766327440738678,-0.026934485882520676,0.26641055941581726,0.7308961153030396,-0.037134863436222076,0.24208024144172668,0.710398256778717,-0.046934887766838074,0.32309195399284363,0.6795967817306519,-0.01464209146797657,0.3191092312335968,0.6172759532928467,-0.029971053823828697,0.3184565305709839,0.5777817964553833,-0.037384264171123505,0.3195229470729828,0.5433589816093445,-0.04136144742369652,0.34761038422584534,0.6800852417945862,-0.015497916378080845,0.34001362323760986,0.6503047943115234,-0.048588939011096954,0.33905529975891113,0.7003871202468872,-0.05666832998394966,0.3421299159526825,0.7408351302146912,-0.05253869667649269,0.3717840313911438,0.6855777502059937,-0.018585043027997017,0.364854097366333,0.6617174744606018,-0.04995657131075859,0.35986313223838806,0.7083096504211426,-0.048163484781980515,0.3578476905822754,0.7407270669937134,-0.036248259246349335,0.3965671956539154,0.6923189759254456,-0.022687288001179695,0.3984953761100769,0.6405380964279175,-0.039977237582206726,0.39661669731140137,0.6110202670097351,-0.039844583719968796,0.3934668004512787,0.5797522068023682,-0.034537237137556076
0.37419795989990234,0.823077917098999,-8.815241159254583e-08,0.3316379189491272,0.809546172618866,-0.016348877921700478,0.2939172685146332,0.7662067413330078,-0.02579076774418354,0.2693846821784973,0.7306779026985168,-0.035881806164979935,0.24561083316802979,0.7089163064956665,-0.04560554772615433,0.3272274136543274,0.6796517372131348,-0.013778647407889366,0.32380765676498413,0.6175104379653931,-0.028348388150334358,0.3229203522205353,0.5784130096435547,-0.03525910899043083,0.32334285974502563,0.5446904897689819,-0.03900861367583275,0.3514435291290283,0.6808777451515198,-0.015031792223453522,0.3439294099807739,0.6507520079612732,-0.04730033874511719,0.34299951791763306,0.6995906829833984,-0.05511293560266495,0.34586068987846375,0.7394040822982788,-0.05102623999118805,0.37541115283966064,0.6869059801101685,-0.018400385975837708,0.36827200651168823,0.6631938219070435,-0.049150194972753525,0.36409997940063477,0.7097094058990479,-0.04701853170990944,0.36268049478530884,0.7420179843902588,-0.03508035093545914,0.4000195562839508,0.6939592957496643,-0.022732656449079514,0.4022916257381439,0.6425871849060059,-0.039619725197553635,0.40065544843673706,0.6132458448410034,-0.03905520588159561,0.39760822057724,0.5822077393531799,-0.03354013338685036
0.3729920983314514,0.8252667188644409,-8.782632932025081e-08,0.3308701813220978,0.8119606971740723,-0.01711275614798069,0.2932019829750061,0.7686371207237244,-0.027001628652215004,0.2683985233306885,0.7338023781776428,-0.037477727979421616,0.24445214867591858,0.7119839787483215,-0.04752613976597786,0.32590872049331665,0.6821030974388123,-0.014532702043652534,0.32205498218536377,0.6195573210716248,-0.02970380336046219,0.3211752772331238,0.5802859663963318,-0.03678973764181137,0.3217765688896179,0.5463768839836121,-0.04051019623875618,0.35040178894996643,0.6834495663642883,-0.015605740249156952,0.3425787389278412,0.654194712638855,-0.04895178973674774,0.3416324853897095,0.7050536870956421,-0.05710659548640251,0.3446206748485565,0.7457331418991089,-0.052912309765815735,0.3745101988315582,0.6895115375518799,-0.018892543390393257,0.36739230155944824,0.6655068397521973,-0.05068475008010864,0.362667977809906,0.7123983502388,-0.04886078089475632,0.3609798848628998,0.7450294494628906,-0.03672847896814346,0.3990624248981476,0.6967543959617615,-0.023147067055106163,0.4013460576534271,0.6446730494499207,-0.0405777171254158,0.3995569348335266,0.615123450756073,-0.04023745656013489,0.3964643180370331,0.5840470790863037,-0.03464774414896965
0.3715822696685791,0.8250807523727417,-8.91511220402208e-08,0.32932740449905396,0.813338041305542,-0.015985818579792976,0.2915295362472534,0.7702907919883728,-0.024870116263628006,0.26786357164382935,0.735247015953064,-0.03441958501935005,0.2445094883441925,0.7152482867240906,-0.043672461062669754,0.32385721802711487,0.6838458776473999,-0.013754633255302906,0.31905514001846313,0.6213666200637817,-0.028466207906603813,0.3177938163280487,0.5823088884353638,-0.03550272062420845,0.31804415583610535,0.5481693744659424,-0.03928784281015396,0.34812408685684204,0.6846432685852051,-0.014988992363214493,0.33987706899642944,0.65487140417099,-0.04752170667052269,0.33821961283683777,0.7046515941619873,-0.05540670081973076,0.3409176468849182,0.7450478076934814,-0.05126168206334114,0.3718947172164917,0.6899104714393616,-0.018299825489521027,0.3640184998512268,0.6644760370254517,-0.049134060740470886,0.3592665195465088,0.7118621468544006,-0.046919334679841995,0.35801827907562256,0.745344340801239,-0.03479623794555664,0.3961641192436218,0.6964442729949951,-0.022560467943549156,0.3978687822818756,0.6446040868759155,-0.03973407298326492,0.3961937427520752,0.614841103553772,-0.03955874592065811,0.39370492100715637,0.5832204818725586,-0.03421344235539436
0.3700421452522278,0.8207124471664429,-8.761406178336983e-08,0.3277711272239685,0.8085938096046448,-0.014982974156737328,0.291003942489624,0.7662995457649231,-0.02362867444753647,0.2679322361946106,0.732381284236908,-0.03308391198515892,0.2451286017894745,0.7139677405357361,-0.04218568280339241,0.32226839661598206,0.6802672743797302,-0.01262763049453497,0.31705835461616516,0.6185364723205566,-0.027559928596019745,0.31604182720184326,0.5796226859092712,-0.03492216020822525,0.3168216943740845,0.5462204217910767,-0.03876331448554993,0.3465636372566223,0.6809403896331787,-0.014468763954937458,0.33785295486450195,0.6498316526412964,-0.04731753095984459,0.33626922965049744,0.6987206935882568,-0.0554908849298954,0.339003324508667,0.7397697567939758,-0.051187727600336075,0.37022292613983154,0.685907244682312,-0.018335234373807907,0.36250075697898865,0.6621509790420532,-0.04889720678329468,0.35779738426208496,0.708052933216095,-0.04697154834866524,0.3562958240509033,0.741011381149292,-0.03488815575838089,0.3946891725063324,0.6917459964752197,-0.023099206387996674,0.3956559896469116,0.6405083537101746,-0.03935220465064049,0.39384913444519043,0.6115972995758057,-0.038630519062280655,0.3907877206802368,0.581550121307373,-0.03291712701320648
0.369328111410141,0.8203240633010864,-8.335675261150755e-08,0.32790860533714294,0.8097060918807983,-0.014877134002745152,0.2913486361503601,0.7699877023696899,-0.0235680490732193,0.268913209438324,0.7370495796203613,-0.03318577632308006,0.24781452119350433,0.7177711725234985,-0.04243459925055504,0.32075920701026917,0.6834216713905334,-0.012324797920882702,0.3148740828037262,0.6222447156906128,-0.02743455022573471,0.3138270080089569,0.5839223861694336,-0.03531918674707413,0.3148585855960846,0.5503981709480286,-0.03968574106693268,0.3451169431209564,0.6839137673377991,-0.014355971477925777,0.33710241317749023,0.6528499126434326,-0.047314442694187164,0.3355506658554077,0.7013043165206909,-0.05614115670323372,0.3382693827152252,0.741234540939331,-0.05259804427623749,0.368899405002594,0.6883924603462219,-0.018405059352517128,0.3618873953819275,0.661743700504303,-0.048439979553222656,0.35681310296058655,0.7066383361816406,-0.04649309068918228,0.355152428150177,0.7393783926963806,-0.03485218808054924,0.3932965397834778,0.6942440271377563,-0.023441234603524208,0.3948279023170471,0.6440642476081848,-0.0397799015045166,0.39282867312431335,0.6152827143669128,-0.039398521184921265,0.3897937536239624,0.5852982997894287,-0.03408610820770264
0.37157607078552246,0.8225771188735962,-8.162574971493086e-08,0.3303687274456024,0.8114673495292664,-0.014497793279588223,0.29428812861442566,0.771073043346405,-0.022862441837787628,0.27266448736190796,0.7383695840835571,-0.032182883471250534,0.2523620128631592,0.7194566130638123,-0.0410829558968544,0.3237762749195099,0.6845012903213501,-0.011584167368710041,0.3182527720928192,0.6230462193489075,-0.026167267933487892,0.3174470067024231,0.5846042633056641,-0.0336492583155632,0.3184356391429901,0.5513105988502502,-0.03769088536500931,0.34816527366638184,0.6853552460670471,-0.013562087900936604,0.3400854170322418,0.6548544764518738,-0.045798249542713165,0.33852750062942505,0.702863335609436,-0.05437289923429489,0.34110042452812195,0.7426725029945374,-0.0506879985332489,0.3717992901802063,0.6897442936897278,-0.017536727711558342,0.36431175470352173,0.6645256876945496,-0.0469566211104393,0.3591539263725281,0.7090055346488953,-0.04519694671034813,0.35738876461982727,0.7413274645805359,-0.033724345266819,0.3960746228694916,0.6949951648712158,-0.022460274398326874,0.397203654050827,0.6443538665771484,-0.03815627098083496,0.39554232358932495,0.6157979369163513,-0.03763682767748833,0.39283183217048645,0.5861426591873169,-0.03227827697992325
0.37206798791885376,0.8229528665542603,-7.869869733667656e-08,0.3305394947528839,0.8120922446250916,-0.014194167219102383,0.29475003480911255,0.7719677686691284,-0.022536268457770348,0.27328234910964966,0.7394582033157349,-0.03196016326546669,0.2529308795928955,0.7206916809082031,-0.04102281108498573,0.3248257339000702,0.6859666705131531,-0.011860092170536518,0.31918564438819885,0.6236763000488281,-0.026996513828635216,0.31902870535850525,0.5849927663803101,-0.03492970019578934,0.32086485624313354,0.5515267848968506,-0.03917757794260979,0.34895774722099304,0.6868623495101929,-0.013943986967206001,0.3405954837799072,0.6558722257614136,-0.04653479531407356,0.33883681893348694,0.7036928534507751,-0.055125076323747635,0.34141576290130615,0.7431715130805969,-0.05146976187825203,0.37248730659484863,0.690963089466095,-0.01801265962421894,0.36475834250450134,0.6642489433288574,-0.047519274055957794,0.3600160777568817,0.7089799642562866,-0.04534890875220299,0.35900068283081055,0.7414836883544922,-0.03358606621623039,0.39673078060150146,0.6961876749992371,-0.023078545928001404,0.398752897977829,0.6453445553779602,-0.03891129419207573,0.39720335602760315,0.6165278553962708,-0.03834914416074753,0.3948917090892792,0.5867038369178772,-0.032894570380449295
0.37131986021995544,0.8224164247512817,-7.91835645941319e-08,0.3297848403453827,0.8114160299301147,-0.014255013316869736,0.29417890310287476,0.7715060114860535,-0.022668778896331787,0.272591233253479,0.7396730780601501,-0.03215222805738449,0.2520928680896759,0.7209197282791138,-0.04128183051943779,0.32452937960624695,0.6858273148536682,-0.011841077357530594,0.3186136484146118,0.6233813166618347,-0.026769226416945457,0.31808948516845703,0.5843220949172974,-0.034558333456516266,0.31948167085647583,0.5509008169174194,-0.038729388266801834,0.34842386841773987,0.6869276762008667,-0.013924391940236092,0.33966708183288574,0.6558520197868347,-0.046331293880939484,0.3373504877090454,0.7033266425132751,-0.054911136627197266,0.3397156000137329,0.7429584264755249,-0.05127456411719322,0.371887743473053,0.691129744052887,-0.01799091137945652,0.3640765845775604,0.6637664437294006,-0.047347962856292725,0.35879236459732056,0.7082453966140747,-0.04523909091949463,0.35748428106307983,0.740654706954956,-0.03357771411538124,0.3960610330104828,0.6963489055633545,-0.02305189147591591,0.3979151248931885,0.6454944610595703,-0.0388462170958519,0.39614465832710266,0.6162495613098145,-0.03838959336280823,0.39382031559944153,0.5858443975448608,-0.03304838016629219
0.3731183409690857,0.8229994773864746,-7.850520944430173e-08,0.3319428265094757,0.8115554451942444,-0.013988940045237541,0.29556161165237427,0.7715122699737549,-0.022221513092517853,0.2732492983341217,0.7404561638832092,-0.031414568424224854,0.25227200984954834,0.7231396436691284,-0.04030625894665718,0.32626980543136597,0.6855522394180298,-0.01161310076713562,0.321363240480423,0.6241710186004639,-0.026298917829990387,0.3209056258201599,0.5854992866516113,-0.03371664881706238,0.32243451476097107,0.5524677038192749,-0.037565603852272034,0.3501628041267395,0.6861880421638489,-0.01361056137830019,0.341468870639801,0.6546717286109924,-0.04543119668960571,0.33969488739967346,0.7023885250091553,-0.0534457266330719,0.34245744347572327,0.7425875067710876,-0.04933559522032738,0.37362152338027954,0.6905004978179932,-0.017559494823217392,0.36587804555892944,0.6647579669952393,-0.04679080843925476,0.36131593585014343,0.7093207836151123,-0.04476192593574524,0.36012041568756104,0.7415974140167236,-0.03303563594818115,0.39783647656440735,0.6958045959472656,-0.022372378036379814,0.3988620638847351,0.6451124548912048,-0.037759922444820404,0.3975996673107147,0.6168181300163269,-0.03693540394306183,0.3954693078994751,0.5871938467025757,-0.03135043382644653
0.37286949157714844,0.8219415545463562,-8.342623658563753e-08,0.3316574990749359,0.8108276724815369,-0.013656070455908775,0.2953053414821625,0.7713834047317505,-0.02176712453365326,0.2731911540031433,0.7405127286911011,-0.030993318185210228,0.2527771592140198,0.722967267036438,-0.03992197662591934,0.3260471820831299,0.6850420832633972,-0.01119842566549778,0.32081761956214905,0.6230868697166443,-0.025891607627272606,0.32054778933525085,0.5844852924346924,-0.03351448476314545,0.32212236523628235,0.5516979098320007,-0.03753252699971199,0.34997233748435974,0.6860837340354919,-0.01335394848138094,0.3411586284637451,0.6553574800491333,-0.04552008584141731,0.33897966146469116,0.7033940553665161,-0.05397013574838638,0.341290146112442,0.7438257932662964,-0.05020643025636673,0.37338536977767944,0.690173327922821,-0.017436839640140533,0.36572083830833435,0.6627675294876099,-0.046465180814266205,0.36071905493736267,0.7070754766464233,-0.04440139979124069,0.3594145178794861,0.7395989298820496,-0.032801102846860886,0.39759257435798645,0.6952570080757141,-0.022426314651966095,0.3991512358188629,0.644667387008667,-0.03767649084329605,0.39755287766456604,0.6161233186721802,-0.03696223720908165,0.39521321654319763,0.5861281156539917,-0.03150102123618126
0.3725261092185974,0.8263563513755798,-8.984093113895142e-08,0.3319335877895355,0.8156136274337769,-0.014790095388889313,0.29553014039993286,0.7738049626350403,-0.023215414956212044,0.27298593521118164,0.7401124238967896,-0.0326283760368824,0.2507178783416748,0.7214438319206238,-0.04178193584084511,0.3264346122741699,0.6871891617774963,-0.01208723708987236,0.3216080665588379,0.6247961521148682,-0.026194462552666664,0.3212583363056183,0.5856132507324219,-0.03337256610393524,0.32218876481056213,0.5523175597190857,-0.03727689012885094,0.35044795274734497,0.688458263874054,-0.013774638064205647,0.3411255180835724,0.660323441028595,-0.04536454752087593,0.33926352858543396,0.7080461382865906,-0.053733523935079575,0.34165579080581665,0.7471518516540527,-0.050221558660268784,0.37389761209487915,0.6930781006813049,-0.01740075834095478,0.3657158315181732,0.6670540571212769,-0.04678410664200783,0.36081480979919434,0.7121051549911499,-0.0447712205350399,0.35938531160354614,0.7442403435707092,-0.033253077417612076,0.3979146480560303,0.6985962986946106,-0.021933456882834435,0.3995303809642792,0.6475531458854675,-0.03763290122151375,0.3978423774242401,0.6190628409385681,-0.03685133904218674,0.39516061544418335,0.5885639786720276,-0.03129203990101814
0.3716317117214203,0.8291876912117004,-9.227050412619064e-08,0.32966381311416626,0.8183150291442871,-0.013957169838249683,0.29242143034935,0.7772206664085388,-0.021891126409173012,0.26996418833732605,0.7439571619033813,-0.03077363409101963,0.2489093840122223,0.7249411344528198,-0.03935934603214264,0.32459279894828796,0.6905890107154846,-0.012000301852822304,0.31989163160324097,0.628068745136261,-0.026293404400348663,0.31938737630844116,0.5890071988105774,-0.033532824367284775,0.32022300362586975,0.5557791590690613,-0.0373980849981308,0.34840115904808044,0.6917187571525574,-0.014042099937796593,0.33831432461738586,0.6613395810127258,-0.046200383454561234,0.3361659348011017,0.7101608514785767,-0.05438264086842537,0.3389967083930969,0.7506697177886963,-0.05037620663642883,0.37149572372436523,0.6962586045265198,-0.017953263595700264,0.36325550079345703,0.6700561046600342,-0.047310419380664825,0.3581279516220093,0.7150372862815857,-0.045152127742767334,0.3567895293235779,0.7473776340484619,-0.03337099030613899,0.3953095078468323,0.7017341256141663,-0.02274748869240284,0.3969363570213318,0.6504419445991516,-0.038446780294179916,0.39536935091018677,0.6210885643959045,-0.03777672350406647,0.3929678797721863,0.5899848341941833,-0.03222322836518288
0.36789029836654663,0.8313659429550171,-9.167754910777148e-08,0.326305627822876,0.8204002380371094,-0.013988366350531578,0.28956323862075806,0.7798916697502136,-0.022013477981090546,0.2669656276702881,0.7471563816070557,-0.03112133964896202,0.24516081809997559,0.728694498538971,-0.039977651089429855,0.3204526901245117,0.6922248601913452,-0.011525237001478672,0.31604722142219543,0.629126787185669,-0.025535382330417633,0.3157212436199188,0.5897458791732788,-0.03245246782898903,0.3165106773376465,0.5561240911483765,-0.036087702959775925,0.3442491888999939,0.6933225989341736,-0.013490981422364712,0.3348892331123352,0.664462149143219,-0.045269761234521866,0.33322596549987793,0.7131815552711487,-0.053535349667072296,0.33578452467918396,0.7525982856750488,-0.04979413375258446,0.3672963082790375,0.6974589228630066,-0.017352718859910965,0.35944825410842896,0.6718974113464355,-0.046968962997198105,0.3544071912765503,0.7173264622688293,-0.045290786772966385,0.3525921702384949,0.749231219291687,-0.03384897857904434,0.39100396633148193,0.7025180459022522,-0.02203288860619068,0.39303696155548096,0.6513485908508301,-0.03802727907896042,0.3916483521461487,0.6222810745239258,-0.03765582665801048,0.3891656696796417,0.5913012623786926,-0.032296814024448395
0.3582603335380554,0.8415892124176025,-9.071212048183952e-08,0.31608960032463074,0.8326123356819153,-0.014019140973687172,0.2783235013484955,0.789880096912384,-0.021211637184023857,0.2544237971305847,0.7558842301368713,-0.029468126595020294,0.2306584268808365,0.7426003217697144,-0.037622448056936264,0.3095692992210388,0.7041721343994141,-0.01081431470811367,0.306295245885849,0.6401275396347046,-0.02413247525691986,0.30568963289260864,0.6004495620727539,-0.030265774577856064,0.3062801957130432,0.5663797855377197,-0.033616140484809875,0.3341056704521179,0.7040031552314758,-0.012680678628385067,0.3251470625400543,0.6736213564872742,-0.044497229158878326,0.3245188593864441,0.7224861979484558,-0.052369486540555954,0.32840025424957275,0.7620030641555786,-0.04817800968885422,0.357472687959671,0.7077919840812683,-0.016431650146842003,0.3503905236721039,0.6820045113563538,-0.04624031111598015,0.34623658657073975,0.7282383441925049,-0.044515956193208694,0.3452519476413727,0.7608951926231384,-0.03284203261137009,0.3816761076450348,0.7125478386878967,-0.021022146567702293,0.3835624158382416,0.6613150835037231,-0.037268053740262985,0.3817569315433502,0.6315463185310364,-0.037328921258449554,0.3789677023887634,0.6007561683654785,-0.03229769691824913
0.3618288040161133,0.8401089906692505,-7.279939495674626e-08,0.3198067545890808,0.8308098912239075,-0.014968096278607845,0.28223201632499695,0.7916589975357056,-0.023834683001041412,0.25807100534439087,0.7588592767715454,-0.03351028263568878,0.23450036346912384,0.7423898577690125,-0.04298847168684006,0.3135674297809601,0.7035549283027649,-0.012220685370266438,0.30945760011672974,0.6410766839981079,-0.02587919682264328,0.30876830220222473,0.6022303104400635,-0.03267832100391388,0.30930399894714355,0.5692234635353088,-0.036458034068346024,0.3372625708580017,0.7042462825775146,-0.013614175841212273,0.3284839987754822,0.6720131635665894,-0.04470440372824669,0.32699108123779297,0.7202030420303345,-0.052509162575006485,0.3294385075569153,0.7604473233222961,-0.04861565679311752,0.36046844720840454,0.7082663774490356,-0.016898805275559425,0.35208892822265625,0.6792802214622498,-0.045466549694538116,0.3479190468788147,0.7238456606864929,-0.043067775666713715,0.3469386398792267,0.7560679912567139,-0.03153194487094879,0.38437163829803467,0.7130432724952698,-0.021122032776474953,0.38536474108695984,0.6625218987464905,-0.03659629076719284,0.38345399498939514,0.6341743469238281,-0.035909418016672134,0.3806471526622772,0.6037726402282715,-0.030566981062293053
0.361708402633667,0.8389968276023865,-7.908960952818234e-08,0.3201148808002472,0.8300176858901978,-0.015445105731487274,0.2825290858745575,0.7892715334892273,-0.024094732478260994,0.25764256715774536,0.7557306885719299,-0.03337320685386658,0.2334168553352356,0.7407434582710266,-0.04246413707733154,0.31404489278793335,0.702480137348175,-0.01240467932075262,0.30940812826156616,0.6403902769088745,-0.025977125391364098,0.3088427186012268,0.6015355587005615,-0.032732997089624405,0.309496134519577,0.5685999393463135,-0.03651294484734535,0.33777931332588196,0.7028608918190002,-0.013458380475640297,0.32862842082977295,0.6714596748352051,-0.04451451450586319,0.32668688893318176,0.7192851305007935,-0.052372291684150696,0.3288544714450836,0.759669840335846,-0.04848964884877205,0.3609846830368042,0.7069846987724304,-0.016429511830210686,0.3519933521747589,0.6792898178100586,-0.04518439248204231,0.347416490316391,0.723374605178833,-0.04314688965678215,0.34623023867607117,0.7553446888923645,-0.03178819641470909,0.3848617970943451,0.7118425369262695,-0.020324746146798134,0.38583359122276306,0.6616818308830261,-0.03585595637559891,0.3837536871433258,0.6333936452865601,-0.035313062369823456,0.38062480092048645,0.6031715869903564,-0.030093848705291748
0.35810208320617676,0.8446629047393799,-7.839241078499981e-08,0.3163309693336487,0.8366168141365051,-0.01545745600014925,0.2776758372783661,0.7963207960128784,-0.02420779876410961,0.2524815797805786,0.7623260021209717,-0.033699505031108856,0.22818796336650848,0.7483546137809753,-0.04307180270552635,0.30819830298423767,0.7086172699928284,-0.012828773818910122,0.3042834997177124,0.6466864347457886,-0.02691255509853363,0.3035152554512024,0.6078286170959473,-0.03396172076463699,0.3040202558040619,0.5744072198867798,-0.03803996369242668,0.3325682282447815,0.708341121673584,-0.014260157942771912,0.3253036141395569,0.6768823862075806,-0.04596742242574692,0.3244481682777405,0.7244493365287781,-0.054249294102191925,0.32696533203125,0.763592541217804,-0.0507335402071476,0.3565171957015991,0.7120944261550903,-0.017641043290495872,0.3499108552932739,0.6850152015686035,-0.04723120853304863,0.34569910168647766,0.7289638519287109,-0.04559062793850899,0.3439074754714966,0.7607980370521545,-0.034455399960279465,0.38119542598724365,0.7170664072036743,-0.02192673832178116,0.3820885419845581,0.6669304370880127,-0.03799411654472351,0.37992605566978455,0.6384276151657104,-0.03760976344347,0.3763379752635956,0.6085747480392456,-0.032501883804798126
0.3570805788040161,0.8422083258628845,-8.24536456889291e-08,0.315886527299881,0.8341066241264343,-0.014110606163740158,0.27760306000709534,0.7945311069488525,-0.022432813420891762,0.25280967354774475,0.7617497444152832,-0.03160310536623001,0.22903892397880554,0.7474609613418579,-0.04062805697321892,0.30761438608169556,0.7069995403289795,-0.011905835010111332,0.30349698662757874,0.6453590393066406,-0.025396641343832016,0.30262291431427,0.6070945262908936,-0.032043520361185074,0.3029894232749939,0.5748112201690674,-0.03588635474443436,0.3315143287181854,0.7067995071411133,-0.013706945814192295,0.3227493166923523,0.6752672791481018,-0.04409826919436455,0.32184863090515137,0.7228671312332153,-0.05136443302035332,0.3246132731437683,0.7625654935836792,-0.04745788127183914,0.35518521070480347,0.7107211947441101,-0.01737033762037754,0.3467262387275696,0.6833397746086121,-0.04553506150841713,0.34321165084838867,0.726993203163147,-0.04295846074819565,0.34266841411590576,0.7585945725440979,-0.03162943944334984,0.3795967698097229,0.7157951593399048,-0.021894756704568863,0.3806358873844147,0.6659554243087769,-0.03732909634709358,0.3784835934638977,0.6380044221878052,-0.036665819585323334,0.3751166760921478,0.6085560917854309,-0.03155342489480972
0.35491976141929626,0.8428418636322021,-7.815715008518964e-08,0.31405094265937805,0.8352562785148621,-0.014301123097538948,0.2754097878932953,0.7966261506080627,-0.0228985957801342,0.25028151273727417,0.7646484375,-0.032419603317976,0.2266003042459488,0.7502036094665527,-0.041726287454366684,0.3053456246852875,0.7084614038467407,-0.01163534913212061,0.3005843162536621,0.6474554538726807,-0.02501497231423855,0.29973047971725464,0.6097562909126282,-0.03185303881764412,0.3001333475112915,0.5778007507324219,-0.03591807931661606,0.32898008823394775,0.7080763578414917,-0.013565135188400745,0.32014089822769165,0.6772432327270508,-0.04376331716775894,0.3189674913883209,0.7241308093070984,-0.05145273357629776,0.32150253653526306,0.762561559677124,-0.04801749438047409,0.3525311052799225,0.7117091417312622,-0.017368832603096962,0.34412670135498047,0.6836037039756775,-0.04506649821996689,0.3406151831150055,0.726215660572052,-0.04260925576090813,0.34012532234191895,0.7570340037345886,-0.03158646449446678,0.37692832946777344,0.7167569398880005,-0.022125961259007454,0.3773908019065857,0.6669718027114868,-0.037200115621089935,0.3749212324619293,0.6393490433692932,-0.03642131760716438,0.3715780973434448,0.6104528903961182,-0.031269848346710205
0.3561560809612274,0.8396524786949158,-6.737381852417457e-08,0.3143234848976135,0.8320658802986145,-0.014299595728516579,0.27596932649612427,0.7935032248497009,-0.023087028414011,0.25065678358078003,0.760903000831604,-0.03278656676411629,0.22645767033100128,0.7464690804481506,-0.042361751198768616,0.30597490072250366,0.706566572189331,-0.011653238907456398,0.3019028604030609,0.6444557905197144,-0.025162216275930405,0.301279753446579,0.6056238412857056,-0.03221850469708443,0.3018895387649536,0.5730619430541992,-0.036421407014131546,0.3297138810157776,0.7057120203971863,-0.013476064428687096,0.32178348302841187,0.6736442446708679,-0.04352615028619766,0.3207857310771942,0.7199779152870178,-0.051151156425476074,0.32291316986083984,0.7592055797576904,-0.04772404581308365,0.35344743728637695,0.7085545063018799,-0.017174508422613144,0.3456314504146576,0.6794629096984863,-0.04454350844025612,0.342146098613739,0.7221602201461792,-0.04180687665939331,0.34120655059814453,0.7537770867347717,-0.030737794935703278,0.377944678068161,0.7126913666725159,-0.021845493465662003,0.3782402276992798,0.663257896900177,-0.03673122823238373,0.37634241580963135,0.6355116963386536,-0.035815756767988205,0.37339845299720764,0.6065132021903992,-0.03067200444638729
0.35601797699928284,0.8354576826095581,-7.798291079552655e-08,0.3143913745880127,0.8280022144317627,-0.014054667204618454,0.27611464262008667,0.788754940032959,-0.0223609060049057,0.2514547109603882,0.7558625936508179,-0.03148014470934868,0.22772705554962158,0.7418878078460693,-0.04042625427246094,0.305774450302124,0.7008188366889954,-0.011809567920863628,0.30162331461906433,0.639147937297821,-0.02551441453397274,0.3011395037174225,0.6006616353988647,-0.032488998025655746,0.3020012378692627,0.5682567358016968,-0.036518774926662445,0.32996663451194763,0.7003411054611206,-0.013554958626627922,0.3228275775909424,0.6684790253639221,-0.043830614537000656,0.3223054111003876,0.7155603170394897,-0.051353082060813904,0.3247326910495758,0.7548654675483704,-0.04777873307466507,0.3538062274456024,0.7038407921791077,-0.017156682908535004,0.34667158126831055,0.6758706569671631,-0.045117661356925964,0.34313061833381653,0.7188385725021362,-0.04275458678603172,0.3420056700706482,0.7501580119132996,-0.031771332025527954,0.37830886244773865,0.7086082100868225,-0.02159622125327587,0.3795809745788574,0.6589162945747375,-0.03679952397942543,0.37724483013153076,0.6316063404083252,-0.036021262407302856,0.37321051955223083,0.6026815176010132,-0.030929235741496086
0.35619285702705383,0.8355710506439209,-7.084746300733968e-08,0.3152720332145691,0.8270827531814575,-0.014642775058746338,0.2772606909275055,0.7886008024215698,-0.02353091537952423,0.2524668276309967,0.7568240761756897,-0.03325403109192848,0.22904561460018158,0.741291880607605,-0.04276159405708313,0.30721592903137207,0.7005053162574768,-0.011985668912529945,0.3030041754245758,0.6392726898193359,-0.025591999292373657,0.302232950925827,0.6010718941688538,-0.03255418315529823,0.3028334677219391,0.5690155029296875,-0.036595121026039124,0.3310984671115875,0.7005243897438049,-0.013731328770518303,0.323629230260849,0.6688602566719055,-0.04428279772400856,0.3221485912799835,0.7154034376144409,-0.05221038684248924,0.3239178955554962,0.7547839879989624,-0.04879172146320343,0.3547711968421936,0.7044856548309326,-0.017382236197590828,0.34791406989097595,0.676116943359375,-0.045408573001623154,0.3437138795852661,0.7190743684768677,-0.043230678886175156,0.3420476019382477,0.7505750060081482,-0.0322834812104702,0.37907731533050537,0.7097556591033936,-0.02196885645389557,0.38025835156440735,0.6603506803512573,-0.037281494587659836,0.37825801968574524,0.6325302124023438,-0.036724548786878586,0.37501293420791626,0.6032272577285767,-0.03170064836740494
0.35781216621398926,0.8367904424667358,-7.569199311774355e-08,0.3168083429336548,0.8281223773956299,-0.014814075082540512,0.278859406709671,0.7890019416809082,-0.023487815633416176,0.254101037979126,0.7565569281578064,-0.03289277106523514,0.23060312867164612,0.7412959337234497,-0.042032163590192795,0.30895787477493286,0.7017146944999695,-0.012063659727573395,0.3049517869949341,0.6407963633537292,-0.025753052905201912,0.3040314018726349,0.602393388748169,-0.0326756127178669,0.3044746220111847,0.5700792074203491,-0.03667085990309715,0.3328574597835541,0.7015215158462524,-0.013722105883061886,0.3248164653778076,0.6692955493927002,-0.044508472084999084,0.32367241382598877,0.7164018750190735,-0.05222314968705177,0.32615891098976135,0.7563731670379639,-0.04847539961338043,0.35651373863220215,0.7055928707122803,-0.017328033223748207,0.3492361605167389,0.677525520324707,-0.045757316052913666,0.3453393876552582,0.7206013798713684,-0.04359090328216553,0.3442087173461914,0.7521488666534424,-0.03242969885468483,0.38091906905174255,0.7107862234115601,-0.021851958706974983,0.3820236325263977,0.6610653400421143,-0.03727087005972862,0.37976157665252686,0.6333128213882446,-0.03667903319001198,0.3761819005012512,0.6041473150253296,-0.03159155696630478
0.3580971360206604,0.8394331336021423,-7.009658986589784e-08,0.3172083795070648,0.8310739398002625,-0.015525181777775288,0.279396116733551,0.7918667793273926,-0.024719025939702988,0.2547268867492676,0.75922030210495,-0.034596703946590424,0.23092025518417358,0.7433462738990784,-0.0442417748272419,0.30991315841674805,0.7042131423950195,-0.012757779099047184,0.3055680990219116,0.6428012251853943,-0.026518262922763824,0.3046090006828308,0.6041377782821655,-0.03349854797124863,0.30510497093200684,0.5714942216873169,-0.037535976618528366,0.3336734473705292,0.7041807770729065,-0.01416792906820774,0.3250631093978882,0.6729787588119507,-0.04508465528488159,0.32359257340431213,0.7199212908744812,-0.05309672653675079,0.32599636912345886,0.7597972750663757,-0.04958873242139816,0.3572043180465698,0.7079640626907349,-0.0175408236682415,0.3494568467140198,0.68003249168396,-0.04594668373465538,0.3452093005180359,0.7230604290962219,-0.04380369558930397,0.343898743391037,0.7547058463096619,-0.03271375596523285,0.3814258575439453,0.712818443775177,-0.021920332685112953,0.3819604218006134,0.6629350185394287,-0.03731616213917732,0.3799501657485962,0.6347991824150085,-0.03670594096183777,0.37686166167259216,0.6054466366767883,-0.03159806877374649
0.3586059808731079,0.839429497718811,-7.921040179326155e-08,0.3171060383319855,0.8309023380279541,-0.014587603509426117,0.27912601828575134,0.7916202545166016,-0.023195916786789894,0.2542690932750702,0.7585160136222839,-0.03254493698477745,0.23040452599525452,0.7434496879577637,-0.041671022772789,0.31000620126724243,0.7042698264122009,-0.011974944733083248,0.3057577908039093,0.6431687474250793,-0.025660037994384766,0.30476438999176025,0.6045879125595093,-0.03266635164618492,0.30518344044685364,0.5720191597938538,-0.03676219284534454,0.3338714838027954,0.7041464447975159,-0.013628784567117691,0.32612791657447815,0.672631025314331,-0.04414891451597214,0.3254569470882416,0.7199878096580505,-0.051847100257873535,0.32825034856796265,0.7595422267913818,-0.048249244689941406,0.357469379901886,0.7079649567604065,-0.017164580523967743,0.3503170907497406,0.6799923777580261,-0.04510349780321121,0.34660056233406067,0.7226274013519287,-0.04260103404521942,0.34563589096069336,0.7538614273071289,-0.03145105391740799,0.38172447681427,0.7129917144775391,-0.02162630297243595,0.3827410042285919,0.663399875164032,-0.03666933998465538,0.38059547543525696,0.6357918381690979,-0.0356832854449749,0.3771612048149109,0.6068084239959717,-0.030400563031435013
0.36118772625923157,0.8375298380851746,-7.556821657317414e-08,0.3198467493057251,0.8289556503295898,-0.015127572230994701,0.28154218196868896,0.7895665168762207,-0.024136049672961235,0.25670698285102844,0.7565824389457703,-0.0338752306997776,0.23273859918117523,0.7414067983627319,-0.0433507040143013,0.31307369470596313,0.7017911672592163,-0.012083154171705246,0.3087269961833954,0.6407518982887268,-0.025531135499477386,0.3078376054763794,0.6026795506477356,-0.03222173824906349,0.3082811236381531,0.5707985162734985,-0.03610486909747124,0.33671852946281433,0.7020191550254822,-0.013595652766525745,0.32849666476249695,0.6693146228790283,-0.04396829381585121,0.3272381126880646,0.7169844508171082,-0.051189959049224854,0.3296254873275757,0.7565323114395142,-0.0471658818423748,0.36019274592399597,0.7061066031455994,-0.0171064343303442,0.352573037147522,0.6761831641197205,-0.04498840495944023,0.348693311214447,0.719858705997467,-0.042022399604320526,0.34775057435035706,0.7515158653259277,-0.030475594103336334,0.38426268100738525,0.7115152478218079,-0.021649442613124847,0.38532355427742004,0.6620873808860779,-0.03702789917588234,0.38304460048675537,0.6343619227409363,-0.03628883883357048,0.3796774744987488,0.604552686214447,-0.031101169064641
0.360879510641098,0.8380343317985535,-8.123868155962555e-08,0.3192359507083893,0.8301133513450623,-0.01500708982348442,0.2812052071094513,0.7904199361801147,-0.023707430809736252,0.2561878263950348,0.7571259140968323,-0.033081479370594025,0.23196417093276978,0.743130087852478,-0.0422772578895092,0.31216052174568176,0.7029898762702942,-0.012187870219349861,0.30795085430145264,0.6419833898544312,-0.025819556787610054,0.3071732819080353,0.6038564443588257,-0.032708242535591125,0.30769583582878113,0.5716004967689514,-0.03670666739344597,0.3362046778202057,0.703068196773529,-0.013550452888011932,0.3280886709690094,0.6718152761459351,-0.04401243105530739,0.3269882798194885,0.7195388078689575,-0.05147143080830574,0.3295860290527344,0.7594907283782959,-0.04766681045293808,0.3597971498966217,0.7069571614265442,-0.016864925622940063,0.35199257731437683,0.6791764497756958,-0.04506421089172363,0.3481915593147278,0.7225841283798218,-0.04256950691342354,0.3474809527397156,0.7542396187782288,-0.031266648322343826,0.38401472568511963,0.7118610143661499,-0.02111373469233513,0.38510996103286743,0.6622141003608704,-0.03640545532107353,0.3827488422393799,0.6345435976982117,-0.035599611699581146,0.37917008996009827,0.6053794026374817,-0.030377693474292755
0.362987756729126,0.8371320366859436,-6.450887468645305e-08,0.322010338306427,0.8286371827125549,-0.015565558336675167,0.2839129567146301,0.7889292240142822,-0.02446976862847805,0.2589728832244873,0.7555637955665588,-0.033939115703105927,0.23448863625526428,0.7412987947463989,-0.04319174215197563,0.31478068232536316,0.7018339037895203,-0.012873374857008457,0.3108222484588623,0.641075611114502,-0.026322897523641586,0.3097573220729828,0.602785050868988,-0.03293566405773163,0.3101405203342438,0.57044517993927,-0.03677554428577423,0.3385162055492401,0.7019060254096985,-0.014135953970253468,0.33096185326576233,0.6701804399490356,-0.04451305791735649,0.328993022441864,0.7163748145103455,-0.051956549286842346,0.3311502933502197,0.7552649974822998,-0.04814545810222626,0.36188697814941406,0.7062458992004395,-0.017380431294441223,0.35469502210617065,0.6791278719902039,-0.045735929161310196,0.3499358892440796,0.7221584916114807,-0.04358191043138504,0.3483875095844269,0.7532975673675537,-0.03248352184891701,0.38579291105270386,0.711719810962677,-0.0215942170470953,0.38702207803726196,0.6623076796531677,-0.03727288916707039,0.38523274660110474,0.6345721483230591,-0.03682377561926842,0.3825494647026062,0.6052882671356201,-0.03180457279086113
0.36257579922676086,0.8392954468727112,-5.863798335781212e-08,0.3219352960586548,0.829724907875061,-0.015761464834213257,0.2846652567386627,0.7902447581291199,-0.02514101378619671,0.2598881423473358,0.757843017578125,-0.03516796976327896,0.23552373051643372,0.7425709962844849,-0.0449223630130291,0.3149646520614624,0.7025933861732483,-0.012701716274023056,0.31123706698417664,0.6414409875869751,-0.026171810925006866,0.31040772795677185,0.6035272479057312,-0.03281884640455246,0.3111088275909424,0.5715197920799255,-0.03665335476398468,0.3387865126132965,0.703239917755127,-0.014141988009214401,0.3310966491699219,0.6708232164382935,-0.044756680727005005,0.32944047451019287,0.7171914577484131,-0.05257776379585266,0.3319050669670105,0.7564439177513123,-0.048942215740680695,0.36248981952667236,0.7080238461494446,-0.01757795549929142,0.355566143989563,0.6800421476364136,-0.045996591448783875,0.35076820850372314,0.7230675220489502,-0.043968770653009415,0.3489212095737457,0.7543836236000061,-0.032918624579906464,0.3866094946861267,0.7138570547103882,-0.022012460976839066,0.38778701424598694,0.6638408303260803,-0.03753551468253136,0.38593146204948425,0.6358871459960938,-0.036943916231393814,0.38299673795700073,0.6064614653587341,-0.0318140983581543
0.36330610513687134,0.8415093421936035,-6.615460534931117e-08,0.3223034143447876,0.8319125771522522,-0.016373274847865105,0.2853315472602844,0.7921158075332642,-0.02598048932850361,0.2598588764667511,0.7589192986488342,-0.036005351692438126,0.23565004765987396,0.7423359751701355,-0.04562712833285332,0.3155672252178192,0.7056608200073242,-0.01332207303494215,0.3114711046218872,0.6447935700416565,-0.02753465622663498,0.3105258345603943,0.6065860390663147,-0.03464926406741142,0.311287522315979,0.5744147300720215,-0.038668472319841385,0.33948561549186707,0.7056514620780945,-0.014326663687825203,0.33094310760498047,0.6735693216323853,-0.04543473571538925,0.32960256934165955,0.7202572822570801,-0.0532601960003376,0.33251768350601196,0.7599995732307434,-0.04945341870188713,0.36310094594955444,0.7097517848014832,-0.017409473657608032,0.3551024794578552,0.6827343702316284,-0.04602544382214546,0.3506242334842682,0.7249450087547302,-0.04382547736167908,0.3493521213531494,0.7558515667915344,-0.03254164382815361,0.3871223032474518,0.7150105237960815,-0.021543359383940697,0.38842540979385376,0.6652666926383972,-0.0368792749941349,0.38638997077941895,0.6376228928565979,-0.03604638949036598,0.3829423189163208,0.6087852120399475,-0.03071458637714386
0.36722657084465027,0.8385350704193115,-4.329390890234208e-08,0.32565221190452576,0.827698826789856,-0.016504013910889626,0.2892386019229889,0.7880882024765015,-0.02695445343852043,0.26385366916656494,0.7546894550323486,-0.037916187196969986,0.238741934299469,0.7386388182640076,-0.048513446003198624,0.32058656215667725,0.7030254006385803,-0.013645200990140438,0.3170609772205353,0.6408984661102295,-0.02750707045197487,0.3163257837295532,0.6017137765884399,-0.03475848212838173,0.3168966770172119,0.568814754486084,-0.03911803290247917,0.34408363699913025,0.703545331954956,-0.014881069771945477,0.33681240677833557,0.6699103713035583,-0.04534582421183586,0.3352174460887909,0.7157416343688965,-0.05313548818230629,0.33732450008392334,0.7547341585159302,-0.04965590313076973,0.36756277084350586,0.7076842784881592,-0.018131081014871597,0.36079564690589905,0.6787604093551636,-0.045525528490543365,0.3555986285209656,0.7212439179420471,-0.04253952577710152,0.3533347249031067,0.7527014017105103,-0.03127622976899147,0.391685426235199,0.7128623127937317,-0.022613372653722763,0.39308682084083557,0.6637082695960999,-0.0371176078915596,0.3919139504432678,0.6358358860015869,-0.035744525492191315,0.38951316475868225,0.6065071821212769,-0.030347831547260284
0.3677944839000702,0.8364145755767822,-6.353293002803184e-08,0.32582420110702515,0.8266552686691284,-0.015167618170380592,0.2885238528251648,0.7870389223098755,-0.024452712386846542,0.2632511258125305,0.7541231513023376,-0.034299369901418686,0.2390623390674591,0.739548921585083,-0.043915655463933945,0.3202494978904724,0.7008203864097595,-0.013139736838638783,0.31666550040245056,0.6394474506378174,-0.026843620464205742,0.3162328898906708,0.60113525390625,-0.03392215073108673,0.317169189453125,0.5689336061477661,-0.03807959333062172,0.3439708650112152,0.701059877872467,-0.014419865794479847,0.3362478017807007,0.6681114435195923,-0.04434431716799736,0.33525246381759644,0.7141594886779785,-0.05139261484146118,0.3381545841693878,0.7532176971435547,-0.04745364934206009,0.36751657724380493,0.7054888010025024,-0.0175904780626297,0.3600604236125946,0.6779472827911377,-0.04474138095974922,0.3562009036540985,0.7210179567337036,-0.04152635857462883,0.3553409278392792,0.7522069215774536,-0.030055515468120575,0.39157068729400635,0.7111828923225403,-0.021811585873365402,0.3934270441532135,0.6621822714805603,-0.03633947670459747,0.39136943221092224,0.6349236965179443,-0.034937165677547455,0.3879665434360504,0.6058270931243896,-0.02943718060851097
0.36417004466056824,0.8389341831207275,-6.929913354269956e-08,0.3232066333293915,0.8289922475814819,-0.01567460410296917,0.28585559129714966,0.7893257141113281,-0.025355102494359016,0.2605704069137573,0.7566881775856018,-0.03576289489865303,0.23669607937335968,0.7396435141563416,-0.04584340751171112,0.31794601678848267,0.70313560962677,-0.013000684790313244,0.31370121240615845,0.6419559717178345,-0.026866603642702103,0.3127892315387726,0.6039272546768188,-0.03381111100316048,0.3132632374763489,0.5717236995697021,-0.03775908052921295,0.3416863679885864,0.7034927606582642,-0.014460817910730839,0.3320327401161194,0.6725788712501526,-0.04560329392552376,0.3300281763076782,0.720097541809082,-0.05349802225828171,0.33259519934654236,0.7602453231811523,-0.049681082367897034,0.3650898337364197,0.7078612446784973,-0.017867127433419228,0.3560149669647217,0.6809642910957336,-0.04630797728896141,0.351559042930603,0.723834753036499,-0.04389716312289238,0.3507375121116638,0.7552041411399841,-0.03242148831486702,0.3888944685459137,0.7133669257164001,-0.02229188196361065,0.38970452547073364,0.6636488437652588,-0.03720773011445999,0.3878641426563263,0.6360832452774048,-0.03599396347999573,0.38514578342437744,0.6073138117790222,-0.030346548184752464
0.36246731877326965,0.8443793654441833,-6.341660707676056e-08,0.32119420170783997,0.8335834741592407,-0.016981756314635277,0.2844996154308319,0.7935953140258789,-0.027338165789842606,0.2597041130065918,0.7600379586219788,-0.038144003599882126,0.2365652322769165,0.7401934862136841,-0.048383746296167374,0.3160291314125061,0.7080011367797852,-0.014483125880360603,0.3116627037525177,0.6463839411735535,-0.02905222587287426,0.3107571601867676,0.6080056428909302,-0.03623077645897865,0.3113446533679962,0.5752118229866028,-0.040249358862638474,0.3398897647857666,0.7082035541534424,-0.015501772053539753,0.33107906579971313,0.6773654222488403,-0.047150056809186935,0.330102801322937,0.7250634431838989,-0.05493929237127304,0.33350709080696106,0.7648780345916748,-0.051032908260822296,0.3634541630744934,0.7127262949943542,-0.01863037422299385,0.35522547364234924,0.6865957379341125,-0.047650646418333054,0.35080474615097046,0.7295450568199158,-0.0450667142868042,0.34980446100234985,0.7608695030212402,-0.033429086208343506,0.387519508600235,0.7186406850814819,-0.0229028407484293,0.38913315534591675,0.6686820387840271,-0.03836314380168915,0.387308806180954,0.6404455304145813,-0.037289369851350784,0.3841141164302826,0.6109731197357178,-0.031710028648376465
0.3645029664039612,0.8437336087226868,-6.28059382279389e-08,0.32265543937683105,0.8327839374542236,-0.015536408871412277,0.2855988144874573,0.7925285696983337,-0.024943416938185692,0.2612447738647461,0.7588216066360474,-0.03510434180498123,0.2385433316230774,0.7393912076950073,-0.044813189655542374,0.31772580742836,0.7068396210670471,-0.012350205332040787,0.31367722153663635,0.6451866030693054,-0.02624126896262169,0.31310757994651794,0.6069700121879578,-0.03322691470384598,0.3141251504421234,0.5743913054466248,-0.037151481956243515,0.34144875407218933,0.7075192928314209,-0.013929646462202072,0.33272263407707214,0.6760088205337524,-0.044999897480010986,0.33142417669296265,0.7230350375175476,-0.05303876847028732,0.33459922671318054,0.7626627087593079,-0.04932504892349243,0.36506468057632446,0.7122294306755066,-0.017506025731563568,0.3567367196083069,0.6857821941375732,-0.04599948972463608,0.3520675301551819,0.7289116978645325,-0.04371828958392143,0.3508645296096802,0.7604756951332092,-0.03228931128978729,0.389445036649704,0.7181988954544067,-0.022110065445303917,0.3910070061683655,0.6680519580841064,-0.03723955899477005,0.38934963941574097,0.6399285197257996,-0.03615880757570267,0.3864784240722656,0.610580325126648,-0.030549855902791023
0.363293319940567,0.8360027074813843,-5.863634910951987e-08,0.32180747389793396,0.8257858157157898,-0.015657000243663788,0.2845568060874939,0.7863296270370483,-0.025456208735704422,0.2599281370639801,0.7535915374755859,-0.03615003824234009,0.23660233616828918,0.7355412840843201,-0.04648420587182045,0.3154021203517914,0.699567973613739,-0.012776438146829605,0.3103458285331726,0.6380940675735474,-0.027290817350149155,0.30959317088127136,0.5998533964157104,-0.0347604937851429,0.3105035126209259,0.5672348737716675,-0.03890496864914894,0.3391028940677643,0.6996740102767944,-0.014318936504423618,0.3294183313846588,0.6687337756156921,-0.04581189155578613,0.327903151512146,0.7162009477615356,-0.05369970202445984,0.3308076858520508,0.7559037804603577,-0.04979681596159935,0.3626057803630829,0.7038140296936035,-0.017916833981871605,0.3531976044178009,0.6768908500671387,-0.046826738864183426,0.3491905629634857,0.7212698459625244,-0.04423293098807335,0.3486156165599823,0.7536519169807434,-0.032421279698610306,0.38681545853614807,0.7093316316604614,-0.022587640210986137,0.3877934515476227,0.6595156192779541,-0.037902530282735825,0.38603857159614563,0.631864070892334,-0.036775894463062286,0.3833087384700775,0.6027572751045227,-0.031046999618411064
0.3621244430541992,0.8350029587745667,-5.2245443526999225e-08,0.3206467628479004,0.8245217800140381,-0.01664304919540882,0.28392302989959717,0.7854524254798889,-0.027157913893461227,0.2596192955970764,0.7529078722000122,-0.0383448600769043,0.23728060722351074,0.7339574098587036,-0.049010034650564194,0.31437191367149353,0.6986546516418457,-0.013847866095602512,0.3092931807041168,0.6373008489608765,-0.029433539137244225,0.30852010846138,0.5987190008163452,-0.03769301250576973,0.3095664381980896,0.5657625198364258,-0.042252153158187866,0.3382170498371124,0.6987640857696533,-0.015125922858715057,0.3287021219730377,0.6675227284431458,-0.04790622740983963,0.3273963928222656,0.7152918577194214,-0.05636177211999893,0.3307782709598541,0.7552729249000549,-0.05252636596560478,0.3617306053638458,0.7030136585235596,-0.018557922914624214,0.35336658358573914,0.6760013699531555,-0.04824178293347359,0.3489668369293213,0.7192948460578918,-0.04581695795059204,0.3481947183609009,0.7512806057929993,-0.033877428621053696,0.38600093126296997,0.7086758613586426,-0.023147210478782654,0.38739386200904846,0.6590339541435242,-0.03864717856049538,0.38547471165657043,0.63099205493927,-0.0374358594417572,0.3825279474258423,0.6020069718360901,-0.031536247581243515
0.36241987347602844,0.8320803642272949,-5.225343358006285e-08,0.32068905234336853,0.8216494917869568,-0.015022330917418003,0.28495004773139954,0.7817369699478149,-0.024979790672659874,0.26147937774658203,0.7486804723739624,-0.03602920472621918,0.23890884220600128,0.7307279706001282,-0.046791210770606995,0.3155723214149475,0.6975943446159363,-0.012967091985046864,0.31096357107162476,0.6361199021339417,-0.02876199223101139,0.31027835607528687,0.5969663858413696,-0.03700750693678856,0.3118562698364258,0.5636416673660278,-0.041500162333250046,0.33892399072647095,0.6977583765983582,-0.015033830888569355,0.32837575674057007,0.6654341220855713,-0.04723426699638367,0.3263998329639435,0.7133048176765442,-0.05489925667643547,0.32978931069374084,0.7527183294296265,-0.05067276954650879,0.36225876212120056,0.7018228769302368,-0.019200213253498077,0.35311248898506165,0.6740992665290833,-0.048427511006593704,0.348461389541626,0.7177354097366333,-0.04523623734712601,0.3480495512485504,0.7498446702957153,-0.03290203586220741,0.38634124398231506,0.7076044082641602,-0.024499794468283653,0.38823166489601135,0.6572163105010986,-0.04001511633396149,0.3870256543159485,0.6282869577407837,-0.03873806819319725,0.3852697014808655,0.5987055897712708,-0.032831355929374695
0.365158349275589,0.8322213292121887,-4.9416364333865204e-08,0.3234104514122009,0.8206175565719604,-0.016584882512688637,0.2878042757511139,0.7805618047714233,-0.02729959413409233,0.2644725739955902,0.7471391558647156,-0.038726624101400375,0.24291488528251648,0.7259343266487122,-0.049641720950603485,0.3190503716468811,0.6956916451454163,-0.014694316312670708,0.31534543633461,0.633002758026123,-0.030846435576677322,0.3152771592140198,0.593504011631012,-0.03906909003853798,0.31703007221221924,0.5600286722183228,-0.04333959147334099,0.34270238876342773,0.6961368322372437,-0.015940053388476372,0.3334575593471527,0.6647846102714539,-0.04892171174287796,0.33124417066574097,0.7136619687080383,-0.05662114545702934,0.3338264226913452,0.7541885375976562,-0.05210481956601143,0.3660493493080139,0.7004234790802002,-0.019388748332858086,0.35701122879981995,0.6738996505737305,-0.04926946386694908,0.35255903005599976,0.7179644107818604,-0.04632449150085449,0.3519476652145386,0.7500821352005005,-0.03386126831173897,0.3899954557418823,0.7061228156089783,-0.023991549387574196,0.39192721247673035,0.655737578868866,-0.03965543210506439,0.3907749354839325,0.6274908185005188,-0.03833812102675438,0.38870304822921753,0.5980672836303711,-0.03221610561013222
0.3661343455314636,0.8295525908470154,-6.944451769186344e-08,0.32491061091423035,0.8182475566864014,-0.01458068285137415,0.28804540634155273,0.7772713303565979,-0.02375067211687565,0.26308074593544006,0.7436618208885193,-0.033842865377664566,0.23988965153694153,0.7259871959686279,-0.04363000765442848,0.3202601373195648,0.6922480463981628,-0.011642629280686378,0.3173367977142334,0.631150484085083,-0.025783389806747437,0.31717631220817566,0.592811644077301,-0.03330935537815094,0.31836000084877014,0.5604190826416016,-0.0376669205725193,0.3439455032348633,0.6925311088562012,-0.013528509065508842,0.3355666697025299,0.6611077785491943,-0.04426068812608719,0.33349335193634033,0.7087679505348206,-0.05213626101613045,0.335260808467865,0.7485522031784058,-0.04851754754781723,0.3675067722797394,0.6966153383255005,-0.017358750104904175,0.35972264409065247,0.6680935621261597,-0.045147448778152466,0.3548819124698639,0.7107909917831421,-0.04239455610513687,0.35308969020843506,0.7425704598426819,-0.030970344319939613,0.39138898253440857,0.7023863792419434,-0.02218637801706791,0.3928295373916626,0.6529542803764343,-0.036800872534513474,0.39173173904418945,0.6254644393920898,-0.0354977622628212,0.38957107067108154,0.5966034531593323,-0.029890190809965134
0.3675283193588257,0.8290494680404663,-5.767173760773403e-08,0.3261090815067291,0.817373514175415,-0.015948228538036346,0.28971797227859497,0.7780210375785828,-0.025967830792069435,0.26493868231773376,0.7457022070884705,-0.03662697970867157,0.24306388199329376,0.7257554531097412,-0.04678424820303917,0.32255613803863525,0.6923972368240356,-0.013537506572902203,0.31946343183517456,0.6309087872505188,-0.02849656529724598,0.31942981481552124,0.5924707055091858,-0.036415837705135345,0.32067614793777466,0.5602393746376038,-0.040826961398124695,0.3458546996116638,0.6930253505706787,-0.01481300126761198,0.3373720347881317,0.6612799763679504,-0.046312108635902405,0.33521929383277893,0.70830899477005,-0.05430365726351738,0.3371026813983917,0.7479920387268066,-0.05052969232201576,0.36924219131469727,0.6973578333854675,-0.018150663003325462,0.3617814779281616,0.6686673164367676,-0.04638286307454109,0.35698267817497253,0.7112979292869568,-0.04358206316828728,0.35539931058883667,0.7428659200668335,-0.031886011362075806,0.39316636323928833,0.7034938335418701,-0.022624317556619644,0.3953097462654114,0.6543164849281311,-0.0375116728246212,0.39384356141090393,0.6268947124481201,-0.03625577688217163,0.39134806394577026,0.598024845123291,-0.03046494536101818
0.36720186471939087,0.8249162435531616,-4.982101131645322e-08,0.3259323835372925,0.8136518597602844,-0.017032789066433907,0.2900654375553131,0.7746843695640564,-0.02770758792757988,0.2655700147151947,0.7425873279571533,-0.03889244422316551,0.24251702427864075,0.7227048873901367,-0.049572426825761795,0.3217639923095703,0.6874247789382935,-0.013827212154865265,0.318331778049469,0.6266886591911316,-0.02840815857052803,0.31769099831581116,0.5885201692581177,-0.035943370312452316,0.3184194564819336,0.5565561056137085,-0.0400855578482151,0.3451259136199951,0.6882833242416382,-0.01462346687912941,0.33669090270996094,0.6566516160964966,-0.045935697853565216,0.33430424332618713,0.7033370137214661,-0.05407745763659477,0.33616605401039124,0.743120551109314,-0.05037297308444977,0.36831364035606384,0.6931041479110718,-0.017527712509036064,0.36090904474258423,0.6652701497077942,-0.04600658267736435,0.3557930886745453,0.7079285383224487,-0.04361303523182869,0.35395658016204834,0.7393965721130371,-0.032096751034259796,0.39194121956825256,0.6995881795883179,-0.021587936207652092,0.39386194944381714,0.6502060890197754,-0.03658509626984596,0.3922666609287262,0.6228188276290894,-0.03539517894387245,0.3895557224750519,0.5939040184020996,-0.02963828295469284
0.3638487160205841,0.828616201877594,-4.9738218876882456e-08,0.32236459851264954,0.817412793636322,-0.016242457553744316,0.2861386835575104,0.7782369256019592,-0.026259759441018105,0.2610088884830475,0.746162474155426,-0.03680608049035072,0.23741289973258972,0.7284237742424011,-0.046922966837882996,0.3177483379840851,0.6919732689857483,-0.012654389254748821,0.3135546147823334,0.6312975287437439,-0.026250246912240982,0.31261393427848816,0.5930561423301697,-0.03310169279575348,0.31315362453460693,0.5614627599716187,-0.036947742104530334,0.34115734696388245,0.692803144454956,-0.013590751215815544,0.3326268792152405,0.6611894965171814,-0.04349247366189957,0.33024752140045166,0.7070978283882141,-0.050886400043964386,0.332131564617157,0.7459846138954163,-0.047032032161951065,0.3644375503063202,0.6973258256912231,-0.01661320962011814,0.3561033308506012,0.6697284579277039,-0.044103946536779404,0.3510410785675049,0.7114365100860596,-0.041509706526994705,0.34938499331474304,0.7418340444564819,-0.03028089366853237,0.3880254626274109,0.7029987573623657,-0.020728975534439087,0.3900650441646576,0.6540942192077637,-0.03546471521258354,0.38898366689682007,0.6266307234764099,-0.034386735409498215,0.38694122433662415,0.5973399877548218,-0.028957409784197807
0.36532142758369446,0.8328395485877991,-5.837955896481617e-08,0.3242555856704712,0.8219063878059387,-0.016968946903944016,0.2876650393009186,0.7809700965881348,-0.027261268347501755,0.2621494233608246,0.7468950748443604,-0.037992388010025024,0.23770473897457123,0.7298146486282349,-0.04840395227074623,0.32000914216041565,0.6960821151733398,-0.013662615790963173,0.3159511387348175,0.6352249383926392,-0.02779839001595974,0.31510210037231445,0.5968382954597473,-0.03488905727863312,0.315807044506073,0.5648074150085449,-0.03881810978055,0.3434443473815918,0.6967198848724365,-0.014272846281528473,0.33514896035194397,0.6651590466499329,-0.04502043128013611,0.33289405703544617,0.7117838263511658,-0.05251483991742134,0.33459699153900146,0.7511842846870422,-0.04843921586871147,0.3667474091053009,0.7013259530067444,-0.016967274248600006,0.35871848464012146,0.6733353137969971,-0.04506037011742592,0.35445931553840637,0.71577388048172,-0.04228167608380318,0.3532503843307495,0.7467554211616516,-0.030665207654237747,0.39043980836868286,0.707332193851471,-0.020799487829208374,0.3922554850578308,0.6584778428077698,-0.03544197604060173,0.3911069333553314,0.6311144828796387,-0.03405814617872238,0.38891351222991943,0.601711630821228,-0.02836291491985321
0.36538398265838623,0.8349953293800354,-5.6814418059047966e-08,0.32380738854408264,0.8242092132568359,-0.016631634905934334,0.2864988446235657,0.7820684909820557,-0.026389162987470627,0.2613815665245056,0.7472634315490723,-0.03662145510315895,0.23681315779685974,0.7315300703048706,-0.04656149074435234,0.31921902298927307,0.6976450681686401,-0.013574134558439255,0.3147211968898773,0.6367033123970032,-0.02737937495112419,0.3139422535896301,0.5979718565940857,-0.03413178026676178,0.3148198425769806,0.565192699432373,-0.03793678060173988,0.34268584847450256,0.6980971693992615,-0.014405329711735249,0.3340284526348114,0.6666291952133179,-0.045308709144592285,0.3318689465522766,0.7140087485313416,-0.052598465234041214,0.33414939045906067,0.7538331747055054,-0.048343680799007416,0.365825891494751,0.7030117511749268,-0.01732737384736538,0.3579356074333191,0.6755368709564209,-0.04589563608169556,0.3531014025211334,0.719194233417511,-0.04334278404712677,0.3518045246601105,0.7510218024253845,-0.0317046232521534,0.38953495025634766,0.7091760039329529,-0.021370315924286842,0.391481876373291,0.6595145463943481,-0.0366651751101017,0.39042505621910095,0.6311023831367493,-0.03591834381222725,0.38866329193115234,0.6009892225265503,-0.030624473467469215
0.3612186312675476,0.8325121402740479,-7.276263858102539e-08,0.31941068172454834,0.8225741982460022,-0.015023074112832546,0.28227731585502625,0.7808947563171387,-0.023648975417017937,0.2575612962245941,0.7471557259559631,-0.03301801532506943,0.2340031862258911,0.7310910224914551,-0.04220769926905632,0.31476542353630066,0.6966200470924377,-0.011816808022558689,0.30946069955825806,0.6350810527801514,-0.025161387398838997,0.30865395069122314,0.5965306162834167,-0.03176574781537056,0.30948933959007263,0.5636040568351746,-0.035419292747974396,0.3383963704109192,0.6966940760612488,-0.01300292368978262,0.328843891620636,0.6664507389068604,-0.043192584067583084,0.3266889452934265,0.7131730318069458,-0.05046093836426735,0.3290679454803467,0.7522212862968445,-0.046389009803533554,0.36137765645980835,0.7006161212921143,-0.01615068130195141,0.3524312674999237,0.6733273267745972,-0.04401865229010582,0.34852033853530884,0.71745365858078,-0.04130880534648895,0.348146915435791,0.7492348551750183,-0.029717111960053444,0.38503503799438477,0.7056154012680054,-0.0202920064330101,0.3861221671104431,0.6562238931655884,-0.03510771691799164,0.3851090967655182,0.6283626556396484,-0.03412526100873947,0.3835151195526123,0.5985227823257446,-0.028677156195044518
0.3558041751384735,0.8336737155914307,-5.892004040219945e-08,0.3140552341938019,0.8241071701049805,-0.017055051401257515,0.276029497385025,0.7834744453430176,-0.02718973532319069,0.24888788163661957,0.7500605583190918,-0.03778066113591194,0.22322240471839905,0.7348200678825378,-0.048134852200746536,0.30735665559768677,0.6981950998306274,-0.01385315041989088,0.302056223154068,0.6368842720985413,-0.027690207585692406,0.3003047704696655,0.5976673364639282,-0.0343613438308239,0.3001967966556549,0.5644662976264954,-0.038104716688394547,0.3311728239059448,0.6975314617156982,-0.014615046791732311,0.32117772102355957,0.6681100130081177,-0.04576026275753975,0.31951218843460083,0.7160302996635437,-0.053334806114435196,0.3224831223487854,0.7563111782073975,-0.04928119108080864,0.3546300530433655,0.7012547254562378,-0.017493681982159615,0.3453834056854248,0.6763883829116821,-0.046600427478551865,0.34133705496788025,0.7206124663352966,-0.0443553701043129,0.34048011898994446,0.7526556849479675,-0.032812975347042084,0.3788720667362213,0.705939769744873,-0.02145513705909252,0.3796301484107971,0.6560785174369812,-0.0367707684636116,0.3786926567554474,0.6276230216026306,-0.035813331604003906,0.3765418231487274,0.5979154109954834,-0.030362626537680626
0.3566758930683136,0.830602765083313,-4.4071946092572034e-08,0.31536874175071716,0.8208540081977844,-0.016853906214237213,0.27764692902565,0.7811571359634399,-0.027589790523052216,0.24954113364219666,0.7485153079032898,-0.038959722965955734,0.22352004051208496,0.7331877946853638,-0.050131119787693024,0.30961453914642334,0.6948581337928772,-0.012982526794075966,0.3046222925186157,0.6335800886154175,-0.02694583497941494,0.30279460549354553,0.5936737656593323,-0.034317102283239365,0.3027053475379944,0.560529887676239,-0.03865957260131836,0.3327161371707916,0.6945281624794006,-0.013930011540651321,0.32294774055480957,0.6642383933067322,-0.04442031681537628,0.32079946994781494,0.7112533450126648,-0.052183184772729874,0.322804719209671,0.7506270408630371,-0.04849836975336075,0.3561600148677826,0.6981235146522522,-0.01696663722395897,0.34701573848724365,0.6707103252410889,-0.04475490003824234,0.34283778071403503,0.7137255072593689,-0.041639816015958786,0.34164664149284363,0.7455775141716003,-0.029996247962117195,0.38027554750442505,0.7032438516616821,-0.021232033148407936,0.38093632459640503,0.6542868614196777,-0.03578026592731476,0.38012608885765076,0.6261106133460999,-0.03413151577115059,0.3783639669418335,0.5964735746383667,-0.028313877061009407
0.35798099637031555,0.8305823802947998,-5.0163389886392906e-08,0.31578025221824646,0.8201293349266052,-0.017245179042220116,0.2787211537361145,0.7805580496788025,-0.027866879478096962,0.2527637779712677,0.7476666569709778,-0.03904414921998978,0.22894197702407837,0.7287648320198059,-0.049718379974365234,0.31184178590774536,0.6937078833580017,-0.013313493691384792,0.3064116835594177,0.6328303813934326,-0.027543913573026657,0.3051360249519348,0.5938974022865295,-0.03458378091454506,0.3055902123451233,0.5613163709640503,-0.03846650943160057,0.3352043926715851,0.6940016150474548,-0.014067905023694038,0.3247038424015045,0.6638457179069519,-0.04541880264878273,0.32279229164123535,0.7119277715682983,-0.052895523607730865,0.3260036110877991,0.7514840960502625,-0.04863448068499565,0.35816535353660583,0.6982702016830444,-0.017041455954313278,0.34922146797180176,0.6716870665550232,-0.04576857015490532,0.3443423807621002,0.7157287001609802,-0.04272307828068733,0.34326809644699097,0.7475279569625854,-0.03068407066166401,0.38176101446151733,0.7036631107330322,-0.02125096507370472,0.38334938883781433,0.654466986656189,-0.03652004152536392,0.3824729323387146,0.6260311603546143,-0.03531419485807419,0.3808947801589966,0.5956361889839172,-0.029562892392277718
0.3602645993232727,0.834395706653595,-5.4074636324230596e-08,0.318448007106781,0.8234683871269226,-0.016739923506975174,0.28198957443237305,0.7824761271476746,-0.02667982503771782,0.25573885440826416,0.7492638826370239,-0.03715341538190842,0.23093286156654358,0.7319560647010803,-0.04735921695828438,0.31379854679107666,0.6982114911079407,-0.012895599007606506,0.30960753560066223,0.6373715996742249,-0.0274466834962368,0.30909252166748047,0.5981407165527344,-0.03503333404660225,0.310257226228714,0.5649857521057129,-0.03925226628780365,0.3376309275627136,0.6980133056640625,-0.01361702848225832,0.329481303691864,0.6680983901023865,-0.044743310660123825,0.32753127813339233,0.71441251039505,-0.05294840410351753,0.32970136404037476,0.7537985444068909,-0.0494585819542408,0.3613881766796112,0.7019487619400024,-0.016453655436635017,0.35344237089157104,0.6760067343711853,-0.04526735842227936,0.34866419434547424,0.7190398573875427,-0.042996495962142944,0.3471089005470276,0.7507739663124084,-0.03156818449497223,0.3855929374694824,0.7072378993034363,-0.020355133339762688,0.3872867524623871,0.6579525470733643,-0.035388149321079254,0.3864082992076874,0.6302870512008667,-0.03400849550962448,0.38432934880256653,0.6011162996292114,-0.02825462818145752
0.36156976222991943,0.8361449837684631,-5.937768676744781e-08,0.3195401430130005,0.8258217573165894,-0.01600371114909649,0.2822059392929077,0.7848232388496399,-0.02574566937983036,0.2561160922050476,0.7508505582809448,-0.036167215555906296,0.23136207461357117,0.7333558201789856,-0.04632963612675667,0.3152145445346832,0.7001726627349854,-0.012536151334643364,0.3113616704940796,0.6391191482543945,-0.026622653007507324,0.3105343282222748,0.6002759337425232,-0.03376642242074013,0.31116312742233276,0.5677090883255005,-0.03781374171376228,0.33898815512657166,0.7003267407417297,-0.013743950054049492,0.3298790752887726,0.6701560616493225,-0.04493390768766403,0.3278028666973114,0.7170608043670654,-0.052932120859622955,0.33007803559303284,0.7569084167480469,-0.04927118122577667,0.36240023374557495,0.7044941186904907,-0.016963385045528412,0.35375314950942993,0.6781319975852966,-0.04555536061525345,0.34916502237319946,0.7207176089286804,-0.04296289384365082,0.34793177247047424,0.7523722648620605,-0.031439926475286484,0.3864012062549591,0.7098340392112732,-0.021231843158602715,0.38765376806259155,0.6603966355323792,-0.03627205267548561,0.387116938829422,0.6321750283241272,-0.03487951308488846,0.38561639189720154,0.6027144193649292,-0.029172375798225403
0.3617998957633972,0.8368551135063171,-5.108450196189551e-08,0.31971508264541626,0.8260076642036438,-0.016446789726614952,0.2826879918575287,0.7857950329780579,-0.026595769450068474,0.25634196400642395,0.7526020407676697,-0.03732214495539665,0.23177248239517212,0.7340285778045654,-0.047677915543317795,0.31500399112701416,0.7005469799041748,-0.013235106132924557,0.3108295798301697,0.639403223991394,-0.027552049607038498,0.3101557493209839,0.6006230115890503,-0.0347999632358551,0.3110075891017914,0.5677870512008667,-0.038888536393642426,0.33873164653778076,0.7006598114967346,-0.014209232293069363,0.3295045495033264,0.6706892251968384,-0.04551329463720322,0.3280119299888611,0.7180092930793762,-0.05328672379255295,0.33075597882270813,0.7579029202461243,-0.049484338611364365,0.3622598946094513,0.7049221992492676,-0.017257334664463997,0.35360679030418396,0.6786293983459473,-0.04592707380652428,0.3491728901863098,0.7217136025428772,-0.0431017130613327,0.34788134694099426,0.7534317374229431,-0.03145042434334755,0.3863832950592041,0.7102299332618713,-0.02139967307448387,0.38815397024154663,0.6608321666717529,-0.03662603348493576,0.38762131333351135,0.6325486898422241,-0.03534073382616043,0.38581037521362305,0.6025264263153076,-0.029712822288274765
0.36174094676971436,0.8384532928466797,-4.615429460841369e-08,0.31967228651046753,0.8277068138122559,-0.01711711287498474,0.2827860414981842,0.7868101596832275,-0.027655409649014473,0.2563845217227936,0.7529557943344116,-0.038702234625816345,0.23140056431293488,0.7352438569068909,-0.04940267652273178,0.3156569302082062,0.7021929025650024,-0.013891634531319141,0.3112536668777466,0.6406059265136719,-0.02803744003176689,0.3104190528392792,0.6013813018798828,-0.03502363711595535,0.31105589866638184,0.5685585141181946,-0.038894567638635635,0.339346319437027,0.7025314569473267,-0.014620793052017689,0.33034631609916687,0.6727958917617798,-0.04594847559928894,0.3277217745780945,0.7200032472610474,-0.05373864248394966,0.32968661189079285,0.759803295135498,-0.049844492226839066,0.36267903447151184,0.7068817019462585,-0.017449885606765747,0.35391688346862793,0.6811329126358032,-0.04627162963151932,0.34866490960121155,0.7244516611099243,-0.04374915361404419,0.34688693284988403,0.7561695575714111,-0.03220449015498161,0.3865094482898712,0.7121589183807373,-0.021405700594186783,0.38804733753204346,0.6626573204994202,-0.036679986864328384,0.387522429227829,0.6339541077613831,-0.03557079657912254,0.385971337556839,0.6035276651382446,-0.030040191486477852
0.36043912172317505,0.8406986594200134,-5.397895819214682e-08,0.3184936046600342,0.8300803303718567,-0.016726048663258553,0.28239911794662476,0.7891513109207153,-0.026983240619301796,0.2565659284591675,0.7558677196502686,-0.03789690136909485,0.23128953576087952,0.7371391654014587,-0.04853007569909096,0.31477779150009155,0.7048211693763733,-0.013650392182171345,0.3104565143585205,0.6431219577789307,-0.028184562921524048,0.3093339204788208,0.6039319038391113,-0.03533831983804703,0.3095703423023224,0.5708019733428955,-0.03926711529493332,0.3385929763317108,0.7053583264350891,-0.014665914699435234,0.32919445633888245,0.6766152381896973,-0.04678599536418915,0.32711175084114075,0.7243951559066772,-0.055124685168266296,0.3295277953147888,0.7641905546188354,-0.051514409482479095,0.3618939518928528,0.7095586061477661,-0.017735591158270836,0.35299721360206604,0.68480384349823,-0.04735327884554863,0.3476572036743164,0.7280703783035278,-0.04506237059831619,0.34570932388305664,0.7596057653427124,-0.03347833827137947,0.3857223093509674,0.7144193053245544,-0.02185964584350586,0.3872308135032654,0.6643420457839966,-0.037478968501091,0.3870587944984436,0.6353061199188232,-0.03630418702960014,0.3855983018875122,0.6048175096511841,-0.030630290508270264
0.3645605742931366,0.8453308939933777,-6.959031395581405e-08,0.3223007619380951,0.8335762619972229,-0.017167873680591583,0.28602704405784607,0.7908640503883362,-0.026999851688742638,0.26263222098350525,0.7548164129257202,-0.03733755648136139,0.240397647023201,0.7305449843406677,-0.04720866680145264,0.32010793685913086,0.7076012492179871,-0.01390327513217926,0.3156217932701111,0.6450501680374146,-0.02816183492541313,0.3148423731327057,0.6062425971031189,-0.03504583612084389,0.3152201473712921,0.5731486082077026,-0.038713376969099045,0.34370294213294983,0.7084980010986328,-0.014478118158876896,0.3337932527065277,0.6802736520767212,-0.046192001551389694,0.33150458335876465,0.7281713485717773,-0.0542653426527977,0.3339526951313019,0.7681294679641724,-0.0505140982568264,0.36660927534103394,0.7129786014556885,-0.01717718131840229,0.3574364483356476,0.6876567602157593,-0.04664990305900574,0.35186567902565,0.73216313123703,-0.044489700347185135,0.35013970732688904,0.7642913460731506,-0.0329003632068634,0.39020276069641113,0.7182226181030273,-0.020957674831151962,0.39229246973991394,0.6672720909118652,-0.03668062016367912,0.39190518856048584,0.6380950808525085,-0.035853415727615356,0.3904600739479065,0.6073312163352966,-0.030304213985800743
0.3655323386192322,0.8331760764122009,-4.855483481946976e-08,0.32296738028526306,0.8231647610664368,-0.016482098028063774,0.2858501970767975,0.7835132479667664,-0.02615671418607235,0.2626247704029083,0.7482919096946716,-0.036288484930992126,0.24242626130580902,0.7222256660461426,-0.04586188122630119,0.3184501826763153,0.6985827088356018,-0.013663649559020996,0.3147648274898529,0.6362354159355164,-0.027890419587492943,0.31436604261398315,0.5968548059463501,-0.03545628488063812,0.31515610218048096,0.5637093782424927,-0.03977091237902641,0.3421441316604614,0.6990332007408142,-0.014563421718776226,0.33492323756217957,0.6663631200790405,-0.045110899955034256,0.3332084119319916,0.711697518825531,-0.05306296423077583,0.3347935378551483,0.7512019872665405,-0.04968889057636261,0.365671843290329,0.7027359008789062,-0.01753063313663006,0.3585708737373352,0.6741920113563538,-0.04509899765253067,0.3538444936275482,0.7168371081352234,-0.04216081649065018,0.35188359022140503,0.7485231757164001,-0.030837303027510643,0.389681339263916,0.707541286945343,-0.021693669259548187,0.3910982608795166,0.6580047011375427,-0.03657020628452301,0.39059892296791077,0.6300413608551025,-0.03529415652155876,0.38885757327079773,0.6002432107925415,-0.029749944806098938
0.3696058392524719,0.8342337608337402,-5.1691078084559194e-08,0.32729804515838623,0.8230884075164795,-0.01695352979004383,0.2906593084335327,0.7823188304901123,-0.026941003277897835,0.26702356338500977,0.7471187114715576,-0.037215299904346466,0.24606293439865112,0.723258912563324,-0.04694666340947151,0.32393747568130493,0.6982189416885376,-0.014553101733326912,0.32145851850509644,0.6360617876052856,-0.029089197516441345,0.3217724561691284,0.5973053574562073,-0.036789704114198685,0.32292160391807556,0.5647261142730713,-0.041171569377183914,0.34758460521698,0.6994232535362244,-0.015103071928024292,0.34184524416923523,0.6671655178070068,-0.045827027410268784,0.34020769596099854,0.7122984528541565,-0.05386948212981224,0.34136101603507996,0.7507990598678589,-0.05056010186672211,0.3709045946598053,0.7037529945373535,-0.017696600407361984,0.36548054218292236,0.6749870181083679,-0.04546017944812775,0.3609294593334198,0.7165441513061523,-0.042735181748867035,0.3585524260997772,0.7471134662628174,-0.03155414015054703,0.39477092027664185,0.7095538377761841,-0.021457063034176826,0.39690643548965454,0.6604100465774536,-0.03623073548078537,0.3963887691497803,0.6328655481338501,-0.0347895585000515,0.3945373594760895,0.6034544706344604,-0.0291422288864851
0.3688284754753113,0.8378924131393433,-6.089848625379091e-08,0.3270086944103241,0.8270200490951538,-0.01629413105547428,0.2900909185409546,0.7849034070968628,-0.02601758949458599,0.26644688844680786,0.7489390969276428,-0.03626555576920509,0.24407029151916504,0.7263864874839783,-0.04605506733059883,0.3241158723831177,0.7011040449142456,-0.013430344872176647,0.32125625014305115,0.6388828754425049,-0.027605855837464333,0.3216390013694763,0.6005216836929321,-0.035025399178266525,0.32293781638145447,0.5683487057685852,-0.03924045339226723,0.34780269861221313,0.7024230360984802,-0.01436981838196516,0.3409777879714966,0.6708325147628784,-0.04522731900215149,0.3384295105934143,0.7169209718704224,-0.0534135140478611,0.3394615948200226,0.7556225657463074,-0.05013304948806763,0.37089020013809204,0.7067040205001831,-0.017301226034760475,0.364324152469635,0.6776158809661865,-0.04521215334534645,0.3591662347316742,0.7196241021156311,-0.0424264632165432,0.3570323884487152,0.750647246837616,-0.031146131455898285,0.3943799138069153,0.7122166752815247,-0.02133418805897236,0.39620810747146606,0.6627306938171387,-0.03602072224020958,0.39574524760246277,0.6349664330482483,-0.03444123640656471,0.3943091928958893,0.6052145957946777,-0.02870086207985878
0.36695313453674316,0.8390258550643921,-6.534308027994484e-08,0.3251221776008606,0.828433096408844,-0.01595962606370449,0.28814375400543213,0.7864019870758057,-0.02544022724032402,0.26460158824920654,0.7498030066490173,-0.03559902682900429,0.24219374358654022,0.7273346781730652,-0.045303549617528915,0.32205232977867126,0.7035407423973083,-0.012457483448088169,0.31871989369392395,0.6418086886405945,-0.026461929082870483,0.31904348731040955,0.6034950017929077,-0.0338510163128376,0.3202679753303528,0.571067750453949,-0.03817201778292656,0.34523722529411316,0.704529345035553,-0.013632621616125107,0.33781546354293823,0.6731430888175964,-0.0444294773042202,0.3349592089653015,0.7196111679077148,-0.052589308470487595,0.33541858196258545,0.7584019899368286,-0.049356572329998016,0.3680518865585327,0.708552360534668,-0.01687646098434925,0.36095157265663147,0.6783632636070251,-0.04460516571998596,0.35589635372161865,0.7202094793319702,-0.042008690536022186,0.3538111448287964,0.7511957287788391,-0.030941873788833618,0.39159300923347473,0.7137731909751892,-0.021281177178025246,0.39343950152397156,0.6641612648963928,-0.036157846450805664,0.3930794894695282,0.6359189748764038,-0.03532809019088745,0.3919174373149872,0.6059343814849854,-0.030186433345079422
0.36471885442733765,0.8383694887161255,-6.124228946191579e-08,0.3230155408382416,0.8287059664726257,-0.015724048018455505,0.2856847643852234,0.788002073764801,-0.025387510657310486,0.26166772842407227,0.7530986666679382,-0.03563963249325752,0.23831400275230408,0.7336996793746948,-0.04550187289714813,0.3180335462093353,0.7035973072052002,-0.013494464568793774,0.31441983580589294,0.6419898271560669,-0.02773437835276127,0.314128577709198,0.6036195158958435,-0.03507810831069946,0.31516116857528687,0.5710409879684448,-0.03931661695241928,0.34179043769836426,0.7037700414657593,-0.014705479145050049,0.33469000458717346,0.6724298000335693,-0.04555433988571167,0.33206918835639954,0.7192867994308472,-0.053399909287691116,0.3331816494464874,0.7581785917282104,-0.0499173104763031,0.3650784194469452,0.7077847123146057,-0.017877543345093727,0.35893431305885315,0.6794212460517883,-0.04587297886610031,0.3538627624511719,0.7216010093688965,-0.043350700289011,0.3517492413520813,0.7525882720947266,-0.03222024440765381,0.38902390003204346,0.7132781147956848,-0.02209831029176712,0.390846848487854,0.6637755036354065,-0.03706630691885948,0.38998210430145264,0.6357644200325012,-0.03613710403442383,0.3882530629634857,0.6065358519554138,-0.030872534960508347
0.3645736873149872,0.8373515009880066,-6.043665479182891e-08,0.32251280546188354,0.828637421131134,-0.015376653522253036,0.2850300967693329,0.7896939516067505,-0.024957263842225075,0.2610619366168976,0.7557231187820435,-0.03523389622569084,0.2382984459400177,0.7370191216468811,-0.04516131058335304,0.31670835614204407,0.7045749425888062,-0.013502494432032108,0.31268030405044556,0.6422614455223083,-0.02778390608727932,0.31250202655792236,0.6040051579475403,-0.0354558564722538,0.3133419454097748,0.5714842081069946,-0.03996530547738075,0.3404076099395752,0.7046727538108826,-0.014822175726294518,0.33374887704849243,0.6733565926551819,-0.045326873660087585,0.3308415114879608,0.7194363474845886,-0.0534946508705616,0.331227570772171,0.757622241973877,-0.050595737993717194,0.36380091309547424,0.7077022790908813,-0.018053492531180382,0.35762032866477966,0.6777306199073792,-0.04548042640089989,0.352165162563324,0.7199233770370483,-0.04283170402050018,0.3496541976928711,0.7513408064842224,-0.03199506551027298,0.38778117299079895,0.7118382453918457,-0.022374127060174942,0.3891642987728119,0.6623721122741699,-0.03710198402404785,0.38817471265792847,0.6344453692436218,-0.03611375764012337,0.38639119267463684,0.6050258278846741,-0.030966660007834435
0.3640822768211365,0.8350268006324768,-5.709725670044463e-08,0.3220537602901459,0.8256813287734985,-0.015591948293149471,0.28463390469551086,0.7857577800750732,-0.025135381147265434,0.2602338194847107,0.7515847086906433,-0.03532494604587555,0.237110897898674,0.7318629026412964,-0.04517533630132675,0.3163353502750397,0.701183021068573,-0.013064414262771606,0.3126089572906494,0.6398029923439026,-0.02710403874516487,0.3121413588523865,0.6016775369644165,-0.034392133355140686,0.31313565373420715,0.5693433880805969,-0.038575686514377594,0.3401575982570648,0.7012982368469238,-0.014382612891495228,0.3337424397468567,0.6690628528594971,-0.044725269079208374,0.3313389718532562,0.7148157358169556,-0.05250502750277519,0.33239537477493286,0.7534329891204834,-0.049092356115579605,0.363635778427124,0.7049378752708435,-0.01771070994436741,0.3573826849460602,0.676184356212616,-0.045260440558195114,0.35273197293281555,0.7183499336242676,-0.04270915687084198,0.350847989320755,0.7493255138397217,-0.03169257193803787,0.38768428564071655,0.7097606062889099,-0.02211029641330242,0.38897424936294556,0.6599213480949402,-0.03674859181046486,0.3881153166294098,0.6320146918296814,-0.03570146486163139,0.3863597512245178,0.6026869416236877,-0.030459599569439888
0.36299943923950195,0.8314634561538696,-5.689615534265613e-08,0.3201161026954651,0.8229044079780579,-0.014996127225458622,0.2822188138961792,0.7833610773086548,-0.024188347160816193,0.25728562474250793,0.7495360970497131,-0.03403446450829506,0.23345741629600525,0.7317168712615967,-0.0436413399875164,0.31489333510398865,0.7001551985740662,-0.012928432784974575,0.31015461683273315,0.6390548944473267,-0.026868533343076706,0.3091030418872833,0.600339412689209,-0.03437696397304535,0.30935534834861755,0.5675786137580872,-0.03884575888514519,0.33837732672691345,0.6995519399642944,-0.014436735771596432,0.3308333456516266,0.667046844959259,-0.044125523418188095,0.32831013202667236,0.7110703587532043,-0.05190913379192352,0.3293207287788391,0.7489105463027954,-0.04885190725326538,0.36154940724372864,0.7024917006492615,-0.017842251807451248,0.35430189967155457,0.6737111210823059,-0.044726286083459854,0.34992679953575134,0.7154169678688049,-0.04200826212763786,0.3484126627445221,0.7463827133178711,-0.031173162162303925,0.3854641914367676,0.7067764401435852,-0.02232685685157776,0.38606640696525574,0.6574334502220154,-0.03672398626804352,0.3851144313812256,0.6293748021125793,-0.03562089800834656,0.38337841629981995,0.6002478003501892,-0.030483074486255646
0.3617481291294098,0.8331743478775024,-5.689857474067139e-08,0.3189306855201721,0.8250640630722046,-0.01554045733064413,0.2811962366104126,0.7857348918914795,-0.025175221264362335,0.25606769323349,0.7514806985855103,-0.0353970006108284,0.23242858052253723,0.7334150075912476,-0.045333608984947205,0.3129410743713379,0.701554536819458,-0.013300844468176365,0.307880163192749,0.640483558177948,-0.027807138860225677,0.3069356083869934,0.6018174290657043,-0.03583960607647896,0.307379812002182,0.5690279006958008,-0.04059861972928047,0.33657073974609375,0.7007660865783691,-0.01450453232973814,0.3293173015117645,0.6693954467773438,-0.04474823549389839,0.3272477984428406,0.7146148085594177,-0.052907317876815796,0.32821229100227356,0.7531448006629944,-0.05002356693148613,0.35986149311065674,0.7035326361656189,-0.01764894649386406,0.352321058511734,0.6751697063446045,-0.04475213587284088,0.34821978211402893,0.7167901396751404,-0.04209838807582855,0.34688636660575867,0.7476839423179626,-0.03129149600863457,0.3836684226989746,0.7075666189193726,-0.02189342863857746,0.3844236135482788,0.6583753824234009,-0.03601866960525513,0.383577436208725,0.6308963298797607,-0.034656308591365814,0.38179922103881836,0.6020693778991699,-0.029362203553318977
0.3618777096271515,0.8393963575363159,-8.476746415908565e-08,0.3193958103656769,0.8305342197418213,-0.013620725832879543,0.28217583894729614,0.7898812890052795,-0.02183726616203785,0.25849106907844543,0.7554947137832642,-0.031038589775562286,0.23569881916046143,0.7380892038345337,-0.040113069117069244,0.31415513157844543,0.706506609916687,-0.011266913264989853,0.30968624353408813,0.645126461982727,-0.025096070021390915,0.3094111680984497,0.6068545579910278,-0.03248827904462814,0.310317724943161,0.5743732452392578,-0.036735180765390396,0.3380262851715088,0.7064337730407715,-0.013264602050185204,0.3299122452735901,0.6769787669181824,-0.04368395730853081,0.3276432752609253,0.7235020399093628,-0.051995184272527695,0.32878461480140686,0.7625579833984375,-0.04897435009479523,0.36118030548095703,0.709368884563446,-0.01704222336411476,0.35345661640167236,0.681998610496521,-0.044455330818891525,0.3489423990249634,0.723852813243866,-0.042215682566165924,0.3473094403743744,0.7548943758010864,-0.03144407644867897,0.38498207926750183,0.7132654190063477,-0.02170131914317608,0.3858616352081299,0.6634891033172607,-0.035986099392175674,0.38494083285331726,0.6351593732833862,-0.03478001430630684,0.38296908140182495,0.6056895852088928,-0.029453452676534653
0.36338236927986145,0.841733992099762,-6.601720059506988e-08,0.3207103908061981,0.831834614276886,-0.014705503359436989,0.283329039812088,0.7911348342895508,-0.023722944781184196,0.258964478969574,0.7566978931427002,-0.03354354575276375,0.23538213968276978,0.7384153604507446,-0.04316376522183418,0.31564074754714966,0.7078392505645752,-0.012512183748185635,0.3114756643772125,0.6458306908607483,-0.026484239846467972,0.311044842004776,0.6074946522712708,-0.033792704343795776,0.31199219822883606,0.5745288133621216,-0.03799372538924217,0.33949312567710876,0.7080932855606079,-0.014099729247391224,0.3328581750392914,0.6778109073638916,-0.044365908950567245,0.33094653487205505,0.7236599922180176,-0.05261296406388283,0.332268625497818,0.7615660429000854,-0.04973508045077324,0.3628324270248413,0.7116255164146423,-0.017522484064102173,0.35646116733551025,0.6838281154632568,-0.045188888907432556,0.3517164885997772,0.7258764505386353,-0.04303889721632004,0.3494681119918823,0.7566758990287781,-0.032381460070610046,0.3865952789783478,0.7160359621047974,-0.021849561482667923,0.38773903250694275,0.6661295890808105,-0.03638030216097832,0.3869903087615967,0.6380305290222168,-0.03513750433921814,0.38499435782432556,0.6084082126617432,-0.02981158159673214
0.3634048402309418,0.8421069979667664,-6.323247703221568e-08,0.32102978229522705,0.8327761292457581,-0.01522988174110651,0.28327029943466187,0.7932111024856567,-0.0246497243642807,0.2587392330169678,0.759003758430481,-0.034778062254190445,0.2354690432548523,0.7395681738853455,-0.04461517930030823,0.3155384063720703,0.7103034257888794,-0.013205423951148987,0.31106507778167725,0.6480553150177002,-0.02736402302980423,0.3100816309452057,0.609120786190033,-0.034801267087459564,0.31025055050849915,0.5759386420249939,-0.03913925215601921,0.3392038345336914,0.7099848389625549,-0.014627325348556042,0.33185988664627075,0.6802952289581299,-0.04513034597039223,0.32986387610435486,0.7264107465744019,-0.05322504788637161,0.33113691210746765,0.7645998001098633,-0.05023118853569031,0.3624717891216278,0.712770938873291,-0.017946621403098106,0.3556424677371979,0.6852189302444458,-0.04572077468037605,0.3511444330215454,0.7271791696548462,-0.04325432330369949,0.3490847945213318,0.7581074833869934,-0.032404132187366486,0.38644278049468994,0.7164053916931152,-0.022262541577219963,0.3872855603694916,0.6669754981994629,-0.03686753660440445,0.38687989115715027,0.6389808058738708,-0.03555789217352867,0.38525763154029846,0.6094902753829956,-0.030186595395207405
0.36409977078437805,0.8420875072479248,-6.61624426356866e-08,0.3217310607433319,0.832879364490509,-0.014966655522584915,0.28400617837905884,0.792729377746582,-0.02431442216038704,0.25942444801330566,0.7578863501548767,-0.03444991260766983,0.23594704270362854,0.7389721870422363,-0.04436526075005531,0.31675976514816284,0.7101510167121887,-0.013216337189078331,0.3121885359287262,0.647782564163208,-0.027722885832190514,0.311761736869812,0.6090706586837769,-0.035497914999723434,0.31257471442222595,0.575873076915741,-0.04002593457698822,0.34054192900657654,0.7098892331123352,-0.014726576395332813,0.332859605550766,0.6803025007247925,-0.04563124105334282,0.3307192921638489,0.7267913222312927,-0.05397079885005951,0.3319208323955536,0.7652496099472046,-0.05111673101782799,0.3638572096824646,0.7128521203994751,-0.018100807443261147,0.3563553988933563,0.6848562359809875,-0.04606907069683075,0.35186588764190674,0.7274197340011597,-0.04359105974435806,0.3500479757785797,0.7587693929672241,-0.03268600255250931,0.38781821727752686,0.7167132496833801,-0.022453874349594116,0.3889986574649811,0.6672686338424683,-0.03714427351951599,0.3884426951408386,0.6391734480857849,-0.03591476008296013,0.3866475224494934,0.6095075607299805,-0.030588606372475624
0.364176869392395,0.8446884751319885,-7.19650827818441e-08,0.32203322649002075,0.8353576064109802,-0.014500631019473076,0.2843971252441406,0.7948919534683228,-0.023363163694739342,0.26019778847694397,0.7603453397750854,-0.03312304615974426,0.2370901256799698,0.7416036128997803,-0.04269136115908623,0.316162109375,0.7120926976203918,-0.012461801990866661,0.31137266755104065,0.6502652764320374,-0.026766972616314888,0.3104248046875,0.6114097237586975,-0.0343058742582798,0.31074029207229614,0.5779128074645996,-0.03864129260182381,0.3401276469230652,0.7117118239402771,-0.014195600524544716,0.3324199616909027,0.6831385493278503,-0.04522040858864784,0.33055049180984497,0.7298537492752075,-0.05366658419370651,0.3319244980812073,0.7686507105827332,-0.050733163952827454,0.363509863615036,0.7145622968673706,-0.017759764567017555,0.35611388087272644,0.6879704594612122,-0.04594757407903671,0.35160425305366516,0.7305044531822205,-0.043784696608781815,0.3497331142425537,0.7620659470558167,-0.032909244298934937,0.3876105844974518,0.7183999419212341,-0.022242341190576553,0.38873785734176636,0.668586790561676,-0.03694276884198189,0.3882506191730499,0.6401419043540955,-0.03579067438840866,0.3864254355430603,0.6106054186820984,-0.03044538013637066
0.36309516429901123,0.8474593758583069,-7.531341594813057e-08,0.3210592269897461,0.8379608988761902,-0.014585207216441631,0.28337597846984863,0.7971714735031128,-0.023319736123085022,0.2594916522502899,0.7626453042030334,-0.03280995413661003,0.23689453303813934,0.7440639734268188,-0.042080480605363846,0.31461817026138306,0.7140293121337891,-0.013177260756492615,0.3095155656337738,0.6520081758499146,-0.02733689919114113,0.30846694111824036,0.6132277846336365,-0.03472452238202095,0.30854150652885437,0.5795811414718628,-0.0390140563249588,0.33874616026878357,0.7135196924209595,-0.01477951928973198,0.3310495913028717,0.6857345700263977,-0.045684441924095154,0.3295181393623352,0.733041524887085,-0.053973715752363205,0.3309836983680725,0.7718912363052368,-0.05098031461238861,0.36233454942703247,0.7166309356689453,-0.018147604539990425,0.35512587428092957,0.691130518913269,-0.04634064435958862,0.3505692183971405,0.7342478036880493,-0.04416162893176079,0.34831467270851135,0.7659249901771545,-0.0333099402487278,0.3865032494068146,0.7208916544914246,-0.0224076509475708,0.3880273401737213,0.6709047555923462,-0.03731139004230499,0.3878158926963806,0.6420379877090454,-0.03628348559141159,0.38600078225135803,0.6118007302284241,-0.031021589413285255
0.36380401253700256,0.847614049911499,-7.668177914865737e-08,0.3216457664966583,0.8379651308059692,-0.014845449477434158,0.2839747667312622,0.7973676919937134,-0.023836521431803703,0.2596656084060669,0.7628554701805115,-0.03357395902276039,0.2368825376033783,0.7436203956604004,-0.043054644018411636,0.3163541555404663,0.7150976657867432,-0.013093486428260803,0.3104926347732544,0.6535570621490479,-0.0276249498128891,0.3094148337841034,0.6147883534431458,-0.03535795584321022,0.30970484018325806,0.5810873508453369,-0.039854247123003006,0.3403189778327942,0.7143219113349915,-0.014661603607237339,0.33192455768585205,0.6854346990585327,-0.04588144272565842,0.3301086127758026,0.7329580187797546,-0.05421656742691994,0.331570565700531,0.7724895477294922,-0.051160622388124466,0.36377158761024475,0.7170329093933105,-0.01808897778391838,0.3558260202407837,0.6900957822799683,-0.04633417725563049,0.3514428734779358,0.7332533001899719,-0.04389647766947746,0.34975647926330566,0.7653437256813049,-0.03282194212079048,0.38786932826042175,0.7208712100982666,-0.022497087717056274,0.38932332396507263,0.6709988713264465,-0.03737744688987732,0.3891043961048126,0.6423009634017944,-0.03634520620107651,0.38744357228279114,0.6123018860816956,-0.03108838200569153
0.3634026050567627,0.84727543592453,-7.132910440077467e-08,0.3213489353656769,0.8380737900733948,-0.015142257325351238,0.2841866910457611,0.7977476716041565,-0.024443525820970535,0.26011770963668823,0.762939989566803,-0.03450053930282593,0.23652425408363342,0.7444230914115906,-0.044398460537195206,0.31566721200942993,0.7153549194335938,-0.013974377885460854,0.3101921081542969,0.6526245474815369,-0.028508128598332405,0.30877768993377686,0.6135857105255127,-0.035958144813776016,0.3087446987628937,0.5800597667694092,-0.040214862674474716,0.3395364582538605,0.7150702476501465,-0.015518628060817719,0.3320884704589844,0.6861605048179626,-0.04675203561782837,0.32947999238967896,0.7329708933830261,-0.054975930601358414,0.3301457464694977,0.7722194194793701,-0.05191092565655708,0.3629642724990845,0.7178868651390076,-0.018937785178422928,0.3553442358970642,0.6916696429252625,-0.04744366556406021,0.3504655957221985,0.7347016930580139,-0.04522985219955444,0.34832242131233215,0.7665613293647766,-0.034331128001213074,0.3871990442276001,0.7214270234107971,-0.02333000674843788,0.38868728280067444,0.671052873134613,-0.03847917169332504,0.38848668336868286,0.642109215259552,-0.0375906303524971,0.38683223724365234,0.6120515465736389,-0.032449837774038315
0.36714595556259155,0.8441256284713745,-6.134203545116179e-08,0.3240433931350708,0.8348524570465088,-0.015637198463082314,0.28537049889564514,0.7944016456604004,-0.02543436549603939,0.25953295826911926,0.7592524290084839,-0.035832036286592484,0.23468658328056335,0.7405946850776672,-0.045913513749837875,0.31828945875167847,0.7112259864807129,-0.014152232557535172,0.31387001276016235,0.6481599807739258,-0.028118422254920006,0.3128872215747833,0.6094093322753906,-0.03532594069838524,0.31293785572052,0.5764011144638062,-0.039663590490818024,0.34220364689826965,0.7110703587532043,-0.015522997826337814,0.3362979590892792,0.6814897656440735,-0.04583316296339035,0.33471131324768066,0.7277289032936096,-0.053843751549720764,0.33597517013549805,0.7658973336219788,-0.051033273339271545,0.3658837080001831,0.7139257788658142,-0.01877441257238388,0.3598575294017792,0.686631977558136,-0.04615401476621628,0.35520613193511963,0.728253185749054,-0.04376157745718956,0.35279732942581177,0.7586743831634521,-0.033335983753204346,0.38994911313056946,0.7175912857055664,-0.023075126111507416,0.39109763503074646,0.6677011251449585,-0.037630826234817505,0.3907620310783386,0.6394151449203491,-0.0365421362221241,0.3891960680484772,0.6097449064254761,-0.03152887150645256
0.368208110332489,0.8458221554756165,-5.760242416386063e-08,0.3251248598098755,0.8363646268844604,-0.01609036885201931,0.28712916374206543,0.7963297367095947,-0.02595837228000164,0.26162609457969666,0.7622448801994324,-0.036324791610240936,0.2373131811618805,0.7431192994117737,-0.046398062258958817,0.31961825489997864,0.7117124795913696,-0.01465614140033722,0.3155517876148224,0.6490544080734253,-0.02893528901040554,0.3151961863040924,0.6104668974876404,-0.03659595176577568,0.31590452790260315,0.5771243572235107,-0.041231125593185425,0.3435803949832916,0.7119773626327515,-0.015772856771945953,0.33836618065834045,0.6823824048042297,-0.04636365547776222,0.3369182050228119,0.7283949255943298,-0.054717302322387695,0.3383323550224304,0.7661325931549072,-0.052117183804512024,0.3673393130302429,0.7152579426765442,-0.018795045092701912,0.3622077405452728,0.6877595782279968,-0.04664403945207596,0.3572882115840912,0.7302801012992859,-0.044314149767160416,0.35453224182128906,0.7611039280891418,-0.03379379212856293,0.3912838101387024,0.719336748123169,-0.02286837436258793,0.3931354880332947,0.6695688366889954,-0.03792259469628334,0.3928767740726471,0.6415539979934692,-0.036816176027059555,0.3911416530609131,0.6114338040351868,-0.03166736662387848
0.36827751994132996,0.8466811180114746,-4.990513957636722e-08,0.32497066259384155,0.8368539810180664,-0.01775462180376053,0.28675544261932373,0.7953854203224182,-0.028596552088856697,0.2594943642616272,0.7606547474861145,-0.039695028215646744,0.2333051860332489,0.7425675988197327,-0.05049552395939827,0.3200550675392151,0.7121687531471252,-0.01593317836523056,0.31592297554016113,0.649499237537384,-0.030667636543512344,0.31547173857688904,0.6104062795639038,-0.03851405531167984,0.31613749265670776,0.5765492916107178,-0.04328715801239014,0.3440929651260376,0.7121368646621704,-0.01645754463970661,0.33893251419067383,0.6838895082473755,-0.047747861593961716,0.33756187558174133,0.7305293679237366,-0.056333720684051514,0.338929146528244,0.768334686756134,-0.05377062037587166,0.3680219054222107,0.7155606150627136,-0.019025109708309174,0.3629623353481293,0.6890104413032532,-0.04761644825339317,0.35794907808303833,0.731418788433075,-0.045489173382520676,0.35478103160858154,0.7620782256126404,-0.034919071942567825,0.39205724000930786,0.7198110818862915,-0.02274639904499054,0.3936759829521179,0.6699994206428528,-0.03809277340769768,0.39365148544311523,0.6421100497245789,-0.03701719641685486,0.3919219672679901,0.612322211265564,-0.031818632036447525
0.3677403926849365,0.8467594385147095,-4.866469893727299e-08,0.32442545890808105,0.8370911478996277,-0.017728030681610107,0.2864564061164856,0.7959650754928589,-0.02828029729425907,0.259787380695343,0.7618086338043213,-0.039071373641490936,0.2342207133769989,0.7434462308883667,-0.04955833777785301,0.3195900022983551,0.7125402688980103,-0.015393232926726341,0.31542477011680603,0.6498967409133911,-0.02956441044807434,0.3150990307331085,0.6111868023872375,-0.03693131357431412,0.3160778284072876,0.5780040621757507,-0.041274815797805786,0.3437807857990265,0.7128658294677734,-0.015702053904533386,0.3382743299007416,0.6851192116737366,-0.04615364223718643,0.336637020111084,0.7306134104728699,-0.05448202043771744,0.33830374479293823,0.7678630948066711,-0.05184256285429001,0.3677574694156647,0.7163236737251282,-0.01806904561817646,0.36210209131240845,0.6904194355010986,-0.04628603160381317,0.3569125831127167,0.733250081539154,-0.044234346598386765,0.3540777266025543,0.7638565897941589,-0.03371826559305191,0.3918103873729706,0.7203009128570557,-0.021560629829764366,0.3934173583984375,0.6705320477485657,-0.036655157804489136,0.3931998014450073,0.6425809264183044,-0.03551456704735756,0.39142635464668274,0.6123473048210144,-0.03028317168354988
0.3673872649669647,0.8464158773422241,-5.173427197746605e-08,0.3249283730983734,0.8370828032493591,-0.017289457842707634,0.2868785560131073,0.7965806126594543,-0.027780681848526,0.26042696833610535,0.76303631067276,-0.038709625601768494,0.23541469871997833,0.745045006275177,-0.049316976219415665,0.3191530108451843,0.7126783728599548,-0.01511741615831852,0.31498080492019653,0.6503124237060547,-0.0297167357057333,0.3144322633743286,0.6115427017211914,-0.03723929822444916,0.31498366594314575,0.5780231356620789,-0.04162493348121643,0.34340643882751465,0.7128123641014099,-0.015821775421500206,0.33803725242614746,0.6849762201309204,-0.04718095436692238,0.33672165870666504,0.7317841649055481,-0.05560547113418579,0.3382728397846222,0.7697116732597351,-0.052730221301317215,0.3673923909664154,0.7161852717399597,-0.01858648844063282,0.36192360520362854,0.689705491065979,-0.04767083004117012,0.35727232694625854,0.7328652739524841,-0.045644763857126236,0.3547544479370117,0.7638989090919495,-0.03478395193815231,0.39135676622390747,0.7202690243721008,-0.022423680871725082,0.3931196928024292,0.6702809929847717,-0.03791538253426552,0.39277857542037964,0.6421428322792053,-0.036870092153549194,0.3907272219657898,0.6118519306182861,-0.03154211491346359
0.36788880825042725,0.8457010388374329,-5.314997508776287e-08,0.32543694972991943,0.8361985683441162,-0.017198147252202034,0.2874886095523834,0.7959445714950562,-0.027777381241321564,0.2611885070800781,0.7625532150268555,-0.038778580725193024,0.23621222376823425,0.7446827292442322,-0.0494190938770771,0.31960639357566833,0.7117606401443481,-0.015313556417822838,0.3153199255466461,0.6495253443717957,-0.029854845255613327,0.31475523114204407,0.6108804941177368,-0.037346791476011276,0.3151973485946655,0.5774872899055481,-0.04176740720868111,0.3438281714916229,0.7115939855575562,-0.01606990396976471,0.3381131887435913,0.684459388256073,-0.04730093851685524,0.3366469144821167,0.7314428687095642,-0.05552034080028534,0.3379969298839569,0.7696900963783264,-0.052600014954805374,0.3676571249961853,0.7149168252944946,-0.01889059506356716,0.362078458070755,0.688978374004364,-0.047710273414850235,0.357268363237381,0.7316169142723083,-0.04564453661441803,0.3545337915420532,0.762427031993866,-0.03494303300976753,0.39151903986930847,0.7189590334892273,-0.022796375676989555,0.3932816684246063,0.6694005131721497,-0.038141846656799316,0.3929705321788788,0.6414436101913452,-0.037174999713897705,0.39097777009010315,0.6114587783813477,-0.03202104568481445
0.36850884556770325,0.8455488681793213,-5.341281195114789e-08,0.325605183839798,0.8357096910476685,-0.016964441165328026,0.28750479221343994,0.7954920530319214,-0.027419060468673706,0.2609821557998657,0.7625461220741272,-0.0384458564221859,0.23624014854431152,0.7444902062416077,-0.049138158559799194,0.3201082944869995,0.7110697031021118,-0.014329792931675911,0.31593650579452515,0.6488395929336548,-0.02862635627388954,0.31527552008628845,0.6104522347450256,-0.03579940274357796,0.3156577944755554,0.5772973299026489,-0.03990325704216957,0.34417110681533813,0.7112091183662415,-0.015133124776184559,0.3379915952682495,0.6828919649124146,-0.04631172865629196,0.33684372901916504,0.7302284240722656,-0.05441588535904884,0.33887895941734314,0.7684829235076904,-0.051172900944948196,0.36785921454429626,0.7146365642547607,-0.0180137287825346,0.36147341132164,0.6880409121513367,-0.04687512293457985,0.357019305229187,0.7320445775985718,-0.04456878453493118,0.3551456034183502,0.7634057998657227,-0.033400874584913254,0.391643762588501,0.7189508080482483,-0.02198050357401371,0.39322593808174133,0.669079065322876,-0.03723251447081566,0.3927602469921112,0.6408316493034363,-0.03611471503973007,0.39092355966567993,0.6102657914161682,-0.030700204893946648
0.36921796202659607,0.8452216982841492,-5.592004725940569e-08,0.3264760971069336,0.8360010385513306,-0.01631425879895687,0.2887918949127197,0.7964118123054504,-0.02626282535493374,0.2642095685005188,0.7632790207862854,-0.03669063374400139,0.24113890528678894,0.7448096871376038,-0.046722255647182465,0.3216976821422577,0.711700439453125,-0.01448562741279602,0.31728771328926086,0.6491202712059021,-0.028463516384363174,0.3168058395385742,0.6102768182754517,-0.0358869768679142,0.3171345293521881,0.5768232941627502,-0.04031955078244209,0.34567344188690186,0.7122244238853455,-0.015449325554072857,0.3400416672229767,0.683463990688324,-0.04589833319187164,0.33774271607398987,0.7296579480171204,-0.05413786694407463,0.3385774791240692,0.7677777409553528,-0.05134408175945282,0.36916419863700867,0.7157425880432129,-0.018333537504076958,0.36358946561813354,0.6881191730499268,-0.04613132029771805,0.35798540711402893,0.7309219241142273,-0.04381439462304115,0.35510534048080444,0.7619855999946594,-0.033128973096609116,0.3927764594554901,0.7199730277061462,-0.022295502945780754,0.3946308195590973,0.6702374815940857,-0.037089988589286804,0.39411240816116333,0.6420316696166992,-0.035926032811403275,0.3923746645450592,0.6114171147346497,-0.030677422881126404
0.3692162036895752,0.8442261219024658,-5.153001936264445e-08,0.3266713619232178,0.8346660137176514,-0.015916209667921066,0.28889256715774536,0.7954227924346924,-0.025804894044995308,0.2638433873653412,0.7630990147590637,-0.03625619411468506,0.2403220534324646,0.7457712888717651,-0.04639427736401558,0.3216289281845093,0.7105610966682434,-0.01453249342739582,0.317559152841568,0.6484622955322266,-0.028704172000288963,0.31727346777915955,0.6095253229141235,-0.036294709891080856,0.3178483843803406,0.5760520100593567,-0.040823228657245636,0.34588679671287537,0.7109541296958923,-0.01572307012975216,0.3404814302921295,0.6823846697807312,-0.046352870762348175,0.3383312523365021,0.728477418422699,-0.05466213449835777,0.3394846022129059,0.7666295170783997,-0.0519094243645668,0.36965686082839966,0.7146276235580444,-0.01879432611167431,0.364485502243042,0.6877003908157349,-0.04684305191040039,0.35881662368774414,0.7303353548049927,-0.044676247984170914,0.35595571994781494,0.7615423798561096,-0.03404505178332329,0.39345842599868774,0.7190826535224915,-0.022876443341374397,0.395393431186676,0.6694160103797913,-0.037906356155872345,0.394866406917572,0.6411924362182617,-0.036833591759204865,0.3931547999382019,0.6109051704406738,-0.03162078559398651
0.36868682503700256,0.8458731770515442,-5.216280030140297e-08,0.325979620218277,0.8358659744262695,-0.01589088700711727,0.28821972012519836,0.7968577146530151,-0.02611611969769001,0.26202669739723206,0.7652889490127563,-0.036949288100004196,0.2379409521818161,0.7489181160926819,-0.0474521666765213,0.3207402229309082,0.7121744751930237,-0.014458167366683483,0.31673526763916016,0.6496497392654419,-0.028811564669013023,0.31659501791000366,0.6106446981430054,-0.03644947335124016,0.3171478807926178,0.5773939490318298,-0.041017625480890274,0.34505534172058105,0.7122042775154114,-0.01571270078420639,0.33925673365592957,0.6850097179412842,-0.04645265266299248,0.338285356760025,0.731894850730896,-0.05448789894580841,0.33996033668518066,0.7701190710067749,-0.05155835300683975,0.3689661920070648,0.7153563499450684,-0.018902413547039032,0.36308810114860535,0.6891840100288391,-0.04670727625489235,0.35849595069885254,0.730983316898346,-0.04413324594497681,0.35612770915031433,0.7615034580230713,-0.033364150673151016,0.3929325342178345,0.7193751931190491,-0.023148328065872192,0.39504554867744446,0.6699230670928955,-0.03787631914019585,0.3947392702102661,0.64223313331604,-0.036516401916742325,0.3926038444042206,0.6125066876411438,-0.03115992434322834
0.36809948086738586,0.8476862907409668,-7.258600476234278e-08,0.3255815804004669,0.8382827639579773,-0.0157622117549181,0.28840547800064087,0.7993752956390381,-0.02521943859755993,0.26497524976730347,0.7660446763038635,-0.035311345010995865,0.24386224150657654,0.7446379661560059,-0.04501846432685852,0.32100480794906616,0.7138437628746033,-0.014167187735438347,0.316350519657135,0.6521658897399902,-0.028312895447015762,0.3157697916030884,0.6139776706695557,-0.03577551245689392,0.31613752245903015,0.5806127786636353,-0.040175747126340866,0.3452850580215454,0.7140547633171082,-0.015427447855472565,0.338933527469635,0.6863787770271301,-0.04626083001494408,0.3374825417995453,0.7336404919624329,-0.054536834359169006,0.33906880021095276,0.7726454734802246,-0.05167904123663902,0.36888182163238525,0.7176259160041809,-0.01862359791994095,0.3635126054286957,0.691598653793335,-0.04697971045970917,0.3580254018306732,0.7350958585739136,-0.044867757707834244,0.3548162579536438,0.767189085483551,-0.0341821014881134,0.392782598733902,0.7222137451171875,-0.022829720750451088,0.3948887884616852,0.6725215911865234,-0.0382220484316349,0.39447763562202454,0.6439893841743469,-0.03743932023644447,0.3923022150993347,0.6137434840202332,-0.03236944228410721
0.36794230341911316,0.847715437412262,-5.7556597710117785e-08,0.3257651627063751,0.837868869304657,-0.016943519935011864,0.288642555475235,0.7998210787773132,-0.02741897664964199,0.264251172542572,0.7673187255859375,-0.03843282163143158,0.24324002861976624,0.7438158392906189,-0.048958130180835724,0.32087934017181396,0.7143734693527222,-0.015265590511262417,0.31680575013160706,0.6536740064620972,-0.030901651829481125,0.31660354137420654,0.6146388649940491,-0.03937177360057831,0.31757670640945435,0.5807186961174011,-0.04412577673792839,0.3449707627296448,0.7141685485839844,-0.016257144510746002,0.33849620819091797,0.6868186593055725,-0.04845605418086052,0.3362872004508972,0.7344444394111633,-0.057066068053245544,0.33727508783340454,0.7740300297737122,-0.05393911898136139,0.36861541867256165,0.7174903750419617,-0.019382433965802193,0.362242728471756,0.6928409337997437,-0.048854388296604156,0.35716769099235535,0.7362567186355591,-0.04685951769351959,0.35477668046951294,0.7681280374526978,-0.035715408623218536,0.3926383852958679,0.7218332886695862,-0.02361871860921383,0.3945377469062805,0.672175407409668,-0.03943468630313873,0.39444828033447266,0.6439212560653687,-0.038572076708078384,0.39282670617103577,0.6143916249275208,-0.033112674951553345
0.3681637644767761,0.8497269153594971,-5.0623125247284406e-08,0.32565033435821533,0.8399237990379333,-0.018442103639245033,0.2891538739204407,0.8010676503181458,-0.029641931876540184,0.2645297050476074,0.7681377530097961,-0.041169438511133194,0.24187177419662476,0.7459311485290527,-0.05219157412648201,0.3207358121871948,0.7155635356903076,-0.016058648005127907,0.31655198335647583,0.6552608609199524,-0.031505484133958817,0.3160490095615387,0.6163893938064575,-0.03957100212574005,0.31666722893714905,0.5823816061019897,-0.044129498302936554,0.34480807185173035,0.7153383493423462,-0.01647581346333027,0.33830782771110535,0.6895344853401184,-0.04894639179110527,0.3369196951389313,0.73785400390625,-0.057634949684143066,0.3387817442417145,0.7766820788383484,-0.054513897746801376,0.36844778060913086,0.7189153432846069,-0.019125305116176605,0.362922340631485,0.6953884959220886,-0.04933546856045723,0.35759788751602173,0.7398949861526489,-0.04749513044953346,0.35466301441192627,0.7718899250030518,-0.03628839552402496,0.39235687255859375,0.723476231098175,-0.022945456206798553,0.3942154049873352,0.6739903092384338,-0.03924468532204628,0.39413490891456604,0.6458317041397095,-0.03845936432480812,0.3923110365867615,0.6157984137535095,-0.0330025739967823
0.3690674901008606,0.8503513932228088,-5.344823250652553e-08,0.32696908712387085,0.8402338027954102,-0.017383834347128868,0.28997915983200073,0.8015490174293518,-0.028099464252591133,0.26591363549232483,0.7687662839889526,-0.0392913818359375,0.24437198042869568,0.7456216812133789,-0.05002240464091301,0.3223813474178314,0.7157756686210632,-0.01586165279150009,0.3181917369365692,0.6548254489898682,-0.031469691544771194,0.31783342361450195,0.6159008741378784,-0.03978338465094566,0.31876257061958313,0.5817948579788208,-0.044487468898296356,0.3462803065776825,0.7158993482589722,-0.016755525022745132,0.3398430049419403,0.6877632737159729,-0.04912884905934334,0.3378726840019226,0.7357150316238403,-0.05766865983605385,0.33940473198890686,0.7751028537750244,-0.05442935228347778,0.36985987424850464,0.7196732759475708,-0.01980329304933548,0.3635784983634949,0.6943943500518799,-0.04947029799222946,0.358171284198761,0.7385581135749817,-0.047436732798814774,0.3556838929653168,0.7706608772277832,-0.036211106926202774,0.3937652111053467,0.7244247198104858,-0.023999905213713646,0.3958359360694885,0.6744412779808044,-0.04011930897831917,0.3957688510417938,0.6460763216018677,-0.039449065923690796,0.39438146352767944,0.6159511804580688,-0.03410819172859192
0.36789262294769287,0.8510532975196838,-6.111950057174909e-08,0.3255727291107178,0.8412387371063232,-0.01601478084921837,0.2883603274822235,0.8024533987045288,-0.025892458856105804,0.2648105025291443,0.7694764733314514,-0.03641539439558983,0.2441411018371582,0.7460759282112122,-0.046407781541347504,0.32057109475135803,0.7181950211524963,-0.014567913487553596,0.31648194789886475,0.6560584306716919,-0.029717545956373215,0.31653597950935364,0.6168230175971985,-0.037816815078258514,0.3175432085990906,0.582996129989624,-0.04239935427904129,0.3444431722164154,0.7179129123687744,-0.015812451019883156,0.33798283338546753,0.690845251083374,-0.04746827110648155,0.335997611284256,0.7387909889221191,-0.05569232627749443,0.3369138538837433,0.7784461975097656,-0.052501171827316284,0.36803439259529114,0.7207417488098145,-0.019124023616313934,0.3616849482059479,0.6948633790016174,-0.047874365001916885,0.3566807806491852,0.7378392219543457,-0.04555927589535713,0.35422006249427795,0.769572913646698,-0.03449719771742821,0.3920746445655823,0.7245175838470459,-0.023518884554505348,0.3940920829772949,0.6747706532478333,-0.039072342216968536,0.39416250586509705,0.6464835405349731,-0.03829041123390198,0.3927633762359619,0.6165999174118042,-0.033003661781549454
0.36704257130622864,0.8531903028488159,-6.650940775898562e-08,0.325626939535141,0.8428141474723816,-0.015930477529764175,0.28823569416999817,0.8030877113342285,-0.026038847863674164,0.26313942670822144,0.7702646255493164,-0.03696224093437195,0.24052056670188904,0.7499479055404663,-0.047482941299676895,0.31975257396698,0.7190007567405701,-0.014224705286324024,0.3149835467338562,0.6558520197868347,-0.028921568766236305,0.3146551847457886,0.6169203519821167,-0.03656718507409096,0.3153274357318878,0.583271861076355,-0.04098761826753616,0.34366804361343384,0.719313383102417,-0.015576700679957867,0.3363984227180481,0.6927778720855713,-0.04720945283770561,0.33496716618537903,0.7411460876464844,-0.055453475564718246,0.3365604877471924,0.7802421450614929,-0.05236292630434036,0.3674536943435669,0.7224507331848145,-0.01892753504216671,0.36042705178260803,0.6952951550483704,-0.04766519367694855,0.3557295799255371,0.7385721206665039,-0.045026808977127075,0.3536239564418793,0.7705559730529785,-0.03380288556218147,0.3913779854774475,0.7267242074012756,-0.02336765266954899,0.3935123383998871,0.6762255430221558,-0.038750872015953064,0.3934698700904846,0.6470149755477905,-0.03770873695611954,0.39196836948394775,0.6161943674087524,-0.03232193738222122
0.3670690357685089,0.8350657820701599,-4.2948137490839144e-08,0.32494547963142395,0.8257318139076233,-0.014639001339673996,0.2871935963630676,0.7888296842575073,-0.024763867259025574,0.26186200976371765,0.7578528523445129,-0.03589235246181488,0.2378453016281128,0.7410746216773987,-0.04682857543230057,0.3181075155735016,0.7037414908409119,-0.013695284724235535,0.3142072856426239,0.6419901251792908,-0.028145842254161835,0.3130592107772827,0.6032298803329468,-0.03606428578495979,0.3132738471031189,0.5702174305915833,-0.04085509851574898,0.3418554961681366,0.7034698724746704,-0.01569180376827717,0.335645854473114,0.6735221147537231,-0.0458618700504303,0.3346657156944275,0.7186119556427002,-0.05440756678581238,0.33670806884765625,0.755761981010437,-0.0520717091858387,0.36588990688323975,0.70622718334198,-0.019481413066387177,0.3605622351169586,0.6779341101646423,-0.046498220413923264,0.3559727668762207,0.7188279032707214,-0.04411918669939041,0.35385003685951233,0.7495856285095215,-0.03377969190478325,0.39031437039375305,0.7105663418769836,-0.024334462359547615,0.3913189172744751,0.6614170074462891,-0.03882617503404617,0.3905583918094635,0.633348286151886,-0.03770814463496208,0.3890751600265503,0.6044493913650513,-0.03258701041340828
0.3697119951248169,0.816195547580719,-6.187438117422062e-08,0.32744598388671875,0.807025671005249,-0.014684179797768593,0.28928855061531067,0.7690176367759705,-0.024029264226555824,0.2643621861934662,0.7368789911270142,-0.03396889567375183,0.24097329378128052,0.7199734449386597,-0.0436520054936409,0.3207327723503113,0.6820926070213318,-0.013770898804068565,0.31647562980651855,0.6201520562171936,-0.027507690712809563,0.3147764503955841,0.5811617970466614,-0.03474061191082001,0.31407684087753296,0.548627495765686,-0.03913217782974243,0.34454578161239624,0.6819945573806763,-0.015398306772112846,0.3376394808292389,0.6507227420806885,-0.04507273808121681,0.33701351284980774,0.6963347792625427,-0.05241823568940163,0.33933547139167786,0.734935998916626,-0.049111150205135345,0.36842426657676697,0.6857150197029114,-0.01880340650677681,0.3619994819164276,0.65776526927948,-0.04549211636185646,0.3579069674015045,0.6993675231933594,-0.04232988879084587,0.3561006784439087,0.7298032641410828,-0.03147372230887413,0.39259040355682373,0.6908003687858582,-0.023216431960463524,0.3940402865409851,0.6417312622070312,-0.03794802725315094,0.39278265833854675,0.6142220497131348,-0.03673035651445389,0.39034488797187805,0.5848228931427002,-0.03153836727142334
0.3677263557910919,0.8116627931594849,-5.175404993451593e-08,0.32487496733665466,0.8022655248641968,-0.015602001920342445,0.2868231534957886,0.7639346718788147,-0.02524469420313835,0.2622535526752472,0.7301468253135681,-0.035453468561172485,0.2380736619234085,0.7118163108825684,-0.04542945325374603,0.3191024363040924,0.678629457950592,-0.01388881728053093,0.3152499496936798,0.6174473166465759,-0.027182459831237793,0.3135039806365967,0.5786861777305603,-0.03392288088798523,0.3128298819065094,0.5460721254348755,-0.038030240684747696,0.34274840354919434,0.6786496639251709,-0.015224538743495941,0.33641380071640015,0.6452746391296387,-0.044546619057655334,0.33495956659317017,0.6899667978286743,-0.05200012028217316,0.3365631699562073,0.7278919816017151,-0.048779867589473724,0.36650198698043823,0.6821767091751099,-0.01840001344680786,0.3608970046043396,0.6528903245925903,-0.04510725289583206,0.3567017912864685,0.6946917176246643,-0.042318955063819885,0.3545738160610199,0.725389838218689,-0.03168604522943497,0.39071863889694214,0.6870244741439819,-0.022694163024425507,0.39187556505203247,0.6380401253700256,-0.03765752166509628,0.3910907804965973,0.6099562644958496,-0.03692244738340378,0.3894632160663605,0.5802048444747925,-0.0321054682135582
0.36533477902412415,0.796364963054657,-4.128905928268978e-08,0.32274362444877625,0.7869223952293396,-0.015423037111759186,0.28525683283805847,0.7483474612236023,-0.025127539411187172,0.2609381079673767,0.7151095271110535,-0.03537331521511078,0.23688432574272156,0.6980938911437988,-0.04537101835012436,0.3172946572303772,0.6647385358810425,-0.014062358066439629,0.3126392960548401,0.604030191898346,-0.02774718962609768,0.3107112944126129,0.5649409294128418,-0.034770313650369644,0.31029874086380005,0.5324211716651917,-0.03896151855587959,0.34044942259788513,0.6642125844955444,-0.015354081057012081,0.33334487676620483,0.6303015351295471,-0.044080574065446854,0.3318883180618286,0.6736835837364197,-0.050795286893844604,0.33375227451324463,0.7109392881393433,-0.04715680330991745,0.36399608850479126,0.6675825715065002,-0.018554171547293663,0.357455313205719,0.6382415890693665,-0.04454079642891884,0.35355618596076965,0.6795413494110107,-0.04119236767292023,0.351985901594162,0.7099592089653015,-0.030299343168735504,0.38795268535614014,0.6726276874542236,-0.02294532209634781,0.3888549506664276,0.6241605281829834,-0.037465956062078476,0.38761836290359497,0.596656858921051,-0.036510810256004333,0.38578835129737854,0.5678512454032898,-0.03158725053071976
0.36368295550346375,0.7913761138916016,-5.0212289437467916e-08,0.32148265838623047,0.782077431678772,-0.015194667503237724,0.28391414880752563,0.7439486980438232,-0.02479051612317562,0.25926023721694946,0.7113021016120911,-0.03498784825205803,0.2349524199962616,0.6951844692230225,-0.04496195912361145,0.31501904129981995,0.6599277257919312,-0.013715430162847042,0.31054410338401794,0.5999330878257751,-0.027706239372491837,0.3087272644042969,0.5618487596511841,-0.03495098277926445,0.30848386883735657,0.5297565460205078,-0.03929467871785164,0.3383461833000183,0.6591461300849915,-0.015156202018260956,0.3323708176612854,0.6248471736907959,-0.04423781856894493,0.3318948745727539,0.6687251925468445,-0.0509936586022377,0.33384913206100464,0.7061806917190552,-0.047295086085796356,0.3620709478855133,0.6623109579086304,-0.01853586919605732,0.35677242279052734,0.632040798664093,-0.04469253122806549,0.35425618290901184,0.6728963851928711,-0.04123900085687637,0.3530450761318207,0.7030454874038696,-0.030255861580371857,0.38608482480049133,0.6672968864440918,-0.0230831578373909,0.3871753513813019,0.619478166103363,-0.037656139582395554,0.38597434759140015,0.5928696990013123,-0.03662518411874771,0.38370493054389954,0.564556360244751,-0.03165344148874283
0.36568841338157654,0.7872945070266724,-4.6569212486247125e-08,0.3227598965167999,0.7782551050186157,-0.015327413566410542,0.285638689994812,0.7402844429016113,-0.024779798462986946,0.26120901107788086,0.7073702812194824,-0.03474174812436104,0.23734334111213684,0.6911976933479309,-0.044458769261837006,0.31735101342201233,0.6570281982421875,-0.013281098566949368,0.3125724494457245,0.5973758101463318,-0.02685965970158577,0.31075599789619446,0.5592936873435974,-0.03404277563095093,0.3104487657546997,0.5272701382637024,-0.038397032767534256,0.34065988659858704,0.656082034111023,-0.014480916783213615,0.33421117067337036,0.6223134994506836,-0.043171193450689316,0.3336656987667084,0.665136992931366,-0.050201404839754105,0.33596140146255493,0.7023476362228394,-0.04677620157599449,0.36413905024528503,0.6591299772262573,-0.017577219754457474,0.35806965827941895,0.6300948262214661,-0.04318782687187195,0.3552529513835907,0.6700043678283691,-0.04006219655275345,0.3542841076850891,0.6995372176170349,-0.029419757425785065,0.387899786233902,0.6638309955596924,-0.021853476762771606,0.38877740502357483,0.6165310144424438,-0.03589637577533722,0.38728636503219604,0.5903581380844116,-0.03476237133145332,0.38493990898132324,0.5626311302185059,-0.029785430058836937
0.366495817899704,0.7946295142173767,-6.397927165835426e-08,0.32386335730552673,0.7851845622062683,-0.014219735749065876,0.2863862216472626,0.7473835349082947,-0.023091226816177368,0.26250725984573364,0.7148796916007996,-0.03270050510764122,0.23943987488746643,0.6985459923744202,-0.04206601902842522,0.31798556447029114,0.662158191204071,-0.01204128097742796,0.3134215176105499,0.6022306084632874,-0.02521645836532116,0.31207406520843506,0.5647573471069336,-0.03214964270591736,0.3121308982372284,0.533233642578125,-0.03638678044080734,0.3413673937320709,0.6615418195724487,-0.01377490907907486,0.3352508246898651,0.6284352540969849,-0.04220939800143242,0.33454254269599915,0.6721993088722229,-0.049157269299030304,0.3362463414669037,0.7097463011741638,-0.04578516259789467,0.3648553490638733,0.6647642254829407,-0.017368841916322708,0.35918954014778137,0.6353100538253784,-0.04279480502009392,0.35643818974494934,0.6753671169281006,-0.03958187997341156,0.35529404878616333,0.7049631476402283,-0.02901814877986908,0.388713538646698,0.6698552966117859,-0.02205766923725605,0.3901200294494629,0.6225208044052124,-0.03618358075618744,0.38879701495170593,0.5961530208587646,-0.03516997769474983,0.38637346029281616,0.5679985880851746,-0.030320672318339348
0.3681252896785736,0.7979345321655273,-6.779834649250915e-08,0.3251858651638031,0.7882978916168213,-0.013997884467244148,0.2876666188240051,0.7493560910224915,-0.02267296425998211,0.2635273039340973,0.7157536149024963,-0.032103367149829865,0.2396712303161621,0.7003885507583618,-0.041366588324308395,0.32057735323905945,0.6650781631469727,-0.011810646392405033,0.3161892294883728,0.6052184700965881,-0.02471267431974411,0.3146373927593231,0.5677711963653564,-0.03141277655959129,0.3143353760242462,0.5364170074462891,-0.035561949014663696,0.34402579069137573,0.6645194888114929,-0.013515181839466095,0.3379567861557007,0.6320271492004395,-0.04153110086917877,0.337307333946228,0.6755349636077881,-0.04830644279718399,0.3391009271144867,0.7127195596694946,-0.04502797871828079,0.36748364567756653,0.6678203344345093,-0.017049700021743774,0.36157846450805664,0.63899827003479,-0.04239097982645035,0.3585945665836334,0.6793286204338074,-0.03921172395348549,0.35731038451194763,0.7091259360313416,-0.028786204755306244,0.3913554847240448,0.6728001832962036,-0.021616999059915543,0.3930424451828003,0.6253488659858704,-0.03571400046348572,0.3918113112449646,0.5990594029426575,-0.03467419743537903,0.38929152488708496,0.571069061756134,-0.02989930659532547
0.3687766492366791,0.8032257556915283,-6.192766477397527e-08,0.3264496922492981,0.7939695119857788,-0.015214950777590275,0.289192795753479,0.7551543712615967,-0.024379579350352287,0.2650544047355652,0.7222003936767578,-0.034087780863046646,0.2413868010044098,0.7050859928131104,-0.043574146926403046,0.321321964263916,0.6701967716217041,-0.012956716120243073,0.31722378730773926,0.6105373501777649,-0.02647220902144909,0.3159140348434448,0.5726677775382996,-0.03333740681409836,0.3160136044025421,0.5407140851020813,-0.037349022924900055,0.34477776288986206,0.6701120734214783,-0.014256524853408337,0.338441401720047,0.6377667188644409,-0.043575186282396317,0.3366605043411255,0.6824047565460205,-0.05074186250567436,0.33800965547561646,0.7203887701034546,-0.04706966131925583,0.3681134581565857,0.6741120219230652,-0.017459966242313385,0.3624494969844818,0.6464407444000244,-0.04423674941062927,0.35866308212280273,0.6877276301383972,-0.04147369787096977,0.35693949460983276,0.7176239490509033,-0.030559130012989044,0.39196711778640747,0.6797389388084412,-0.021693620830774307,0.3935874104499817,0.6318053007125854,-0.036324530839920044,0.3926941752433777,0.6051635146141052,-0.035231880843639374,0.39076733589172363,0.5766397714614868,-0.02999991364777088
0.36846667528152466,0.8067634701728821,-7.286695336006233e-08,0.32569533586502075,0.797211766242981,-0.014224663376808167,0.2884689271450043,0.757468044757843,-0.022600475698709488,0.26518240571022034,0.7237231731414795,-0.031685084104537964,0.242283433675766,0.7060278654098511,-0.040531501173973083,0.32179948687553406,0.6725291013717651,-0.011668103747069836,0.31789258122444153,0.6126660108566284,-0.025136427953839302,0.3166339695453644,0.574694037437439,-0.03206430375576019,0.3167567253112793,0.5426995754241943,-0.03617830574512482,0.3454468250274658,0.6724145412445068,-0.013439611531794071,0.3386583924293518,0.6399229764938354,-0.042858805507421494,0.3363952040672302,0.6853079199790955,-0.05011839419603348,0.3375908136367798,0.7238545417785645,-0.04652278497815132,0.36878830194473267,0.6764600872993469,-0.017088450491428375,0.3625856339931488,0.6482774019241333,-0.04380302131175995,0.35819604992866516,0.6888458132743835,-0.041042428463697433,0.35648638010025024,0.7185729146003723,-0.03021366335451603,0.3924053907394409,0.6822597980499268,-0.021714165806770325,0.39458850026130676,0.6339506506919861,-0.03644536808133125,0.3938538432121277,0.6069108247756958,-0.03549989312887192,0.3922583758831024,0.5784029960632324,-0.030406644567847252
0.3673713803291321,0.8122950196266174,-7.413483871232529e-08,0.3244573771953583,0.8027439117431641,-0.014907106757164001,0.2866320013999939,0.7630515694618225,-0.023673653602600098,0.2623478174209595,0.7289234399795532,-0.033017586916685104,0.23882582783699036,0.7105104327201843,-0.04210389032959938,0.31969767808914185,0.6778353452682495,-0.012698793783783913,0.31564104557037354,0.617531955242157,-0.026137011125683784,0.31426435708999634,0.5794541835784912,-0.03297187387943268,0.31414833664894104,0.5474646091461182,-0.03706437349319458,0.3436111509799957,0.6778240203857422,-0.014162061735987663,0.33644193410873413,0.6457038521766663,-0.04351634532213211,0.3343047499656677,0.6914831399917603,-0.050631944090127945,0.3355625569820404,0.7303934693336487,-0.04707777127623558,0.3673894703388214,0.6820092797279358,-0.017533456906676292,0.36087584495544434,0.6539727449417114,-0.044407714158296585,0.3564731776714325,0.6955845355987549,-0.041472017765045166,0.3545803427696228,0.7260240912437439,-0.0305918101221323,0.39156901836395264,0.6876224875450134,-0.021910738199949265,0.3932877779006958,0.63895583152771,-0.03679417446255684,0.39233389496803284,0.6118775606155396,-0.03579937294125557,0.39041024446487427,0.5830458998680115,-0.03073442168533802
0.36756354570388794,0.8129809498786926,-7.603554763591092e-08,0.3247927725315094,0.8031474351882935,-0.014415641315281391,0.28698667883872986,0.763106107711792,-0.022974565625190735,0.2627458870410919,0.7292689085006714,-0.032281458377838135,0.23955562710762024,0.7106969356536865,-0.04141049087047577,0.32022038102149963,0.6777270436286926,-0.011979933828115463,0.3159339725971222,0.6177021861076355,-0.025254663079977036,0.31467339396476746,0.5798841118812561,-0.032014816999435425,0.3148711323738098,0.5478880405426025,-0.0360490083694458,0.3438359797000885,0.6778498291969299,-0.013677196577191353,0.33619144558906555,0.645768940448761,-0.04299880191683769,0.3339945375919342,0.6917330026626587,-0.05013590678572655,0.33553650975227356,0.7305994629859924,-0.04652067646384239,0.3673246502876282,0.6821185350418091,-0.01725091226398945,0.3603701591491699,0.6540764570236206,-0.044011425226926804,0.35612431168556213,0.6960737109184265,-0.0410093329846859,0.3546903431415558,0.7267075181007385,-0.030024129897356033,0.39122867584228516,0.6880244016647339,-0.021832389757037163,0.3931191563606262,0.6392320990562439,-0.036695174872875214,0.39223647117614746,0.611747145652771,-0.03576803579926491,0.39058855175971985,0.5826852917671204,-0.030701404437422752
0.36559540033340454,0.8142927289009094,-7.053515105326369e-08,0.3226493299007416,0.8052364587783813,-0.014893502928316593,0.28487205505371094,0.7654153108596802,-0.0235078576952219,0.2609580159187317,0.731562614440918,-0.03267666697502136,0.23804405331611633,0.7129195928573608,-0.041628822684288025,0.31850290298461914,0.6801164746284485,-0.012667051516473293,0.3137866258621216,0.6199760437011719,-0.025917597115039825,0.3124440908432007,0.5816754698753357,-0.032576922327280045,0.3127090632915497,0.5496141910552979,-0.036469727754592896,0.3422480821609497,0.6801139116287231,-0.014066058211028576,0.3342556953430176,0.648166298866272,-0.04327801614999771,0.3314545452594757,0.6932018995285034,-0.050334520637989044,0.33291807770729065,0.7320665121078491,-0.046655699610710144,0.3656938970088959,0.6843413710594177,-0.017366725951433182,0.35849684476852417,0.6570596098899841,-0.04415016621351242,0.35369032621383667,0.6990394592285156,-0.04130164533853531,0.3521014153957367,0.729661762714386,-0.03038204461336136,0.38951995968818665,0.6901265382766724,-0.0216890349984169,0.3913412392139435,0.6412889957427979,-0.03663568198680878,0.39049822092056274,0.6134362816810608,-0.03587184101343155,0.3890067934989929,0.583814799785614,-0.03089454211294651
0.3662085235118866,0.8134711980819702,-7.355323106139622e-08,0.32329803705215454,0.8040321469306946,-0.01470248680561781,0.28543171286582947,0.7636203169822693,-0.023611709475517273,0.2610951066017151,0.7291274666786194,-0.033220935612916946,0.2377782016992569,0.7099720239639282,-0.0425492487847805,0.3187563121318817,0.679476261138916,-0.012670109048485756,0.31391966342926025,0.6181294322013855,-0.026340782642364502,0.3124980628490448,0.5794311165809631,-0.033304885029792786,0.3126899302005768,0.5469403266906738,-0.037493154406547546,0.34198880195617676,0.6793321967124939,-0.014234800823032856,0.3336777985095978,0.6467821002006531,-0.04372449591755867,0.33105239272117615,0.6931387782096863,-0.05061189457774162,0.3324460983276367,0.7316005825996399,-0.04690369591116905,0.36540016531944275,0.6828998327255249,-0.01773296482861042,0.3585852384567261,0.6528207659721375,-0.0444142185151577,0.3536141812801361,0.6943997144699097,-0.040978942066431046,0.3516940176486969,0.7248172760009766,-0.02984996885061264,0.3892860412597656,0.6883562803268433,-0.02233407460153103,0.3912346065044403,0.639186680316925,-0.037421680986881256,0.3903309106826782,0.6109890937805176,-0.0366988405585289,0.389033704996109,0.5811319351196289,-0.031786203384399414
0.36693525314331055,0.8121341466903687,-6.820017972586356e-08,0.3238064646720886,0.8023338913917542,-0.015049399808049202,0.28621333837509155,0.7624151110649109,-0.02393573895096779,0.2618022561073303,0.7282626628875732,-0.033430397510528564,0.2384152114391327,0.7098879814147949,-0.0426575131714344,0.31936487555503845,0.6779269576072693,-0.012347073294222355,0.3149155378341675,0.6168848872184753,-0.025585271418094635,0.31350377202033997,0.5784469246864319,-0.03231658414006233,0.31350570917129517,0.5461564660072327,-0.03631297126412392,0.3428446352481842,0.6776643991470337,-0.013592385686933994,0.3348821699619293,0.6452388763427734,-0.042710624635219574,0.33277642726898193,0.6909894347190857,-0.049748923629522324,0.3343399167060852,0.7298601269721985,-0.04609895870089531,0.3663930296897888,0.6811434626579285,-0.016754023730754852,0.3592410087585449,0.6518827676773071,-0.04332982003688812,0.3549489974975586,0.6940426826477051,-0.040196776390075684,0.3534182012081146,0.725078821182251,-0.02913673222064972,0.39038577675819397,0.6862346529960632,-0.02098807692527771,0.3920482099056244,0.6374150514602661,-0.035694390535354614,0.3912011682987213,0.6100601553916931,-0.03473595529794693,0.3895927965641022,0.5809425115585327,-0.02964034117758274
0.36754611134529114,0.8109034895896912,-7.198510587613782e-08,0.3246389329433441,0.801337718963623,-0.014888572506606579,0.28696948289871216,0.7612783908843994,-0.023518932983279228,0.2626456022262573,0.7271822690963745,-0.03266969323158264,0.23902198672294617,0.7095339894294739,-0.041621483862400055,0.32001638412475586,0.6768208742141724,-0.01252251397818327,0.3155774176120758,0.6165345907211304,-0.025750672444701195,0.3140738606452942,0.5781134366989136,-0.0324656181037426,0.31404373049736023,0.5459004640579224,-0.0364462174475193,0.3436817526817322,0.6766238808631897,-0.013757473789155483,0.3364088535308838,0.6439648270606995,-0.04272279143333435,0.33429187536239624,0.6894162893295288,-0.04955500736832619,0.33564168214797974,0.7284642457962036,-0.04577787220478058,0.36717715859413147,0.6805503964424133,-0.0168747715651989,0.3604448437690735,0.6522372364997864,-0.0434022918343544,0.3562745749950409,0.6944290399551392,-0.04023602977395058,0.35464465618133545,0.7253850698471069,-0.02916455827653408,0.3910437822341919,0.6859385371208191,-0.021016476675868034,0.39269280433654785,0.63747239112854,-0.03569804131984711,0.39199140667915344,0.610274076461792,-0.034644100815057755,0.3903772830963135,0.581157922744751,-0.029525529593229294
0.3687779903411865,0.8132162690162659,-7.866557893976278e-08,0.3259131908416748,0.8028243184089661,-0.015022962354123592,0.2881285846233368,0.7619894742965698,-0.023782825097441673,0.26379552483558655,0.7271838784217834,-0.033135563135147095,0.2398226261138916,0.7091056108474731,-0.04227904602885246,0.3219914138317108,0.6773157715797424,-0.01239050179719925,0.3176729381084442,0.6169648170471191,-0.025571534410119057,0.31624627113342285,0.5786288976669312,-0.03215310722589493,0.31613582372665405,0.5462363958358765,-0.0360567681491375,0.34570932388305664,0.677452027797699,-0.013716142624616623,0.3382182717323303,0.646517276763916,-0.0431937575340271,0.3358042240142822,0.6929388642311096,-0.05038280040025711,0.3369353115558624,0.7319656014442444,-0.04673513025045395,0.3691696226596832,0.6816068887710571,-0.01694507896900177,0.3628139793872833,0.6539629101753235,-0.04419217258691788,0.3583134710788727,0.6963932514190674,-0.04143931344151497,0.3562398850917816,0.7273337244987488,-0.03044770658016205,0.3930639624595642,0.6872952580451965,-0.021156519651412964,0.3947681486606598,0.6384820938110352,-0.03632016479969025,0.3942161798477173,0.6108431220054626,-0.0355069600045681,0.39277490973472595,0.5813740491867065,-0.030435938388109207
0.36508312821388245,0.8151185512542725,-7.192217310603155e-08,0.3220735192298889,0.8049670457839966,-0.015727005898952484,0.28406447172164917,0.7640746235847473,-0.024987846612930298,0.2596551775932312,0.7292296886444092,-0.034736014902591705,0.23599736392498016,0.7097567915916443,-0.04424532875418663,0.3174227774143219,0.678068995475769,-0.013422103598713875,0.31242600083351135,0.6172423362731934,-0.027120066806674004,0.31078314781188965,0.5784972906112671,-0.03400181233882904,0.3106487989425659,0.545728862285614,-0.037954285740852356,0.34125280380249023,0.6782910227775574,-0.01450406014919281,0.3328522741794586,0.6468180418014526,-0.044600214809179306,0.3295978605747223,0.6939458250999451,-0.05199729651212692,0.3307833969593048,0.7332190275192261,-0.048213839530944824,0.36482465267181396,0.682746410369873,-0.017514169216156006,0.357582151889801,0.6548201441764832,-0.04525028169155121,0.35198262333869934,0.6979045867919922,-0.04266927018761635,0.3496909737586975,0.7291373610496521,-0.03147478029131889,0.3888401985168457,0.6888980865478516,-0.021541820839047432,0.3897092640399933,0.6389192938804626,-0.03686821460723877,0.3885612189769745,0.6106744408607483,-0.03612236678600311,0.38715919852256775,0.5807867050170898,-0.030875632539391518
0.36138394474983215,0.8111864328384399,-7.148345559926383e-08,0.31839627027511597,0.8019619584083557,-0.015336613170802593,0.2802680432796478,0.7615532875061035,-0.024282049387693405,0.2557612359523773,0.7272406816482544,-0.033807460218667984,0.23216749727725983,0.7091491222381592,-0.0430864542722702,0.3131379783153534,0.6763617992401123,-0.01299542561173439,0.30742427706718445,0.6153156757354736,-0.02681143395602703,0.30588671565055847,0.5763368606567383,-0.03387787565588951,0.3059106767177582,0.543379008769989,-0.03800070285797119,0.336668461561203,0.6761489510536194,-0.01422311831265688,0.3279475271701813,0.6444237232208252,-0.044465381652116776,0.32544514536857605,0.6910877823829651,-0.051914945244789124,0.32699087262153625,0.7300076484680176,-0.048200033605098724,0.3600374460220337,0.6797167658805847,-0.0173964761197567,0.3527674973011017,0.6510397791862488,-0.04509503394365311,0.34773093461990356,0.6940628290176392,-0.04240145906805992,0.3456942141056061,0.7254406213760376,-0.0311909057199955,0.38404789566993713,0.6849232316017151,-0.021629786118865013,0.385062575340271,0.635493814945221,-0.0370708666741848,0.38391774892807007,0.6072397828102112,-0.036547090858221054,0.38227012753486633,0.5771389007568359,-0.03150895982980728
0.35750308632850647,0.811515212059021,-7.305718696670738e-08,0.3146577775478363,0.8032217621803284,-0.015342389233410358,0.27588003873825073,0.7635205388069153,-0.024415187537670135,0.25033003091812134,0.7298300266265869,-0.034035105258226395,0.2263515293598175,0.7125527858734131,-0.0434534065425396,0.3086172342300415,0.6776487827301025,-0.012972024269402027,0.30286675691604614,0.6172456741333008,-0.027089891955256462,0.3010554909706116,0.5786670446395874,-0.03451882675290108,0.30092567205429077,0.5460353493690491,-0.03887229785323143,0.33239203691482544,0.6770011782646179,-0.014245417900383472,0.32435959577560425,0.645182728767395,-0.04467904195189476,0.32241082191467285,0.6911168694496155,-0.0524711050093174,0.32433831691741943,0.7300444841384888,-0.048986777663230896,0.3559018075466156,0.6805456876754761,-0.017439650371670723,0.3482418358325958,0.653113842010498,-0.045045580714941025,0.34371259808540344,0.6951271891593933,-0.04253062233328819,0.3422413468360901,0.7257642149925232,-0.03150730952620506,0.37979793548583984,0.6858333945274353,-0.02165359817445278,0.3806164264678955,0.6367830038070679,-0.03661215305328369,0.37907999753952026,0.6091437935829163,-0.035659365355968475,0.37686437368392944,0.5798553824424744,-0.030418185517191887
0.35798782110214233,0.8110200762748718,-7.068932461606892e-08,0.3152616620063782,0.8020515441894531,-0.014308522455394268,0.277313232421875,0.7651675939559937,-0.022647075355052948,0.25309786200523376,0.7349121570587158,-0.031588517129421234,0.23122099041938782,0.71695476770401,-0.04023146256804466,0.30920711159706116,0.6778190732002258,-0.012091509066522121,0.30425596237182617,0.617824137210846,-0.025369903072714806,0.3023591637611389,0.5792924165725708,-0.03234492242336273,0.3015948235988617,0.546865701675415,-0.036401037126779556,0.3331111669540405,0.6773824095726013,-0.013595481403172016,0.32585132122039795,0.6454805135726929,-0.042854923754930496,0.32423684000968933,0.6904801726341248,-0.05040430650115013,0.3260318338871002,0.7297390103340149,-0.04699188470840454,0.35648518800735474,0.6808449625968933,-0.016961723566055298,0.3494802713394165,0.6539294719696045,-0.04362361878156662,0.3451503813266754,0.6963262557983398,-0.04135333374142647,0.3436608612537384,0.7273072600364685,-0.030655160546302795,0.3804633915424347,0.6855869889259338,-0.021271182224154472,0.38165783882141113,0.6366021633148193,-0.03567252308130264,0.3804987072944641,0.6093273758888245,-0.03482953459024429,0.3781557083129883,0.5800669193267822,-0.02974763885140419
0.3544665277004242,0.815680742263794,-8.681090690743076e-08,0.3115716874599457,0.8072560429573059,-0.01405410934239626,0.27368783950805664,0.7664592862129211,-0.022934716194868088,0.248590886592865,0.7317684292793274,-0.03280121460556984,0.22380521893501282,0.7130832076072693,-0.04261956736445427,0.30484646558761597,0.6845986247062683,-0.013286641798913479,0.3005780875682831,0.6225069761276245,-0.028423365205526352,0.29935845732688904,0.5838525295257568,-0.0365455262362957,0.29998400807380676,0.5505125522613525,-0.0413358174264431,0.32903853058815,0.6826844215393066,-0.01548027154058218,0.32201483845710754,0.6524152159690857,-0.047087788581848145,0.3198205530643463,0.7000267505645752,-0.05581461265683174,0.3209467828273773,0.739535927772522,-0.05299130082130432,0.35362058877944946,0.6847734451293945,-0.019427616149187088,0.3480110466480255,0.6576324701309204,-0.04806920886039734,0.3439437747001648,0.700210690498352,-0.045718900859355927,0.3417787551879883,0.7320337891578674,-0.03475760295987129,0.3787217140197754,0.6891868114471436,-0.0242326557636261,0.37992095947265625,0.6396855711936951,-0.03983556106686592,0.37894967198371887,0.6123101711273193,-0.03871516138315201,0.3766385614871979,0.5843072533607483,-0.03326300159096718
0.3660553991794586,0.8181637525558472,-6.882920189354991e-08,0.3231419622898102,0.8086954951286316,-0.014883309602737427,0.2858867645263672,0.7676037549972534,-0.02417551353573799,0.26145002245903015,0.7326200604438782,-0.03417067602276802,0.23844894766807556,0.7111141085624695,-0.0439712330698967,0.3185995817184448,0.6882429122924805,-0.013867582194507122,0.31716930866241455,0.6269298195838928,-0.029451509937644005,0.31753286719322205,0.5888368487358093,-0.03847699984908104,0.3191514015197754,0.5551316738128662,-0.044140227138996124,0.3425271511077881,0.6870612502098083,-0.015797464177012444,0.33557572960853577,0.6551706194877625,-0.046648748219013214,0.33205389976501465,0.7022022008895874,-0.05535785108804703,0.3318241536617279,0.7409288287162781,-0.05306953564286232,0.3667108416557312,0.6903296709060669,-0.01960577256977558,0.36115580797195435,0.6603686213493347,-0.04698878899216652,0.35631346702575684,0.7023228406906128,-0.043997637927532196,0.3535044193267822,0.7340308427810669,-0.03317677974700928,0.3916594982147217,0.6961635947227478,-0.024535521864891052,0.3926648199558258,0.6467980742454529,-0.0396832600235939,0.3927179276943207,0.6190187931060791,-0.038507115095853806,0.3918427526950836,0.5905494689941406,-0.033282045274972916
0.3657311797142029,0.8201626539230347,-7.485865438638939e-08,0.3232649564743042,0.8095645308494568,-0.014990057796239853,0.2863265573978424,0.7678803205490112,-0.024399610236287117,0.26241159439086914,0.7326069474220276,-0.03468478098511696,0.2394433319568634,0.7108405232429504,-0.04477154463529587,0.32102540135383606,0.6874790191650391,-0.013020872138440609,0.3190111815929413,0.6257797479629517,-0.027899784967303276,0.31794798374176025,0.5873567461967468,-0.03613663092255592,0.3178844153881073,0.5537320971488953,-0.04130220785737038,0.3443054258823395,0.68678218126297,-0.01498132012784481,0.33538445830345154,0.6549006104469299,-0.04599960148334503,0.33162739872932434,0.7030673027038574,-0.054282113909721375,0.3318622410297394,0.7422168850898743,-0.05139675363898277,0.3678201138973236,0.690375030040741,-0.018883148208260536,0.3608069121837616,0.6595624089241028,-0.04668654873967171,0.3558982014656067,0.7018278241157532,-0.04345430061221123,0.3537551760673523,0.7336548566818237,-0.03215038403868675,0.3921285569667816,0.6964350938796997,-0.02393803372979164,0.3928324580192566,0.646710991859436,-0.039242222905159,0.39271655678749084,0.6188767552375793,-0.038074884563684464,0.392151415348053,0.5904351472854614,-0.03271770849823952
0.3663664162158966,0.8182907700538635,-7.021603920520647e-08,0.32360950112342834,0.8080096244812012,-0.015127791091799736,0.287324458360672,0.7666962742805481,-0.02476152405142784,0.263507604598999,0.731033444404602,-0.03527693822979927,0.23971769213676453,0.709852933883667,-0.04559394717216492,0.32120901346206665,0.6864864826202393,-0.013194823637604713,0.3183589577674866,0.6240223050117493,-0.02790961042046547,0.3171904683113098,0.5852344632148743,-0.03592724725604057,0.317045658826828,0.551713764667511,-0.040934134274721146,0.34430596232414246,0.6861914992332458,-0.015021789819002151,0.3358721435070038,0.6538482904434204,-0.045914120972156525,0.33260270953178406,0.7010381817817688,-0.05407722294330597,0.3328917324542999,0.7395151257514954,-0.05118434131145477,0.3677727282047272,0.6893150806427002,-0.01877705194056034,0.36074233055114746,0.6575292944908142,-0.04621336609125137,0.3559185862541199,0.6993902921676636,-0.04275915399193764,0.353727787733078,0.7308921217918396,-0.03149811923503876,0.3919772207736969,0.6946812272071838,-0.023732583969831467,0.39303165674209595,0.6455289721488953,-0.03887264057993889,0.392742395401001,0.6179397702217102,-0.03772030770778656,0.3917883038520813,0.5891076326370239,-0.03246445953845978
0.3666800260543823,0.8108121752738953,-7.125982648403806e-08,0.323403000831604,0.8017127513885498,-0.014309344813227654,0.2880483865737915,0.7610681056976318,-0.023593386635184288,0.26448825001716614,0.7274938225746155,-0.033784158527851105,0.24057982861995697,0.7072862982749939,-0.04368685930967331,0.3222105801105499,0.6804347634315491,-0.012751059606671333,0.3188399076461792,0.6181872487068176,-0.02754666656255722,0.318543404340744,0.5804561972618103,-0.035704031586647034,0.31916409730911255,0.548636257648468,-0.04051745682954788,0.3452674150466919,0.6808351278305054,-0.014241832308471203,0.335458368062973,0.6510829329490662,-0.04383963719010353,0.3322370648384094,0.6950017809867859,-0.05161094292998314,0.3336123824119568,0.7304587960243225,-0.048863764852285385,0.36861371994018555,0.6834447383880615,-0.017535682767629623,0.3613046705722809,0.6514174938201904,-0.04347240924835205,0.3560231328010559,0.691229522228241,-0.03929554298520088,0.3542598485946655,0.7211043834686279,-0.028004346415400505,0.39237117767333984,0.6880982518196106,-0.021964650601148605,0.3930051922798157,0.6400508880615234,-0.03608109429478645,0.39199337363243103,0.6137208342552185,-0.03404943645000458,0.39088302850723267,0.5849701166152954,-0.02816070429980755
0.3740866482257843,0.8164428472518921,-7.135101043331815e-08,0.3311351537704468,0.8050166964530945,-0.014948122203350067,0.2965866029262543,0.7636255621910095,-0.02450486831367016,0.2736700475215912,0.7291407585144043,-0.034628186374902725,0.24989312887191772,0.7087389230728149,-0.04439700394868851,0.33121976256370544,0.6836963891983032,-0.013974465429782867,0.3292277753353119,0.6211405396461487,-0.028616948053240776,0.3290136456489563,0.5828524827957153,-0.03656216710805893,0.32968777418136597,0.550806999206543,-0.041278451681137085,0.35451018810272217,0.6849475502967834,-0.015015678480267525,0.34705203771591187,0.6567432284355164,-0.04446500539779663,0.3437633514404297,0.7007856369018555,-0.05233320593833923,0.3446376621723175,0.7356993556022644,-0.04983337223529816,0.37808504700660706,0.6887897849082947,-0.017794637009501457,0.37322619557380676,0.6590986847877502,-0.04398483783006668,0.3669649064540863,0.6981269121170044,-0.040334127843379974,0.3635881543159485,0.7268765568733215,-0.02954883687198162,0.40194231271743774,0.6944594979286194,-0.021607879549264908,0.40374401211738586,0.6468183994293213,-0.03581125661730766,0.4030638337135315,0.6210078597068787,-0.03368351235985756,0.40195274353027344,0.5924704074859619,-0.027804061770439148
0.3813272714614868,0.8156735301017761,-6.882747527470201e-08,0.3391202986240387,0.8026362061500549,-0.014352364465594292,0.30583998560905457,0.761029839515686,-0.023677874356508255,0.2832677960395813,0.7271792888641357,-0.03382841497659683,0.2600249648094177,0.7060511708259583,-0.043589308857917786,0.3410000205039978,0.6823608875274658,-0.012050202116370201,0.3400113582611084,0.6215667128562927,-0.025966664776206017,0.34139057993888855,0.5849126577377319,-0.033428605645895004,0.3437545895576477,0.554222822189331,-0.03771462291479111,0.3638782501220703,0.68418288230896,-0.013196922838687897,0.3576711118221283,0.6545546054840088,-0.042120594531297684,0.3542446792125702,0.6987900137901306,-0.04960872232913971,0.35486096143722534,0.7354230880737305,-0.04652274772524834,0.3869977593421936,0.6886025071144104,-0.016122959554195404,0.382510781288147,0.6585446000099182,-0.04144533351063728,0.3768022060394287,0.6983624696731567,-0.03757014125585556,0.37424030900001526,0.7282323241233826,-0.026475807651877403,0.4104347825050354,0.6950393915176392,-0.020124666392803192,0.41350236535072327,0.6485018730163574,-0.033631581813097,0.41302719712257385,0.6231855750083923,-0.03163663670420647,0.41224294900894165,0.5953124761581421,-0.02584121748805046
0.3792644143104553,0.8181440830230713,-6.492508219935189e-08,0.3370322585105896,0.805669903755188,-0.01330886036157608,0.30369555950164795,0.7646821737289429,-0.022300872951745987,0.28090381622314453,0.7312300205230713,-0.03237363323569298,0.2574518024921417,0.7108240723609924,-0.042196016758680344,0.3390721380710602,0.6882151365280151,-0.011141586117446423,0.3378963768482208,0.6264087557792664,-0.02458450384438038,0.3394715189933777,0.5887702703475952,-0.03186088800430298,0.3418939709663391,0.5572826862335205,-0.03606683015823364,0.3617405593395233,0.6886650323867798,-0.01237539853900671,0.35126590728759766,0.6606926918029785,-0.04031572490930557,0.34754571318626404,0.703349769115448,-0.04742661863565445,0.3486587107181549,0.7386677861213684,-0.044377878308296204,0.384714275598526,0.6915404200553894,-0.015209617093205452,0.37774768471717834,0.6613690853118896,-0.039976850152015686,0.37220335006713867,0.7021744251251221,-0.035393983125686646,0.36988016963005066,0.7330644726753235,-0.023865550756454468,0.40830209851264954,0.6967025995254517,-0.019057195633649826,0.41004934906959534,0.6505270004272461,-0.03241552785038948,0.4095039665699005,0.6254529356956482,-0.03003261797130108,0.4087507724761963,0.5974101424217224,-0.023867720738053322
0.3815661370754242,0.8246536254882812,-7.595069462240644e-08,0.33928945660591125,0.8119609951972961,-0.014298126101493835,0.305935800075531,0.7691684365272522,-0.02351583167910576,0.28361809253692627,0.7343732714653015,-0.03356538712978363,0.26057112216949463,0.7130600810050964,-0.043300408869981766,0.3418119251728058,0.6910536885261536,-0.01322124432772398,0.3407497704029083,0.6286916732788086,-0.027901677414774895,0.3418789803981781,0.5909778475761414,-0.03579002991318703,0.34386053681373596,0.5591589212417603,-0.040384262800216675,0.36483123898506165,0.692791759967804,-0.01436504628509283,0.35652807354927063,0.6639965772628784,-0.044243767857551575,0.3535613417625427,0.7089446783065796,-0.0516451895236969,0.35505467653274536,0.7453456521034241,-0.048503827303647995,0.3880423605442047,0.6974856853485107,-0.017241299152374268,0.3827968239784241,0.6664506196975708,-0.043580375611782074,0.3769083619117737,0.7079007625579834,-0.039136383682489395,0.3742733299732208,0.7387377619743347,-0.02747183106839657,0.41152074933052063,0.7044826149940491,-0.021174030378460884,0.41453078389167786,0.6572538018226624,-0.03556903824210167,0.41373366117477417,0.6311087608337402,-0.03359108790755272,0.4125235080718994,0.6020374298095703,-0.027678320184350014
0.38597777485847473,0.8173191547393799,-6.024367138479647e-08,0.34478524327278137,0.8025862574577332,-0.014656889252364635,0.3118106424808502,0.7606191635131836,-0.024432726204395294,0.28821292519569397,0.7265756130218506,-0.03521541878581047,0.26509883999824524,0.7047073841094971,-0.045797329396009445,0.34681156277656555,0.6826490759849548,-0.012762163765728474,0.3463353216648102,0.6218182444572449,-0.027414944022893906,0.3472684919834137,0.5842620134353638,-0.03534839674830437,0.34912729263305664,0.5525375604629517,-0.039933398365974426,0.369424045085907,0.6846887469291687,-0.014392709359526634,0.36497482657432556,0.6554651260375977,-0.044319115579128265,0.3610219657421112,0.6990569829940796,-0.052645761519670486,0.3601774573326111,0.7357376217842102,-0.050071507692337036,0.3924102783203125,0.6897726058959961,-0.0178754311054945,0.38853344321250916,0.6619392037391663,-0.04446808248758316,0.38257691264152527,0.7013143301010132,-0.04175946116447449,0.37914058566093445,0.7309127449989319,-0.03119848109781742,0.41557618975639343,0.6968695521354675,-0.02241973951458931,0.4191463589668274,0.6493621468544006,-0.03664253652095795,0.4195876121520996,0.6228312849998474,-0.03517172113060951,0.4192955493927002,0.5948861241340637,-0.02968713827431202
0.38819244503974915,0.8146526217460632,-6.120033901879651e-08,0.34761375188827515,0.799591064453125,-0.015649622306227684,0.3142167627811432,0.7574866414070129,-0.025934603065252304,0.29015040397644043,0.72271329164505,-0.037086743861436844,0.26709312200546265,0.7000095248222351,-0.047767121344804764,0.34936171770095825,0.6811492443084717,-0.013828929513692856,0.34782546758651733,0.6182820200920105,-0.028638528659939766,0.3485981822013855,0.5811849236488342,-0.0361822172999382,0.3505319654941559,0.5493541955947876,-0.04050661623477936,0.3717085123062134,0.6830207705497742,-0.01476812083274126,0.36497950553894043,0.6506537795066833,-0.04520649090409279,0.3618948459625244,0.6960802674293518,-0.05229754000902176,0.36256641149520874,0.7330699563026428,-0.048683129251003265,0.39469653367996216,0.6875718832015991,-0.017677057534456253,0.3893470764160156,0.6550852656364441,-0.04442783445119858,0.38442352414131165,0.6969513893127441,-0.0399169884622097,0.38225647807121277,0.7281756401062012,-0.02801709808409214,0.41793373227119446,0.6937451362609863,-0.021853968501091003,0.422110378742218,0.6465280652046204,-0.036194223910570145,0.4218478798866272,0.620502233505249,-0.034422703087329865,0.4205818176269531,0.5920244455337524,-0.028759656473994255
0.38658249378204346,0.8175341486930847,-5.837008387743481e-08,0.34575188159942627,0.802601158618927,-0.016049472615122795,0.31122449040412903,0.7608587741851807,-0.02619030885398388,0.28714728355407715,0.7261993288993835,-0.036984819918870926,0.2643693685531616,0.7036175727844238,-0.04727186635136604,0.34673386812210083,0.6836004257202148,-0.014409205876290798,0.3450842797756195,0.6217295527458191,-0.029467178508639336,0.3460799753665924,0.5843788385391235,-0.03719979524612427,0.34798750281333923,0.5519664287567139,-0.041634704917669296,0.3697945177555084,0.6848592162132263,-0.015196025371551514,0.36318710446357727,0.652636706829071,-0.04626545310020447,0.36057382822036743,0.6983027458190918,-0.05381282791495323,0.36164581775665283,0.7357996702194214,-0.050324954092502594,0.39306965470314026,0.6895919442176819,-0.01795916259288788,0.38776057958602905,0.6586750745773315,-0.04570499062538147,0.3826684355735779,0.7006680369377136,-0.04203028231859207,0.38035717606544495,0.7320133447647095,-0.030326947569847107,0.4163636863231659,0.6962845921516418,-0.021917391568422318,0.42003095149993896,0.6490111947059631,-0.03693864494562149,0.4196411967277527,0.6226664781570435,-0.035684455186128616,0.41832032799720764,0.5942085981369019,-0.030213933438062668
0.3818858563899994,0.8266726136207581,-6.612166458808133e-08,0.33994147181510925,0.812190055847168,-0.01570117473602295,0.30587074160575867,0.7692986130714417,-0.025984199717640877,0.2819817066192627,0.7345674633979797,-0.03720460832118988,0.2581528425216675,0.7114572525024414,-0.047974515706300735,0.34110158681869507,0.6904225945472717,-0.013453518971800804,0.33946624398231506,0.627081573009491,-0.02830089069902897,0.3404003381729126,0.5888806581497192,-0.03581039234995842,0.34204596281051636,0.556736171245575,-0.03995135799050331,0.36467957496643066,0.6919241547584534,-0.014513065107166767,0.35626885294914246,0.6626136302947998,-0.04585606977343559,0.3525550365447998,0.7087361812591553,-0.053868625313043594,0.35332438349723816,0.7470080256462097,-0.05051231384277344,0.38833075761795044,0.6962798237800598,-0.01750606670975685,0.3820647895336151,0.6665599346160889,-0.045489415526390076,0.375523179769516,0.7089676856994629,-0.04197133332490921,0.3722619414329529,0.7409486174583435,-0.03020196035504341,0.4121078848838806,0.7025081515312195,-0.02160123735666275,0.41459307074546814,0.6542148590087891,-0.03645703196525574,0.41379880905151367,0.6274952292442322,-0.03475495055317879,0.41216200590133667,0.5985411405563354,-0.028787607327103615
0.3799969255924225,0.8284780979156494,-5.970815664113616e-08,0.3380725383758545,0.8140094876289368,-0.01622666046023369,0.30411607027053833,0.7706673741340637,-0.026648778468370438,0.28058841824531555,0.7353348135948181,-0.03778916969895363,0.2574121952056885,0.7114976048469543,-0.048463769257068634,0.3396438658237457,0.6917650699615479,-0.014312772080302238,0.3388471007347107,0.628537118434906,-0.029244257137179375,0.3403107523918152,0.5898910760879517,-0.036895591765642166,0.342228502035141,0.5574518442153931,-0.041145894676446915,0.36312025785446167,0.6932392120361328,-0.015016354620456696,0.3552633225917816,0.6641156673431396,-0.04590651020407677,0.35097748041152954,0.7101024389266968,-0.053516339510679245,0.3509015738964081,0.7480513453483582,-0.050045136362314224,0.3868319094181061,0.6978050470352173,-0.017671016976237297,0.38153958320617676,0.6673932671546936,-0.04540475457906723,0.3750486671924591,0.7101374268531799,-0.04140428453683853,0.3715008497238159,0.7423115968704224,-0.029404573142528534,0.41072317957878113,0.704587996006012,-0.021494364365935326,0.4135603904724121,0.6561282873153687,-0.03643880784511566,0.41337937116622925,0.6291012167930603,-0.03463607281446457,0.412503182888031,0.5996125936508179,-0.028571898117661476
0.37960487604141235,0.8310016989707947,-7.274769586729235e-08,0.33785250782966614,0.8176490664482117,-0.01613662950694561,0.30374109745025635,0.7741528749465942,-0.026413431391119957,0.279837965965271,0.7387946248054504,-0.037321943789720535,0.2564276456832886,0.7147979140281677,-0.047849953174591064,0.33829644322395325,0.6947919130325317,-0.015164487063884735,0.3371504843235016,0.6316754221916199,-0.030760416761040688,0.33803591132164,0.5931887030601501,-0.03887741640210152,0.3397448658943176,0.560458779335022,-0.043307188898324966,0.3617975115776062,0.6961177587509155,-0.015584592707455158,0.3532944321632385,0.6674310564994812,-0.04670029133558273,0.34956178069114685,0.7140239477157593,-0.05430404469370842,0.3503836989402771,0.7522651553153992,-0.0508439727127552,0.38556337356567383,0.7003289461135864,-0.01790079101920128,0.37949612736701965,0.6700482964515686,-0.045866694301366806,0.37320542335510254,0.7129008173942566,-0.04190922528505325,0.37021613121032715,0.7449457049369812,-0.029895281419157982,0.4094107151031494,0.7064797282218933,-0.02130098082125187,0.4123072028160095,0.6573641300201416,-0.036148227751255035,0.4118967354297638,0.6300739049911499,-0.03420058637857437,0.410754531621933,0.6003138422966003,-0.028067968785762787
0.3752638101577759,0.8377529382705688,-8.803694839798482e-08,0.3327484428882599,0.8243241310119629,-0.015698472037911415,0.2979634404182434,0.7793203592300415,-0.025187348946928978,0.27487459778785706,0.743383526802063,-0.035432253032922745,0.25100767612457275,0.7206739783287048,-0.04537411406636238,0.3336484730243683,0.6973521113395691,-0.01423037238419056,0.33111870288848877,0.6355209350585938,-0.029280195012688637,0.3316318094730377,0.5974254012107849,-0.03694450855255127,0.3331168293952942,0.5642198324203491,-0.041255198419094086,0.35754868388175964,0.698850154876709,-0.015316869132220745,0.34811392426490784,0.6723970770835876,-0.046597111970186234,0.3451109528541565,0.720750629901886,-0.054239898920059204,0.34717506170272827,0.7592795491218567,-0.050750549882650375,0.3811785578727722,0.7040533423423767,-0.018372295424342155,0.37421199679374695,0.6771249771118164,-0.04704080522060394,0.3673611879348755,0.7218748927116394,-0.0433625727891922,0.3643355369567871,0.7542999982833862,-0.031367264688014984,0.4051012694835663,0.7113991379737854,-0.022504912689328194,0.40816399455070496,0.6611216068267822,-0.03831211477518082,0.407888799905777,0.6329672336578369,-0.036900877952575684,0.4067247807979584,0.6021836996078491,-0.031070956960320473
0.37257400155067444,0.8421645760536194,-8.286538388802e-08,0.3302397131919861,0.8291058540344238,-0.016913147643208504,0.2949177026748657,0.783614456653595,-0.02668886072933674,0.2715371549129486,0.7478734254837036,-0.036894623190164566,0.24743668735027313,0.7244325876235962,-0.0466967336833477,0.33032283186912537,0.7008277773857117,-0.014785043895244598,0.3279251158237457,0.638481855392456,-0.02895001322031021,0.3282633423805237,0.5998563170433044,-0.03578248620033264,0.3291153311729431,0.5666359663009644,-0.03958142548799515,0.3546992242336273,0.7022567987442017,-0.01514112576842308,0.3435288071632385,0.6766749024391174,-0.04570544883608818,0.3407873511314392,0.7245174646377563,-0.05295048654079437,0.34330448508262634,0.7632705569267273,-0.049194883555173874,0.37866219878196716,0.707629382610321,-0.01754722371697426,0.37058261036872864,0.6816346645355225,-0.046316828578710556,0.36301058530807495,0.7270435094833374,-0.04285214841365814,0.35921522974967957,0.759713888168335,-0.03082600235939026,0.4026823937892914,0.7144297361373901,-0.021046770736575127,0.4047560393810272,0.6635309457778931,-0.03714863210916519,0.40439972281455994,0.6349204778671265,-0.035951096564531326,0.4030027687549591,0.6029594540596008,-0.030182218179106712
0.37107014656066895,0.8394984006881714,-8.303689469357778e-08,0.32847246527671814,0.8272638320922852,-0.016041209921240807,0.29258987307548523,0.7831466794013977,-0.025680996477603912,0.268962562084198,0.7477750778198242,-0.035928208380937576,0.2454632669687271,0.7245544195175171,-0.045842450112104416,0.32784220576286316,0.7000253200531006,-0.014231950044631958,0.32359856367111206,0.6375855803489685,-0.028750669211149216,0.3231845796108246,0.5990001559257507,-0.03617508336901665,0.3239777684211731,0.5655023455619812,-0.04033534601330757,0.3516339957714081,0.7010470628738403,-0.015003427863121033,0.3413006663322449,0.6736817955970764,-0.04566552862524986,0.3382636308670044,0.7207821607589722,-0.0534120574593544,0.34020090103149414,0.7592092752456665,-0.04999099671840668,0.3752143979072571,0.7054279446601868,-0.01771184243261814,0.3670680522918701,0.6775359511375427,-0.046010516583919525,0.3600078821182251,0.7224441766738892,-0.042689427733421326,0.3567145764827728,0.7550811171531677,-0.030909962952136993,0.39904913306236267,0.7113755941390991,-0.021468481048941612,0.40077418088912964,0.6605598330497742,-0.03687603026628494,0.40043023228645325,0.6318694949150085,-0.035445354878902435,0.3991962671279907,0.6000736951828003,-0.02964756265282631
0.3719956874847412,0.8424650430679321,-6.02655703119126e-08,0.32968252897262573,0.8284184336662292,-0.01703459955751896,0.2946074903011322,0.7860866189002991,-0.02804674580693245,0.27082985639572144,0.7510070204734802,-0.039817702025175095,0.2483985871076584,0.7267261147499084,-0.05113804340362549,0.32829657196998596,0.7022377252578735,-0.01415114663541317,0.3263072371482849,0.6421315670013428,-0.03017553500831127,0.3265528678894043,0.6041887402534485,-0.0387696772813797,0.3280218541622162,0.5715190172195435,-0.04352213814854622,0.35238075256347656,0.7036500573158264,-0.01542896032333374,0.34418150782585144,0.6729037165641785,-0.04812931641936302,0.3404628038406372,0.722269594669342,-0.05694156140089035,0.34086960554122925,0.7627692818641663,-0.053561046719551086,0.376320481300354,0.7089872360229492,-0.018914001062512398,0.36956074833869934,0.680939257144928,-0.04907428100705147,0.3635994791984558,0.7257160544395447,-0.04674987122416496,0.36099618673324585,0.7590377330780029,-0.03481796756386757,0.4008064270019531,0.7161173224449158,-0.023535683751106262,0.4036239683628082,0.6643452644348145,-0.03944668173789978,0.4036659598350525,0.6348349452018738,-0.03828653693199158,0.4027006924152374,0.6047003269195557,-0.0323752760887146
0.3686040937900543,0.8339477181434631,-5.442858608262213e-08,0.3261740207672119,0.8229039311408997,-0.015843724831938744,0.2882724702358246,0.7810616493225098,-0.02593899704515934,0.26297128200531006,0.7456546425819397,-0.03674887493252754,0.23810139298439026,0.725202202796936,-0.047190677374601364,0.32210174202919006,0.6963556408882141,-0.014567377045750618,0.317944198846817,0.6338850259780884,-0.029709216207265854,0.3180684745311737,0.59581059217453,-0.03751352056860924,0.3200948238372803,0.5626890659332275,-0.04204791784286499,0.34649211168289185,0.6970791220664978,-0.01605929248034954,0.33934485912323,0.6663034558296204,-0.04818069189786911,0.336893230676651,0.715009331703186,-0.0564100444316864,0.33849412202835083,0.7543135285377502,-0.053039614111185074,0.37082767486572266,0.7020644545555115,-0.019525669515132904,0.3651283085346222,0.6745780110359192,-0.04899228736758232,0.3594217598438263,0.7187153100967407,-0.04653777927160263,0.35667335987091064,0.7512282729148865,-0.035076845437288284,0.39565467834472656,0.7086231708526611,-0.023997997865080833,0.39804285764694214,0.6581006646156311,-0.040338411927223206,0.3978178799152374,0.6295559406280518,-0.039776481688022614,0.39665380120277405,0.5996135473251343,-0.03444966301321983
0.36474233865737915,0.822657585144043,-5.114567969144446e-08,0.32155710458755493,0.8112008571624756,-0.015659455209970474,0.28389686346054077,0.7715855240821838,-0.02563648298382759,0.2580622434616089,0.7392845153808594,-0.03631504997611046,0.23502662777900696,0.7197882533073425,-0.04658452421426773,0.3175683915615082,0.6871693134307861,-0.013443156145513058,0.3131569027900696,0.6252139210700989,-0.02834957465529442,0.31205829977989197,0.5859639048576355,-0.03647793084383011,0.31256672739982605,0.5526812076568604,-0.04120347648859024,0.341362863779068,0.6873250007629395,-0.014979006722569466,0.33308446407318115,0.6548617482185364,-0.04643687978386879,0.3308611810207367,0.7009707093238831,-0.05472467467188835,0.3327891528606415,0.7409250736236572,-0.0513538233935833,0.3653162717819214,0.6910879611968994,-0.018517035990953445,0.35779863595962524,0.6624308228492737,-0.04662219434976578,0.3529828190803528,0.7051432728767395,-0.043773990124464035,0.35152795910835266,0.7373418211936951,-0.03225044906139374,0.3897189497947693,0.6965821981430054,-0.02321898192167282,0.3917537331581116,0.6469769477844238,-0.0380483902990818,0.39108628034591675,0.6183826923370361,-0.03680795058608055,0.38961297273635864,0.5887297987937927,-0.031233228743076324
0.36128976941108704,0.8295794129371643,-8.441348597898468e-08,0.31842419505119324,0.8180155754089355,-0.013908907771110535,0.2799672484397888,0.7765499353408813,-0.022203167900443077,0.2542538046836853,0.7435076832771301,-0.0312950424849987,0.23078268766403198,0.726667582988739,-0.040172278881073,0.3131188154220581,0.6922034621238708,-0.012332772836089134,0.30832958221435547,0.63120037317276,-0.026869358494877815,0.3072955310344696,0.5924527645111084,-0.03457994759082794,0.3078891634941101,0.5590906739234924,-0.03908912464976311,0.3373776376247406,0.6921572685241699,-0.014427918940782547,0.32908114790916443,0.660128653049469,-0.0458446703851223,0.32722562551498413,0.7081427574157715,-0.0539110004901886,0.3292408883571625,0.7488878965377808,-0.05036410689353943,0.36143195629119873,0.6965439319610596,-0.018349001184105873,0.35412442684173584,0.6695703268051147,-0.04685908928513527,0.3490724563598633,0.7130951881408691,-0.04436204954981804,0.34702780842781067,0.7456709742546082,-0.03297432139515877,0.38569894433021545,0.7025018334388733,-0.023165646940469742,0.3876836895942688,0.6523840427398682,-0.03871482238173485,0.38667088747024536,0.6233566999435425,-0.03802281245589256,0.38445594906806946,0.59333735704422,-0.03282756730914116
0.35864755511283875,0.8305658102035522,-6.877625935430842e-08,0.3158016800880432,0.8201301693916321,-0.014428759925067425,0.2774769961833954,0.7802662253379822,-0.023529648780822754,0.25191110372543335,0.7474337816238403,-0.033479634672403336,0.22901421785354614,0.7287245392799377,-0.043196260929107666,0.310962051153183,0.6947472095489502,-0.012972690165042877,0.3054541349411011,0.6333292722702026,-0.028013238683342934,0.3043863773345947,0.5943566560745239,-0.03634294867515564,0.30496954917907715,0.5608837604522705,-0.04125003516674042,0.33507058024406433,0.6944406032562256,-0.015032813884317875,0.32662537693977356,0.6629577279090881,-0.04646800830960274,0.3243042230606079,0.7096028923988342,-0.05483875423669815,0.325519323348999,0.7495459318161011,-0.05165111646056175,0.3589105010032654,0.6982285380363464,-0.018974803388118744,0.3511278033256531,0.6710811257362366,-0.04727179929614067,0.34637650847435,0.7143927216529846,-0.04457276687026024,0.3443719446659088,0.7466866374015808,-0.03317348659038544,0.38315674662590027,0.7038986086845398,-0.023912636563181877,0.38498425483703613,0.654285192489624,-0.03903772681951523,0.3845822215080261,0.6259335875511169,-0.037857212126255035,0.38289156556129456,0.5962154865264893,-0.03231101855635643
0.35254713892936707,0.8434643745422363,-9.188700289541885e-08,0.3099416494369507,0.8308343887329102,-0.0127059705555439,0.27221161127090454,0.7868873476982117,-0.020437967032194138,0.2474936842918396,0.7520551085472107,-0.0295077096670866,0.2242274433374405,0.7335105538368225,-0.03852098435163498,0.30696672201156616,0.7061982750892639,-0.010808269493281841,0.3019762635231018,0.6440603733062744,-0.025202743709087372,0.3011455535888672,0.6049320697784424,-0.03274510055780411,0.30226656794548035,0.5708624124526978,-0.037110213190317154,0.3309212028980255,0.7065671682357788,-0.01373444963246584,0.321056067943573,0.6761963367462158,-0.045081015676259995,0.31702712178230286,0.7235701680183411,-0.05344201624393463,0.3181619942188263,0.7626705169677734,-0.05022340640425682,0.35455235838890076,0.7108367681503296,-0.018456237390637398,0.34611326456069946,0.6829570531845093,-0.04701279476284981,0.34017542004585266,0.7259407639503479,-0.04475303739309311,0.33837780356407166,0.7578024864196777,-0.03350893408060074,0.3786882758140564,0.7168015837669373,-0.02404194138944149,0.38081222772598267,0.664962887763977,-0.03935914486646652,0.3805137276649475,0.6346688866615295,-0.038656435906887054,0.37988489866256714,0.6044334173202515,-0.03341379016637802
0.351624995470047,0.8557168841362,-7.348104702487035e-08,0.3092375695705414,0.8441665768623352,-0.015774821862578392,0.272073894739151,0.800666868686676,-0.025183815509080887,0.24789267778396606,0.7642073035240173,-0.03556889668107033,0.22483888268470764,0.7420957088470459,-0.04566984251141548,0.3050869405269623,0.7164146900177002,-0.012555996887385845,0.29987969994544983,0.6537437438964844,-0.02779257856309414,0.2993870675563812,0.6139373183250427,-0.03555949777364731,0.30126097798347473,0.5797443389892578,-0.03975507989525795,0.32934218645095825,0.7168304324150085,-0.014332766644656658,0.3205184042453766,0.6877982020378113,-0.047027599066495895,0.3163011372089386,0.736369252204895,-0.05585308372974396,0.3167787194252014,0.7771817445755005,-0.052424971014261246,0.35333317518234253,0.7211442589759827,-0.018265604972839355,0.34462878108024597,0.6967567801475525,-0.04850073531270027,0.3385941982269287,0.7416216731071472,-0.04672078415751457,0.3363969922065735,0.7743310928344727,-0.03520141541957855,0.3781339228153229,0.7269080281257629,-0.023240217939019203,0.38066065311431885,0.6751441955566406,-0.03920944035053253,0.3811941146850586,0.6448167562484741,-0.038531553000211716,0.380618155002594,0.6137840747833252,-0.03304540738463402
