x0,y0,z0,x1,y1,z1,x2,y2,z2,x3,y3,z3,x4,y4,z4,x5,y5,z5,x6,y6,z6,x7,y7,z7,x8,y8,z8,x9,y9,z9,x10,y10,z10,x11,y11,z11,x12,y12,z12,x13,y13,z13,x14,y14,z14,x15,y15,z15,x16,y16,z16,x17,y17,z17,x18,y18,z18,x19,y19,z19,x20,y20,z20
0.4636629521846771,0.7898972034454346,3.8835059967823327e-07,0.4477976858615875,0.7680767774581909,-0.019124500453472137,0.4443255066871643,0.7345165610313416,-0.026185035705566406,0.4635295867919922,0.7046144008636475,-0.03146985545754433,0.47913858294487,0.6832394599914551,-0.03491992503404617,0.430029958486557,0.6792052388191223,-0.010930603370070457,0.41625267267227173,0.6339834928512573,-0.017782652750611305,0.40837031602859497,0.606095552444458,-0.022887831553816795,0.4020475149154663,0.5825780034065247,-0.02629156969487667,0.4499562382698059,0.6748780608177185,-0.00802310835570097,0.455463707447052,0.6222469806671143,-0.014353456906974316,0.4624660015106201,0.5889756083488464,-0.019743314012885094,0.46872931718826294,0.5627489686012268,-0.02236829325556755,0.46615561842918396,0.6856153011322021,-0.007655112072825432,0.4739089012145996,0.6695259809494019,-0.019559377804398537,0.4699922204017639,0.6936099529266357,-0.023411011323332787,0.46605947613716125,0.7097299695014954,-0.02165093459188938,0.4795933663845062,0.7019004821777344,-0.008962678723037243,0.485568642616272,0.6823770403862,-0.017747024074196815,0.4821939468383789,0.6971111297607422,-0.017407355830073357,0.47843143343925476,0.710092306137085,-0.014578158967196941
0.46760526299476624,0.7883201241493225,3.872141007832397e-07,0.4518938362598419,0.7681348919868469,-0.01883687451481819,0.4482673704624176,0.7348001599311829,-0.02667374163866043,0.4667818546295166,0.7034498453140259,-0.03289974108338356,0.48161759972572327,0.6809161305427551,-0.03742187097668648,0.43353840708732605,0.6790010333061218,-0.012270297855138779,0.42008817195892334,0.6330628991127014,-0.020014947280287743,0.41218554973602295,0.6049697399139404,-0.025675093755126,0.4054926335811615,0.5814497470855713,-0.029460662975907326,0.4534834325313568,0.6735957860946655,-0.0096398601308465,0.4588685631752014,0.6204643845558167,-0.01703840307891369,0.46630823612213135,0.5877565145492554,-0.022852635011076927,0.4727642238140106,0.5618533492088318,-0.025727607309818268,0.469756543636322,0.683449923992157,-0.00931535940617323,0.4770509600639343,0.6664563417434692,-0.02152654528617859,0.47386759519577026,0.6908566951751709,-0.024570263922214508,0.4707150459289551,0.7080163955688477,-0.022326113656163216,0.4832114577293396,0.6991350650787354,-0.01063408050686121,0.48906874656677246,0.6792356967926025,-0.01956213265657425,0.48654019832611084,0.6939521431922913,-0.01867581717669964,0.48379284143447876,0.707318902015686,-0.015381505712866783
0.4666598439216614,0.7887758612632751,3.8392298051803664e-07,0.45143377780914307,0.7666600942611694,-0.018597329035401344,0.4483216404914856,0.73253333568573,-0.025535566732287407,0.46740731596946716,0.7015011310577393,-0.03085898421704769,0.48226499557495117,0.6800212264060974,-0.03431505709886551,0.4331618845462799,0.6788849830627441,-0.011044356971979141,0.4196500778198242,0.6329513192176819,-0.018618900328874588,0.4117671251296997,0.6047606468200684,-0.02395448088645935,0.4052123427391052,0.5811534523963928,-0.027332032099366188,0.45305415987968445,0.6736961007118225,-0.008582779206335545,0.4584225118160248,0.620746374130249,-0.015806937590241432,0.4654054045677185,0.5872999429702759,-0.021439896896481514,0.47174757719039917,0.5611007809638977,-0.02396536059677601,0.4692925214767456,0.6836126446723938,-0.00859282910823822,0.4769166111946106,0.6679041385650635,-0.021108394488692284,0.47327160835266113,0.693021833896637,-0.02442522719502449,0.46973493695259094,0.7100012302398682,-0.021948596462607384,0.48289954662323,0.6992219686508179,-0.010268758051097393,0.48878970742225647,0.6802034378051758,-0.019164638593792915,0.4862726330757141,0.6940807700157166,-0.01831953600049019,0.4833563268184662,0.7068986296653748,-0.014856365509331226
0.4670135974884033,0.7888415455818176,3.8427100435001194e-07,0.45108067989349365,0.7680789232254028,-0.01873173378407955,0.4471408724784851,0.7345308661460876,-0.026234012097120285,0.46572619676589966,0.7034856081008911,-0.032063379883766174,0.48096197843551636,0.6816377639770508,-0.036070700734853745,0.43278181552886963,0.6794312596321106,-0.012499869801104069,0.41974374651908875,0.6332129240036011,-0.020236128941178322,0.4120413362979889,0.605011522769928,-0.025771018117666245,0.40571820735931396,0.5814459323883057,-0.02947976440191269,0.4529775381088257,0.6742041110992432,-0.010131550952792168,0.45807257294654846,0.6211150884628296,-0.017432117834687233,0.465372771024704,0.5877570509910583,-0.023219147697091103,0.4721504747867584,0.5616159439086914,-0.02617100439965725,0.46942344307899475,0.6841709613800049,-0.010091567412018776,0.4766308069229126,0.6661759614944458,-0.022230805829167366,0.4741857051849365,0.6892694234848022,-0.025505928322672844,0.4716532528400421,0.7058889269828796,-0.023503873497247696,0.48311784863471985,0.7000876665115356,-0.011738833039999008,0.48909279704093933,0.6797726154327393,-0.020548278465867043,0.4869935214519501,0.6926309466362,-0.0198725126683712,0.4844455420970917,0.7054023742675781,-0.016815220937132835
0.4662759006023407,0.790359377861023,3.8312830952236254e-07,0.4503164291381836,0.7695639133453369,-0.019321003928780556,0.4463747441768646,0.7360190749168396,-0.026972884312272072,0.4647861421108246,0.7051190137863159,-0.03278921917080879,0.4797705411911011,0.683138370513916,-0.03676822781562805,0.432109534740448,0.680500328540802,-0.01300263125449419,0.419046550989151,0.6339918375015259,-0.020974060520529747,0.41118478775024414,0.6056461930274963,-0.026684047654271126,0.4047226905822754,0.5817108750343323,-0.030500167980790138,0.4522770941257477,0.6749157309532166,-0.010360147804021835,0.4573654532432556,0.6215048432350159,-0.01775549352169037,0.4644508361816406,0.5880489349365234,-0.023501146584749222,0.47101280093193054,0.5613102912902832,-0.02641967311501503,0.46858033537864685,0.6845811009407043,-0.010137639008462429,0.4756505489349365,0.6663286089897156,-0.022562764585018158,0.47225236892700195,0.6910598278045654,-0.025786038488149643,0.469001442193985,0.7081984877586365,-0.02365293726325035,0.4822637140750885,0.7003685832023621,-0.011639687232673168,0.4879336357116699,0.6800591349601746,-0.020724110305309296,0.48547452688217163,0.6938371658325195,-0.02004537545144558,0.4827452301979065,0.7068144083023071,-0.016936875879764557
0.465898334980011,0.7910180687904358,3.776763435325847e-07,0.4503366947174072,0.7706224322319031,-0.019219599664211273,0.44660282135009766,0.7362135052680969,-0.026467273011803627,0.4647148847579956,0.7043282985687256,-0.03184497728943825,0.47896328568458557,0.6818619966506958,-0.03533721715211868,0.4313074052333832,0.6815304756164551,-0.01251548808068037,0.4179868698120117,0.6351995468139648,-0.020433519035577774,0.4098915457725525,0.6068139672279358,-0.026132633909583092,0.40321555733680725,0.5828467607498169,-0.02993791177868843,0.45131316781044006,0.6755171418190002,-0.009841270744800568,0.45615366101264954,0.6219214200973511,-0.01721731759607792,0.46317484974861145,0.5882847309112549,-0.023086000233888626,0.46970802545547485,0.5612897872924805,-0.026088066399097443,0.4675409495830536,0.6848177313804626,-0.009597807191312313,0.47497618198394775,0.6663163900375366,-0.02204880677163601,0.4721110463142395,0.6906160712242126,-0.025475366041064262,0.46907705068588257,0.7074480056762695,-0.02348237857222557,0.48126211762428284,0.7004244327545166,-0.011069213040173054,0.4873659610748291,0.6802659034729004,-0.020255129784345627,0.4851924777030945,0.6938223242759705,-0.019792679697275162,0.48246023058891296,0.7067874670028687,-0.016819484531879425
0.46646633744239807,0.791671872138977,3.7289871102075267e-07,0.45106565952301025,0.7708736658096313,-0.01874963939189911,0.4472908079624176,0.7360239028930664,-0.025819791480898857,0.46562460064888,0.7048278450965881,-0.031169293448328972,0.48030105233192444,0.683487594127655,-0.03463262692093849,0.43231865763664246,0.6811754107475281,-0.012078504078090191,0.418886661529541,0.6351141929626465,-0.019971536472439766,0.4109211564064026,0.6067721843719482,-0.025463830679655075,0.4043428301811218,0.5829111933708191,-0.029046835377812386,0.4520266652107239,0.6753498315811157,-0.0097585991024971,0.45661672949790955,0.6218439936637878,-0.017226777970790863,0.46348506212234497,0.5883023738861084,-0.022720977663993835,0.4700130522251129,0.561837911605835,-0.025281623005867004,0.4681272506713867,0.6846949458122253,-0.009894903749227524,0.47564682364463806,0.6665242314338684,-0.022466659545898438,0.4722975492477417,0.6917673945426941,-0.02543528378009796,0.46892431378364563,0.708899974822998,-0.022948332130908966,0.4818951487541199,0.7001562714576721,-0.011748289689421654,0.4879794418811798,0.6803812384605408,-0.02089608460664749,0.4855138659477234,0.6945096254348755,-0.020117036998271942,0.48257458209991455,0.707520067691803,-0.01683189906179905
0.4665140211582184,0.7915664911270142,3.8036961313991924e-07,0.4506263732910156,0.7704660892486572,-0.01959783211350441,0.44607505202293396,0.7368494272232056,-0.027293860912322998,0.46484073996543884,0.7058707475662231,-0.033048734068870544,0.48066583275794983,0.6846311092376709,-0.036929722875356674,0.43139487504959106,0.6817952394485474,-0.013344579376280308,0.41760045289993286,0.6359650492668152,-0.02157459780573845,0.40939590334892273,0.6078407764434814,-0.027611546218395233,0.40273547172546387,0.5839356184005737,-0.03172192722558975,0.45158055424690247,0.675758957862854,-0.010599181987345219,0.45579490065574646,0.6224663257598877,-0.01814081147313118,0.4625203311443329,0.5890594720840454,-0.023968728259205818,0.46898502111434937,0.562100350856781,-0.026980837807059288,0.46799609065055847,0.6851081848144531,-0.010315146297216415,0.47512486577033997,0.6664116382598877,-0.022812429815530777,0.4719015061855316,0.691085159778595,-0.02602868154644966,0.46875783801078796,0.7083186507225037,-0.023894241079688072,0.4820774495601654,0.7008038759231567,-0.011810909025371075,0.48805737495422363,0.6803428530693054,-0.021069593727588654,0.48563918471336365,0.6934882998466492,-0.020553650334477425,0.48255643248558044,0.7062256932258606,-0.017545826733112335
0.4652757942676544,0.7888337969779968,3.8011049241504224e-07,0.4497435390949249,0.7690820097923279,-0.019260363653302193,0.4453788101673126,0.735511839389801,-0.02685370296239853,0.4618283808231354,0.7031791806221008,-0.03244337812066078,0.47569653391838074,0.6802089214324951,-0.036260440945625305,0.4287709891796112,0.6810735464096069,-0.012746291235089302,0.41520705819129944,0.635542631149292,-0.020016072317957878,0.4067809283733368,0.6077598929405212,-0.025386860594153404,0.3997035622596741,0.5845130681991577,-0.029106922447681427,0.44854292273521423,0.6747205257415771,-0.009114767424762249,0.452332466840744,0.6219769716262817,-0.016272645443677902,0.4588847756385803,0.5886715054512024,-0.02203175239264965,0.4647313058376312,0.5618999004364014,-0.025096818804740906,0.4648381471633911,0.6833508014678955,-0.007715197745710611,0.4721422791481018,0.663960337638855,-0.019638843834400177,0.47035783529281616,0.6859289407730103,-0.023012777790427208,0.46802568435668945,0.7031342387199402,-0.02121197246015072,0.4781824052333832,0.6975288987159729,-0.00794310960918665,0.4849401116371155,0.6769618391990662,-0.017270375043153763,0.483894407749176,0.6878095865249634,-0.017440227791666985,0.48191869258880615,0.6987553834915161,-0.014941578730940819
0.4698152244091034,0.7865488529205322,3.879663381667342e-07,0.4552633762359619,0.7664631009101868,-0.020812053233385086,0.4507962465286255,0.7332615852355957,-0.028683945536613464,0.4678002893924713,0.7003473043441772,-0.03426741436123848,0.48162391781806946,0.6763274669647217,-0.03796546906232834,0.4321537911891937,0.6804201006889343,-0.013069754466414452,0.41708889603614807,0.635221540927887,-0.020598482340574265,0.4080800414085388,0.6075340509414673,-0.026009630411863327,0.4002145826816559,0.5844083428382874,-0.029628882184624672,0.4515243172645569,0.6736223101615906,-0.008864467963576317,0.454338937997818,0.6209302544593811,-0.01636599563062191,0.46036356687545776,0.5879166126251221,-0.02199265919625759,0.46545886993408203,0.5613983273506165,-0.024625612422823906,0.46793606877326965,0.6820668578147888,-0.007193295285105705,0.47578147053718567,0.6644956469535828,-0.02009044773876667,0.4733958840370178,0.6893469095230103,-0.023528048768639565,0.47010698914527893,0.7064240574836731,-0.021275373175740242,0.4818550944328308,0.695935070514679,-0.007251030765473843,0.48849615454673767,0.6761549711227417,-0.017243653535842896,0.4869126081466675,0.6896319389343262,-0.017339229583740234,0.48415282368659973,0.7012441158294678,-0.014530956745147705
0.4683735966682434,0.7869852185249329,3.8439600302808685e-07,0.45334160327911377,0.7666935324668884,-0.020051326602697372,0.4488131105899811,0.7331697344779968,-0.027549542486667633,0.46635493636131287,0.7002871632575989,-0.032995160669088364,0.47946953773498535,0.6772541403770447,-0.03664501756429672,0.4296835660934448,0.6815937161445618,-0.01223735325038433,0.4145028293132782,0.6370059251785278,-0.019976086914539337,0.4052463173866272,0.6096741557121277,-0.025511477142572403,0.39722558856010437,0.5867630243301392,-0.02910386398434639,0.4491102397441864,0.6746233105659485,-0.008669496513903141,0.4512738287448883,0.6217188835144043,-0.016220977529883385,0.4565461575984955,0.5882047414779663,-0.0219364482909441,0.46129560470581055,0.5610891580581665,-0.02456156350672245,0.4657520055770874,0.6829720735549927,-0.007640096824616194,0.47351568937301636,0.6649783849716187,-0.02061721868813038,0.47088807821273804,0.6901547908782959,-0.024173932150006294,0.46782398223876953,0.7074584364891052,-0.021914683282375336,0.4798412024974823,0.6970128417015076,-0.008301309309899807,0.4859968423843384,0.6779921650886536,-0.018135283142328262,0.48404085636138916,0.691534161567688,-0.0180546585470438,0.48146852850914,0.7031227946281433,-0.015103853307664394
0.4714801013469696,0.7870675325393677,3.876288019455387e-07,0.45769697427749634,0.7665732502937317,-0.020149292424321175,0.45365825295448303,0.7333440780639648,-0.02743702009320259,0.4706950783729553,0.7000702619552612,-0.03269609063863754,0.484508752822876,0.6762105226516724,-0.03603409603238106,0.4328634738922119,0.6818158626556396,-0.011267604306340218,0.41719383001327515,0.637037992477417,-0.018450265750288963,0.4078713059425354,0.6094610095024109,-0.023499779403209686,0.39974841475486755,0.5863651037216187,-0.02675836905837059,0.4519129693508148,0.6745920181274414,-0.0073520587757229805,0.4539612829685211,0.6221671104431152,-0.014700452797114849,0.45936858654022217,0.5883882641792297,-0.020174220204353333,0.46386733651161194,0.5616728067398071,-0.022504722699522972,0.4684358239173889,0.6827163696289062,-0.006034655496478081,0.4768795371055603,0.666542649269104,-0.01890074461698532,0.4745316207408905,0.6912252306938171,-0.022421684116125107,0.47089818120002747,0.708345353603363,-0.020002663135528564,0.48225992918014526,0.6961773037910461,-0.00642883637920022,0.48908400535583496,0.6781461238861084,-0.016190676018595695,0.4870671033859253,0.6918550729751587,-0.01622300036251545,0.48376622796058655,0.7037128806114197,-0.013259822502732277
0.474403977394104,0.7902841567993164,4.0190482764046465e-07,0.46087607741355896,0.7714632153511047,-0.02211192436516285,0.4562408924102783,0.7387555837631226,-0.03110431879758835,0.47288376092910767,0.7049628496170044,-0.03757072612643242,0.4872390031814575,0.679429292678833,-0.0420125275850296,0.4355899691581726,0.6846556067466736,-0.015793686732649803,0.4201852083206177,0.6383554935455322,-0.02443680912256241,0.4105588495731354,0.6101467609405518,-0.030363472178578377,0.4018591344356537,0.5866134166717529,-0.0342879556119442,0.45498692989349365,0.6770765781402588,-0.011260047554969788,0.45695972442626953,0.6237289309501648,-0.019963430240750313,0.46277156472206116,0.58945631980896,-0.026001615449786186,0.46752023696899414,0.5618083477020264,-0.0288135576993227,0.471761018037796,0.6852059960365295,-0.009230623953044415,0.48013103008270264,0.6691412925720215,-0.022866668179631233,0.4787072241306305,0.6935669183731079,-0.026011522859334946,0.47567373514175415,0.7109823226928711,-0.023418564349412918,0.4859529435634613,0.6989051103591919,-0.009080558083951473,0.4932160973548889,0.6809763312339783,-0.019627347588539124,0.4920486509799957,0.6937440037727356,-0.019689438864588737,0.48911163210868835,0.7052509784698486,-0.016689099371433258
0.4738856852054596,0.7932546138763428,3.9737804513606534e-07,0.4607568383216858,0.773555338382721,-0.022591769695281982,0.45689740777015686,0.7397965788841248,-0.030810948461294174,0.4733099341392517,0.7060383558273315,-0.03632015734910965,0.4874745011329651,0.6813964247703552,-0.039685651659965515,0.4348203241825104,0.6858451962471008,-0.01482089702039957,0.41906261444091797,0.6400035619735718,-0.02328558824956417,0.40911203622817993,0.6120010018348694,-0.02896193228662014,0.4003946781158447,0.5883889198303223,-0.032543525099754333,0.45408087968826294,0.6783481240272522,-0.009953946806490421,0.45639586448669434,0.6244425773620605,-0.018314117565751076,0.46166929602622986,0.5902417302131653,-0.02386840246617794,0.46592992544174194,0.5623846650123596,-0.026173250749707222,0.4706965386867523,0.6861796975135803,-0.007867279462516308,0.48038020730018616,0.6697834134101868,-0.02180221676826477,0.4781775176525116,0.6957145929336548,-0.025405731052160263,0.47404131293296814,0.7128480076789856,-0.02285963110625744,0.4847005605697632,0.6998382806777954,-0.007696416694670916,0.4926587641239166,0.6823243498802185,-0.018219539895653725,0.4905781149864197,0.6969380974769592,-0.018499108031392097,0.486404687166214,0.7092044949531555,-0.015647921711206436
0.4753851890563965,0.8019745349884033,3.946900903883943e-07,0.4616089165210724,0.7848231792449951,-0.0205044224858284,0.45729807019233704,0.7505128383636475,-0.028995690867304802,0.47308042645454407,0.7167344093322754,-0.03546393662691116,0.4869343638420105,0.6916407942771912,-0.0400056354701519,0.43613895773887634,0.6947617530822754,-0.014289147220551968,0.4207322299480438,0.648469090461731,-0.022683734074234962,0.41114741563796997,0.6199856996536255,-0.02853967808187008,0.40257734060287476,0.5963438749313354,-0.032532744109630585,0.45460543036460876,0.6877846717834473,-0.010899576358497143,0.4567081332206726,0.6328732371330261,-0.01955006830394268,0.462755411863327,0.5978587865829468,-0.025832748040556908,0.46757009625434875,0.56987065076828,-0.02892291359603405,0.47110068798065186,0.6965191960334778,-0.009849178604781628,0.4804864227771759,0.6792936325073242,-0.022989900782704353,0.47895339131355286,0.7036148905754089,-0.025841232389211655,0.47543197870254517,0.7209850549697876,-0.023330727592110634,0.4851861298084259,0.7109857797622681,-0.01060330681502819,0.49307939410209656,0.6920678615570068,-0.020554864779114723,0.49151745438575745,0.7057064175605774,-0.02016926370561123,0.48818016052246094,0.718074381351471,-0.017098795622587204
0.47711217403411865,0.8003868460655212,3.9183319699986896e-07,0.46352049708366394,0.7842223048210144,-0.02081848867237568,0.4593203067779541,0.7506442666053772,-0.02973911724984646,0.4752262234687805,0.7170579433441162,-0.036620669066905975,0.4882849454879761,0.6912850737571716,-0.041491828858852386,0.4389566481113434,0.6928870677947998,-0.015838565304875374,0.423370361328125,0.6456571221351624,-0.025082750245928764,0.41370606422424316,0.61695796251297,-0.031018221750855446,0.4049600064754486,0.5927125215530396,-0.03486080467700958,0.4572046995162964,0.6855577826499939,-0.01281654555350542,0.4589442014694214,0.6300457715988159,-0.02269081026315689,0.46502792835235596,0.5944634079933167,-0.02902713045477867,0.4697549641132355,0.5657483339309692,-0.03182709217071533,0.4734049439430237,0.6942522525787354,-0.012124008499085903,0.4836250841617584,0.6784052848815918,-0.026735933497548103,0.48198202252388,0.704208254814148,-0.029211873188614845,0.47787392139434814,0.7222331166267395,-0.02595875784754753,0.4873274862766266,0.7091360688209534,-0.013256475329399109,0.4955217242240906,0.690788209438324,-0.02424287050962448,0.49427321553230286,0.7058085799217224,-0.023443376645445824,0.4908607602119446,0.719241738319397,-0.019734762609004974
0.4747787415981293,0.8027250170707703,3.908267274255195e-07,0.45944514870643616,0.7861362099647522,-0.019488375633955002,0.4547588527202606,0.7525025606155396,-0.028461135923862457,0.4720066785812378,0.7189784646034241,-0.035847440361976624,0.4864925742149353,0.6938120722770691,-0.04155569523572922,0.4353957176208496,0.6953980922698975,-0.014701244421303272,0.42006468772888184,0.6492634415626526,-0.023991653695702553,0.4104413092136383,0.6206238269805908,-0.030318070203065872,0.4021400511264801,0.5968954563140869,-0.03449268266558647,0.4541482925415039,0.6879503130912781,-0.012617100961506367,0.4565860331058502,0.6318082809448242,-0.022105183452367783,0.46234142780303955,0.5966274738311768,-0.028747959062457085,0.46691620349884033,0.5687346458435059,-0.03199193999171257,0.4706583619117737,0.6965484619140625,-0.012747393921017647,0.4802808463573456,0.6773651242256165,-0.026668347418308258,0.478047251701355,0.7011838555335999,-0.029675405472517014,0.4740384817123413,0.718434751033783,-0.027195828035473824,0.4848012924194336,0.711730420589447,-0.014570354484021664,0.4929756820201874,0.6901330351829529,-0.024670539423823357,0.4914928674697876,0.7037283778190613,-0.023769231513142586,0.48815542459487915,0.7163754105567932,-0.020302919670939445
0.4738854467868805,0.8040125370025635,4.0420090385850926e-07,0.46209031343460083,0.7849100232124329,-0.021695269271731377,0.4589419364929199,0.7508060932159424,-0.030604656785726547,0.4747307002544403,0.7172369360923767,-0.03738045319914818,0.4883127212524414,0.6905835270881653,-0.04212845116853714,0.43668732047080994,0.694632887840271,-0.01484716311097145,0.4209896922111511,0.6485791802406311,-0.023928284645080566,0.4114364981651306,0.6199281811714172,-0.029801145195961,0.40312960743904114,0.5958385467529297,-0.03343038633465767,0.45539429783821106,0.6876404285430908,-0.011169224046170712,0.4590736925601959,0.6319688558578491,-0.020861737430095673,0.46539604663848877,0.5965456366539001,-0.02719293162226677,0.47063717246055603,0.5678995847702026,-0.029872000217437744,0.4717256426811218,0.696351945400238,-0.010100127197802067,0.48296308517456055,0.679568350315094,-0.025200003758072853,0.48015016317367554,0.7060433626174927,-0.028793228790163994,0.4757182002067566,0.7233538627624512,-0.026098083704710007,0.48556825518608093,0.7109927535057068,-0.010819811373949051,0.49465301632881165,0.6918058395385742,-0.0216524638235569,0.49243372678756714,0.708568274974823,-0.02130756340920925,0.4887770414352417,0.7220539450645447,-0.017992937937378883
0.4698382318019867,0.8050270676612854,3.975716253989958e-07,0.45509177446365356,0.7863819599151611,-0.018998458981513977,0.45092713832855225,0.753045380115509,-0.027760712429881096,0.46678659319877625,0.7195555567741394,-0.03486964479088783,0.4794016182422638,0.6934763193130493,-0.040020398795604706,0.43222397565841675,0.6952053308486938,-0.014169027097523212,0.4168049991130829,0.6488077044487,-0.02341403253376484,0.4072504937648773,0.6203850507736206,-0.02922210283577442,0.3988224267959595,0.5965151786804199,-0.03260834515094757,0.45167529582977295,0.688421905040741,-0.011778098531067371,0.4549727737903595,0.631754994392395,-0.021229412406682968,0.4607674181461334,0.5962868928909302,-0.026988878846168518,0.4655306339263916,0.5679847002029419,-0.02923867106437683,0.4684430658817291,0.6966604590415955,-0.011640484444797039,0.4780529737472534,0.6801182627677917,-0.02541252039372921,0.4752797782421112,0.7048759460449219,-0.02739907056093216,0.4714759886264801,0.7221691012382507,-0.023841960355639458,0.4824339747428894,0.7103657126426697,-0.013162004761397839,0.48990312218666077,0.6916683316230774,-0.02208101563155651,0.4879648685455322,0.7070400714874268,-0.0199102945625782,0.48553267121315,0.7200584411621094,-0.015437091700732708
0.46859538555145264,0.8093264698982239,4.0067212125904916e-07,0.4516703486442566,0.7898656129837036,-0.01912728138267994,0.44514334201812744,0.7576147317886353,-0.028336968272924423,0.46287858486175537,0.7250403761863708,-0.036153145134449005,0.4784676432609558,0.7008926272392273,-0.04219551384449005,0.42728233337402344,0.7021440267562866,-0.014314049854874611,0.4112473130226135,0.6558865904808044,-0.024035798385739326,0.40132153034210205,0.6273526549339294,-0.03060944750905037,0.3927903175354004,0.6038302183151245,-0.03473725542426109,0.4470917880535126,0.6949993371963501,-0.01247447170317173,0.4485333561897278,0.6391023993492126,-0.02217303402721882,0.4532042145729065,0.6031304001808167,-0.02855985425412655,0.4575102925300598,0.5738194584846497,-0.031418729573488235,0.4649043679237366,0.7034730911254883,-0.0129450848326087,0.47138017416000366,0.6847026944160461,-0.027172494679689407,0.4688904881477356,0.7105377912521362,-0.02958214096724987,0.46614933013916016,0.7286654710769653,-0.02632245607674122,0.48039710521698,0.7181501984596252,-0.015086659230291843,0.4850791096687317,0.6965151429176331,-0.024895699694752693,0.4827960133552551,0.7113755941390991,-0.02308809943497181,0.48051151633262634,0.7243713140487671,-0.018817294389009476
0.4693662226200104,0.808563232421875,4.1261446881435404e-07,0.4525919556617737,0.7889184951782227,-0.019453763961791992,0.44635888934135437,0.7565798759460449,-0.028742756694555283,0.46301835775375366,0.7233043313026428,-0.036508310586214066,0.4773736596107483,0.699233889579773,-0.042367640882730484,0.42762765288352966,0.700042188167572,-0.014705823734402657,0.4105773866176605,0.6532079577445984,-0.024266980588436127,0.4001103341579437,0.6247531175613403,-0.030601628124713898,0.3911847770214081,0.6008139252662659,-0.0345529280602932,0.44728001952171326,0.692094624042511,-0.012415110133588314,0.44792741537094116,0.6357229351997375,-0.021842166781425476,0.45211413502693176,0.5993696451187134,-0.02796628139913082,0.45620647072792053,0.5700430274009705,-0.030672362074255943,0.46511223912239075,0.6996745467185974,-0.012452504597604275,0.4725714921951294,0.6811279058456421,-0.026003513485193253,0.4709049463272095,0.7068098187446594,-0.028075851500034332,0.4686601758003235,0.7252457737922668,-0.024708082899451256,0.4809269905090332,0.7136149406433105,-0.01427500694990158,0.48715469241142273,0.6935368776321411,-0.023255007341504097,0.48527461290359497,0.7083753943443298,-0.021342014893889427,0.4831247627735138,0.7217410206794739,-0.017102088779211044
0.4718722105026245,0.809861421585083,4.234131552038889e-07,0.4553349018096924,0.7928711175918579,-0.021106695756316185,0.44846823811531067,0.7610031962394714,-0.031169557943940163,0.464855432510376,0.7271822690963745,-0.039375994354486465,0.4795663058757782,0.7022779583930969,-0.045602947473526,0.4276367425918579,0.7018139958381653,-0.016762863844633102,0.4103794991970062,0.6546162366867065,-0.026936842128634453,0.39967086911201477,0.625657856464386,-0.033878251910209656,0.3905528783798218,0.6013323068618774,-0.038421619683504105,0.44761964678764343,0.6926349401473999,-0.013958676718175411,0.4480865001678467,0.6358962655067444,-0.024033812806010246,0.4525701701641083,0.5988390445709229,-0.03068098984658718,0.45666271448135376,0.5690129995346069,-0.033867549151182175,0.46544861793518066,0.6997752785682678,-0.013550086878240108,0.4728526771068573,0.6811692118644714,-0.027791045606136322,0.4722229242324829,0.7072588801383972,-0.030041886493563652,0.4702692925930023,0.7263442277908325,-0.02675860933959484,0.4810829758644104,0.7137210965156555,-0.01507280021905899,0.48732736706733704,0.6927801966667175,-0.025097034871578217,0.48645415902137756,0.7075058221817017,-0.023619351908564568,0.48417386412620544,0.7216373682022095,-0.019570691511034966
0.471844881772995,0.810741662979126,4.201868080144777e-07,0.4555792510509491,0.7936103940010071,-0.02075326256453991,0.44910547137260437,0.7619197368621826,-0.030763618648052216,0.46487849950790405,0.7286604642868042,-0.03906547650694847,0.4796539545059204,0.7037461400032043,-0.04544224217534065,0.42831096053123474,0.7028154134750366,-0.016607876867055893,0.4115411043167114,0.6554767489433289,-0.02672346495091915,0.40119925141334534,0.6261385083198547,-0.033575639128685,0.3925688862800598,0.6013861298561096,-0.038113124668598175,0.44786950945854187,0.6935818791389465,-0.014171482063829899,0.4487425982952118,0.636685848236084,-0.024252280592918396,0.45335182547569275,0.5995702743530273,-0.030996223911643028,0.4575217664241791,0.5699472427368164,-0.03435111790895462,0.4653969407081604,0.7005340456962585,-0.014124756678938866,0.4731820225715637,0.6819524168968201,-0.028400728479027748,0.47189977765083313,0.7078953981399536,-0.031125569716095924,0.46921172738075256,0.7265008091926575,-0.028336437419056892,0.4808085262775421,0.7143222689628601,-0.015978820621967316,0.48720625042915344,0.6929003596305847,-0.0260196290910244,0.4857310354709625,0.7078619599342346,-0.02499072626233101,0.48285725712776184,0.7219966053962708,-0.02145916409790516
0.47013914585113525,0.8117119073867798,4.1612287304815254e-07,0.4532943367958069,0.7939709424972534,-0.019653575494885445,0.44675058126449585,0.7603521943092346,-0.02895858697593212,0.4628041982650757,0.7264905571937561,-0.03680412843823433,0.4771067798137665,0.7008337378501892,-0.04276377335190773,0.42599937319755554,0.7029760479927063,-0.015103795565664768,0.40870046615600586,0.655971884727478,-0.02478777803480625,0.39835405349731445,0.6269869208335876,-0.03101818822324276,0.389751136302948,0.6026167869567871,-0.035032350569963455,0.44560495018959045,0.6939568519592285,-0.013187156058847904,0.44660842418670654,0.6364904642105103,-0.023272804915905,0.45127543807029724,0.5996406674385071,-0.029840288683772087,0.45559510588645935,0.5700268745422363,-0.032910190522670746,0.46307316422462463,0.7008758783340454,-0.013636376708745956,0.4714951515197754,0.682788074016571,-0.028151286765933037,0.46954473853111267,0.7107335925102234,-0.03075411543250084,0.4663223922252655,0.7291247844696045,-0.027762319892644882,0.47828564047813416,0.714256763458252,-0.01587691530585289,0.48497655987739563,0.6944716572761536,-0.025916989892721176,0.4830254912376404,0.7120392918586731,-0.02471539005637169,0.4800213873386383,0.7264076471328735,-0.021083852276206017
0.46978962421417236,0.8139898777008057,4.1269504436058924e-07,0.4534202218055725,0.7957436442375183,-0.020288683474063873,0.446981817483902,0.7624978423118591,-0.02969163842499256,0.4629785716533661,0.7282587885856628,-0.037577949464321136,0.47811856865882874,0.7024639844894409,-0.04361182078719139,0.42598894238471985,0.7050978541374207,-0.014930411241948605,0.4088916480541229,0.6580719947814941,-0.024646198377013206,0.39830225706100464,0.6288638114929199,-0.03122233971953392,0.3896371126174927,0.6042574644088745,-0.03558674082159996,0.44557926058769226,0.6960339546203613,-0.01271217130124569,0.44664478302001953,0.6388676762580872,-0.022689351812005043,0.451375275850296,0.6017858386039734,-0.029599808156490326,0.45585066080093384,0.5720772743225098,-0.033026568591594696,0.46317628026008606,0.7031305432319641,-0.012936755083501339,0.47115638852119446,0.6848188638687134,-0.0275086872279644,0.4691082835197449,0.7120051383972168,-0.030623557046055794,0.4659135937690735,0.7305555939674377,-0.02801697514951229,0.4785909652709961,0.7168393135070801,-0.014994204044342041,0.4849180579185486,0.6957836747169495,-0.025289053097367287,0.48273342847824097,0.7127241492271423,-0.02447552978992462,0.47949647903442383,0.727216362953186,-0.021128572523593903
0.46970775723457336,0.8149981498718262,4.101392505617696e-07,0.45225006341934204,0.7964490056037903,-0.01971973106265068,0.44544970989227295,0.7626074552536011,-0.0285260658711195,0.46273237466812134,0.7285318970680237,-0.03580569475889206,0.47864434123039246,0.7041974067687988,-0.04119715094566345,0.42551571130752563,0.705260157585144,-0.014338434673845768,0.40852877497673035,0.6580008864402771,-0.02354695089161396,0.39813363552093506,0.6288683414459229,-0.029744204133749008,0.3896349370479584,0.6042507290840149,-0.03384941443800926,0.4454859793186188,0.696251392364502,-0.012223242782056332,0.4466952085494995,0.6392078995704651,-0.021489594131708145,0.45128634572029114,0.6023576259613037,-0.027872271835803986,0.4558393657207489,0.5730616450309753,-0.031027670949697495,0.4630794823169708,0.703206479549408,-0.012569570913910866,0.47098439931869507,0.6847715973854065,-0.0264752097427845,0.46879842877388,0.7118594646453857,-0.029529018327593803,0.465707391500473,0.7303311228752136,-0.026994479820132256,0.47860389947891235,0.7165178656578064,-0.014754816889762878,0.4851016402244568,0.6956335306167603,-0.024501550942659378,0.4828108549118042,0.711716890335083,-0.023753313347697258,0.47949284315109253,0.7257165312767029,-0.020572617650032043
0.470005601644516,0.8151053786277771,4.115227909551322e-07,0.45284953713417053,0.7974655628204346,-0.01884418912231922,0.44614970684051514,0.7643810510635376,-0.02788943238556385,0.4619855582714081,0.7306767702102661,-0.03569744899868965,0.4763776957988739,0.7051700949668884,-0.04171277955174446,0.4263879954814911,0.7051592469215393,-0.014308758080005646,0.40998098254203796,0.65711510181427,-0.023313317447900772,0.3998745083808899,0.6276810765266418,-0.029381580650806427,0.3916512727737427,0.6030522584915161,-0.03346938267350197,0.4461718797683716,0.6964314579963684,-0.012790407054126263,0.44792982935905457,0.6391201019287109,-0.022070590406656265,0.4529406726360321,0.6021779179573059,-0.028988556936383247,0.4576447308063507,0.5730487108230591,-0.03269504755735397,0.46353358030319214,0.7036423683166504,-0.013489553704857826,0.4711000919342041,0.6838707327842712,-0.026995830237865448,0.4693729281425476,0.7089462876319885,-0.030412256717681885,0.4666157066822052,0.7269461154937744,-0.02847883850336075,0.47870486974716187,0.7174449563026428,-0.015909994021058083,0.48495519161224365,0.6953796148300171,-0.025197403505444527,0.48304083943367004,0.7101916670799255,-0.024451669305562973,0.4801989495754242,0.7239865660667419,-0.021479668095707893
0.46878930926322937,0.8146621584892273,4.11636619901401e-07,0.4525410830974579,0.7963212728500366,-0.019046887755393982,0.44575509428977966,0.7632369995117188,-0.028108643367886543,0.4608924984931946,0.7294303178787231,-0.03583647310733795,0.4755997359752655,0.7048385143280029,-0.0416874960064888,0.42563751339912415,0.7050061821937561,-0.014557418413460255,0.4088182747364044,0.6569331288337708,-0.024044161662459373,0.3987185060977936,0.6273280382156372,-0.030375342816114426,0.3902095556259155,0.6025561094284058,-0.034510333091020584,0.44530153274536133,0.6962181329727173,-0.012680414132773876,0.4473714530467987,0.6386322975158691,-0.02231069654226303,0.45263707637786865,0.60139399766922,-0.028928397223353386,0.4572356939315796,0.5718381404876709,-0.03216389939188957,0.46241578459739685,0.7030341029167175,-0.013063380494713783,0.4699264466762543,0.6839607357978821,-0.02678649127483368,0.4683316648006439,0.7093235850334167,-0.029462359845638275,0.46558094024658203,0.727604866027832,-0.0266419630497694,0.4773315489292145,0.7160807251930237,-0.015216078609228134,0.4832880198955536,0.6943618059158325,-0.024533236399292946,0.4817386567592621,0.7079544067382812,-0.023335695266723633,0.47903597354888916,0.7207596898078918,-0.01976410299539566
0.46587327122688293,0.8164819478988647,4.092873950867215e-07,0.44983020424842834,0.7988165616989136,-0.01988302171230316,0.4439115524291992,0.7651978135108948,-0.029083741828799248,0.4604397416114807,0.7312092185020447,-0.036846403032541275,0.4748367965221405,0.7054007649421692,-0.04266650974750519,0.42344677448272705,0.7067996263504028,-0.014538956806063652,0.40635985136032104,0.6594665050506592,-0.024308202788233757,0.3959650993347168,0.6299532055854797,-0.03056383691728115,0.38755789399147034,0.6049211025238037,-0.03456179052591324,0.4427044093608856,0.6974056363105774,-0.012654691934585571,0.44453901052474976,0.6398836970329285,-0.022763026878237724,0.4495988190174103,0.6028515696525574,-0.029293227940797806,0.45431938767433167,0.572936475276947,-0.03227107971906662,0.45969030261039734,0.7041323781013489,-0.01324665080755949,0.4681759476661682,0.6856510043144226,-0.02791750803589821,0.46554672718048096,0.7133089900016785,-0.030709989368915558,0.46205922961235046,0.7314808964729309,-0.027758382260799408,0.47461259365081787,0.7174489498138428,-0.01567009650170803,0.4812498688697815,0.697464108467102,-0.025583429262042046,0.4787978529930115,0.7144127488136292,-0.02442648634314537,0.47578102350234985,0.728243350982666,-0.020821448415517807
0.4664151966571808,0.8159047961235046,4.0413470969724585e-07,0.4491717517375946,0.7991211414337158,-0.018485134467482567,0.4428127110004425,0.766393780708313,-0.02771371230483055,0.4589410424232483,0.7336443662643433,-0.036013614386320114,0.4741479158401489,0.70950847864151,-0.0425926148891449,0.42317426204681396,0.7079578638076782,-0.014033140614628792,0.4064042270183563,0.660754919052124,-0.02417055331170559,0.3959064483642578,0.6312539577484131,-0.03062765672802925,0.38751840591430664,0.6065786480903625,-0.034782297909259796,0.4428195655345917,0.6988848447799683,-0.013325357809662819,0.4443288743495941,0.6413871049880981,-0.02400323562324047,0.44890475273132324,0.6045107245445251,-0.031013859435915947,0.4534907639026642,0.5748596787452698,-0.03433502838015556,0.46063387393951416,0.7058007717132568,-0.014910881407558918,0.46795523166656494,0.6866289377212524,-0.029647044837474823,0.4650643467903137,0.7134973406791687,-0.03232096508145332,0.46199363470077515,0.731375515460968,-0.02938431315124035,0.47627735137939453,0.7195022702217102,-0.018223386257886887,0.4815235733985901,0.6986433863639832,-0.027958836406469345,0.47833624482154846,0.7153739333152771,-0.02645433135330677,0.4754257798194885,0.7293189167976379,-0.022670017555356026
0.46802225708961487,0.8158197402954102,4.094349890237936e-07,0.45081019401550293,0.8000593781471252,-0.019372504204511642,0.44429919123649597,0.7673107385635376,-0.028461145237088203,0.46060284972190857,0.7334186434745789,-0.036233048886060715,0.47568872570991516,0.708405613899231,-0.042158935219049454,0.4238278269767761,0.7090210914611816,-0.014994025230407715,0.40660521388053894,0.6617531180381775,-0.024760939180850983,0.39589694142341614,0.6323345303535461,-0.03081764653325081,0.3872377276420593,0.6076187491416931,-0.03471989929676056,0.4433336555957794,0.6994119882583618,-0.013682937249541283,0.4446243941783905,0.6419203877449036,-0.023853087797760963,0.44895729422569275,0.6047340631484985,-0.030347425490617752,0.453307181596756,0.5753234028816223,-0.033352967351675034,0.4608635902404785,0.7059371471405029,-0.01476028561592102,0.46900674700737,0.6871063113212585,-0.02923683263361454,0.46593302488327026,0.7147513031959534,-0.03186585381627083,0.46216291189193726,0.7325604557991028,-0.02898551896214485,0.47624585032463074,0.7193068861961365,-0.017664572224020958,0.48232194781303406,0.6991000771522522,-0.027542712166905403,0.4791508913040161,0.7166516780853271,-0.02639414556324482,0.4754731059074402,0.7309655547142029,-0.022912800312042236
0.46835219860076904,0.8152065873146057,4.167445695202332e-07,0.451565682888031,0.7990931272506714,-0.01932276040315628,0.44493019580841064,0.7678223848342896,-0.0289499182254076,0.46116894483566284,0.7348898649215698,-0.03725529834628105,0.4758087992668152,0.709642231464386,-0.04362695664167404,0.42454567551612854,0.7077500224113464,-0.015573838725686073,0.4072566628456116,0.6606938242912292,-0.02550610899925232,0.3966275453567505,0.6311985850334167,-0.031601741909980774,0.38786351680755615,0.6064502000808716,-0.03546486422419548,0.4436059594154358,0.6980644464492798,-0.014218033291399479,0.4451563060283661,0.6410681009292603,-0.024550925940275192,0.44972553849220276,0.603858470916748,-0.03089069202542305,0.45405903458595276,0.5743412971496582,-0.03373689949512482,0.46079370379447937,0.7043464779853821,-0.015200674533843994,0.46939700841903687,0.6869877576828003,-0.029507983475923538,0.46688032150268555,0.7145481705665588,-0.03165217489004135,0.4633805453777313,0.732542097568512,-0.028443392366170883,0.4760771095752716,0.7172913551330566,-0.018043827265501022,0.4823601245880127,0.698182225227356,-0.0275744516402483,0.4801710844039917,0.7154344320297241,-0.025980710983276367,0.47735121846199036,0.7296162843704224,-0.022129736840724945
0.4702099859714508,0.8142884969711304,4.175399794803525e-07,0.45302140712738037,0.7994384765625,-0.019868360832333565,0.44572317600250244,0.7688745856285095,-0.029978400096297264,0.4616566002368927,0.736066460609436,-0.03866184875369072,0.4764120876789093,0.7104049921035767,-0.0453987717628479,0.4261236786842346,0.7077435255050659,-0.01692795567214489,0.40889179706573486,0.6602336168289185,-0.02732250466942787,0.3982677757740021,0.6305456757545471,-0.03370252251625061,0.38963472843170166,0.6056007146835327,-0.03781785070896149,0.44518083333969116,0.6978333592414856,-0.015466797165572643,0.44628649950027466,0.6407199501991272,-0.026295607909560204,0.4509994089603424,0.6034879684448242,-0.03294293209910393,0.4554646909236908,0.5740230679512024,-0.03607163950800896,0.4621962308883667,0.7039957642555237,-0.016332358121871948,0.4701513350009918,0.6860440373420715,-0.031041378155350685,0.46829870343208313,0.7130651473999023,-0.03338538482785225,0.4649240970611572,0.7309888601303101,-0.030372053384780884,0.4775197505950928,0.7170141935348511,-0.019075851887464523,0.48384153842926025,0.6962759494781494,-0.02893817611038685,0.4820218086242676,0.712967038154602,-0.027562478557229042,0.47876837849617004,0.7273713946342468,-0.023934204131364822
0.47133421897888184,0.8148083686828613,4.210645840885263e-07,0.4537964463233948,0.8002477884292603,-0.020366353914141655,0.4463322162628174,0.7696143388748169,-0.030550455674529076,0.46213868260383606,0.7359768748283386,-0.03918563202023506,0.4774238169193268,0.7103638052940369,-0.045893292874097824,0.4264582395553589,0.708678126335144,-0.017241599038243294,0.4094904065132141,0.6605994701385498,-0.027604026719927788,0.3988790512084961,0.6310112476348877,-0.034156691282987595,0.3903115391731262,0.6060861945152283,-0.03845742344856262,0.445851594209671,0.6986724734306335,-0.015393039211630821,0.4471711218357086,0.6418260335922241,-0.026073383167386055,0.45154130458831787,0.6043072938919067,-0.03299974277615547,0.45581263303756714,0.5744429230690002,-0.03648652508854866,0.46302536129951477,0.7046729326248169,-0.01587652787566185,0.471113920211792,0.6862423419952393,-0.03034045360982418,0.4694555997848511,0.7123866081237793,-0.033003341406583786,0.46660667657852173,0.730482816696167,-0.030346043407917023,0.47828543186187744,0.7174779176712036,-0.0182869303971529,0.4847724735736847,0.6969671845436096,-0.028181349858641624,0.48277536034584045,0.713045597076416,-0.027166053652763367,0.4796176552772522,0.7275806069374084,-0.023834751918911934
0.4719015657901764,0.8162854313850403,4.1102700265582826e-07,0.45485377311706543,0.7993593215942383,-0.018651720136404037,0.4480554461479187,0.7673215270042419,-0.027835268527269363,0.4640592336654663,0.7340120077133179,-0.03577852249145508,0.4779859185218811,0.7086440920829773,-0.041801247745752335,0.42796674370765686,0.7088690996170044,-0.015120076015591621,0.41043326258659363,0.6614220142364502,-0.025053080171346664,0.39977917075157166,0.6318858861923218,-0.031246889382600784,0.39102277159690857,0.6071827411651611,-0.03512592241168022,0.4469878077507019,0.6995605230331421,-0.014064302667975426,0.44846445322036743,0.6422014236450195,-0.02431081049144268,0.4531182646751404,0.604785144329071,-0.030835343524813652,0.4576806426048279,0.5750786662101746,-0.03381456062197685,0.4639661908149719,0.7061520218849182,-0.015264451503753662,0.47224700450897217,0.6885121464729309,-0.029552102088928223,0.46992918848991394,0.7153880596160889,-0.03192063048481941,0.46678197383880615,0.7333695292472839,-0.02883950248360634,0.47933143377304077,0.719455361366272,-0.01822878047823906,0.4856647551059723,0.6998026967048645,-0.027637284249067307,0.4836667478084564,0.716567873954773,-0.025911783799529076,0.4810605049133301,0.7312697172164917,-0.02195548266172409
0.4712619483470917,0.8162038326263428,4.151122254825168e-07,0.45396092534065247,0.8011519908905029,-0.01918533258140087,0.44668227434158325,0.7702333927154541,-0.028878478333353996,0.4628414213657379,0.7377372980117798,-0.03724030405282974,0.4777577519416809,0.7129252552986145,-0.04370012506842613,0.4272327721118927,0.7083678245544434,-0.016313431784510612,0.41038769483566284,0.6611027717590332,-0.026406997814774513,0.3999362587928772,0.631493330001831,-0.03293827921152115,0.39139634370803833,0.6064820289611816,-0.03734409809112549,0.44647663831710815,0.6983578205108643,-0.015147547237575054,0.4485175609588623,0.6417909264564514,-0.02542131207883358,0.4535631835460663,0.6045650243759155,-0.03219733014702797,0.4584452509880066,0.5751144886016846,-0.035721175372600555,0.46358662843704224,0.7047677040100098,-0.016219526529312134,0.4721090495586395,0.6867807507514954,-0.0299461018294096,0.4701181650161743,0.7129039168357849,-0.032211557030677795,0.4670712947845459,0.7307575345039368,-0.029551297426223755,0.47897812724113464,0.7182061076164246,-0.019200056791305542,0.4855765700340271,0.698521614074707,-0.028561249375343323,0.48350754380226135,0.7144425511360168,-0.02728687971830368,0.4805563688278198,0.7286149263381958,-0.023913050070405006
0.4712025821208954,0.81528240442276,4.170034060280159e-07,0.45437103509902954,0.7986509799957275,-0.018926303833723068,0.4474247097969055,0.7677367925643921,-0.028677916154265404,0.46374601125717163,0.7351757287979126,-0.03728508949279785,0.4795481562614441,0.7108158469200134,-0.04401765763759613,0.42714816331863403,0.7069936394691467,-0.015429852530360222,0.41050371527671814,0.6603471040725708,-0.025877345353364944,0.40016478300094604,0.6307972073554993,-0.03249545767903328,0.39184561371803284,0.6057339906692505,-0.036769721657037735,0.44635459780693054,0.6976606249809265,-0.014555631205439568,0.4487982988357544,0.6417441964149475,-0.02526635117828846,0.45390594005584717,0.6045653820037842,-0.03184651583433151,0.4588986337184906,0.5749779343605042,-0.03493860736489296,0.46349093317985535,0.7045126557350159,-0.0160219669342041,0.472888320684433,0.6881574988365173,-0.03056367114186287,0.47019606828689575,0.7155762910842896,-0.03264569863677025,0.46661871671676636,0.7333877682685852,-0.029479246586561203,0.47869181632995605,0.7185152769088745,-0.019358869642019272,0.48583677411079407,0.7008606791496277,-0.029156304895877838,0.4829379916191101,0.7189483046531677,-0.02755512297153473,0.4791642427444458,0.733784019947052,-0.023740209639072418
0.4704384207725525,0.815670371055603,4.2364325736343744e-07,0.45307424664497375,0.8009244799613953,-0.01954139769077301,0.44597870111465454,0.7702749967575073,-0.029689135029911995,0.46193385124206543,0.7374809384346008,-0.03848335146903992,0.4773218333721161,0.7124174237251282,-0.04543325677514076,0.42685937881469727,0.7079029679298401,-0.016896847635507584,0.41023632884025574,0.6603418588638306,-0.027246149256825447,0.4001278877258301,0.6305617094039917,-0.033791523426771164,0.39202815294265747,0.6054759621620178,-0.038128189742565155,0.44638901948928833,0.6984934210777283,-0.015597731806337833,0.4494204521179199,0.6420361995697021,-0.026262804865837097,0.4549352526664734,0.6049442291259766,-0.03312058374285698,0.4601985514163971,0.5754402875900269,-0.03661096841096878,0.46353915333747864,0.7054531574249268,-0.016545632854104042,0.47257697582244873,0.6883606314659119,-0.03073074482381344,0.4699295163154602,0.7151286005973816,-0.033030811697244644,0.46657809615135193,0.7327430248260498,-0.030287669971585274,0.47858425974845886,0.719370424747467,-0.019375035539269447,0.4853983223438263,0.7001927495002747,-0.029091117903590202,0.48274052143096924,0.7173699140548706,-0.02784949168562889,0.47936776280403137,0.7319444417953491,-0.02444203943014145
0.47095292806625366,0.8167687058448792,4.181755457466352e-07,0.4539462924003601,0.8023040890693665,-0.018908323720097542,0.44649288058280945,0.7718005180358887,-0.02885889634490013,0.4619400203227997,0.7390260100364685,-0.03760945796966553,0.4769493639469147,0.7141027450561523,-0.04453446343541145,0.42728739976882935,0.7094273567199707,-0.01674668863415718,0.4109126627445221,0.6615591049194336,-0.027295546606183052,0.4007982015609741,0.6316912174224854,-0.03401393070816994,0.39256319403648376,0.6062835454940796,-0.03854428976774216,0.44681087136268616,0.6996495127677917,-0.015777066349983215,0.44964197278022766,0.6428511738777161,-0.026721062138676643,0.4552750885486603,0.6056001782417297,-0.03362743929028511,0.4605405628681183,0.5757116675376892,-0.03716342896223068,0.46387338638305664,0.7062087655067444,-0.016967451199889183,0.4727175235748291,0.6879984140396118,-0.031237032264471054,0.4704737365245819,0.7145416736602783,-0.03317749500274658,0.46733957529067993,0.7324142456054688,-0.030169593170285225,0.4789036214351654,0.7198544144630432,-0.02001815102994442,0.4857606887817383,0.7004136443138123,-0.029743624851107597,0.4834170937538147,0.7168553471565247,-0.028284691274166107,0.4804180860519409,0.7312036156654358,-0.024686958640813828
0.4720427393913269,0.8183298110961914,4.141471094953886e-07,0.45484575629234314,0.801361083984375,-0.01918681338429451,0.4481576681137085,0.7692460417747498,-0.028553450480103493,0.46512675285339355,0.7363227009773254,-0.03660549595952034,0.4809601902961731,0.7121522426605225,-0.042736779898405075,0.42892777919769287,0.7089345455169678,-0.015177519991993904,0.412440687417984,0.6609248518943787,-0.024880176410079002,0.4023383557796478,0.6313956379890442,-0.031239956617355347,0.3942068815231323,0.6064274311065674,-0.03542095795273781,0.4486003816127777,0.6999468803405762,-0.013766602613031864,0.4509141743183136,0.6430910229682922,-0.023527072742581367,0.4561211168766022,0.6058165431022644,-0.030114958062767982,0.46134012937545776,0.5764422416687012,-0.03337419778108597,0.46609196066856384,0.7071090936660767,-0.014656120911240578,0.47438734769821167,0.6882326602935791,-0.028302576392889023,0.4727337062358856,0.7136335372924805,-0.030698221176862717,0.47020789980888367,0.7315338253974915,-0.027844863012433052,0.4818287193775177,0.7212520837783813,-0.017401020973920822,0.48823419213294983,0.7003055810928345,-0.026543689891695976,0.48648756742477417,0.7153239250183105,-0.024976687505841255,0.4840768575668335,0.7294437289237976,-0.021196650341153145
0.47144240140914917,0.8176906704902649,4.170085503574228e-07,0.454390287399292,0.801552414894104,-0.020221300423145294,0.4478280544281006,0.769086480140686,-0.029923612251877785,0.4654208719730377,0.7354177236557007,-0.03802930563688278,0.4814130365848541,0.7100781202316284,-0.0442456491291523,0.4278796315193176,0.7092987298965454,-0.016676580533385277,0.41136038303375244,0.6612319946289062,-0.026749588549137115,0.40117982029914856,0.6315869688987732,-0.03328884392976761,0.39300209283828735,0.6063582301139832,-0.0375877283513546,0.44772207736968994,0.6996614933013916,-0.014800586737692356,0.4499704837799072,0.6425087451934814,-0.024727007374167442,0.4550026059150696,0.6053512096405029,-0.031466953456401825,0.46001753211021423,0.5753504633903503,-0.03491075336933136,0.4652855396270752,0.7066482305526733,-0.01527322269976139,0.4736297130584717,0.6884951591491699,-0.029285257682204247,0.4717365801334381,0.7149756550788879,-0.03210311383008957,0.4692569077014923,0.733099639415741,-0.02951604686677456,0.48082974553108215,0.7208407521247864,-0.01765717938542366,0.4871133267879486,0.7005881667137146,-0.027301926165819168,0.48516958951950073,0.7158253192901611,-0.026252400130033493,0.4828793406486511,0.7298570275306702,-0.02284993603825569
0.4710569679737091,0.8177964687347412,4.2211036088701803e-07,0.4534715414047241,0.802086353302002,-0.0208880752325058,0.4465799927711487,0.7704790234565735,-0.03128918260335922,0.46441999077796936,0.7375379800796509,-0.040003642439842224,0.48109668493270874,0.7123357057571411,-0.04685565084218979,0.42776137590408325,0.7097798585891724,-0.018032977357506752,0.4113907516002655,0.6617453694343567,-0.02864108607172966,0.40119630098342896,0.6319775581359863,-0.03552289679646492,0.39309072494506836,0.6066901683807373,-0.04006974399089813,0.4477563202381134,0.7002533674240112,-0.016020579263567924,0.450254887342453,0.6432840824127197,-0.026438776403665543,0.455355703830719,0.6060594320297241,-0.033350370824337006,0.4604549705982208,0.5759031772613525,-0.03694679215550423,0.4654252231121063,0.7073516249656677,-0.016387850046157837,0.47406136989593506,0.6891573667526245,-0.03081635572016239,0.4718102514743805,0.7157787084579468,-0.033764518797397614,0.46901780366897583,0.7340543270111084,-0.03130441531538963,0.48105549812316895,0.7217625379562378,-0.018715132027864456,0.48778247833251953,0.7013003826141357,-0.028880683705210686,0.48524010181427,0.7169600129127502,-0.028157560154795647,0.4820973575115204,0.7314229011535645,-0.025001853704452515
0.47044822573661804,0.8189281225204468,4.1058288502426876e-07,0.45340484380722046,0.8038300275802612,-0.0199482049793005,0.44654005765914917,0.7721242308616638,-0.02998790144920349,0.46342790126800537,0.7377289533615112,-0.038651615381240845,0.47903895378112793,0.7110545635223389,-0.04543347284197807,0.42686837911605835,0.7099606990814209,-0.01664911024272442,0.4102867543697357,0.6620743870735168,-0.026978543028235435,0.39991259574890137,0.6325386762619019,-0.03355446457862854,0.39177194237709045,0.6074005961418152,-0.037875622510910034,0.4467586576938629,0.7000157833099365,-0.015193238854408264,0.44904056191444397,0.6427964568138123,-0.025712983682751656,0.45407184958457947,0.6053684949874878,-0.0326404795050621,0.45912134647369385,0.5752241015434265,-0.03616129606962204,0.4643797278404236,0.7070879936218262,-0.01603381335735321,0.47250986099243164,0.6882205605506897,-0.030519261956214905,0.4700820744037628,0.7152787446975708,-0.03312429040670395,0.4674772024154663,0.7338137030601501,-0.030391497537493706,0.4799844026565552,0.7218154072761536,-0.018750431016087532,0.4860847294330597,0.7011149525642395,-0.028659412637352943,0.48333388566970825,0.717831015586853,-0.027472348883748055,0.48067083954811096,0.7328316569328308,-0.023967433720827103
0.46848246455192566,0.8197581768035889,4.1449220589129254e-07,0.4511161744594574,0.8039196133613586,-0.019971070811152458,0.44482657313346863,0.7713943719863892,-0.029938317835330963,0.46279841661453247,0.7377191781997681,-0.038464151322841644,0.47874513268470764,0.7123439908027649,-0.04523283988237381,0.4256991744041443,0.7114042639732361,-0.017392657697200775,0.40941357612609863,0.6630103588104248,-0.02815844491124153,0.39912521839141846,0.6331680417060852,-0.03507674112915993,0.39071041345596313,0.6079796552658081,-0.03962419927120209,0.445963054895401,0.7018334269523621,-0.016077816486358643,0.44789135456085205,0.6442775726318359,-0.026711924001574516,0.45252352952957153,0.6070855855941772,-0.033757105469703674,0.4569876492023468,0.5767658352851868,-0.03738105297088623,0.4639122784137726,0.709194004535675,-0.017041953280568123,0.4717476963996887,0.6899948716163635,-0.031748995184898376,0.46968358755111694,0.717188835144043,-0.03441169857978821,0.467092365026474,0.7356104254722595,-0.03168870508670807,0.47948339581489563,0.7242031693458557,-0.019874123856425285,0.4852970838546753,0.7033867239952087,-0.030381815508008003,0.48260194063186646,0.7199833989143372,-0.02936081402003765,0.47951558232307434,0.7351663112640381,-0.025867370888590813
0.4685128629207611,0.8201555609703064,4.1373672843292297e-07,0.4518364369869232,0.8045026063919067,-0.021703651174902916,0.445782870054245,0.7715007662773132,-0.03167097270488739,0.4637548625469208,0.7375912666320801,-0.0396222285926342,0.4797276258468628,0.7116528153419495,-0.045599568635225296,0.4258801341056824,0.71232008934021,-0.01845811866223812,0.4093517065048218,0.6644111275672913,-0.02923661470413208,0.3989296853542328,0.6347739100456238,-0.036234259605407715,0.39060044288635254,0.6095228791236877,-0.04087662324309349,0.44621336460113525,0.702379047870636,-0.016027171164751053,0.44818103313446045,0.6450743675231934,-0.02636331506073475,0.45288196206092834,0.6077651977539062,-0.0335027277469635,0.4573111832141876,0.5769062042236328,-0.03735602647066116,0.4638599157333374,0.7094480991363525,-0.016067368909716606,0.47211071848869324,0.6893614530563354,-0.03078158013522625,0.47091615200042725,0.7154598832130432,-0.03413901850581169,0.46864232420921326,0.7337141036987305,-0.03192197531461716,0.47892096638679504,0.7239323258399963,-0.01812579855322838,0.4852728843688965,0.7037919759750366,-0.02911021187901497,0.48340123891830444,0.718421220779419,-0.029047580435872078,0.48048466444015503,0.7326508164405823,-0.026199370622634888
0.4688212275505066,0.8199278712272644,4.107039046630234e-07,0.45128872990608215,0.8040456771850586,-0.02005038410425186,0.44389134645462036,0.7718814015388489,-0.02980729006230831,0.46213412284851074,0.7383624315261841,-0.038127217441797256,0.4787948727607727,0.7135307788848877,-0.04464506357908249,0.42482343316078186,0.7123843431472778,-0.01697508804500103,0.4082404375076294,0.6648220419883728,-0.02778646908700466,0.39792999625205994,0.6351641416549683,-0.03480794280767441,0.38967183232307434,0.6098397970199585,-0.03951694071292877,0.44507354497909546,0.7024041414260864,-0.01573631726205349,0.4466247260570526,0.64554762840271,-0.02633550390601158,0.45114055275917053,0.6084359288215637,-0.0334291011095047,0.45565563440322876,0.5778919458389282,-0.03718844801187515,0.46309173107147217,0.7095332145690918,-0.016907984390854836,0.4708009362220764,0.6908113956451416,-0.03178919479250908,0.4689481556415558,0.7183475494384766,-0.03474714979529381,0.4665818214416504,0.7368269562721252,-0.03223199397325516,0.4788222014904022,0.7244239449501038,-0.019985435530543327,0.4842897653579712,0.7047449946403503,-0.030698977410793304,0.4815305173397064,0.7209741473197937,-0.03008687123656273,0.47828197479248047,0.7356449365615845,-0.02694835141301155
0.4694499373435974,0.8209665417671204,4.035041172301135e-07,0.45092058181762695,0.8046075105667114,-0.01988990046083927,0.4432411789894104,0.7721233367919922,-0.029540803283452988,0.4615122079849243,0.7389020919799805,-0.03783533349633217,0.4780275523662567,0.7144294381141663,-0.044355008751153946,0.42538684606552124,0.7122171521186829,-0.01696888543665409,0.40884461998939514,0.6643122434616089,-0.027778958901762962,0.39860767126083374,0.6345338821411133,-0.034945279359817505,0.39045125246047974,0.6091586947441101,-0.03983302786946297,0.4461638629436493,0.7022563815116882,-0.015867820009589195,0.447306752204895,0.6450780034065247,-0.026390662416815758,0.4517265856266022,0.6075671315193176,-0.03392094373703003,0.4563639461994171,0.5769925117492676,-0.03814661502838135,0.4644584655761719,0.7095367908477783,-0.0171122495085001,0.47126394510269165,0.6890624761581421,-0.031829506158828735,0.47018197178840637,0.7146975994110107,-0.03526097908616066,0.4686238765716553,0.733055055141449,-0.03322065994143486,0.48052939772605896,0.7247468829154968,-0.020243758335709572,0.4855739176273346,0.7037798166275024,-0.030963623896241188,0.48325812816619873,0.7178881764411926,-0.030715012922883034,0.48041337728500366,0.7320459485054016,-0.027891529724001884
0.47002214193344116,0.8198251724243164,4.106292976757686e-07,0.4518858790397644,0.8038500547409058,-0.019668735563755035,0.44409888982772827,0.771534264087677,-0.02953275851905346,0.46192076802253723,0.7383654713630676,-0.03805142641067505,0.4782400131225586,0.7134758830070496,-0.04489876329898834,0.4248321056365967,0.7113459706306458,-0.017370184883475304,0.4087156057357788,0.6632422804832458,-0.028245357796549797,0.3986007869243622,0.6334565281867981,-0.035482559353113174,0.390359103679657,0.6081768870353699,-0.04044460877776146,0.4455857276916504,0.701388418674469,-0.01629074662923813,0.4471643269062042,0.6444294452667236,-0.02685065194964409,0.45198383927345276,0.607142984867096,-0.03426804021000862,0.4566608667373657,0.5765650272369385,-0.03842804208397865,0.46387824416160583,0.7085784077644348,-0.01747008226811886,0.47089883685112,0.6892452239990234,-0.03218130022287369,0.4695814549922943,0.7155051827430725,-0.035466644912958145,0.467730849981308,0.7338739633560181,-0.03339188173413277,0.4796772301197052,0.7236574292182922,-0.020487956702709198,0.4848705232143402,0.7037889361381531,-0.03141351044178009,0.4824826121330261,0.7193213701248169,-0.03113633394241333,0.4795800447463989,0.7339267730712891,-0.02827952802181244
0.4699596166610718,0.8209298849105835,4.1230768488276226e-07,0.4516949951648712,0.8053507804870605,-0.021039729937911034,0.44391700625419617,0.7732804417610168,-0.03136191889643669,0.460929274559021,0.7388043403625488,-0.040025997906923294,0.4758656322956085,0.7121462225914001,-0.046875953674316406,0.42383837699890137,0.7124991416931152,-0.017722686752676964,0.4060525894165039,0.6659492254257202,-0.02880752459168434,0.39465832710266113,0.6369244456291199,-0.03634987026453018,0.38544392585754395,0.6122304201126099,-0.041532404720783234,0.44455406069755554,0.7021585702896118,-0.01597069948911667,0.44550877809524536,0.6454008221626282,-0.026830140501260757,0.44996973872184753,0.6084275245666504,-0.034660935401916504,0.4544030427932739,0.5778610110282898,-0.03906741365790367,0.4629353880882263,0.7091831564903259,-0.016621043905615807,0.4704545736312866,0.6896904706954956,-0.031718604266643524,0.4693165719509125,0.7154173254966736,-0.03535691648721695,0.4674049913883209,0.73338782787323,-0.03347465395927429,0.47886648774147034,0.7240205407142639,-0.0192006416618824,0.48431697487831116,0.7040849924087524,-0.03055597096681595,0.4822051525115967,0.719730794429779,-0.03054928593337536,0.4793417453765869,0.7341818809509277,-0.027809185907244682
0.469478964805603,0.8220551609992981,4.1404499029340514e-07,0.45100465416908264,0.8058444261550903,-0.020510349422693253,0.44318515062332153,0.7743590474128723,-0.03083914704620838,0.4603337347507477,0.7409193515777588,-0.03967246040701866,0.4754841923713684,0.7150689959526062,-0.046689603477716446,0.4232974946498871,0.7133058309555054,-0.017156878486275673,0.4051927626132965,0.666752278804779,-0.02805451676249504,0.39396387338638306,0.6378754377365112,-0.0353095568716526,0.3850346803665161,0.613210916519165,-0.04020746797323227,0.44359689950942993,0.703069269657135,-0.015714876353740692,0.4443284869194031,0.6460850238800049,-0.026634030044078827,0.4489201605319977,0.6090757846832275,-0.03427310287952423,0.4538149833679199,0.5790089964866638,-0.03836210444569588,0.4617910385131836,0.7100545167922974,-0.01665005274116993,0.46941059827804565,0.6920730471611023,-0.03166694939136505,0.46757012605667114,0.7190168499946594,-0.0349578857421875,0.46513065695762634,0.7373644709587097,-0.032736968249082565,0.47784677147865295,0.7247979640960693,-0.019498491659760475,0.4833502769470215,0.7059575915336609,-0.03037664107978344,0.48091351985931396,0.7230257987976074,-0.029820311814546585,0.47780171036720276,0.7381400465965271,-0.026700202375650406
0.46892282366752625,0.8229272365570068,4.174972616510786e-07,0.44992393255233765,0.8072168827056885,-0.020744306966662407,0.44178253412246704,0.7758455276489258,-0.031158437952399254,0.45880424976348877,0.7423500418663025,-0.04003177210688591,0.47421491146087646,0.71644526720047,-0.047092586755752563,0.4226687550544739,0.7146071195602417,-0.017590196803212166,0.4046590030193329,0.667360782623291,-0.028411751613020897,0.3934326767921448,0.6381347179412842,-0.035703107714653015,0.38442111015319824,0.6131141781806946,-0.040713123977184296,0.4430205225944519,0.7043831944465637,-0.01611572690308094,0.44392961263656616,0.6470140218734741,-0.026717551052570343,0.4482730031013489,0.6097981929779053,-0.03436775133013725,0.45271798968315125,0.5794907808303833,-0.038687583059072495,0.46107470989227295,0.7113316059112549,-0.01704421080648899,0.46845024824142456,0.6919959783554077,-0.03201325237751007,0.4669671356678009,0.7185501456260681,-0.03567221388220787,0.4647313058376312,0.7370783686637878,-0.03383839875459671,0.4770204424858093,0.7259271740913391,-0.019888142123818398,0.4824824035167694,0.7054893374443054,-0.03103896975517273,0.48040544986724854,0.7218640446662903,-0.030900439247488976,0.4774884879589081,0.7370522618293762,-0.028158215805888176
0.46884745359420776,0.823489785194397,4.1458531541138655e-07,0.4499513506889343,0.8082104325294495,-0.020516838878393173,0.4418013393878937,0.7773696184158325,-0.031189609318971634,0.4589043855667114,0.7439375519752502,-0.04040439426898956,0.4738752245903015,0.7177773714065552,-0.0477152019739151,0.4231589436531067,0.7145347595214844,-0.01761198788881302,0.40488508343696594,0.6677068471908569,-0.02878461219370365,0.3935216963291168,0.6386661529541016,-0.036190811544656754,0.3844223916530609,0.6136683821678162,-0.0412055104970932,0.443236380815506,0.7040292024612427,-0.016332654282450676,0.4432190954685211,0.6467658281326294,-0.027581829577684402,0.4470975399017334,0.6091772317886353,-0.0353255532681942,0.4513189196586609,0.5780894756317139,-0.03952443599700928,0.4613133370876312,0.7106547355651855,-0.01742023602128029,0.4689464271068573,0.6923459768295288,-0.032658591866493225,0.46740588545799255,0.7197778820991516,-0.035663921386003494,0.4651634097099304,0.7387535572052002,-0.03319142013788223,0.4774375259876251,0.7250506281852722,-0.020452262833714485,0.48315927386283875,0.7056330442428589,-0.03142230585217476,0.48108652234077454,0.722381055355072,-0.030725892633199692,0.4782843589782715,0.7374947667121887,-0.02747466042637825
0.4688466787338257,0.8239420652389526,4.0913036514211854e-07,0.44970566034317017,0.8091148734092712,-0.02037918008863926,0.44132310152053833,0.7779502272605896,-0.031068289652466774,0.45888298749923706,0.7446144819259644,-0.04034840688109398,0.4739660918712616,0.7182201147079468,-0.047722067683935165,0.42323002219200134,0.7151414155960083,-0.018167687579989433,0.4050561785697937,0.6685392260551453,-0.029684966430068016,0.39382970333099365,0.639287531375885,-0.03714493662118912,0.3847620189189911,0.6142284274101257,-0.042188677936792374,0.443400114774704,0.7042542099952698,-0.017179733142256737,0.4434083104133606,0.6469526290893555,-0.028852464631199837,0.44709068536758423,0.6091732382774353,-0.03661050647497177,0.45099616050720215,0.5779471397399902,-0.040761057287454605,0.46158933639526367,0.7107728719711304,-0.018527789041399956,0.46887755393981934,0.6928206086158752,-0.03407235071063042,0.4672737121582031,0.7204735279083252,-0.03690498322248459,0.4651016592979431,0.7395050525665283,-0.03427476808428764,0.4779060184955597,0.7252051830291748,-0.02181987464427948,0.48303669691085815,0.7067128419876099,-0.03306574374437332,0.48076537251472473,0.7240517735481262,-0.032342445105314255,0.47799649834632874,0.7394604682922363,-0.0290213730186224
0.4686155617237091,0.8237403035163879,4.065822452048451e-07,0.4498477280139923,0.8072932362556458,-0.02005726844072342,0.44157111644744873,0.7754644155502319,-0.030259516090154648,0.45802754163742065,0.7411990165710449,-0.03910982236266136,0.47294139862060547,0.7148502469062805,-0.04603985697031021,0.4221630394458771,0.7145054340362549,-0.016679009422659874,0.40238091349601746,0.6685487627983093,-0.02776372618973255,0.390021950006485,0.640060305595398,-0.035098448395729065,0.3800208866596222,0.6156660318374634,-0.03998701646924019,0.4421710968017578,0.7038386464118958,-0.015517470426857471,0.4406202435493469,0.6467909216880798,-0.02689315751194954,0.44385626912117004,0.6088250875473022,-0.03461410105228424,0.44780606031417847,0.5772814154624939,-0.03860713168978691,0.46038898825645447,0.7102343440055847,-0.016716457903385162,0.4670156240463257,0.6922516822814941,-0.03222136199474335,0.46571895480155945,0.7200378179550171,-0.03502364829182625,0.46396714448928833,0.7391870617866516,-0.03214496001601219,0.4767920970916748,0.7243427634239197,-0.019821081310510635,0.48182740807533264,0.7046727538108826,-0.030692806467413902,0.4795711934566498,0.7215678095817566,-0.029615769162774086,0.4769275188446045,0.7368271350860596,-0.025978151708841324
0.46895867586135864,0.8236225843429565,4.0527442024540505e-07,0.44969630241394043,0.8075181245803833,-0.020109141245484352,0.44115355610847473,0.7763984203338623,-0.030358849093317986,0.45852792263031006,0.742681622505188,-0.03925006091594696,0.4742725193500519,0.7172302007675171,-0.04622381553053856,0.42251288890838623,0.715079128742218,-0.016722431406378746,0.40257585048675537,0.6692986488342285,-0.0277983620762825,0.39034825563430786,0.6409469842910767,-0.035025455057621,0.38069257140159607,0.6166334748268127,-0.0397430844604969,0.44257527589797974,0.7045257091522217,-0.015550420619547367,0.44076845049858093,0.6472287178039551,-0.02651933766901493,0.4433644711971283,0.6094563007354736,-0.0338742770254612,0.4469641447067261,0.5782197713851929,-0.03761385381221771,0.46087023615837097,0.7112097144126892,-0.016789434477686882,0.4672539532184601,0.6935646533966064,-0.03186103701591492,0.46535706520080566,0.7212949395179749,-0.03470499813556671,0.463468998670578,0.7402141690254211,-0.03189124912023544,0.47732070088386536,0.7256249189376831,-0.019957294687628746,0.48180675506591797,0.7069757580757141,-0.03037313185632229,0.47906699776649475,0.724157452583313,-0.02927064709365368,0.47638726234436035,0.739379346370697,-0.025667866691946983
0.46970266103744507,0.8256971836090088,4.1310505594083224e-07,0.45153185725212097,0.8098289966583252,-0.020534876734018326,0.4441283345222473,0.7781005501747131,-0.03075968474149704,0.4619615077972412,0.7451565861701965,-0.03951406478881836,0.47750264406204224,0.7192890644073486,-0.04620633274316788,0.4243033826351166,0.7171846628189087,-0.01665586605668068,0.4044394791126251,0.6713235974311829,-0.027667870745062828,0.39233630895614624,0.6424697041511536,-0.03444001078605652,0.38280969858169556,0.6180870532989502,-0.03853980451822281,0.44406232237815857,0.707791268825531,-0.015355638228356838,0.44274812936782837,0.6489037871360779,-0.026586387306451797,0.44537901878356934,0.6108390092849731,-0.033848024904727936,0.44899436831474304,0.5787707567214966,-0.03709571063518524,0.462232768535614,0.7152658700942993,-0.016492629423737526,0.4698273539543152,0.697476863861084,-0.032547712326049805,0.4673539698123932,0.7267220616340637,-0.03547635301947594,0.46475949883461,0.7455720901489258,-0.032079100608825684,0.47859570384025574,0.7298089861869812,-0.019471675157546997,0.483932226896286,0.7104151844978333,-0.030253775417804718,0.4811389744281769,0.7275018692016602,-0.028772886842489243,0.47841283679008484,0.741646945476532,-0.024547971785068512
0.46954670548439026,0.8248708844184875,4.1156835095534916e-07,0.4522683918476105,0.8096795678138733,-0.02021677978336811,0.4452173411846161,0.7782610058784485,-0.030316730961203575,0.46289297938346863,0.7446153163909912,-0.0390130840241909,0.47937047481536865,0.7191321849822998,-0.04578416049480438,0.4244903028011322,0.7176780700683594,-0.0166720412671566,0.40508854389190674,0.6715794801712036,-0.02780062146484852,0.3928999602794647,0.6429265141487122,-0.03468206152319908,0.3831372857093811,0.6186199188232422,-0.03889691084623337,0.4442881941795349,0.7070983648300171,-0.015382267534732819,0.44349971413612366,0.6484467387199402,-0.026537533849477768,0.4458417296409607,0.610066294670105,-0.03369145840406418,0.448988676071167,0.5783216953277588,-0.03694057837128639,0.4623715579509735,0.713883101940155,-0.016478896141052246,0.4691992700099945,0.6962815523147583,-0.0320536307990551,0.4666014313697815,0.7236146330833435,-0.03498632088303566,0.46421220898628235,0.7421519756317139,-0.03179502859711647,0.47846677899360657,0.7282207012176514,-0.019418474286794662,0.4838247001171112,0.7087599039077759,-0.029743406921625137,0.48093754053115845,0.7254166007041931,-0.028233442455530167,0.4784279763698578,0.7400768399238586,-0.024111900478601456
0.4724375009536743,0.8273288011550903,4.175917922566441e-07,0.45389607548713684,0.8123866319656372,-0.021133936941623688,0.4462057650089264,0.7813606262207031,-0.031453829258680344,0.46411266922950745,0.7483555674552917,-0.04010844603180885,0.4813343584537506,0.7238634824752808,-0.04677858576178551,0.4272518754005432,0.7192192673683167,-0.0179002545773983,0.40745487809181213,0.6726027727127075,-0.028730913996696472,0.3955073058605194,0.643699049949646,-0.035389840602874756,0.38589969277381897,0.6189892888069153,-0.03947790712118149,0.4472030699253082,0.7087099552154541,-0.016073858365416527,0.446519672870636,0.6496641039848328,-0.02682601660490036,0.4491901695728302,0.6114956140518188,-0.03383466601371765,0.4525229036808014,0.5799890160560608,-0.037052758038043976,0.465419203042984,0.7153090238571167,-0.016684740781784058,0.47244372963905334,0.6989233493804932,-0.0321643240749836,0.47029200196266174,0.7267630100250244,-0.0356782004237175,0.4682562053203583,0.7456237077713013,-0.03283608704805374,0.48187920451164246,0.7289079427719116,-0.019198967143893242,0.48661714792251587,0.7095425128936768,-0.029566049575805664,0.48377057909965515,0.7258594036102295,-0.0285741426050663,0.4813789427280426,0.74078768491745,-0.024845227599143982
0.4725498855113983,0.8252425789833069,4.0769143083707604e-07,0.4549192786216736,0.8101179599761963,-0.022251294925808907,0.44698354601860046,0.7801737785339355,-0.03274782747030258,0.46473559737205505,0.7467044591903687,-0.04137377440929413,0.48182979226112366,0.7212359309196472,-0.0479872040450573,0.4272594451904297,0.7180348038673401,-0.018340902402997017,0.4075388014316559,0.6716433167457581,-0.02973419800400734,0.39552944898605347,0.6425011157989502,-0.036835938692092896,0.38612037897109985,0.6176499128341675,-0.04119780287146568,0.44721415638923645,0.7074646353721619,-0.016214704141020775,0.445846825838089,0.649858295917511,-0.027362270280718803,0.4485069513320923,0.6119943857192993,-0.034585606306791306,0.4521190822124481,0.5806715488433838,-0.037897802889347076,0.4652276635169983,0.7143843173980713,-0.01673465222120285,0.4722362756729126,0.6985029578208923,-0.03292142227292061,0.4703757166862488,0.7271317839622498,-0.03651008382439613,0.46837347745895386,0.7459518313407898,-0.03359109163284302,0.48155665397644043,0.7291465997695923,-0.01924409717321396,0.485844224691391,0.7106823325157166,-0.030245639383792877,0.48295077681541443,0.7283688187599182,-0.029377028346061707,0.4801112711429596,0.7440288066864014,-0.02563248574733734
0.47364965081214905,0.8253856301307678,4.0470587236995925e-07,0.45496866106987,0.8116083741188049,-0.02031424455344677,0.445902019739151,0.7812483310699463,-0.030303293839097023,0.46316617727279663,0.7469760775566101,-0.03889576718211174,0.4811260998249054,0.7225878238677979,-0.04572803154587746,0.42653709650039673,0.7199274301528931,-0.01730022020637989,0.4075373709201813,0.6729283332824707,-0.028818372637033463,0.3957059979438782,0.6437113285064697,-0.035909246653318405,0.38593071699142456,0.618977963924408,-0.040318556129932404,0.44693711400032043,0.7087109684944153,-0.016190549358725548,0.44612759351730347,0.6507260203361511,-0.027494356036186218,0.44883760809898376,0.6126314997673035,-0.034567780792713165,0.451814740896225,0.5812616944313049,-0.037838056683540344,0.4654728174209595,0.7148494124412537,-0.01753932051360607,0.47172239422798157,0.6970862150192261,-0.033669739961624146,0.47010329365730286,0.7249329686164856,-0.03680039569735527,0.4679509103298187,0.7435553073883057,-0.033702388405799866,0.48204946517944336,0.728901743888855,-0.020715877413749695,0.48573264479637146,0.7102206945419312,-0.031885746866464615,0.48288285732269287,0.7275171279907227,-0.030814526602625847,0.4800497889518738,0.7427558898925781,-0.02693491242825985
0.47162148356437683,0.8248796463012695,4.1111982795882795e-07,0.45291319489479065,0.8104315400123596,-0.019947679713368416,0.444738507270813,0.779762864112854,-0.030409585684537888,0.46272578835487366,0.7465326189994812,-0.039635173976421356,0.4802720546722412,0.7219168543815613,-0.047060683369636536,0.4262186586856842,0.7195942997932434,-0.017937298864126205,0.40700671076774597,0.6723068952560425,-0.029801156371831894,0.39522600173950195,0.643118679523468,-0.037152573466300964,0.3854849636554718,0.6183940172195435,-0.041807159781455994,0.4463525116443634,0.7088678479194641,-0.017158137634396553,0.4455372393131256,0.6502952575683594,-0.02892390452325344,0.44850003719329834,0.6121215224266052,-0.036507293581962585,0.4518931210041046,0.5804946422576904,-0.04022834450006485,0.46469226479530334,0.7153955101966858,-0.018684545531868935,0.4719525873661041,0.6989322900772095,-0.03433235362172127,0.4697864353656769,0.7262399792671204,-0.03720361366868019,0.46741199493408203,0.744909942150116,-0.03417295962572098,0.4812347888946533,0.7295249104499817,-0.02210441790521145,0.48602214455604553,0.7114314436912537,-0.032848045229911804,0.4830433130264282,0.7270953059196472,-0.03172047436237335,0.48014700412750244,0.7413707375526428,-0.027935761958360672
0.469696968793869,0.8254841566085815,4.250202607636311e-07,0.452504962682724,0.8111051321029663,-0.020999953150749207,0.44468167424201965,0.7811464667320251,-0.031956642866134644,0.46208447217941284,0.7472749352455139,-0.04137842729687691,0.47923141717910767,0.7215452194213867,-0.04888010397553444,0.42416703701019287,0.7200354933738708,-0.018755512312054634,0.4050498306751251,0.6727469563484192,-0.030660409480333328,0.3930530250072479,0.6435673236846924,-0.03802930563688278,0.3833563029766083,0.6190380454063416,-0.04263412207365036,0.4438156485557556,0.7090945243835449,-0.0172083992511034,0.4434167444705963,0.650664746761322,-0.028842458501458168,0.44665223360061646,0.6123037338256836,-0.035883840173482895,0.45026591420173645,0.5809499025344849,-0.039194248616695404,0.4617901146411896,0.7154403328895569,-0.018072690814733505,0.4701809585094452,0.697922945022583,-0.033567894250154495,0.467989981174469,0.7252298593521118,-0.035911064594984055,0.4650726318359375,0.7438983917236328,-0.0325830914080143,0.4778100550174713,0.7295064330101013,-0.020938584581017494,0.48414182662963867,0.7108126878738403,-0.03165221959352493,0.48152482509613037,0.7274062037467957,-0.030253669247031212,0.4780958592891693,0.742313802242279,-0.026261918246746063
0.4678831994533539,0.826285719871521,4.182787733952864e-07,0.4496172070503235,0.8122835159301758,-0.019978389143943787,0.44048184156417847,0.7819548845291138,-0.03073694184422493,0.4582512080669403,0.7476030588150024,-0.04027019068598747,0.47579044103622437,0.7215608358383179,-0.04797066003084183,0.4217660427093506,0.7197121977806091,-0.0180988647043705,0.40211960673332214,0.6732704043388367,-0.02953205816447735,0.3902178406715393,0.6442567706108093,-0.03646893799304962,0.38046497106552124,0.619708240032196,-0.04092932865023613,0.44119513034820557,0.7096219658851624,-0.017471173778176308,0.43994513154029846,0.6510521173477173,-0.029015326872467995,0.4432201087474823,0.6128263473510742,-0.03586535528302193,0.4469398558139801,0.5822657942771912,-0.039067499339580536,0.4593045115470886,0.7170059084892273,-0.019155677407979965,0.46748554706573486,0.6982116103172302,-0.03440221771597862,0.4650440216064453,0.7247412204742432,-0.03655801713466644,0.46191391348838806,0.7425865530967712,-0.03334429860115051,0.4755042493343353,0.7321932911872864,-0.02276882715523243,0.4815347194671631,0.7125234007835388,-0.03312286362051964,0.47896507382392883,0.7290340065956116,-0.03152726963162422,0.4759323000907898,0.7429951429367065,-0.02762732468545437
0.471216082572937,0.8260900974273682,4.2351726392553246e-07,0.45171380043029785,0.8100435733795166,-0.019665703177452087,0.4428478479385376,0.7790732383728027,-0.029740000143647194,0.4613948166370392,0.7447929978370667,-0.03852738440036774,0.4792183041572571,0.719664454460144,-0.04544191434979439,0.42382001876831055,0.7190453410148621,-0.016581937670707703,0.40426963567733765,0.6734302639961243,-0.027319902554154396,0.39231932163238525,0.6447241902351379,-0.033927351236343384,0.38244614005088806,0.6205947399139404,-0.03805758059024811,0.4432966709136963,0.7091878056526184,-0.015689658001065254,0.44204604625701904,0.6510711908340454,-0.02638419158756733,0.44486939907073975,0.6130397319793701,-0.03275102749466896,0.4482107162475586,0.5827677845954895,-0.03546557202935219,0.4615325331687927,0.7164186239242554,-0.017204010859131813,0.47002044320106506,0.7001791000366211,-0.032154884189367294,0.467384397983551,0.7286575436592102,-0.03457966446876526,0.46395817399024963,0.7471324801445007,-0.031258776783943176,0.4780651330947876,0.7310213446617126,-0.020598269999027252,0.48441752791404724,0.7133120894432068,-0.03070102259516716,0.48166725039482117,0.7315463423728943,-0.029131319373846054,0.47813209891319275,0.7464116811752319,-0.02511988766491413
0.47516560554504395,0.8251977562904358,4.205417383218446e-07,0.4550389349460602,0.8105995655059814,-0.019473692402243614,0.4459455907344818,0.7801612615585327,-0.030348509550094604,0.4636707603931427,0.7457964420318604,-0.040140971541404724,0.48086780309677124,0.7189679145812988,-0.04819168522953987,0.42666181921958923,0.7185563445091248,-0.01754012703895569,0.4078044891357422,0.6723529696464539,-0.029063791036605835,0.39597275853157043,0.64332515001297,-0.03598308935761452,0.3861234486103058,0.6188717484474182,-0.0403875894844532,0.44633039832115173,0.7077031135559082,-0.017156638205051422,0.4451809227466583,0.6497607827186584,-0.029092682525515556,0.44837552309036255,0.6118873357772827,-0.035877760499715805,0.4515865445137024,0.581296443939209,-0.038834575563669205,0.4649691581726074,0.7141442894935608,-0.019058430567383766,0.4731321930885315,0.6975427865982056,-0.03489039093255997,0.47045379877090454,0.7269663214683533,-0.03678947314620018,0.4667151868343353,0.745820164680481,-0.03320170193910599,0.4817485213279724,0.7285826802253723,-0.022803926840424538,0.48765406012535095,0.7109477519989014,-0.033574942499399185,0.4844569265842438,0.7313622236251831,-0.03172817826271057,0.48058080673217773,0.7472416758537292,-0.027534345164895058
0.47513240575790405,0.8257927298545837,4.242018576405826e-07,0.4557725489139557,0.8110504746437073,-0.020505603402853012,0.4472520649433136,0.7805287837982178,-0.031479284167289734,0.4652576744556427,0.7453591227531433,-0.04108089208602905,0.48228394985198975,0.7180607318878174,-0.04885153844952583,0.4273248314857483,0.7189475893974304,-0.017962155863642693,0.40805768966674805,0.6726604104042053,-0.02946203388273716,0.3962407112121582,0.6434527635574341,-0.0363570936024189,0.3863728940486908,0.6188987493515015,-0.04066551849246025,0.4466986060142517,0.7079565525054932,-0.01680876314640045,0.44529134035110474,0.649714469909668,-0.0285811647772789,0.44859662652015686,0.611907958984375,-0.03519637882709503,0.4518144130706787,0.5816251635551453,-0.037919025868177414,0.4650256633758545,0.7143457531929016,-0.01804249919950962,0.4733183979988098,0.6988140940666199,-0.03378790244460106,0.4706621766090393,0.7281109690666199,-0.035792816430330276,0.4668523073196411,0.7468156218528748,-0.032138898968696594,0.4813832938671112,0.7286436557769775,-0.021201159805059433,0.4874388575553894,0.7114065885543823,-0.031862545758485794,0.48435449600219727,0.7318131327629089,-0.030088411644101143,0.4803495705127716,0.7476269006729126,-0.025862831622362137
0.4742288589477539,0.827285885810852,4.2550391299300827e-07,0.4549373984336853,0.8119254112243652,-0.020117122679948807,0.44693028926849365,0.7807707190513611,-0.030857153236865997,0.46522533893585205,0.7459193468093872,-0.040325336158275604,0.4820461869239807,0.7189716100692749,-0.04797205701470375,0.4265994131565094,0.7201917767524719,-0.017599787563085556,0.4071313738822937,0.6738165616989136,-0.029125332832336426,0.39489609003067017,0.644690215587616,-0.03594166412949562,0.38469383120536804,0.6201894879341125,-0.04013368859887123,0.4459671378135681,0.7087756395339966,-0.016541214659810066,0.44410407543182373,0.6501495838165283,-0.0282888300716877,0.4469646215438843,0.6118676662445068,-0.03484712913632393,0.4500722885131836,0.5814339518547058,-0.037492599338293076,0.4643760323524475,0.7146279811859131,-0.017864059656858444,0.47299879789352417,0.6993776559829712,-0.033398453146219254,0.470393568277359,0.7279443144798279,-0.03559312969446182,0.46662184596061707,0.7464646100997925,-0.032092414796352386,0.4807988703250885,0.728346049785614,-0.021128922700881958,0.48754802346229553,0.7120052576065063,-0.03148313984274864,0.4841855466365814,0.7319512367248535,-0.029914265498518944,0.47980162501335144,0.7474456429481506,-0.025890128687024117
0.4750346541404724,0.8252099752426147,4.238578696913464e-07,0.4585818350315094,0.8141123056411743,-0.023648863658308983,0.4500395655632019,0.7852026224136353,-0.03535003215074539,0.4669831097126007,0.7497824430465698,-0.044770073145627975,0.4827558100223541,0.7211459875106812,-0.05199890583753586,0.4280381202697754,0.722705066204071,-0.021246422082185745,0.408596932888031,0.6753875613212585,-0.03324536234140396,0.39651963114738464,0.6460868120193481,-0.04043213278055191,0.3865066468715668,0.6212332844734192,-0.04493982717394829,0.4467894732952118,0.710525631904602,-0.018400197848677635,0.444000780582428,0.6518200635910034,-0.030495040118694305,0.4466806948184967,0.6132264137268066,-0.03735361993312836,0.44963502883911133,0.581265926361084,-0.04037647694349289,0.4644559919834137,0.7160974144935608,-0.01812046580016613,0.4732302725315094,0.6982442140579224,-0.03455198556184769,0.4723462462425232,0.7266460657119751,-0.03670315071940422,0.46966907382011414,0.7459840178489685,-0.03296033665537834,0.4806289076805115,0.7294429540634155,-0.02000422403216362,0.48710018396377563,0.7102419137954712,-0.03182264417409897,0.4858388900756836,0.7279701828956604,-0.030627340078353882,0.48331406712532043,0.7434468269348145,-0.026531677693128586
0.4724293649196625,0.8253247737884521,4.2070678318850696e-07,0.4565347731113434,0.8129958510398865,-0.023334190249443054,0.44813746213912964,0.7842186689376831,-0.03493111580610275,0.4640990197658539,0.7491419911384583,-0.04438009485602379,0.47948160767555237,0.7203933596611023,-0.051671117544174194,0.425376296043396,0.7220351099967957,-0.020586414262652397,0.40607213973999023,0.6752741932868958,-0.03262074664235115,0.39401766657829285,0.6464524269104004,-0.03989589214324951,0.3840053677558899,0.6218199133872986,-0.044403597712516785,0.44424355030059814,0.7098370790481567,-0.01775606907904148,0.4413444995880127,0.6517859101295471,-0.02965240180492401,0.4433552026748657,0.6131018996238708,-0.03676418587565422,0.4454668164253235,0.5812733769416809,-0.04007849469780922,0.4619339406490326,0.7150910496711731,-0.017521196976304054,0.47016504406929016,0.6983482241630554,-0.0337311327457428,0.46999114751815796,0.725351870059967,-0.03650548681616783,0.4679957628250122,0.7444607019424438,-0.033268850296735764,0.47801733016967773,0.7279970645904541,-0.0194252897053957,0.4840475916862488,0.7101719379425049,-0.030919194221496582,0.48270511627197266,0.7276392579078674,-0.03006601706147194,0.480082243680954,0.7437013387680054,-0.026322390884160995
0.46967318654060364,0.8254625797271729,4.177377093128598e-07,0.45217782258987427,0.814484179019928,-0.022962242364883423,0.44403913617134094,0.7859351634979248,-0.03489486873149872,0.4601432681083679,0.7514951825141907,-0.044746387749910355,0.47373709082603455,0.7232228517532349,-0.05265915021300316,0.42267853021621704,0.7230236530303955,-0.021622933447360992,0.4046498239040375,0.6758118271827698,-0.03436671569943428,0.3931756317615509,0.6466155648231506,-0.0424971766769886,0.3835684061050415,0.6216344237327576,-0.0477297343313694,0.4414454698562622,0.7106823921203613,-0.019254466518759727,0.43885746598243713,0.6525660157203674,-0.03185192123055458,0.4411749541759491,0.6134486794471741,-0.040195267647504807,0.44329938292503357,0.5809117555618286,-0.044630371034145355,0.4588838517665863,0.715927004814148,-0.019242841750383377,0.46709924936294556,0.6953385472297668,-0.035660531371831894,0.4694104492664337,0.7199390530586243,-0.03874773532152176,0.46935248374938965,0.7389957308769226,-0.03599581867456436,0.4749079644680023,0.729398787021637,-0.02129192091524601,0.4808908700942993,0.7089889049530029,-0.03310569003224373,0.48142120242118835,0.7242000699043274,-0.032368894666433334,0.4804067611694336,0.73989337682724,-0.028742963448166847
0.46897971630096436,0.8255334496498108,4.162259301665472e-07,0.4519038498401642,0.8132777214050293,-0.02184114418923855,0.44439271092414856,0.7835677266120911,-0.03312035650014877,0.45983996987342834,0.749778687953949,-0.0426364466547966,0.4739781320095062,0.7228966951370239,-0.05018189176917076,0.4217880964279175,0.7224739193916321,-0.020263392478227615,0.40362221002578735,0.6758105754852295,-0.032254066318273544,0.3921023905277252,0.6467592120170593,-0.03956187516450882,0.38268446922302246,0.6219342350959778,-0.04412902519106865,0.44037485122680664,0.7104436159133911,-0.018411170691251755,0.4379000961780548,0.6521422266960144,-0.03067132644355297,0.43996644020080566,0.613182544708252,-0.03838575258851051,0.4424143433570862,0.5809769630432129,-0.04213744401931763,0.4580981433391571,0.7155902981758118,-0.018833842128515244,0.46703997254371643,0.696087121963501,-0.034981608390808105,0.46768873929977417,0.7225258946418762,-0.037670936435461044,0.466463178396225,0.7418869733810425,-0.034447088837623596,0.474346399307251,0.7285764217376709,-0.021267937496304512,0.4809281826019287,0.7084545493125916,-0.032475873827934265,0.480530321598053,0.7244857549667358,-0.03132326528429985,0.47910550236701965,0.7399768233299255,-0.02736964263021946
0.4688105285167694,0.8262286186218262,4.1708966591613716e-07,0.4514875113964081,0.8143605589866638,-0.02245284989476204,0.44345390796661377,0.7848559021949768,-0.03392338752746582,0.45928946137428284,0.750095009803772,-0.043477863073349,0.4741717278957367,0.7226729989051819,-0.05104495584964752,0.42208367586135864,0.7226517796516418,-0.020596913993358612,0.4041575789451599,0.6756767630577087,-0.03253238648176193,0.39305949211120605,0.6466512680053711,-0.03990945592522621,0.3839474022388458,0.6218024492263794,-0.044588908553123474,0.44063809514045715,0.7107337117195129,-0.018478967249393463,0.4381175935268402,0.6526956558227539,-0.030574385076761246,0.4400365948677063,0.6137694120407104,-0.038258545100688934,0.44215068221092224,0.5816330313682556,-0.042083337903022766,0.45826151967048645,0.7160433530807495,-0.018744952976703644,0.4667399525642395,0.6978325247764587,-0.0348098948597908,0.46705910563468933,0.7248442769050598,-0.03765786066651344,0.46554672718048096,0.7442255020141602,-0.034630440175533295,0.47451990842819214,0.7290550470352173,-0.021088507026433945,0.48071804642677307,0.7090849876403809,-0.03231380134820938,0.4797566831111908,0.7255306839942932,-0.03139211982488632,0.4775780439376831,0.7411741018295288,-0.027726592496037483
0.4691828191280365,0.8252108693122864,4.173444096977619e-07,0.4515621066093445,0.8139577507972717,-0.022823523730039597,0.44313639402389526,0.785450279712677,-0.03464974835515022,0.45919269323349,0.751865804195404,-0.044440820813179016,0.474374920129776,0.7249265909194946,-0.05225527659058571,0.4221789538860321,0.7228896617889404,-0.02171351946890354,0.4042748212814331,0.6760092377662659,-0.03374982997775078,0.39314302802085876,0.6470277309417725,-0.04122740402817726,0.3840678334236145,0.6220830678939819,-0.0459909662604332,0.44104865193367004,0.7107142806053162,-0.019249338656663895,0.4386158585548401,0.6528987288475037,-0.031145233660936356,0.440684974193573,0.6139634847640991,-0.038826510310173035,0.4430588483810425,0.5817710757255554,-0.04278501495718956,0.45873481035232544,0.715822160243988,-0.019091447815299034,0.46680307388305664,0.6974344253540039,-0.034684568643569946,0.4676961600780487,0.7229136228561401,-0.0375942699611187,0.4670628011226654,0.7422772645950317,-0.0347454734146595,0.47494763135910034,0.7286160588264465,-0.02104026824235916,0.4807310402393341,0.708970844745636,-0.03191671893000603,0.48041731119155884,0.724188506603241,-0.03100493922829628,0.47930485010147095,0.7398646473884583,-0.02737792395055294
0.46964696049690247,0.8241482973098755,4.309578685024462e-07,0.4524730443954468,0.8144815564155579,-0.02475593611598015,0.44343191385269165,0.7866458296775818,-0.03737320750951767,0.4596712589263916,0.7515033483505249,-0.04750547558069229,0.47562357783317566,0.7223984599113464,-0.055603690445423126,0.4219532012939453,0.7233313322067261,-0.023509379476308823,0.4044352173805237,0.6756324768066406,-0.03605441004037857,0.3935157060623169,0.6462233066558838,-0.04384282976388931,0.3845260739326477,0.6210750937461853,-0.048860032111406326,0.4410439729690552,0.7108315825462341,-0.020179273560643196,0.43868470191955566,0.6525973677635193,-0.032228853553533554,0.44076117873191833,0.6141331195831299,-0.039512913674116135,0.4430115818977356,0.5822151303291321,-0.04323555529117584,0.45880019664764404,0.7158116698265076,-0.019420089200139046,0.46684637665748596,0.6977396607398987,-0.03543626889586449,0.46681368350982666,0.7256247997283936,-0.038002025336027145,0.4651221036911011,0.7449073195457458,-0.034977179020643234,0.4749082326889038,0.7285144329071045,-0.020936448127031326,0.48078760504722595,0.7093291878700256,-0.03283853456377983,0.4793495237827301,0.7273747324943542,-0.03237174451351166,0.47661080956459045,0.7438607811927795,-0.029045166447758675
0.46954452991485596,0.8251526951789856,4.260603247985273e-07,0.4513058662414551,0.815261721611023,-0.02365461364388466,0.4416370689868927,0.787369966506958,-0.03597939759492874,0.458379328250885,0.7525009512901306,-0.0461595356464386,0.47509488463401794,0.7238912582397461,-0.05437136068940163,0.4215436279773712,0.7233670353889465,-0.02231782302260399,0.40378013253211975,0.675979495048523,-0.03500978276133537,0.39294058084487915,0.6465098261833191,-0.04279410094022751,0.38414472341537476,0.6212848424911499,-0.047708261758089066,0.44071274995803833,0.7106548547744751,-0.019693806767463684,0.4384739398956299,0.6526716947555542,-0.032022178173065186,0.4404297471046448,0.6142693758010864,-0.03927548602223396,0.44270238280296326,0.5823405385017395,-0.04278125986456871,0.45863884687423706,0.7153902053833008,-0.019625592976808548,0.4667295515537262,0.6987376809120178,-0.03598052263259888,0.466015100479126,0.727624237537384,-0.03849314898252487,0.4640277326107025,0.7472618818283081,-0.03523044288158417,0.4749284088611603,0.7279646396636963,-0.02175423502922058,0.4806642532348633,0.7102445960044861,-0.033730585128068924,0.4783819913864136,0.7296298742294312,-0.03309721127152443,0.47518303990364075,0.7466692924499512,-0.02955048158764839
0.46980810165405273,0.8268526792526245,4.1979700426963973e-07,0.451045960187912,0.8141236901283264,-0.022410495206713676,0.44234442710876465,0.7842389345169067,-0.03360040485858917,0.4595712423324585,0.7486764788627625,-0.04289674758911133,0.4755636751651764,0.7206445336341858,-0.0502847321331501,0.42110055685043335,0.722937285900116,-0.019621599465608597,0.40361708402633667,0.6754929423332214,-0.03128907456994057,0.39291512966156006,0.6462414264678955,-0.03863954916596413,0.38400816917419434,0.6212033033370972,-0.043396759778261185,0.4402497410774231,0.7102405428886414,-0.017367960885167122,0.4380089044570923,0.6522853374481201,-0.028806665912270546,0.44017720222473145,0.6138791441917419,-0.03604454919695854,0.4426639676094055,0.5820849537849426,-0.039682745933532715,0.45838332176208496,0.7150166630744934,-0.017638767138123512,0.46669965982437134,0.6980648636817932,-0.033110152930021286,0.4660189747810364,0.726352334022522,-0.03598753362894058,0.46385419368743896,0.7455618381500244,-0.03323644399642944,0.47495055198669434,0.7278624176979065,-0.02002672292292118,0.4810364246368408,0.7103173732757568,-0.03111170046031475,0.4786088764667511,0.7295235991477966,-0.03049168363213539,0.47499319911003113,0.745966374874115,-0.027214929461479187
0.46818807721138,0.8263044357299805,4.270188753707771e-07,0.44958579540252686,0.8142056465148926,-0.0231377761811018,0.4408800005912781,0.7845703959465027,-0.034703899174928665,0.45816293358802795,0.7492236495018005,-0.04416762292385101,0.4739709794521332,0.7210970520973206,-0.05166512355208397,0.4199451804161072,0.7233832478523254,-0.020686689764261246,0.40179598331451416,0.6761180758476257,-0.03266580402851105,0.3909149169921875,0.646807849407196,-0.040160808712244034,0.3820967674255371,0.6218809485435486,-0.04497860372066498,0.43908974528312683,0.7108563780784607,-0.01806504838168621,0.4367104470729828,0.6531797647476196,-0.02990853413939476,0.43904608488082886,0.6148982644081116,-0.037097446620464325,0.44181475043296814,0.5831097960472107,-0.04063023626804352,0.4570106863975525,0.7155933380126953,-0.01802355796098709,0.46559664607048035,0.6981271505355835,-0.033843375742435455,0.4649275243282318,0.7276891469955444,-0.03633912652730942,0.46258825063705444,0.7472537159919739,-0.0332658626139164,0.47356757521629333,0.7282392382621765,-0.020152244716882706,0.47988593578338623,0.7104421257972717,-0.0315885916352272,0.4775750935077667,0.7304394245147705,-0.030818693339824677,0.4737333655357361,0.746936023235321,-0.027385607361793518
0.4672737419605255,0.8273533582687378,4.224593794788234e-07,0.44891661405563354,0.8152692317962646,-0.022261522710323334,0.44008851051330566,0.7854438424110413,-0.033551160246133804,0.4562651813030243,0.7500369548797607,-0.04293448477983475,0.47158297896385193,0.7220355272293091,-0.05030446872115135,0.4192235469818115,0.7234140038490295,-0.01981741562485695,0.4012680649757385,0.6761723160743713,-0.03145306184887886,0.3903808295726776,0.6470165252685547,-0.0386214479804039,0.38127774000167847,0.6221319437026978,-0.04322970286011696,0.43810567259788513,0.7111442685127258,-0.01756145805120468,0.43614649772644043,0.6528810262680054,-0.029397958889603615,0.4386084973812103,0.6146135330200195,-0.03643391653895378,0.44123247265815735,0.5830601453781128,-0.03976795822381973,0.45597437024116516,0.715668797492981,-0.017794985324144363,0.4646557569503784,0.6984996795654297,-0.033458489924669266,0.4636714458465576,0.7277705669403076,-0.03575107455253601,0.4610995054244995,0.746878445148468,-0.03250068053603172,0.47257566452026367,0.7274320721626282,-0.0201313067227602,0.4788966476917267,0.7093942165374756,-0.031145526096224785,0.4765341877937317,0.72929447889328,-0.030096838250756264,0.4731476604938507,0.7452170848846436,-0.026489997282624245
0.4671992063522339,0.8253359198570251,4.1448967635915324e-07,0.44965437054634094,0.8138728141784668,-0.023607946932315826,0.44168177247047424,0.7841444611549377,-0.03554890304803848,0.45859086513519287,0.7485731840133667,-0.045303117483854294,0.4737671911716461,0.7194700837135315,-0.05302996188402176,0.4199884533882141,0.7229161858558655,-0.021092375740408897,0.4020858705043793,0.6764217615127563,-0.03377175331115723,0.39071565866470337,0.6473413705825806,-0.04153299331665039,0.38153740763664246,0.6225439310073853,-0.04647551849484444,0.43888425827026367,0.7100399136543274,-0.01843535155057907,0.4362070560455322,0.6521227359771729,-0.031539186835289,0.43870165944099426,0.6143102645874023,-0.03935171291232109,0.4418255388736725,0.5825144648551941,-0.04304105415940285,0.45691943168640137,0.7144685983657837,-0.018343741074204445,0.46552515029907227,0.6973569989204407,-0.03521042689681053,0.46406495571136475,0.7267065644264221,-0.03765981271862984,0.46124550700187683,0.745684027671814,-0.03428378701210022,0.4736156165599823,0.7267643213272095,-0.020401297137141228,0.47982048988342285,0.7086400985717773,-0.032155755907297134,0.476999968290329,0.7284200191497803,-0.031139986589550972,0.473174512386322,0.7440723180770874,-0.027407415211200714
0.46758386492729187,0.8253967761993408,4.222083020977152e-07,0.4492311477661133,0.8136107921600342,-0.022634223103523254,0.44086989760398865,0.7835653424263,-0.0341540090739727,0.45769378542900085,0.7487512826919556,-0.04369157552719116,0.472709596157074,0.7206130027770996,-0.05119134113192558,0.4200468957424164,0.723142683506012,-0.020454050973057747,0.4024471938610077,0.6759679913520813,-0.032689474523067474,0.39139899611473083,0.6466113924980164,-0.04000077769160271,0.38239365816116333,0.6216472387313843,-0.04453812539577484,0.43898430466651917,0.71071457862854,-0.018065841868519783,0.43701478838920593,0.6524708867073059,-0.03080652467906475,0.439439982175827,0.6139466166496277,-0.038053203374147415,0.4424184560775757,0.5817277431488037,-0.041235387325286865,0.4570510685443878,0.7149297595024109,-0.018155721947550774,0.4656985402107239,0.6977294683456421,-0.03469188138842583,0.4644027650356293,0.7280339598655701,-0.03661758452653885,0.4618143141269684,0.7475516200065613,-0.03272578865289688,0.47388526797294617,0.7263910174369812,-0.020330652594566345,0.48020127415657043,0.7082900404930115,-0.031556349247694016,0.47734448313713074,0.7281625270843506,-0.03004869632422924,0.4737805426120758,0.7435039281845093,-0.0259175393730402
0.4671001732349396,0.8266356587409973,4.1947731688196654e-07,0.4484086036682129,0.8143759965896606,-0.022245122119784355,0.44045594334602356,0.7834702730178833,-0.03358875960111618,0.45747166872024536,0.7478914856910706,-0.04314516484737396,0.4722180664539337,0.7194373607635498,-0.050801314413547516,0.4197109341621399,0.7227203249931335,-0.01949518360197544,0.40247011184692383,0.6756290793418884,-0.03137577697634697,0.3917226493358612,0.6463395953178406,-0.03860093280673027,0.3828279674053192,0.6214065551757812,-0.043205082416534424,0.43883389234542847,0.7104517817497253,-0.01745513826608658,0.43674251437187195,0.6522815823554993,-0.03007631003856659,0.43935683369636536,0.6137028336524963,-0.03756530582904816,0.4423595368862152,0.5817912817001343,-0.041002705693244934,0.4571618139743805,0.7153397798538208,-0.017868109047412872,0.4653977155685425,0.6980734467506409,-0.034487005323171616,0.4642031490802765,0.7283141016960144,-0.03664076328277588,0.4615514278411865,0.7479845881462097,-0.033003855496644974,0.4741079807281494,0.7277707457542419,-0.020301682874560356,0.4800347685813904,0.7088531255722046,-0.031794387847185135,0.4774165153503418,0.729681134223938,-0.030360514298081398,0.47393372654914856,0.7457413673400879,-0.026338571682572365
0.4668172001838684,0.827150821685791,4.217298794628732e-07,0.4480305314064026,0.8147585391998291,-0.022699609398841858,0.44006994366645813,0.7838582396507263,-0.03398074954748154,0.4575777053833008,0.7482418417930603,-0.04332893714308739,0.472594678401947,0.7198840975761414,-0.050758980214595795,0.41936740279197693,0.7233005166053772,-0.019769303500652313,0.4022339880466461,0.6759268045425415,-0.03156830370426178,0.39162346720695496,0.6466293334960938,-0.038829948753118515,0.3828979432582855,0.6216243505477905,-0.04346073791384697,0.438757985830307,0.7109079957008362,-0.017426958307623863,0.43691202998161316,0.6525229811668396,-0.029679173603653908,0.43947306275367737,0.6138059496879578,-0.03715190663933754,0.4423651397228241,0.5818468332290649,-0.04069080948829651,0.4569958448410034,0.715643048286438,-0.017606601119041443,0.46529433131217957,0.697942316532135,-0.03399914130568504,0.46430501341819763,0.727691113948822,-0.03661399334669113,0.46184831857681274,0.7471814155578613,-0.03335641697049141,0.4738175570964813,0.7278621792793274,-0.019843097776174545,0.4799221456050873,0.7085543870925903,-0.031226731836795807,0.4774148762226105,0.7287080883979797,-0.030132457613945007,0.4738589823246002,0.7447049617767334,-0.026413677260279655
0.4666353464126587,0.8258839249610901,4.1856600319079007e-07,0.4480292797088623,0.8148801326751709,-0.023058533668518066,0.4394626319408417,0.7854483723640442,-0.0348367802798748,0.4568175971508026,0.7509657740592957,-0.04458221420645714,0.47229641675949097,0.7230209708213806,-0.052402790635824203,0.41970640420913696,0.723022997379303,-0.021037522703409195,0.40237993001937866,0.6759926080703735,-0.033240385353565216,0.3914746642112732,0.6467863321304321,-0.04080156609416008,0.3826165497303009,0.6218846440315247,-0.045711103826761246,0.43892809748649597,0.7105580568313599,-0.018627924844622612,0.43715953826904297,0.652410626411438,-0.03118116967380047,0.4397408366203308,0.6140038967132568,-0.03886470943689346,0.4427357316017151,0.5820107460021973,-0.042668238282203674,0.45689845085144043,0.7153862714767456,-0.018696153536438942,0.46545523405075073,0.6972721815109253,-0.03504253923892975,0.4641318917274475,0.7265165448188782,-0.03761914372444153,0.46134787797927856,0.7459526658058167,-0.03451098874211311,0.47354593873023987,0.7279430627822876,-0.02086682803928852,0.4798121750354767,0.7085557579994202,-0.03237392008304596,0.4771186411380768,0.7280926704406738,-0.03143513202667236,0.4732089936733246,0.7441834807395935,-0.027891822159290314
0.46651819348335266,0.8264931440353394,4.234310040374112e-07,0.4480377435684204,0.8155221343040466,-0.02332468517124653,0.4396892189979553,0.7855308651924133,-0.03526485338807106,0.4571920931339264,0.7501601576805115,-0.04512487351894379,0.47276273369789124,0.7217065691947937,-0.053049486130476,0.4191350042819977,0.7236340641975403,-0.02123306877911091,0.40196067094802856,0.6763076186180115,-0.03346161171793938,0.39136844873428345,0.6468926668167114,-0.04102460667490959,0.38269081711769104,0.6218630075454712,-0.04590944945812225,0.43844667077064514,0.7110691070556641,-0.018645860254764557,0.43655285239219666,0.6528419852256775,-0.031197095289826393,0.4391699731349945,0.6142844557762146,-0.03878825530409813,0.4421394467353821,0.5820919871330261,-0.042499516159296036,0.45654430985450745,0.7156714200973511,-0.01855034939944744,0.46500730514526367,0.698040246963501,-0.034979984164237976,0.46385258436203003,0.7280263900756836,-0.03740275278687477,0.46135956048965454,0.747786283493042,-0.03411532938480377,0.47330236434936523,0.7278912663459778,-0.020572923123836517,0.47942444682121277,0.7087548971176147,-0.03218955174088478,0.4768911600112915,0.7290348410606384,-0.031187858432531357,0.47325554490089417,0.7453593611717224,-0.027534078806638718
0.467494398355484,0.826920747756958,4.239444990616903e-07,0.44917842745780945,0.8152962327003479,-0.023533694446086884,0.4407713711261749,0.7857300043106079,-0.03544500470161438,0.45772218704223633,0.7510046362876892,-0.04526766762137413,0.4731602966785431,0.7233699560165405,-0.05310914292931557,0.41971033811569214,0.7229123115539551,-0.020831694826483727,0.40229326486587524,0.6757216453552246,-0.033067189157009125,0.3915150463581085,0.6462962031364441,-0.040715865790843964,0.3828982710838318,0.6211228370666504,-0.0456203818321228,0.43894585967063904,0.7107728719711304,-0.01819300651550293,0.43671783804893494,0.6528364419937134,-0.030626565217971802,0.4390663802623749,0.6141582727432251,-0.03821740671992302,0.44190338253974915,0.581756591796875,-0.0418950617313385,0.4571341574192047,0.7156274914741516,-0.018138321116566658,0.46495747566223145,0.6979863047599792,-0.034562356770038605,0.4637993574142456,0.7276108860969543,-0.03721063211560249,0.4613548815250397,0.7471708059310913,-0.034020815044641495,0.4739900231361389,0.7281268239021301,-0.02023904025554657,0.479436457157135,0.7086856365203857,-0.03172146901488304,0.4767923951148987,0.728663980960846,-0.030780304223299026,0.47315195202827454,0.7448487877845764,-0.02716817334294319
0.46626073122024536,0.8264312148094177,4.235771200455929e-07,0.44835034012794495,0.8148077726364136,-0.023411300033330917,0.4402763545513153,0.7852749228477478,-0.0353047251701355,0.4577329158782959,0.7505412101745605,-0.04510250315070152,0.47358283400535583,0.7232120037078857,-0.05290091410279274,0.4193038046360016,0.7234025597572327,-0.021111903712153435,0.40208736062049866,0.6762192249298096,-0.0333792082965374,0.3913228511810303,0.6467270851135254,-0.04098516330122948,0.3825589120388031,0.6215686798095703,-0.04585196450352669,0.438628226518631,0.7109578251838684,-0.018518241122364998,0.4366764724254608,0.6530373096466064,-0.030947038903832436,0.43901708722114563,0.6142303347587585,-0.038536082953214645,0.441832959651947,0.581612765789032,-0.042264424264431,0.45674291253089905,0.7156088352203369,-0.01845606230199337,0.46490734815597534,0.6984000205993652,-0.034756314009428024,0.46371182799339294,0.7275468707084656,-0.03748491778969765,0.461453914642334,0.7470495700836182,-0.03437468782067299,0.4733991324901581,0.7279061079025269,-0.020545022562146187,0.47919824719429016,0.708997905254364,-0.03176306188106537,0.476613849401474,0.7280305624008179,-0.030838550999760628,0.47324857115745544,0.7438603639602661,-0.027283204719424248
0.46573740243911743,0.8270002603530884,4.2320550619479036e-07,0.4475657641887665,0.815471887588501,-0.02420831099152565,0.4394952058792114,0.7851883769035339,-0.03607098385691643,0.4573766887187958,0.7499865293502808,-0.04556996375322342,0.4729466736316681,0.7219310402870178,-0.0531141571700573,0.41866782307624817,0.7239660620689392,-0.021656207740306854,0.40127187967300415,0.6765774488449097,-0.03378860652446747,0.39031782746315,0.6471413373947144,-0.04141051322221756,0.38138502836227417,0.6221499443054199,-0.04634203016757965,0.43819013237953186,0.7116119861602783,-0.018551180139183998,0.43628719449043274,0.6533182263374329,-0.03055819869041443,0.4385906159877777,0.6148961782455444,-0.03811141848564148,0.441328227519989,0.5825395584106445,-0.04193147271871567,0.45622262358665466,0.7165985107421875,-0.018049927428364754,0.46432316303253174,0.6983795762062073,-0.03427467495203018,0.46303096413612366,0.7277641892433167,-0.03738376498222351,0.46056461334228516,0.7473055124282837,-0.03464743494987488,0.4727246165275574,0.7293065786361694,-0.019719665870070457,0.47866570949554443,0.7098994255065918,-0.03141145780682564,0.4760878384113312,0.7294094562530518,-0.03097858838737011,0.47248509526252747,0.745488703250885,-0.02778676711022854
0.46610429883003235,0.8285147547721863,4.107509994355496e-07,0.44790077209472656,0.8157253265380859,-0.022225670516490936,0.4406939148902893,0.7841075658798218,-0.033187005668878555,0.458124577999115,0.7502188682556152,-0.04230663552880287,0.4723320007324219,0.7234809398651123,-0.04946558177471161,0.4206194579601288,0.7232610583305359,-0.018912022933363914,0.4032142460346222,0.6762300133705139,-0.03066824935376644,0.392667293548584,0.6469709277153015,-0.038181375712156296,0.3841093182563782,0.621921181678772,-0.042921531945466995,0.43954750895500183,0.7119121551513672,-0.01675155758857727,0.43768614530563354,0.6531767845153809,-0.028798826038837433,0.44018834829330444,0.6148190498352051,-0.03636492043733597,0.4430786073207855,0.5825138092041016,-0.03994924947619438,0.4572293162345886,0.7173624038696289,-0.017078842967748642,0.464952677488327,0.6980528235435486,-0.03328770771622658,0.4639841318130493,0.7277631759643555,-0.03564682602882385,0.4618107080459595,0.7476643919944763,-0.032096926122903824,0.47369495034217834,0.7301374077796936,-0.019429126754403114,0.4791967272758484,0.7092328667640686,-0.030579548329114914,0.47687217593193054,0.7282866835594177,-0.029032591730356216,0.47380274534225464,0.7440770268440247,-0.024873029440641403
0.46485796570777893,0.8335314393043518,4.1130360273200495e-07,0.44574180245399475,0.8198046088218689,-0.02194986492395401,0.4379557967185974,0.7883986234664917,-0.03314782679080963,0.4559350609779358,0.7536877393722534,-0.042733073234558105,0.4717486798763275,0.7271173596382141,-0.05058262124657631,0.41867589950561523,0.7263364791870117,-0.018123015761375427,0.4008873701095581,0.6799803376197815,-0.029718412086367607,0.39012712240219116,0.650897204875946,-0.037368208169937134,0.3817064166069031,0.6262027025222778,-0.04230047017335892,0.43779927492141724,0.7158434391021729,-0.016286302357912064,0.43559756875038147,0.6571541428565979,-0.02811998687684536,0.43825727701187134,0.6188715696334839,-0.03600817546248436,0.4414064288139343,0.5872266888618469,-0.03994593769311905,0.4557400643825531,0.7224856019020081,-0.0169373732060194,0.46276408433914185,0.7027934789657593,-0.03304768726229668,0.46145206689834595,0.7298669815063477,-0.03640173375606537,0.45929989218711853,0.7489240169525146,-0.03376801684498787,0.4720960855484009,0.7368490695953369,-0.01953652873635292,0.47735410928726196,0.7139518857002258,-0.030619841068983078,0.4745444357395172,0.7326279878616333,-0.029523365199565887,0.47117090225219727,0.7491704821586609,-0.02587336115539074
0.46197426319122314,0.829591691493988,4.2424903767823707e-07,0.44375959038734436,0.8157868385314941,-0.02247590757906437,0.43570128083229065,0.7850978970527649,-0.03370348736643791,0.45188650488853455,0.7499793767929077,-0.04297836497426033,0.46603724360466003,0.7218170166015625,-0.05030740052461624,0.41518622636795044,0.7236998081207275,-0.019014347344636917,0.3973701596260071,0.6763613820075989,-0.02997708134353161,0.3867749273777008,0.6470404267311096,-0.03706410899758339,0.37832117080688477,0.6220613718032837,-0.04172731190919876,0.43443283438682556,0.7128344178199768,-0.01635891944169998,0.4326550364494324,0.6548670530319214,-0.02739987149834633,0.43537387251853943,0.616416871547699,-0.03474828228354454,0.4383583068847656,0.5847353935241699,-0.038606587797403336,0.4522216320037842,0.718451201915741,-0.016204526647925377,0.459463506937027,0.6989433765411377,-0.03133636340498924,0.4585726857185364,0.7263687252998352,-0.03434385359287262,0.4562743902206421,0.7452760338783264,-0.031875405460596085,0.46843421459198,0.7309855818748474,-0.01809682510793209,0.473623126745224,0.7102336287498474,-0.02886204607784748,0.471707820892334,0.7286936044692993,-0.02817557007074356,0.46873709559440613,0.7443708181381226,-0.025018149986863136
0.4624447226524353,0.827012300491333,4.316461286180129e-07,0.4432585537433624,0.8127458095550537,-0.020815256983041763,0.43396854400634766,0.7828356623649597,-0.032169125974178314,0.4476173222064972,0.7478781938552856,-0.04206671565771103,0.4606817960739136,0.7205278277397156,-0.050127435475587845,0.4141944348812103,0.7211955785751343,-0.018668100237846375,0.39664769172668457,0.6731497645378113,-0.03015865944325924,0.38612690567970276,0.643604576587677,-0.03756348416209221,0.37759929895401,0.6183782815933228,-0.042344313114881516,0.43366196751594543,0.7109159231185913,-0.017028987407684326,0.4326965808868408,0.65299391746521,-0.02875804901123047,0.4358040392398834,0.6144270300865173,-0.03630601614713669,0.43881869316101074,0.5829695463180542,-0.04017139971256256,0.45166629552841187,0.7164243459701538,-0.017682554200291634,0.4581160545349121,0.6976395845413208,-0.033034805208444595,0.45707184076309204,0.7247146368026733,-0.035627566277980804,0.4548778831958771,0.743911623954773,-0.032785266637802124,0.46799302101135254,0.7286308407783508,-0.020243937149643898,0.4724298119544983,0.7081568241119385,-0.030648820102214813,0.4705052971839905,0.7254135608673096,-0.02934996597468853,0.46781477332115173,0.7405834794044495,-0.02571812830865383
0.460260808467865,0.8265502452850342,4.340723478435393e-07,0.44158610701560974,0.8118482828140259,-0.021124757826328278,0.4328617453575134,0.7815783619880676,-0.0324707068502903,0.4477047622203827,0.7468781471252441,-0.04225756227970123,0.46236729621887207,0.7204211354255676,-0.05017746984958649,0.41265830397605896,0.7201995253562927,-0.01866321451961994,0.39518600702285767,0.6724763512611389,-0.030144060030579567,0.384793758392334,0.6426805257797241,-0.03755410760641098,0.376392126083374,0.6174003481864929,-0.04233623668551445,0.43198928236961365,0.7100694179534912,-0.016822488978505135,0.4311378300189972,0.6522461771965027,-0.02848765067756176,0.4342386722564697,0.6136504411697388,-0.035814523696899414,0.43756067752838135,0.5821374654769897,-0.03945561870932579,0.4500184953212738,0.7157577276229858,-0.017326535657048225,0.45694926381111145,0.6971800327301025,-0.03253279998898506,0.4553835690021515,0.724638044834137,-0.0348583422601223,0.453075647354126,0.7435578107833862,-0.031785011291503906,0.46647053956985474,0.7282581925392151,-0.0198145043104887,0.47119706869125366,0.7084806561470032,-0.03015427477657795,0.46870866417884827,0.7259898781776428,-0.028785377740859985,0.46566617488861084,0.7408687472343445,-0.025054138153791428
0.45958614349365234,0.8280752301216125,4.2549902445898624e-07,0.4390896260738373,0.81301349401474,-0.020108170807361603,0.43017125129699707,0.7807452082633972,-0.030344000086188316,0.4459051191806793,0.7450138926506042,-0.03926569223403931,0.4596068263053894,0.7175925374031067,-0.046323277056217194,0.41090959310531616,0.7199155688285828,-0.015633990988135338,0.3931519091129303,0.672341525554657,-0.026149939745664597,0.382891982793808,0.6429484486579895,-0.03301796689629555,0.3746854066848755,0.618289589881897,-0.037333615124225616,0.4305078387260437,0.7097711563110352,-0.01418610941618681,0.42925137281417847,0.6509163975715637,-0.025088870897889137,0.4318900406360626,0.611905038356781,-0.03222281113266945,0.43491023778915405,0.5805920958518982,-0.035589657723903656,0.44883283972740173,0.71560138463974,-0.015179651789367199,0.4551295042037964,0.6959400177001953,-0.0302914846688509,0.4538634717464447,0.7239640951156616,-0.03295126557350159,0.4518309533596039,0.7431564331054688,-0.029892491176724434,0.46562421321868896,0.7281042337417603,-0.01802964322268963,0.4700703024864197,0.7065027356147766,-0.02823951467871666,0.4677267074584961,0.7248148918151855,-0.026714302599430084,0.465003103017807,0.7400370836257935,-0.022798556834459305
0.45994848012924194,0.8274177312850952,4.2855481297010556e-07,0.4395030736923218,0.8124127388000488,-0.01994437724351883,0.43047207593917847,0.7803199291229248,-0.030240269377827644,0.4461376667022705,0.7445444464683533,-0.03924224525690079,0.46045956015586853,0.7173934578895569,-0.046371832489967346,0.4112469553947449,0.7200217843055725,-0.01634780690073967,0.39309221506118774,0.6724073886871338,-0.026755597442388535,0.38270869851112366,0.6431633830070496,-0.03341656178236008,0.37430858612060547,0.6183716058731079,-0.037707455456256866,0.4306109845638275,0.709714412689209,-0.01493553165346384,0.429309606552124,0.6510276794433594,-0.025639772415161133,0.4322277307510376,0.6125490069389343,-0.03244248032569885,0.43554627895355225,0.5818876624107361,-0.035744331777095795,0.4486803710460663,0.7155132293701172,-0.015887761488556862,0.45555686950683594,0.6965076327323914,-0.030568573623895645,0.45395931601524353,0.7249146699905396,-0.03280586004257202,0.45150357484817505,0.7441333532333374,-0.029704755172133446,0.4652509093284607,0.7279895544052124,-0.018738698214292526,0.47027403116226196,0.7072533369064331,-0.02873091772198677,0.46784213185310364,0.7260580062866211,-0.02718900330364704,0.46487241983413696,0.7415665984153748,-0.023418352007865906
0.4592251479625702,0.8275425434112549,4.194540963453619e-07,0.43948718905448914,0.8134243488311768,-0.020106635987758636,0.43042057752609253,0.782459557056427,-0.03088861145079136,0.44534966349601746,0.7467297911643982,-0.0404115729033947,0.4596281945705414,0.719333291053772,-0.04811656475067139,0.4107109606266022,0.7210035920143127,-0.016856752336025238,0.3930014669895172,0.673346221446991,-0.02794896997511387,0.382520854473114,0.6439668536186218,-0.035121772438287735,0.3742114007472992,0.6191360950469971,-0.039717864245176315,0.43010085821151733,0.710019052028656,-0.0156312957406044,0.42880821228027344,0.6516057848930359,-0.02702106349170208,0.4315411448478699,0.6129946112632751,-0.03437139466404915,0.4347159266471863,0.5817766785621643,-0.03801096975803375,0.4482932388782501,0.7152596712112427,-0.016727296635508537,0.4551413059234619,0.6956160068511963,-0.03171762451529503,0.45380452275276184,0.7231376767158508,-0.03396834805607796,0.4517174959182739,0.7423017621040344,-0.030895724892616272,0.46507954597473145,0.7277462482452393,-0.019739912822842598,0.4699535369873047,0.7067615985870361,-0.029786473140120506,0.4675253927707672,0.7248282432556152,-0.02810485102236271,0.4646727442741394,0.7403352856636047,-0.024204673245549202
0.4583224356174469,0.8283801674842834,4.179746611043811e-07,0.4385322630405426,0.8134934902191162,-0.01936042681336403,0.4294714033603668,0.7823045253753662,-0.029674317687749863,0.4444119334220886,0.7476887106895447,-0.0388970673084259,0.45847082138061523,0.7217365503311157,-0.04639197885990143,0.4102519452571869,0.720718502998352,-0.015677418559789658,0.39260631799697876,0.6740770936012268,-0.026614509522914886,0.3824254870414734,0.6447174549102783,-0.03392716869711876,0.37446582317352295,0.6198575496673584,-0.03861477971076965,0.4297347962856293,0.7103894352912903,-0.014793124981224537,0.42882707715034485,0.6519858837127686,-0.02595416270196438,0.4316265881061554,0.6131095290184021,-0.033364277333021164,0.4346292316913605,0.5816722512245178,-0.037025436758995056,0.44792768359184265,0.716291606426239,-0.016215162351727486,0.4545576572418213,0.6963712573051453,-0.031218303367495537,0.45347297191619873,0.7232292294502258,-0.033849336206912994,0.45146048069000244,0.7424838542938232,-0.03093806467950344,0.46462443470954895,0.7295226454734802,-0.019451376050710678,0.4692994952201843,0.7084465026855469,-0.029511459171772003,0.4671405553817749,0.7261403203010559,-0.02785935252904892,0.4644389748573303,0.7416802048683167,-0.02391539141535759
0.45921608805656433,0.8265000581741333,4.170783824974933e-07,0.4394109845161438,0.812475860118866,-0.019371453672647476,0.43045127391815186,0.7819857597351074,-0.029771925881505013,0.44456127285957336,0.7471081614494324,-0.0389784574508667,0.4573573172092438,0.7198377251625061,-0.046397339552640915,0.4110548198223114,0.7197783589363098,-0.016545353457331657,0.39362120628356934,0.6723635792732239,-0.02730526030063629,0.38349759578704834,0.6429125070571899,-0.03431609272956848,0.375514954328537,0.6178929209709167,-0.038857292383909225,0.4303470849990845,0.7089164853096008,-0.015473267994821072,0.4295971095561981,0.6507107615470886,-0.02654549479484558,0.4326360523700714,0.6123608350753784,-0.03372352197766304,0.43598368763923645,0.5818487405776978,-0.03730446472764015,0.44832950830459595,0.7140378952026367,-0.016612466424703598,0.45483580231666565,0.6947957873344421,-0.03108922764658928,0.4535168707370758,0.7216037511825562,-0.03326829522848129,0.45154011249542236,0.7404488325119019,-0.03029787354171276,0.4648452699184418,0.7261919379234314,-0.019608274102211,0.4692416489124298,0.7057607769966125,-0.02926410362124443,0.46719256043434143,0.7235170006752014,-0.02754746936261654,0.464901328086853,0.7386072874069214,-0.023689139634370804
0.46035194396972656,0.8270381093025208,4.204740662316908e-07,0.44024449586868286,0.812286376953125,-0.019308947026729584,0.4311274588108063,0.7809293270111084,-0.029522333294153214,0.445387065410614,0.7455226182937622,-0.03856726363301277,0.45878273248672485,0.7187720537185669,-0.045824695378541946,0.4120635688304901,0.7200497984886169,-0.01652473770081997,0.39464789628982544,0.6719231009483337,-0.02717217244207859,0.3844398856163025,0.6424005627632141,-0.03405739739537239,0.3762245774269104,0.617213249206543,-0.03852617368102074,0.4311535656452179,0.7094974517822266,-0.015417457558214664,0.43024742603302,0.6514685750007629,-0.026307199150323868,0.4333733022212982,0.6132382750511169,-0.033400483429431915,0.4369733929634094,0.5826279520988464,-0.036991186439991,0.4489072859287262,0.7147248387336731,-0.016530005261301994,0.4556824564933777,0.6957293152809143,-0.030935082584619522,0.4544987380504608,0.7228525876998901,-0.033199798315763474,0.45264196395874023,0.7417420148849487,-0.030286600813269615,0.4651962220668793,0.7266193628311157,-0.019517479464411736,0.4700084328651428,0.7060162425041199,-0.029181351885199547,0.46794185042381287,0.723172664642334,-0.02765808254480362,0.465496301651001,0.7380542755126953,-0.023973068222403526
0.45972052216529846,0.8316525816917419,4.0831764636095613e-07,0.43921855092048645,0.8149895668029785,-0.018403498455882072,0.4305034577846527,0.7823710441589355,-0.028063572943210602,0.4457501471042633,0.7463386654853821,-0.036893170326948166,0.4598102271556854,0.7194116115570068,-0.044078998267650604,0.4122711718082428,0.7231358885765076,-0.014522566460072994,0.39518383145332336,0.6752005219459534,-0.025125281885266304,0.38520318269729614,0.6456642150878906,-0.032331354916095734,0.37711161375045776,0.6207675337791443,-0.03700929507613182,0.43157947063446045,0.7129577398300171,-0.014026785269379616,0.43066397309303284,0.6539320945739746,-0.024741223081946373,0.43373745679855347,0.615000307559967,-0.03229418396949768,0.43714603781700134,0.5840127468109131,-0.03624189272522926,0.4496133327484131,0.7188042402267456,-0.01577732525765896,0.45593687891960144,0.6981464624404907,-0.030139027163386345,0.45452186465263367,0.72404545545578,-0.03293626755475998,0.4525768458843231,0.7431395649909973,-0.03041730262339115,0.4662535786628723,0.7316168546676636,-0.019307460635900497,0.4706898331642151,0.7093192934989929,-0.028902344405651093,0.468389630317688,0.7257248163223267,-0.027351005002856255,0.4658243656158447,0.7410013675689697,-0.02367810346186161
0.4596397876739502,0.8310686349868774,4.146922094605543e-07,0.4397968649864197,0.814826250076294,-0.0197773240506649,0.43113210797309875,0.7826778292655945,-0.030082257464528084,0.44680023193359375,0.746935248374939,-0.039180029183626175,0.4612772762775421,0.7200342416763306,-0.04650203883647919,0.4120951294898987,0.7235220670700073,-0.016220351681113243,0.3951183259487152,0.6755308508872986,-0.027158686891198158,0.38519951701164246,0.6460776329040527,-0.03432036563754082,0.37722712755203247,0.6211584806442261,-0.03887998312711716,0.43162763118743896,0.7133587598800659,-0.014980086125433445,0.4307265877723694,0.654714822769165,-0.026103412732481956,0.4337630271911621,0.6159806251525879,-0.03348207846283913,0.4372958242893219,0.5846841335296631,-0.037136469036340714,0.44974637031555176,0.7190400958061218,-0.016069119796156883,0.455905020236969,0.699363648891449,-0.03100096806883812,0.454338014125824,0.7264071106910706,-0.03371015936136246,0.45237410068511963,0.7454227805137634,-0.030853604897856712,0.4663856327533722,0.7314637303352356,-0.019015803933143616,0.47065162658691406,0.7105077505111694,-0.028954138979315758,0.46815061569213867,0.7274346947669983,-0.02750968560576439,0.46549391746520996,0.7422263026237488,-0.02375916577875614
0.4585477411746979,0.8320919275283813,4.1654203641883214e-07,0.4395149350166321,0.8171614408493042,-0.020559288561344147,0.43179962038993835,0.7854517102241516,-0.03091934509575367,0.44710949063301086,0.7502437829971313,-0.039830394089221954,0.46093958616256714,0.723018229007721,-0.04691182076931,0.41202807426452637,0.7237575054168701,-0.016370894387364388,0.395119845867157,0.6760227680206299,-0.027140360325574875,0.3852517902851105,0.6459780335426331,-0.03450380265712738,0.37750333547592163,0.6207216382026672,-0.039329417049884796,0.43162548542022705,0.7135177850723267,-0.014658349566161633,0.43104901909828186,0.654488205909729,-0.025440162047743797,0.4343014657497406,0.6158687472343445,-0.033083684742450714,0.43783605098724365,0.5848504900932312,-0.03713436424732208,0.44963592290878296,0.7196474671363831,-0.015324604697525501,0.4555421769618988,0.698275625705719,-0.03008795715868473,0.45469820499420166,0.7235780358314514,-0.033297259360551834,0.45322558283805847,0.7420908212661743,-0.030983831733465195,0.46594563126564026,0.7328541874885559,-0.01788651943206787,0.47024592757225037,0.7104613184928894,-0.028151603415608406,0.46853989362716675,0.7259889245033264,-0.02721465192735195,0.4664597511291504,0.740359902381897,-0.02384467050433159
0.45815977454185486,0.8265860080718994,4.0522317590330204e-07,0.44004952907562256,0.8135939240455627,-0.02012854442000389,0.4305097460746765,0.7835429310798645,-0.031069373711943626,0.44447118043899536,0.748308002948761,-0.04060639441013336,0.4584859609603882,0.7213245630264282,-0.04831746593117714,0.41140344738960266,0.7220633625984192,-0.018898606300354004,0.3945203125476837,0.6731970310211182,-0.03053451143205166,0.38472995162010193,0.643177330493927,-0.03774036467075348,0.3770337402820587,0.6180118918418884,-0.04226712882518768,0.4310556650161743,0.7112061977386475,-0.01739317923784256,0.4291377067565918,0.6529326438903809,-0.028771422803401947,0.4322007894515991,0.614704966545105,-0.03578723594546318,0.4359186589717865,0.583821177482605,-0.03936294466257095,0.4488072395324707,0.7163107991218567,-0.018075481057167053,0.45511433482170105,0.6963591575622559,-0.032828282564878464,0.4542427659034729,0.7218900322914124,-0.03493832051753998,0.45278361439704895,0.7407996654510498,-0.03191995620727539,0.4646463096141815,0.7285671830177307,-0.0206497423350811,0.46938368678092957,0.7087576389312744,-0.03074277564883232,0.4677879214286804,0.7238302826881409,-0.02945571579039097,0.4657469093799591,0.7377733588218689,-0.025862161070108414
0.4592585265636444,0.8266326785087585,4.230209071920399e-07,0.4402383863925934,0.812057375907898,-0.019539974629878998,0.431225061416626,0.7802987694740295,-0.02958446741104126,0.4444310963153839,0.745546281337738,-0.038227908313274384,0.45748814940452576,0.7198659181594849,-0.044991202652454376,0.41142988204956055,0.7200418710708618,-0.016858013346791267,0.3943161070346832,0.6714199781417847,-0.027419041842222214,0.384707510471344,0.6412520408630371,-0.03406869247555733,0.37698987126350403,0.6160352826118469,-0.038174111396074295,0.43104392290115356,0.7101006507873535,-0.014980876818299294,0.4299842417240143,0.6519743204116821,-0.025787485763430595,0.43335792422294617,0.6132700443267822,-0.03243032097816467,0.43713417649269104,0.5824187397956848,-0.035498980432748795,0.4489038288593292,0.7153639793395996,-0.015311487950384617,0.4550023078918457,0.696128249168396,-0.02983035519719124,0.4541533291339874,0.7224168181419373,-0.03195223957300186,0.45264309644699097,0.741439938545227,-0.028617097064852715,0.46482861042022705,0.726553201675415,-0.017461083829402924,0.4693275988101959,0.7068169116973877,-0.027279604226350784,0.46743282675743103,0.7217042446136475,-0.026000170037150383,0.4652532935142517,0.7346183061599731,-0.022234806790947914
0.4594639837741852,0.8282473683357239,4.19365022708007e-07,0.4406585395336151,0.8129052519798279,-0.019628051668405533,0.4319009780883789,0.7810776829719543,-0.029807699844241142,0.44620394706726074,0.7458556890487671,-0.03867776691913605,0.4593535363674164,0.7185472249984741,-0.045643482357263565,0.4117269515991211,0.7204505801200867,-0.016452942043542862,0.39489421248435974,0.6720668077468872,-0.026980897411704063,0.3852548599243164,0.642191469669342,-0.03361695259809494,0.3774433135986328,0.6169811487197876,-0.03776862844824791,0.43102654814720154,0.7102885842323303,-0.014896019361913204,0.4300951063632965,0.6524754762649536,-0.025812869891524315,0.4335048198699951,0.6141183972358704,-0.032566796988248825,0.43714913725852966,0.5833797454833984,-0.0357058010995388,0.4488109052181244,0.7155928611755371,-0.015623830258846283,0.455686092376709,0.6969252824783325,-0.03034016117453575,0.4545803368091583,0.7245118618011475,-0.032413411885499954,0.4523372948169708,0.7435092926025391,-0.029047606512904167,0.46495628356933594,0.7271459102630615,-0.018213093280792236,0.4701225757598877,0.7064760327339172,-0.02808954194188118,0.4681673049926758,0.7228279113769531,-0.026590293273329735,0.46520644426345825,0.7366232872009277,-0.022718282416462898
0.4604831337928772,0.8284651637077332,4.234144910242321e-07,0.4414618909358978,0.8130627870559692,-0.020353160798549652,0.4324556887149811,0.781482458114624,-0.0307911429554224,0.4471624493598938,0.7458418011665344,-0.03979192674160004,0.4608500897884369,0.7184083461761475,-0.04695899784564972,0.41233524680137634,0.7208434343338013,-0.017115987837314606,0.39503374695777893,0.6724404692649841,-0.027744483202695847,0.38508570194244385,0.6426029801368713,-0.0347471758723259,0.3770970106124878,0.6173827648162842,-0.03933219239115715,0.4317871928215027,0.7106695175170898,-0.015402453951537609,0.43068066239356995,0.6522126197814941,-0.026255255565047264,0.43385186791419983,0.6136056184768677,-0.03350403904914856,0.4373819828033447,0.5825203061103821,-0.037222277373075485,0.4498121738433838,0.7163987159729004,-0.016005711629986763,0.4564155340194702,0.6968541145324707,-0.030724266543984413,0.4553072154521942,0.7239515781402588,-0.03345971927046776,0.45337414741516113,0.7430347204208374,-0.030782688409090042,0.46628403663635254,0.7286306619644165,-0.018505241721868515,0.47096166014671326,0.7072341442108154,-0.028712306171655655,0.4687999486923218,0.7239701747894287,-0.027679752558469772,0.46602311730384827,0.7385619878768921,-0.024279020726680756
0.45850738883018494,0.8258839249610901,4.119897880627832e-07,0.4404849112033844,0.8110348582267761,-0.019628362730145454,0.4313887357711792,0.7804267406463623,-0.03015926294028759,0.4452759623527527,0.745719313621521,-0.039334408938884735,0.4583805799484253,0.719125509262085,-0.04670073464512825,0.41170984506607056,0.720456063747406,-0.01767382211983204,0.39479926228523254,0.672690212726593,-0.028702612966299057,0.3848406970500946,0.6431453824043274,-0.035803455859422684,0.376476526260376,0.6183570027351379,-0.04032936319708824,0.43107542395591736,0.7104792594909668,-0.01621648669242859,0.42958444356918335,0.6525217294692993,-0.02724185772240162,0.43266355991363525,0.6137964725494385,-0.034391336143016815,0.4358888566493988,0.5826656818389893,-0.03801034390926361,0.44884875416755676,0.7160158753395081,-0.01691424660384655,0.45477816462516785,0.6957637667655945,-0.031505003571510315,0.4548366665840149,0.7205567955970764,-0.033831581473350525,0.45389533042907715,0.7393706440925598,-0.030826162546873093,0.46485304832458496,0.7279326915740967,-0.019434042274951935,0.4691507816314697,0.7073023319244385,-0.029397718608379364,0.468281626701355,0.7207804918289185,-0.028109144419431686,0.4669089615345001,0.7334287166595459,-0.024403154850006104
0.4584112763404846,0.8235427141189575,4.2937276134580316e-07,0.44022825360298157,0.8079168200492859,-0.020876415073871613,0.4314560890197754,0.7769305109977722,-0.0315345898270607,0.4456116557121277,0.7422927021980286,-0.04050544276833534,0.45895886421203613,0.7158687710762024,-0.04758056253194809,0.41134676337242126,0.7172024250030518,-0.01790018007159233,0.393703818321228,0.6691480875015259,-0.028657160699367523,0.3837865889072418,0.6395723819732666,-0.03561553359031677,0.37590593099594116,0.614851713180542,-0.03995381295681,0.4309893846511841,0.7072566151618958,-0.015526693314313889,0.42915675044059753,0.6496883034706116,-0.0261243786662817,0.43202686309814453,0.611680269241333,-0.033008165657520294,0.4353255033493042,0.5809772610664368,-0.036358803510665894,0.4490188956260681,0.7128853797912598,-0.015486343763768673,0.45505547523498535,0.6932346820831299,-0.030032377690076828,0.45444750785827637,0.7190220952033997,-0.03270987793803215,0.4531724750995636,0.7379487752914429,-0.02981250360608101,0.4651435911655426,0.7250952124595642,-0.01733490079641342,0.4698035717010498,0.704345703125,-0.027302095666527748,0.46848413348197937,0.7186785936355591,-0.026193298399448395,0.46674978733062744,0.7319067120552063,-0.022562609985470772
0.4590255320072174,0.8248255252838135,4.155619421908341e-07,0.44055333733558655,0.8102923631668091,-0.02031632885336876,0.43137797713279724,0.7794262170791626,-0.03103533573448658,0.4445590376853943,0.7445347309112549,-0.040238454937934875,0.457986980676651,0.7177152633666992,-0.04762415960431099,0.4109387695789337,0.7197265625,-0.01822071149945259,0.39367789030075073,0.6714818477630615,-0.029204625636339188,0.3834891617298126,0.6418697237968445,-0.03624463081359863,0.37543824315071106,0.6170051693916321,-0.040724016726017,0.4305402636528015,0.7090442180633545,-0.016312139108777046,0.42836639285087585,0.6511741280555725,-0.027134621515870094,0.43082931637763977,0.613199770450592,-0.03411683440208435,0.43404021859169006,0.5821394324302673,-0.03765926882624626,0.44874343276023865,0.7139416933059692,-0.016604408621788025,0.45419955253601074,0.6935561299324036,-0.031049111858010292,0.4533793032169342,0.7195948362350464,-0.03341896831989288,0.4522795081138611,0.7387862801551819,-0.030528578907251358,0.46517905592918396,0.725523829460144,-0.018778787925839424,0.4692704975605011,0.7040321230888367,-0.02875060960650444,0.46733710169792175,0.7186964750289917,-0.0276323314756155,0.46521878242492676,0.7323115468025208,-0.024135025218129158
0.4606037139892578,0.8255898356437683,4.184616955171805e-07,0.4412657618522644,0.8103604316711426,-0.019519951194524765,0.431802898645401,0.7790001630783081,-0.029743550345301628,0.4457431435585022,0.7443059086799622,-0.03869260475039482,0.45974478125572205,0.7180458307266235,-0.04587298631668091,0.4123414158821106,0.7192770838737488,-0.01668313518166542,0.3951617181301117,0.671035647392273,-0.027053913101553917,0.38519448041915894,0.641538143157959,-0.03385773301124573,0.3772106170654297,0.6167318820953369,-0.038252413272857666,0.4322037398815155,0.7092325091362,-0.015094010159373283,0.4307935833930969,0.651227593421936,-0.025460513308644295,0.4335922598838806,0.6127049922943115,-0.03265133500099182,0.4368709921836853,0.5817530751228333,-0.03646551072597504,0.45036184787750244,0.7145750522613525,-0.015709800645709038,0.4556214213371277,0.6941179037094116,-0.029895871877670288,0.4554404318332672,0.7188560366630554,-0.0329492911696434,0.4547097086906433,0.7375971674919128,-0.030564069747924805,0.46663740277290344,0.7261305451393127,-0.018118588253855705,0.47052234411239624,0.7045279741287231,-0.02771991863846779,0.46902236342430115,0.7175694108009338,-0.026884974911808968,0.4672488570213318,0.7301976084709167,-0.023690272122621536
0.46036747097969055,0.8229930996894836,4.164456299804442e-07,0.441314697265625,0.8083555698394775,-0.01913217268884182,0.4320804178714752,0.776902973651886,-0.029224907979369164,0.4450456500053406,0.7420237064361572,-0.038081299513578415,0.45783084630966187,0.7159668803215027,-0.04510136693716049,0.4119753837585449,0.717743992805481,-0.016513898968696594,0.3948895335197449,0.6695281267166138,-0.026928553357720375,0.38494184613227844,0.6401938796043396,-0.033499304205179214,0.3769085109233856,0.615433931350708,-0.03762538358569145,0.43153437972068787,0.7075415849685669,-0.015001700259745121,0.43020355701446533,0.6496045589447021,-0.02572718635201454,0.433143675327301,0.6111996173858643,-0.032772354781627655,0.4364772439002991,0.5805100202560425,-0.0362936407327652,0.44952625036239624,0.7124435901641846,-0.015620052814483643,0.4553074538707733,0.6923007369041443,-0.02997419238090515,0.45522862672805786,0.7173945903778076,-0.03244844451546669,0.4543357789516449,0.7364038825035095,-0.029529651626944542,0.46576061844825745,0.7232897877693176,-0.018017413094639778,0.469999760389328,0.7024736404418945,-0.027631539851427078,0.4687970280647278,0.7160667181015015,-0.026422759518027306,0.46721458435058594,0.7289958000183105,-0.02282797545194626
0.4601297080516815,0.8259032368659973,4.2414450263095205e-07,0.44106724858283997,0.8109226226806641,-0.01962517388164997,0.43236252665519714,0.778742253780365,-0.029594039544463158,0.4465184509754181,0.7435277104377747,-0.03815045952796936,0.45930057764053345,0.7166494131088257,-0.04481721296906471,0.4121142625808716,0.7187787890434265,-0.01622713729739189,0.3951519727706909,0.670485258102417,-0.026337888091802597,0.38552209734916687,0.6410796642303467,-0.0327787920832634,0.3776298761367798,0.6162723302841187,-0.036844734102487564,0.431713342666626,0.7087868452072144,-0.014521310105919838,0.43087416887283325,0.6506826877593994,-0.02500827983021736,0.43409910798072815,0.6121759414672852,-0.03179175779223442,0.4374307692050934,0.581168532371521,-0.03506151959300041,0.4498288035392761,0.7143803834915161,-0.015062223188579082,0.45631057024002075,0.6954026222229004,-0.029538653790950775,0.45514482259750366,0.722524106502533,-0.03195073455572128,0.4531933069229126,0.7416248917579651,-0.028931424021720886,0.4661448001861572,0.7260808944702148,-0.017424624413251877,0.4709571599960327,0.7062203884124756,-0.027414988726377487,0.46909111738204956,0.7225679755210876,-0.026199737563729286,0.46686166524887085,0.7363099455833435,-0.02255231700837612
0.4597446322441101,0.8266254663467407,4.197842713438149e-07,0.44018176198005676,0.8106040358543396,-0.020678019151091576,0.4314686357975006,0.778535008430481,-0.030879570171236992,0.44655948877334595,0.7431288957595825,-0.03952670097351074,0.46081891655921936,0.7159120440483093,-0.04634470492601395,0.4117266535758972,0.7193291187286377,-0.016672378405928612,0.3952459692955017,0.6711874604225159,-0.02705477550625801,0.3853219747543335,0.6417202353477478,-0.03385668247938156,0.377351850271225,0.6169725656509399,-0.0381903275847435,0.4315659701824188,0.7089937329292297,-0.014614572748541832,0.43058207631111145,0.6504766345024109,-0.024982348084449768,0.43325841426849365,0.6119512319564819,-0.032093312591314316,0.4363606572151184,0.5806622505187988,-0.03563802316784859,0.44991299510002136,0.7146992087364197,-0.014926286414265633,0.4556986391544342,0.6952484250068665,-0.02962961420416832,0.4544617235660553,0.722122848033905,-0.03278588876128197,0.4528030753135681,0.7411602735519409,-0.03021109849214554,0.4663887917995453,0.7270639538764954,-0.01710153929889202,0.470584511756897,0.7059674263000488,-0.02729479782283306,0.46824559569358826,0.7221887111663818,-0.026390833780169487,0.46557560563087463,0.7362799048423767,-0.02296609617769718
0.4594053328037262,0.8247644305229187,4.2382575315969007e-07,0.44113749265670776,0.8095152378082275,-0.02101050689816475,0.432735800743103,0.7775139212608337,-0.031295064836740494,0.44593629240989685,0.7420434355735779,-0.03982190415263176,0.45848846435546875,0.7142839431762695,-0.04641300067305565,0.4109746515750885,0.7188686728477478,-0.017283936962485313,0.3939165472984314,0.6705055236816406,-0.027717195451259613,0.3835846781730652,0.6407950520515442,-0.03434878960251808,0.3750624358654022,0.6161413192749023,-0.03849198296666145,0.4306134581565857,0.708486020565033,-0.014621511101722717,0.42915108799934387,0.6502888202667236,-0.025418147444725037,0.43185532093048096,0.6115844249725342,-0.0323970802128315,0.4347914457321167,0.5805666446685791,-0.03573227301239967,0.44869640469551086,0.7135865688323975,-0.014315644279122353,0.4550386071205139,0.693850576877594,-0.029316850006580353,0.45459243655204773,0.719955563545227,-0.032258715480566025,0.45315730571746826,0.7390254735946655,-0.029428327456116676,0.46474823355674744,0.7246347665786743,-0.01587456837296486,0.46948233246803284,0.7040009498596191,-0.026459965854883194,0.4680253267288208,0.7188785076141357,-0.025888437405228615,0.4657576084136963,0.7318658232688904,-0.02257617563009262
0.4590066075325012,0.8253082036972046,4.1250885374211066e-07,0.44099971652030945,0.810437798500061,-0.02001463994383812,0.43204325437545776,0.7781686782836914,-0.030096832662820816,0.4455282688140869,0.742909848690033,-0.03869810327887535,0.45826730132102966,0.7160830497741699,-0.04539857804775238,0.41157856583595276,0.7197265625,-0.016819316893815994,0.3940645754337311,0.671669602394104,-0.027515225112438202,0.3837316334247589,0.6419049501419067,-0.034419458359479904,0.3750551640987396,0.6171792149543762,-0.03882105275988579,0.4312173128128052,0.7093851566314697,-0.014916490763425827,0.4292392432689667,0.6512119770050049,-0.025896094739437103,0.4318814277648926,0.6126341223716736,-0.03299717605113983,0.43474575877189636,0.5810250043869019,-0.03647656738758087,0.4492267370223999,0.7145866751670837,-0.015287965536117554,0.45497459173202515,0.6940903067588806,-0.030331356450915337,0.45456260442733765,0.7206094264984131,-0.032783497124910355,0.45325249433517456,0.7398260831832886,-0.029606282711029053,0.4652908742427826,0.7259639501571655,-0.017485113814473152,0.4692120850086212,0.7043262720108032,-0.02810499258339405,0.4681577980518341,0.7180459499359131,-0.02713744342327118,0.4667367935180664,0.7302901148796082,-0.023509036749601364
0.4587981700897217,0.8274306058883667,4.0959184843814e-07,0.4412248134613037,0.8114798665046692,-0.02005353756248951,0.43309086561203003,0.7789491415023804,-0.029831642284989357,0.44641169905662537,0.7430378198623657,-0.038060642778873444,0.45840609073638916,0.7148976922035217,-0.04432446137070656,0.4116690456867218,0.7213796377182007,-0.016399813815951347,0.39473551511764526,0.673870861530304,-0.026812570169568062,0.3843005299568176,0.6446363925933838,-0.033555787056684494,0.3755156695842743,0.6198779344558716,-0.037924524396657944,0.4307735562324524,0.7107734084129333,-0.014283783733844757,0.42980730533599854,0.6527533531188965,-0.02525796927511692,0.43265900015830994,0.6138802766799927,-0.0325264036655426,0.43551385402679443,0.5820239186286926,-0.03617884963750839,0.4484526813030243,0.7157444953918457,-0.014435875229537487,0.45511841773986816,0.6953509449958801,-0.029439052566885948,0.4547179937362671,0.7218899130821228,-0.03214119374752045,0.45327210426330566,0.7410354614257812,-0.029247911646962166,0.46452566981315613,0.7266133427619934,-0.016420528292655945,0.4695817828178406,0.7059358954429626,-0.0271128062158823,0.46825435757637024,0.7212380766868591,-0.026468178257346153,0.46640485525131226,0.7346393465995789,-0.023137414827942848
0.45936819911003113,0.8246822357177734,4.136053348702262e-07,0.44154781103134155,0.8105431795120239,-0.02015055902302265,0.4327273368835449,0.7786346673965454,-0.030337294563651085,0.4453671872615814,0.7431080341339111,-0.03899301961064339,0.4569584131240845,0.7148959040641785,-0.04567205160856247,0.4115716516971588,0.7198238372802734,-0.016735684126615524,0.39433562755584717,0.6720254421234131,-0.027531934902071953,0.38389408588409424,0.6426537036895752,-0.03419416770339012,0.37527012825012207,0.6181322932243347,-0.03827669844031334,0.4307020604610443,0.7093196511268616,-0.014788250438869,0.42884016036987305,0.6507899761199951,-0.02617036923766136,0.43177300691604614,0.6122456789016724,-0.03303956240415573,0.43509209156036377,0.5812047719955444,-0.036096133291721344,0.4485866129398346,0.7142664790153503,-0.015140911564230919,0.4551476240158081,0.6939720511436462,-0.030550232157111168,0.4543410539627075,0.7213353514671326,-0.03252391517162323,0.45246773958206177,0.7405484914779663,-0.028867147862911224,0.46476688981056213,0.7255226969718933,-0.01730983890593052,0.4695416986942291,0.7043585777282715,-0.02782551385462284,0.4684157967567444,0.7205638885498047,-0.026225551962852478,0.4668596088886261,0.733971357345581,-0.022074509412050247
0.4602750837802887,0.823106050491333,4.0945886325971514e-07,0.4413858652114868,0.8083105087280273,-0.019293516874313354,0.4320088028907776,0.7767011523246765,-0.028864923864603043,0.445835679769516,0.7410183548927307,-0.03701731935143471,0.45944511890411377,0.7145678400993347,-0.04328055679798126,0.4119848608970642,0.7180023789405823,-0.015817340463399887,0.39474713802337646,0.6703764200210571,-0.026094865053892136,0.3842494785785675,0.6411133408546448,-0.03252485394477844,0.3754286468029022,0.6167471408843994,-0.03648069128394127,0.4315456748008728,0.7071440815925598,-0.01399675291031599,0.43001267313957214,0.6490296721458435,-0.02457391656935215,0.43245092034339905,0.6109210848808289,-0.031153380870819092,0.4352271556854248,0.580356776714325,-0.034088995307683945,0.44956597685813904,0.7117400169372559,-0.014409398660063744,0.45602983236312866,0.6923875212669373,-0.02909792959690094,0.45546308159828186,0.7185149192810059,-0.031355153769254684,0.45401397347450256,0.7376250624656677,-0.027935033664107323,0.4656681418418884,0.7225742936134338,-0.01658455841243267,0.47069069743156433,0.7020842432975769,-0.02667284570634365,0.4696984887123108,0.7166871428489685,-0.025321435183286667,0.46825331449508667,0.729752242565155,-0.021354859694838524
0.4591396749019623,0.8223453164100647,4.184611270829919e-07,0.44148170948028564,0.8086435794830322,-0.020124761387705803,0.4325641095638275,0.7769717574119568,-0.030451370403170586,0.44576412439346313,0.7418943047523499,-0.039194002747535706,0.45807886123657227,0.71470707654953,-0.04596129432320595,0.4115811288356781,0.7184587121009827,-0.01784670725464821,0.3940655589103699,0.6702022552490234,-0.028830841183662415,0.3837119936943054,0.6406209468841553,-0.035449106246232986,0.3750471770763397,0.6159532070159912,-0.039510130882263184,0.4307645261287689,0.7077169418334961,-0.015841199085116386,0.42900919914245605,0.6492873430252075,-0.027281131595373154,0.4318879246711731,0.6112982630729675,-0.03391282632946968,0.4350147247314453,0.5805238485336304,-0.03685395047068596,0.4484124183654785,0.7124006748199463,-0.0160824004560709,0.4554821848869324,0.6934021711349487,-0.031170537695288658,0.45430564880371094,0.7205700874328613,-0.032944172620773315,0.45207953453063965,0.7394798398017883,-0.02928578294813633,0.4641532897949219,0.7232977151870728,-0.018185550346970558,0.4695512354373932,0.7033398151397705,-0.02854778617620468,0.46799105405807495,0.7190974950790405,-0.027146151289343834,0.4658365249633789,0.7322829961776733,-0.0232191514223814
0.45893704891204834,0.8233340978622437,4.126845283281e-07,0.440662145614624,0.80809086561203,-0.019225388765335083,0.4314527213573456,0.776269793510437,-0.029007894918322563,0.4451707899570465,0.740658700466156,-0.037474438548088074,0.45824944972991943,0.7137234807014465,-0.0440187007188797,0.411883145570755,0.7174491286277771,-0.016018100082874298,0.3941219449043274,0.6695225238800049,-0.02637113630771637,0.3839522898197174,0.6401673555374146,-0.03259728476405144,0.37562096118927,0.6158130168914795,-0.036318160593509674,0.43141821026802063,0.7072182893753052,-0.0143518578261137,0.4296552836894989,0.6488732695579529,-0.025066876783967018,0.4321668744087219,0.6106570959091187,-0.03151564672589302,0.4351467490196228,0.5801584124565125,-0.03433232009410858,0.44937995076179504,0.7124050855636597,-0.014959188178181648,0.45558199286460876,0.6931331157684326,-0.029841672629117966,0.454694926738739,0.7197216749191284,-0.03208349645137787,0.4531305730342865,0.73868328332901,-0.0286102294921875,0.46536555886268616,0.7236902117729187,-0.017299102619290352,0.46986275911331177,0.7033407092094421,-0.0272836796939373,0.46809232234954834,0.7182116508483887,-0.025885801762342453,0.4661386013031006,0.731145977973938,-0.021943848580121994
0.4596572816371918,0.8235518336296082,4.108385951440141e-07,0.4404306411743164,0.8088468909263611,-0.01956251636147499,0.4312193989753723,0.7771342396736145,-0.029676707461476326,0.44509053230285645,0.740888237953186,-0.038553811609745026,0.45839154720306396,0.7130956649780273,-0.045563410967588425,0.41157692670822144,0.7173898220062256,-0.015913059934973717,0.3946801424026489,0.6695160865783691,-0.026585716754198074,0.38435739278793335,0.6402113437652588,-0.03344545513391495,0.37581732869148254,0.6156100630760193,-0.03781413659453392,0.4308798015117645,0.7065238952636719,-0.01457300502806902,0.4293888211250305,0.6482540369033813,-0.025583690032362938,0.4319719672203064,0.6097134351730347,-0.03271881490945816,0.43483901023864746,0.5786586403846741,-0.036158815026283264,0.4491010308265686,0.7115376591682434,-0.015531039796769619,0.4550517201423645,0.6918521523475647,-0.03044157475233078,0.45422059297561646,0.7187995314598083,-0.032796815037727356,0.4525204002857208,0.7379485964775085,-0.029631799086928368,0.4657061696052551,0.7232621908187866,-0.018325040116906166,0.47008731961250305,0.7023105621337891,-0.02845020219683647,0.46811676025390625,0.7183735966682434,-0.027029365301132202,0.46571430563926697,0.7323888540267944,-0.023188436403870583
0.46024832129478455,0.8243804574012756,4.020573385332682e-07,0.4415925443172455,0.8093848824501038,-0.019035015255212784,0.4325200617313385,0.7778202295303345,-0.028897255659103394,0.4468036890029907,0.7419689893722534,-0.03760462999343872,0.45995810627937317,0.7145744562149048,-0.04452036693692207,0.41309136152267456,0.7187549471855164,-0.01602952554821968,0.39587441086769104,0.6707350015640259,-0.02679685316979885,0.38562121987342834,0.6413455009460449,-0.033829644322395325,0.37713631987571716,0.6166156530380249,-0.03839367255568504,0.43268391489982605,0.7076279520988464,-0.014873538166284561,0.43076878786087036,0.6495356559753418,-0.025834359228610992,0.4331626296043396,0.6110802888870239,-0.03339245542883873,0.4361388683319092,0.5797526240348816,-0.03732454776763916,0.45075851678848267,0.7125915884971619,-0.015881594270467758,0.45586368441581726,0.6924887299537659,-0.030527280643582344,0.4556281268596649,0.7178494334220886,-0.03316003829240799,0.4550400674343109,0.7367212772369385,-0.030319707468152046,0.46713969111442566,0.7244771122932434,-0.018669772893190384,0.4707459807395935,0.7028393745422363,-0.028594370931386948,0.46968746185302734,0.7162427306175232,-0.027348263189196587,0.46865373849868774,0.7290493249893188,-0.02368348278105259
0.4610038995742798,0.8247184753417969,4.103769697394455e-07,0.4421847462654114,0.8095470070838928,-0.020081592723727226,0.43327999114990234,0.7771629691123962,-0.03015170618891716,0.44737550616264343,0.7412517070770264,-0.03876076638698578,0.4611251950263977,0.7138714790344238,-0.04558682069182396,0.41327306628227234,0.7188065052032471,-0.016455216333270073,0.396607905626297,0.6708977222442627,-0.026866421103477478,0.3865194022655487,0.6415760517120361,-0.033691901713609695,0.3783586025238037,0.6171014904975891,-0.03804260864853859,0.43295037746429443,0.7083050012588501,-0.014540154486894608,0.4313444495201111,0.6498481035232544,-0.0250493586063385,0.4337039589881897,0.6113587021827698,-0.03243231028318405,0.43642881512641907,0.5799955129623413,-0.03623666986823082,0.45114055275917053,0.7134197354316711,-0.014876733534038067,0.4564983546733856,0.692597508430481,-0.0295088067650795,0.45607689023017883,0.717716634273529,-0.032826729118824005,0.45498186349868774,0.7366886734962463,-0.030422259122133255,0.4673355519771576,0.725204348564148,-0.016994861885905266,0.471369206905365,0.7027755975723267,-0.026984551921486855,0.46982985734939575,0.7163922190666199,-0.026184510439634323,0.4677927494049072,0.7293606996536255,-0.022889135405421257
0.4616859257221222,0.8229925632476807,4.1986481846834067e-07,0.442396879196167,0.8074475526809692,-0.02065451443195343,0.43371152877807617,0.7758626937866211,-0.031059248372912407,0.4481940269470215,0.7395885586738586,-0.039927080273628235,0.4618705213069916,0.711449146270752,-0.04687878489494324,0.4133070707321167,0.7171438932418823,-0.01663069985806942,0.3968599736690521,0.6689969897270203,-0.027174746617674828,0.38701269030570984,0.63959139585495,-0.03408707305788994,0.3791137933731079,0.6148890852928162,-0.03855663910508156,0.43280887603759766,0.7064036726951599,-0.014597998932003975,0.4312882721424103,0.6484440565109253,-0.025198381394147873,0.43375828862190247,0.6102850437164307,-0.03237815946340561,0.4366936981678009,0.579292356967926,-0.03604073077440262,0.4510137140750885,0.7115326523780823,-0.014941927045583725,0.45680713653564453,0.6916162371635437,-0.029468264430761337,0.4558357000350952,0.7181945443153381,-0.03220387175679207,0.4541497230529785,0.7369723320007324,-0.02951941266655922,0.4674661159515381,0.7233713865280151,-0.017205072566866875,0.47155919671058655,0.7024801969528198,-0.027246151119470596,0.46940016746520996,0.7185045480728149,-0.026251506060361862,0.46677324175834656,0.7323856949806213,-0.022855471819639206
0.4595056474208832,0.8249239921569824,4.0323479311155097e-07,0.4413303732872009,0.8077025413513184,-0.01989423669874668,0.4338783621788025,0.7735604047775269,-0.02948957495391369,0.44885408878326416,0.7369941473007202,-0.03778986260294914,0.4621105194091797,0.7085810899734497,-0.04432389885187149,0.41231027245521545,0.7174977660179138,-0.014850441366434097,0.39611518383026123,0.6695683598518372,-0.02510528452694416,0.3862929046154022,0.6402700543403625,-0.031902410089969635,0.37827494740486145,0.6156370043754578,-0.036237917840480804,0.4317527413368225,0.7069516181945801,-0.013151475228369236,0.4300920367240906,0.6481608748435974,-0.02364073321223259,0.4325662851333618,0.6094594597816467,-0.031242499127984047,0.43549761176109314,0.5781402587890625,-0.03510706126689911,0.44997096061706543,0.7125780582427979,-0.013815918006002903,0.4558020234107971,0.6907870769500732,-0.028826409950852394,0.45523887872695923,0.7166869640350342,-0.03241705149412155,0.45402225852012634,0.7356351613998413,-0.030063701793551445,0.46622493863105774,0.7252241969108582,-0.016230199486017227,0.4707116484642029,0.7029099464416504,-0.026619449257850647,0.4686395525932312,0.7176317572593689,-0.026041662320494652,0.46632543206214905,0.7308493852615356,-0.022806774824857712
0.4587567150592804,0.8266361355781555,4.0601787532068556e-07,0.43978047370910645,0.8105303049087524,-0.019735075533390045,0.43131816387176514,0.7770631909370422,-0.029503069818019867,0.44681382179260254,0.7401772737503052,-0.037992577999830246,0.4612020254135132,0.7122910022735596,-0.04468781128525734,0.4112021327018738,0.719186544418335,-0.015640906989574432,0.3946780860424042,0.6708573698997498,-0.026005413383245468,0.385020911693573,0.6415352821350098,-0.03280002251267433,0.3772073984146118,0.6167526245117188,-0.03718617558479309,0.43070435523986816,0.7085372805595398,-0.0140688456594944,0.42916688323020935,0.649829626083374,-0.02461753785610199,0.431826651096344,0.6113079786300659,-0.03177196532487869,0.43487200140953064,0.5801345109939575,-0.03538689389824867,0.448853462934494,0.7139855623245239,-0.014815254136919975,0.45537328720092773,0.6933789253234863,-0.029484720900654793,0.45407965779304504,0.7203960418701172,-0.0322830006480217,0.45202308893203735,0.7398074865341187,-0.02957415208220482,0.46522414684295654,0.7264411449432373,-0.017402613535523415,0.47022897005081177,0.7052297592163086,-0.0276122335344553,0.4675810933113098,0.7217878699302673,-0.02663457579910755,0.46439144015312195,0.7362708449363708,-0.023214979097247124
0.4599287807941437,0.8270399570465088,4.1838526954052213e-07,0.44055411219596863,0.8110517859458923,-0.019852368161082268,0.4319697320461273,0.7783636450767517,-0.029700586572289467,0.4461757242679596,0.7425772547721863,-0.03828038275241852,0.4596371650695801,0.7152676582336426,-0.04494357481598854,0.41151097416877747,0.7203323841094971,-0.01513774786144495,0.39514094591140747,0.6719886660575867,-0.025262387469410896,0.38580745458602905,0.6423279643058777,-0.03189771994948387,0.37832728028297424,0.6172586679458618,-0.0362197607755661,0.4305959641933441,0.709991455078125,-0.013457783497869968,0.4296262562274933,0.6517967581748962,-0.024216273799538612,0.4326885938644409,0.6129384636878967,-0.03154855594038963,0.43606987595558167,0.5816707611083984,-0.035233281552791595,0.4485985040664673,0.7150760293006897,-0.014144280925393105,0.454983115196228,0.6945338249206543,-0.028949417173862457,0.45424699783325195,0.7215875387191772,-0.0317799411714077,0.4525711238384247,0.7407730221748352,-0.029010817408561707,0.46527934074401855,0.7262884974479675,-0.01669161766767502,0.470172643661499,0.7047829031944275,-0.02691591903567314,0.4681139588356018,0.7208427786827087,-0.02604261226952076,0.4654315710067749,0.7345443367958069,-0.022666554898023605
0.45961570739746094,0.8257200717926025,4.073947934557509e-07,0.4403389096260071,0.8109700679779053,-0.02025354467332363,0.43127307295799255,0.7794604897499084,-0.03068225458264351,0.44615402817726135,0.7429329752922058,-0.039756014943122864,0.4593980610370636,0.7137755155563354,-0.04702019318938255,0.4122849106788635,0.7195258736610413,-0.016347354277968407,0.39618709683418274,0.6715734601020813,-0.026963597163558006,0.3866409957408905,0.6423364281654358,-0.03383777290582657,0.3788427412509918,0.6175994873046875,-0.03825162351131439,0.4316149950027466,0.7089305520057678,-0.014805818907916546,0.43041953444480896,0.6501020789146423,-0.02565612643957138,0.4332965314388275,0.6117947101593018,-0.03289322927594185,0.43629851937294006,0.5810386538505554,-0.03652613237500191,0.4498419761657715,0.7142613530158997,-0.015624847263097763,0.45578524470329285,0.6934532523155212,-0.030616415664553642,0.45493167638778687,0.7203688025474548,-0.03343018889427185,0.45316988229751587,0.7393969893455505,-0.03072780929505825,0.46666133403778076,0.7262861728668213,-0.01827540434896946,0.47087979316711426,0.7041049003601074,-0.0284862220287323,0.4687889516353607,0.7213298678398132,-0.0272586178034544,0.46632397174835205,0.7360615730285645,-0.023695874959230423
0.45964112877845764,0.8247382044792175,4.1311002973998256e-07,0.44175317883491516,0.8081926703453064,-0.02013583667576313,0.43364229798316956,0.7760899066925049,-0.030424103140830994,0.44850969314575195,0.7404761910438538,-0.0393565371632576,0.46216100454330444,0.7128313183784485,-0.04648151621222496,0.4131605625152588,0.7183079719543457,-0.01656241901218891,0.3969666659832001,0.6703816652297974,-0.02753412164747715,0.38737961649894714,0.640639066696167,-0.034537043422460556,0.37957125902175903,0.6155204772949219,-0.038968075066804886,0.4324563443660736,0.7080629467964172,-0.014942062087357044,0.43137484788894653,0.6501216292381287,-0.02607898972928524,0.4341927468776703,0.6121501326560974,-0.03312002867460251,0.43738657236099243,0.5812049508094788,-0.036481089890003204,0.4506698548793793,0.71356600522995,-0.015698686242103577,0.45697665214538574,0.6944655776023865,-0.030972130596637726,0.45555129647254944,0.7219777703285217,-0.03352193534374237,0.45369279384613037,0.7406900525093079,-0.030432501807808876,0.4672694802284241,0.7258783578872681,-0.018303997814655304,0.471641480922699,0.7054685950279236,-0.028775006532669067,0.46910497546195984,0.722311794757843,-0.02760549634695053,0.466516375541687,0.7362585067749023,-0.023939667269587517
0.45752066373825073,0.823959231376648,4.140813132380572e-07,0.4390014410018921,0.8070364594459534,-0.019880007952451706,0.4309871792793274,0.773546040058136,-0.029511213302612305,0.4455350935459137,0.7374158501625061,-0.0376548133790493,0.4590349793434143,0.7098733186721802,-0.043934911489486694,0.40999794006347656,0.7160823345184326,-0.015049043111503124,0.3938060402870178,0.6678540110588074,-0.024868102744221687,0.38426029682159424,0.6384186148643494,-0.031197763979434967,0.3764449954032898,0.6139117479324341,-0.03512817248702049,0.4295094609260559,0.7064086198806763,-0.012869627214968204,0.42840591073036194,0.6476920247077942,-0.022990886121988297,0.4310188293457031,0.6091493368148804,-0.029819687828421593,0.43398118019104004,0.5784050226211548,-0.03306543454527855,0.44767481088638306,0.7121395468711853,-0.01303030364215374,0.4539453983306885,0.6903648376464844,-0.027538349851965904,0.45323312282562256,0.7156013250350952,-0.03051699325442314,0.45182597637176514,0.7345706224441528,-0.02773086354136467,0.4638311266899109,0.7241528630256653,-0.014944035559892654,0.46856769919395447,0.7023515105247498,-0.024903129786252975,0.4665648341178894,0.7164251208305359,-0.024037130177021027,0.46428412199020386,0.7290953993797302,-0.020556651055812836
0.4572032392024994,0.8258048295974731,4.2340312234045996e-07,0.4379987120628357,0.8089922070503235,-0.020298145711421967,0.42965543270111084,0.7760052680969238,-0.030489325523376465,0.4443351626396179,0.7403550744056702,-0.039295729249715805,0.4587285816669464,0.7131131291389465,-0.04627316817641258,0.41006770730018616,0.7174778580665588,-0.0163252055644989,0.39336076378822327,0.6684432625770569,-0.02679077535867691,0.38334202766418457,0.6386150121688843,-0.03362340107560158,0.3752932548522949,0.6134697794914246,-0.038048144429922104,0.4292595088481903,0.7078312635421753,-0.01451478898525238,0.4284185767173767,0.6492536067962646,-0.025164801627397537,0.43151336908340454,0.6108993887901306,-0.03235550969839096,0.4349704682826996,0.5795247554779053,-0.03602655604481697,0.4470483362674713,0.7136964201927185,-0.015067372471094131,0.45387133955955505,0.6934523582458496,-0.029713483527302742,0.4521033763885498,0.7213418483734131,-0.032407984137535095,0.44971001148223877,0.7404650449752808,-0.02967335842549801,0.46318793296813965,0.7261505126953125,-0.017521437257528305,0.46809759736061096,0.7049996852874756,-0.0275796577334404,0.4657330811023712,0.7225489020347595,-0.02644297294318676,0.4630310535430908,0.7371923327445984,-0.022980330511927605
0.45829468965530396,0.825620710849762,4.059585307913949e-07,0.4379936456680298,0.8093388080596924,-0.01928386092185974,0.42911264300346375,0.7762526273727417,-0.029040373861789703,0.44521793723106384,0.740264356136322,-0.03768103942275047,0.4599684476852417,0.7126904129981995,-0.04457823932170868,0.4108489751815796,0.7172536849975586,-0.015373239293694496,0.39489227533340454,0.6690057516098022,-0.025914356112480164,0.38527363538742065,0.6395862102508545,-0.03279217705130577,0.3774961233139038,0.6146828532218933,-0.037228696048259735,0.43043723702430725,0.7068139910697937,-0.014252456836402416,0.4297097623348236,0.648694634437561,-0.025034552440047264,0.43195483088493347,0.6103131771087646,-0.03225863724946976,0.4345940947532654,0.5790526270866394,-0.03588207811117172,0.44860005378723145,0.7121394872665405,-0.015485522337257862,0.4545685350894928,0.6919398903846741,-0.030239252373576164,0.45320817828178406,0.7189924120903015,-0.03304807096719742,0.45128828287124634,0.7378019690513611,-0.030307842418551445,0.4651893675327301,0.7242014408111572,-0.01855912059545517,0.4695866107940674,0.7023237347602844,-0.028503790497779846,0.4668791592121124,0.7184605002403259,-0.027417369186878204,0.46384745836257935,0.732557475566864,-0.023978671059012413
0.4576259255409241,0.825481116771698,3.953861380523449e-07,0.4370155334472656,0.8086579442024231,-0.01821150816977024,0.42814961075782776,0.7750173807144165,-0.02714647352695465,0.4452400505542755,0.7391889691352844,-0.035268329083919525,0.46071043610572815,0.7132381200790405,-0.04174162074923515,0.41075730323791504,0.7171822786331177,-0.013954595662653446,0.3944860100746155,0.6694229245185852,-0.024024197831749916,0.38501307368278503,0.6401687264442444,-0.030732564628124237,0.3774919807910919,0.6153059005737305,-0.03513326868414879,0.4306318163871765,0.7065944075584412,-0.013320735655725002,0.4294035732746124,0.6488403081893921,-0.023492097854614258,0.431532084941864,0.6105815768241882,-0.03091130591928959,0.434528112411499,0.5799095630645752,-0.034854717552661896,0.4489747881889343,0.7121967673301697,-0.014970426447689533,0.45395511388778687,0.6914528608322144,-0.02916637808084488,0.4534195065498352,0.7171199917793274,-0.03238426893949509,0.4528545141220093,0.7361540794372559,-0.030008671805262566,0.46566009521484375,0.7247912883758545,-0.018380317836999893,0.469170480966568,0.7024486660957336,-0.027736321091651917,0.46699658036231995,0.7162142992019653,-0.026751063764095306,0.46504291892051697,0.7296974062919617,-0.02347966469824314
0.45829686522483826,0.8255714774131775,4.1598264033382293e-07,0.4391235411167145,0.8096325993537903,-0.02081434801220894,0.4305821359157562,0.7772991061210632,-0.031044593080878258,0.4454643130302429,0.7414469718933105,-0.03972963988780975,0.4596629738807678,0.7135218977928162,-0.04654156044125557,0.41088417172431946,0.7174397706985474,-0.016417350620031357,0.3948286771774292,0.6691893935203552,-0.026845872402191162,0.3853890299797058,0.6392808556556702,-0.0336347371339798,0.37790971994400024,0.6141103506088257,-0.03799787163734436,0.4304622411727905,0.707131028175354,-0.01433247234672308,0.4298255741596222,0.6490653157234192,-0.025047704577445984,0.43287405371665955,0.6104241013526917,-0.03230205178260803,0.4361308813095093,0.5792282819747925,-0.035902973264455795,0.4485759139060974,0.71267169713974,-0.014686672948300838,0.45471712946891785,0.6928937435150146,-0.03000422567129135,0.4541780948638916,0.7199272513389587,-0.033339180052280426,0.4527246356010437,0.7388861775398254,-0.030754398554563522,0.464966744184494,0.7249224781990051,-0.01688980683684349,0.46947765350341797,0.7034562230110168,-0.027575135231018066,0.4676227867603302,0.7197083234786987,-0.026967385783791542,0.46510249376296997,0.7336644530296326,-0.023691100999712944
0.4587186276912689,0.8259268403053284,4.043767489747552e-07,0.44025036692619324,0.8092960715293884,-0.019328897818922997,0.43205180764198303,0.7760463953018188,-0.028672663494944572,0.44674932956695557,0.7400140166282654,-0.036756571382284164,0.4606729745864868,0.7133133411407471,-0.042966458946466446,0.4121922254562378,0.7176628112792969,-0.0148899145424366,0.3958335518836975,0.6698529720306396,-0.024992723017930984,0.3863040804862976,0.6401984691619873,-0.03157416731119156,0.3785935044288635,0.6151488423347473,-0.03579602763056755,0.4315215051174164,0.7072277665138245,-0.013339634984731674,0.43026259541511536,0.6493679285049438,-0.02371787279844284,0.4329492449760437,0.6106999516487122,-0.030757492408156395,0.4361898899078369,0.5793486833572388,-0.03419940918684006,0.4494268298149109,0.7125123143196106,-0.014115678146481514,0.4554329812526703,0.6928156018257141,-0.02878645621240139,0.45467478036880493,0.7197883725166321,-0.03151465207338333,0.4533463418483734,0.7389522194862366,-0.028526443988084793,0.4656461179256439,0.7243435382843018,-0.016703825443983078,0.47012025117874146,0.7036929726600647,-0.02679346315562725,0.46838900446891785,0.7189974784851074,-0.025802992284297943,0.4664178490638733,0.7323412299156189,-0.022228801622986794
0.45978954434394836,0.82484370470047,4.1229813518839364e-07,0.4409331977367401,0.8076072931289673,-0.02061678282916546,0.433167040348053,0.7736579775810242,-0.030392058193683624,0.44883015751838684,0.7372727394104004,-0.03867179900407791,0.4633846879005432,0.7094982862472534,-0.04513252526521683,0.41287100315093994,0.715830385684967,-0.01556324027478695,0.39691320061683655,0.6674923300743103,-0.026052730157971382,0.38738977909088135,0.6376813054084778,-0.033069200813770294,0.37988346815109253,0.6126636266708374,-0.03760587424039841,0.43247345089912415,0.7058131694793701,-0.013620037585496902,0.43162116408348083,0.6474534273147583,-0.024297351017594337,0.43459564447402954,0.609061062335968,-0.03178154304623604,0.43825763463974,0.5777900218963623,-0.035560086369514465,0.45066002011299133,0.7118996977806091,-0.014143123291432858,0.45722848176956177,0.6914803981781006,-0.029351068660616875,0.45602747797966003,0.7188771367073059,-0.032686151564121246,0.4543167054653168,0.7376155853271484,-0.0301884226500988,0.46700865030288696,0.72520512342453,-0.016535261645913124,0.471705824136734,0.7044256329536438,-0.027325794100761414,0.4691869020462036,0.7214919328689575,-0.02672869712114334,0.466340571641922,0.7355923652648926,-0.02346222661435604
0.4579217731952667,0.8244108557701111,3.99933838934885e-07,0.437933087348938,0.8086904287338257,-0.019817400723695755,0.42876699566841125,0.7766656279563904,-0.03007821924984455,0.44454026222229004,0.7409496307373047,-0.03906305506825447,0.4593036472797394,0.713517427444458,-0.04628458619117737,0.4107123911380768,0.7166805863380432,-0.016722338274121284,0.3947739005088806,0.6680593490600586,-0.027459438890218735,0.38516905903816223,0.638501763343811,-0.03470435366034508,0.3773426413536072,0.6133696436882019,-0.039505135267972946,0.4305906593799591,0.705819308757782,-0.015346702188253403,0.4289515018463135,0.6478059887886047,-0.02583121694624424,0.431316614151001,0.6093073487281799,-0.03340288624167442,0.43411490321159363,0.5778415203094482,-0.037606384605169296,0.4488469362258911,0.7113369703292847,-0.016217580065131187,0.4540238082408905,0.6896254420280457,-0.03064405359327793,0.45421937108039856,0.7147889137268066,-0.03364650532603264,0.4536712169647217,0.7342671155929565,-0.03126063570380211,0.46534356474876404,0.7241556644439697,-0.018951594829559326,0.46921518445014954,0.701299250125885,-0.028985196724534035,0.46795421838760376,0.7146448493003845,-0.028085609897971153,0.46619322896003723,0.7284480929374695,-0.0247795507311821
0.45783141255378723,0.8270113468170166,3.8190989926079055e-07,0.4383370578289032,0.8104785680770874,-0.020164182409644127,0.42960137128829956,0.7772786021232605,-0.03012724407017231,0.44603031873703003,0.740113377571106,-0.03890614211559296,0.4604732394218445,0.7109941840171814,-0.04594176635146141,0.4104516804218292,0.7186529636383057,-0.015566552989184856,0.3938830494880676,0.6709421277046204,-0.026520267128944397,0.3840360939502716,0.6418511867523193,-0.03394978865981102,0.37615829706192017,0.6171563267707825,-0.03890897333621979,0.43037763237953186,0.7074996829032898,-0.014380957931280136,0.42740118503570557,0.6490128636360168,-0.024994803592562675,0.42934277653694153,0.6112291812896729,-0.032692987471818924,0.43210312724113464,0.5803549289703369,-0.03694154694676399,0.4489993453025818,0.7137258052825928,-0.015683457255363464,0.4537164866924286,0.6909910440444946,-0.030667124316096306,0.453360915184021,0.7174184918403625,-0.03394045680761337,0.4523387849330902,0.7364063858985901,-0.031713251024484634,0.46591100096702576,0.7281511425971985,-0.01884932443499565,0.46921011805534363,0.7047463059425354,-0.02945275977253914,0.4668672978878021,0.7205288410186768,-0.028796343132853508,0.46414291858673096,0.734996497631073,-0.025738324970006943
0.45856812596321106,0.8271616101264954,3.844268121611094e-07,0.4382731020450592,0.809945821762085,-0.019821928814053535,0.4292975664138794,0.7766191363334656,-0.029407208785414696,0.44740378856658936,0.7402863502502441,-0.037769872695207596,0.4630151689052582,0.7127540111541748,-0.04443914443254471,0.4110676348209381,0.7183209657669067,-0.015251300297677517,0.3945826292037964,0.6708361506462097,-0.025715859606862068,0.3847770392894745,0.6420813798904419,-0.032787665724754333,0.37696021795272827,0.6175960302352905,-0.037497133016586304,0.4313870072364807,0.7072773575782776,-0.014003110118210316,0.4289062023162842,0.6491266489028931,-0.023906497284770012,0.4306524991989136,0.611440896987915,-0.031207183375954628,0.43327468633651733,0.5805438756942749,-0.03524606302380562,0.4502265453338623,0.7133994102478027,-0.015224502421915531,0.4555564820766449,0.6910995244979858,-0.029646333307027817,0.45520418882369995,0.7174214124679565,-0.033090829849243164,0.4542504847049713,0.7365012168884277,-0.03102707676589489,0.46738097071647644,0.7275877594947815,-0.018286945298314095,0.4709857106208801,0.7055132985115051,-0.02838827297091484,0.46860596537590027,0.7208651304244995,-0.027796639129519463,0.46591511368751526,0.7349992394447327,-0.024847453460097313
0.4592871367931366,0.8301275372505188,3.843168485673232e-07,0.44014593958854675,0.8133030533790588,-0.01924743317067623,0.43228504061698914,0.779886782169342,-0.02863439731299877,0.4494090676307678,0.7433650493621826,-0.037060875445604324,0.46431154012680054,0.7152756452560425,-0.043867211788892746,0.4122360646724701,0.7226747274398804,-0.01449392270296812,0.39571940898895264,0.6749930381774902,-0.02489389479160309,0.3859736919403076,0.6460109949111938,-0.03212673217058182,0.377963662147522,0.6212848424911499,-0.03703987970948219,0.4320492446422577,0.7114771008491516,-0.013637974858283997,0.43004536628723145,0.6528711915016174,-0.0237334743142128,0.4319947361946106,0.6148681640625,-0.03161870315670967,0.43449583649635315,0.5836855173110962,-0.03613251447677612,0.4506211280822754,0.7176390886306763,-0.015135441906750202,0.4553817808628082,0.6957852244377136,-0.029374051839113235,0.45492151379585266,0.7213595509529114,-0.032897382974624634,0.4541402757167816,0.7399386763572693,-0.03100902959704399,0.4676012396812439,0.7318301200866699,-0.01844342239201069,0.4707517921924591,0.7088449001312256,-0.02833382412791252,0.46866750717163086,0.7245809435844421,-0.027519796043634415,0.46678590774536133,0.7395771145820618,-0.02446829341351986
0.45992225408554077,0.828662633895874,3.9600783452442556e-07,0.43951326608657837,0.8127349615097046,-0.01915362849831581,0.4303198754787445,0.7802445888519287,-0.02893601357936859,0.4473259747028351,0.743599534034729,-0.03766583278775215,0.46141427755355835,0.7153798341751099,-0.04477021470665932,0.41192588210105896,0.7220502495765686,-0.015612740069627762,0.3958353102207184,0.6742289662361145,-0.02667822875082493,0.38608843088150024,0.6448349356651306,-0.034260910004377365,0.3780001401901245,0.6200776696205139,-0.03940557688474655,0.4320637285709381,0.7106136083602905,-0.014830715022981167,0.43034040927886963,0.652742862701416,-0.025778813287615776,0.4324846863746643,0.6144805550575256,-0.03392186015844345,0.4351377785205841,0.5825337171554565,-0.038505230098962784,0.45085543394088745,0.71653151512146,-0.016277937218546867,0.45597341656684875,0.6941880583763123,-0.031061312183737755,0.45640283823013306,0.7199164628982544,-0.03387809172272682,0.45648714900016785,0.7391114830970764,-0.03131411597132683,0.4681859314441681,0.7306731939315796,-0.01950301229953766,0.471314400434494,0.7079975008964539,-0.029963482171297073,0.46996116638183594,0.7223910689353943,-0.028838034719228745,0.4688960611820221,0.736506462097168,-0.02526197023689747
0.4596936106681824,0.8286567330360413,3.985936132266943e-07,0.43964481353759766,0.812595009803772,-0.01908542960882187,0.43081897497177124,0.780042827129364,-0.028675200417637825,0.4475668966770172,0.7428149580955505,-0.037332404404878616,0.4613730311393738,0.7135987281799316,-0.044326480478048325,0.412713885307312,0.7219923734664917,-0.014836384914815426,0.39644333720207214,0.6738985776901245,-0.0256213266402483,0.38674986362457275,0.6443746089935303,-0.032697100192308426,0.3786781430244446,0.6194501519203186,-0.03739708289504051,0.4324036240577698,0.7106721997261047,-0.014207370579242706,0.4306584298610687,0.6523262858390808,-0.025343524292111397,0.43292152881622314,0.6137456893920898,-0.03320630267262459,0.4357011318206787,0.5819088816642761,-0.03732537105679512,0.4511302709579468,0.7166628837585449,-0.01588357612490654,0.4565803110599518,0.6952465772628784,-0.031151356175541878,0.45661306381225586,0.7231010794639587,-0.03362669795751572,0.4562297463417053,0.7425649762153625,-0.030574385076761246,0.46851879358291626,0.7305619716644287,-0.019339116290211678,0.47178342938423157,0.708431601524353,-0.029918566346168518,0.46980714797973633,0.7258070111274719,-0.02843320742249489,0.46813568472862244,0.7409778833389282,-0.024550702422857285
0.45922768115997314,0.8297932744026184,3.8438190586020937e-07,0.43899786472320557,0.8128660917282104,-0.017938774079084396,0.43043985962867737,0.7791680097579956,-0.026444321498274803,0.4475270211696625,0.742567777633667,-0.03427981585264206,0.4614481031894684,0.7148104906082153,-0.04058373346924782,0.41217613220214844,0.7224594354629517,-0.01315225474536419,0.39565345644950867,0.674445390701294,-0.023301728069782257,0.3860350251197815,0.6449201703071594,-0.030050480738282204,0.378116250038147,0.6198232769966125,-0.034573033452034,0.4319964647293091,0.7111571431159973,-0.012945675291121006,0.42999836802482605,0.6530724167823792,-0.023275168612599373,0.4320950508117676,0.6146053075790405,-0.030932316556572914,0.43478864431381226,0.5829685926437378,-0.03502502664923668,0.45079484581947327,0.7171833515167236,-0.01502376701682806,0.4554683566093445,0.6954927444458008,-0.029784763231873512,0.45580223202705383,0.7226213216781616,-0.032723572105169296,0.45582151412963867,0.7418103218078613,-0.030071919783949852,0.46819406747817993,0.7313266396522522,-0.018794814124703407,0.47084030508995056,0.7089895606040955,-0.029048925265669823,0.4689578413963318,0.7258179187774658,-0.027854710817337036,0.467677503824234,0.7409259080886841,-0.024285458028316498
0.45951738953590393,0.8307377696037292,3.891257733812381e-07,0.4399305284023285,0.8141846656799316,-0.019099468365311623,0.43171724677085876,0.7807911038398743,-0.0284483153373003,0.4483147859573364,0.7437638640403748,-0.03685561567544937,0.4617328345775604,0.7147272825241089,-0.04363146424293518,0.41275307536125183,0.7237524390220642,-0.014571649953722954,0.3965657353401184,0.6755322217941284,-0.0252387672662735,0.3870465159416199,0.64606112241745,-0.03225903958082199,0.3791528344154358,0.621061384677887,-0.03687833622097969,0.432601660490036,0.7120996117591858,-0.013823187910020351,0.43071693181991577,0.6531956791877747,-0.024527253583073616,0.4329518675804138,0.6148374676704407,-0.032253727316856384,0.43560606241226196,0.5831987857818604,-0.03632771596312523,0.45141375064849854,0.717836320400238,-0.015418638475239277,0.4566270411014557,0.6966360807418823,-0.03042486682534218,0.4564424455165863,0.7238045930862427,-0.033378999680280685,0.4557899534702301,0.7427706122398376,-0.030715880915522575,0.4686022996902466,0.7314797043800354,-0.01877792552113533,0.4717455506324768,0.7093319296836853,-0.02918393164873123,0.46957752108573914,0.7260724902153015,-0.028051652014255524,0.4676770865917206,0.7406696081161499,-0.024511517956852913
0.4595222473144531,0.83001309633255,3.9209280089380627e-07,0.4400646686553955,0.8138971924781799,-0.01948280818760395,0.4314515292644501,0.7811340093612671,-0.029020965099334717,0.448525995016098,0.7439521551132202,-0.03751999884843826,0.4626183807849884,0.7150605916976929,-0.04439278692007065,0.4129922688007355,0.7229799032211304,-0.015113691799342632,0.39684468507766724,0.6747627258300781,-0.0259026437997818,0.3874506652355194,0.6451728940010071,-0.03309183940291405,0.37969347834587097,0.620125412940979,-0.03787704557180405,0.43307048082351685,0.711600124835968,-0.014229799620807171,0.43118372559547424,0.6531945466995239,-0.024943074211478233,0.43340519070625305,0.6147433519363403,-0.03268418833613396,0.43596020340919495,0.5827797055244446,-0.036870308220386505,0.45198407769203186,0.7177054286003113,-0.01572074368596077,0.45700252056121826,0.696474552154541,-0.03072398528456688,0.45687606930732727,0.7234991192817688,-0.03363325446844101,0.4562969207763672,0.7424929141998291,-0.03101634606719017,0.46928784251213074,0.7320521473884583,-0.019020939245820045,0.4723164141178131,0.7098445296287537,-0.02959679625928402,0.47022873163223267,0.7268620133399963,-0.02850383333861828,0.4683777093887329,0.7420173287391663,-0.025003397837281227
0.460274875164032,0.8296201229095459,3.954122860250209e-07,0.4401995539665222,0.8137527704238892,-0.019360356032848358,0.4312611222267151,0.7808589339256287,-0.028938496485352516,0.4483290910720825,0.7437670230865479,-0.037492815405130386,0.4620831310749054,0.7147176861763,-0.04437174275517464,0.41262301802635193,0.7230343818664551,-0.015241214074194431,0.3959945738315582,0.6748064160346985,-0.025917697697877884,0.38636401295661926,0.6451630592346191,-0.03289176896214485,0.37843990325927734,0.6201356649398804,-0.03753318637609482,0.43262729048728943,0.7114117741584778,-0.014357605949044228,0.4308188557624817,0.6531388759613037,-0.025073878467082977,0.4330778121948242,0.6149117946624756,-0.03262251242995262,0.4357239902019501,0.5833984613418579,-0.036637455224990845,0.451509952545166,0.7172195911407471,-0.015823015943169594,0.456679105758667,0.696609377861023,-0.03060135990381241,0.4562918245792389,0.7241196036338806,-0.03324299305677414,0.45550769567489624,0.7431593537330627,-0.03052465058863163,0.46880048513412476,0.7309947609901428,-0.0191195011138916,0.471895694732666,0.7102293968200684,-0.029438836500048637,0.4695538580417633,0.7277777194976807,-0.02827034704387188,0.46756118535995483,0.7427852153778076,-0.024780824780464172
0.4601035714149475,0.8299695253372192,3.897852707268612e-07,0.44014739990234375,0.8139821290969849,-0.018512770533561707,0.43140000104904175,0.7807086706161499,-0.027541356161236763,0.4481867849826813,0.7433966398239136,-0.03574499860405922,0.4618357717990875,0.7146393656730652,-0.0423484705388546,0.41233715415000916,0.7224720120429993,-0.013976910151541233,0.3958393931388855,0.6740713715553284,-0.02423001453280449,0.38633763790130615,0.6446168422698975,-0.030921315774321556,0.37843137979507446,0.6197658181190491,-0.035383764654397964,0.4322185516357422,0.7109529376029968,-0.013482147827744484,0.4304230213165283,0.652187168598175,-0.023924779146909714,0.43285050988197327,0.613825798034668,-0.03138701990246773,0.43568822741508484,0.5826054811477661,-0.035317208617925644,0.4511304199695587,0.7168571949005127,-0.015283620916306973,0.45640048384666443,0.6951982975006104,-0.029855716973543167,0.45621761679649353,0.7221155762672424,-0.03253525123000145,0.4555314779281616,0.7408956289291382,-0.029861634597182274,0.46857789158821106,0.7307944297790527,-0.0188326146453619,0.47196468710899353,0.7092902064323425,-0.028891390189528465,0.4696430563926697,0.7267171740531921,-0.0275875274091959,0.4677358865737915,0.7416731715202332,-0.024038659408688545
0.45977646112442017,0.829909086227417,3.882162786794652e-07,0.4400196969509125,0.8140062093734741,-0.018614428117871284,0.4314911961555481,0.7810081839561462,-0.02810250036418438,0.4480702877044678,0.7438400983810425,-0.03680261969566345,0.46152135729789734,0.7147531509399414,-0.043943069875240326,0.41300350427627563,0.7228432893753052,-0.014741645194590092,0.39672568440437317,0.6749166250228882,-0.025668686255812645,0.38718950748443604,0.6455069780349731,-0.03281421214342117,0.3792274594306946,0.6204416155815125,-0.037549979984760284,0.43272989988327026,0.7115333676338196,-0.014403420500457287,0.4310542941093445,0.6526456475257874,-0.02548968605697155,0.43330737948417664,0.6143155694007874,-0.03329361230134964,0.4357874095439911,0.5825080871582031,-0.03744077309966087,0.4515450894832611,0.7176892757415771,-0.01632256805896759,0.45661941170692444,0.6965187191963196,-0.03152025490999222,0.4561362564563751,0.7242805361747742,-0.034099042415618896,0.45531582832336426,0.7434858679771423,-0.031237570568919182,0.46892049908638,0.7319841384887695,-0.01996440254151821,0.47193795442581177,0.7100256085395813,-0.030432241037487984,0.4695362150669098,0.728076159954071,-0.028966587036848068,0.46758511662483215,0.7434225678443909,-0.025233887135982513
0.4597436487674713,0.83038330078125,3.922873474948574e-07,0.4398513734340668,0.8135181069374084,-0.018571091815829277,0.4318765699863434,0.7797856330871582,-0.027874160557985306,0.4495086371898651,0.7427854537963867,-0.036400292068719864,0.46384233236312866,0.7148243188858032,-0.043382640928030014,0.41336458921432495,0.7229391932487488,-0.01413926761597395,0.3968757390975952,0.6749278903007507,-0.02501397207379341,0.387300580739975,0.6456046104431152,-0.03206060826778412,0.3794163465499878,0.6206538081169128,-0.0366189181804657,0.43301230669021606,0.7115395069122314,-0.013795891776680946,0.4313710331916809,0.6524232625961304,-0.024800971150398254,0.43371111154556274,0.6142573952674866,-0.032335493713617325,0.43656691908836365,0.5825074315071106,-0.036077678203582764,0.45183587074279785,0.7176913619041443,-0.015765700489282608,0.4575532078742981,0.6963351964950562,-0.030920812860131264,0.45629429817199707,0.7249138951301575,-0.033251408487558365,0.4547380805015564,0.7441790103912354,-0.03005938045680523,0.4692156910896301,0.7321082949638367,-0.01947617158293724,0.4730514883995056,0.7110400795936584,-0.02981768362224102,0.47005346417427063,0.729541540145874,-0.028066564351320267,0.46745169162750244,0.7447006702423096,-0.02400422841310501
0.4590512812137604,0.8299528956413269,3.939844077649468e-07,0.43911346793174744,0.8137884140014648,-0.01953309401869774,0.4307769238948822,0.7806889414787292,-0.02933221496641636,0.4484175443649292,0.7437719106674194,-0.038106776773929596,0.4624890387058258,0.715004563331604,-0.045259907841682434,0.4122597873210907,0.7228981852531433,-0.015190358273684978,0.39541828632354736,0.6754275560379028,-0.026212753728032112,0.38577866554260254,0.6462830901145935,-0.033368196338415146,0.37796512246131897,0.6214060187339783,-0.03800836578011513,0.431978702545166,0.7116081118583679,-0.014335217885673046,0.4301375150680542,0.6528679728507996,-0.025364477187395096,0.43243107199668884,0.6148103475570679,-0.03302239626646042,0.43514466285705566,0.5830246806144714,-0.03696567565202713,0.4506785273551941,0.7178075313568115,-0.015858720988035202,0.45627710223197937,0.6963297724723816,-0.031102275475859642,0.45539700984954834,0.7238711714744568,-0.03387675806879997,0.4540046155452728,0.7428482174873352,-0.03108609840273857,0.4679168164730072,0.7321380972862244,-0.0191668514162302,0.471647173166275,0.710863471031189,-0.029686715453863144,0.4691469073295593,0.7287139892578125,-0.028326764702796936,0.4667859375476837,0.7437394261360168,-0.024597544223070145
0.45936888456344604,0.8298599123954773,3.9509762927991687e-07,0.4392033815383911,0.8134851455688477,-0.018885789439082146,0.430340975522995,0.7804625630378723,-0.028509950265288353,0.44785717129707336,0.7438310980796814,-0.03729339689016342,0.46231400966644287,0.7157502770423889,-0.04451445862650871,0.4120757579803467,0.7225707769393921,-0.014797727577388287,0.3951142728328705,0.6746605038642883,-0.02570752054452896,0.3854251503944397,0.6454911828041077,-0.03277900815010071,0.377392053604126,0.6207541227340698,-0.03737473115324974,0.43177101016044617,0.711497962474823,-0.01433488354086876,0.42992445826530457,0.652656614780426,-0.025294827297329903,0.4321565628051758,0.6146002411842346,-0.03270113468170166,0.4347696900367737,0.5830915570259094,-0.036423537880182266,0.45050016045570374,0.717769205570221,-0.016217617318034172,0.4557948708534241,0.6962251663208008,-0.031286582350730896,0.45482680201530457,0.7246498465538025,-0.033626992255449295,0.4534597098827362,0.7438502907752991,-0.03055967204272747,0.46796759963035583,0.7321345806121826,-0.019865483045578003,0.47146299481391907,0.7111834287643433,-0.03018130175769329,0.46849915385246277,0.7300100326538086,-0.028523709625005722,0.4658898413181305,0.7453173995018005,-0.024618184193968773
0.4596271514892578,0.8303322196006775,3.951757037157222e-07,0.4395078122615814,0.813559889793396,-0.018855290487408638,0.43111148476600647,0.7799615859985352,-0.02813120372593403,0.4487030804157257,0.7431537508964539,-0.03651901334524155,0.463259756565094,0.7152751088142395,-0.04330950230360031,0.41280946135520935,0.722396969795227,-0.014470012858510017,0.39604324102401733,0.6742647886276245,-0.025044964626431465,0.3862384855747223,0.6448607444763184,-0.03186778724193573,0.37815797328948975,0.6199917197227478,-0.036344509571790695,0.43251824378967285,0.7112812995910645,-0.013940294273197651,0.4308319687843323,0.6526448130607605,-0.02463006228208542,0.43321141600608826,0.6145718097686768,-0.03200751543045044,0.43616101145744324,0.5832912921905518,-0.035753749310970306,0.4512767195701599,0.7176127433776855,-0.015751808881759644,0.4570921063423157,0.6962202787399292,-0.03066607192158699,0.4561985433101654,0.7243781685829163,-0.033164434134960175,0.4548693895339966,0.7435774803161621,-0.03020618110895157,0.4686572253704071,0.7321643829345703,-0.019337670877575874,0.47261059284210205,0.7107985615730286,-0.02966136857867241,0.470026433467865,0.7287756204605103,-0.028166500851511955,0.46758610010147095,0.7438766360282898,-0.02435596100986004
0.4591403007507324,0.8299187421798706,3.933742789286043e-07,0.4394873380661011,0.81361323595047,-0.019047433510422707,0.43125638365745544,0.7807223200798035,-0.028766853734850883,0.44846516847610474,0.7441809773445129,-0.0375770702958107,0.4625746011734009,0.7156299352645874,-0.04482239484786987,0.41291147470474243,0.7226276397705078,-0.015256263315677643,0.3962613344192505,0.674666166305542,-0.026172328740358353,0.3865058720111847,0.6451308727264404,-0.033210448920726776,0.37850421667099,0.6200240850448608,-0.03784528374671936,0.43259161710739136,0.7116124033927917,-0.014727769419550896,0.43091881275177,0.6527387499809265,-0.02578006498515606,0.43343910574913025,0.6146087646484375,-0.033429134637117386,0.4363027811050415,0.5831121802330017,-0.037422895431518555,0.45141249895095825,0.717988908290863,-0.01649300567805767,0.45720526576042175,0.6967853903770447,-0.031693220138549805,0.4563602805137634,0.724539041519165,-0.03428583964705467,0.4549664855003357,0.7436134815216064,-0.031439948827028275,0.46881696581840515,0.7324137687683105,-0.020013874396681786,0.47261831164360046,0.7107282876968384,-0.030492493882775307,0.4700723886489868,0.7288872003555298,-0.029030034318566322,0.46766364574432373,0.7441990971565247,-0.02529026009142399
0.4594913423061371,0.8295619487762451,3.904701770807151e-07,0.4396061301231384,0.8140373826026917,-0.018793685361742973,0.43085986375808716,0.7817540764808655,-0.0286359004676342,0.44771990180015564,0.7450925707817078,-0.03768230602145195,0.4621131718158722,0.7162204384803772,-0.04522302374243736,0.4126533269882202,0.7233445048332214,-0.015444801189005375,0.3962448835372925,0.6752855777740479,-0.026638489216566086,0.3866463303565979,0.6457258462905884,-0.03401990979909897,0.3787369728088379,0.6206303238868713,-0.03894945606589317,0.43249303102493286,0.7121362090110779,-0.01521300245076418,0.4309806227684021,0.6531690359115601,-0.026487914845347404,0.43347617983818054,0.6148537397384644,-0.03458082675933838,0.4362620413303375,0.5830633044242859,-0.03900934010744095,0.4513540267944336,0.71845543384552,-0.017205994576215744,0.4563896059989929,0.6965420842170715,-0.03256213665008545,0.4558820426464081,0.723757803440094,-0.03537952899932861,0.45523348450660706,0.7429656386375427,-0.03273367881774902,0.4688332676887512,0.7328636050224304,-0.020908987149596214,0.471843421459198,0.7101415395736694,-0.03151221200823784,0.46953997015953064,0.7274559140205383,-0.030132712796330452,0.467801570892334,0.7428166270256042,-0.026469705626368523
0.46120840311050415,0.8308725953102112,4.0200970374826284e-07,0.4420468807220459,0.8159413933753967,-0.01952347531914711,0.43391576409339905,0.7846999168395996,-0.02972700260579586,0.4517361521720886,0.7488822340965271,-0.039024870842695236,0.46604618430137634,0.7209448218345642,-0.046704694628715515,0.4156571924686432,0.7253963947296143,-0.015886833891272545,0.39920035004615784,0.6776564121246338,-0.027639759704470634,0.3896886706352234,0.6476029753684998,-0.03525004908442497,0.38182082772254944,0.6224051713943481,-0.04018670693039894,0.43521010875701904,0.7142202854156494,-0.015555261634290218,0.4338078200817108,0.6560349464416504,-0.027861226350069046,0.43669068813323975,0.6170698404312134,-0.03629804775118828,0.43978357315063477,0.5847373008728027,-0.04051961004734039,0.45387202501296997,0.7207733392715454,-0.017510361969470978,0.45847898721694946,0.6996318101882935,-0.03403821960091591,0.45864325761795044,0.7280797362327576,-0.036662716418504715,0.4582807421684265,0.7477483153343201,-0.03333776071667671,0.4714367985725403,0.7357921600341797,-0.021198276430368423,0.4740314185619354,0.7150741815567017,-0.03263092413544655,0.47211337089538574,0.7335548996925354,-0.030945641919970512,0.470478892326355,0.7492491602897644,-0.026616493239998817
0.4630861282348633,0.830621600151062,3.9604447010788135e-07,0.44590187072753906,0.817277193069458,-0.020956631749868393,0.4375276565551758,0.7874388098716736,-0.03239788860082626,0.4557249844074249,0.7516235113143921,-0.04255414009094238,0.4715155065059662,0.722685694694519,-0.05092330649495125,0.419855535030365,0.7250369191169739,-0.019066497683525085,0.40356123447418213,0.6772719621658325,-0.031805288046598434,0.39402031898498535,0.6470890045166016,-0.039701808243989944,0.38634419441223145,0.6215774416923523,-0.04488830268383026,0.43923380970954895,0.7134529948234558,-0.018184583634138107,0.43797221779823303,0.6554493308067322,-0.031098730862140656,0.44127392768859863,0.6174890995025635,-0.03898843377828598,0.445106565952301,0.5854222774505615,-0.04294600710272789,0.4576624929904938,0.7199364900588989,-0.01964537985622883,0.46480947732925415,0.6994011402130127,-0.03608876094222069,0.46371036767959595,0.7290709018707275,-0.03761858865618706,0.4618629515171051,0.7486708760261536,-0.0338992141187191,0.47495073080062866,0.7349156141281128,-0.023081034421920776,0.479830801486969,0.7166618704795837,-0.03470268473029137,0.47739413380622864,0.7358248829841614,-0.033083491027355194,0.47478270530700684,0.7507426738739014,-0.02897828258574009
0.4643023610115051,0.8296597003936768,4.0067070017357764e-07,0.4474976658821106,0.8199069499969482,-0.021724963560700417,0.4377819895744324,0.7916042804718018,-0.03413214161992073,0.4545457363128662,0.7554594278335571,-0.04493842273950577,0.46978020668029785,0.7250417470932007,-0.05391223728656769,0.41959425806999207,0.7269881367683411,-0.02269900217652321,0.40290218591690063,0.6789119243621826,-0.036243539303541183,0.39344972372055054,0.648955762386322,-0.044288381934165955,0.3859027028083801,0.6231091022491455,-0.04957662895321846,0.43922358751296997,0.7147661447525024,-0.021741949021816254,0.4376279413700104,0.6560709476470947,-0.03506644815206528,0.44081589579582214,0.6179785132408142,-0.042732127010822296,0.44430217146873474,0.5856670141220093,-0.046748753637075424,0.457699716091156,0.7211302518844604,-0.023001978173851967,0.46475526690483093,0.7010857462882996,-0.03955026715993881,0.4637775421142578,0.7305210828781128,-0.040639687329530716,0.4619051516056061,0.7501488327980042,-0.03685377538204193,0.4746069610118866,0.736271858215332,-0.026331888511776924,0.47878897190093994,0.7197722792625427,-0.03855150192975998,0.47670286893844604,0.7375703454017639,-0.03730086609721184,0.47431424260139465,0.75142902135849,-0.03349088504910469
0.459073007106781,0.8287169337272644,4.1175354681399767e-07,0.4417608380317688,0.8210494518280029,-0.02254631370306015,0.43143850564956665,0.7957100868225098,-0.03574791178107262,0.44745969772338867,0.7609609365463257,-0.04712239280343056,0.4620879590511322,0.7307913303375244,-0.05661439523100853,0.4135512113571167,0.7299112677574158,-0.02408013679087162,0.3956490159034729,0.6827556490898132,-0.03807255998253822,0.3856375217437744,0.6530340909957886,-0.04638957604765892,0.37777990102767944,0.6275470852851868,-0.05168522521853447,0.4329984188079834,0.7175575494766235,-0.022671297192573547,0.4315207302570343,0.6597303748130798,-0.03628689795732498,0.4350205361843109,0.6216109395027161,-0.04369966313242912,0.43861454725265503,0.5897903442382812,-0.047379329800605774,0.4512235224246979,0.7234359979629517,-0.02353835105895996,0.45866844058036804,0.704858124256134,-0.0401577465236187,0.4577329754829407,0.7326943278312683,-0.04119274020195007,0.45572295784950256,0.7512035965919495,-0.03736645728349686,0.4680335223674774,0.7380440831184387,-0.026511618867516518,0.4728684425354004,0.7209844589233398,-0.03842782974243164,0.47060710191726685,0.7392159700393677,-0.036752503365278244,0.4676874279975891,0.7538368701934814,-0.03265409916639328
0.45693719387054443,0.8349543213844299,4.067132124419004e-07,0.4384670853614807,0.8242790699005127,-0.021337466314435005,0.42760056257247925,0.7965055704116821,-0.033142365515232086,0.44530802965164185,0.761900007724762,-0.04343245178461075,0.46180933713912964,0.7331007122993469,-0.051927048712968826,0.41078266501426697,0.7322322726249695,-0.02113950066268444,0.39356282353401184,0.6846900582313538,-0.03378104791045189,0.3837515711784363,0.654882550239563,-0.04177151247859001,0.37583452463150024,0.6291080713272095,-0.04722585156559944,0.4307050108909607,0.7202267646789551,-0.020070292055606842,0.42919954657554626,0.6619265079498291,-0.031966641545295715,0.432005912065506,0.6237874031066895,-0.03923753648996353,0.43515312671661377,0.5916409492492676,-0.043271519243717194,0.4492870271205902,0.7270725965499878,-0.021320389583706856,0.45599672198295593,0.7075470685958862,-0.0366809144616127,0.4556693434715271,0.7353934645652771,-0.03818870708346367,0.4545920789241791,0.7542585134506226,-0.034923240542411804,0.4661630392074585,0.7423343658447266,-0.024642178788781166,0.47039732336997986,0.7234093546867371,-0.03625202551484108,0.4688341021537781,0.740024745464325,-0.03521960601210594,0.46696585416793823,0.7540042996406555,-0.03173556551337242
0.45862337946891785,0.8353996276855469,4.1026777353181387e-07,0.4395248293876648,0.8241565227508545,-0.020436806604266167,0.42941394448280334,0.7957537770271301,-0.03203838691115379,0.44734326004981995,0.7607865929603577,-0.04243718087673187,0.46305471658706665,0.7320404052734375,-0.05104704201221466,0.413231760263443,0.7317675352096558,-0.019923074170947075,0.39583319425582886,0.6839355826377869,-0.03253753483295441,0.3859051465988159,0.6538407206535339,-0.040287084877491,0.3777773976325989,0.6281920671463013,-0.0454149954020977,0.43288809061050415,0.7199370861053467,-0.019434060901403427,0.43123355507850647,0.6618383526802063,-0.03205856308341026,0.43415623903274536,0.6232699751853943,-0.039700452238321304,0.4374493360519409,0.5908870697021484,-0.04362862929701805,0.45152491331100464,0.7263109087944031,-0.021166156977415085,0.4575643837451935,0.7062636613845825,-0.03717413544654846,0.4569285809993744,0.7351483702659607,-0.038522690534591675,0.4557322561740875,0.7544146776199341,-0.03481969237327576,0.46912410855293274,0.7408562898635864,-0.024856777861714363,0.4732518494129181,0.7225778102874756,-0.03609342873096466,0.4714970886707306,0.7403238415718079,-0.034274324774742126,0.4698397219181061,0.7548266649246216,-0.030109457671642303
0.45754384994506836,0.8323141932487488,4.0877620222090627e-07,0.43921858072280884,0.821901798248291,-0.022075822576880455,0.4292871952056885,0.7936689853668213,-0.03435460105538368,0.44791197776794434,0.758833646774292,-0.04495573416352272,0.464259535074234,0.7302885055541992,-0.05375301465392113,0.4130898714065552,0.7293305993080139,-0.022293301299214363,0.39593085646629333,0.6814034581184387,-0.03573903813958168,0.3860510587692261,0.6512752771377563,-0.04381180182099342,0.3780894875526428,0.6256558895111084,-0.048958610743284225,0.4327651858329773,0.7175459265708923,-0.020892558619379997,0.43098846077919006,0.6590321660041809,-0.034171223640441895,0.4343874156475067,0.6205864548683167,-0.04161398112773895,0.438300758600235,0.5881796479225159,-0.04509081691503525,0.4512549340724945,0.7240429520606995,-0.021789105609059334,0.45779949426651,0.704541802406311,-0.03872549161314964,0.4573442041873932,0.7342950105667114,-0.03996327519416809,0.45616310834884644,0.7543517351150513,-0.03575459495186806,0.46855831146240234,0.7389521598815918,-0.024699373170733452,0.47276678681373596,0.7217035889625549,-0.036807283759117126,0.47089844942092896,0.7407750487327576,-0.03500967100262642,0.4688865840435028,0.7561514377593994,-0.030506839975714684
0.45565250515937805,0.8331187963485718,4.148040204654535e-07,0.43609344959259033,0.8230514526367188,-0.02194986678659916,0.4263581931591034,0.7941842079162598,-0.03400658816099167,0.44504013657569885,0.7586928009986877,-0.044515181332826614,0.460259348154068,0.7295896410942078,-0.053283385932445526,0.41075360774993896,0.7305788993835449,-0.02178630605340004,0.39381057024002075,0.6826381087303162,-0.03502955287694931,0.38439232110977173,0.6524509191513062,-0.04297274351119995,0.3767451345920563,0.6265383362770081,-0.048095665872097015,0.43041494488716125,0.7184088230133057,-0.02056814357638359,0.42883116006851196,0.6600909233093262,-0.03394119814038277,0.43199142813682556,0.6214925646781921,-0.04160471260547638,0.43535369634628296,0.5889619588851929,-0.04526468738913536,0.4488711357116699,0.7246222496032715,-0.021653171628713608,0.4547835886478424,0.7052586078643799,-0.03895031288266182,0.4546203315258026,0.736637532711029,-0.04018358886241913,0.45379310846328735,0.7575010061264038,-0.03587944805622101,0.4662413001060486,0.7391850352287292,-0.024739854037761688,0.47013041377067566,0.721666693687439,-0.03736623376607895,0.46855902671813965,0.7421300411224365,-0.03569914773106575,0.4669080972671509,0.7584264874458313,-0.031210465356707573
0.45821642875671387,0.8340107202529907,4.056947489061713e-07,0.4392729103565216,0.8222039937973022,-0.02160843461751938,0.42979690432548523,0.7927778959274292,-0.03343368321657181,0.4486101269721985,0.7579942345619202,-0.04376620426774025,0.46433955430984497,0.7292744517326355,-0.05227969214320183,0.4139760136604309,0.7298242449760437,-0.0211250651627779,0.3970153331756592,0.6819278001785278,-0.034220416098833084,0.38737085461616516,0.6515007615089417,-0.04209275171160698,0.37945568561553955,0.6256955862045288,-0.04710537940263748,0.43381398916244507,0.7181478142738342,-0.019911019131541252,0.43251314759254456,0.6596992611885071,-0.03297177702188492,0.43555980920791626,0.6214628219604492,-0.04044288769364357,0.43900036811828613,0.5892770290374756,-0.043937936425209045,0.45233795046806335,0.7244834303855896,-0.021016165614128113,0.4587436318397522,0.7053966522216797,-0.03777550905942917,0.4576449990272522,0.7360034584999084,-0.039024610072374344,0.45610398054122925,0.7561818361282349,-0.03479690104722977,0.46974462270736694,0.738979697227478,-0.02412116713821888,0.47398167848587036,0.72120600938797,-0.035904280841350555,0.47169098258018494,0.7407370805740356,-0.034032054245471954,0.46942538022994995,0.7562768459320068,-0.029529890045523643
0.4589766263961792,0.835379421710968,4.099963177850441e-07,0.43974778056144714,0.8241900205612183,-0.02185690402984619,0.42959386110305786,0.7955036163330078,-0.03384188935160637,0.448133260011673,0.7608721256256104,-0.044282976537942886,0.46444040536880493,0.7323961853981018,-0.05301107466220856,0.41384798288345337,0.731358528137207,-0.021529870107769966,0.3967936038970947,0.6832658052444458,-0.034554485231637955,0.38708916306495667,0.6526786088943481,-0.04254871606826782,0.37939712405204773,0.6265888214111328,-0.04771208018064499,0.43378639221191406,0.7194064259529114,-0.02012023515999317,0.4325426518917084,0.6606872081756592,-0.03286976367235184,0.4355204701423645,0.622226893901825,-0.04040442034602165,0.4390343129634857,0.58990478515625,-0.044087521731853485,0.4524121582508087,0.7256190180778503,-0.021025795489549637,0.4589095115661621,0.7061790823936462,-0.03752924129366875,0.4578007459640503,0.7359229326248169,-0.03932073339819908,0.4564393162727356,0.7560612559318542,-0.035598743706941605,0.4698107838630676,0.7401094436645508,-0.023925140500068665,0.47409069538116455,0.7216158509254456,-0.035731323063373566,0.47175848484039307,0.7408091425895691,-0.03430032357573509,0.46956947445869446,0.7568128705024719,-0.030182691290974617
0.46184587478637695,0.8367319703102112,4.093290897344559e-07,0.4428410530090332,0.8247562050819397,-0.021984336897730827,0.43339061737060547,0.7957745790481567,-0.03375210240483284,0.45195937156677246,0.7612974047660828,-0.04391235485672951,0.46774452924728394,0.7331689596176147,-0.052358705550432205,0.41724085807800293,0.7326421141624451,-0.02147609367966652,0.4003854990005493,0.6838573813438416,-0.034125376492738724,0.39083752036094666,0.6530441641807556,-0.041879694908857346,0.3832542896270752,0.626832127571106,-0.046826303005218506,0.43714529275894165,0.7206180691719055,-0.019747696816921234,0.43615320324897766,0.6614402532577515,-0.03199765831232071,0.4391544461250305,0.6228085160255432,-0.03952395170927048,0.442445307970047,0.5908188819885254,-0.04322313144803047,0.4556209444999695,0.7265729904174805,-0.02029637061059475,0.46188560128211975,0.7070753574371338,-0.03633418679237366,0.4615384042263031,0.7356253862380981,-0.038500089198350906,0.4607255458831787,0.7559940218925476,-0.03502148389816284,0.47281280159950256,0.7405663132667542,-0.022826358675956726,0.4767335057258606,0.7215450406074524,-0.03413086012005806,0.4751058518886566,0.7395155429840088,-0.03273951634764671,0.47354763746261597,0.7556723356246948,-0.0286466795951128
0.4627322852611542,0.8371004462242126,4.1569575159883243e-07,0.4442642629146576,0.8257912397384644,-0.022809617221355438,0.4352792203426361,0.7976817488670349,-0.03505983203649521,0.4537014067173004,0.7631077766418457,-0.04554258659482002,0.4687647223472595,0.7335460782051086,-0.054252248257398605,0.4186246395111084,0.7332533001899719,-0.022396031767129898,0.40172362327575684,0.6846920251846313,-0.03548003360629082,0.39211398363113403,0.6540691256523132,-0.04342161491513252,0.3845488429069519,0.6276392936706543,-0.04837247356772423,0.43816906213760376,0.7212641835212708,-0.02050147019326687,0.4377169609069824,0.6620633006095886,-0.03314995393157005,0.4407345950603485,0.6232028007507324,-0.04079775512218475,0.4441131055355072,0.590822696685791,-0.04449103772640228,0.45650333166122437,0.7274039387702942,-0.020967913791537285,0.4635041058063507,0.708794355392456,-0.037489209324121475,0.4628896117210388,0.7381976842880249,-0.03958969935774803,0.4619148075580597,0.7583537697792053,-0.0359526053071022,0.47355177998542786,0.7418598532676697,-0.023482998833060265,0.47770920395851135,0.7231266498565674,-0.035014595836400986,0.4758177399635315,0.74224853515625,-0.03340517356991768,0.47423356771469116,0.758886992931366,-0.029093317687511444
0.46408647298812866,0.8388379812240601,4.127329873426788e-07,0.44511568546295166,0.8275988698005676,-0.02149219997227192,0.43586307764053345,0.7986836433410645,-0.03336907923221588,0.4536307752132416,0.7641187310218811,-0.04384712874889374,0.4687191843986511,0.7355855107307434,-0.052639275789260864,0.41932985186576843,0.7341910600662231,-0.021281583234667778,0.40230679512023926,0.6855858564376831,-0.03408627212047577,0.3926127851009369,0.6550016403198242,-0.04178999736905098,0.38486775755882263,0.628828763961792,-0.046698156744241714,0.4387834668159485,0.7221803665161133,-0.020146576687693596,0.4380265772342682,0.6626880764961243,-0.03289911895990372,0.4412359595298767,0.6240059733390808,-0.04047567397356033,0.4448796212673187,0.5919380187988281,-0.04411419481039047,0.4571985900402069,0.7282541990280151,-0.02123863436281681,0.4638134241104126,0.7095444798469543,-0.03745554760098457,0.46229344606399536,0.7401358485221863,-0.03889605402946472,0.4604704678058624,0.760297954082489,-0.03497110679745674,0.47445350885391235,0.7426770329475403,-0.02432001568377018,0.47880467772483826,0.7238861322402954,-0.03551242873072624,0.4762614369392395,0.7440781593322754,-0.03347920998930931,0.4738428294658661,0.7606768608093262,-0.029019687324762344
0.4654208719730377,0.839360237121582,4.087640661509795e-07,0.4477539658546448,0.8265493512153625,-0.021622367203235626,0.439154714345932,0.7967368364334106,-0.03309196978807449,0.45673102140426636,0.7609028220176697,-0.043026991188526154,0.4723941683769226,0.7323938608169556,-0.05122430995106697,0.4200887978076935,0.7335228323936462,-0.020558834075927734,0.4030939042568207,0.6848433017730713,-0.03293831646442413,0.393422931432724,0.6542627811431885,-0.04027920588850975,0.3856276273727417,0.6281242370605469,-0.04479456692934036,0.4394659996032715,0.7218274474143982,-0.019074777141213417,0.4386267066001892,0.6624195575714111,-0.031231118366122246,0.44158902764320374,0.6236174702644348,-0.038220636546611786,0.4448772370815277,0.5914621353149414,-0.0413232147693634,0.45790278911590576,0.7278284430503845,-0.019916381686925888,0.4654998779296875,0.7088508009910583,-0.036044295877218246,0.4642717242240906,0.7388632297515869,-0.0377633273601532,0.4623824656009674,0.7587096095085144,-0.03380683436989784,0.4751077890396118,0.7419028282165527,-0.022725028917193413,0.4796743094921112,0.7231699824333191,-0.03375759720802307,0.4773626923561096,0.7429488897323608,-0.031827185302972794,0.47517091035842896,0.7590598464012146,-0.027327656745910645
0.4759332537651062,0.8452877402305603,4.299498357340781e-07,0.4593169093132019,0.8380309343338013,-0.02207917906343937,0.449074923992157,0.8121725916862488,-0.034986019134521484,0.46586930751800537,0.7761828303337097,-0.04630962386727333,0.4815497398376465,0.7464635968208313,-0.0557355172932148,0.4284400939941406,0.7484752535820007,-0.0242286529392004,0.40951645374298096,0.698554515838623,-0.038693156093358994,0.39904892444610596,0.6673928499221802,-0.046906016767024994,0.3900967538356781,0.6408030986785889,-0.05200585350394249,0.4474835693836212,0.7343979477882385,-0.02298102341592312,0.4453183710575104,0.6741770505905151,-0.037279240787029266,0.4488033950328827,0.6346502304077148,-0.04471458122134209,0.45150795578956604,0.6016237139701843,-0.04808634892106056,0.46585091948509216,0.7386294603347778,-0.023861287161707878,0.4751867353916168,0.720946729183197,-0.04057852178812027,0.4747801721096039,0.7503402233123779,-0.04093195125460625,0.47243186831474304,0.7704977989196777,-0.036256276071071625,0.48300832509994507,0.75163733959198,-0.02688278816640377,0.4897015690803528,0.7373369932174683,-0.038457851856946945,0.48769131302833557,0.7564791440963745,-0.03623082861304283,0.48458385467529297,0.7725256085395813,-0.03148285299539566
0.4758729934692383,0.8418675661087036,4.69842802885978e-07,0.46545544266700745,0.8446016311645508,-0.02652251534163952,0.45967066287994385,0.8262346982955933,-0.043012648820877075,0.47594812512397766,0.7930035591125488,-0.0567319355905056,0.4854990541934967,0.7623847126960754,-0.06898222118616104,0.4299204349517822,0.7671568393707275,-0.03522263467311859,0.4111838638782501,0.7231824398040771,-0.05275031551718712,0.39999011158943176,0.6941609978675842,-0.062336090952157974,0.3903983235359192,0.6683940887451172,-0.0680902749300003,0.44853729009628296,0.7505432367324829,-0.03271033614873886,0.44401317834854126,0.6933707594871521,-0.05080782622098923,0.4470251500606537,0.6539348363876343,-0.05949483439326286,0.4485759735107422,0.6207890510559082,-0.06341489404439926,0.46806785464286804,0.751961350440979,-0.0319058820605278,0.479977548122406,0.7384998798370361,-0.05210472270846367,0.4823543131351471,0.7706499695777893,-0.051055580377578735,0.48050233721733093,0.7942731976509094,-0.0450497642159462,0.4859617352485657,0.7633203864097595,-0.03334517776966095,0.49493053555488586,0.755445122718811,-0.047735389322042465,0.4952754080295563,0.7803967595100403,-0.044165752828121185,0.49283337593078613,0.8015695810317993,-0.03796960785984993
0.47420188784599304,0.8384078741073608,4.898838597000577e-07,0.4623267948627472,0.8420499563217163,-0.024941744282841682,0.45551130175590515,0.8268709182739258,-0.04258927330374718,0.4745998680591583,0.7997530102729797,-0.057611607015132904,0.489860475063324,0.7742664217948914,-0.0712282806634903,0.4304705858230591,0.7737629413604736,-0.039349500089883804,0.41269803047180176,0.7286694645881653,-0.058718807995319366,0.40168023109436035,0.7004018425941467,-0.06912021338939667,0.3920469880104065,0.6740109324455261,-0.07575545459985733,0.4498632848262787,0.7538666129112244,-0.03790944442152977,0.44470468163490295,0.6971744298934937,-0.05875137448310852,0.44751057028770447,0.6571957468986511,-0.06867159903049469,0.44875162839889526,0.6213567852973938,-0.07355049252510071,0.4706338047981262,0.7526880502700806,-0.037453461438417435,0.4829678535461426,0.7439279556274414,-0.05808842554688454,0.4840036928653717,0.7782259583473206,-0.05564827844500542,0.4801156222820282,0.8028227090835571,-0.04899543151259422,0.489981472492218,0.7612133026123047,-0.03917413204908371,0.49996280670166016,0.761604905128479,-0.053528331220149994,0.49856266379356384,0.7864416837692261,-0.04930984228849411,0.49324679374694824,0.8059573173522949,-0.04286494851112366
0.47691601514816284,0.8380315899848938,4.4437061319513305e-07,0.46462565660476685,0.8391865491867065,-0.024961642920970917,0.45582523941993713,0.8197135329246521,-0.040443211793899536,0.4702973961830139,0.783279538154602,-0.053424593061208725,0.47993478178977966,0.7502825856208801,-0.06457235664129257,0.42579030990600586,0.7593116164207458,-0.03083008900284767,0.4065648913383484,0.7141528129577637,-0.04715829715132713,0.3950565457344055,0.6853953003883362,-0.056296925991773605,0.38469749689102173,0.6606074571609497,-0.06186803802847862,0.4444875717163086,0.7413896918296814,-0.028898777440190315,0.4388625919818878,0.6840366721153259,-0.04533205181360245,0.4408448338508606,0.6449982523918152,-0.05343630164861679,0.44104641675949097,0.6117883920669556,-0.057047873735427856,0.46436411142349243,0.7422199249267578,-0.02877623401582241,0.473799467086792,0.7284383773803711,-0.04741128161549568,0.47585219144821167,0.7606528997421265,-0.045981407165527344,0.4740908145904541,0.7833402156829834,-0.03991256281733513,0.48343899846076965,0.7534959316253662,-0.03091374598443508,0.49035751819610596,0.7433506846427917,-0.04403417557477951,0.49077361822128296,0.7657831907272339,-0.040182650089263916,0.4885962903499603,0.7845229506492615,-0.0339028537273407
0.4765365421772003,0.8392145037651062,4.3501296431713854e-07,0.46390604972839355,0.8379221558570862,-0.02502679079771042,0.4556248188018799,0.8152813911437988,-0.03995455056428909,0.46935853362083435,0.7774258852005005,-0.052270568907260895,0.47915786504745483,0.7438750863075256,-0.06256972998380661,0.42510151863098145,0.7568852305412292,-0.029699159786105156,0.40599772334098816,0.7109914422035217,-0.04541505500674248,0.3940220773220062,0.6821531653404236,-0.05436951667070389,0.38354557752609253,0.6576582193374634,-0.06003561615943909,0.4438175857067108,0.7398625016212463,-0.027389025315642357,0.4380774199962616,0.6817830801010132,-0.043645087629556656,0.4398624300956726,0.6434271335601807,-0.05195179209113121,0.44034621119499207,0.6109771728515625,-0.05582542344927788,0.4634769558906555,0.7414166331291199,-0.02693232148885727,0.47267428040504456,0.7239648103713989,-0.04535655677318573,0.47443538904190063,0.7545604705810547,-0.04416327923536301,0.4724051356315613,0.7758172750473022,-0.038428567349910736,0.48248833417892456,0.7529927492141724,-0.028707705438137054,0.4899543821811676,0.737970232963562,-0.0418626107275486,0.49063634872436523,0.757858157157898,-0.038379594683647156,0.4884335398674011,0.7746273875236511,-0.032450318336486816
0.4778432548046112,0.8367812633514404,4.465749157134269e-07,0.4637277126312256,0.8346362113952637,-0.023725077509880066,0.4550718665122986,0.8093634843826294,-0.03746563568711281,0.46928876638412476,0.7707879543304443,-0.049017418175935745,0.4797564446926117,0.7383309602737427,-0.058676429092884064,0.42411866784095764,0.7526662349700928,-0.026317385956645012,0.40453457832336426,0.7064606547355652,-0.04142097383737564,0.3925129175186157,0.6773928999900818,-0.05037388205528259,0.3820619583129883,0.6530412435531616,-0.056084781885147095,0.44213321805000305,0.7361955046653748,-0.024477148428559303,0.4366823136806488,0.6781288385391235,-0.040397174656391144,0.4378323554992676,0.6390280723571777,-0.049009840935468674,0.43799498677253723,0.6059696078300476,-0.05300027132034302,0.46116751432418823,0.7381514310836792,-0.024550948292016983,0.4691140353679657,0.7192379236221313,-0.0426064096391201,0.47076258063316345,0.7500794529914856,-0.041495997458696365,0.4689657390117645,0.771458625793457,-0.035612791776657104,0.47944319248199463,0.7502179145812988,-0.026804979890584946,0.48567450046539307,0.732870876789093,-0.03968314826488495,0.4859253764152527,0.7523499131202698,-0.036115702241659164,0.4837404191493988,0.7692264914512634,-0.02997371181845665
0.4790995717048645,0.8356574177742004,4.5916672775092593e-07,0.46440592408180237,0.8323081731796265,-0.024543698877096176,0.4562203288078308,0.8056408762931824,-0.03776661306619644,0.46999531984329224,0.7659191489219666,-0.048638831824064255,0.4801481068134308,0.7332446575164795,-0.05753060802817345,0.42422235012054443,0.7519001364707947,-0.025263620540499687,0.4042178988456726,0.7051348686218262,-0.040285564959049225,0.39203396439552307,0.6759814023971558,-0.04915289953351021,0.38132989406585693,0.6516902446746826,-0.054690342396497726,0.4415959119796753,0.7348338961601257,-0.022563889622688293,0.4358721375465393,0.6770594120025635,-0.038554731756448746,0.4366380274295807,0.6377471685409546,-0.04719362035393715,0.4364193081855774,0.6042184829711914,-0.05099315568804741,0.4600774943828583,0.7361178398132324,-0.022072147578001022,0.46943435072898865,0.7191177606582642,-0.04053458571434021,0.47162359952926636,0.7509952783584595,-0.04017961770296097,0.46966254711151123,0.7718217372894287,-0.03444899991154671,0.4774191081523895,0.7473837733268738,-0.02381446771323681,0.48463401198387146,0.7312824726104736,-0.036975324153900146,0.48470401763916016,0.7512549757957458,-0.03417166322469711,0.48174044489860535,0.7675284743309021,-0.028444508090615273
0.4827927052974701,0.8343216180801392,4.5835653850190283e-07,0.46693336963653564,0.829587996006012,-0.024037662893533707,0.4567989110946655,0.8031960725784302,-0.03706192597746849,0.46896377205848694,0.7625954151153564,-0.04798971861600876,0.47836068272590637,0.7285443544387817,-0.057117197662591934,0.4244559109210968,0.7498423457145691,-0.02403952367603779,0.40426838397979736,0.702142596244812,-0.03879926726222038,0.39244022965431213,0.6727474927902222,-0.04780915379524231,0.3821735680103302,0.6482598781585693,-0.053524695336818695,0.44225257635116577,0.7324760556221008,-0.021764205768704414,0.43601375818252563,0.6746923923492432,-0.037109483033418655,0.43668949604034424,0.635549008846283,-0.045776352286338806,0.436244934797287,0.6026467680931091,-0.04987150803208351,0.46121951937675476,0.7335218787193298,-0.021795079112052917,0.4694838523864746,0.7145982980728149,-0.04027852416038513,0.4729725122451782,0.7455140352249146,-0.040813516825437546,0.47179853916168213,0.7664065361022949,-0.035874493420124054,0.47914978861808777,0.7445523142814636,-0.023969538509845734,0.4848529100418091,0.726479709148407,-0.03758488595485687,0.485654354095459,0.7459295392036438,-0.03537080064415932,0.48315057158470154,0.7629727125167847,-0.030182136222720146
0.48313847184181213,0.828438937664032,4.441025680534949e-07,0.4678279161453247,0.8211223483085632,-0.0259702205657959,0.4578345715999603,0.792375922203064,-0.03789503127336502,0.4696791172027588,0.7511013150215149,-0.04690218344330788,0.47864872217178345,0.7170224785804749,-0.053896911442279816,0.42487412691116333,0.7409759163856506,-0.02307470329105854,0.40482547879219055,0.6937299966812134,-0.03618807718157768,0.39249998331069946,0.6649613380432129,-0.0445651151239872,0.38185837864875793,0.6411256194114685,-0.049937307834625244,0.4423998296260834,0.7244702577590942,-0.018695196136832237,0.43498146533966064,0.6675317287445068,-0.03199155256152153,0.4348955750465393,0.6286328434944153,-0.04024593159556389,0.43410229682922363,0.5958541035652161,-0.044311389327049255,0.46060702204704285,0.7258082032203674,-0.01692800223827362,0.46803146600723267,0.7042971253395081,-0.034484632313251495,0.4731014370918274,0.7308098077774048,-0.03698737546801567,0.47311556339263916,0.7501657605171204,-0.03344564139842987,0.47785496711730957,0.7365087866783142,-0.01735984906554222,0.48365968465805054,0.7152677178382874,-0.030858054757118225,0.48565950989723206,0.7308712005615234,-0.030354417860507965,0.4837146997451782,0.7465618252754211,-0.026451852172613144
0.4816787838935852,0.8308915495872498,4.4195891746312554e-07,0.46636122465133667,0.822989821434021,-0.025112291797995567,0.45704156160354614,0.7934123873710632,-0.03668449819087982,0.46873095631599426,0.7520159482955933,-0.04560553655028343,0.4783076345920563,0.7181077003479004,-0.05260460451245308,0.42381763458251953,0.7420445680618286,-0.022075217217206955,0.40329259634017944,0.6945700645446777,-0.03505187854170799,0.39091795682907104,0.6655367612838745,-0.04331514611840248,0.3802715539932251,0.6416710019111633,-0.0486246682703495,0.4415387511253357,0.725288987159729,-0.018250597640872,0.4342270791530609,0.6676706075668335,-0.031437113881111145,0.4342601001262665,0.6290371417999268,-0.039722464978694916,0.43356242775917053,0.5966622233390808,-0.04379202052950859,0.45992761850357056,0.7268625497817993,-0.01697840355336666,0.46699535846710205,0.7061679363250732,-0.034347549080848694,0.4716795086860657,0.7336123585700989,-0.03667505457997322,0.4718102514743805,0.7529925107955933,-0.03305484354496002,0.4772194027900696,0.73807692527771,-0.017845362424850464,0.4826180934906006,0.7173296809196472,-0.03104218654334545,0.4841650128364563,0.7343009114265442,-0.030238885432481766,0.4824831783771515,0.7505046129226685,-0.02619181200861931
0.4813394844532013,0.8330954313278198,4.3528498849809694e-07,0.46622058749198914,0.8242169618606567,-0.024741441011428833,0.45707809925079346,0.7940595746040344,-0.03613555431365967,0.4687054753303528,0.7520829439163208,-0.04507414624094963,0.47758498787879944,0.7178170084953308,-0.05208000913262367,0.4240996837615967,0.7425536513328552,-0.02153981849551201,0.40340283513069153,0.6957573294639587,-0.034433405846357346,0.3911159932613373,0.6667951345443726,-0.042376067489385605,0.38046568632125854,0.6427428126335144,-0.04733365774154663,0.44161275029182434,0.725895345211029,-0.017904020845890045,0.43436145782470703,0.6677560806274414,-0.03101646900177002,0.4344126582145691,0.6291239857673645,-0.038930654525756836,0.4340398907661438,0.5970005989074707,-0.042573049664497375,0.4599468410015106,0.7276751399040222,-0.016831185668706894,0.4675810635089874,0.7077925801277161,-0.03430948033928871,0.471425861120224,0.7369517683982849,-0.036343008279800415,0.47109752893447876,0.7570728063583374,-0.032328132539987564,0.4774414896965027,0.7390469908714294,-0.01786731742322445,0.4829995632171631,0.7191361784934998,-0.030752409249544144,0.48389875888824463,0.7378197312355042,-0.02954207733273506,0.48183587193489075,0.7545466423034668,-0.025171691551804543
0.48072218894958496,0.8340924382209778,4.341860915246798e-07,0.4660245180130005,0.8250907063484192,-0.025215838104486465,0.4568633437156677,0.7949959635734558,-0.03662734478712082,0.46868205070495605,0.753149151802063,-0.045482732355594635,0.47739192843437195,0.7187308669090271,-0.052296847105026245,0.4242303967475891,0.7428995966911316,-0.02143409289419651,0.40352728962898254,0.6964223384857178,-0.03418092802166939,0.3911818861961365,0.6675605773925781,-0.042166151106357574,0.38062530755996704,0.6433923840522766,-0.04726670682430267,0.4415605068206787,0.7266228199005127,-0.017571859061717987,0.43424323201179504,0.6690688133239746,-0.030710436403751373,0.43435248732566833,0.6300959587097168,-0.038888897746801376,0.43427592515945435,0.5973798036575317,-0.04281728342175484,0.4598141014575958,0.7287227511405945,-0.01633002795279026,0.46788665652275085,0.708246111869812,-0.03377874940633774,0.4719354808330536,0.737234890460968,-0.03586781769990921,0.47183287143707275,0.757519543170929,-0.03196677193045616,0.47734200954437256,0.7401595711708069,-0.017273379489779472,0.4832289218902588,0.7204570770263672,-0.030338218435645103,0.48417797684669495,0.7386828660964966,-0.029375378042459488,0.48212921619415283,0.7550787329673767,-0.02519983798265457
0.4814225435256958,0.8329041600227356,4.4442828084356734e-07,0.46702510118484497,0.825089156627655,-0.026348987594246864,0.4581661522388458,0.7955170273780823,-0.03814643248915672,0.4695114195346832,0.7536798715591431,-0.047075673937797546,0.4779878854751587,0.7191399931907654,-0.053996890783309937,0.4244474172592163,0.7437227368354797,-0.0227980874478817,0.40361955761909485,0.6965039968490601,-0.03615051135420799,0.39127612113952637,0.6670984625816345,-0.0445222482085228,0.3806329369544983,0.6427796483039856,-0.049768175929784775,0.4418680667877197,0.726751983165741,-0.01827757991850376,0.43455633521080017,0.668985903263092,-0.031984519213438034,0.4347384572029114,0.6300566792488098,-0.040487077087163925,0.43413156270980835,0.5975675582885742,-0.04451942816376686,0.4598855972290039,0.7283480763435364,-0.016439510509371758,0.4677727520465851,0.7077773809432983,-0.03457678481936455,0.4724655747413635,0.7359687089920044,-0.03719477355480194,0.4723430871963501,0.7559124231338501,-0.03347911313176155,0.47682860493659973,0.7397878766059875,-0.01678607612848282,0.48297783732414246,0.7196810841560364,-0.030369833111763,0.48450809717178345,0.7374914884567261,-0.02972111850976944,0.48241400718688965,0.7542303204536438,-0.02564522996544838
0.48139339685440063,0.8322948217391968,4.5020283323538024e-07,0.4657936096191406,0.8253666758537292,-0.02582189440727234,0.45636168122291565,0.7968224883079529,-0.03803951293230057,0.46886521577835083,0.7555049061775208,-0.04760551080107689,0.47849440574645996,0.7211883664131165,-0.05519496649503708,0.4241839647293091,0.7434595227241516,-0.022954462096095085,0.4034099280834198,0.6965698599815369,-0.036569640040397644,0.391078382730484,0.6672196984291077,-0.04506485164165497,0.38032010197639465,0.6428825855255127,-0.05045817047357559,0.441470205783844,0.7268117666244507,-0.01905948854982853,0.4342827796936035,0.6689733862876892,-0.03295734152197838,0.4346103072166443,0.6301261186599731,-0.04113919287919998,0.43416649103164673,0.5978281497955322,-0.04489068686962128,0.4597190320491791,0.7287651300430298,-0.01781114935874939,0.46780386567115784,0.7085177898406982,-0.03578263893723488,0.4721403419971466,0.7378764748573303,-0.03740325942635536,0.471645712852478,0.7579843401908875,-0.03303690254688263,0.4770057499408722,0.7404643297195435,-0.018793998286128044,0.4831984043121338,0.720421314239502,-0.032214339822530746,0.48452532291412354,0.7389750480651855,-0.03088494762778282,0.48221883177757263,0.7557145953178406,-0.02630026452243328
0.4789779484272003,0.8280588388442993,4.4369605234351184e-07,0.4638659656047821,0.8234344124794006,-0.024239836260676384,0.45464038848876953,0.7955350279808044,-0.036526117473840714,0.46711593866348267,0.7553170323371887,-0.04644903913140297,0.47714167833328247,0.7221275568008423,-0.05430486053228378,0.42278623580932617,0.7416259050369263,-0.022836199030280113,0.40275150537490845,0.6948136687278748,-0.03637076914310455,0.3906627893447876,0.6662096381187439,-0.04427167400717735,0.3801878094673157,0.6425294876098633,-0.049222223460674286,0.43970543146133423,0.7255240678787231,-0.01987854763865471,0.43259164690971375,0.6677983999252319,-0.03448493778705597,0.43273046612739563,0.6287876963615417,-0.04245614632964134,0.43250492215156555,0.5960821509361267,-0.04589163139462471,0.45802563428878784,0.7272291779518127,-0.019276609644293785,0.4663529396057129,0.7091909646987915,-0.0369759276509285,0.46934273838996887,0.7393007874488831,-0.037310414016246796,0.46818089485168457,0.7588925361633301,-0.03216272592544556,0.47540855407714844,0.7380943894386292,-0.020868496969342232,0.48150137066841125,0.7213177680969238,-0.033670321106910706,0.4820496141910553,0.7404019832611084,-0.031476445496082306,0.47968828678131104,0.7555636763572693,-0.026354242116212845
0.468577116727829,0.8105686902999878,3.727629973582225e-07,0.4577324688434601,0.8014861941337585,-0.026189198717474937,0.45402124524116516,0.7698597311973572,-0.03653762489557266,0.4702715277671814,0.7308757305145264,-0.04349789023399353,0.48077213764190674,0.7001965641975403,-0.048064861446619034,0.4243814945220947,0.7200995683670044,-0.022849440574645996,0.40645164251327515,0.6749086976051331,-0.035472333431243896,0.39493846893310547,0.6467016935348511,-0.042507026344537735,0.3844677805900574,0.6228610277175903,-0.04660917818546295,0.44123202562332153,0.70558762550354,-0.01817849650979042,0.434399276971817,0.6495728492736816,-0.03151235729455948,0.43465590476989746,0.6124705672264099,-0.03843221440911293,0.43435895442962646,0.5810478925704956,-0.041020363569259644,0.45820292830467224,0.7080931067466736,-0.016351578757166862,0.4685658812522888,0.6896645426750183,-0.034536171704530716,0.47075480222702026,0.7197353839874268,-0.036485444754362106,0.4674980938434601,0.7391113638877869,-0.03192618116736412,0.4746137857437134,0.7187976241111755,-0.01676563359797001,0.4827044606208801,0.7028942704200745,-0.029843248426914215,0.48249176144599915,0.7213072180747986,-0.029036063700914383,0.4784066379070282,0.7364508509635925,-0.024891482666134834
0.45685508847236633,0.827183723449707,3.9766791815054603e-07,0.43895038962364197,0.8125538229942322,-0.0237412266433239,0.43034279346466064,0.7791128158569336,-0.033357348293066025,0.44513237476348877,0.739846408367157,-0.04057268798351288,0.4544663727283478,0.7091183662414551,-0.04563446715474129,0.40489792823791504,0.726719319820404,-0.017539016902446747,0.38434016704559326,0.6814871430397034,-0.02829775959253311,0.37207239866256714,0.65366530418396,-0.03471922501921654,0.36167868971824646,0.63005530834198,-0.03841794654726982,0.42288142442703247,0.7136111259460449,-0.014105016365647316,0.41637250781059265,0.6559466123580933,-0.024830318987369537,0.41579532623291016,0.6187326312065125,-0.031144654378294945,0.41606947779655457,0.5887078046798706,-0.03346666321158409,0.4409852623939514,0.7173420190811157,-0.01364596001803875,0.4471113979816437,0.6980540156364441,-0.0303372610360384,0.4487581253051758,0.727674663066864,-0.03344264253973961,0.4474896490573883,0.7467120885848999,-0.02978854812681675,0.4582172930240631,0.7282533049583435,-0.015235157683491707,0.46190258860588074,0.7065247893333435,-0.02702939510345459,0.4619418680667877,0.7243351340293884,-0.02615017630159855,0.46040311455726624,0.7391313314437866,-0.022124342620372772
0.45691636204719543,0.8261933326721191,3.955405816213897e-07,0.43758705258369446,0.8115736842155457,-0.02387937530875206,0.42862603068351746,0.7776176333427429,-0.03303336724638939,0.44400253891944885,0.7375785112380981,-0.039625074714422226,0.4540250301361084,0.7067722082138062,-0.04405974969267845,0.4038940370082855,0.7249993681907654,-0.017025500535964966,0.3832744359970093,0.6789551377296448,-0.02689175307750702,0.37119024991989136,0.6511106491088867,-0.03300945833325386,0.36089587211608887,0.6274880170822144,-0.036675117909908295,0.4221528172492981,0.7118666768074036,-0.013144993223249912,0.41517964005470276,0.6533199548721313,-0.022583020851016045,0.4145636260509491,0.6162412166595459,-0.028605390340089798,0.4142942726612091,0.5865464210510254,-0.031084654852747917,0.4400458037853241,0.7157341837882996,-0.012262288480997086,0.4454077482223511,0.695106029510498,-0.02795173041522503,0.4474102258682251,0.7237477898597717,-0.03165717050433159,0.44595879316329956,0.7429157495498657,-0.028819484636187553,0.45706498622894287,0.7268264293670654,-0.013434415683150291,0.4608147442340851,0.7036502361297607,-0.024799950420856476,0.46109864115715027,0.7212733626365662,-0.024484407156705856,0.4589416980743408,0.7367459535598755,-0.021170910447835922
0.4568670094013214,0.8255705833435059,3.915401691756415e-07,0.436239093542099,0.8116328716278076,-0.024175187572836876,0.4268038868904114,0.7778674960136414,-0.03315448760986328,0.4426608085632324,0.7374742031097412,-0.03942723572254181,0.4525126814842224,0.7059173583984375,-0.04343240708112717,0.40310215950012207,0.7240499258041382,-0.017282087355852127,0.38214051723480225,0.6780743598937988,-0.027356930077075958,0.36986494064331055,0.6506251096725464,-0.03351219743490219,0.3594416081905365,0.6271277070045471,-0.03719848021864891,0.42112571001052856,0.7107580900192261,-0.013626031577587128,0.4136802554130554,0.6524296402931213,-0.02301870845258236,0.41306087374687195,0.6157598495483398,-0.028798183426260948,0.41340646147727966,0.5862131118774414,-0.031118260696530342,0.4389621913433075,0.7145581245422363,-0.013138164766132832,0.444564551115036,0.6948243379592896,-0.028997909277677536,0.4461921751499176,0.7250698208808899,-0.03251325339078903,0.44442129135131836,0.743847668170929,-0.029584595933556557,0.4563809633255005,0.7259811162948608,-0.014806431718170643,0.46017056703567505,0.703439474105835,-0.026420049369335175,0.4601094722747803,0.722298264503479,-0.026059484109282494,0.45758286118507385,0.7380794286727905,-0.022751370444893837
0.45848605036735535,0.8239713311195374,4.005859750577656e-07,0.4367819130420685,0.8100947737693787,-0.0236648079007864,0.4264473617076874,0.7768107056617737,-0.032502174377441406,0.4423370957374573,0.7359631061553955,-0.03882583603262901,0.45287007093429565,0.7049142718315125,-0.04299532622098923,0.4028880298137665,0.7245233654975891,-0.016468998044729233,0.38179290294647217,0.6785786151885986,-0.026552988216280937,0.369562566280365,0.6506952047348022,-0.03278552368283272,0.3593597710132599,0.626969575881958,-0.03655589744448662,0.42102599143981934,0.7111895680427551,-0.013042295351624489,0.4137481451034546,0.6530945897102356,-0.022763846442103386,0.4130946695804596,0.6157461404800415,-0.02894267439842224,0.4135306477546692,0.5855189561843872,-0.0314725860953331,0.4390404224395752,0.7149619460105896,-0.012733626179397106,0.44465628266334534,0.6951496005058289,-0.02894612029194832,0.44639715552330017,0.7249802350997925,-0.032695669680833817,0.44495639204978943,0.7436957359313965,-0.02979288622736931,0.45673251152038574,0.7264384627342224,-0.014490275643765926,0.4607014060020447,0.7034209966659546,-0.02641996741294861,0.46024370193481445,0.7220029830932617,-0.02621096931397915,0.4572604298591614,0.737688422203064,-0.022923510521650314
0.45577722787857056,0.8235744833946228,3.9279527186408814e-07,0.43639522790908813,0.8083539009094238,-0.023446010425686836,0.4279312193393707,0.774387538433075,-0.03183065727353096,0.44365194439888,0.7347669005393982,-0.0377039909362793,0.4537697732448578,0.7049040198326111,-0.04141733795404434,0.4036150574684143,0.7254493832588196,-0.016180450096726418,0.3832038938999176,0.6794044971466064,-0.026727819815278053,0.37094709277153015,0.6514667272567749,-0.033353354781866074,0.3607141971588135,0.6279279589653015,-0.0372362844645977,0.4216797649860382,0.7122865319252014,-0.012573549523949623,0.41478240489959717,0.6546874642372131,-0.022744039073586464,0.4140625596046448,0.6169871091842651,-0.029367443174123764,0.41438841819763184,0.5862546563148499,-0.03208284452557564,0.4394051432609558,0.7157440185546875,-0.012062279507517815,0.44465139508247375,0.6959063410758972,-0.028309691697359085,0.44707438349723816,0.7245098948478699,-0.03208339214324951,0.4464002847671509,0.7431712746620178,-0.02897268533706665,0.45673298835754395,0.726536750793457,-0.013601640239357948,0.4596954882144928,0.7029374837875366,-0.025326907634735107,0.4597969055175781,0.7190425395965576,-0.024997258558869362,0.4577746093273163,0.7340408563613892,-0.021446404978632927
0.4587726593017578,0.8274973034858704,4.056949194364279e-07,0.43923071026802063,0.8122478723526001,-0.025212876498699188,0.4296523332595825,0.7774794101715088,-0.034901827573776245,0.4453454613685608,0.7375836372375488,-0.04170556738972664,0.45607903599739075,0.7065380811691284,-0.046356648206710815,0.4051319360733032,0.7253044843673706,-0.01843954436480999,0.38545745611190796,0.6785898208618164,-0.029037797823548317,0.3734612762928009,0.6507239937782288,-0.03612923622131348,0.3633664548397064,0.6272724866867065,-0.0405658483505249,0.4238867461681366,0.7131467461585999,-0.01401909627020359,0.4167630076408386,0.6537575125694275,-0.02360551804304123,0.41626086831092834,0.6167351007461548,-0.030432581901550293,0.41684532165527344,0.5863078832626343,-0.03373119980096817,0.4422993063926697,0.7172846794128418,-0.012695126235485077,0.4472635090351105,0.6949096918106079,-0.02807217836380005,0.4495237469673157,0.7231446504592896,-0.03230522200465202,0.44901326298713684,0.7415400743484497,-0.030084745958447456,0.45998263359069824,0.7286226153373718,-0.013536537066102028,0.4630691707134247,0.703981876373291,-0.024417124688625336,0.4631558656692505,0.7202543020248413,-0.024204596877098083,0.4614346921443939,0.734367847442627,-0.02118592895567417
0.45951151847839355,0.8272309303283691,4.038376744119887e-07,0.44050171971321106,0.8115948438644409,-0.025196189060807228,0.4310213327407837,0.7770925760269165,-0.03497978299856186,0.4466160535812378,0.7370263934135437,-0.0418255478143692,0.4577640891075134,0.7060893774032593,-0.04653804004192352,0.40637263655662537,0.7248129844665527,-0.01874021627008915,0.3871731758117676,0.6783590316772461,-0.029606182128190994,0.3750852048397064,0.6503876447677612,-0.03707432746887207,0.36502140760421753,0.626716136932373,-0.04178934544324875,0.4253338575363159,0.712186336517334,-0.014222119934856892,0.4184085726737976,0.6530634164810181,-0.023800848051905632,0.4175097644329071,0.6157059669494629,-0.03094763681292534,0.41777104139328003,0.5849606394767761,-0.0346512533724308,0.44369155168533325,0.7162651419639587,-0.0127553790807724,0.44832417368888855,0.6935710310935974,-0.028046324849128723,0.45095327496528625,0.7203996777534485,-0.03252147138118744,0.45104941725730896,0.7392572164535522,-0.030535463243722916,0.4611096978187561,0.7279437780380249,-0.013442385010421276,0.46379339694976807,0.7032097578048706,-0.024327820166945457,0.46436038613319397,0.7174915671348572,-0.024311073124408722,0.4631761908531189,0.7313729524612427,-0.021423522382974625
0.46083953976631165,0.8281862735748291,4.0390557387581794e-07,0.4421219229698181,0.8122185468673706,-0.025998616591095924,0.43322986364364624,0.776204526424408,-0.03504903241991997,0.4496922492980957,0.7364885210990906,-0.04088246077299118,0.4601888060569763,0.7059006094932556,-0.04451920464634895,0.4072224795818329,0.7254931330680847,-0.01821880415081978,0.3880343735218048,0.6789901256561279,-0.028243839740753174,0.3760642409324646,0.6511833071708679,-0.03519103303551674,0.36599230766296387,0.6274746060371399,-0.03968703746795654,0.4261433482170105,0.713382363319397,-0.013111558742821217,0.4192065894603729,0.6543399095535278,-0.021863168105483055,0.41871732473373413,0.6172211170196533,-0.028651662170886993,0.419333815574646,0.5866762399673462,-0.03221339359879494,0.44446006417274475,0.718085765838623,-0.011223682202398777,0.4497095048427582,0.6951858997344971,-0.02614770643413067,0.45245063304901123,0.7231379747390747,-0.030856827273964882,0.4521695077419281,0.7417981624603271,-0.02916080690920353,0.4620080292224884,0.7301286458969116,-0.011577503755688667,0.4653586745262146,0.7057626843452454,-0.022679710760712624,0.46614018082618713,0.7219712734222412,-0.023076657205820084,0.46483102440834045,0.7367544174194336,-0.020573634654283524
0.4607071876525879,0.8277041912078857,4.065247480866674e-07,0.4418729841709137,0.8120229244232178,-0.026809390634298325,0.43289124965667725,0.777062177658081,-0.0360359326004982,0.44957661628723145,0.7376062273979187,-0.04186951369047165,0.4612157940864563,0.7063161134719849,-0.04537620022892952,0.4072718322277069,0.7260117530822754,-0.01844412460923195,0.3881795406341553,0.6791639924049377,-0.028601258993148804,0.37633439898490906,0.65095055103302,-0.035476069897413254,0.3665379285812378,0.6269632577896118,-0.03980625793337822,0.4265270531177521,0.7132014632225037,-0.012974378652870655,0.4203748404979706,0.6545860171318054,-0.021846076473593712,0.41953185200691223,0.6169912815093994,-0.028503628447651863,0.4197021722793579,0.5861541032791138,-0.03183932229876518,0.44479796290397644,0.7174160480499268,-0.010912986472249031,0.44984376430511475,0.6952740550041199,-0.026501577347517014,0.45250600576400757,0.7235798835754395,-0.03156905993819237,0.4521666467189789,0.7424641847610474,-0.029793182387948036,0.46235889196395874,0.729019045829773,-0.011123535223305225,0.4655635952949524,0.7046950459480286,-0.02279631420969963,0.4658011794090271,0.7210364937782288,-0.02357369102537632,0.46389204263687134,0.7363131046295166,-0.021151462569832802
0.463046669960022,0.827106773853302,4.1408512174712087e-07,0.4433901309967041,0.8120720386505127,-0.02520647644996643,0.43349984288215637,0.7784584164619446,-0.03496982157230377,0.4500352442264557,0.7393033504486084,-0.041841257363557816,0.46254345774650574,0.7091904878616333,-0.046553123742341995,0.4099268317222595,0.726639449596405,-0.01874445006251335,0.3911692798137665,0.6796041131019592,-0.029198601841926575,0.3793771266937256,0.651382565498352,-0.036406900733709335,0.36972421407699585,0.6273894309997559,-0.04120558127760887,0.42877697944641113,0.7138928771018982,-0.014262898825109005,0.42270296812057495,0.6555314660072327,-0.02376692369580269,0.42242828011512756,0.6173968315124512,-0.031099654734134674,0.42310428619384766,0.5859012603759766,-0.03509804606437683,0.4471035301685333,0.7181491851806641,-0.012806219048798084,0.45251309871673584,0.6955261826515198,-0.027988824993371964,0.455605685710907,0.7222244739532471,-0.03260907903313637,0.4561172127723694,0.7414817214012146,-0.030892085283994675,0.46469584107398987,0.7298900485038757,-0.013539133593440056,0.468471497297287,0.706961989402771,-0.02503308653831482,0.4688997268676758,0.7215433120727539,-0.025721704587340355,0.4675390124320984,0.7357977628707886,-0.023356717079877853
0.4632686972618103,0.8414407968521118,4.2237877551087877e-07,0.4461873173713684,0.8283003568649292,-0.024753309786319733,0.4382172226905823,0.7942708730697632,-0.03596429526805878,0.45387110114097595,0.7557402849197388,-0.04490891844034195,0.46547114849090576,0.7243872284889221,-0.0518522784113884,0.4128883481025696,0.7382575273513794,-0.01979430951178074,0.3942457437515259,0.6901203989982605,-0.032249417155981064,0.38305506110191345,0.6600380539894104,-0.04021301865577698,0.3741389513015747,0.6348082423210144,-0.04520378261804581,0.43199366331100464,0.7256299257278442,-0.016555150970816612,0.42780423164367676,0.6654888987541199,-0.029087621718645096,0.42912599444389343,0.6261237859725952,-0.03721606358885765,0.4306677579879761,0.5928542613983154,-0.041099466383457184,0.4505634009838104,0.7309932708740234,-0.016133321449160576,0.4567868113517761,0.7074416875839233,-0.03361715376377106,0.4581117331981659,0.7364600300788879,-0.036501605063676834,0.45701828598976135,0.7561948299407959,-0.03305327147245407,0.4677339196205139,0.7447270750999451,-0.017853466793894768,0.47175487875938416,0.7217470407485962,-0.030556591227650642,0.4711202383041382,0.7400051951408386,-0.029569361358880997,0.46923959255218506,0.7555757164955139,-0.025515181943774223
0.4645479619503021,0.8427042961120605,4.122493066915922e-07,0.4460536539554596,0.8293054103851318,-0.023342246189713478,0.4382432699203491,0.7937636971473694,-0.033344633877277374,0.4538583755493164,0.7541888952255249,-0.041486144065856934,0.46374231576919556,0.7228601574897766,-0.04760384187102318,0.4137814939022064,0.7388848662376404,-0.017449984326958656,0.3944055438041687,0.6906127333641052,-0.029015235602855682,0.3824590742588043,0.6609442830085754,-0.03622829541563988,0.37278562784194946,0.635749101638794,-0.04073423892259598,0.43209540843963623,0.7258622050285339,-0.014731443487107754,0.4277980625629425,0.6662920713424683,-0.02699514478445053,0.4287504553794861,0.6268851161003113,-0.03514328598976135,0.43033096194267273,0.5944371223449707,-0.038998622447252274,0.45000359416007996,0.7304047346115112,-0.01481837872415781,0.4555473029613495,0.7075545191764832,-0.03213965520262718,0.45764878392219543,0.7379457950592041,-0.03511963412165642,0.4572609066963196,0.7583736181259155,-0.03164499253034592,0.4669317603111267,0.742695152759552,-0.016978368163108826,0.4704947769641876,0.7205101847648621,-0.02926556020975113,0.4704752564430237,0.7394827604293823,-0.02827071025967598,0.46939221024513245,0.7555830478668213,-0.024248864501714706
0.46633920073509216,0.8437832593917847,4.200388161734736e-07,0.44805020093917847,0.8303318023681641,-0.023113220930099487,0.4398399293422699,0.7943881750106812,-0.03304426372051239,0.4556938111782074,0.7552928924560547,-0.04102880880236626,0.4667006731033325,0.7243667840957642,-0.046992331743240356,0.4155650734901428,0.7395786046981812,-0.017703991383314133,0.39683112502098083,0.6913564205169678,-0.029142888262867928,0.3854546844959259,0.6616623401641846,-0.03631061688065529,0.37608596682548523,0.6364138126373291,-0.04082109034061432,0.4342310130596161,0.7274636030197144,-0.015039201825857162,0.4308895766735077,0.6676290035247803,-0.02715752273797989,0.4326498806476593,0.6281353831291199,-0.035213541239500046,0.4345587491989136,0.595172643661499,-0.039034150540828705,0.4524496793746948,0.7324593663215637,-0.01507936418056488,0.4594211280345917,0.7099783420562744,-0.032334279268980026,0.4611770212650299,0.7401477098464966,-0.035245735198259354,0.4602813422679901,0.7605306506156921,-0.03172755986452103,0.4695293605327606,0.7452470064163208,-0.01714458502829075,0.47419050335884094,0.7240315675735474,-0.029588770121335983,0.4740673899650574,0.7430194020271301,-0.02852298691868782,0.4726870059967041,0.7590455412864685,-0.024393916130065918
0.46461448073387146,0.8466418385505676,4.1209443679690594e-07,0.44662925601005554,0.8329519033432007,-0.021720092743635178,0.4389873445034027,0.7967731356620789,-0.031479500234127045,0.45486271381378174,0.7578357458114624,-0.03958335146307945,0.46655571460723877,0.727233350276947,-0.04577888548374176,0.41471561789512634,0.7410248517990112,-0.017089983448386192,0.3965555727481842,0.6928527355194092,-0.028268294408917427,0.38559404015541077,0.6631784439086914,-0.035187624394893646,0.3765079379081726,0.6380066871643066,-0.03953723609447479,0.4333477020263672,0.7286348938941956,-0.01514392625540495,0.430599182844162,0.6682237982749939,-0.026914414018392563,0.4326174557209015,0.6288940906524658,-0.0347316637635231,0.4349817633628845,0.5960880517959595,-0.038447149097919464,0.45154744386672974,0.7336221933364868,-0.015682123601436615,0.4593873918056488,0.7113852500915527,-0.03204113245010376,0.4601167142391205,0.74148029088974,-0.03440115973353386,0.45890724658966064,0.7615591287612915,-0.030765686184167862,0.46834760904312134,0.7467696070671082,-0.018182938918471336,0.47367313504219055,0.7258734107017517,-0.029742779210209846,0.4731695055961609,0.7450305223464966,-0.02816142700612545,0.4720262587070465,0.760879635810852,-0.02382316254079342
0.4643896818161011,0.8472556471824646,4.172829051185545e-07,0.44735175371170044,0.8333234786987305,-0.022669659927487373,0.44037961959838867,0.7978038191795349,-0.03265431523323059,0.4561738669872284,0.758650004863739,-0.040696702897548676,0.46725475788116455,0.7274861335754395,-0.046740926802158356,0.4145432114601135,0.741582453250885,-0.017823195084929466,0.39623790979385376,0.6935587525367737,-0.02930028736591339,0.3850840926170349,0.6637535095214844,-0.03636902570724487,0.37582120299339294,0.6384453773498535,-0.04076980799436569,0.4330267608165741,0.7289454340934753,-0.015386619605123997,0.43046116828918457,0.6690546870231628,-0.02755262516438961,0.43254056572914124,0.6296143531799316,-0.03538816422224045,0.4348524808883667,0.5965496897697449,-0.038997020572423935,0.4509831666946411,0.7336992621421814,-0.015558703802525997,0.45964890718460083,0.7124741077423096,-0.032459110021591187,0.46066853404045105,0.743605375289917,-0.034780148416757584,0.4591595232486725,0.7637010812759399,-0.030958766117691994,0.46757498383522034,0.7469297647476196,-0.017777735367417336,0.4734788239002228,0.7272173762321472,-0.029876964166760445,0.472913920879364,0.7478817105293274,-0.02845565415918827,0.4709835946559906,0.7643963098526001,-0.02410697191953659
0.4629148244857788,0.846670925617218,4.1357094460181543e-07,0.4457814693450928,0.8325303196907043,-0.02158886380493641,0.43857628107070923,0.7980475425720215,-0.03173181787133217,0.4539433419704437,0.7589669227600098,-0.04025803133845329,0.46497756242752075,0.7279191017150879,-0.0468282587826252,0.4132522940635681,0.741134524345398,-0.017160162329673767,0.3946426212787628,0.6933479309082031,-0.028704999014735222,0.3833838403224945,0.6637559533119202,-0.035907402634620667,0.37414440512657166,0.6384702920913696,-0.04043097048997879,0.4317457377910614,0.7285960912704468,-0.01534373126924038,0.42899107933044434,0.6687452793121338,-0.027448512613773346,0.4309159517288208,0.629692792892456,-0.03520859405398369,0.43326330184936523,0.5966423153877258,-0.038839954882860184,0.449712872505188,0.7336833477020264,-0.01599443145096302,0.45769473910331726,0.711542546749115,-0.03242418169975281,0.45792248845100403,0.7424827814102173,-0.03411361202597618,0.4562571346759796,0.7628040313720703,-0.03006317839026451,0.4663180708885193,0.7471660375595093,-0.018645884469151497,0.4719908833503723,0.7276991009712219,-0.030340123921632767,0.47095024585723877,0.7478334307670593,-0.028478525578975677,0.469167560338974,0.763835072517395,-0.023872334510087967
0.4624408483505249,0.8465030193328857,4.152234680532274e-07,0.44411352276802063,0.8325003385543823,-0.022155743092298508,0.4365255534648895,0.7978948950767517,-0.032198477536439896,0.4533032476902008,0.7591986656188965,-0.04047359526157379,0.46612104773521423,0.7290803790092468,-0.04678443446755409,0.41315552592277527,0.7416294813156128,-0.018129626289010048,0.39483797550201416,0.6933959126472473,-0.029949333518743515,0.38380444049835205,0.6637200713157654,-0.03723663464188576,0.37482497096061707,0.638182520866394,-0.041776686906814575,0.4318915903568268,0.7291321754455566,-0.01627272740006447,0.42918655276298523,0.6687971949577332,-0.028146805241703987,0.4309304356575012,0.6294969916343689,-0.035736847668886185,0.43335872888565063,0.5963819622993469,-0.03929894417524338,0.45014238357543945,0.7342517971992493,-0.017002634704113007,0.4581848680973053,0.7129051685333252,-0.03346838057041168,0.45836368203163147,0.7441117167472839,-0.03556002676486969,0.4568425714969635,0.7643947601318359,-0.031712427735328674,0.4672001004219055,0.7479143738746643,-0.019804757088422775,0.47254958748817444,0.7280928492546082,-0.031531210988759995,0.47117212414741516,0.7481849193572998,-0.029901856556534767,0.4691125750541687,0.7646424174308777,-0.025498008355498314
