x0,y0,z0,x1,y1,z1,x2,y2,z2,x3,y3,z3,x4,y4,z4,x5,y5,z5,x6,y6,z6,x7,y7,z7,x8,y8,z8,x9,y9,z9,x10,y10,z10,x11,y11,z11,x12,y12,z12,x13,y13,z13,x14,y14,z14,x15,y15,z15,x16,y16,z16,x17,y17,z17,x18,y18,z18,x19,y19,z19,x20,y20,z20
0.256571501493454,0.751578688621521,-1.4754050425835885e-07,0.3016899824142456,0.727389931678772,-0.01387931127101183,0.34070098400115967,0.6789466142654419,-0.020316852256655693,0.33045461773872375,0.6256377100944519,-0.02683439292013645,0.2969239354133606,0.6069246530532837,-0.03146566450595856,0.3216954469680786,0.6131808757781982,-0.0002129535423591733,0.3390110433101654,0.5723850131034851,-0.018230801448225975,0.32854318618774414,0.6017701625823975,-0.032039232552051544,0.31431251764297485,0.625952959060669,-0.039362940937280655,0.2927881181240082,0.6048869490623474,-0.00326876831240952,0.3095718324184418,0.5549028515815735,-0.0205023642629385,0.3029150664806366,0.594783365726471,-0.029499387368559837,0.292003333568573,0.6185916662216187,-0.03143756091594696,0.2636779546737671,0.606313169002533,-0.009093135595321655,0.27702590823173523,0.5646937489509583,-0.028018111363053322,0.2754408121109009,0.6118437051773071,-0.024878382682800293,0.26617783308029175,0.635369598865509,-0.01771124079823494,0.23058950901031494,0.6156105399131775,-0.016073696315288544,0.24750865995883942,0.5838436484336853,-0.02774485945701599,0.25149962306022644,0.6195856928825378,-0.019397791475057602,0.24604132771492004,0.6396158337593079,-0.010202488861978054
0.260445237159729,0.757868230342865,-1.6827020488108246e-07,0.30491551756858826,0.7333815693855286,-0.014399582520127296,0.3442176878452301,0.685319185256958,-0.02133946865797043,0.33420318365097046,0.632159948348999,-0.028303945437073708,0.30063897371292114,0.6112124919891357,-0.033063795417547226,0.3252982795238495,0.6181843876838684,-0.0005455950158648193,0.34159576892852783,0.5777510404586792,-0.01920103095471859,0.33089154958724976,0.6109128594398499,-0.032881028950214386,0.3174697458744049,0.633625864982605,-0.040171217173337936,0.296172171831131,0.610055685043335,-0.003631574334576726,0.31250226497650146,0.56109219789505,-0.021913480013608932,0.30548232793807983,0.6044475436210632,-0.030834469944238663,0.29469937086105347,0.6257658004760742,-0.03253018483519554,0.26683154702186584,0.6118692755699158,-0.009549180045723915,0.27985629439353943,0.5698069334030151,-0.02976570650935173,0.2786474823951721,0.6197303533554077,-0.025989171117544174,0.26967158913612366,0.6414108276367188,-0.018148429691791534,0.23338352143764496,0.6215436458587646,-0.016580719500780106,0.25026243925094604,0.5901877880096436,-0.029109524562954903,0.25448474287986755,0.6275113821029663,-0.020420551300048828,0.24902306497097015,0.6465276479721069,-0.010731076821684837
0.23583324253559113,0.8111564517021179,-1.7976607580294512e-07,0.2807531952857971,0.7895941734313965,-0.01623285375535488,0.32281970977783203,0.739745557308197,-0.023732036352157593,0.3119468092918396,0.684891402721405,-0.03053450770676136,0.27734461426734924,0.6648305058479309,-0.03440989553928375,0.3036845922470093,0.6691517233848572,-0.003996481653302908,0.3181897699832916,0.6253179907798767,-0.02353692799806595,0.30651748180389404,0.6629989147186279,-0.03618286922574043,0.2943548560142517,0.6870078444480896,-0.042343661189079285,0.2729385495185852,0.6610214114189148,-0.006014546845108271,0.2876220643520355,0.6109634637832642,-0.025003571063280106,0.28037554025650024,0.6585283875465393,-0.032242901623249054,0.2710375189781189,0.679453432559967,-0.03233536332845688,0.24268276989459991,0.6628782153129578,-0.010988292284309864,0.2530032992362976,0.6198953986167908,-0.03141893446445465,0.25284451246261597,0.6722522974014282,-0.025922011584043503,0.24638794362545013,0.6932729482650757,-0.01671062968671322,0.2089400291442871,0.6720038056373596,-0.017231348901987076,0.223300963640213,0.6409896612167358,-0.02917734533548355,0.22823859751224518,0.6801900863647461,-0.019466210156679153,0.22485066950321198,0.6992520689964294,-0.0089156748726964
0.22855401039123535,0.8172520399093628,-1.9577039722662448e-07,0.2735576331615448,0.7960163354873657,-0.016553357243537903,0.3160352110862732,0.7453761100769043,-0.024334000423550606,0.3066098093986511,0.6898861527442932,-0.031206173822283745,0.27081218361854553,0.6709291934967041,-0.03496381640434265,0.29672345519065857,0.6743158102035522,-0.005887880921363831,0.3082612156867981,0.6298507452011108,-0.025475086644291878,0.2969883382320404,0.67249596118927,-0.03758390247821808,0.28657102584838867,0.6963152289390564,-0.04348224774003029,0.26511865854263306,0.6669073700904846,-0.007838706485927105,0.27711397409439087,0.6163694858551025,-0.026936767622828484,0.27106383442878723,0.666985034942627,-0.03327332064509392,0.26281124353408813,0.6877729892730713,-0.032868873327970505,0.2342141568660736,0.6696556806564331,-0.012657915242016315,0.24325057864189148,0.6254276037216187,-0.03299149498343468,0.2445099949836731,0.6792747974395752,-0.026634516194462776,0.23863708972930908,0.7003873586654663,-0.017008338123559952,0.20024646818637848,0.6796973943710327,-0.018763847649097443,0.21367716789245605,0.6477711200714111,-0.03063906729221344,0.21941542625427246,0.6870013475418091,-0.020773565396666527,0.21626415848731995,0.7061396837234497,-0.010173041373491287
0.22886916995048523,0.8127681016921997,-1.870352548394294e-07,0.27345338463783264,0.7921769022941589,-0.01630687527358532,0.3165455162525177,0.7457844614982605,-0.02424376830458641,0.30852630734443665,0.6911327242851257,-0.0314522385597229,0.27479490637779236,0.6664050221443176,-0.03588193655014038,0.29997172951698303,0.6736332178115845,-0.004770021419972181,0.31254738569259644,0.6293617486953735,-0.0250298660248518,0.29929065704345703,0.6669533252716064,-0.03843686729669571,0.2869483530521393,0.6926240921020508,-0.04489107057452202,0.2686440348625183,0.6642243266105652,-0.006501416675746441,0.2814653813838959,0.6153663396835327,-0.02579903043806553,0.27270880341529846,0.6614320874214172,-0.03347545489668846,0.26393234729766846,0.682991087436676,-0.033983636647462845,0.23799611628055573,0.6655133962631226,-0.011145194992423058,0.24718903005123138,0.6242684125900269,-0.031336646527051926,0.24543409049510956,0.6752733588218689,-0.025720005854964256,0.23965142667293549,0.6964431405067444,-0.016642214730381966,0.20411105453968048,0.6744120717048645,-0.01710035651922226,0.21723532676696777,0.6445078253746033,-0.028827469795942307,0.2207934409379959,0.6827433705329895,-0.01907902956008911,0.21801292896270752,0.7011268734931946,-0.008522759191691875
0.23037530481815338,0.7603909969329834,-1.7781673022909672e-07,0.2777855396270752,0.7440812587738037,-0.015077265910804272,0.3175433278083801,0.6964881420135498,-0.020158812403678894,0.3059109151363373,0.6416526436805725,-0.02457418106496334,0.2750130295753479,0.6207495927810669,-0.026397861540317535,0.3056253492832184,0.6340513229370117,-0.0010903171496465802,0.3166293501853943,0.5941460132598877,-0.018322112038731575,0.3008480668067932,0.627981424331665,-0.029234040528535843,0.28933820128440857,0.6507202386856079,-0.03450946509838104,0.27585160732269287,0.622977077960968,-0.0023391281720250845,0.287222295999527,0.5786749720573425,-0.02015882357954979,0.2753809988498688,0.6215248107910156,-0.02610621601343155,0.2671813368797302,0.6434860825538635,-0.02511138655245304,0.24622145295143127,0.6217954158782959,-0.006691647227853537,0.25338804721832275,0.5809957981109619,-0.02670602686703205,0.24926745891571045,0.6297786235809326,-0.02201971970498562,0.24479509890079498,0.6518526673316956,-0.013111580163240433,0.21377840638160706,0.627739667892456,-0.012196197174489498,0.22348999977111816,0.5995999574661255,-0.025064468383789062,0.22443127632141113,0.6368860006332397,-0.017371881753206253,0.22235910594463348,0.6554151773452759,-0.007950415834784508
0.22593626379966736,0.7307988405227661,-1.9731024281099963e-07,0.27362820506095886,0.71463543176651,-0.01535863522440195,0.3107714056968689,0.6659198999404907,-0.02056463249027729,0.2933122217655182,0.6112201809883118,-0.024658771231770515,0.2603501081466675,0.592773973941803,-0.02601151540875435,0.3020554482936859,0.6110455393791199,-0.0038255457766354084,0.31353598833084106,0.5669113993644714,-0.019269783049821854,0.2974608242511749,0.6023637056350708,-0.028122106567025185,0.2875829041004181,0.6253761053085327,-0.0324576273560524,0.2725547254085541,0.5992703437805176,-0.004603533074259758,0.28535589575767517,0.549516499042511,-0.0213981494307518,0.27212661504745483,0.593860387802124,-0.026059001684188843,0.2633039951324463,0.6190444827079773,-0.024277277290821075,0.2437816560268402,0.5965985655784607,-0.008139759302139282,0.25177568197250366,0.5519955158233643,-0.026877501979470253,0.24665944278240204,0.6004849076271057,-0.021854493767023087,0.24113240838050842,0.6257122159004211,-0.012861846946179867,0.21263457834720612,0.6000468134880066,-0.012784121558070183,0.2220744788646698,0.5692387819290161,-0.024961678311228752,0.22263771295547485,0.6060193777084351,-0.017375973984599113,0.22010278701782227,0.6270970106124878,-0.008225001394748688
0.22361597418785095,0.7218722105026245,-2.0112183563014696e-07,0.27085283398628235,0.705838680267334,-0.014857267029583454,0.3092452883720398,0.6576381921768188,-0.019910501316189766,0.29324668645858765,0.6034603714942932,-0.024241706356406212,0.26070788502693176,0.5871772766113281,-0.02547779306769371,0.3013002276420593,0.6009904146194458,-0.0018336360808461905,0.31087595224380493,0.5585598349571228,-0.018215350806713104,0.2936922311782837,0.5947031378746033,-0.027268733829259872,0.28527379035949707,0.6166075468063354,-0.03160768747329712,0.2721478343009949,0.5901003479957581,-0.0033638281747698784,0.2827126383781433,0.5439755320549011,-0.021436121314764023,0.26931485533714294,0.589183509349823,-0.02574435994029045,0.26328277587890625,0.6116616129875183,-0.02338203601539135,0.2434690296649933,0.5880170464515686,-0.007996629923582077,0.249863401055336,0.5445696711540222,-0.027363231405615807,0.24505352973937988,0.5934667587280273,-0.021624846383929253,0.24191583693027496,0.6162043809890747,-0.012069194577634335,0.21254436671733856,0.5916183590888977,-0.013890189118683338,0.2201952338218689,0.5625215172767639,-0.02581961452960968,0.22092023491859436,0.5991806983947754,-0.01805875636637211,0.21994754672050476,0.6182470321655273,-0.008801554329693317
0.2160230278968811,0.6687895059585571,-1.7167948840324243e-07,0.2639111280441284,0.6564878821372986,-0.015126329846680164,0.30159783363342285,0.6119990348815918,-0.019533632323145866,0.28774014115333557,0.5576758980751038,-0.022991102188825607,0.2560228109359741,0.5395046472549438,-0.0239082220941782,0.29367518424987793,0.5572702884674072,-0.00142917491029948,0.30338677763938904,0.5168166756629944,-0.016489453613758087,0.28589311242103577,0.5483145713806152,-0.025405153632164,0.27678921818733215,0.5688747763633728,-0.029803495854139328,0.2653846740722656,0.5443068742752075,-0.0018000667914748192,0.2756473124027252,0.49999040365219116,-0.01870989426970482,0.26142656803131104,0.5397148132324219,-0.023860378190875053,0.25448957085609436,0.5622372031211853,-0.022248568013310432,0.2373613864183426,0.5407773852348328,-0.0050570727325975895,0.24275338649749756,0.4988920986652374,-0.024388188496232033,0.2365189641714096,0.5457601547241211,-0.020468492060899734,0.23300372064113617,0.5708526372909546,-0.011921264231204987,0.20686304569244385,0.5437285304069519,-0.009412771090865135,0.2135275900363922,0.5156024098396301,-0.023006780073046684,0.21290655434131622,0.5515379905700684,-0.017068523913621902,0.21191148459911346,0.5728816986083984,-0.008612437173724174
0.21611735224723816,0.6894505620002747,-1.8168933024753642e-07,0.26395383477211,0.6763414144515991,-0.015370058827102184,0.30207812786102295,0.6323837637901306,-0.020591698586940765,0.28795355558395386,0.5779297351837158,-0.02490863762795925,0.25518879294395447,0.5604630708694458,-0.026788659393787384,0.29282763600349426,0.5718964338302612,-0.0022897752933204174,0.3030829131603241,0.5302355289459229,-0.01731850951910019,0.28705859184265137,0.5631573796272278,-0.027120640501379967,0.2767319679260254,0.5858681797981262,-0.03220078721642494,0.26460203528404236,0.5606081485748291,-0.0029666742775589228,0.2756882905960083,0.5136315822601318,-0.019000418484210968,0.26272016763687134,0.5543113946914673,-0.024746496230363846,0.25403642654418945,0.57839435338974,-0.024023815989494324,0.23679551482200623,0.5582988858222961,-0.006434011738747358,0.24221523106098175,0.5163534879684448,-0.024444758892059326,0.23693464696407318,0.5620850920677185,-0.020856283605098724,0.23184657096862793,0.5870456695556641,-0.013061492703855038,0.20626462996006012,0.5619942545890808,-0.011093865148723125,0.21322661638259888,0.5324363112449646,-0.023119762539863586,0.21344582736492157,0.5672269463539124,-0.016550865024328232,0.2114233374595642,0.5887842774391174,-0.00817017164081335
0.2140355110168457,0.6980013847351074,-1.854600242268134e-07,0.26312321424484253,0.6839289665222168,-0.01616792194545269,0.3018758296966553,0.6370266079902649,-0.02146364375948906,0.2867051064968109,0.5803861021995544,-0.02583327703177929,0.25168997049331665,0.5650337934494019,-0.027397075667977333,0.2922735810279846,0.5782959461212158,-0.0012083153706043959,0.30189642310142517,0.5366702079772949,-0.016449671238660812,0.2850181758403778,0.5705189108848572,-0.02637185901403427,0.27545374631881714,0.5929102897644043,-0.03167956322431564,0.2637895345687866,0.5667821168899536,-0.001790731679648161,0.2738339602947235,0.5208773016929626,-0.018739517778158188,0.2607722580432892,0.5619552731513977,-0.02469818852841854,0.2530231177806854,0.5862128734588623,-0.023851916193962097,0.2358292192220688,0.5641897320747375,-0.005442810244858265,0.24054893851280212,0.5217940211296082,-0.024006852880120277,0.23601773381233215,0.5682116150856018,-0.020561693236231804,0.2320256531238556,0.5941840410232544,-0.012680613435804844,0.20536869764328003,0.5676324963569641,-0.010488463565707207,0.21169829368591309,0.53861004114151,-0.02299363538622856,0.2125396579504013,0.5738765597343445,-0.017084401100873947,0.2114580273628235,0.596013069152832,-0.00906422920525074
0.2173803448677063,0.7065229415893555,-1.958857609452025e-07,0.2647833824157715,0.6914151310920715,-0.01638321578502655,0.30246078968048096,0.6454356908798218,-0.021915076300501823,0.2868809103965759,0.5901334881782532,-0.026337536051869392,0.25420352816581726,0.5706062912940979,-0.027781516313552856,0.29329222440719604,0.5863479971885681,-0.002611312549561262,0.3036428987979889,0.5444796085357666,-0.018344376236200333,0.2867826223373413,0.5798730254173279,-0.027757195755839348,0.27747586369514465,0.601421058177948,-0.03259102255105972,0.26463213562965393,0.5745522975921631,-0.0030518241692334414,0.2755742073059082,0.527311384677887,-0.020239567384123802,0.2623155117034912,0.5715852975845337,-0.025269025936722755,0.25505420565605164,0.5950383543968201,-0.023708341643214226,0.23640605807304382,0.5718717575073242,-0.00652215164154768,0.24173657596111298,0.5285040140151978,-0.02562939003109932,0.23690325021743774,0.5771639943122864,-0.02080659754574299,0.23273873329162598,0.6020815968513489,-0.011915243230760098,0.20535212755203247,0.5751395225524902,-0.011289919726550579,0.21215248107910156,0.5456423163414001,-0.02412245236337185,0.2131083458662033,0.5820700526237488,-0.017175571992993355,0.2119283676147461,0.6033603549003601,-0.008274010382592678
0.21794629096984863,0.7076717615127563,-1.7640017802023067e-07,0.2643051743507385,0.6927153468132019,-0.01618286222219467,0.3034824728965759,0.6466906666755676,-0.021711692214012146,0.2907543182373047,0.5911176204681396,-0.02631888911128044,0.2584924101829529,0.5727642774581909,-0.028373435139656067,0.29442596435546875,0.5880194902420044,-0.0024099736474454403,0.30608198046684265,0.5447627902030945,-0.018216978758573532,0.28961673378944397,0.575532078742981,-0.02889547124505043,0.2777789235115051,0.5990963578224182,-0.034374020993709564,0.2656470835208893,0.5755178928375244,-0.003009594278410077,0.2769998013973236,0.5276124477386475,-0.019233061000704765,0.2641063332557678,0.5656952261924744,-0.025605862960219383,0.25531572103500366,0.5902507305145264,-0.025436514988541603,0.23737098276615143,0.5723965764045715,-0.006573019549250603,0.24421927332878113,0.5293357968330383,-0.02447175793349743,0.23905441164970398,0.5741997957229614,-0.0210554338991642,0.23382073640823364,0.6005971431732178,-0.013547873124480247,0.20649583637714386,0.5758484601974487,-0.011543343774974346,0.21474191546440125,0.5463435053825378,-0.02374287322163582,0.21491745114326477,0.5807817578315735,-0.017421165481209755,0.21275314688682556,0.6030499339103699,-0.009247064590454102
0.21981564164161682,0.7073121666908264,-1.9432366116234334e-07,0.2664029002189636,0.6935583353042603,-0.016552314162254333,0.3065361976623535,0.6463829278945923,-0.021987436339259148,0.2930752635002136,0.5903221964836121,-0.026236334815621376,0.25969770550727844,0.5724152326583862,-0.02726588398218155,0.2982094883918762,0.5872207283973694,-0.0025813744869083166,0.30841195583343506,0.5454350709915161,-0.018530860543251038,0.291116863489151,0.5808207392692566,-0.02796543389558792,0.2812546193599701,0.6013035774230957,-0.03277519345283508,0.26951053738594055,0.574446976184845,-0.003203056287020445,0.27948880195617676,0.52813720703125,-0.020365849137306213,0.266374796628952,0.5720803141593933,-0.02523515187203884,0.2595556080341339,0.5927602648735046,-0.02361016348004341,0.2411663979291916,0.5712698698043823,-0.0069265044294297695,0.24644231796264648,0.5292116403579712,-0.02596130780875683,0.2414143681526184,0.5784844756126404,-0.020736614242196083,0.23769694566726685,0.6010349988937378,-0.011700281873345375,0.21014803647994995,0.5740026235580444,-0.012043438851833344,0.21728815138339996,0.5461576581001282,-0.024249713867902756,0.2175620198249817,0.5830631852149963,-0.016801781952381134,0.21626995503902435,0.6024611592292786,-0.007722222246229649
0.22273367643356323,0.710628092288971,-1.7382200212523458e-07,0.2685770094394684,0.6936852335929871,-0.0158113744109869,0.3072194755077362,0.6500270366668701,-0.021436702460050583,0.29465532302856445,0.595329999923706,-0.026355598121881485,0.263729989528656,0.5730763673782349,-0.028786443173885345,0.2987533211708069,0.5901021957397461,-0.0007905177189968526,0.30975836515426636,0.5475630164146423,-0.01663743145763874,0.29272985458374023,0.5774745345115662,-0.02761533297598362,0.2811805307865143,0.6010623574256897,-0.0332300178706646,0.27012181282043457,0.5777037739753723,-0.0015166717348620296,0.28111669421195984,0.5300814509391785,-0.018107015639543533,0.2676147222518921,0.5679036378860474,-0.02493453025817871,0.2590917944908142,0.5931780934333801,-0.02477460540831089,0.2417767494916916,0.5745667219161987,-0.005266815423965454,0.24779826402664185,0.5322209596633911,-0.02356758527457714,0.24232934415340424,0.5760886073112488,-0.020395919680595398,0.23760297894477844,0.6021403074264526,-0.01279472280293703,0.21049495041370392,0.5782511830329895,-0.010344293899834156,0.21843761205673218,0.5482308268547058,-0.02286567911505699,0.21816971898078918,0.582757830619812,-0.01643703132867813,0.21617625653743744,0.60536128282547,-0.007929706014692783
0.22415956854820251,0.7133606672286987,-1.6369267541449517e-07,0.2701784074306488,0.6958853006362915,-0.015683626756072044,0.3084397315979004,0.6515458226203918,-0.02124101109802723,0.2943265438079834,0.59783935546875,-0.026086069643497467,0.26228761672973633,0.5783397555351257,-0.028432166203856468,0.2995128035545349,0.5921262502670288,-0.0008937494712881744,0.31099244952201843,0.5499925017356873,-0.01636553928256035,0.2948366105556488,0.5800034403800964,-0.027132270857691765,0.28329887986183167,0.6028311848640442,-0.03270275890827179,0.2708719074726105,0.5796836614608765,-0.0016688426258042455,0.2822292149066925,0.5326863527297974,-0.017484769225120544,0.2694261372089386,0.5700461268424988,-0.02416800707578659,0.2606344223022461,0.5942941308021545,-0.024260422214865685,0.24256949126720428,0.5765858888626099,-0.005419797729700804,0.2489069551229477,0.5342143774032593,-0.022834554314613342,0.2440354824066162,0.5779056549072266,-0.0196632482111454,0.23903748393058777,0.6037112474441528,-0.012389382347464561,0.2113398164510727,0.5803638696670532,-0.010534477420151234,0.21947774291038513,0.5504560470581055,-0.02210322581231594,0.21991300582885742,0.5842328667640686,-0.015501480549573898,0.21785327792167664,0.6062931418418884,-0.007171216420829296
0.2242518663406372,0.7158025503158569,-1.7267431928758015e-07,0.2707356810569763,0.6991838216781616,-0.016376778483390808,0.30998700857162476,0.6551220417022705,-0.022177664563059807,0.2961924374103546,0.6004563570022583,-0.027129411697387695,0.2638762295246124,0.5804888606071472,-0.029422665014863014,0.3001301884651184,0.5950290560722351,-0.001240700134076178,0.3117727041244507,0.5520544052124023,-0.01754772663116455,0.29489219188690186,0.5825859308242798,-0.02853202074766159,0.28306645154953003,0.6056265830993652,-0.03407200425863266,0.27137690782546997,0.5829055309295654,-0.001882306532934308,0.28297433257102966,0.5350102782249451,-0.01894887164235115,0.2696343660354614,0.5741996169090271,-0.02570890448987484,0.2610180675983429,0.5989064574241638,-0.025385918095707893,0.24305984377861023,0.5799325108528137,-0.005636214278638363,0.24985350668430328,0.5370842814445496,-0.02427280694246292,0.24459333717823029,0.5820582509040833,-0.020845014601945877,0.23963844776153564,0.60756915807724,-0.012961775995790958,0.21175560355186462,0.5836925506591797,-0.010782020166516304,0.22012066841125488,0.5538524389266968,-0.023214615881443024,0.22022375464439392,0.588525116443634,-0.01655818335711956,0.21804529428482056,0.6103140115737915,-0.007913819514214993
0.22748173773288727,0.7183130979537964,-1.5841794720472535e-07,0.2728741466999054,0.7006956338882446,-0.015645526349544525,0.311336874961853,0.6586664915084839,-0.02172449603676796,0.29872095584869385,0.6052967309951782,-0.027112185955047607,0.26760005950927734,0.5842836499214172,-0.030175670981407166,0.30253472924232483,0.598893940448761,-0.0019514713203534484,0.3140110373497009,0.5560290217399597,-0.018170509487390518,0.2987106442451477,0.5855053067207336,-0.029404038563370705,0.28780490159988403,0.6089705228805542,-0.03521284833550453,0.27396389842033386,0.5867458581924438,-0.002965745981782675,0.28627505898475647,0.5392260551452637,-0.019552193582057953,0.2733412981033325,0.5762543082237244,-0.026643477380275726,0.2641318142414093,0.6007255911827087,-0.027000604197382927,0.24557501077651978,0.5837801694869995,-0.006889760494232178,0.252647340297699,0.540917158126831,-0.02525651827454567,0.24737165868282318,0.5845012664794922,-0.022203166037797928,0.24214409291744232,0.6102425456047058,-0.014909572899341583,0.21397221088409424,0.5876073837280273,-0.012094128876924515,0.2225058525800705,0.5576889514923096,-0.024698644876480103,0.22265800833702087,0.5914573669433594,-0.018300050869584084,0.22047322988510132,0.6133133172988892,-0.009981514886021614
0.2271566241979599,0.7255681753158569,-1.7014131969972368e-07,0.27217042446136475,0.7098941206932068,-0.016441892832517624,0.3124176859855652,0.6672437191009521,-0.02306659333407879,0.30267608165740967,0.6136618852615356,-0.028962694108486176,0.2716604769229889,0.5912712216377258,-0.03253160044550896,0.30275285243988037,0.6040210127830505,-0.003398146713152528,0.3152446746826172,0.5612691640853882,-0.020777570083737373,0.2986825108528137,0.5913709402084351,-0.032869674265384674,0.2852477729320526,0.6158916354179382,-0.03887997195124626,0.27395033836364746,0.5925014019012451,-0.004352189600467682,0.28662464022636414,0.5440124869346619,-0.02174907922744751,0.27428439259529114,0.5813149213790894,-0.029247038066387177,0.2644045948982239,0.6070722937583923,-0.029661746695637703,0.2453831434249878,0.5902036428451538,-0.00828946940600872,0.25331345200538635,0.5479001998901367,-0.02696968801319599,0.24855148792266846,0.5916848182678223,-0.02392446994781494,0.24242107570171356,0.6178625226020813,-0.016469759866595268,0.21398209035396576,0.5946845412254333,-0.01363716833293438,0.2238834649324417,0.5642111897468567,-0.02614913508296013,0.22439077496528625,0.5981635451316833,-0.019516106694936752,0.22136789560317993,0.620290219783783,-0.010990024544298649
0.23202572762966156,0.7372652292251587,-1.8155836301048112e-07,0.27904173731803894,0.7197269797325134,-0.015831775963306427,0.3157791793346405,0.6719422936439514,-0.020851396024227142,0.30005913972854614,0.617274284362793,-0.02496834099292755,0.2688289284706116,0.5971847772598267,-0.026604803279042244,0.3038208484649658,0.6124526858329773,-0.001452187541872263,0.31594595313072205,0.5686005353927612,-0.017518190667033195,0.2999412715435028,0.5995137095451355,-0.02797754667699337,0.2879077196121216,0.6234574317932129,-0.033133845776319504,0.27424946427345276,0.6011016964912415,-0.001969069940969348,0.28733810782432556,0.5513948202133179,-0.018456393852829933,0.27456796169281006,0.5915451049804688,-0.024648262187838554,0.26544222235679626,0.617089569568634,-0.024020208045840263,0.24531695246696472,0.5991842150688171,-0.0054882587864995,0.25351908802986145,0.5545470118522644,-0.024219414219260216,0.24890367686748505,0.6010009050369263,-0.02048592083156109,0.24345369637012482,0.6270887851715088,-0.012369157746434212,0.21374814212322235,0.6044085621833801,-0.010233513079583645,0.22311897575855255,0.5728927254676819,-0.023083942010998726,0.2245131880044937,0.6085954308509827,-0.01626455970108509,0.2226201444864273,0.630298376083374,-0.007472587749361992
0.22802165150642395,0.7351202368736267,-1.726465939100308e-07,0.273305207490921,0.7187227606773376,-0.01613854244351387,0.31306618452072144,0.6743585467338562,-0.022454146295785904,0.3027264177799225,0.6197942495346069,-0.027859756723046303,0.2723695635795593,0.5956590175628662,-0.03081047162413597,0.30199235677719116,0.6123020648956299,-0.0036483239382505417,0.31462904810905457,0.5681440830230713,-0.020646359771490097,0.2993841767311096,0.5992743968963623,-0.03204844892024994,0.28689172863960266,0.6234957575798035,-0.03768036141991615,0.2727035582065582,0.6006346940994263,-0.0044839028269052505,0.2855099141597748,0.5504104495048523,-0.02127765491604805,0.27428555488586426,0.5891776084899902,-0.02796786278486252,0.2649783790111542,0.6144384145736694,-0.027999576181173325,0.2438298463821411,0.598391592502594,-0.008235322311520576,0.2528826892375946,0.554029643535614,-0.02680365927517414,0.2490604817867279,0.5989610552787781,-0.023111561313271523,0.2429637908935547,0.6244844198226929,-0.015374228358268738,0.21219182014465332,0.6032809615135193,-0.013293066062033176,0.2226995974779129,0.5720637440681458,-0.026056136935949326,0.22382789850234985,0.6072338223457336,-0.019217761233448982,0.22078204154968262,0.6289843320846558,-0.010572381317615509
0.22661566734313965,0.7318755984306335,-1.636024933304725e-07,0.27169039845466614,0.7157431840896606,-0.01703011989593506,0.3119555711746216,0.6721930503845215,-0.02369147166609764,0.3015175759792328,0.6172865629196167,-0.02953065186738968,0.2701031267642975,0.594930112361908,-0.03290186822414398,0.3026377260684967,0.6085086464881897,-0.0019510614220052958,0.3142792880535126,0.5667461156845093,-0.019279396161437035,0.2985460162162781,0.5957608819007874,-0.03159288316965103,0.28625136613845825,0.6190577745437622,-0.0379280149936676,0.27379533648490906,0.5967111587524414,-0.0026908284053206444,0.2861890196800232,0.5498215556144714,-0.020280765369534492,0.2738645076751709,0.5876973867416382,-0.02803514152765274,0.2646932899951935,0.6122421026229858,-0.028558656573295593,0.2452152669429779,0.5944801568984985,-0.006611168850213289,0.25325751304626465,0.552187442779541,-0.025891687721014023,0.2486327439546585,0.5961431264877319,-0.023075437173247337,0.24300585687160492,0.6213451623916626,-0.015678957104682922,0.21364626288414001,0.5992622375488281,-0.011999459005892277,0.22352318465709686,0.5697817206382751,-0.025350475683808327,0.22398298978805542,0.6042345762252808,-0.019144708290696144,0.22128358483314514,0.6257160305976868,-0.01076094713062048
0.22944751381874084,0.7335187792778015,-1.6929762125528214e-07,0.27531763911247253,0.7180418372154236,-0.016187740489840508,0.31515857577323914,0.6706426739692688,-0.02197970822453499,0.3034897744655609,0.6150246262550354,-0.026784168556332588,0.27119359374046326,0.5956810712814331,-0.02881629951298237,0.30472397804260254,0.6111609935760498,-0.0025023524649441242,0.3158610463142395,0.5692793726921082,-0.01923462562263012,0.2997211813926697,0.6009400486946106,-0.03036460094153881,0.2877315282821655,0.6244543194770813,-0.03598031401634216,0.2752346992492676,0.5987132787704468,-0.0033259373158216476,0.28656235337257385,0.5515837073326111,-0.020311545580625534,0.275081992149353,0.5912258625030518,-0.026664618402719498,0.2664608657360077,0.6145975589752197,-0.02632274106144905,0.24632878601551056,0.5958519577980042,-0.007214679848402739,0.25409194827079773,0.5542734265327454,-0.02577684447169304,0.2500109374523163,0.5998557209968567,-0.021867310628294945,0.24448028206825256,0.6232839822769165,-0.013947414234280586,0.21491152048110962,0.5999420285224915,-0.012502213008701801,0.22493085265159607,0.5715731978416443,-0.02464013546705246,0.22556844353675842,0.6067180633544922,-0.017754536122083664,0.22277118265628815,0.6262224316596985,-0.00923499371856451
0.2052839696407318,0.7195319533348083,-1.5067847414229618e-07,0.25212061405181885,0.7003793716430664,-0.013950775377452374,0.2885901629924774,0.6618626117706299,-0.02001468650996685,0.2746012806892395,0.614858865737915,-0.02593824826180935,0.24345804750919342,0.5953912734985352,-0.02997126802802086,0.28037044405937195,0.603797972202301,-0.0018580578034743667,0.29271993041038513,0.5634921789169312,-0.017527732998132706,0.27629923820495605,0.5908620357513428,-0.029112692922353745,0.265328049659729,0.6150551438331604,-0.035226963460445404,0.25188517570495605,0.5918113589286804,-0.0030634512659162283,0.2625371217727661,0.5491439700126648,-0.018899763002991676,0.24917834997177124,0.5822381973266602,-0.026820676401257515,0.2410479485988617,0.6073368787765503,-0.028345869854092598,0.2245008647441864,0.5889612436294556,-0.006962704937905073,0.23080983757972717,0.5501182079315186,-0.02238776534795761,0.22493451833724976,0.5855177640914917,-0.02054303139448166,0.22012756764888763,0.6103817820549011,-0.01516593899577856,0.1952250897884369,0.5934293866157532,-0.012145266868174076,0.20101383328437805,0.5647327303886414,-0.021319473162293434,0.20020920038223267,0.5913913249969482,-0.015301154926419258,0.19796426594257355,0.6124386191368103,-0.008162080310285091
0.15584559738636017,0.7087399363517761,-1.7258084028526355e-07,0.19916938245296478,0.6907328367233276,-0.016005095094442368,0.2345336675643921,0.6511664390563965,-0.022362884134054184,0.2192266583442688,0.6061465740203857,-0.02794317528605461,0.1883750706911087,0.5867385864257812,-0.030733082443475723,0.22951683402061462,0.5934546589851379,-0.0036229565739631653,0.23508498072624207,0.5541890263557434,-0.02072661556303501,0.22103707492351532,0.5890095233917236,-0.031452663242816925,0.21578490734100342,0.6121399402618408,-0.03668838366866112,0.20076432824134827,0.5826247930526733,-0.003768016118556261,0.2040846198797226,0.5401127338409424,-0.021594064310193062,0.19196870923042297,0.5798989534378052,-0.02734469808638096,0.18917833268642426,0.6048069596290588,-0.02655074931681156,0.173208549618721,0.5813922882080078,-0.00710778683423996,0.17238016426563263,0.5435221195220947,-0.024001900106668472,0.16732560098171234,0.581497848033905,-0.019799500703811646,0.16743104159832,0.6043702960014343,-0.012301456183195114,0.14481058716773987,0.5874446034431458,-0.011970849707722664,0.14421571791172028,0.5616458058357239,-0.021178768947720528,0.14406046271324158,0.5877259373664856,-0.014510160312056541,0.1459827572107315,0.6062064170837402,-0.006599460728466511
0.09506575018167496,0.7240975499153137,-1.735500063659856e-07,0.13734619319438934,0.6991541385650635,-0.018749624490737915,0.16524672508239746,0.6501643061637878,-0.027129748836159706,0.13768503069877625,0.6047655344009399,-0.0345640629529953,0.10136954486370087,0.5923673510551453,-0.03859187290072441,0.16054892539978027,0.5954903960227966,-0.006642807275056839,0.15560129284858704,0.553992509841919,-0.02561984397470951,0.1428455412387848,0.5923420786857605,-0.03670116141438484,0.14202502369880676,0.615085244178772,-0.042262963950634,0.1288594901561737,0.5900889039039612,-0.006443668622523546,0.12509064376354218,0.5482231974601746,-0.028073925524950027,0.11571915447711945,0.5905116200447083,-0.034683551639318466,0.11683058738708496,0.6131837964057922,-0.03355906158685684,0.10011909157037735,0.5933472514152527,-0.009731189347803593,0.09214130789041519,0.5510122776031494,-0.031099364161491394,0.09102050960063934,0.592225193977356,-0.028021667152643204,0.09615892171859741,0.6154083609580994,-0.01995183527469635,0.07148966193199158,0.6025887131690979,-0.014607329852879047,0.06573683023452759,0.5761429667472839,-0.027626225724816322,0.06933906674385071,0.6031532883644104,-0.02271198481321335,0.07615172863006592,0.6217971444129944,-0.015070035122334957
0.17114228010177612,0.726966142654419,-1.294828138043158e-07,0.21435759961605072,0.7072781920433044,-0.017426297068595886,0.24851852655410767,0.6639079451560974,-0.02289198338985443,0.23168131709098816,0.6194521188735962,-0.0271755363792181,0.196193128824234,0.6055741310119629,-0.028173260390758514,0.2310212254524231,0.6034072041511536,-8.617123967269436e-05,0.23920810222625732,0.5727915167808533,-0.016571693122386932,0.2282898873090744,0.6096093058586121,-0.026940347626805305,0.22327621281147003,0.6267380714416504,-0.03215225413441658,0.20324337482452393,0.594702959060669,0.001141506596468389,0.20600920915603638,0.5617852210998535,-0.016256386414170265,0.19734126329421997,0.6012540459632874,-0.02317880652844906,0.19630862772464752,0.6185129284858704,-0.02311263047158718,0.1770283281803131,0.5949012637138367,-0.0012171582784503698,0.1745099127292633,0.5687462091445923,-0.01714472658932209,0.17254836857318878,0.6035395860671997,-0.01439107395708561,0.17494425177574158,0.6174374222755432,-0.008055880665779114,0.15021365880966187,0.6016227006912231,-0.0052530840039253235,0.14948955178260803,0.5827845931053162,-0.012143518775701523,0.15060874819755554,0.6068077683448792,-0.005390044767409563,0.15369614958763123,0.620914876461029,0.0022775200195610523
0.32870081067085266,0.7049921751022339,-1.5503678696404677e-07,0.3713066577911377,0.6913992166519165,-0.011196167208254337,0.40993160009384155,0.653274416923523,-0.016376709565520287,0.40827301144599915,0.6074240803718567,-0.022171473130583763,0.3792462944984436,0.5850690603256226,-0.026356974616646767,0.39821290969848633,0.5793189406394958,0.0006790190818719566,0.4152551293373108,0.5492293834686279,-0.014658519998192787,0.404572993516922,0.5799233913421631,-0.026098616421222687,0.3945960998535156,0.5991359949111938,-0.032092612236738205,0.3706628978252411,0.5691561698913574,-0.001742574735544622,0.3865136206150055,0.5350089073181152,-0.01623125560581684,0.37739652395248413,0.5730177164077759,-0.022382870316505432,0.3693404197692871,0.5939764380455017,-0.022956816479563713,0.3425159454345703,0.5673515796661377,-0.006750873755663633,0.3562037944793701,0.5362066030502319,-0.020655017346143723,0.35237669944763184,0.5737230777740479,-0.016546791419386864,0.34538450837135315,0.5938395857810974,-0.01022418960928917,0.31053438782691956,0.5724295377731323,-0.012895812280476093,0.3257479965686798,0.5463173985481262,-0.019948918372392654,0.32748568058013916,0.5749413967132568,-0.011606032960116863,0.32370954751968384,0.5939448475837708,-0.003144963411614299
0.43147140741348267,0.7043701410293579,-8.745726631786965e-08,0.4748285412788391,0.6963608860969543,-0.011573504656553268,0.5102631449699402,0.6658928990364075,-0.01849452219903469,0.5172562599182129,0.6258379220962524,-0.026991285383701324,0.4972666800022125,0.5945603847503662,-0.03450451418757439,0.4989805519580841,0.5870394110679626,0.001975606894120574,0.5170663595199585,0.5538181662559509,-0.015618600882589817,0.5158672332763672,0.5805886387825012,-0.029886621981859207,0.5092138051986694,0.6050413846969604,-0.03710966929793358,0.475532203912735,0.576810359954834,-0.00042278526234440506,0.49411189556121826,0.5437012314796448,-0.015754004940390587,0.49205198884010315,0.5781294703483582,-0.02481219545006752,0.4851744771003723,0.6008027791976929,-0.02813274785876274,0.448617160320282,0.5724490284919739,-0.005969922058284283,0.46666181087493896,0.5375454425811768,-0.02205229364335537,0.4682212471961975,0.5739571452140808,-0.021020574495196342,0.46157222986221313,0.5978304743766785,-0.016905752941966057,0.4170728027820587,0.5740217566490173,-0.01265666726976633,0.4365365207195282,0.5471823811531067,-0.02385585382580757,0.4410566985607147,0.5770475268363953,-0.01904270425438881,0.4360969066619873,0.598823070526123,-0.01301841251552105
0.3629637360572815,0.8183610439300537,-8.948921959017753e-08,0.4067842662334442,0.8061000108718872,-0.01622282899916172,0.45083028078079224,0.7765749096870422,-0.024274352937936783,0.4531960189342499,0.7323992848396301,-0.03200996667146683,0.4197344481945038,0.719316303730011,-0.03747246041893959,0.42701274156570435,0.6840903759002686,-0.004192252643406391,0.452725887298584,0.667331874370575,-0.020994694903492928,0.4447757303714752,0.7061211466789246,-0.033570531755685806,0.4349224269390106,0.7221842408180237,-0.04053584858775139,0.40334242582321167,0.6751213669776917,-0.004679962061345577,0.42888596653938293,0.6631166934967041,-0.020258678123354912,0.42219436168670654,0.7010828852653503,-0.027885623276233673,0.41285985708236694,0.7161840200424194,-0.03031367063522339,0.3788016140460968,0.6742841005325317,-0.008208313025534153,0.40337806940078735,0.6661297082901001,-0.021871255710721016,0.40131741762161255,0.6990100145339966,-0.020603423938155174,0.39400967955589294,0.7142799496650696,-0.01664930395781994,0.35141056776046753,0.679348886013031,-0.013504446484148502,0.3780665993690491,0.6694826483726501,-0.019282266497612,0.3810513913631439,0.6935936212539673,-0.013513618148863316,0.3768824338912964,0.7096775770187378,-0.007401343435049057
0.20000100135803223,0.7364886999130249,-8.977045951041873e-08,0.24444741010665894,0.7204455137252808,-0.014186019077897072,0.28188470005989075,0.6836926937103271,-0.020173395052552223,0.27340325713157654,0.6365075707435608,-0.02576494961977005,0.24687212705612183,0.6122309565544128,-0.029210537672042847,0.2745460271835327,0.6261580586433411,-0.002397025004029274,0.28648853302001953,0.5878793001174927,-0.01918361522257328,0.2746545076370239,0.6161893010139465,-0.030222183093428612,0.26790231466293335,0.6380661129951477,-0.03554684668779373,0.24738381803035736,0.6152892708778381,-0.003407697891816497,0.25783634185791016,0.5730020403862,-0.020452488213777542,0.24808062613010406,0.6060850024223328,-0.02750154212117195,0.24394108355045319,0.6283506751060486,-0.02800316922366619,0.21978312730789185,0.6131407022476196,-0.00735510466620326,0.22452889382839203,0.5765807032585144,-0.024616092443466187,0.22226324677467346,0.6115350723266602,-0.022343799471855164,0.22247347235679626,0.6337321400642395,-0.016133885830640793,0.18993575870990753,0.6174153089523315,-0.012472398579120636,0.1939297914505005,0.5911190509796143,-0.022674310952425003,0.19535641372203827,0.6168026328086853,-0.017048589885234833,0.1962297111749649,0.6352206468582153,-0.009817099198698997
0.18071842193603516,0.6407191157341003,-1.7321667655778583e-07,0.2276652306318283,0.6290072202682495,-0.015170805156230927,0.2643207907676697,0.5896410942077637,-0.021017180755734444,0.24995703995227814,0.5347799062728882,-0.0263606496155262,0.2190917283296585,0.5147162675857544,-0.028519006446003914,0.26280683279037476,0.5431215167045593,-0.0019478446338325739,0.27033138275146484,0.4971490800380707,-0.019530819728970528,0.2503441870212555,0.5278563499450684,-0.029228821396827698,0.24389253556728363,0.5506893992424011,-0.03348439931869507,0.23544541001319885,0.5303728580474854,-0.0026230348739773035,0.24143202602863312,0.48291218280792236,-0.022414298728108406,0.22576941549777985,0.5219646692276001,-0.027019519358873367,0.22347894310951233,0.5464096069335938,-0.02436210587620735,0.209006667137146,0.5258344411849976,-0.006602691952139139,0.21143841743469238,0.4799415171146393,-0.027653783559799194,0.20309790968894958,0.5242023468017578,-0.022774334996938705,0.20295022428035736,0.5511218905448914,-0.01298370212316513,0.18110200762748718,0.5265858173370361,-0.011861922219395638,0.18435557186603546,0.49709224700927734,-0.02529670111835003,0.18166744709014893,0.5300685167312622,-0.019404279068112373,0.18195123970508575,0.5532190203666687,-0.010797572322189808
0.16324137151241302,0.6328064799308777,-1.99409782908333e-07,0.20599089562892914,0.6216680407524109,-0.014390679076313972,0.2386970818042755,0.5853967070579529,-0.019889142364263535,0.22401754558086395,0.5337172150611877,-0.02508442848920822,0.19608306884765625,0.5120336413383484,-0.02715468779206276,0.2414417564868927,0.5423093438148499,-0.0018710378790274262,0.24841350317001343,0.49371641874313354,-0.018983108922839165,0.2289995402097702,0.5227004885673523,-0.028750404715538025,0.22236773371696472,0.5473871827125549,-0.03303570672869682,0.21582788228988647,0.5295115113258362,-0.002509242855012417,0.22333021461963654,0.481773316860199,-0.021926380693912506,0.20679010450839996,0.5181434750556946,-0.02713751420378685,0.20255468785762787,0.5434390306472778,-0.02503090538084507,0.19073434174060822,0.5241725444793701,-0.006318477913737297,0.19204260408878326,0.47970330715179443,-0.026447897776961327,0.18370376527309418,0.5200585722923279,-0.022675925865769386,0.18311643600463867,0.5471792221069336,-0.013821441680192947,0.1641058772802353,0.5239500403404236,-0.011343291029334068,0.1661086231470108,0.49468016624450684,-0.02435450069606304,0.16325534880161285,0.5234168767929077,-0.019470494240522385,0.16325002908706665,0.5459232926368713,-0.011697646230459213
0.1611464023590088,0.650814414024353,-1.621605747459398e-07,0.20561380684375763,0.6355897784233093,-0.013009430840611458,0.23905329406261444,0.5967790484428406,-0.017705189064145088,0.2247210592031479,0.5462943315505981,-0.02265164814889431,0.19248993694782257,0.5320096015930176,-0.024917317554354668,0.23972782492637634,0.5526530742645264,0.002266651252284646,0.2468351125717163,0.5082361698150635,-0.012798916548490524,0.22930598258972168,0.5357722043991089,-0.02277241460978985,0.22222056984901428,0.5596225261688232,-0.027769407257437706,0.21401022374629974,0.5408943891525269,0.0009148947428911924,0.2202477753162384,0.4966084361076355,-0.01712009869515896,0.20627593994140625,0.5320765376091003,-0.023827994242310524,0.20117893815040588,0.5581032633781433,-0.022999387234449387,0.18873052299022675,0.5371347069740295,-0.0034305723384022713,0.18947777152061462,0.4949624538421631,-0.022277511656284332,0.18331138789653778,0.5361891984939575,-0.020234525203704834,0.18180319666862488,0.5647377371788025,-0.012772934511303902,0.16154201328754425,0.5392391085624695,-0.008969945833086967,0.16366800665855408,0.5126916766166687,-0.02127818763256073,0.16301608085632324,0.5420644879341125,-0.0172417052090168,0.16383472084999084,0.5649421215057373,-0.010302465409040451
0.17884716391563416,0.6445187926292419,-1.8370161569691845e-07,0.22376029193401337,0.6311836838722229,-0.01250050775706768,0.25723856687545776,0.591398298740387,-0.01675492152571678,0.24231599271297455,0.5396248698234558,-0.021145058795809746,0.2099907547235489,0.5244935154914856,-0.022362256422638893,0.255838543176651,0.5485867261886597,0.0012683178065344691,0.26478976011276245,0.5029724836349487,-0.01457148790359497,0.24794700741767883,0.5351783633232117,-0.023470208048820496,0.2422913759946823,0.5569589138031006,-0.027562567964196205,0.23051974177360535,0.5369817614555359,-0.0003387478063814342,0.23874782025814056,0.49292266368865967,-0.018390346318483353,0.22474153339862823,0.5333145260810852,-0.023063860833644867,0.2204793095588684,0.5543839335441589,-0.02099190466105938,0.2053871750831604,0.532509446144104,-0.004979656543582678,0.20752887427806854,0.489295095205307,-0.024365460500121117,0.20067556202411652,0.5350039601325989,-0.01969318464398384,0.19913257658481598,0.5598865747451782,-0.01049201749265194,0.17796602845191956,0.5327695608139038,-0.010718296281993389,0.18148663640022278,0.5051224231719971,-0.02258387580513954,0.18062852323055267,0.5372704267501831,-0.016516435891389847,0.1807023584842682,0.5579555034637451,-0.008252530358731747
0.18220022320747375,0.6627787947654724,-1.9143773499763483e-07,0.22843356430530548,0.6496670842170715,-0.013115664944052696,0.2626340687274933,0.60654217004776,-0.01681903563439846,0.2472374439239502,0.552520751953125,-0.020427415147423744,0.2138414978981018,0.5375438332557678,-0.021104132756590843,0.25919046998023987,0.5601199269294739,0.0020963260903954506,0.2671722173690796,0.5149123072624207,-0.012639868073165417,0.2507200539112091,0.5474094748497009,-0.0214249175041914,0.2441284954547882,0.5693110227584839,-0.02564789168536663,0.23298484086990356,0.548803985118866,0.0010660206899046898,0.24062684178352356,0.5041656494140625,-0.01601281203329563,0.2271054983139038,0.5445804595947266,-0.02099398709833622,0.22203519940376282,0.5666112899780273,-0.01920200325548649,0.20682869851589203,0.5453569293022156,-0.002943716710433364,0.2089824080467224,0.5021395087242126,-0.021999171003699303,0.20286217331886292,0.5479760766029358,-0.01793810725212097,0.20049628615379333,0.5737034678459167,-0.00916032399982214,0.17797987163066864,0.5469121336936951,-0.008030594326555729,0.18257513642311096,0.5180944204330444,-0.020477572456002235,0.18181122839450836,0.5509340763092041,-0.014645653776824474,0.1809033453464508,0.5728541016578674,-0.006406249478459358
0.17775383591651917,0.6696377396583557,-1.6438036709587323e-07,0.22497466206550598,0.6547898650169373,-0.013596083968877792,0.2588045299053192,0.6104389429092407,-0.017594339326024055,0.2433622181415558,0.5563649535179138,-0.02159549854695797,0.20926666259765625,0.5435685515403748,-0.02313828468322754,0.25401970744132996,0.5614184141159058,0.0028622180689126253,0.2606663107872009,0.5177356004714966,-0.011463142931461334,0.24510827660560608,0.5462415218353271,-0.02137744426727295,0.23775790631771088,0.5696664452552795,-0.02652735263109207,0.22748547792434692,0.5506951808929443,0.0019462297204881907,0.23378953337669373,0.5061971545219421,-0.014574305154383183,0.22205182909965515,0.5421221256256104,-0.021039145067334175,0.21691633760929108,0.5669084191322327,-0.020541071891784668,0.2012835592031479,0.5483756065368652,-0.0019761663861572742,0.2022934854030609,0.5054702758789062,-0.020374111831188202,0.19801382720470428,0.548678457736969,-0.018132012337446213,0.19610795378684998,0.5769569277763367,-0.010843588970601559,0.17254643142223358,0.5519561767578125,-0.007109492551535368,0.17630600929260254,0.5236042737960815,-0.019734151661396027,0.17716701328754425,0.5554925203323364,-0.015273436903953552,0.17756256461143494,0.579012930393219,-0.008119979873299599
0.1746116280555725,0.6808131337165833,-1.7589682954621821e-07,0.22060029208660126,0.6647853255271912,-0.01502039935439825,0.25527238845825195,0.6202157139778137,-0.01986175775527954,0.2392873764038086,0.5667316317558289,-0.024353161454200745,0.20480802655220032,0.5527036786079407,-0.025911470875144005,0.2510286867618561,0.5685718059539795,0.0016978955827653408,0.2556217610836029,0.5263692140579224,-0.013580452650785446,0.23944008350372314,0.557945191860199,-0.02356443554162979,0.23360398411750793,0.5800868272781372,-0.028778623789548874,0.22373270988464355,0.5577109456062317,0.0010231492342427373,0.22785593569278717,0.5152634382247925,-0.01666273921728134,0.21585659682750702,0.5545993447303772,-0.022712454199790955,0.21231845021247864,0.577524721622467,-0.0216765608638525,0.19709335267543793,0.55588299036026,-0.0028731869533658028,0.196456640958786,0.5151180624961853,-0.022322820499539375,0.19212670624256134,0.5595955848693848,-0.01922481320798397,0.1913227140903473,0.5853831768035889,-0.011191618628799915,0.16833807528018951,0.5604094862937927,-0.008102813735604286,0.17082412540912628,0.5338966846466064,-0.021249281242489815,0.17099544405937195,0.5663634538650513,-0.016285207122564316,0.17148618400096893,0.588021993637085,-0.008557516150176525
0.17917948961257935,0.685126781463623,-1.8159927606120618e-07,0.2226901650428772,0.6687818765640259,-0.014363433234393597,0.25744229555130005,0.6270540356636047,-0.019805481657385826,0.2420744001865387,0.5768332481384277,-0.024749064818024635,0.2102697640657425,0.5613546371459961,-0.027124689891934395,0.25302863121032715,0.574478030204773,-0.002657207427546382,0.26014822721481323,0.5323603749275208,-0.017238780856132507,0.24383054673671722,0.5641010999679565,-0.02610151842236519,0.23684626817703247,0.586528480052948,-0.030625570565462112,0.225327268242836,0.5638546347618103,-0.0035674923565238714,0.23281274735927582,0.5198014974594116,-0.0199174415320158,0.21928448975086212,0.5596973896026611,-0.024798203259706497,0.21387429535388947,0.5835501551628113,-0.02341236174106598,0.1985127180814743,0.5619262456893921,-0.007129649631679058,0.20091380178928375,0.5192689895629883,-0.024820206686854362,0.19583868980407715,0.5623704791069031,-0.020915145054459572,0.1938220113515854,0.5879625082015991,-0.01295001246035099,0.1694483458995819,0.5660222768783569,-0.011847367510199547,0.1737751066684723,0.5367737412452698,-0.023471947759389877,0.17441058158874512,0.5678955316543579,-0.017340896651148796,0.17444294691085815,0.5896353125572205,-0.009212163276970387
0.1796187460422516,0.6936072111129761,-1.792094650454601e-07,0.22446087002754211,0.6799583435058594,-0.01539013721048832,0.25964826345443726,0.6391910910606384,-0.020662711933255196,0.2443789541721344,0.5893321633338928,-0.025141844525933266,0.2137923389673233,0.5726401805877686,-0.027232857421040535,0.25424131751060486,0.5844705104827881,-0.003094454761594534,0.26258614659309387,0.5437437891960144,-0.01793047972023487,0.24552512168884277,0.5727868676185608,-0.027247222140431404,0.23694565892219543,0.5955573916435242,-0.03201163560152054,0.22651566565036774,0.5727484226226807,-0.003382472787052393,0.23481367528438568,0.5286823511123657,-0.020002081990242004,0.22041825950145721,0.5661506652832031,-0.025617703795433044,0.21440812945365906,0.5907289385795593,-0.024593660607933998,0.1997266709804535,0.5701761841773987,-0.006432258524000645,0.20250266790390015,0.5286886096000671,-0.024259096011519432,0.19706881046295166,0.5694178938865662,-0.021382752805948257,0.19526273012161255,0.594699501991272,-0.014056314714252949,0.1709468811750412,0.5741868019104004,-0.010716168209910393,0.17505836486816406,0.5456237196922302,-0.02265646867454052,0.17559200525283813,0.5754296183586121,-0.017258942127227783,0.17605368793010712,0.5966950058937073,-0.009634645655751228
0.1771567463874817,0.6975318193435669,-1.8015752800693008e-07,0.2224801480770111,0.6836632490158081,-0.014929999597370625,0.2588725686073303,0.639549732208252,-0.01957640051841736,0.24433131515979767,0.5875521302223206,-0.023566823452711105,0.21187551319599152,0.5733997821807861,-0.025126511231064796,0.25257086753845215,0.5838357210159302,-0.0013041853671893477,0.26141855120658875,0.5433610081672668,-0.015849336981773376,0.24421247839927673,0.5723056793212891,-0.02507486753165722,0.23528681695461273,0.5944223403930664,-0.029927603900432587,0.22468973696231842,0.5722377300262451,-0.0021564438939094543,0.23286840319633484,0.5280573964118958,-0.019097575917840004,0.21838562190532684,0.567158579826355,-0.024797141551971436,0.2124965786933899,0.5921857357025146,-0.023537395521998405,0.19773012399673462,0.5698882341384888,-0.00584820844233036,0.20040227472782135,0.5289785861968994,-0.023870794102549553,0.19505077600479126,0.5714752674102783,-0.02092055045068264,0.19350126385688782,0.5967387557029724,-0.013395601883530617,0.16863936185836792,0.5739713311195374,-0.01081104390323162,0.1728113442659378,0.5464202761650085,-0.022641636431217194,0.17311811447143555,0.5778412818908691,-0.017121776938438416,0.17383460700511932,0.598762571811676,-0.009440799243748188
0.18182256817817688,0.6903374791145325,-1.699727931736561e-07,0.2271529883146286,0.6746311783790588,-0.013463173992931843,0.26255032420158386,0.6334351897239685,-0.01794605329632759,0.24901972711086273,0.5824151635169983,-0.0220880638808012,0.21817366778850555,0.567872166633606,-0.024236852303147316,0.25568071007728577,0.5801174640655518,-0.0012691678712144494,0.2653922438621521,0.5386756658554077,-0.014841255731880665,0.24920779466629028,0.5659936666488647,-0.024023212492465973,0.2397126853466034,0.5887832641601562,-0.028924956917762756,0.22838769853115082,0.5687442421913147,-0.0024493099190294743,0.2377159744501114,0.5228021740913391,-0.017514944076538086,0.22403182089328766,0.5581313967704773,-0.02336222678422928,0.2167617529630661,0.583538293838501,-0.022952865809202194,0.20188243687152863,0.5661505460739136,-0.006119064521044493,0.20560643076896667,0.5237562656402588,-0.022460047155618668,0.20031538605690002,0.5632744431495667,-0.020077044144272804,0.1972765326499939,0.5894472002983093,-0.013494149781763554,0.17303705215454102,0.5699537396430969,-0.010908509604632854,0.17812275886535645,0.5401232838630676,-0.021783921867609024,0.1785321682691574,0.5697913765907288,-0.016337165609002113,0.17807124555110931,0.5921337008476257,-0.009044340811669827
0.18278777599334717,0.6947511434555054,-1.7975300181660714e-07,0.22841066122055054,0.6795665621757507,-0.014436650089919567,0.26433712244033813,0.6360053420066833,-0.019061671569943428,0.24947664141654968,0.583571195602417,-0.023110728710889816,0.21721217036247253,0.5687706470489502,-0.02474905177950859,0.25734999775886536,0.5818602442741394,-0.0010724799940362573,0.2672867178916931,0.5395004749298096,-0.015331514179706573,0.2513725757598877,0.5690312385559082,-0.02444840781390667,0.24229201674461365,0.5915854573249817,-0.029214438050985336,0.2295423299074173,0.5703626871109009,-0.0019672757480293512,0.23848219215869904,0.5247038006782532,-0.01800241693854332,0.2249889373779297,0.5639116764068604,-0.023587454110383987,0.21849437057971954,0.5882300138473511,-0.022642921656370163,0.20246240496635437,0.5678244829177856,-0.005608194507658482,0.20605818927288055,0.525374710559845,-0.023024460300803185,0.20114602148532867,0.568136990070343,-0.019777357578277588,0.19853968918323517,0.5930956602096558,-0.012301528826355934,0.17275942862033844,0.5713486671447754,-0.01044688280671835,0.17826588451862335,0.5419926047325134,-0.02180938422679901,0.1789572834968567,0.5735453367233276,-0.015797844156622887,0.17875337600708008,0.594682514667511,-0.007913067005574703
0.1821894496679306,0.6909031867980957,-1.8531515877384663e-07,0.22821389138698578,0.6755106449127197,-0.014334606938064098,0.2648697793483734,0.63153076171875,-0.018905987963080406,0.25053831934928894,0.5790703296661377,-0.022986875846982002,0.21732424199581146,0.5667925477027893,-0.024473119527101517,0.25744566321372986,0.5783109068870544,-0.0010366468923166394,0.2671279311180115,0.5357640981674194,-0.015168539248406887,0.2501099705696106,0.567046582698822,-0.023817196488380432,0.24160414934158325,0.5884018540382385,-0.02833256497979164,0.22977250814437866,0.5672339200973511,-0.002044979715719819,0.23832373321056366,0.5216509103775024,-0.018316904082894325,0.22455504536628723,0.5621113181114197,-0.023388387635350227,0.21880821883678436,0.5857962369918823,-0.02199780009686947,0.20292046666145325,0.564755380153656,-0.005821232683956623,0.2071353793144226,0.5212154388427734,-0.022998733446002007,0.20212163031101227,0.5642004013061523,-0.01923089288175106,0.19945523142814636,0.5890922546386719,-0.011393271386623383,0.17367413640022278,0.567933976650238,-0.010869542136788368,0.1798381358385086,0.5380352139472961,-0.021657705307006836,0.1805759072303772,0.5693268775939941,-0.015479899942874908,0.1799340546131134,0.5907059907913208,-0.007552658673375845
0.17983974516391754,0.6958510279655457,-1.712448778334874e-07,0.2238447517156601,0.681499719619751,-0.014876079745590687,0.25990110635757446,0.639438271522522,-0.01995595544576645,0.24659991264343262,0.5887323021888733,-0.024425022304058075,0.2152443528175354,0.5740931034088135,-0.026725737378001213,0.25321224331855774,0.5830175280570984,-0.0026765919756144285,0.26278865337371826,0.5408235788345337,-0.017611779272556305,0.24640610814094543,0.5688134431838989,-0.02740517072379589,0.23610089719295502,0.5926068425178528,-0.03237040713429451,0.2252771109342575,0.5714885592460632,-0.0034928370732814074,0.23390063643455505,0.5266799926757812,-0.019751613959670067,0.22011034190654755,0.5627403855323792,-0.025921713560819626,0.2130245715379715,0.5873228907585144,-0.02542099915444851,0.19824208319187164,0.5693281292915344,-0.007027496583759785,0.20135776698589325,0.5287518501281738,-0.02423997037112713,0.1965525895357132,0.5686956644058228,-0.021887749433517456,0.1942957043647766,0.5936478972434998,-0.015164383687078953,0.1690392792224884,0.5737883448600769,-0.011808276176452637,0.1735222190618515,0.5455461740493774,-0.02319311536848545,0.1745152473449707,0.5753620862960815,-0.01778566651046276,0.1750798523426056,0.5962560772895813,-0.01035790890455246
0.1833934485912323,0.7046643495559692,-1.653001788781694e-07,0.22752462327480316,0.6882368326187134,-0.01614343747496605,0.2631779611110687,0.6442354321479797,-0.02175617776811123,0.24703775346279144,0.5946828126907349,-0.026352468878030777,0.21523073315620422,0.5802635550498962,-0.028420986607670784,0.2539339065551758,0.5864219069480896,-0.0031838605646044016,0.2625674605369568,0.5468929409980774,-0.018654685467481613,0.24773262441158295,0.5776567459106445,-0.028404369950294495,0.23887404799461365,0.6000848412513733,-0.033326391130685806,0.22522413730621338,0.5758441686630249,-0.0035008853301405907,0.23306065797805786,0.5326341390609741,-0.020016541704535484,0.2209637314081192,0.5724838972091675,-0.025616485625505447,0.21510039269924164,0.5949785709381104,-0.02473215013742447,0.19768205285072327,0.5744875073432922,-0.006744071841239929,0.20045800507068634,0.5345302224159241,-0.024626683443784714,0.19691500067710876,0.5774991512298584,-0.02105487510561943,0.1952073574066162,0.6003405451774597,-0.013448639772832394,0.16799362003803253,0.5795920491218567,-0.011307434178888798,0.1728685200214386,0.5515055656433105,-0.022720957174897194,0.17407114803791046,0.5832181572914124,-0.016106801107525826,0.17408975958824158,0.60251384973526,-0.0077975234016776085
0.17915071547031403,0.7122968435287476,-1.7219016967828793e-07,0.22308091819286346,0.694057047367096,-0.017269212752580643,0.2593783736228943,0.6504858136177063,-0.023806296288967133,0.24266819655895233,0.6012758612632751,-0.029215773567557335,0.21093221008777618,0.5834755897521973,-0.031988706439733505,0.2509344220161438,0.5926070213317871,-0.004226658493280411,0.259503573179245,0.5524718761444092,-0.020552346482872963,0.242701917886734,0.583390474319458,-0.030913162976503372,0.23298072814941406,0.6062865257263184,-0.03607366606593132,0.22190751135349274,0.5816400647163391,-0.004261926282197237,0.23059290647506714,0.5379424691200256,-0.02189035341143608,0.2166576236486435,0.5771602988243103,-0.028145253658294678,0.20989729464054108,0.6015929579734802,-0.027393797412514687,0.1941235512495041,0.5797953009605408,-0.0073325494304299355,0.19739115238189697,0.539844274520874,-0.02587229199707508,0.19278383255004883,0.5822216272354126,-0.022754894569516182,0.19075274467468262,0.6073985695838928,-0.015145765617489815,0.1643916517496109,0.5845733284950256,-0.011818167753517628,0.16947908699512482,0.5565844774246216,-0.023776907473802567,0.1702636182308197,0.5876272320747375,-0.017544837668538094,0.17032018303871155,0.6082829236984253,-0.00922333262860775
0.1784271001815796,0.7157184481620789,-1.7243863226212852e-07,0.22389526665210724,0.6976944804191589,-0.01608256995677948,0.2602542042732239,0.654212474822998,-0.02203473635017872,0.24319684505462646,0.6035535335540771,-0.027189314365386963,0.21065254509449005,0.589280903339386,-0.029844416305422783,0.2521257996559143,0.5967217683792114,-0.0029234231915324926,0.26016122102737427,0.5562134981155396,-0.018249044194817543,0.24422766268253326,0.5870073437690735,-0.028145480901002884,0.2353968620300293,0.6099268198013306,-0.03334302827715874,0.22358736395835876,0.5860180258750916,-0.0035509769804775715,0.23124489188194275,0.5417839884757996,-0.02032441273331642,0.21811959147453308,0.580922544002533,-0.026333127170801163,0.2120840698480606,0.6051311492919922,-0.02572277933359146,0.19615814089775085,0.5844536423683167,-0.007110573351383209,0.19856294989585876,0.5427730083465576,-0.024729860946536064,0.19438879191875458,0.5849078297615051,-0.021714726462960243,0.19271354377269745,0.609689474105835,-0.014513526111841202,0.1666434407234192,0.5894108414649963,-0.01206097099930048,0.17075607180595398,0.5603686571121216,-0.023224208503961563,0.1721821129322052,0.5908116102218628,-0.017186250537633896,0.1727842390537262,0.6110904812812805,-0.009359109215438366
0.17689231038093567,0.7223669290542603,-1.783893708307005e-07,0.22128628194332123,0.7059450149536133,-0.017146840691566467,0.25828343629837036,0.6622676253318787,-0.02359222248196602,0.24195992946624756,0.6116894483566284,-0.028980256989598274,0.20954541862010956,0.5941951274871826,-0.031608548015356064,0.25079798698425293,0.6044962406158447,-0.004367642570286989,0.2587887644767761,0.5633567571640015,-0.02081853710114956,0.24253346025943756,0.5954422950744629,-0.030838750302791595,0.2336352914571762,0.6176225543022156,-0.03588492050766945,0.2218797653913498,0.5934684872627258,-0.004646013956516981,0.22926819324493408,0.5487631559371948,-0.022862283512949944,0.21617868542671204,0.590196430683136,-0.0289241224527359,0.21054835617542267,0.6136976480484009,-0.02796497941017151,0.19425106048583984,0.5918028354644775,-0.007979857735335827,0.19677266478538513,0.549555242061615,-0.0269940085709095,0.1926935464143753,0.593040943145752,-0.023666102439165115,0.191176176071167,0.61686110496521,-0.015905968844890594,0.16467976570129395,0.5964573621749878,-0.012726958841085434,0.16863273084163666,0.5675051212310791,-0.02485940419137478,0.17011423408985138,0.5987392663955688,-0.01883699744939804,0.1710384339094162,0.6183053255081177,-0.010758048854768276
0.1747041642665863,0.7254108786582947,-1.975921577468398e-07,0.21914556622505188,0.7105832099914551,-0.01667545735836029,0.25703921914100647,0.667859673500061,-0.02300921268761158,0.24218465387821198,0.6173473596572876,-0.02826097048819065,0.21114909648895264,0.5968954563140869,-0.03067036345601082,0.2491716891527176,0.6082216501235962,-0.005529884714633226,0.2569839358329773,0.566820502281189,-0.02244543470442295,0.2405311018228531,0.600976824760437,-0.03201361000537872,0.23194879293441772,0.6229436993598938,-0.03662758693099022,0.21978440880775452,0.5973297357559204,-0.006030608434230089,0.22744916379451752,0.552479088306427,-0.024724116548895836,0.21427984535694122,0.5958566665649414,-0.030039366334676743,0.20871472358703613,0.6186342835426331,-0.028475936502218246,0.19189441204071045,0.5955304503440857,-0.009501274675130844,0.19424881041049957,0.5544188618659973,-0.02907068282365799,0.19019223749637604,0.5994808673858643,-0.024681750684976578,0.18893571197986603,0.6221433281898499,-0.016136424615979195,0.1620844304561615,0.5997295379638672,-0.014282165095210075,0.16595664620399475,0.5713250637054443,-0.026553235948085785,0.1675010472536087,0.6036064028739929,-0.01978316530585289,0.16870304942131042,0.62249755859375,-0.011114835739135742
0.1748165488243103,0.7311514616012573,-1.91493512602392e-07,0.21868540346622467,0.7168198823928833,-0.017980385571718216,0.2566290497779846,0.6721500754356384,-0.024776672944426537,0.24048037827014923,0.6207119822502136,-0.030137013643980026,0.20717954635620117,0.602433443069458,-0.03233752399682999,0.24797551333904266,0.6120742559432983,-0.00620187446475029,0.25572389364242554,0.571475088596344,-0.023198945447802544,0.23931089043617249,0.608264148235321,-0.0324893556535244,0.23118939995765686,0.629618763923645,-0.03697695583105087,0.21834571659564972,0.6011912822723389,-0.00614504050463438,0.225700244307518,0.5581636428833008,-0.024681249633431435,0.212900310754776,0.6042702794075012,-0.02941846288740635,0.207810178399086,0.6246335506439209,-0.027444589883089066,0.19015946984291077,0.5998231172561646,-0.009181655943393707,0.1923338770866394,0.5599697232246399,-0.029025042429566383,0.18858790397644043,0.6075204610824585,-0.023758631199598312,0.18740668892860413,0.6281546354293823,-0.014555437490344048,0.16005180776119232,0.6043975353240967,-0.013602716848254204,0.16441763937473297,0.5769016146659851,-0.02564406208693981,0.1656406670808792,0.6107330918312073,-0.017853273078799248,0.16604411602020264,0.628339946269989,-0.008444302715361118
0.17475572228431702,0.7360893487930298,-1.7419550601971423e-07,0.21864230930805206,0.7207799553871155,-0.0173761285841465,0.25661665201187134,0.6782042384147644,-0.02438698709011078,0.2432362288236618,0.6271018385887146,-0.030212856829166412,0.2127351462841034,0.6048769354820251,-0.03357527405023575,0.24833998084068298,0.6160523891448975,-0.006496489513665438,0.2568843364715576,0.5753713846206665,-0.02322920225560665,0.24199795722961426,0.6081089973449707,-0.03383680805563927,0.2325187623500824,0.631844699382782,-0.03925032168626785,0.21876145899295807,0.6047762632369995,-0.006718744523823261,0.22764423489570618,0.5600221157073975,-0.024664266034960747,0.2151591181755066,0.6008024215698242,-0.031260669231414795,0.2075711488723755,0.6259405612945557,-0.030928440392017365,0.19048760831356049,0.6032557487487793,-0.009766682051122189,0.19363516569137573,0.5625439882278442,-0.028636129572987556,0.19036877155303955,0.6060349345207214,-0.025586694478988647,0.18811604380607605,0.6311836838722229,-0.018249988555908203,0.16011300683021545,0.6085885167121887,-0.014152126386761665,0.16450123488903046,0.5806072950363159,-0.026880726218223572,0.16679376363754272,0.6123164892196655,-0.020955750718712807,0.1677832007408142,0.6325580477714539,-0.012883459217846394
0.17504486441612244,0.74076247215271,-2.0328785410583805e-07,0.2192566990852356,0.7260172367095947,-0.018244965001940727,0.2582244575023651,0.6809775829315186,-0.025012090802192688,0.24274040758609772,0.6298766136169434,-0.03030983917415142,0.21093453466892242,0.6086805462837219,-0.03240392357110977,0.24907031655311584,0.6191236972808838,-0.006184395402669907,0.256756454706192,0.5774839520454407,-0.023908071219921112,0.2408229410648346,0.6148293614387512,-0.03349452093243599,0.23291872441768646,0.6363550424575806,-0.037933509796857834,0.21913869678974152,0.6082575917243958,-0.006064801011234522,0.22678032517433167,0.5636492967605591,-0.025390278548002243,0.2139386236667633,0.6109415888786316,-0.030391497537493706,0.20857295393943787,0.6319675445556641,-0.028349025174975395,0.19067563116550446,0.6068304181098938,-0.009142963215708733,0.19316041469573975,0.5652918815612793,-0.029664039611816406,0.18907500803470612,0.6139996647834778,-0.024156857281923294,0.18764197826385498,0.6352255344390869,-0.01456744410097599,0.16014567017555237,0.6114367246627808,-0.013612852431833744,0.1645018756389618,0.5827295780181885,-0.026191040873527527,0.16559430956840515,0.6175333261489868,-0.018314097076654434,0.166058748960495,0.6354662179946899,-0.008650870062410831
0.17737826704978943,0.741316020488739,-1.9915833604500222e-07,0.22113049030303955,0.7265633344650269,-0.018497733399271965,0.2596392035484314,0.6817893981933594,-0.025474747642874718,0.2438046634197235,0.6311759352684021,-0.030928269028663635,0.21181833744049072,0.6108373999595642,-0.033167410641908646,0.25043419003486633,0.6182718276977539,-0.0067905220203101635,0.2581079304218292,0.5777654051780701,-0.024332502856850624,0.24232906103134155,0.6163759231567383,-0.03378888964653015,0.23473864793777466,0.6375377774238586,-0.0382753349840641,0.2205793708562851,0.6078466773033142,-0.006601671688258648,0.228740394115448,0.5637108683586121,-0.02597860060632229,0.21593868732452393,0.6109990477561951,-0.03099428489804268,0.21065770089626312,0.6321640014648438,-0.029001319780945778,0.19215650856494904,0.6067737936973572,-0.00956956297159195,0.19478411972522736,0.5661870837211609,-0.030107101425528526,0.19101151823997498,0.6143509149551392,-0.024944642558693886,0.18988093733787537,0.6356552243232727,-0.015636513009667397,0.1616649031639099,0.6117666959762573,-0.013930166140198708,0.16597022116184235,0.5839204788208008,-0.026722721755504608,0.16764062643051147,0.6185980439186096,-0.019221998751163483,0.16873270273208618,0.6368947625160217,-0.009836082346737385
0.1762513667345047,0.7425313591957092,-2.020547924530547e-07,0.22092902660369873,0.7262406945228577,-0.01814289391040802,0.2594588100910187,0.6809666156768799,-0.024653393775224686,0.24403493106365204,0.6288530230522156,-0.029751406982541084,0.21292932331562042,0.6075261235237122,-0.031644485890865326,0.2499604970216751,0.6199451088905334,-0.0055190869607031345,0.25874805450439453,0.577183723449707,-0.022965174168348312,0.2421293407678604,0.6142622232437134,-0.03256399184465408,0.23334892094135284,0.6360840201377869,-0.0370359905064106,0.2205658107995987,0.6088994741439819,-0.005331223830580711,0.2294972687959671,0.5626945495605469,-0.024487191811203957,0.21593613922595978,0.60833340883255,-0.029748057946562767,0.2101350575685501,0.6304584741592407,-0.027833033353090286,0.19232773780822754,0.6069028377532959,-0.008353674784302711,0.1954185664653778,0.5641124248504639,-0.028581073507666588,0.19095930457115173,0.611533522605896,-0.023726532235741615,0.18945902585983276,0.6340198516845703,-0.014561801217496395,0.16173961758613586,0.6107794046401978,-0.012798641808331013,0.1663098782300949,0.5818808078765869,-0.02561970241367817,0.16760969161987305,0.6161657571792603,-0.018491024151444435,0.1684611737728119,0.6352484822273254,-0.009290480054914951
0.17486900091171265,0.7398518323898315,-1.9990872601738374e-07,0.21905352175235748,0.724323034286499,-0.01828833483159542,0.2584827244281769,0.6811825037002563,-0.02545725181698799,0.24430659413337708,0.6308591961860657,-0.031145695596933365,0.21254149079322815,0.6107270121574402,-0.033574994653463364,0.2485717087984085,0.6180647015571594,-0.007126899436116219,0.2563127279281616,0.5783593654632568,-0.02483491599559784,0.24018722772598267,0.6171343922615051,-0.034184057265520096,0.23249447345733643,0.6371785402297974,-0.03858614340424538,0.21873991191387177,0.607598602771759,-0.00718478299677372,0.22627654671669006,0.5638697743415833,-0.026590945199131966,0.21411603689193726,0.6123137474060059,-0.03118397854268551,0.20935623347759247,0.6330879926681519,-0.028965165838599205,0.19053727388381958,0.6063486337661743,-0.01037405151873827,0.19309775531291962,0.565513014793396,-0.031157445162534714,0.18987822532653809,0.6148341298103333,-0.025657664984464645,0.18860846757888794,0.6361157894134521,-0.016094889491796494,0.1602971851825714,0.6110332012176514,-0.014924676157534122,0.16440697014331818,0.5832076072692871,-0.027900930494070053,0.16657420992851257,0.6185140013694763,-0.020277997478842735,0.1673518568277359,0.6370718479156494,-0.010749535635113716
0.17061980068683624,0.7401595115661621,-1.968653577932855e-07,0.21456988155841827,0.7254051566123962,-0.018337272107601166,0.25304967164993286,0.679942786693573,-0.025236085057258606,0.23606805503368378,0.6299211978912354,-0.030566668137907982,0.20216138660907745,0.6136191487312317,-0.03257952257990837,0.24314112961292267,0.6184511184692383,-0.007103761658072472,0.2515382170677185,0.5777333378791809,-0.024575743824243546,0.2355605959892273,0.6172573566436768,-0.033482957631349564,0.22761601209640503,0.6380864381790161,-0.03751173987984657,0.21327683329582214,0.6079191565513611,-0.007081820163875818,0.22139231860637665,0.5638597011566162,-0.026167508214712143,0.20912699401378632,0.6124274134635925,-0.030367029830813408,0.2040109932422638,0.6329742670059204,-0.027807090431451797,0.184859037399292,0.6068214774131775,-0.010195489972829819,0.1877053678035736,0.5659984350204468,-0.030711909756064415,0.18451309204101562,0.6159344911575317,-0.02501245215535164,0.1832873821258545,0.6373668313026428,-0.015275425277650356,0.1546742022037506,0.6115677356719971,-0.014660642482340336,0.15923795104026794,0.5837928056716919,-0.027084099128842354,0.16109885275363922,0.6195544004440308,-0.019016342237591743,0.16151311993598938,0.6382014155387878,-0.009268985129892826
0.16288316249847412,0.7474867701530457,-2.0733490657676157e-07,0.2077775001525879,0.7309103608131409,-0.016975125297904015,0.24552956223487854,0.6852551698684692,-0.023142261430621147,0.22857335209846497,0.6370040774345398,-0.028031881898641586,0.19545285403728485,0.6222189664840698,-0.029718700796365738,0.23452886939048767,0.625784158706665,-0.005950674880295992,0.2420380413532257,0.5832015872001648,-0.02308756671845913,0.2268700748682022,0.6232119798660278,-0.031669676303863525,0.22002388536930084,0.6448745727539062,-0.03537411987781525,0.20442898571491241,0.6162344217300415,-0.006202108692377806,0.2108755260705948,0.5714365243911743,-0.024848539382219315,0.19975198805332184,0.6201772689819336,-0.028749320656061172,0.19589465856552124,0.6411944627761841,-0.026056207716464996,0.17605996131896973,0.6156131029129028,-0.009530319832265377,0.1778336763381958,0.5732287764549255,-0.02925906516611576,0.17549243569374084,0.6223598718643188,-0.02328307367861271,0.17492370307445526,0.6436693072319031,-0.013562440872192383,0.14608131349086761,0.620771050453186,-0.014139365404844284,0.14917871356010437,0.5918793678283691,-0.025878094136714935,0.15208393335342407,0.6267601251602173,-0.017705651000142097,0.15328840911388397,0.6450997591018677,-0.008013272657990456
0.15504123270511627,0.7523917555809021,-2.0485926199853566e-07,0.20167846977710724,0.7374112606048584,-0.016602646559476852,0.2375936210155487,0.6910568475723267,-0.02245989441871643,0.21863523125648499,0.6416376829147339,-0.027153141796588898,0.18454764783382416,0.6288539171218872,-0.028633415699005127,0.22771820425987244,0.6317249536514282,-0.005989108234643936,0.23339201509952545,0.5894581079483032,-0.022442229092121124,0.21850468218326569,0.6302446722984314,-0.03047604113817215,0.21299374103546143,0.6510582566261292,-0.034166764467954636,0.1975390613079071,0.6227610111236572,-0.006341591477394104,0.20285166800022125,0.5781094431877136,-0.025001736357808113,0.19182977080345154,0.6267063617706299,-0.028616035357117653,0.18837103247642517,0.6474154591560364,-0.025849374011158943,0.16891515254974365,0.622690737247467,-0.009683720767498016,0.16958659887313843,0.5789594054222107,-0.029554644599556923,0.1675570011138916,0.628104031085968,-0.023607289418578148,0.16768118739128113,0.6500210165977478,-0.013908900320529938,0.13896776735782623,0.6280955076217651,-0.014271712861955166,0.14098915457725525,0.5979371070861816,-0.026262469589710236,0.14420990645885468,0.6320174932479858,-0.01857028156518936,0.14622525870800018,0.6505847573280334,-0.009287047199904919
0.14942198991775513,0.7530969977378845,-2.0385201082717685e-07,0.19296306371688843,0.7368191480636597,-0.016306491568684578,0.22974444925785065,0.693952202796936,-0.022706221789121628,0.21710774302482605,0.644842803478241,-0.028007833287119865,0.18758359551429749,0.6221851706504822,-0.030554883182048798,0.22188812494277954,0.6350054740905762,-0.007621577009558678,0.2277761697769165,0.5915823578834534,-0.02496582269668579,0.2119891196489334,0.6278678178787231,-0.03409012779593468,0.20484133064746857,0.6507088541984558,-0.03813498839735985,0.1916116178035736,0.6253166198730469,-0.0080299973487854,0.19725018739700317,0.5787097811698914,-0.02749205008149147,0.18463796377182007,0.6237051486968994,-0.032028358429670334,0.18040545284748077,0.647758960723877,-0.029656413942575455,0.16299588978290558,0.6244205832481384,-0.01126730628311634,0.16380271315574646,0.5808293223381042,-0.03141370788216591,0.1602935791015625,0.6266806125640869,-0.025942789390683174,0.16045913100242615,0.6501981616020203,-0.01647414267063141,0.13292287290096283,0.629497230052948,-0.015697846189141273,0.13553644716739655,0.5989311337471008,-0.02838575467467308,0.13673852384090424,0.631544828414917,-0.02097455970942974,0.13829989731311798,0.6509711146354675,-0.011639299802482128
0.14642606675624847,0.757049024105072,-1.9658642713693553e-07,0.19194956123828888,0.7408092021942139,-0.01705603487789631,0.22708548605442047,0.6939377784729004,-0.02354661002755165,0.2084110975265503,0.6449888348579407,-0.029037348926067352,0.1750403642654419,0.6297082304954529,-0.03142719343304634,0.21838626265525818,0.6326670050621033,-0.005980117712169886,0.22261840105056763,0.5912964344024658,-0.023682910948991776,0.2072666585445404,0.6303318738937378,-0.033386487513780594,0.2006988674402237,0.6527512669563293,-0.03802364319562912,0.18781670928001404,0.624340295791626,-0.006568694952875376,0.1919763684272766,0.5802210569381714,-0.026453346014022827,0.18095888197422028,0.6260461807250977,-0.031529854983091354,0.17717373371124268,0.6479393243789673,-0.029626453295350075,0.1589893102645874,0.6249822974205017,-0.010348279029130936,0.15859350562095642,0.5816689729690552,-0.03072535991668701,0.1570543348789215,0.6283855438232422,-0.025903433561325073,0.15756942331790924,0.6506264805793762,-0.016945695504546165,0.12902605533599854,0.6314809918403625,-0.015528944320976734,0.1304745376110077,0.6021320819854736,-0.028040820732712746,0.13435018062591553,0.6345940232276917,-0.021325530484318733,0.1373315453529358,0.6527990698814392,-0.012698058038949966
0.14554062485694885,0.7509945034980774,-2.0827400248890626e-07,0.1910441666841507,0.7376865148544312,-0.016507646068930626,0.22659477591514587,0.6912885904312134,-0.022090306505560875,0.20901110768318176,0.6406524777412415,-0.026495834812521935,0.17696164548397064,0.6234406232833862,-0.027842259034514427,0.2181224673986435,0.6327356100082397,-0.0060241008177399635,0.22402140498161316,0.5884355306625366,-0.02280355989933014,0.2085821032524109,0.6270268559455872,-0.031343985348939896,0.20214146375656128,0.6496408581733704,-0.035191476345062256,0.18780626356601715,0.6235581636428833,-0.0060918270610272884,0.19306734204292297,0.5763309001922607,-0.025010177865624428,0.18116700649261475,0.6231284141540527,-0.02897650934755802,0.17739766836166382,0.6459066867828369,-0.02623056061565876,0.15919937193393707,0.6231074333190918,-0.009181800298392773,0.15955588221549988,0.5780487060546875,-0.02895180881023407,0.1567637175321579,0.6256399750709534,-0.023100845515727997,0.15708856284618378,0.648435115814209,-0.013399859890341759,0.12911418080329895,0.6284253597259521,-0.013533435761928558,0.13097812235355377,0.5973930358886719,-0.02570238709449768,0.13348667323589325,0.6308625936508179,-0.018246131017804146,0.13574489951133728,0.6501381397247314,-0.009049588814377785
0.14213746786117554,0.7559155225753784,-1.9720474142559397e-07,0.1875849813222885,0.7405279278755188,-0.017064927145838737,0.2230411171913147,0.6951667666435242,-0.023402389138936996,0.20544855296611786,0.6447831988334656,-0.02855454571545124,0.17437919974327087,0.626176655292511,-0.03075188584625721,0.2146393209695816,0.6351779103279114,-0.006887777242809534,0.2193162441253662,0.5924392938613892,-0.0245490875095129,0.20389655232429504,0.6303909420967102,-0.03400399535894394,0.19732984900474548,0.6539837121963501,-0.03822373226284981,0.18385125696659088,0.6258627772331238,-0.006831043399870396,0.18726800382137299,0.5798126459121704,-0.02601691335439682,0.17534108459949493,0.6245849132537842,-0.030383968725800514,0.17227858304977417,0.6480006575584412,-0.028025135397911072,0.15505002439022064,0.6253652572631836,-0.00991829950362444,0.15403857827186584,0.5817616581916809,-0.029881607741117477,0.15074759721755981,0.6274912357330322,-0.024489033967256546,0.15185728669166565,0.6505931615829468,-0.015152385458350182,0.12514764070510864,0.6306177973747253,-0.014349086210131645,0.12568652629852295,0.6003748178482056,-0.026439540088176727,0.12734490633010864,0.6330206990242004,-0.019148975610733032,0.13007421791553497,0.6525142788887024,-0.010072490200400352
0.13874636590480804,0.7565209269523621,-1.9895148284376774e-07,0.18338708579540253,0.7408306002616882,-0.01720568537712097,0.21866819262504578,0.6971134543418884,-0.023606687784194946,0.2031131386756897,0.6467759609222412,-0.028774220496416092,0.17397943139076233,0.6252094507217407,-0.031134726479649544,0.210824117064476,0.6371399760246277,-0.006888243369758129,0.21533697843551636,0.5938838720321655,-0.02436279132962227,0.1993204951286316,0.6297969818115234,-0.033950913697481155,0.1927054226398468,0.6535332202911377,-0.038330771028995514,0.17994192242622375,0.627504825592041,-0.006703988183289766,0.18412621319293976,0.5799468159675598,-0.026187777519226074,0.17159020900726318,0.6240683794021606,-0.031155051663517952,0.16801762580871582,0.6486960053443909,-0.02903747744858265,0.151119202375412,0.6266103982925415,-0.009573536925017834,0.15049508213996887,0.5820470452308655,-0.029928293079137802,0.14667780697345734,0.6273528337478638,-0.025041896849870682,0.14721502363681793,0.6512371897697449,-0.015854841098189354,0.12114506959915161,0.6320307850837708,-0.01374102383852005,0.12229704111814499,0.6006541848182678,-0.026573671028017998,0.12348033487796783,0.6331557035446167,-0.019694456830620766,0.1257346272468567,0.6531168818473816,-0.010704939253628254
0.13347592949867249,0.7614463567733765,-1.8975276816490805e-07,0.17927588522434235,0.7456195950508118,-0.017846211791038513,0.21462447941303253,0.702318549156189,-0.024775130674242973,0.1975066065788269,0.6522019505500793,-0.03059583529829979,0.16693523526191711,0.633186936378479,-0.03357304632663727,0.20664647221565247,0.6409301161766052,-0.006139697041362524,0.2094610035419464,0.5980961918830872,-0.024174807593226433,0.19324059784412384,0.6333120465278625,-0.034699417650699615,0.18687975406646729,0.6577655673027039,-0.03955765813589096,0.1755664199590683,0.6318215131759644,-0.005745940376073122,0.1778785139322281,0.5855569243431091,-0.0258653461933136,0.16558876633644104,0.6284670829772949,-0.031649719923734665,0.16298185288906097,0.6544749140739441,-0.02984047308564186,0.14674913883209229,0.6314911246299744,-0.00860198587179184,0.14487197995185852,0.5876443982124329,-0.029124580323696136,0.14140789210796356,0.6310247182846069,-0.02516634576022625,0.14284199476242065,0.6562971472740173,-0.01635032333433628,0.11712805926799774,0.6377909779548645,-0.012887795455753803,0.11747531592845917,0.6066536903381348,-0.02569511905312538,0.11907541751861572,0.637458324432373,-0.019539976492524147,0.12207361310720444,0.6585136651992798,-0.010898416861891747
0.1338719129562378,0.7622358202934265,-1.8820398395291704e-07,0.1799694299697876,0.745675802230835,-0.01847189851105213,0.2147390991449356,0.7017250657081604,-0.025701388716697693,0.19569189846515656,0.652097761631012,-0.03178081661462784,0.16406621038913727,0.6340096592903137,-0.034899212419986725,0.20633545517921448,0.6407700181007385,-0.006060874089598656,0.20922362804412842,0.5978049039840698,-0.02403455413877964,0.19352342188358307,0.6348797678947449,-0.03441133350133896,0.18801994621753693,0.6585029363632202,-0.03931531682610512,0.175319105386734,0.6321120262145996,-0.005550294183194637,0.17871645092964172,0.5856420397758484,-0.026127735152840614,0.166404590010643,0.6301420331001282,-0.03220603987574577,0.16314201056957245,0.6554948091506958,-0.030558135360479355,0.14638900756835938,0.631857693195343,-0.008345536887645721,0.14531037211418152,0.5870079398155212,-0.029298776760697365,0.1416659653186798,0.6321592330932617,-0.025296026840806007,0.14219212532043457,0.6575871109962463,-0.016392506659030914,0.11653588712215424,0.6378776431083679,-0.012613877654075623,0.11751007288694382,0.6066027879714966,-0.025618357583880424,0.1189025416970253,0.6385284066200256,-0.019417714327573776,0.12106144428253174,0.6596278548240662,-0.010781466029584408
0.1372673064470291,0.7509320974349976,-1.7730533841131546e-07,0.18194550275802612,0.7373616099357605,-0.018166400492191315,0.21660973131656647,0.6957957744598389,-0.025155026465654373,0.20160415768623352,0.6454296708106995,-0.031164411455392838,0.17207369208335876,0.6238996982574463,-0.034504491835832596,0.21276962757110596,0.6342628598213196,-0.006298539228737354,0.21480493247509003,0.5925185680389404,-0.02403954602777958,0.1981656700372696,0.6262568831443787,-0.03461567312479019,0.19298072159290314,0.6499963402748108,-0.03981363773345947,0.18171697854995728,0.6241588592529297,-0.005941428244113922,0.1853485405445099,0.5786152482032776,-0.0264134481549263,0.17131145298480988,0.6188503503799438,-0.032698534429073334,0.16767649352550507,0.6447710394859314,-0.03125252202153206,0.1524873673915863,0.623153567314148,-0.00882877316325903,0.15170779824256897,0.5785346031188965,-0.030048828572034836,0.1462489664554596,0.6211938261985779,-0.02655722387135029,0.1467580944299698,0.647598147392273,-0.017991553992033005,0.12238572537899017,0.6291329860687256,-0.01316031999886036,0.12351853400468826,0.5978435277938843,-0.02730533294379711,0.12352311611175537,0.6278340220451355,-0.02195003256201744,0.12586402893066406,0.6491538286209106,-0.013713167980313301
0.15091118216514587,0.6706641316413879,-1.3658258524174016e-07,0.19616837799549103,0.6583267450332642,-0.013727700337767601,0.2316329926252365,0.6224234104156494,-0.018704023212194443,0.2193843424320221,0.5755659341812134,-0.023186448961496353,0.19271263480186462,0.5535374283790588,-0.025178946554660797,0.22791704535484314,0.5707001090049744,-0.003341556992381811,0.23299607634544373,0.5288919806480408,-0.018810395151376724,0.21827828884124756,0.5599674582481384,-0.027320660650730133,0.2144685983657837,0.5832571387290955,-0.031161680817604065,0.19865691661834717,0.5588592886924744,-0.0035370285622775555,0.2038072794675827,0.5160014629364014,-0.020830249413847923,0.19027328491210938,0.5528628826141357,-0.025447363033890724,0.1871607005596161,0.5749692320823669,-0.023916978389024734,0.17087645828723907,0.5552580952644348,-0.006544422823935747,0.1718636304140091,0.5149596333503723,-0.024185793474316597,0.16553722321987152,0.552108883857727,-0.01982290856540203,0.16582874953746796,0.5729677677154541,-0.011914290487766266,0.1423351764678955,0.5572341680526733,-0.010639971122145653,0.1446351408958435,0.529026210308075,-0.02054603211581707,0.14356426894664764,0.5543149709701538,-0.014115172438323498,0.1446879506111145,0.5703102350234985,-0.006291250232607126
0.21443712711334229,0.5756852030754089,-1.4441809526033467e-07,0.26137930154800415,0.5689882040023804,-0.013897464610636234,0.2994883954524994,0.5384165644645691,-0.018767116591334343,0.2866882085800171,0.4909604489803314,-0.023463403806090355,0.25763410329818726,0.47114384174346924,-0.02593252994120121,0.2965294122695923,0.48567235469818115,-0.0003717371728271246,0.30776557326316833,0.44996705651283264,-0.016626566648483276,0.28908810019493103,0.47687751054763794,-0.02693166397511959,0.279486745595932,0.4981672763824463,-0.0318419374525547,0.27080127596855164,0.47084784507751465,-0.001081688329577446,0.28208211064338684,0.4330649971961975,-0.0192086324095726,0.2642568349838257,0.46491286158561707,-0.026087580248713493,0.2569405138492584,0.4877787232398987,-0.02566145360469818,0.24523408710956573,0.46382781863212585,-0.00482696620747447,0.25149616599082947,0.4276704788208008,-0.02275715209543705,0.23981702327728271,0.4620150327682495,-0.020187711343169212,0.23617656528949738,0.4843614995479584,-0.013195586390793324,0.2173711061477661,0.46180158853530884,-0.009805683977901936,0.22289007902145386,0.43767625093460083,-0.020059851929545403,0.21746906638145447,0.4630516767501831,-0.01440553367137909,0.21558360755443573,0.48134350776672363,-0.0070137083530426025
0.3027494251728058,0.5729575753211975,-1.217159137922863e-07,0.3478047251701355,0.5651627779006958,-0.01440076157450676,0.3869608938694,0.5389572978019714,-0.020958447828888893,0.38033604621887207,0.4943649172782898,-0.02760571613907814,0.35439878702163696,0.46640294790267944,-0.031796716153621674,0.38068103790283203,0.4737897217273712,0.00018604581418912858,0.3990766108036041,0.45041921734809875,-0.01846030354499817,0.38292255997657776,0.4795101583003998,-0.03067048452794552,0.37303608655929565,0.4943501353263855,-0.03686613216996193,0.35652995109558105,0.4593283534049988,-0.0010803798213601112,0.3713811933994293,0.4317420423030853,-0.01902679353952408,0.35712769627571106,0.4649990200996399,-0.026086358353495598,0.3528938591480255,0.48006829619407654,-0.026897083967924118,0.3307509124279022,0.45295578241348267,-0.005904009100049734,0.34053879976272583,0.4283752739429474,-0.02322755567729473,0.3337405323982239,0.46170854568481445,-0.020265070721507072,0.333579421043396,0.4767376482486725,-0.014106372371315956,0.3010295331478119,0.45191535353660583,-0.012136568315327168,0.31112685799598694,0.4343808889389038,-0.02130545675754547,0.31096550822257996,0.4597007930278778,-0.01496080495417118,0.31196314096450806,0.4755971431732178,-0.007622535340487957
0.6424468755722046,0.6405571699142456,3.762808375995519e-07,0.5890607237815857,0.6430934071540833,-0.027200723066926003,0.5380195379257202,0.6177300810813904,-0.04007489234209061,0.5015830397605896,0.5813846588134766,-0.050289954990148544,0.4722294211387634,0.54625403881073,-0.059231653809547424,0.5479962825775146,0.49657148122787476,-0.01687363162636757,0.5225960612297058,0.43448084592819214,-0.030507685616612434,0.5081205368041992,0.3959982693195343,-0.04340742528438568,0.4965563118457794,0.3610406219959259,-0.05399526655673981,0.5744278430938721,0.47264039516448975,-0.01639644056558609,0.5531142354011536,0.4014332890510559,-0.027811696752905846,0.5394812822341919,0.3587266206741333,-0.039390530437231064,0.5270004868507385,0.3219284117221832,-0.04893869534134865,0.6032804250717163,0.4651309847831726,-0.02026687189936638,0.5868213176727295,0.3942115902900696,-0.03631667420268059,0.5734248161315918,0.34975647926330566,-0.04912566766142845,0.5599856972694397,0.3089113235473633,-0.05892093479633331,0.6351687908172607,0.47157686948776245,-0.026674766093492508,0.6423430442810059,0.41490697860717773,-0.04446152597665787,0.6481500267982483,0.3749198317527771,-0.054951995611190796,0.6521788835525513,0.3366459608078003,-0.06231097877025604
0.631719708442688,0.6618552207946777,-3.5947175547335064e-07,0.589747965335846,0.6567003130912781,-0.010235704481601715,0.5462180972099304,0.6202123761177063,-0.015227003023028374,0.539372444152832,0.5761501789093018,-0.021848319098353386,0.5674992203712463,0.5624425411224365,-0.025601373985409737,0.5636032223701477,0.5498005151748657,0.0029216036200523376,0.5453093647956848,0.5241069793701172,-0.01703524962067604,0.5546824336051941,0.5641472935676575,-0.025237059220671654,0.5654290318489075,0.5772916674613953,-0.028015106916427612,0.5882292985916138,0.5388092398643494,-0.0015114977722987533,0.5681353211402893,0.512394368648529,-0.02365976758301258,0.5771704316139221,0.5649167895317078,-0.023541435599327087,0.5889015197753906,0.5753118991851807,-0.015930764377117157,0.6140103936195374,0.535895049571991,-0.010312729515135288,0.5950345993041992,0.5206965208053589,-0.032539524137973785,0.6016818284988403,0.5733035206794739,-0.023597894236445427,0.6117352843284607,0.5811666250228882,-0.010029035620391369,0.6429879069328308,0.5386629700660706,-0.020468097180128098,0.6219654083251953,0.5277822017669678,-0.030666591599583626,0.6216951608657837,0.56551194190979,-0.022167662158608437,0.6289268732070923,0.5752043724060059,-0.0120422737672925
0.6322299838066101,0.652619481086731,-3.539871329394373e-07,0.591436505317688,0.6493344306945801,-0.009975030086934566,0.5486634373664856,0.6157876253128052,-0.015324186533689499,0.5418040752410889,0.5718358159065247,-0.022274333983659744,0.568260133266449,0.555660605430603,-0.026466693729162216,0.5635930895805359,0.5503688454627991,0.001727467984892428,0.544503927230835,0.5216434597969055,-0.01899874582886696,0.5557964444160461,0.561170756816864,-0.028080742806196213,0.5671365261077881,0.5760122537612915,-0.03112463653087616,0.5868189334869385,0.5391011238098145,-0.0024500107392668724,0.5670017600059509,0.5084679126739502,-0.02489328570663929,0.5777355432510376,0.5586748123168945,-0.025471864268183708,0.5886378884315491,0.5715484023094177,-0.018266428261995316,0.6112518906593323,0.5346031785011292,-0.010819915682077408,0.5921087265014648,0.5157944560050964,-0.032068438827991486,0.6013148427009583,0.5655121207237244,-0.023224463686347008,0.6109659671783447,0.5746399164199829,-0.009949447587132454,0.6393791437149048,0.5348672866821289,-0.020536640658974648,0.6181046366691589,0.5220260620117188,-0.029923634603619576,0.6208435297012329,0.557064950466156,-0.02131512016057968,0.6288738250732422,0.5658770203590393,-0.011277765035629272
0.6282867193222046,0.6568845510482788,-3.596174735776003e-07,0.5881797671318054,0.6535525918006897,-0.008141222409904003,0.5469139814376831,0.6217350959777832,-0.012844095006585121,0.5385585427284241,0.579857349395752,-0.01957010105252266,0.5627402663230896,0.5628471374511719,-0.023666616529226303,0.5619238018989563,0.5578259229660034,0.0029546322766691446,0.5422249436378479,0.5280160307884216,-0.017021022737026215,0.5523379445075989,0.5665010213851929,-0.025515766814351082,0.5632770657539368,0.582041323184967,-0.02807190641760826,0.5838559865951538,0.5470492839813232,-0.001754221273586154,0.5630362629890442,0.5162093639373779,-0.023383881896734238,0.573486864566803,0.5643561482429504,-0.024049069732427597,0.5846593379974365,0.5768709778785706,-0.017123129218816757,0.6072442531585693,0.5414378643035889,-0.010395082645118237,0.5868596434593201,0.523389458656311,-0.0307051632553339,0.5966493487358093,0.5709471106529236,-0.02222718670964241,0.6068469285964966,0.579196035861969,-0.009518788196146488,0.6343891024589539,0.5403499007225037,-0.020214607939124107,0.6118994355201721,0.528050422668457,-0.029072582721710205,0.6156522631645203,0.5613163709640503,-0.020700443536043167,0.6247419118881226,0.5691869854927063,-0.010988855734467506
0.6299946308135986,0.6644287705421448,-3.465491147380817e-07,0.5903800129890442,0.6617673635482788,-0.009250304661691189,0.54913330078125,0.6314241290092468,-0.014556107111275196,0.5403025150299072,0.5901311039924622,-0.021483164280653,0.5651469230651855,0.5757108926773071,-0.025664787739515305,0.5619917511940002,0.5651342868804932,0.0026483526453375816,0.5437061786651611,0.539951503276825,-0.017188675701618195,0.555010199546814,0.577659010887146,-0.025926565751433372,0.5661295652389526,0.5922725796699524,-0.02876063995063305,0.5838061571121216,0.5540289878845215,-0.0015244261594489217,0.563500165939331,0.5268256664276123,-0.02321668341755867,0.5750325322151184,0.5743534564971924,-0.024005502462387085,0.5866961479187012,0.5866793394088745,-0.0170734915882349,0.6070554852485657,0.5486017465591431,-0.009722881019115448,0.5880247354507446,0.5333552360534668,-0.030364640057086945,0.5979648232460022,0.5803090929985046,-0.022319279611110687,0.6081220507621765,0.5891010165214539,-0.00964951328933239,0.6340128183364868,0.5477847456932068,-0.019172050058841705,0.6124803423881531,0.5362808108329773,-0.02823544852435589,0.6157771348953247,0.5696102380752563,-0.020184023305773735,0.6243167519569397,0.5785322189331055,-0.010546965524554253
0.6403567790985107,0.6684596538543701,-3.446892549163749e-07,0.5995319485664368,0.6667317748069763,-0.009016751311719418,0.5576961040496826,0.6367565393447876,-0.013973649591207504,0.5505654811859131,0.595188558101654,-0.020698698237538338,0.576744019985199,0.580043613910675,-0.024795817211270332,0.5712186098098755,0.569897472858429,0.003073067869991064,0.5524157881736755,0.5456929802894592,-0.017501790076494217,0.5643250346183777,0.5827472805976868,-0.02694096788764,0.5760706067085266,0.5988399386405945,-0.029949914664030075,0.5931611061096191,0.5580869913101196,-0.00130001874640584,0.5722049474716187,0.5307924151420593,-0.023516139015555382,0.5842912197113037,0.5779575109481812,-0.024818651378154755,0.5962011218070984,0.5908112525939941,-0.01795317605137825,0.6165783405303955,0.5526598691940308,-0.00973780918866396,0.5974887013435364,0.5375080108642578,-0.03080635331571102,0.608090341091156,0.584796667098999,-0.023093530908226967,0.61837238073349,0.5940324664115906,-0.010366203263401985,0.6435765027999878,0.5520493388175964,-0.019396621733903885,0.622167706489563,0.5404371619224548,-0.02856428176164627,0.6256314516067505,0.5738794803619385,-0.020458046346902847,0.6342417001724243,0.5825660824775696,-0.010624137707054615
0.6518080830574036,0.6742712259292603,-3.585628860491852e-07,0.6113458275794983,0.673925518989563,-0.009819937869906425,0.5691609978675842,0.6413756608963013,-0.014623056165874004,0.5633378624916077,0.599031925201416,-0.020950043573975563,0.5902219414710999,0.5878612399101257,-0.02436641976237297,0.5806978344917297,0.5746469497680664,0.002078040037304163,0.5626953840255737,0.5513710379600525,-0.01861887238919735,0.5761597156524658,0.5896968245506287,-0.02801343984901905,0.5873271226882935,0.604375958442688,-0.031229142099618912,0.60329270362854,0.5626607537269592,-0.0018879928393289447,0.583611249923706,0.5381292700767517,-0.02416614443063736,0.5967777371406555,0.5863420963287354,-0.025161826983094215,0.6073220372200012,0.5973117351531982,-0.018344972282648087,0.6272442936897278,0.5570516586303711,-0.010011202655732632,0.6094151139259338,0.5423047542572021,-0.031126724556088448,0.6205248236656189,0.5909386873245239,-0.0230098869651556,0.629920482635498,0.5994530320167542,-0.010218926705420017,0.6546808481216431,0.555965781211853,-0.019482621923089027,0.634841799736023,0.5451613068580627,-0.02863163873553276,0.6384052634239197,0.57927405834198,-0.020539872348308563,0.6462392210960388,0.5871241092681885,-0.010860778391361237
0.6587434411048889,0.6703099608421326,-3.283687419752823e-07,0.6184641718864441,0.6730687022209167,-0.011956971138715744,0.5761588215827942,0.642227828502655,-0.01720980368554592,0.5702150464057922,0.5975840091705322,-0.02344425395131111,0.5977833867073059,0.5833722352981567,-0.026773015037178993,0.5870990753173828,0.5768117904663086,0.00043923905468545854,0.5715179443359375,0.5502582788467407,-0.020415933802723885,0.5831152200698853,0.5869518518447876,-0.03013339452445507,0.5938591957092285,0.602506160736084,-0.03377421945333481,0.6099565029144287,0.5635948181152344,-0.0026977015659213066,0.5916168093681335,0.5349042415618896,-0.025396153330802917,0.6031923294067383,0.5821196436882019,-0.02691424824297428,0.6138355135917664,0.5930226445198059,-0.0204769279807806,0.6341978311538696,0.5578311085700989,-0.010165108367800713,0.6191290616989136,0.5393584966659546,-0.03196926787495613,0.6278177499771118,0.5872986316680908,-0.024433569982647896,0.6360341310501099,0.5956709980964661,-0.011953810229897499,0.6617574691772461,0.5565195679664612,-0.0191484484821558,0.6452959775924683,0.542574942111969,-0.029062815010547638,0.6470966339111328,0.5765648484230042,-0.021540893241763115,0.6534568071365356,0.584955096244812,-0.012288138270378113
0.6594235897064209,0.6716352701187134,-3.2608625133434543e-07,0.6202678084373474,0.6756706237792969,-0.012055747210979462,0.5779862403869629,0.6445439457893372,-0.016949310898780823,0.5732049942016602,0.5994634032249451,-0.02274135872721672,0.6010924577713013,0.5856337547302246,-0.025588426738977432,0.5887212753295898,0.5792600512504578,0.0006677506025880575,0.5734037756919861,0.55373615026474,-0.020386911928653717,0.5847144722938538,0.5906333923339844,-0.030254961922764778,0.5952703952789307,0.6059584617614746,-0.03397117555141449,0.6112906336784363,0.5659005045890808,-0.0025381038431078196,0.5931671857833862,0.5369855165481567,-0.025285935029387474,0.6045860648155212,0.5842592120170593,-0.02669847570359707,0.6153059005737305,0.5948696136474609,-0.020115844905376434,0.6355560421943665,0.560491144657135,-0.010153727605938911,0.6212941408157349,0.542320191860199,-0.03177380934357643,0.6296572685241699,0.5907695889472961,-0.02391769178211689,0.6373733282089233,0.5988340377807617,-0.011301488615572453,0.6631524562835693,0.5595715045928955,-0.019376510754227638,0.6477968096733093,0.5464121699333191,-0.028948761522769928,0.6490333676338196,0.5814764499664307,-0.021148424595594406,0.6544908285140991,0.5899649262428284,-0.011823390610516071
0.6651447415351868,0.6701792478561401,-3.1601734917785507e-07,0.6247298121452332,0.6723408699035645,-0.011694074608385563,0.5832479596138,0.6429690718650818,-0.017117448151111603,0.5776000022888184,0.5991367697715759,-0.02368214912712574,0.6048118472099304,0.5855152606964111,-0.027496205642819405,0.5928928852081299,0.5785651803016663,0.001128197880461812,0.5773024559020996,0.552375316619873,-0.020015113055706024,0.58873450756073,0.5878058075904846,-0.030514059588313103,0.5993527173995972,0.6042518615722656,-0.034613288938999176,0.6155278086662292,0.5651910305023193,-0.002369140274822712,0.597307026386261,0.5355800986289978,-0.025090893730521202,0.6084691286087036,0.5813456773757935,-0.027412954717874527,0.618891716003418,0.5939516425132751,-0.021654509007930756,0.6398583650588989,0.5594305992126465,-0.010171383619308472,0.6256723999977112,0.5393317341804504,-0.03173884004354477,0.633658766746521,0.5871087908744812,-0.024627771228551865,0.6410753726959229,0.5981842279434204,-0.012526975944638252,0.6674676537513733,0.5586026310920715,-0.019511496648192406,0.6521489024162292,0.543261706829071,-0.029083656147122383,0.6534057259559631,0.5771243572235107,-0.021541347727179527,0.6587296724319458,0.5871815085411072,-0.012388147413730621
0.6672208309173584,0.6633728742599487,-3.0014655294507975e-07,0.6268677115440369,0.6663805246353149,-0.01160523947328329,0.5853562951087952,0.6359084248542786,-0.016850369051098824,0.5809201598167419,0.5926058292388916,-0.023053335025906563,0.6075950860977173,0.5790780782699585,-0.02645646594464779,0.5945926904678345,0.5735567212104797,-0.0003221184015274048,0.5796404480934143,0.5453225374221802,-0.021281221881508827,0.5909997224807739,0.5801767110824585,-0.03156116604804993,0.6017275452613831,0.5974122881889343,-0.03547540307044983,0.6176170706748962,0.5605732202529907,-0.0036217649467289448,0.600296676158905,0.5297914743423462,-0.026011144742369652,0.6111558675765991,0.5750324726104736,-0.02786804549396038,0.6215913891792297,0.58830326795578,-0.021847685799002647,0.6418927907943726,0.5552676320075989,-0.011135909706354141,0.6290116310119629,0.5345593690872192,-0.032029204070568085,0.6367170810699463,0.5816700458526611,-0.024652600288391113,0.6440179944038391,0.5934411883354187,-0.012583107687532902,0.66933673620224,0.5544838905334473,-0.020213207229971886,0.6556020975112915,0.5382707118988037,-0.029499538242816925,0.6565403342247009,0.5715118646621704,-0.021993352100253105,0.6614304184913635,0.5820009708404541,-0.01296668965369463
0.6628862023353577,0.6576683521270752,-3.101176844211295e-07,0.6224567890167236,0.6613835096359253,-0.012265488505363464,0.5800073146820068,0.6319990754127502,-0.017249207943677902,0.5757884383201599,0.5881775617599487,-0.023090379312634468,0.6035422086715698,0.5737046003341675,-0.02584478072822094,0.5881913900375366,0.5699059367179871,6.426947493309854e-06,0.5735878348350525,0.5418894290924072,-0.020524146035313606,0.5858328938484192,0.578942060470581,-0.029776982963085175,0.5952039361000061,0.5929940342903137,-0.033276431262493134,0.6109746098518372,0.5562353134155273,-0.002824287861585617,0.5941937565803528,0.5270407199859619,-0.02486872486770153,0.6061631441116333,0.5736372470855713,-0.02587191015481949,0.6151418685913086,0.5825247764587402,-0.019444841891527176,0.635021448135376,0.5499110221862793,-0.010046673938632011,0.6223674416542053,0.5299047827720642,-0.031113475561141968,0.6307162642478943,0.5774940252304077,-0.023391040042042732,0.6370651721954346,0.5853927135467529,-0.011175076477229595,0.6622375249862671,0.5477292537689209,-0.018875155597925186,0.6483267545700073,0.5325139760971069,-0.02834233269095421,0.6500956416130066,0.5662634372711182,-0.020872045308351517,0.6550276875495911,0.5752870440483093,-0.01188335008919239
0.6628293395042419,0.6606137156486511,-3.113732987003459e-07,0.6236018538475037,0.6638481616973877,-0.011940171010792255,0.5826746821403503,0.6353306770324707,-0.017639851197600365,0.5784813165664673,0.5924699306488037,-0.02432781644165516,0.6066542267799377,0.5770006775856018,-0.028153054416179657,0.5920239090919495,0.5696399211883545,-0.00045586610212922096,0.5762943625450134,0.544021487236023,-0.021612290292978287,0.5875607132911682,0.5795102119445801,-0.031773895025253296,0.598630964756012,0.595598578453064,-0.03563854843378067,0.6147869825363159,0.5565593242645264,-0.0037297720555216074,0.5964058041572571,0.5277823805809021,-0.026441896334290504,0.6074768304824829,0.5736984610557556,-0.02830018289387226,0.6180768609046936,0.5852927565574646,-0.022238271310925484,0.6390855312347412,0.5509827733039856,-0.011259487830102444,0.6248526573181152,0.5323584675788879,-0.032577864825725555,0.6332011818885803,0.5798839926719666,-0.025043362751603127,0.6411680579185486,0.5894087553024292,-0.012783754616975784,0.6666945815086365,0.5500370264053345,-0.020348571240901947,0.6512869000434875,0.5356656908988953,-0.029980968683958054,0.6526971459388733,0.5693175792694092,-0.022478124126791954,0.6585095524787903,0.5784211754798889,-0.01336910855025053
0.6663802862167358,0.6589528322219849,-3.2898640256462386e-07,0.6248213052749634,0.6588214039802551,-0.010368799790740013,0.5828916430473328,0.6262960433959961,-0.015340213663876057,0.5794220566749573,0.5830941796302795,-0.021587396040558815,0.6082965731620789,0.5726489424705505,-0.025107935070991516,0.5942821502685547,0.5627810955047607,0.0009410082129761577,0.5777327418327332,0.5361394286155701,-0.01966184191405773,0.5896989107131958,0.5735318660736084,-0.029322465881705284,0.6009558439254761,0.5895090103149414,-0.03284144029021263,0.6176685094833374,0.5503965616226196,-0.0028615863993763924,0.598858118057251,0.5210379362106323,-0.02501257322728634,0.6103885769844055,0.5684468746185303,-0.026306649670004845,0.6214315295219421,0.5808299779891968,-0.01967243105173111,0.6421958804130554,0.5453776717185974,-0.010802064090967178,0.6262689828872681,0.5276139974594116,-0.031500931829214096,0.6353316307067871,0.575347900390625,-0.023847032338380814,0.6443240642547607,0.5843427777290344,-0.011385838501155376,0.6700703501701355,0.5448946356773376,-0.020162342116236687,0.6519262194633484,0.5312409400939941,-0.02904108352959156,0.6539289951324463,0.5648916363716125,-0.0211567934602499,0.661011815071106,0.5736904144287109,-0.011732697486877441
0.6666816473007202,0.6659500598907471,-3.238565113861114e-07,0.6255174875259399,0.6655133962631226,-0.01187816821038723,0.5840632319450378,0.6334619522094727,-0.017646759748458862,0.5792249441146851,0.5898939967155457,-0.02448449097573757,0.6076429486274719,0.5789070129394531,-0.028356894850730896,0.5967183709144592,0.5674388408660889,0.0012854976812377572,0.5803855657577515,0.5411491394042969,-0.019983399659395218,0.5918577313423157,0.5786340236663818,-0.030386364087462425,0.6027593612670898,0.5947628021240234,-0.03430710360407829,0.6199610829353333,0.5555341243743896,-0.0018862651195377111,0.6018075942993164,0.5265712738037109,-0.024510452523827553,0.6122063398361206,0.5736972689628601,-0.02642231620848179,0.6226345300674438,0.5858895182609558,-0.020216189324855804,0.6441463232040405,0.5511438846588135,-0.00948395486921072,0.6284946203231812,0.5325006246566772,-0.031218701973557472,0.6364356279373169,0.5805034041404724,-0.024109691381454468,0.6451553106307983,0.5902351140975952,-0.011751650832593441,0.6717642545700073,0.5512015223503113,-0.018594827502965927,0.6536649465560913,0.5379663705825806,-0.02828408032655716,0.6548593640327454,0.5721575021743774,-0.020799295976758003,0.661424994468689,0.5816551446914673,-0.011456840671598911
0.6686110496520996,0.6644690036773682,-3.182617263064458e-07,0.6279898881912231,0.6651428937911987,-0.011237058788537979,0.5870198011398315,0.6339593529701233,-0.016421308740973473,0.5821502804756165,0.5900341272354126,-0.022780027240514755,0.6099722385406494,0.5783323049545288,-0.026354307308793068,0.5985773205757141,0.568588137626648,0.0021376009099185467,0.5828829407691956,0.5417968034744263,-0.018370265141129494,0.5935289859771729,0.5774944424629211,-0.028246156871318817,0.6045323610305786,0.5941711664199829,-0.03184197470545769,0.6213299036026001,0.5563598275184631,-0.0012217528419569135,0.6029824018478394,0.5265832543373108,-0.023269299417734146,0.6134940981864929,0.5730350017547607,-0.025020107626914978,0.6244712471961975,0.5856286287307739,-0.01868419721722603,0.6453349590301514,0.5516471862792969,-0.008926136419177055,0.6301488876342773,0.5333465933799744,-0.030235284939408302,0.6379602551460266,0.5805636048316956,-0.02330237254500389,0.6466342210769653,0.5901568531990051,-0.011099926196038723,0.6727381348609924,0.5516393780708313,-0.01807570643723011,0.6553141474723816,0.5370628237724304,-0.027480723336338997,0.6563988327980042,0.5708412528038025,-0.020028308033943176,0.6628923416137695,0.580663800239563,-0.010769396089017391
0.6659739017486572,0.6702276468276978,-3.2368578217756294e-07,0.6247555017471313,0.6686236262321472,-0.009792034514248371,0.5845715999603271,0.6365814805030823,-0.014862329699099064,0.5806423425674438,0.5942251086235046,-0.02153453417122364,0.6084070205688477,0.5823695659637451,-0.025720566511154175,0.5967456698417664,0.57341468334198,0.0024823679123073816,0.5807830095291138,0.545307457447052,-0.017844971269369125,0.591102659702301,0.5814363360404968,-0.02791593223810196,0.6019667983055115,0.5994354486465454,-0.0315786749124527,0.6193410158157349,0.5612563490867615,-0.0016153099713847041,0.6014828085899353,0.5299758315086365,-0.023426717147231102,0.6113455295562744,0.5761638283729553,-0.025637473911046982,0.6216762661933899,0.5914759039878845,-0.019610388204455376,0.6433796286582947,0.5559810400009155,-0.00976791325956583,0.6266295909881592,0.5367183685302734,-0.029638882726430893,0.6353965401649475,0.5828189253807068,-0.022630779072642326,0.6445761322975159,0.5935670137405396,-0.010731087066233158,0.6710858345031738,0.5556453466415405,-0.019330739974975586,0.6521182060241699,0.5425873398780823,-0.027511924505233765,0.6544123291969299,0.5744866132736206,-0.019755318760871887,0.6618015766143799,0.583044707775116,-0.010524165816605091
0.66628098487854,0.6683058738708496,-3.284631588940101e-07,0.6242930293083191,0.6676617860794067,-0.010534511879086494,0.5824478268623352,0.6340895295143127,-0.015545795671641827,0.5793574452400208,0.5905584692955017,-0.021793121472001076,0.6082753539085388,0.5811638236045837,-0.025242209434509277,0.5961254835128784,0.5692768096923828,0.0015083817997947335,0.579186737537384,0.5436160564422607,-0.018722156062722206,0.5909007787704468,0.5820106863975525,-0.02792634628713131,0.6021401882171631,0.5969467163085938,-0.03124183975160122,0.6188705563545227,0.5573220252990723,-0.0021077711135149,0.5997699499130249,0.5284347534179688,-0.023940332233905792,0.6110889911651611,0.5764941573143005,-0.02464870922267437,0.6227588653564453,0.5878658294677734,-0.01764400489628315,0.6426470279693604,0.5528222918510437,-0.00997017603367567,0.6263986825942993,0.5354412794113159,-0.03050689399242401,0.6350356340408325,0.5835279822349548,-0.02249765768647194,0.6446315050125122,0.5917393565177917,-0.00981940794736147,0.6698698401451111,0.5528026223182678,-0.019300328567624092,0.6510322093963623,0.5395896434783936,-0.028050672262907028,0.6532936692237854,0.573318600654602,-0.02011297270655632,0.6612430214881897,0.5816006064414978,-0.010677201673388481
0.6687135696411133,0.6527137756347656,-3.155022341161384e-07,0.627219557762146,0.6504147052764893,-0.009672432206571102,0.5868911743164062,0.6181682348251343,-0.014306781813502312,0.5833897590637207,0.5764262080192566,-0.020490378141403198,0.6120328903198242,0.566204309463501,-0.02418736182153225,0.6006376147270203,0.555887758731842,0.002388126216828823,0.5842706561088562,0.5305702090263367,-0.016998540610074997,0.5943495035171509,0.5682792663574219,-0.025856293737888336,0.6054543852806091,0.5836754441261292,-0.028972480446100235,0.6222856640815735,0.544036328792572,-0.0015420870622619987,0.6029704809188843,0.5139661431312561,-0.022727763280272484,0.612934947013855,0.5608953833580017,-0.023558372631669044,0.6257343888282776,0.5727635622024536,-0.016648389399051666,0.6457546949386597,0.5397208333015442,-0.009531328454613686,0.6297866702079773,0.5205591917037964,-0.029392065480351448,0.6373100280761719,0.5676224231719971,-0.02168029360473156,0.6477118730545044,0.5765281319618225,-0.009206726215779781,0.6728212833404541,0.540630042552948,-0.0189215075224638,0.6550250053405762,0.5238891243934631,-0.027026884257793427,0.655944287776947,0.5565798878669739,-0.01895342767238617,0.6642435193061829,0.5660008192062378,-0.00946277566254139
0.670307457447052,0.6557905673980713,-3.2219486456597224e-07,0.6293806433677673,0.6548082232475281,-0.00997837446630001,0.5893415808677673,0.6230672597885132,-0.014892291277647018,0.5852134227752686,0.5808934569358826,-0.02119053155183792,0.6125459671020508,0.5711475610733032,-0.024999329820275307,0.6017326712608337,0.5606383681297302,0.0021255777683109045,0.5853055715560913,0.5343437790870667,-0.01797560229897499,0.5961125493049622,0.5698559880256653,-0.02806069701910019,0.6073717474937439,0.5877237915992737,-0.03177241235971451,0.6240643262863159,0.5491191744804382,-0.0015781853580847383,0.6057309508323669,0.5196195244789124,-0.02292505092918873,0.6163159012794495,0.5652660131454468,-0.024942710995674133,0.6275649666786194,0.5796656608581543,-0.019028237089514732,0.6477103233337402,0.5446083545684814,-0.009322247467935085,0.6319052577018738,0.524945080280304,-0.029409553855657578,0.640230119228363,0.5712255835533142,-0.02249947190284729,0.6495037078857422,0.5823462009429932,-0.01064035389572382,0.67478346824646,0.544870913028717,-0.018427927047014236,0.6570090651512146,0.529132604598999,-0.02697715349495411,0.658570408821106,0.561885416507721,-0.01925947330892086,0.6656655073165894,0.5720415711402893,-0.009994925931096077
0.6727510094642639,0.6589853763580322,-3.1398676014759985e-07,0.6312853097915649,0.6575280427932739,-0.010149369016289711,0.5911417007446289,0.6254590153694153,-0.014984307810664177,0.5879305601119995,0.5827859044075012,-0.02119002304971218,0.6160394549369812,0.5722615122795105,-0.024742422625422478,0.6045398712158203,0.5636468529701233,0.0018935907864943147,0.5881617665290833,0.5366730093955994,-0.01832028292119503,0.5989342331886292,0.5730227828025818,-0.02778644859790802,0.6098839044570923,0.5889777541160583,-0.03108815848827362,0.6267163157463074,0.5521981120109558,-0.0017892882460728288,0.6077871322631836,0.5215601325035095,-0.023609958589076996,0.6182975769042969,0.5680376291275024,-0.02494485303759575,0.6299896836280823,0.580334484577179,-0.018344447016716003,0.6501240730285645,0.5477606654167175,-0.009609066881239414,0.6342499256134033,0.5281293392181396,-0.030069991946220398,0.6420779824256897,0.5752254128456116,-0.0224996916949749,0.6515042781829834,0.5846278071403503,-0.010034493170678616,0.6768988966941833,0.5480324625968933,-0.01884583942592144,0.6594447493553162,0.531701385974884,-0.027398647740483284,0.660504937171936,0.5647479295730591,-0.01941816322505474,0.667793333530426,0.5745510458946228,-0.009907577186822891
0.6643548607826233,0.6559392213821411,-3.160924677558796e-07,0.6238097548484802,0.6550911068916321,-0.01014985516667366,0.5838474631309509,0.6244260668754578,-0.015341165475547314,0.579573929309845,0.5825800895690918,-0.021876946091651917,0.6070982813835144,0.570811927318573,-0.025856057181954384,0.5953253507614136,0.5606585144996643,0.00206384458579123,0.5796307325363159,0.5344714522361755,-0.01779593713581562,0.5899060964584351,0.569621205329895,-0.02757764793932438,0.6006700992584229,0.5873523354530334,-0.03111167810857296,0.6175965070724487,0.5490154027938843,-0.0016002282500267029,0.5997967720031738,0.5205141305923462,-0.022762417793273926,0.6100237965583801,0.565657377243042,-0.024752339348196983,0.6205844283103943,0.5796899199485779,-0.01887642964720726,0.6411277055740356,0.5443066358566284,-0.009304610081017017,0.6253302097320557,0.5259055495262146,-0.029305661097168922,0.6338013410568237,0.5716671347618103,-0.02255966141819954,0.6427294015884399,0.582470178604126,-0.010864387266337872,0.6680482625961304,0.5443538427352905,-0.018374232575297356,0.6498757600784302,0.5308030247688293,-0.027083825320005417,0.6518678665161133,0.5630501508712769,-0.019654950127005577,0.6588849425315857,0.5726425647735596,-0.010569676756858826
0.6636418700218201,0.6560206413269043,-3.1812746215109655e-07,0.6230582594871521,0.6562705039978027,-0.01009917538613081,0.5829790234565735,0.6257854700088501,-0.014894756488502026,0.5783204436302185,0.5846517086029053,-0.02105742134153843,0.6055294275283813,0.5746416449546814,-0.02470109425485134,0.5939881801605225,0.5625680088996887,0.0026809778064489365,0.5783461928367615,0.5371264815330505,-0.016629396006464958,0.5893791317939758,0.5720643997192383,-0.026188384741544724,0.6000651717185974,0.589255690574646,-0.029703455045819283,0.6159659028053284,0.5505643486976624,-0.0008994829840958118,0.5980725288391113,0.5223314166069031,-0.02165360376238823,0.6089915037155151,0.567007839679718,-0.02366415597498417,0.6195582151412964,0.5808559656143188,-0.017870493233203888,0.6393858194351196,0.5455178618431091,-0.008506149053573608,0.6240871548652649,0.5271285772323608,-0.028189880773425102,0.6329482793807983,0.572426974773407,-0.021652907133102417,0.6416086554527283,0.5829951763153076,-0.01016971655189991,0.6662260890007019,0.5452945828437805,-0.017474237829446793,0.648824155330658,0.5305830240249634,-0.02582080289721489,0.6511273980140686,0.5628674626350403,-0.018345041200518608,0.6579672694206238,0.5725206732749939,-0.009330510161817074
0.6658960580825806,0.6627453565597534,-3.2037021924224973e-07,0.6253038048744202,0.6620636582374573,-0.01006276998668909,0.5853623747825623,0.6297946572303772,-0.014595197513699532,0.5816534757614136,0.5883216857910156,-0.020542090758681297,0.6093219518661499,0.5788580179214478,-0.02394660748541355,0.5973807573318481,0.5669958591461182,0.002883954206481576,0.5808773040771484,0.5418899655342102,-0.016610393300652504,0.5925841927528381,0.5771878957748413,-0.026533013209700584,0.6040056943893433,0.5939086675643921,-0.030368303880095482,0.619353175163269,0.5552041530609131,-0.0007490190328098834,0.6007243394851685,0.5263805985450745,-0.021817952394485474,0.6116863489151001,0.5716915130615234,-0.02401088736951351,0.6230879426002502,0.5853203535079956,-0.01823393441736698,0.6429172158241272,0.5505859851837158,-0.008443017490208149,0.6270138621330261,0.5315346121788025,-0.027953356504440308,0.6354250907897949,0.57721346616745,-0.021162021905183792,0.6447498798370361,0.58719402551651,-0.009506026282906532,0.6699017882347107,0.5508830547332764,-0.017576711252331734,0.6519002914428711,0.5361624956130981,-0.02549089677631855,0.6534351706504822,0.5685251951217651,-0.01776585727930069,0.6607670783996582,0.5777738690376282,-0.008650901727378368
0.670358419418335,0.6691974401473999,-3.22545957942566e-07,0.6295962929725647,0.6675273180007935,-0.010020909830927849,0.589661717414856,0.6345900297164917,-0.014756926335394382,0.5857343077659607,0.5927649736404419,-0.02090403251349926,0.6126948595046997,0.5835170745849609,-0.024530811235308647,0.6016991138458252,0.5709691047668457,0.0031165822874754667,0.586039125919342,0.5451279878616333,-0.016786305233836174,0.5969833731651306,0.5801417231559753,-0.0268230140209198,0.6077228784561157,0.5979738831520081,-0.03051999770104885,0.6241604685783386,0.5592970848083496,-0.0006110082031227648,0.6063967943191528,0.5310449004173279,-0.021958092227578163,0.6170128583908081,0.5763477683067322,-0.02435724437236786,0.6274049282073975,0.5906524658203125,-0.018635932356119156,0.6479619145393372,0.5547972321510315,-0.008434310555458069,0.6321624517440796,0.5369104146957397,-0.028493152931332588,0.6407804489135742,0.5825484395027161,-0.022046593949198723,0.6495741605758667,0.5928032994270325,-0.010505450889468193,0.6751059293746948,0.5551462769508362,-0.017622780054807663,0.6567089557647705,0.5420265793800354,-0.026133554056286812,0.6588903665542603,0.5744836926460266,-0.018662864342331886,0.6660281419754028,0.5832573175430298,-0.009561106562614441
0.6721639037132263,0.6704515218734741,-3.231358221000846e-07,0.6313514709472656,0.6698858141899109,-0.01077062077820301,0.5911916494369507,0.6366923451423645,-0.015523506328463554,0.5871702432632446,0.5942257046699524,-0.021533288061618805,0.6146121621131897,0.5855878591537476,-0.024811550974845886,0.6038618683815002,0.5726049542427063,0.0023731598630547523,0.5879799127578735,0.5465232133865356,-0.01748005300760269,0.5990755558013916,0.5824934244155884,-0.02742180787026882,0.6096653342247009,0.599253237247467,-0.031267035752534866,0.626447319984436,0.5610584020614624,-0.0009580972255207598,0.6085565686225891,0.5320656299591064,-0.022177165374159813,0.6187790036201477,0.5780361294746399,-0.02414315938949585,0.6291264891624451,0.5914452075958252,-0.018283158540725708,0.6502987146377563,0.5570492148399353,-0.008471761830151081,0.6349686980247498,0.5377374291419983,-0.02855098433792591,0.6423364281654358,0.5842815637588501,-0.021730704233050346,0.6506575345993042,0.5947971343994141,-0.010001997463405132,0.6774155497550964,0.557930588722229,-0.01745934598147869,0.660161018371582,0.5427969694137573,-0.026077421382069588,0.6607862114906311,0.5755217671394348,-0.018681293353438377,0.6669646501541138,0.5853238701820374,-0.009695216082036495
0.6736162304878235,0.6703944206237793,-3.253773570577323e-07,0.6329039335250854,0.670549213886261,-0.011064973659813404,0.5922417640686035,0.6373660564422607,-0.015896275639533997,0.5882609486579895,0.5945063233375549,-0.021884653717279434,0.6160699129104614,0.58599454164505,-0.02506398782134056,0.6041935086250305,0.5734027028083801,0.0018876432441174984,0.5884954333305359,0.5474014282226562,-0.018144505098462105,0.5998780727386475,0.5837451219558716,-0.02774595096707344,0.6102643013000488,0.6000931262969971,-0.03127513825893402,0.6268792152404785,0.5616762042045593,-0.0013435697183012962,0.6090813279151917,0.5333320498466492,-0.022922968491911888,0.6198356747627258,0.5793898105621338,-0.024596236646175385,0.6297632455825806,0.5918128490447998,-0.018404679372906685,0.6507274508476257,0.5573347806930542,-0.008801941759884357,0.6355717182159424,0.5391558408737183,-0.029380029067397118,0.6437427401542664,0.5858017802238464,-0.022418897598981857,0.6518059372901917,0.59517502784729,-0.010460559278726578,0.6777393817901611,0.5576141476631165,-0.017723863944411278,0.6605578660964966,0.5432620048522949,-0.026497090235352516,0.6619435548782349,0.5765050649642944,-0.018953345715999603,0.6681323051452637,0.5856786370277405,-0.00981121975928545
0.6740992069244385,0.6676387786865234,-3.1594103688803443e-07,0.6331843137741089,0.6666086912155151,-0.010320817120373249,0.5939766764640808,0.6354151368141174,-0.015369943343102932,0.5900064706802368,0.5933788418769836,-0.02180377021431923,0.6170536875724792,0.582321047782898,-0.025530371814966202,0.606785237789154,0.5724005699157715,0.0022591385059058666,0.5904515981674194,0.5458350777626038,-0.018125448375940323,0.6015617251396179,0.5813829302787781,-0.028179412707686424,0.6125583052635193,0.5983718633651733,-0.03182527795433998,0.6289642453193665,0.5608423948287964,-0.0013088567648082972,0.610774040222168,0.5307850241661072,-0.023125410079956055,0.6212992668151855,0.5761092305183411,-0.0252649188041687,0.6321728825569153,0.5889238119125366,-0.019344862550497055,0.6523693203926086,0.5562213659286499,-0.008996466174721718,0.6369002461433411,0.5370033383369446,-0.02959357760846615,0.6446428298950195,0.5830771923065186,-0.022780518978834152,0.6534690856933594,0.5928615927696228,-0.010875863023102283,0.6790686845779419,0.5561679601669312,-0.018072480335831642,0.6615944504737854,0.5410568714141846,-0.02684355340898037,0.6625171899795532,0.5737776756286621,-0.019244853407144547,0.6691914200782776,0.5835539102554321,-0.009986774064600468
0.6749244332313538,0.6666706204414368,-3.104841255208157e-07,0.6337847709655762,0.6658526062965393,-0.0100295664742589,0.5938742756843567,0.6339356303215027,-0.01480336394160986,0.591359555721283,0.5920345783233643,-0.02099112793803215,0.6198198795318604,0.5822217464447021,-0.024660717695951462,0.6067957282066345,0.5717427134513855,0.00207302113994956,0.5910428166389465,0.5448541641235352,-0.01803724281489849,0.6014472842216492,0.5806361436843872,-0.0279335118830204,0.6124160885810852,0.5975909233093262,-0.03160058706998825,0.6290522217750549,0.5601479411125183,-0.0016614304622635245,0.6106011271476746,0.5291885733604431,-0.023328520357608795,0.6206621527671814,0.5751143097877502,-0.025163209065794945,0.6323087215423584,0.5887374877929688,-0.018938899040222168,0.6526503562927246,0.5558522939682007,-0.00946950912475586,0.6375018954277039,0.5364953279495239,-0.02967243641614914,0.6449854969978333,0.5832757949829102,-0.02262544259428978,0.654075562953949,0.5938619375228882,-0.010560131631791592,0.6794995069503784,0.5562791228294373,-0.018671201542019844,0.6622856259346008,0.5404725074768066,-0.027114830911159515,0.6633450388908386,0.5732568502426147,-0.01934308186173439,0.6703234314918518,0.5830604434013367,-0.010024446062743664
0.6753107905387878,0.6642642021179199,-3.126103820250137e-07,0.6345286965370178,0.6646615266799927,-0.010833915323019028,0.5945407748222351,0.633480429649353,-0.016070352867245674,0.5912901759147644,0.5918828248977661,-0.022551070898771286,0.6192275881767273,0.5825367569923401,-0.026418190449476242,0.6068686246871948,0.5703232288360596,0.0006042535533197224,0.5910676717758179,0.5433139204978943,-0.01957952044904232,0.6014549732208252,0.5791177749633789,-0.029262231662869453,0.6120073795318604,0.5960896015167236,-0.03279266133904457,0.6293513178825378,0.559097170829773,-0.002814686391502619,0.6111115217208862,0.5286659598350525,-0.024477850645780563,0.6209195256233215,0.5744908452033997,-0.026094041764736176,0.6316254734992981,0.5877310633659363,-0.01986989751458168,0.6529541611671448,0.5548993945121765,-0.010312945581972599,0.638059139251709,0.535239577293396,-0.030718287453055382,0.645474374294281,0.5819390416145325,-0.023541951552033424,0.6541271805763245,0.5927056670188904,-0.011441302485764027,0.6796717047691345,0.5553392767906189,-0.01924854889512062,0.6627323627471924,0.5385211706161499,-0.02796737663447857,0.6637181043624878,0.571194589138031,-0.020212968811392784,0.670430064201355,0.5813732743263245,-0.010894916951656342
0.6752918362617493,0.66527259349823,-3.2452965115226107e-07,0.6352143883705139,0.6665774583816528,-0.011020553298294544,0.5950173139572144,0.6351959705352783,-0.015914827585220337,0.592366635799408,0.5937312245368958,-0.02196796052157879,0.6202130913734436,0.5837005972862244,-0.025156300514936447,0.6062456369400024,0.5729742050170898,0.000625111919362098,0.5906286835670471,0.5464346408843994,-0.01943385787308216,0.6024066209793091,0.5833167433738708,-0.028985189273953438,0.6125248670578003,0.5996271371841431,-0.0325942300260067,0.6285454630851746,0.5609838366508484,-0.0024667640682309866,0.6107311248779297,0.5313054323196411,-0.023967333137989044,0.6217095851898193,0.5778934359550476,-0.025488069280982018,0.6314446330070496,0.5896575450897217,-0.019373001530766487,0.652077317237854,0.5560751557350159,-0.009661925956606865,0.6374827027320862,0.535934329032898,-0.029460111632943153,0.6454805135726929,0.5826177597045898,-0.022013653069734573,0.6533088088035583,0.5916619300842285,-0.010062613524496555,0.6787469387054443,0.5554302334785461,-0.018382813781499863,0.6630136966705322,0.5394799709320068,-0.026611363515257835,0.6639772057533264,0.5719273090362549,-0.0189632847905159,0.6698121428489685,0.5806805491447449,-0.009944969788193703
0.6746829152107239,0.6646943092346191,-3.121614895462699e-07,0.6344759464263916,0.6646694540977478,-0.010406427085399628,0.5949981212615967,0.6339350938796997,-0.01521572470664978,0.5916864275932312,0.5929354429244995,-0.021347859874367714,0.6191813945770264,0.5830971598625183,-0.02490861527621746,0.6062236428260803,0.5719899535179138,0.0014934779610484838,0.591006338596344,0.5450114607810974,-0.018080132082104683,0.6016654968261719,0.5798107981681824,-0.027571337297558784,0.6119887232780457,0.5969975590705872,-0.031063372269272804,0.6285758018493652,0.5603894591331482,-0.0019720520358532667,0.6110002994537354,0.5300636291503906,-0.023129645735025406,0.6211839914321899,0.5753573179244995,-0.024955641478300095,0.6313865184783936,0.5886608362197876,-0.01899822987616062,0.6522265076637268,0.5556817054748535,-0.009438108652830124,0.6382145881652832,0.5354820489883423,-0.029224872589111328,0.6454748511314392,0.581485390663147,-0.022300923243165016,0.6532582640647888,0.5919947028160095,-0.010559851303696632,0.6789519786834717,0.5556689500808716,-0.018313774839043617,0.6631731986999512,0.5384930372238159,-0.02643759921193123,0.6639793515205383,0.5705358386039734,-0.01866920292377472,0.6699458360671997,0.5802755355834961,-0.009510866366326809
0.6760552525520325,0.6645665168762207,-3.185002128702763e-07,0.6360207796096802,0.664851188659668,-0.01087956689298153,0.5965093374252319,0.6339457035064697,-0.016133004799485207,0.5930606722831726,0.5937508344650269,-0.0225532203912735,0.6202266216278076,0.5836048722267151,-0.026144294068217278,0.6078607439994812,0.5711867213249207,-8.597844134783372e-05,0.591446578502655,0.5446300506591797,-0.020080281421542168,0.6032707691192627,0.5807637572288513,-0.029497729614377022,0.6138929724693298,0.5971255302429199,-0.03295007720589638,0.6304159164428711,0.5598497986793518,-0.003367252880707383,0.6123383045196533,0.5301713347434998,-0.02508048713207245,0.6232278943061829,0.5759465098381042,-0.02672622725367546,0.633115291595459,0.5885629653930664,-0.02068575844168663,0.6539728045463562,0.5551626086235046,-0.010628021322190762,0.6391960978507996,0.5354874730110168,-0.030681820586323738,0.6471881866455078,0.5817984342575073,-0.02332506887614727,0.655066967010498,0.5917637944221497,-0.01137682143598795,0.6805260181427002,0.5548232197761536,-0.019357047975063324,0.6645305156707764,0.538773775100708,-0.02773728035390377,0.6653730869293213,0.5711199641227722,-0.020040538161993027,0.6710913181304932,0.5808293223381042,-0.0109401298686862
0.6716368198394775,0.6628093719482422,-3.1206170092445973e-07,0.6314104795455933,0.6632054448127747,-0.009934892877936363,0.5917909741401672,0.6308792233467102,-0.014384469948709011,0.5888599753379822,0.5907536149024963,-0.02011963725090027,0.6154360771179199,0.5818151831626892,-0.02318255417048931,0.6021608114242554,0.5705549120903015,0.0014880618546158075,0.587520956993103,0.5427250862121582,-0.017804469913244247,0.5990951657295227,0.5783326029777527,-0.027494201436638832,0.6092534065246582,0.5962472558021545,-0.031228620558977127,0.624518096446991,0.5586133003234863,-0.002058167941868305,0.6083247065544128,0.5293791890144348,-0.02296045422554016,0.6194626092910767,0.5746707320213318,-0.025170868262648582,0.628823459148407,0.5889811515808105,-0.019616980105638504,0.6480939388275146,0.5535714030265808,-0.009455597028136253,0.6346826553344727,0.5348762273788452,-0.02805747464299202,0.6432527303695679,0.5799335241317749,-0.02109142579138279,0.6507085561752319,0.5906701683998108,-0.00977995153516531,0.674702525138855,0.5531484484672546,-0.01832069829106331,0.6595821380615234,0.5401034355163574,-0.02571014314889908,0.6615157723426819,0.5708719491958618,-0.018093664199113846,0.6670805215835571,0.5790430307388306,-0.009306506253778934
0.634459376335144,0.6904874444007874,-3.478523922240129e-07,0.5965851545333862,0.6894745826721191,-0.006958826910704374,0.5567539930343628,0.6618517637252808,-0.010956205427646637,0.5486937761306763,0.6273489594459534,-0.01694684475660324,0.5723816156387329,0.6159724593162537,-0.020575134083628654,0.5671373009681702,0.5919429063796997,0.004038524813950062,0.5480300188064575,0.5777382254600525,-0.014187348075211048,0.5571292638778687,0.6151922345161438,-0.022123701870441437,0.5686511397361755,0.628154993057251,-0.024902187287807465,0.5878968834877014,0.5796040296554565,-0.0013593906769528985,0.5653892755508423,0.5604979395866394,-0.021700724959373474,0.575980544090271,0.6076919436454773,-0.022004254162311554,0.5889860391616821,0.6189256310462952,-0.015187732875347137,0.6115847826004028,0.5740006566047668,-0.010463257320225239,0.5922054648399353,0.565678060054779,-0.029504893347620964,0.60130774974823,0.6110698580741882,-0.02137834206223488,0.6115818023681641,0.6176510453224182,-0.00932592898607254,0.639045238494873,0.5737536549568176,-0.02072051912546158,0.6183146834373474,0.5661616921424866,-0.028384678065776825,0.6212960481643677,0.5985249280929565,-0.02008773200213909,0.6293884515762329,0.6055250763893127,-0.01075077336281538
0.6386106014251709,0.6936626434326172,-3.505861343455763e-07,0.6007475852966309,0.6919698715209961,-0.008774254471063614,0.5600194931030273,0.6633861064910889,-0.0137419318780303,0.5494484901428223,0.6256711483001709,-0.02032695710659027,0.5731282830238342,0.612381637096405,-0.02421301044523716,0.5710484385490417,0.5941345691680908,0.0022482459899038076,0.5514978766441345,0.5747774243354797,-0.01629212126135826,0.5631442666053772,0.612424910068512,-0.024137884378433228,0.5743044018745422,0.6247842907905579,-0.026926133781671524,0.5923988819122314,0.581525981426239,-0.0021039543207734823,0.570644736289978,0.5616574287414551,-0.02274068258702755,0.5826994180679321,0.6084413528442383,-0.022993173450231552,0.5945676565170288,0.6182165741920471,-0.016245093196630478,0.6157615780830383,0.5752530097961426,-0.010302654467523098,0.5955310463905334,0.5657796263694763,-0.030028987675905228,0.6062204241752625,0.611518144607544,-0.021821467205882072,0.6169669032096863,0.6173919439315796,-0.009668468497693539,0.6427209973335266,0.5740422010421753,-0.019744915887713432,0.6207022666931152,0.5670475959777832,-0.028378456830978394,0.6245443224906921,0.5997081398963928,-0.02045169286429882,0.6334843039512634,0.6062079668045044,-0.011232624761760235
0.6591016054153442,0.6814659833908081,-3.539334727520327e-07,0.6188876628875732,0.679254949092865,-0.008989514783024788,0.5786185264587402,0.6468726992607117,-0.01328074187040329,0.5733949542045593,0.6065557599067688,-0.019174840301275253,0.5987058281898499,0.5964216589927673,-0.02222587540745735,0.5919780135154724,0.5834910869598389,0.0019294207450002432,0.5744525194168091,0.5585986375808716,-0.017866533249616623,0.5864944458007812,0.5973835587501526,-0.026785947382450104,0.5965096354484558,0.6110897064208984,-0.029953638091683388,0.6145784258842468,0.5736674070358276,-0.0021794489584863186,0.5950695276260376,0.5468613505363464,-0.023818863555788994,0.6068923473358154,0.594925582408905,-0.024922722950577736,0.6171013712882996,0.6055679321289062,-0.018479077145457268,0.6380957365036011,0.5689630508422852,-0.01017799787223339,0.6201669573783875,0.550634503364563,-0.030269378796219826,0.6296263337135315,0.5984792113304138,-0.02194858156144619,0.6387652158737183,0.6067154407501221,-0.009371817111968994,0.6647311449050903,0.5685279965400696,-0.01947726681828499,0.6457158923149109,0.5549180507659912,-0.02791583351790905,0.6482840776443481,0.587796151638031,-0.019602032378315926,0.6557653546333313,0.5955184102058411,-0.009980273433029652
0.6597102284431458,0.6858106851577759,-3.3976502322730084e-07,0.6192520260810852,0.6841756701469421,-0.0089167021214962,0.578741192817688,0.6497660279273987,-0.01297005545347929,0.5742324590682983,0.6087316274642944,-0.018483923748135567,0.6004919409751892,0.6008154153823853,-0.021462542936205864,0.5928514003753662,0.5860931873321533,0.002574437763541937,0.5755175948143005,0.5619058012962341,-0.01598508469760418,0.5866166353225708,0.598853349685669,-0.024515358731150627,0.5971901416778564,0.6141460537910461,-0.02763868309557438,0.6151039600372314,0.5747365355491638,-0.001431412878446281,0.5958808064460754,0.5487242341041565,-0.021923456341028214,0.6065680980682373,0.5955042243003845,-0.022929487749934196,0.6175228357315063,0.6080784201622009,-0.01651647873222828,0.6386505365371704,0.5702735781669617,-0.00929354876279831,0.6214238405227661,0.5547548532485962,-0.028525980189442635,0.6298707127571106,0.6010092496871948,-0.021109964698553085,0.6393004655838013,0.6094560623168945,-0.009340017102658749,0.6656166315078735,0.5704211592674255,-0.018452996388077736,0.6464019417762756,0.5585218071937561,-0.026766089722514153,0.6485777497291565,0.591153085231781,-0.01918637752532959,0.6563533544540405,0.5992529392242432,-0.010215574875473976
0.6590603590011597,0.6840050220489502,-3.4376151347714767e-07,0.6189508438110352,0.6818552017211914,-0.008910277858376503,0.5789697170257568,0.6481632590293884,-0.013107567094266415,0.573797881603241,0.6074749827384949,-0.01895132288336754,0.5992704629898071,0.598072350025177,-0.022243447601795197,0.5922836065292358,0.5864503383636475,0.0028305707965046167,0.5746758580207825,0.560091495513916,-0.01605525240302086,0.5861098766326904,0.5970463156700134,-0.024877013638615608,0.5969066023826599,0.6128743886947632,-0.028082020580768585,0.6143327951431274,0.5752391219139099,-0.0012159220641478896,0.5953657031059265,0.5472384095191956,-0.021965838968753815,0.6064507961273193,0.5939326286315918,-0.023303890600800514,0.6172469854354858,0.6069695949554443,-0.01708790473639965,0.6376657485961914,0.5702829360961914,-0.009112989529967308,0.6207219958305359,0.5527567863464355,-0.028413625434041023,0.6294257044792175,0.5991256237030029,-0.020789004862308502,0.6385961174964905,0.6086865067481995,-0.008827061392366886,0.6643227338790894,0.5698371529579163,-0.0183253213763237,0.6452441811561584,0.5564211010932922,-0.026390694081783295,0.6474056243896484,0.5891137719154358,-0.01832037791609764,0.6548582315444946,0.5983905792236328,-0.008997544646263123
0.6589312553405762,0.6840201616287231,-3.3983738489951065e-07,0.618706226348877,0.6822293400764465,-0.009231741540133953,0.5790441036224365,0.6483895778656006,-0.013511239551007748,0.5751834511756897,0.608478844165802,-0.019373616203665733,0.6011537313461304,0.5997826457023621,-0.02268204465508461,0.5923336744308472,0.5863263010978699,0.0025191570166498423,0.5752366781234741,0.5602062940597534,-0.016895005479454994,0.5870190858840942,0.5972373485565186,-0.026359422132372856,0.5977054834365845,0.6139585971832275,-0.029833612963557243,0.6147214770317078,0.5753922462463379,-0.001420746324583888,0.596550464630127,0.5470048785209656,-0.022709477692842484,0.6075841784477234,0.5934159755706787,-0.02476075291633606,0.6176366209983826,0.6077938675880432,-0.018899422138929367,0.6383976340293884,0.570654571056366,-0.009222330525517464,0.6220200657844543,0.552806556224823,-0.028931163251399994,0.6310402750968933,0.5997812151908875,-0.021815195679664612,0.639631986618042,0.6108722686767578,-0.010004381649196148,0.6651865839958191,0.5703185796737671,-0.0183181744068861,0.646763801574707,0.5569983720779419,-0.02647189423441887,0.649003803730011,0.5900114178657532,-0.018502214923501015,0.655846357345581,0.5994196534156799,-0.009166927076876163
0.6591289639472961,0.6827985644340515,-3.4309834973100806e-07,0.6183826923370361,0.680217981338501,-0.008570569567382336,0.5788934230804443,0.6471379995346069,-0.012749104760587215,0.5737423896789551,0.6066141128540039,-0.018646864220499992,0.5992408990859985,0.5976039171218872,-0.02201995998620987,0.5932592749595642,0.5849148035049438,0.003263485850766301,0.5761479735374451,0.5583875775337219,-0.015808986499905586,0.5868959426879883,0.5951862931251526,-0.025051135569810867,0.5972989201545715,0.6119325757026672,-0.02849055640399456,0.6151105761528015,0.5741806626319885,-0.0008704861393198371,0.5962293744087219,0.5460100173950195,-0.021511442959308624,0.6066974401473999,0.5924418568611145,-0.023258483037352562,0.6171701550483704,0.6059607267379761,-0.017423531040549278,0.6383861899375916,0.569431483745575,-0.008830960839986801,0.6211062073707581,0.551407516002655,-0.027730504050850868,0.6296713352203369,0.5975210070610046,-0.02041534148156643,0.6388646364212036,0.6071670055389404,-0.008818342350423336,0.6650841236114502,0.5691652894020081,-0.01809561252593994,0.6459366083145142,0.5564020872116089,-0.02583055943250656,0.6480361223220825,0.5884039402008057,-0.0180002860724926,0.6555513143539429,0.5966802835464478,-0.008961493149399757
0.6605814695358276,0.6805816292762756,-3.331004165829654e-07,0.6196629405021667,0.6779670119285583,-0.00866155419498682,0.5807498097419739,0.644420862197876,-0.012943343259394169,0.5770334005355835,0.604057252407074,-0.018894599750638008,0.6030409336090088,0.596034824848175,-0.02247554063796997,0.5948072671890259,0.5820029973983765,0.002877575345337391,0.5779163837432861,0.5561996102333069,-0.0161445215344429,0.5880200266838074,0.592363178730011,-0.02565011754631996,0.5986289381980896,0.6101654767990112,-0.029186159372329712,0.6167238354682922,0.5717325806617737,-0.0012011138023808599,0.5982924699783325,0.543575644493103,-0.021503807976841927,0.6080661416053772,0.5894114375114441,-0.02340283989906311,0.6187610030174255,0.6039965748786926,-0.017735028639435768,0.6400898694992065,0.567808985710144,-0.00905598234385252,0.6235759258270264,0.5486315488815308,-0.027745317667722702,0.6315519213676453,0.594869077205658,-0.02065253257751465,0.6408002376556396,0.6063371896743774,-0.009174078702926636,0.6668479442596436,0.5684633851051331,-0.018200352787971497,0.648542582988739,0.5540207028388977,-0.02587169222533703,0.6500608325004578,0.5858651995658875,-0.018057530745863914,0.6572623252868652,0.5952579975128174,-0.00898570753633976
0.6612011790275574,0.6801496148109436,-3.3051844638976036e-07,0.6205487847328186,0.678197979927063,-0.009004661813378334,0.5818341374397278,0.6455114483833313,-0.01342338789254427,0.5783575773239136,0.6045932173728943,-0.019462011754512787,0.6042765974998474,0.5945756435394287,-0.022989440709352493,0.5953128337860107,0.5824124217033386,0.0032878771889954805,0.5790199637413025,0.5561344623565674,-0.016185948625206947,0.5893470048904419,0.5921730399131775,-0.025865664705634117,0.600082516670227,0.6098072528839111,-0.029361482709646225,0.617359459400177,0.5718211531639099,-0.0006779387476854026,0.5991463661193848,0.5423966646194458,-0.02139880880713463,0.6089617013931274,0.5879421234130859,-0.023356476798653603,0.6198598742485046,0.601691722869873,-0.01752340979874134,0.6406700611114502,0.5675910711288452,-0.008573709987103939,0.624422550201416,0.5481460690498352,-0.027620915323495865,0.632210373878479,0.5939157605171204,-0.020548924803733826,0.6414592266082764,0.604030430316925,-0.008908472023904324,0.6674456000328064,0.5677900314331055,-0.017803005874156952,0.6488023996353149,0.5530120134353638,-0.025526437908411026,0.6501680016517639,0.5852084159851074,-0.017657505348324776,0.657497763633728,0.594516932964325,-0.008460663259029388
0.6616864800453186,0.683912456035614,-3.329154196762829e-07,0.6219924092292786,0.680169939994812,-0.009111015126109123,0.5835700631141663,0.6486350893974304,-0.01404881663620472,0.5779072642326355,0.6092988848686218,-0.020641425624489784,0.6023760437965393,0.5978989601135254,-0.024671517312526703,0.5970768332481384,0.5858022570610046,0.0024151664692908525,0.5800878405570984,0.5589918494224548,-0.017104724422097206,0.5907458066940308,0.5959475040435791,-0.026787642389535904,0.6013484001159668,0.6131251454353333,-0.030392903834581375,0.6190823912620544,0.5756798386573792,-0.0015713146422058344,0.6004433035850525,0.5463558435440063,-0.022333703935146332,0.6105513572692871,0.5921270251274109,-0.024358687922358513,0.6210018992424011,0.606360137462616,-0.018810519948601723,0.6424174308776855,0.5714083313941956,-0.009391410276293755,0.6253688931465149,0.5516884922981262,-0.02821848727762699,0.6335426568984985,0.5972504019737244,-0.020948126912117004,0.6427052021026611,0.6081382036209106,-0.00943404994904995,0.6691650152206421,0.5716612935066223,-0.018555277958512306,0.650579571723938,0.5571770071983337,-0.026198366656899452,0.6521578431129456,0.5884889960289001,-0.01839616894721985,0.6592620611190796,0.5975991487503052,-0.009389609098434448
0.6638145446777344,0.6858985424041748,-3.3620005979173584e-07,0.6232221722602844,0.683539867401123,-0.00921216607093811,0.583937406539917,0.6491810083389282,-0.013563206419348717,0.5796055197715759,0.6077180504798889,-0.019361263141036034,0.6051205992698669,0.599492073059082,-0.022495795041322708,0.598850429058075,0.5865820050239563,0.0023865855764597654,0.5816326141357422,0.5601251125335693,-0.016747532412409782,0.5926591157913208,0.5973575115203857,-0.02605530247092247,0.6032463908195496,0.6140230894088745,-0.029550904408097267,0.6207001209259033,0.5762127637863159,-0.0013068330008536577,0.6017889976501465,0.547146201133728,-0.02160220593214035,0.6121430993080139,0.5933951139450073,-0.0229327455163002,0.6231158375740051,0.6062759757041931,-0.016929032281041145,0.6438668966293335,0.5723074674606323,-0.008879128843545914,0.6269516944885254,0.5523523092269897,-0.027262412011623383,0.6348251700401306,0.5980806350708008,-0.01954420655965805,0.6443901658058167,0.6075072288513184,-0.007856081239879131,0.6705604791641235,0.5727619528770447,-0.01786651276051998,0.6520048975944519,0.5578895807266235,-0.02535693719983101,0.6534622311592102,0.5894274711608887,-0.017509665340185165,0.6611518859863281,0.5977609753608704,-0.008533583022654057
0.6647561192512512,0.6881850361824036,-3.297399757684616e-07,0.624036431312561,0.6861127614974976,-0.009548494592308998,0.5842162370681763,0.651641845703125,-0.013953070156276226,0.580252468585968,0.6097263097763062,-0.019769614562392235,0.6069923639297485,0.6011938452720642,-0.022949548438191414,0.5985262393951416,0.5880067944526672,0.0030826705042272806,0.5820724368095398,0.563027560710907,-0.01630076766014099,0.5928133726119995,0.5998461842536926,-0.02565586380660534,0.6038758754730225,0.615862250328064,-0.029083533212542534,0.6205443739891052,0.5769999027252197,-0.0006145533989183605,0.6020450592041016,0.5485427379608154,-0.021382799372076988,0.6122876405715942,0.5952218770980835,-0.022702403366565704,0.6237768530845642,0.6075586676597595,-0.016342509537935257,0.6438946723937988,0.5729126334190369,-0.008346975781023502,0.6275996565818787,0.5545962452888489,-0.02764231525361538,0.6351367235183716,0.6010909676551819,-0.020214470103383064,0.6446223855018616,0.6098288297653198,-0.008260337635874748,0.6707558631896973,0.5732625126838684,-0.017478132620453835,0.6525906324386597,0.5588650107383728,-0.025383999571204185,0.6536170244216919,0.5916422009468079,-0.017513372004032135,0.6609688997268677,0.6004690527915955,-0.008285723626613617
0.6647107005119324,0.6886974573135376,-3.2560222962274565e-07,0.6244626641273499,0.687024712562561,-0.009654480963945389,0.5852099061012268,0.65400630235672,-0.014048811979591846,0.5808585286140442,0.6122384667396545,-0.019917568191885948,0.6068739891052246,0.6023139953613281,-0.02317238226532936,0.5987346768379211,0.5907760858535767,0.0037445565685629845,0.582983672618866,0.5642688274383545,-0.015803828835487366,0.5932546854019165,0.5994448065757751,-0.02560526318848133,0.6038042902946472,0.6166365146636963,-0.029234856367111206,0.6206401586532593,0.5795259475708008,1.9532681108103134e-05,0.6028859615325928,0.5498262643814087,-0.020935432985424995,0.6126285195350647,0.5958753824234009,-0.02289472334086895,0.623306930065155,0.6096328496932983,-0.016919482499361038,0.6440668106079102,0.575351357460022,-0.007790734060108662,0.6284336447715759,0.5556272268295288,-0.027494685724377632,0.635552704334259,0.6020654439926147,-0.020562851801514626,0.6444236040115356,0.6123132109642029,-0.008789188228547573,0.6710119843482971,0.5759058594703674,-0.016982940956950188,0.6533463001251221,0.5607519149780273,-0.025386717170476913,0.6537604331970215,0.5937542915344238,-0.017795247957110405,0.6602769494056702,0.6037418842315674,-0.008642209693789482
0.6641036868095398,0.6905810236930847,-3.254435512189957e-07,0.6235054135322571,0.6879565715789795,-0.00956663303077221,0.5845601558685303,0.6535072922706604,-0.01418854296207428,0.5804200172424316,0.6116474270820618,-0.020264573395252228,0.606509804725647,0.6029845476150513,-0.023762701079249382,0.5986987352371216,0.5904611349105835,0.0030822434928268194,0.5826513171195984,0.5647814273834229,-0.016387002542614937,0.5931594371795654,0.6008298397064209,-0.025960838422179222,0.6038578748703003,0.6178745031356812,-0.02944408543407917,0.6206485629081726,0.5794652104377747,-0.0005290256813168526,0.6026208400726318,0.5509507656097412,-0.02120477892458439,0.6126044988632202,0.5969107151031494,-0.022787373512983322,0.6235442161560059,0.610360860824585,-0.01666083186864853,0.6440191268920898,0.5754014849662781,-0.008157086558640003,0.6280686259269714,0.5575953722000122,-0.02747802808880806,0.6355253458023071,0.6034237146377563,-0.02050667442381382,0.6447722911834717,0.6132166385650635,-0.008838150650262833,0.6708215475082397,0.5758380889892578,-0.01713847555220127,0.6527087688446045,0.5618855953216553,-0.025175685063004494,0.6540155410766602,0.5935313701629639,-0.017657047137618065,0.6615332961082458,0.6021063923835754,-0.008636580780148506
0.6658448576927185,0.6905260682106018,-3.259847858316789e-07,0.6253188848495483,0.6890013217926025,-0.009762142784893513,0.586489737033844,0.6554138660430908,-0.014410890638828278,0.5826404094696045,0.6138288974761963,-0.020507194101810455,0.6088982820510864,0.6047120690345764,-0.024079807102680206,0.6009952425956726,0.5915845632553101,0.0030053111258894205,0.5851000547409058,0.5658982992172241,-0.01645815372467041,0.59493088722229,0.6017777323722839,-0.025999896228313446,0.6058663129806519,0.6193428039550781,-0.029510511085391045,0.6229302287101746,0.5804651975631714,-0.0007090213475748897,0.6047486662864685,0.5509153008460999,-0.021696781739592552,0.6142352819442749,0.5970094203948975,-0.023501746356487274,0.6256903409957886,0.6105784177780151,-0.017411231994628906,0.646281898021698,0.5763429999351501,-0.00845511257648468,0.6304489374160767,0.5583271980285645,-0.027953246608376503,0.6375365257263184,0.6041515469551086,-0.02106085978448391,0.6469157934188843,0.6132299304008484,-0.009421597234904766,0.673128604888916,0.5768262147903442,-0.017588112503290176,0.6550202369689941,0.5632956624031067,-0.02562771923840046,0.6558920741081238,0.5956189632415771,-0.018017562106251717,0.6632780432701111,0.6041492223739624,-0.00897806417196989
0.6664444208145142,0.6902222633361816,-3.257652849697479e-07,0.6258652210235596,0.6886916160583496,-0.009561899118125439,0.5864548683166504,0.6547082662582397,-0.013934200629591942,0.5817892551422119,0.6124288439750671,-0.01974259875714779,0.6077572703361511,0.6035448908805847,-0.023015670478343964,0.6002874374389648,0.5919626355171204,0.003289923071861267,0.5843007564544678,0.5650143623352051,-0.01575075276196003,0.5947263836860657,0.6003594398498535,-0.02522120624780655,0.6053308248519897,0.6177054047584534,-0.028771981596946716,0.6222735047340393,0.5806353688240051,-0.0003513591072987765,0.6044830083847046,0.5508471131324768,-0.020634304732084274,0.6141706109046936,0.5964195728302002,-0.02228914201259613,0.6248340606689453,0.6102421879768372,-0.016335459426045418,0.6456398367881775,0.5764926671981812,-0.007978815585374832,0.6298568844795227,0.5569647550582886,-0.026954155415296555,0.6370973587036133,0.602715253829956,-0.01989312469959259,0.6460682153701782,0.6129172444343567,-0.008314089849591255,0.6724924445152283,0.5770411491394043,-0.016991320997476578,0.6544002294540405,0.5621529817581177,-0.024966582655906677,0.6553899645805359,0.5944052934646606,-0.01732049137353897,0.6624663472175598,0.6038562655448914,-0.008303401060402393
0.6683751940727234,0.6817302107810974,-3.1503776654062676e-07,0.6270126700401306,0.6800538301467896,-0.009683783166110516,0.5879422426223755,0.6468381881713867,-0.014387418515980244,0.5840861201286316,0.6047536134719849,-0.020536022260785103,0.6106569766998291,0.596997082233429,-0.024095823988318443,0.6011187434196472,0.5849961042404175,0.002957905177026987,0.5858202576637268,0.558268666267395,-0.01651161164045334,0.5962138772010803,0.594261884689331,-0.02608610689640045,0.6064726114273071,0.6111554503440857,-0.02963852323591709,0.623162031173706,0.5736541748046875,-0.0006968295201659203,0.6059035658836365,0.5448595881462097,-0.021402571350336075,0.6161165833473206,0.5899657607078552,-0.023126937448978424,0.6265895962715149,0.6028675436973572,-0.01722176931798458,0.6465135812759399,0.5692686438560486,-0.008367367088794708,0.6319829821586609,0.5502660870552063,-0.027745384722948074,0.6394902467727661,0.5957857966423035,-0.020759698003530502,0.6478947401046753,0.6059727668762207,-0.009149652905762196,0.6732523441314697,0.5694761872291565,-0.017428413033485413,0.6568163633346558,0.554290235042572,-0.025512924417853355,0.6582474708557129,0.5861074924468994,-0.017981212586164474,0.6649707555770874,0.5953453779220581,-0.009021955542266369
0.664318323135376,0.6783782243728638,-3.19486161970417e-07,0.6239653825759888,0.6761834025382996,-0.009221907705068588,0.5858568549156189,0.6437095403671265,-0.013677433133125305,0.5825830698013306,0.6031689643859863,-0.019703932106494904,0.6086181998252869,0.5935425758361816,-0.023279719054698944,0.598530113697052,0.5818566679954529,0.002814559731632471,0.5830816030502319,0.5542969107627869,-0.016454484313726425,0.5925537943840027,0.5889196991920471,-0.026394233107566833,0.6027987599372864,0.6077027916908264,-0.03015429899096489,0.6206805109977722,0.5708799958229065,-0.001027665683068335,0.6036346554756165,0.5413627624511719,-0.021242434158921242,0.6127002835273743,0.5858625173568726,-0.02347448281943798,0.6226545572280884,0.6005807518959045,-0.01813136599957943,0.6442513465881348,0.5668864250183105,-0.008742868900299072,0.6294913291931152,0.5472567081451416,-0.027306193485856056,0.636480987071991,0.5923107266426086,-0.020619535818696022,0.6448081731796265,0.6039559841156006,-0.009475372731685638,0.6711722016334534,0.5676136612892151,-0.017840377986431122,0.6543824076652527,0.5522622466087341,-0.02538573555648327,0.6548604369163513,0.5834754705429077,-0.01783127896487713,0.6609008312225342,0.5934550762176514,-0.00899441260844469
0.6620597243309021,0.6704146265983582,-3.078421570990031e-07,0.6211005449295044,0.6677394509315491,-0.009412304498255253,0.5825520157814026,0.6365426778793335,-0.014271591790020466,0.5782682299613953,0.5959547162055969,-0.020715586841106415,0.6044742465019226,0.5857914686203003,-0.024818893522024155,0.5958960652351379,0.5742567777633667,0.003201668616384268,0.5802046060562134,0.5479470491409302,-0.016111114993691444,0.5896763205528259,0.5822002291679382,-0.026119520887732506,0.6002676486968994,0.6002857089042664,-0.02993006445467472,0.6177959442138672,0.5627540349960327,-0.0006926085334271193,0.599998950958252,0.5335308313369751,-0.021262649446725845,0.6095027327537537,0.577620804309845,-0.023683685809373856,0.6207294464111328,0.5920818448066711,-0.01829374209046364,0.6412176489830017,0.558110237121582,-0.00850077997893095,0.6260007619857788,0.5385334491729736,-0.02776111103594303,0.6333359479904175,0.5837041139602661,-0.021219542250037193,0.6425766944885254,0.5953329801559448,-0.009866478852927685,0.6681994795799255,0.5583229660987854,-0.017657406628131866,0.651084840297699,0.5426613688468933,-0.02573823183774948,0.6522020101547241,0.5740563273429871,-0.01817474514245987,0.6592413783073425,0.5840163826942444,-0.009144852869212627
0.6576706767082214,0.6574240922927856,-3.070000786919991e-07,0.6166669726371765,0.6570453643798828,-0.009274253621697426,0.5774011015892029,0.624970018863678,-0.01349862664937973,0.5736907720565796,0.5833296775817871,-0.01916159689426422,0.5996882319450378,0.573162317276001,-0.02244516648352146,0.5891256332397461,0.5629656314849854,0.003071851097047329,0.5745630264282227,0.5366135835647583,-0.01577780395746231,0.5847222208976746,0.5705028176307678,-0.025270629674196243,0.5953718423843384,0.5875844955444336,-0.028896287083625793,0.6113516092300415,0.5510777831077576,-0.0007913446170277894,0.594383955001831,0.5218102931976318,-0.020971527323126793,0.6045990586280823,0.5663424134254456,-0.02285848557949066,0.6154403686523438,0.5799179673194885,-0.01719341054558754,0.6350032687187195,0.546174943447113,-0.008544798009097576,0.6207343339920044,0.5271286964416504,-0.02745520882308483,0.6280996203422546,0.5722363591194153,-0.02065146341919899,0.6364678144454956,0.5822280049324036,-0.009357146918773651,0.6619464159011841,0.5458164811134338,-0.017651062458753586,0.6457518339157104,0.5309702157974243,-0.025494379922747612,0.6467146277427673,0.563092827796936,-0.017844926565885544,0.652872622013092,0.5724953413009644,-0.008942202664911747
0.6488145589828491,0.6546984910964966,-3.1844874115449784e-07,0.6083035469055176,0.6536216735839844,-0.009427424520254135,0.5692416429519653,0.6229415535926819,-0.014437193982303143,0.5649386644363403,0.5819734334945679,-0.020896393805742264,0.5913625359535217,0.5714882612228394,-0.02496989630162716,0.5813900828361511,0.5585978031158447,0.001992405392229557,0.565153181552887,0.5340484380722046,-0.017520278692245483,0.5755557417869568,0.5689016580581665,-0.027174413204193115,0.5867652297019958,0.5860825777053833,-0.03069547563791275,0.6033331751823425,0.5473669171333313,-0.001839374890550971,0.5846014618873596,0.5195618867874146,-0.022491123527288437,0.5952898263931274,0.5646765828132629,-0.024225719273090363,0.6071039438247681,0.5782853960990906,-0.018368929624557495,0.6268141865730286,0.5427787899971008,-0.00954761728644371,0.610546350479126,0.523915708065033,-0.028899727389216423,0.6190466284751892,0.5695673227310181,-0.021873800083994865,0.6288790106773376,0.580173134803772,-0.010235803201794624,0.6538141369819641,0.5427412390708923,-0.018576787784695625,0.635604202747345,0.5279385447502136,-0.026824485510587692,0.6374817490577698,0.5594664216041565,-0.019242173060774803,0.6451165676116943,0.5684165954589844,-0.01019943505525589
0.6492866277694702,0.6488810777664185,-3.1968568237061845e-07,0.6079771518707275,0.647739827632904,-0.009136357344686985,0.5687600374221802,0.6175963878631592,-0.013895642012357712,0.5645319819450378,0.5768427848815918,-0.02021864242851734,0.5909026265144348,0.5668439865112305,-0.023992003872990608,0.5811954140663147,0.5537639856338501,0.002800975227728486,0.5646887421607971,0.528439462184906,-0.016568901017308235,0.575442910194397,0.5641381144523621,-0.02591194212436676,0.5864458680152893,0.5809116363525391,-0.02920679748058319,0.603052020072937,0.5423446297645569,-0.0010850586695596576,0.5841347575187683,0.5151838660240173,-0.021890154108405113,0.5952101349830627,0.5603230595588684,-0.023617763072252274,0.6067906022071838,0.5728382468223572,-0.017684947699308395,0.6262359619140625,0.53714919090271,-0.0088876411318779,0.609727680683136,0.51889967918396,-0.028336701914668083,0.6184917092323303,0.5641883611679077,-0.021323442459106445,0.6282610297203064,0.5738301873207092,-0.009633811190724373,0.6530500054359436,0.5365082025527954,-0.017997628077864647,0.6348905563354492,0.5211703777313232,-0.026238784193992615,0.6370925903320312,0.5525795817375183,-0.018662117421627045,0.6449273228645325,0.561488687992096,-0.009551377035677433
0.6576257348060608,0.6087132096290588,-2.928185836026387e-07,0.6162348985671997,0.6081382036209106,-0.007904741913080215,0.5785486698150635,0.5796390175819397,-0.011248361319303513,0.5752534866333008,0.5400450825691223,-0.016363004222512245,0.6005026698112488,0.5265232920646667,-0.019126111641526222,0.5900724530220032,0.5215729475021362,0.004718445707112551,0.5761027932167053,0.495525985956192,-0.013525647111237049,0.5859167575836182,0.5302833318710327,-0.02287287265062332,0.5954588651657104,0.5456991195678711,-0.026459969580173492,0.6118098497390747,0.5095892548561096,0.0005786882247775793,0.5952069163322449,0.47990313172340393,-0.018589934334158897,0.6043391227722168,0.5220493078231812,-0.020597385242581367,0.6141165494918823,0.5336630940437317,-0.015443067066371441,0.634914219379425,0.5038667917251587,-0.0073166112415492535,0.621157705783844,0.48291531205177307,-0.02527049370110035,0.6280016303062439,0.5264061689376831,-0.01853506825864315,0.6360555291175842,0.5368098616600037,-0.00756510253995657,0.6616295576095581,0.5026987195014954,-0.016452137380838394,0.6464716792106628,0.484200119972229,-0.023790517821907997,0.6478544473648071,0.5148798823356628,-0.01617075316607952,0.6545632481575012,0.5248913764953613,-0.007390087470412254
0.652759313583374,0.6010391712188721,-2.998353920702357e-07,0.6116504669189453,0.6004207134246826,-0.008930480107665062,0.5744253993034363,0.5724287033081055,-0.01309812068939209,0.5712900161743164,0.5318244695663452,-0.019000669941306114,0.5966305732727051,0.5185064673423767,-0.02254447527229786,0.5849708318710327,0.5142703652381897,0.004351096693426371,0.5706812143325806,0.4859163463115692,-0.014180842787027359,0.5806140303611755,0.5194841623306274,-0.023791588842868805,0.5911709666252136,0.5375205278396606,-0.027431484311819077,0.6060771346092224,0.5015383362770081,0.0006710155867040157,0.589606523513794,0.47113990783691406,-0.01891063153743744,0.6001515984535217,0.514147162437439,-0.021223433315753937,0.6110043525695801,0.5278884172439575,-0.01604599691927433,0.6288628578186035,0.4952223300933838,-0.006904770154505968,0.6150839328765869,0.47353890538215637,-0.024857327342033386,0.6228940486907959,0.5166054368019104,-0.018412768840789795,0.6315285563468933,0.5279669165611267,-0.007503983564674854,0.6553995609283447,0.49379244446754456,-0.015858210623264313,0.6395693421363831,0.476480096578598,-0.023070089519023895,0.641017496585846,0.5062210559844971,-0.015719912946224213,0.6477068066596985,0.5163525342941284,-0.007096670567989349
0.6526025533676147,0.60141921043396,-2.8405889906935045e-07,0.6117907762527466,0.6013268232345581,-0.008820688351988792,0.5748746395111084,0.5739437937736511,-0.012385928072035313,0.5723150372505188,0.5333936214447021,-0.017692813649773598,0.5980109572410583,0.5204566717147827,-0.020782580599188805,0.5849071741104126,0.5178560018539429,0.005821692291647196,0.5717120170593262,0.4903051257133484,-0.012400097213685513,0.58083176612854,0.5213401317596436,-0.022422488778829575,0.5905117988586426,0.539638340473175,-0.02643640898168087,0.6058118343353271,0.5046501755714417,0.0019849345553666353,0.5895415544509888,0.473862886428833,-0.0175387691706419,0.5991854071617126,0.5151739120483398,-0.02068290114402771,0.609442412853241,0.5297941565513611,-0.016033709049224854,0.6286689639091492,0.49819067120552063,-0.005770406220108271,0.6160123348236084,0.47611427307128906,-0.02382371574640274,0.6230791211128235,0.5185911655426025,-0.018061982467770576,0.6305128931999207,0.5302283763885498,-0.007541482802480459,0.6552094221115112,0.4969916343688965,-0.014904712326824665,0.6415122747421265,0.47950032353401184,-0.022017566487193108,0.6426558494567871,0.509292483329773,-0.014689363539218903,0.6480908989906311,0.5191652178764343,-0.006166031118482351
0.6472705602645874,0.6048020720481873,-2.903220490679814e-07,0.607164740562439,0.6064305901527405,-0.009299148805439472,0.5694538354873657,0.5790431499481201,-0.013494017533957958,0.5664294362068176,0.5389291048049927,-0.019317220896482468,0.5919568538665771,0.5250242352485657,-0.022860262542963028,0.5790963768959045,0.521743893623352,0.0032957717776298523,0.5654451847076416,0.49245914816856384,-0.015474257059395313,0.5749915838241577,0.5245609283447266,-0.025212135165929794,0.5849624276161194,0.543081521987915,-0.028761783614754677,0.6005663871765137,0.5088015794754028,-0.0002904677821788937,0.5849930047988892,0.4774881899356842,-0.020101407542824745,0.5949143171310425,0.5191610455513,-0.02265259250998497,0.604615330696106,0.5344510674476624,-0.017522772774100304,0.6233701109886169,0.5023096203804016,-0.007724127732217312,0.6103825569152832,0.48038798570632935,-0.025885088369250298,0.6184751987457275,0.5227046012878418,-0.019591383635997772,0.626321017742157,0.5353776216506958,-0.008637777529656887,0.6496661901473999,0.5006681680679321,-0.01653323322534561,0.6342499256134033,0.4822048246860504,-0.02371283806860447,0.6360252499580383,0.5116448402404785,-0.016089586541056633,0.6420269012451172,0.5228461027145386,-0.007234616205096245
0.6543691158294678,0.6024941205978394,-2.9752237651337055e-07,0.6136219501495361,0.6005162000656128,-0.008818977512419224,0.5758131146430969,0.5720734596252441,-0.01274599228054285,0.573739767074585,0.5323561429977417,-0.018374834209680557,0.6010940670967102,0.521915078163147,-0.02166290581226349,0.5867054462432861,0.5147464871406555,0.004357640165835619,0.572701632976532,0.4889456629753113,-0.014054844155907631,0.5822793841362,0.523114025592804,-0.023334437981247902,0.5912249088287354,0.5390888452529907,-0.02699187397956848,0.6078426837921143,0.5018110275268555,0.00033702480141073465,0.5911064147949219,0.47304168343544006,-0.019569089636206627,0.6008527278900146,0.5160108804702759,-0.021696584299206734,0.6106654405593872,0.5286285877227783,-0.016352426260709763,0.6310120820999146,0.4958639144897461,-0.007559203077107668,0.617537260055542,0.4762754440307617,-0.02599094808101654,0.6248038411140442,0.5195479989051819,-0.019580503925681114,0.6322472095489502,0.5299404263496399,-0.008609617128968239,0.6576913595199585,0.495476633310318,-0.016804607585072517,0.6427454948425293,0.47898760437965393,-0.024241678416728973,0.6445392966270447,0.5088444352149963,-0.01683432050049305,0.6511214971542358,0.5177813172340393,-0.00819236971437931
0.6688257455825806,0.6022579073905945,-2.975244797198684e-07,0.6280258893966675,0.6005712747573853,-0.00950425211340189,0.5900210738182068,0.5711790919303894,-0.013161877170205116,0.5877511501312256,0.5292973518371582,-0.01841645874083042,0.6145071983337402,0.5174667239189148,-0.020968517288565636,0.6005644798278809,0.5147691965103149,0.005045103840529919,0.5872861742973328,0.4858373701572418,-0.01356817502528429,0.5972716212272644,0.5200051069259644,-0.02292424999177456,0.6065617799758911,0.5372600555419922,-0.02644222229719162,0.6223363876342773,0.5020238161087036,0.0014549503102898598,0.6064841747283936,0.47048091888427734,-0.018402479588985443,0.6168435215950012,0.5139212012290955,-0.020430810749530792,0.6266080141067505,0.5267074108123779,-0.01488181296736002,0.6456639170646667,0.49634188413619995,-0.006221067160367966,0.6335939764976501,0.47334060072898865,-0.024644646793603897,0.6406742930412292,0.5171163082122803,-0.017821267247200012,0.6476510167121887,0.5277862548828125,-0.006473127752542496,0.6725817918777466,0.49609705805778503,-0.015385602600872517,0.6596747040748596,0.47693008184432983,-0.022643283009529114,0.6602380275726318,0.507270336151123,-0.015006703324615955,0.6652269959449768,0.5175870656967163,-0.006174365524202585
0.6813246607780457,0.6190415620803833,-2.9005136070736626e-07,0.6410492658615112,0.616206169128418,-0.008930274285376072,0.6044999957084656,0.5868520140647888,-0.012563955970108509,0.602762758731842,0.5465103387832642,-0.017920294776558876,0.6285666823387146,0.5353810787200928,-0.020880933851003647,0.6157113909721375,0.5302243828773499,0.0051249065436422825,0.6027963161468506,0.5023953914642334,-0.013291285373270512,0.6116753816604614,0.5348449945449829,-0.023078838363289833,0.6204544901847839,0.5523832440376282,-0.026958074420690536,0.637475311756134,0.5186023712158203,0.001186623820103705,0.621985673904419,0.4867960512638092,-0.01840374805033207,0.6306934356689453,0.5288731455802917,-0.021142195910215378,0.6397028565406799,0.5432243347167969,-0.016276756301522255,0.6606606245040894,0.513649046421051,-0.006650535389780998,0.6488842368125916,0.49104252457618713,-0.024752672761678696,0.6547724008560181,0.534246563911438,-0.01843348518013954,0.6610386967658997,0.5464208722114563,-0.007593103684484959,0.6871355175971985,0.5142149329185486,-0.015907341614365578,0.6747885942459106,0.4943934977054596,-0.02299656718969345,0.6747263073921204,0.5243277549743652,-0.015389540232717991,0.6789053082466125,0.5353139042854309,-0.006690402515232563
0.6885853409767151,0.6303699612617493,-3.028583819286723e-07,0.6472069025039673,0.6276130676269531,-0.008894243277609348,0.6094034910202026,0.5961543321609497,-0.012423639185726643,0.6068767309188843,0.5548418760299683,-0.01767340488731861,0.632719874382019,0.5442734360694885,-0.020480312407016754,0.6212925314903259,0.5401417016983032,0.004844659008085728,0.6080690622329712,0.5108217597007751,-0.01386337447911501,0.6178750991821289,0.5451967716217041,-0.023625487461686134,0.6270877718925476,0.5635461211204529,-0.027380816638469696,0.6432491540908813,0.5281730890274048,0.001002752804197371,0.6274690628051758,0.4959564507007599,-0.01878165639936924,0.6374545097351074,0.5400234460830688,-0.02093554474413395,0.6471570730209351,0.5549343824386597,-0.015471111983060837,0.6667304635047913,0.5233692526817322,-0.006803465075790882,0.6542734503746033,0.5001291036605835,-0.0250032227486372,0.6611011624336243,0.5445696711540222,-0.018206965178251266,0.6681596636772156,0.5572509169578552,-0.006868870463222265,0.6935461759567261,0.523760974407196,-0.01599280722439289,0.6799234747886658,0.5046046376228333,-0.022852813825011253,0.6802200078964233,0.5349556803703308,-0.014911752194166183,0.6849755048751831,0.5457578301429749,-0.005897078197449446
0.6793560981750488,0.631976842880249,-3.00434152222806e-07,0.6388062238693237,0.6310904622077942,-0.008935677818953991,0.600983738899231,0.6000232100486755,-0.012365695089101791,0.5981891751289368,0.5590763688087463,-0.01745234616100788,0.6239018440246582,0.5480755567550659,-0.020183589309453964,0.6110263466835022,0.5430882573127747,0.004440820775926113,0.5982582569122314,0.5143483281135559,-0.013596073724329472,0.6082952618598938,0.5475704669952393,-0.02290300279855728,0.6181208491325378,0.5658133625984192,-0.026429463177919388,0.6328662633895874,0.5307856798171997,0.0007413088460452855,0.6177965402603149,0.4992625415325165,-0.01856587454676628,0.6281151175498962,0.5423076748847961,-0.020745007321238518,0.638210117816925,0.5570693016052246,-0.015369636937975883,0.6561861634254456,0.5255438089370728,-0.006805258337408304,0.6441801190376282,0.5039823651313782,-0.024595702067017555,0.6512914299964905,0.5470842719078064,-0.018216989934444427,0.6586626172065735,0.5587604641914368,-0.007288757245987654,0.6827695965766907,0.5253819823265076,-0.01571354828774929,0.6685275435447693,0.5073322653770447,-0.02230152115225792,0.6691056489944458,0.537392795085907,-0.014490804634988308,0.6743584275245667,0.5482995510101318,-0.005642652045935392
0.6819566488265991,0.6369237899780273,-3.04623341662591e-07,0.6418980360031128,0.6347677111625671,-0.008935428224503994,0.6041449308395386,0.6044902801513672,-0.012665493413805962,0.6013562679290771,0.5631710886955261,-0.018080255016684532,0.6278306245803833,0.5517772436141968,-0.021088428795337677,0.6153863668441772,0.5471665859222412,0.004167985171079636,0.6013135313987732,0.5192209482192993,-0.014287710189819336,0.6116745471954346,0.5530681610107422,-0.023614004254341125,0.6217584013938904,0.5700742602348328,-0.027159705758094788,0.6369868516921997,0.5351690053939819,0.000336100667482242,0.6202198266983032,0.5032219886779785,-0.01939414069056511,0.6304842233657837,0.5464878082275391,-0.021308748051524162,0.6411096453666687,0.5602371096611023,-0.015698406845331192,0.6601235270500183,0.530021607875824,-0.007377895526587963,0.64683598279953,0.5079062581062317,-0.02570565603673458,0.6539391875267029,0.551593005657196,-0.018905088305473328,0.6617482900619507,0.5627309083938599,-0.007569539826363325,0.6867235898971558,0.5300235152244568,-0.016466017812490463,0.671958327293396,0.5109122395515442,-0.023578254505991936,0.6725176572799683,0.541450560092926,-0.015728645026683807,0.678248405456543,0.5523194074630737,-0.0067672813311219215
0.6809855699539185,0.6378533840179443,-3.1648957588004123e-07,0.6408823728561401,0.6366297006607056,-0.009342856705188751,0.6026501655578613,0.6053876280784607,-0.012850252911448479,0.5996489524841309,0.5640594959259033,-0.017997218295931816,0.6256674528121948,0.552100658416748,-0.02051461860537529,0.6136813759803772,0.5476402640342712,0.004381683189421892,0.6006075143814087,0.5189515948295593,-0.014556909911334515,0.6113351583480835,0.5541275143623352,-0.02414403110742569,0.6204738020896912,0.5713462829589844,-0.027753043919801712,0.6357249617576599,0.535804271697998,0.0007520223734900355,0.6205239295959473,0.5046957731246948,-0.01951480284333229,0.6310957670211792,0.5492531061172485,-0.02175918221473694,0.6401415467262268,0.5629836320877075,-0.01626242697238922,0.6589570641517639,0.5304784178733826,-0.006889994256198406,0.646550178527832,0.5083803534507751,-0.025602804496884346,0.6538676023483276,0.5530046224594116,-0.01884886808693409,0.6604540348052979,0.5642442107200623,-0.007461347617208958,0.685236930847168,0.5301564931869507,-0.015948478132486343,0.6712154746055603,0.5117620229721069,-0.023141779005527496,0.6718723177909851,0.5429633855819702,-0.015273972414433956,0.6765589714050293,0.5538992285728455,-0.006232093553990126
0.6778064370155334,0.634939432144165,-3.090485165557766e-07,0.636711835861206,0.6334890127182007,-0.009149640798568726,0.5988775491714478,0.6025051474571228,-0.013113860040903091,0.5951714515686035,0.5606388449668884,-0.018629832193255424,0.6205978393554688,0.5486510396003723,-0.021746845915913582,0.6116953492164612,0.5442037582397461,0.002862866036593914,0.5965994596481323,0.516110360622406,-0.01583646982908249,0.6073740720748901,0.5514922142028809,-0.024853961542248726,0.6173927187919617,0.5679646134376526,-0.02813558839261532,0.6332646012306213,0.5325864553451538,-0.0007950772996991873,0.615947961807251,0.5023371577262878,-0.020896809175610542,0.6269975900650024,0.5469170212745667,-0.02245505154132843,0.6378044486045837,0.5596936345100403,-0.01660129614174366,0.6561340689659119,0.527428925037384,-0.00828840397298336,0.6421482563018799,0.5061963796615601,-0.027458159253001213,0.6500338315963745,0.5513763427734375,-0.02029259316623211,0.6584335565567017,0.562886655330658,-0.008569438010454178,0.6822232007980347,0.5270641446113586,-0.01705767959356308,0.6663904190063477,0.5089313983917236,-0.025318602100014687,0.6679763793945312,0.5403490662574768,-0.0176098495721817,0.6747556924819946,0.5513286590576172,-0.008471918292343616
0.6780470609664917,0.6384462118148804,-3.083761441757815e-07,0.6377411484718323,0.6374400854110718,-0.008931556716561317,0.5997141599655151,0.6066931486129761,-0.01257757842540741,0.596956729888916,0.5655434131622314,-0.017876189202070236,0.6232530474662781,0.5545555949211121,-0.020775044336915016,0.6107334494590759,0.5493371486663818,0.0038951269816607237,0.5961818099021912,0.5209323167800903,-0.01452730968594551,0.6068622469902039,0.5548154711723328,-0.023900628089904785,0.6170960664749146,0.5727410316467285,-0.02745494246482849,0.6324508786201477,0.5368480086326599,7.806225767126307e-05,0.6157159805297852,0.5053527355194092,-0.019663166254758835,0.6264597177505493,0.5489335656166077,-0.021556708961725235,0.6370102763175964,0.563601553440094,-0.015904830768704414,0.6557942032814026,0.5316556096076965,-0.007601445075124502,0.6424694657325745,0.509549617767334,-0.025643719360232353,0.6501116156578064,0.5533667802810669,-0.018703313544392586,0.6578824520111084,0.5653722882270813,-0.007360807154327631,0.6827174425125122,0.5316213369369507,-0.016670802608132362,0.6681129932403564,0.5128213167190552,-0.023585699498653412,0.6687723994255066,0.5433149337768555,-0.01568419486284256,0.6742138266563416,0.5542038679122925,-0.006747799459844828
0.6807293891906738,0.6405845880508423,-3.122383418485697e-07,0.6397268772125244,0.6389184594154358,-0.008974998258054256,0.600786566734314,0.6069896221160889,-0.012491445988416672,0.5975435376167297,0.5651436448097229,-0.01762864552438259,0.6240213513374329,0.5567900538444519,-0.020214609801769257,0.6136969923973083,0.5494110584259033,0.003819792065769434,0.5988380908966064,0.5219977498054504,-0.014791243709623814,0.6093883514404297,0.5574326515197754,-0.023730970919132233,0.6189987063407898,0.5727207660675049,-0.027122456580400467,0.6353585124015808,0.5373924970626831,3.899643706972711e-05,0.6179620027542114,0.5070361495018005,-0.02014996111392975,0.628420352935791,0.5516602993011475,-0.021503545343875885,0.6388721466064453,0.5633929967880249,-0.015446724370121956,0.6584904789924622,0.5325053334236145,-0.007663638796657324,0.6444509625434875,0.5113356113433838,-0.026345884427428246,0.6518535017967224,0.5562523603439331,-0.01891184411942959,0.6598940491676331,0.5658316612243652,-0.00714352959766984,0.6849234104156494,0.5324760675430298,-0.016768483445048332,0.6698713302612305,0.514650821685791,-0.024065904319286346,0.670438826084137,0.5460061430931091,-0.016133980825543404,0.6764541268348694,0.5555906295776367,-0.007112662307918072
0.6844724416732788,0.6447378993034363,-3.155712988700543e-07,0.6432479023933411,0.6425996422767639,-0.00939221866428852,0.6053704619407654,0.611832857131958,-0.013338766992092133,0.6023744940757751,0.569671094417572,-0.018920477479696274,0.6288999319076538,0.5592788457870483,-0.02192528359591961,0.6177277565002441,0.5528226494789124,0.003823746694251895,0.6036134362220764,0.5244829058647156,-0.015431935898959637,0.6135884523391724,0.5595899224281311,-0.025112107396125793,0.6232038140296936,0.5770477056503296,-0.028775399550795555,0.6397596001625061,0.5412482023239136,8.680919563630596e-05,0.6231816411018372,0.509877622127533,-0.02024739980697632,0.6328954100608826,0.55458664894104,-0.022188564762473106,0.6428714394569397,0.5682298541069031,-0.016547895967960358,0.6632135510444641,0.5364493727684021,-0.007663061376661062,0.6498956084251404,0.5144221186637878,-0.02673119306564331,0.6566013097763062,0.5595962405204773,-0.019795944914221764,0.6641813516616821,0.5711110830307007,-0.008222410455346107,0.6900254487991333,0.5368979573249817,-0.01682295836508274,0.675544023513794,0.5180053114891052,-0.024445747956633568,0.6756645441055298,0.5493359565734863,-0.016640646383166313,0.68111252784729,0.5602561235427856,-0.007584558799862862
0.6877816319465637,0.6465831995010376,-3.015646825588192e-07,0.6461890935897827,0.6446521282196045,-0.008894958533346653,0.6082848310470581,0.612282395362854,-0.012241126969456673,0.6063216924667358,0.5701612234115601,-0.01716477796435356,0.6321378946304321,0.5598948001861572,-0.019609861075878143,0.6210711598396301,0.5554737448692322,0.004047888796776533,0.607079029083252,0.5255244374275208,-0.014904549345374107,0.6169247031211853,0.5588593482971191,-0.02459028735756874,0.6268205046653748,0.5774862766265869,-0.02815772034227848,0.6432434320449829,0.5439271330833435,0.00033128299401141703,0.6270819902420044,0.5116761326789856,-0.019802367314696312,0.6374055743217468,0.5554348826408386,-0.021894576027989388,0.6478036642074585,0.5701390504837036,-0.01628711447119713,0.66661137342453,0.5394084453582764,-0.007299747318029404,0.6537601947784424,0.5170038342475891,-0.02604062668979168,0.6605976819992065,0.5614144802093506,-0.019229670986533165,0.6682001352310181,0.5737273097038269,-0.007778361905366182,0.6933014392852783,0.5400089025497437,-0.01627971976995468,0.6792433857917786,0.520846426486969,-0.023911921307444572,0.6795644760131836,0.5517175197601318,-0.016195472329854965,0.6849637031555176,0.5629287958145142,-0.007170089986175299
0.7020384669303894,0.650223970413208,-3.036372504539031e-07,0.6618303060531616,0.6490888595581055,-0.010802277363836765,0.6235193014144897,0.6173349618911743,-0.01533506065607071,0.6212624311447144,0.5755719542503357,-0.021275393664836884,0.6484583020210266,0.5665405988693237,-0.02435726299881935,0.6348090767860413,0.5586957335472107,0.0022891841363161802,0.6198898553848267,0.53052818775177,-0.017744731158018112,0.6312551498413086,0.5659604072570801,-0.02728351764380932,0.6408735513687134,0.5812474489212036,-0.03092075325548649,0.6569592952728271,0.5463470220565796,-0.0011901888065040112,0.6406718492507935,0.5158324837684631,-0.022775376215577126,0.6513704061508179,0.5606369376182556,-0.024510571733117104,0.6608161926269531,0.5716789960861206,-0.01857626438140869,0.6807747483253479,0.5416097640991211,-0.008904489688575268,0.6686508059501648,0.52041095495224,-0.028549235314130783,0.6754173040390015,0.5655776858329773,-0.02113398350775242,0.6819187998771667,0.5748085379600525,-0.009301087819039822,0.7077571153640747,0.5417506098747253,-0.018256323412060738,0.695271909236908,0.5244244337081909,-0.025908425450325012,0.6952323913574219,0.555006742477417,-0.01822112873196602,0.6999081969261169,0.5630930066108704,-0.009396479465067387
0.7061032056808472,0.6513309478759766,-2.9161529369048367e-07,0.6656928658485413,0.6507505774497986,-0.011481093242764473,0.6267728209495544,0.6192508935928345,-0.016424251720309258,0.6251288652420044,0.5776077508926392,-0.022405458614230156,0.652561604976654,0.5660063028335571,-0.025423485785722733,0.638303279876709,0.5596751570701599,0.00027512802626006305,0.624375581741333,0.5299725532531738,-0.01966175064444542,0.634894609451294,0.5647451877593994,-0.029309751465916634,0.6442021131515503,0.5817995071411133,-0.03302223980426788,0.6612616777420044,0.5480470657348633,-0.0026047758292406797,0.6457939147949219,0.5172742605209351,-0.02376299537718296,0.6560238003730774,0.5616357922554016,-0.025459636002779007,0.6647189855575562,0.5738015174865723,-0.019805097952485085,0.6852331161499023,0.5437280535697937,-0.009632733650505543,0.6743575930595398,0.5217282772064209,-0.028974467888474464,0.6804869174957275,0.5663039684295654,-0.021794268861413002,0.6861429214477539,0.5773123502731323,-0.010350574739277363,0.7119312882423401,0.5440757274627686,-0.018288712948560715,0.7006753087043762,0.5255153775215149,-0.026334185153245926,0.7002905011177063,0.5556495189666748,-0.01909598894417286,0.7039377093315125,0.5654542446136475,-0.01059467438608408
0.7039814591407776,0.647802472114563,-2.810421619869885e-07,0.6643437147140503,0.6466619372367859,-0.01070737186819315,0.6263641119003296,0.6174560785293579,-0.015875406563282013,0.6230918169021606,0.5768066644668579,-0.022296534851193428,0.6490594148635864,0.5646564364433289,-0.02605750784277916,0.6374107003211975,0.5582059025764465,0.0006719051743857563,0.6227056384086609,0.5285323858261108,-0.019032316282391548,0.6328845024108887,0.5600361824035645,-0.028895165771245956,0.6432976722717285,0.5782889127731323,-0.0326230525970459,0.6599608659744263,0.5463123917579651,-0.0025805667974054813,0.6439085602760315,0.5146627426147461,-0.023590270429849625,0.6537154316902161,0.5568931102752686,-0.025760963559150696,0.6631825566291809,0.5709319114685059,-0.0204154122620821,0.6836760640144348,0.541695237159729,-0.00981218833476305,0.6725063323974609,0.5191516876220703,-0.029040681198239326,0.6782166361808777,0.5623521208763123,-0.02230415865778923,0.6842502951622009,0.5750510096549988,-0.011119162663817406,0.710392951965332,0.5418053269386292,-0.018591001629829407,0.6993973851203918,0.5219289660453796,-0.026793181896209717,0.6983839273452759,0.55128413438797,-0.01972879469394684,0.7015681862831116,0.5624192357063293,-0.01129981130361557
0.703087568283081,0.6462794542312622,-2.847793041382829e-07,0.6634122729301453,0.645971417427063,-0.010662026703357697,0.6250293254852295,0.6157347559928894,-0.015560184605419636,0.6230454444885254,0.5748874545097351,-0.02162623405456543,0.6499195098876953,0.5640860199928284,-0.02503352239727974,0.6363491415977478,0.556981086730957,0.0002926695451606065,0.6212111115455627,0.5283740758895874,-0.01940644346177578,0.6320242881774902,0.5604619383811951,-0.02922019176185131,0.6425965428352356,0.5777919888496399,-0.03300812840461731,0.6589765548706055,0.544898509979248,-0.002985317725688219,0.642381489276886,0.5136029124259949,-0.02408475987613201,0.6525149345397949,0.5563585162162781,-0.026092620566487312,0.6620312333106995,0.5698966979980469,-0.020616117864847183,0.6827273368835449,0.540277361869812,-0.010213976725935936,0.6709173917770386,0.5177915096282959,-0.029074087738990784,0.6769832968711853,0.561454713344574,-0.021993568167090416,0.6831047534942627,0.573468804359436,-0.010725530795753002,0.7094135284423828,0.5404050946235657,-0.01902669109404087,0.6977048516273499,0.5213314294815063,-0.02682606875896454,0.697116494178772,0.5509997606277466,-0.01959114708006382,0.7008940577507019,0.5611227750778198,-0.01118911150842905
0.7013793587684631,0.645974338054657,-2.866671309220692e-07,0.6615176200866699,0.645571768283844,-0.010448344983160496,0.623184084892273,0.6164546012878418,-0.01541996281594038,0.6205386519432068,0.5758097171783447,-0.021678252145648003,0.6468017101287842,0.5628752708435059,-0.02517649531364441,0.6334473490715027,0.5578504204750061,0.0007501778891310096,0.6188201904296875,0.5278574824333191,-0.019083043560385704,0.6296060681343079,0.5602169632911682,-0.02888990193605423,0.6397963166236877,0.578362762928009,-0.032600078731775284,0.656076192855835,0.5456092953681946,-0.002686477731913328,0.6398062109947205,0.5147701501846313,-0.023943867534399033,0.6504534482955933,0.5577373504638672,-0.026095904409885406,0.6596754789352417,0.570866048336029,-0.02073627896606922,0.6799560785293579,0.5403997302055359,-0.010103043168783188,0.6682734489440918,0.5181589722633362,-0.029184192419052124,0.6747612953186035,0.5618657469749451,-0.02212812379002571,0.6805867552757263,0.5733540058135986,-0.010897193104028702,0.7068808674812317,0.5397897362709045,-0.019080104306340218,0.6954560279846191,0.5217629075050354,-0.027099523693323135,0.6950042247772217,0.5514580011367798,-0.019931210204958916,0.6982851624488831,0.5612838268280029,-0.011548027396202087
0.6997440457344055,0.648715615272522,-2.943217509709939e-07,0.6600897908210754,0.6480292677879333,-0.010356562212109566,0.6224318742752075,0.6192265748977661,-0.01530447881668806,0.6202197074890137,0.5785791873931885,-0.021543050184845924,0.6463698744773865,0.565914511680603,-0.025042999535799026,0.6329547166824341,0.5593291521072388,0.000611175608355552,0.618096113204956,0.5305798053741455,-0.019183021038770676,0.6284604668617249,0.5642471313476562,-0.028620513156056404,0.6386879682540894,0.5816371440887451,-0.032023005187511444,0.6554383635520935,0.547645628452301,-0.0028378756251186132,0.6386528015136719,0.5169340372085571,-0.024124374613165855,0.6490113735198975,0.5603185296058655,-0.02593364007771015,0.6588788032531738,0.5728333592414856,-0.020191388204693794,0.6792207956314087,0.5428429841995239,-0.010252008214592934,0.6670031547546387,0.5209843516349792,-0.029560497030615807,0.6731908321380615,0.564602792263031,-0.022418994456529617,0.6796445846557617,0.575406551361084,-0.010909276083111763,0.7062638401985168,0.5426563620567322,-0.019170626997947693,0.6939805150032043,0.5233700275421143,-0.027244817465543747,0.6933966875076294,0.5528212785720825,-0.01996297761797905,0.6974262595176697,0.5626535415649414,-0.011344978585839272
0.700793445110321,0.6503103971481323,-2.88917391344512e-07,0.6608928442001343,0.6494526863098145,-0.010400937870144844,0.6235285401344299,0.6206406354904175,-0.015130891464650631,0.6212413311004639,0.5795918107032776,-0.021172955632209778,0.6473292112350464,0.5674324631690979,-0.02451571263372898,0.6344584226608276,0.5619217753410339,0.001297950278967619,0.6197460293769836,0.5326731204986572,-0.018199080601334572,0.6300091743469238,0.5654973983764648,-0.02776002138853073,0.6398043036460876,0.5824964642524719,-0.03139525279402733,0.6569094061851501,0.5499130487442017,-0.0021025659516453743,0.640659511089325,0.5191107988357544,-0.023113109171390533,0.6508544683456421,0.5620652437210083,-0.02513800747692585,0.6603348255157471,0.5748421549797058,-0.019684625789523125,0.6806018948554993,0.545072078704834,-0.009487831965088844,0.6688248515129089,0.5224902033805847,-0.028739366680383682,0.6746955513954163,0.566062867641449,-0.021763242781162262,0.6808377504348755,0.5775374174118042,-0.01042157132178545,0.7075430750846863,0.5452567338943481,-0.018395032733678818,0.6957943439483643,0.5258283615112305,-0.026638789102435112,0.6949436664581299,0.5553585886955261,-0.019494790583848953,0.6986604928970337,0.5658766627311707,-0.010996722616255283
0.7041901350021362,0.6513023376464844,-2.921602231253928e-07,0.6641775369644165,0.6519132852554321,-0.01156263705343008,0.625406801700592,0.6213487982749939,-0.016616418957710266,0.6232993602752686,0.5793485641479492,-0.022678611800074577,0.6499173641204834,0.5681925415992737,-0.025864824652671814,0.6372381448745728,0.5630538463592529,-0.00013641739496961236,0.6221662163734436,0.5323519110679626,-0.020194774493575096,0.6330063343048096,0.5660907626152039,-0.03001699224114418,0.6429973840713501,0.5833741426467896,-0.033836495131254196,0.6599159240722656,0.5509142875671387,-0.002983436221256852,0.643527090549469,0.5194524526596069,-0.02455109730362892,0.6541054248809814,0.5631409883499146,-0.026562413200736046,0.6633909940719604,0.5758650302886963,-0.021044285967946053,0.6834335923194885,0.5460747480392456,-0.009943815879523754,0.6715794205665588,0.5232486724853516,-0.02945944480597973,0.678135097026825,0.5674341320991516,-0.022242514416575432,0.6844565868377686,0.5788255929946899,-0.010786629281938076,0.7100369930267334,0.5457643866539001,-0.018557069823145866,0.6980631947517395,0.527813196182251,-0.027083612978458405,0.697940468788147,0.557631254196167,-0.020127931609749794,0.702134907245636,0.56719970703125,-0.011797026731073856
0.7042087912559509,0.652117133140564,-2.929016318375943e-07,0.66468745470047,0.6514451503753662,-0.011127638630568981,0.6258711814880371,0.620323896408081,-0.015958812087774277,0.6238176822662354,0.5790728330612183,-0.021923299878835678,0.650612473487854,0.5688421726226807,-0.024963660165667534,0.6367946863174438,0.5619415640830994,0.0008551448700018227,0.6214778423309326,0.5343103408813477,-0.019430745393037796,0.6329436302185059,0.567880392074585,-0.029192673042416573,0.6432150602340698,0.5834212303161621,-0.032899025827646255,0.6592444777488708,0.5498617887496948,-0.002301978413015604,0.6424955129623413,0.5203414559364319,-0.02413245104253292,0.6534470915794373,0.5641686916351318,-0.025910619646310806,0.6626489758491516,0.5749444365501404,-0.02008851431310177,0.6828466057777405,0.5450888872146606,-0.009656623005867004,0.6709185838699341,0.52373206615448,-0.029430419206619263,0.6775444149971008,0.5680411458015442,-0.02208135277032852,0.6834911108016968,0.5773032903671265,-0.010399464517831802,0.709321141242981,0.5446776151657104,-0.018641706556081772,0.697590172290802,0.5270789861679077,-0.026833804324269295,0.6974527835845947,0.5572137832641602,-0.019534209743142128,0.7013910412788391,0.5656893253326416,-0.010940003208816051
0.7036963701248169,0.6494153141975403,-3.0494123848257004e-07,0.6643308401107788,0.6503220200538635,-0.011012381874024868,0.6258193850517273,0.6213732957839966,-0.015604428015649319,0.6229424476623535,0.5810704231262207,-0.021217841655015945,0.6486840844154358,0.5681986808776855,-0.023863622918725014,0.6373504996299744,0.5611352920532227,5.826311826240271e-05,0.6221550703048706,0.5318480134010315,-0.01934591680765152,0.6322864890098572,0.5660759806632996,-0.028361381962895393,0.6420824527740479,0.5831058621406555,-0.03167151287198067,0.6597506999969482,0.5488686561584473,-0.0028183788526803255,0.6427372097969055,0.5186992287635803,-0.02379508502781391,0.6531025171279907,0.5631206631660461,-0.02529315836727619,0.6627692580223083,0.5748907923698425,-0.01948038674890995,0.6833101511001587,0.543790340423584,-0.009693417698144913,0.6708593964576721,0.5226181745529175,-0.028846215456724167,0.6771255135536194,0.5667492747306824,-0.021586228162050247,0.6838055849075317,0.5765578746795654,-0.010162089951336384,0.7099133729934692,0.5433105826377869,-0.018127549439668655,0.6975349187850952,0.5256561636924744,-0.02645682916045189,0.6969289779663086,0.5555374026298523,-0.01948578655719757,0.7010844349861145,0.5647436380386353,-0.011124040931463242
0.7039207220077515,0.6516947746276855,-2.844895163889305e-07,0.6635692715644836,0.6503624320030212,-0.01087245624512434,0.6248893737792969,0.6196786761283875,-0.01545275840908289,0.622532069683075,0.5787069797515869,-0.02122310735285282,0.6493648290634155,0.5693100094795227,-0.02420170046389103,0.6357136964797974,0.5628446340560913,0.001789029105566442,0.6216804385185242,0.5331383347511292,-0.017755793407559395,0.6317761540412903,0.5659582018852234,-0.027373606339097023,0.641366183757782,0.5833749771118164,-0.031047016382217407,0.6582744717597961,0.5502450466156006,-0.001321581774391234,0.6425893902778625,0.5194013118743896,-0.022562116384506226,0.6530237793922424,0.5629224181175232,-0.024659281596541405,0.6623557209968567,0.5760303735733032,-0.01911528967320919,0.6820664405822754,0.5451356768608093,-0.008557446300983429,0.671094536781311,0.5228500962257385,-0.027730021625757217,0.6769736409187317,0.5668511390686035,-0.020987974479794502,0.6826479434967041,0.578276515007019,-0.009794075042009354,0.7088561058044434,0.5449230074882507,-0.01739633083343506,0.6980413198471069,0.5267115235328674,-0.025263216346502304,0.6972214579582214,0.5563346147537231,-0.018301744014024734,0.7004037499427795,0.5661793947219849,-0.010038169100880623
0.703023374080658,0.651364266872406,-2.910203136252676e-07,0.6624472141265869,0.6509503126144409,-0.011093471199274063,0.624521017074585,0.6212604641914368,-0.015919597819447517,0.6223843097686768,0.5803818702697754,-0.021992262452840805,0.6484527587890625,0.5692142844200134,-0.025189993903040886,0.6351727843284607,0.5630258917808533,0.0016264189034700394,0.6205673217773438,0.5333561301231384,-0.018647056072950363,0.6307041645050049,0.5667213201522827,-0.02876458317041397,0.6405550837516785,0.5846970677375793,-0.03261159732937813,0.6577747464179993,0.5511630773544312,-0.0015487342607229948,0.6414809226989746,0.5202165246009827,-0.023544903844594955,0.6516860723495483,0.56416916847229,-0.026155538856983185,0.6609145402908325,0.5769559741020203,-0.02085404098033905,0.6814116835594177,0.5462871193885803,-0.008904404938220978,0.6697267293930054,0.5233613848686218,-0.028784599155187607,0.6755537390708923,0.5677306056022644,-0.02204837091267109,0.6814377903938293,0.5787222981452942,-0.010692869313061237,0.708069384098053,0.5459569096565247,-0.017876887694001198,0.6966271996498108,0.5271928310394287,-0.026245102286338806,0.6960604786872864,0.5568382740020752,-0.019215060397982597,0.6997647285461426,0.5663896799087524,-0.010732072405517101
0.702566921710968,0.6523143649101257,-2.9121011380084383e-07,0.6629401445388794,0.6513397693634033,-0.010910401120781898,0.6248496174812317,0.6215283274650574,-0.01570236124098301,0.6231164932250977,0.5807504057884216,-0.02177106961607933,0.6500276327133179,0.5706336498260498,-0.02505842037498951,0.6350364685058594,0.5622325539588928,0.0015597109450027347,0.6203064918518066,0.5336255431175232,-0.018441511318087578,0.6303653120994568,0.5663566589355469,-0.028330648317933083,0.6406834125518799,0.5840204358100891,-0.03206436708569527,0.6574797034263611,0.5502808094024658,-0.0016278306720778346,0.6411905884742737,0.5206210017204285,-0.02321508713066578,0.6511826515197754,0.564296543598175,-0.02548965811729431,0.6606693863868713,0.5766947269439697,-0.02005274035036564,0.6811144948005676,0.5456148982048035,-0.00898476131260395,0.6694072484970093,0.5243057012557983,-0.028744719922542572,0.6751634478569031,0.5685884952545166,-0.02217555046081543,0.6813573241233826,0.5792014002799988,-0.01095318328589201,0.7077515125274658,0.5455660820007324,-0.017926068976521492,0.6961185932159424,0.5275127291679382,-0.0262394230812788,0.6951814889907837,0.5573520660400391,-0.019373632967472076,0.6988465189933777,0.5669033527374268,-0.01103124674409628
0.7005929350852966,0.653702974319458,-3.017597691723495e-07,0.6604195833206177,0.6545928716659546,-0.010899423621594906,0.621242880821228,0.6247967481613159,-0.015606074593961239,0.6180764436721802,0.583387017250061,-0.021510498598217964,0.6440512537956238,0.5719897150993347,-0.024626655504107475,0.6328169703483582,0.5640184283256531,0.0013938362244516611,0.6174075603485107,0.5357290506362915,-0.018621398136019707,0.6273131370544434,0.568980872631073,-0.028346342965960503,0.6378747224807739,0.5869393348693848,-0.03190949186682701,0.6549707055091858,0.5514366626739502,-0.0017071727197617292,0.6378862857818604,0.5220671892166138,-0.023248588666319847,0.6482025980949402,0.5663400888442993,-0.025055814534425735,0.6585281491279602,0.5789108872413635,-0.019134297966957092,0.678378164768219,0.5465730428695679,-0.008991854265332222,0.6656455993652344,0.5260763168334961,-0.028805304318666458,0.6722263097763062,0.570624589920044,-0.02177845872938633,0.6794447898864746,0.5808177590370178,-0.010150260291993618,0.7050697803497314,0.5463811755180359,-0.017841612920165062,0.69230055809021,0.5294018983840942,-0.026413345709443092,0.6919421553611755,0.5598253607749939,-0.01936975307762623,0.696351945400238,0.5690590143203735,-0.01076036598533392
0.6996468901634216,0.6567883491516113,-3.014825438185653e-07,0.6592348217964172,0.6565936207771301,-0.010064666159451008,0.6213778853416443,0.6272940635681152,-0.014532199129462242,0.6186733841896057,0.5864172577857971,-0.020440775901079178,0.6436495780944824,0.5728002190589905,-0.023748815059661865,0.6321394443511963,0.5665677785873413,0.002152777509763837,0.6179157495498657,0.5382313132286072,-0.017477521672844887,0.6276902556419373,0.5713354349136353,-0.02763172797858715,0.6379867792129517,0.5907308459281921,-0.031532950699329376,0.6547002792358398,0.5544469952583313,-0.0013790437951683998,0.6383415460586548,0.5251067280769348,-0.022521503269672394,0.6485471725463867,0.5688565969467163,-0.0250768531113863,0.6586618423461914,0.5835461020469666,-0.019848279654979706,0.6784648895263672,0.5498455166816711,-0.008902260102331638,0.6662424206733704,0.5292497277259827,-0.02809572033584118,0.6726397275924683,0.573354184627533,-0.021271346136927605,0.6795839667320251,0.5854066610336304,-0.009950948879122734,0.7055965662002563,0.5503243803977966,-0.017917420715093613,0.6933050155639648,0.5322033762931824,-0.025916988030076027,0.6927222013473511,0.5618861317634583,-0.01854877732694149,0.6966556310653687,0.5720564126968384,-0.009826934896409512
0.6969032287597656,0.6620417833328247,-3.1208864470499975e-07,0.6567650437355042,0.6616478562355042,-0.010361681692302227,0.6180521249771118,0.6315263509750366,-0.014897609129548073,0.6145734786987305,0.5899909734725952,-0.02085603028535843,0.6405125260353088,0.5782327651977539,-0.023978140205144882,0.6293975114822388,0.5700361132621765,0.0024043137673288584,0.6144564747810364,0.5403844714164734,-0.017387747764587402,0.6249662637710571,0.5749031901359558,-0.027246801182627678,0.6351171731948853,0.5931726694107056,-0.030917223542928696,0.6519742012023926,0.5586637854576111,-0.0009074090630747378,0.6355137228965759,0.5285674333572388,-0.022071586921811104,0.6459746360778809,0.5731436610221863,-0.024181343615055084,0.6553089618682861,0.5863854885101318,-0.018608365207910538,0.6755519509315491,0.5541695356369019,-0.00833859108388424,0.662661075592041,0.5324628949165344,-0.027620356529951096,0.6693596839904785,0.5772286057472229,-0.020430700853466988,0.6760647892951965,0.5884376764297485,-0.008816543035209179,0.7024235725402832,0.5543928742408752,-0.017311321571469307,0.689009964466095,0.5353201031684875,-0.025246433913707733,0.6886698007583618,0.5659971237182617,-0.01771390438079834,0.6928880214691162,0.5766968727111816,-0.008844722993671894
0.6957104802131653,0.6634917259216309,-3.080948260958394e-07,0.655003547668457,0.6636602282524109,-0.010054920800030231,0.6161071062088013,0.6333383917808533,-0.01452539674937725,0.6117355823516846,0.5918273329734802,-0.02040739916265011,0.6372045874595642,0.579986572265625,-0.02366756834089756,0.6284019947052002,0.5712032318115234,0.002469165250658989,0.6138240694999695,0.5428014993667603,-0.017028696835041046,0.6230134963989258,0.5764559507369995,-0.027082040905952454,0.6330194473266602,0.5953993201255798,-0.030896682292222977,0.6506675481796265,0.5596872568130493,-0.0009521010215394199,0.6343035101890564,0.5305168628692627,-0.021828582510352135,0.6438020467758179,0.5741955041885376,-0.024287786334753036,0.6535735726356506,0.5883385539054871,-0.01897009089589119,0.6740925908088684,0.5550770163536072,-0.00837143324315548,0.6613608002662659,0.5351256728172302,-0.02741367369890213,0.6676589250564575,0.5792533159255981,-0.02068403735756874,0.6747407913208008,0.5908971428871155,-0.009425834752619267,0.7006686329841614,0.5552464723587036,-0.01728271134197712,0.6869977116584778,0.5373856425285339,-0.025069477036595345,0.6866286396980286,0.5684084296226501,-0.017552029341459274,0.6911581754684448,0.5794510245323181,-0.00872266199439764
0.6897948384284973,0.6587285399436951,-3.095521776685928e-07,0.6489815711975098,0.659437894821167,-0.010598192922770977,0.6094226241111755,0.6289317011833191,-0.015104473568499088,0.6058347821235657,0.5876742601394653,-0.0209646038711071,0.6326814889907837,0.5772016644477844,-0.023999862372875214,0.6207683682441711,0.5659763216972351,0.002392369555309415,0.6051739454269409,0.5386754870414734,-0.017392313107848167,0.6152007579803467,0.5729867815971375,-0.027543621137738228,0.6259163022041321,0.5907720923423767,-0.03151743486523628,0.6429250240325928,0.5539458394050598,-0.0007964089745655656,0.6256458759307861,0.5261250734329224,-0.022053690627217293,0.6360822319984436,0.5704148411750793,-0.024449888616800308,0.6463404297828674,0.582953929901123,-0.019050780683755875,0.6663446426391602,0.5490787029266357,-0.00813345704227686,0.6534134149551392,0.5305335521697998,-0.02748918905854225,0.6601780652999878,0.575076699256897,-0.020823441445827484,0.6675350069999695,0.5856436491012573,-0.009520861320197582,0.6928552985191345,0.5487983226776123,-0.01705150678753853,0.6789940595626831,0.5323236584663391,-0.024859875440597534,0.6786176562309265,0.5630461573600769,-0.017608465626835823,0.68311607837677,0.572925865650177,-0.008964087814092636
0.6853532195091248,0.6570701599121094,-3.204429219749727e-07,0.6448370814323425,0.6583008766174316,-0.010074151679873466,0.6054236888885498,0.6288319826126099,-0.014463516883552074,0.6014681458473206,0.5874882340431213,-0.020220376551151276,0.626638650894165,0.5730900764465332,-0.023100748658180237,0.6172651648521423,0.5674643516540527,0.0018399283289909363,0.6016796231269836,0.5391789078712463,-0.018399063497781754,0.612661600112915,0.5746803879737854,-0.028453243896365166,0.6228484511375427,0.5925083756446838,-0.03220248967409134,0.6395460963249207,0.5556129217147827,-0.0015195115702226758,0.6218351125717163,0.5269104242324829,-0.023068631067872047,0.6331592202186584,0.5717806220054626,-0.02527587302029133,0.6427540183067322,0.5837218761444092,-0.01969768851995468,0.6626731157302856,0.5501049757003784,-0.00893647875636816,0.648412823677063,0.5314096808433533,-0.028464220464229584,0.6565097570419312,0.5761789083480835,-0.02115674875676632,0.6638148427009583,0.5852522850036621,-0.009436947293579578,0.6889148950576782,0.5486321449279785,-0.017828576266765594,0.6737249493598938,0.5328246355056763,-0.025810403749346733,0.674695611000061,0.5640106797218323,-0.01808895729482174,0.6799318790435791,0.5730016231536865,-0.009040803648531437
0.6849722862243652,0.6564205288887024,-3.042131595520914e-07,0.6441174149513245,0.6571908593177795,-0.010152840986847878,0.6050095558166504,0.6270889639854431,-0.014900490641593933,0.6023060083389282,0.5857522487640381,-0.02100471593439579,0.6292015314102173,0.5740588307380676,-0.024591444060206413,0.6175593137741089,0.565060019493103,0.0015642412472516298,0.6020556688308716,0.5385242700576782,-0.01810506358742714,0.6118825078010559,0.5725637674331665,-0.028348568826913834,0.6227322816848755,0.5910118818283081,-0.032418470829725266,0.6394554376602173,0.5529460906982422,-0.0017719819443300366,0.6219009160995483,0.5247103571891785,-0.022510305047035217,0.6318477988243103,0.5687077045440674,-0.024518536403775215,0.6429307460784912,0.5826704502105713,-0.018987873569130898,0.6626764535903931,0.5484079718589783,-0.009123235009610653,0.6491974592208862,0.5293551683425903,-0.02805834263563156,0.6557575464248657,0.5737390518188477,-0.021135032176971436,0.6639531254768372,0.5856126546859741,-0.00977411214262247,0.6892898082733154,0.5486524105072021,-0.017984803766012192,0.6750885248184204,0.5319292545318604,-0.026060527190566063,0.6748887300491333,0.5626054406166077,-0.01884685456752777,0.6801702976226807,0.5733143091201782,-0.010214918293058872
0.6876492500305176,0.6588137149810791,-3.2433558772027027e-07,0.6471644639968872,0.6590402126312256,-0.010573563165962696,0.6082204580307007,0.6270052194595337,-0.01525578647851944,0.6068084836006165,0.5858680009841919,-0.021240077912807465,0.6340727210044861,0.5771239995956421,-0.024415522813796997,0.620765209197998,0.5666700005531311,0.0008012661128304899,0.6045264005661011,0.539466381072998,-0.019675126299262047,0.615770161151886,0.5759146809577942,-0.0299476720392704,0.6261377334594727,0.5936220288276672,-0.03390880301594734,0.6429356336593628,0.5554699301719666,-0.0024067575577646494,0.625038206577301,0.526413083076477,-0.023956801742315292,0.6358851790428162,0.572347104549408,-0.025852952152490616,0.645565927028656,0.5851543545722961,-0.020123425871133804,0.666236400604248,0.5508864521980286,-0.009716901928186417,0.651764452457428,0.5306511521339417,-0.028923872858285904,0.65928715467453,0.5767291784286499,-0.021332552656531334,0.6668935418128967,0.5872658491134644,-0.009531553834676743,0.6927903890609741,0.5505618453025818,-0.018621157854795456,0.677728533744812,0.5338002443313599,-0.026215996593236923,0.6778382062911987,0.5657528638839722,-0.018401935696601868,0.6829891204833984,0.575667142868042,-0.00945341493934393
0.23502537608146667,1.0072054862976074,-3.706049369611719e-07,0.2903582751750946,0.9668535590171814,-0.03622159734368324,0.3464428782463074,0.8913100361824036,-0.05782341957092285,0.336642324924469,0.8356444239616394,-0.07571746408939362,0.2913001775741577,0.8487210869789124,-0.08722514659166336,0.270893931388855,0.7411083579063416,-0.02431255392730236,0.30608707666397095,0.7469207048416138,-0.05885203182697296,0.3044983148574829,0.8256670236587524,-0.07642178237438202,0.28824111819267273,0.8473628163337708,-0.08647856116294861,0.21810473501682281,0.7459603548049927,-0.025044597685337067,0.26341041922569275,0.7729328870773315,-0.060922205448150635,0.269671231508255,0.8602482676506042,-0.07119974493980408,0.2513805329799652,0.8645190596580505,-0.07213259488344193,0.1740046888589859,0.7783027291297913,-0.03100479580461979,0.21773234009742737,0.8090434670448303,-0.06771528720855713,0.230874702334404,0.8824905753135681,-0.06355038285255432,0.21384258568286896,0.8821560144424438,-0.054036155343055725,0.13525816798210144,0.825206995010376,-0.040015604346990585,0.17429053783416748,0.8472800850868225,-0.0616404265165329,0.19269423186779022,0.8938877582550049,-0.0545383021235466,0.1820926070213318,0.8933226466178894,-0.04438340663909912
0.23538759350776672,1.0048823356628418,-3.553496981112403e-07,0.29250776767730713,0.9604072570800781,-0.03691785782575607,0.3426928222179413,0.8689156770706177,-0.05637464299798012,0.3200396001338959,0.8099128007888794,-0.07138456404209137,0.2707098126411438,0.8267247676849365,-0.07933874428272247,0.2618512511253357,0.7331470251083374,-0.021996106952428818,0.3015410900115967,0.7337471842765808,-0.056942958384752274,0.3001149594783783,0.8149128556251526,-0.0745311751961708,0.28284531831741333,0.8336225152015686,-0.08494245260953903,0.20986276865005493,0.7395579218864441,-0.022076316177845,0.26084455847740173,0.7577184438705444,-0.058657918125391006,0.26690202951431274,0.8437110185623169,-0.06831103563308716,0.2479802668094635,0.8447784185409546,-0.06831970810890198,0.16761741042137146,0.7725565433502197,-0.02793978899717331,0.2158021628856659,0.8000584244728088,-0.06506697833538055,0.22833256423473358,0.869664192199707,-0.061152007430791855,0.2100995033979416,0.8639823794364929,-0.051675017923116684,0.13214457035064697,0.817948579788208,-0.03695975989103317,0.1746182143688202,0.8376242518424988,-0.05866672843694687,0.19237346947193146,0.8816974759101868,-0.052378784865140915,0.17948155105113983,0.8783590793609619,-0.0429832860827446
0.251259446144104,0.9857652187347412,-3.704884363742167e-07,0.299919068813324,0.9415770173072815,-0.029546525329351425,0.34483811259269714,0.8591877818107605,-0.04715871065855026,0.3318713903427124,0.8033706545829773,-0.0616828128695488,0.2859792411327362,0.8031026721000671,-0.06977943331003189,0.2703629732131958,0.7307639122009277,-0.014778771437704563,0.30985599756240845,0.7288721799850464,-0.048616230487823486,0.30577540397644043,0.8035070896148682,-0.06848070025444031,0.2909559905529022,0.8270366191864014,-0.08021459728479385,0.22171929478645325,0.736040472984314,-0.01708282344043255,0.26791417598724365,0.7412073612213135,-0.050181496888399124,0.27234673500061035,0.8237645030021667,-0.05903511494398117,0.2574215531349182,0.8338934779167175,-0.05907711014151573,0.18146070837974548,0.7651138305664062,-0.024872316047549248,0.22559089958667755,0.777591347694397,-0.05656525865197182,0.23723475635051727,0.8448691368103027,-0.050084833055734634,0.22129203379154205,0.8464082479476929,-0.04005725681781769,0.14707425236701965,0.8079126477241516,-0.0355365090072155,0.18459291756153107,0.8149380087852478,-0.05292940512299538,0.2004644274711609,0.859675407409668,-0.04387049376964569,0.18803413212299347,0.86214280128479,-0.033297449350357056
0.2673194706439972,0.8963920474052429,-2.5150004034912854e-07,0.31577572226524353,0.8563356995582581,-0.02289731428027153,0.3674049377441406,0.780535876750946,-0.035143446177244186,0.3598378002643585,0.7240316271781921,-0.04607973247766495,0.3186891973018646,0.7350745797157288,-0.05174756795167923,0.31965887546539307,0.682086169719696,-0.008366177789866924,0.33915793895721436,0.6480143666267395,-0.035295408219099045,0.33538818359375,0.711481511592865,-0.049458716064691544,0.3228670656681061,0.7271968126296997,-0.057313788682222366,0.27771544456481934,0.6830540299415588,-0.011308177374303341,0.29981809854507446,0.6530739068984985,-0.03885270655155182,0.3028874695301056,0.7278217077255249,-0.04509757459163666,0.28919386863708496,0.7334859371185303,-0.04380108788609505,0.2386801540851593,0.6976320743560791,-0.018859559670090675,0.2568848133087158,0.6772218346595764,-0.045866746455430984,0.26814088225364685,0.7404659986495972,-0.03807583823800087,0.2572523057460785,0.7423415184020996,-0.027547290548682213,0.19980932772159576,0.7210018038749695,-0.02840118110179901,0.219742089509964,0.7026277184486389,-0.04084744676947594,0.23275509476661682,0.7467533349990845,-0.028899529948830605,0.22409316897392273,0.7548426985740662,-0.017244143411517143
0.27278345823287964,0.805758535861969,-2.500565585705772e-07,0.3210034966468811,0.7758928537368774,-0.02098996937274933,0.37131941318511963,0.707588255405426,-0.028896676376461983,0.3605336546897888,0.6503408551216125,-0.03505188599228859,0.318067342042923,0.6494577527046204,-0.03645198419690132,0.33449769020080566,0.6231125593185425,-0.00582171231508255,0.35023465752601624,0.5823003053665161,-0.02726944349706173,0.3432861566543579,0.6416153311729431,-0.037404704838991165,0.331820547580719,0.6590937972068787,-0.04232446104288101,0.29752203822135925,0.6193269491195679,-0.006917073857039213,0.3135760426521301,0.5769908428192139,-0.029536141082644463,0.3130369484424591,0.6466577053070068,-0.034023407846689224,0.30161696672439575,0.6550348997116089,-0.03173907473683357,0.26136693358421326,0.6269106864929199,-0.011973930522799492,0.2724398672580719,0.5906050801277161,-0.03644415736198425,0.28028956055641174,0.6534538865089417,-0.0285378098487854,0.2712111175060272,0.6591013073921204,-0.017752600833773613,0.2219332456588745,0.6417834162712097,-0.01843786984682083,0.2385214865207672,0.6098635196685791,-0.030037295073270798,0.24828603863716125,0.6539885997772217,-0.01742721162736416,0.2405470311641693,0.6652789115905762,-0.005364781711250544
0.2672712802886963,0.7741993069648743,-2.5634849976086116e-07,0.3155564069747925,0.7485995292663574,-0.019357912242412567,0.3666238486766815,0.6834452152252197,-0.026392878964543343,0.3565741777420044,0.6253777742385864,-0.03215308487415314,0.31459546089172363,0.6214437484741211,-0.03353046625852585,0.3352033495903015,0.5993931293487549,-0.004518053028732538,0.34963902831077576,0.5566338300704956,-0.02557317167520523,0.34173545241355896,0.6119094491004944,-0.03599003702402115,0.3316385746002197,0.6313524842262268,-0.04085450619459152,0.2990930676460266,0.5925754308700562,-0.006097034551203251,0.31343427300453186,0.5501989722251892,-0.0267711840569973,0.3111012279987335,0.6154519319534302,-0.030621446669101715,0.3018122911453247,0.6246490478515625,-0.028324836865067482,0.2640184164047241,0.5976239442825317,-0.011598320677876472,0.273418664932251,0.5606735348701477,-0.03405057638883591,0.27904313802719116,0.6221058368682861,-0.025522030889987946,0.2720775902271271,0.6303586959838867,-0.014708312228322029,0.2254902422428131,0.6101506352424622,-0.018593061715364456,0.23954233527183533,0.5783450603485107,-0.028813809156417847,0.24774006009101868,0.6213186979293823,-0.015845485031604767,0.24208296835422516,0.6339911818504333,-0.0037230432499200106
0.2614384591579437,0.74094158411026,-2.7623639198282035e-07,0.3115847706794739,0.7180356383323669,-0.02022401988506317,0.360615074634552,0.6548671722412109,-0.027112677693367004,0.34868666529655457,0.5963306427001953,-0.032010603696107864,0.3078449070453644,0.5908925533294678,-0.03196118399500847,0.32900869846343994,0.5731250047683716,-0.00656557222828269,0.3435708284378052,0.5291623473167419,-0.02675352804362774,0.33364471793174744,0.5893994569778442,-0.03553092107176781,0.32440781593322754,0.6059195399284363,-0.03967182710766792,0.2937737703323364,0.5670205354690552,-0.006779449060559273,0.30845895409584045,0.5228711366653442,-0.027086272835731506,0.30402639508247375,0.5914150476455688,-0.029186135157942772,0.29497140645980835,0.5979495644569397,-0.025923630222678185,0.2594279646873474,0.5713030099868774,-0.010812877677381039,0.269645094871521,0.5304365158081055,-0.032935403287410736,0.27287182211875916,0.5946832895278931,-0.022589311003684998,0.2656257748603821,0.6020511984825134,-0.01066681556403637,0.22169803082942963,0.5805007219314575,-0.01633899286389351,0.2357465922832489,0.5479894280433655,-0.026278505101799965,0.2425263524055481,0.5926811695098877,-0.012800081633031368,0.23654550313949585,0.6042304039001465,-0.00040261854883283377
0.2636193037033081,0.7275099158287048,-2.5516587243146205e-07,0.31271785497665405,0.7049543857574463,-0.0204282458871603,0.3617742657661438,0.6450216174125671,-0.028030771762132645,0.3516187369823456,0.5877275466918945,-0.033737849444150925,0.3111501932144165,0.579342246055603,-0.03444230556488037,0.3309992849826813,0.5643063187599182,-0.0063643609173595905,0.3443228602409363,0.5204980969429016,-0.027788301929831505,0.3346920311450958,0.5791497826576233,-0.03745555505156517,0.3257157802581787,0.5951381325721741,-0.041695188730955124,0.2956733703613281,0.5574245452880859,-0.006418066564947367,0.30935174226760864,0.5143415331840515,-0.02751842513680458,0.304813414812088,0.5816892385482788,-0.030098002403974533,0.29576367139816284,0.5872548222541809,-0.026892809197306633,0.26100853085517883,0.5611427426338196,-0.01043939869850874,0.27092278003692627,0.5210857391357422,-0.03342094272375107,0.2741668224334717,0.5845432877540588,-0.023430004715919495,0.2668825089931488,0.5916029214859009,-0.011358248069882393,0.2232150137424469,0.5698527693748474,-0.015929605811834335,0.237635999917984,0.5378559231758118,-0.026482269167900085,0.24419227242469788,0.5817763805389404,-0.013238033279776573,0.23785807192325592,0.5933389663696289,-0.0006383782019838691
0.26269638538360596,0.7361976504325867,-2.8186846634525864e-07,0.31256967782974243,0.7137836813926697,-0.01872125454246998,0.3602001667022705,0.6518863439559937,-0.024954799562692642,0.34813711047172546,0.5940362215042114,-0.029565278440713882,0.30826446413993835,0.5900298357009888,-0.02926681563258171,0.3299081027507782,0.5731688141822815,-0.005580826196819544,0.34274619817733765,0.5268987417221069,-0.025162573903799057,0.33318668603897095,0.5856969952583313,-0.033435188233852386,0.325412392616272,0.6022382378578186,-0.0374123752117157,0.29472723603248596,0.5670443177223206,-0.006402123253792524,0.30755046010017395,0.521901547908783,-0.026059404015541077,0.30356910824775696,0.5893920063972473,-0.02752395160496235,0.2956780195236206,0.595454216003418,-0.024077394977211952,0.26064348220825195,0.5707285404205322,-0.010976049117743969,0.26903146505355835,0.5273682475090027,-0.0324639230966568,0.2723129987716675,0.5909249782562256,-0.02154509164392948,0.2661479711532593,0.59835284948349,-0.009459336288273335,0.22353672981262207,0.5789381861686707,-0.017002364620566368,0.23574568331241608,0.5444106459617615,-0.02661598101258278,0.24214835464954376,0.588986873626709,-0.013020645827054977,0.2369101643562317,0.6013171076774597,-0.0007085136021487415
0.2627429962158203,0.7354871034622192,-2.6451212420397496e-07,0.3128252327442169,0.7124683856964111,-0.019438287243247032,0.36195725202560425,0.6516635417938232,-0.02649197168648243,0.3495602011680603,0.5934405326843262,-0.03176893666386604,0.3086729943752289,0.5865434408187866,-0.03217855840921402,0.3314911723136902,0.5717098116874695,-0.00680664973333478,0.3439900577068329,0.5245280861854553,-0.02730347029864788,0.3348556160926819,0.5834382176399231,-0.03662850707769394,0.3259737491607666,0.6003997325897217,-0.041018202900886536,0.2962324917316437,0.5650119185447693,-0.0073093329556286335,0.3089771866798401,0.5203927159309387,-0.026595041155815125,0.30553749203681946,0.5875967144966125,-0.02878858894109726,0.29713189601898193,0.5924942493438721,-0.026219859719276428,0.2618662714958191,0.5687763094902039,-0.011544834822416306,0.27095985412597656,0.5262901782989502,-0.032713066786527634,0.27457839250564575,0.5895280838012695,-0.02237631566822529,0.26777148246765137,0.5959914922714233,-0.010968446731567383,0.22402381896972656,0.577495813369751,-0.017248615622520447,0.2368355542421341,0.5436238646507263,-0.026836149394512177,0.2440745085477829,0.5875483155250549,-0.013396824710071087,0.2387140691280365,0.5994411110877991,-0.0012534289853647351
0.2710498869419098,0.7138786315917969,-2.4587478719695355e-07,0.3196982443332672,0.6931780576705933,-0.020354103296995163,0.3685072660446167,0.6352587938308716,-0.02775667794048786,0.3593139052391052,0.5772940516471863,-0.03331635892391205,0.31950274109840393,0.5667700171470642,-0.03410355746746063,0.33830952644348145,0.5549881458282471,-0.006217129994183779,0.35105884075164795,0.5104838609695435,-0.027670565992593765,0.34148135781288147,0.5669539570808411,-0.03777516260743141,0.3321572244167328,0.5848604440689087,-0.042176783084869385,0.30374211072921753,0.5470570921897888,-0.0062855505384504795,0.3167284429073334,0.5036561489105225,-0.02728184126317501,0.3124070465564728,0.5695705413818359,-0.030560201033949852,0.30354568362236023,0.5765408277511597,-0.027798553928732872,0.2696293890476227,0.5499645471572876,-0.010281720198690891,0.2792308032512665,0.5093262791633606,-0.033044759184122086,0.2822503447532654,0.5714972615242004,-0.023676147684454918,0.2748638987541199,0.5791358947753906,-0.01201992854475975,0.23198170959949493,0.5582542419433594,-0.0157697144895792,0.2461254745721817,0.5262984037399292,-0.026705805212259293,0.25263646245002747,0.5695282220840454,-0.01408761739730835,0.24640433490276337,0.5812368988990784,-0.0018443027511239052
0.274209201335907,0.7170711159706116,-2.7913034728044295e-07,0.3225649893283844,0.6954442262649536,-0.01869814097881317,0.37053051590919495,0.6363680362701416,-0.025647584348917007,0.36148038506507874,0.5778440237045288,-0.03102027252316475,0.3227449655532837,0.5672250390052795,-0.03156454861164093,0.3412562608718872,0.556796133518219,-0.0072612641379237175,0.3547464907169342,0.5094593167304993,-0.027639180421829224,0.34371843934059143,0.5685232281684875,-0.03640764206647873,0.3354167938232422,0.5847946405410767,-0.04065372794866562,0.30669963359832764,0.5496587753295898,-0.008246414363384247,0.3212200105190277,0.5034497976303101,-0.028580375015735626,0.315483033657074,0.5708320140838623,-0.03038686327636242,0.30679094791412354,0.5763962864875793,-0.027221033349633217,0.2727071940898895,0.5521537661552429,-0.01287150476127863,0.2831856608390808,0.5080810189247131,-0.0348505936563015,0.28505581617355347,0.5709802508354187,-0.023919519037008286,0.27792301774024963,0.5777243971824646,-0.011861064471304417,0.23547403514385223,0.5589287877082825,-0.018906284123659134,0.24947455525398254,0.5240877270698547,-0.02918551303446293,0.2555595636367798,0.5684168338775635,-0.015743054449558258,0.24983017146587372,0.5807624459266663,-0.0034594277385622263
0.2723572254180908,0.7395963072776794,-2.7449502226772893e-07,0.32114920020103455,0.7164773941040039,-0.01989198848605156,0.37077319622039795,0.6510271430015564,-0.026805875822901726,0.3621124029159546,0.5905231237411499,-0.03207377716898918,0.3213140666484833,0.5860530734062195,-0.03242794796824455,0.33733105659484863,0.5699591040611267,-0.00566176138818264,0.3516688644886017,0.5235245823860168,-0.026113515719771385,0.3428197503089905,0.5835504531860352,-0.03538883477449417,0.3328545093536377,0.5997385382652283,-0.039941851049661636,0.3023422360420227,0.5635368824005127,-0.006724814418703318,0.3168562650680542,0.5181657671928406,-0.027009474113583565,0.31318747997283936,0.5861920714378357,-0.02947666123509407,0.3026806116104126,0.5909267067909241,-0.026541918516159058,0.2677563428878784,0.5681847333908081,-0.011716038919985294,0.27779731154441833,0.5266724824905396,-0.03389585390686989,0.28224676847457886,0.58976811170578,-0.02381652034819126,0.27411019802093506,0.5951277613639832,-0.012222415767610073,0.22998309135437012,0.5780805945396423,-0.018250174820423126,0.24415194988250732,0.5438573360443115,-0.028247041627764702,0.25238171219825745,0.5883203744888306,-0.014667707495391369,0.2462778240442276,0.6001529693603516,-0.0022917508613318205
0.2811149060726166,0.7549956440925598,-2.970001560242963e-07,0.32961228489875793,0.7316038608551025,-0.02077988162636757,0.37952154874801636,0.6611632704734802,-0.02769891358911991,0.3713570535182953,0.5996878743171692,-0.03285253420472145,0.3299291133880615,0.5985078811645508,-0.032808221876621246,0.3444295823574066,0.5776668787002563,-0.005514220334589481,0.3610804080963135,0.5325042605400085,-0.026640010997653008,0.35219621658325195,0.5939350724220276,-0.03638860955834389,0.3409629166126251,0.6095911860466003,-0.04135293886065483,0.30887362360954285,0.5727764964103699,-0.006486908998340368,0.3253900110721588,0.5285016298294067,-0.02749629132449627,0.32163283228874207,0.5980849266052246,-0.030352870002388954,0.30987831950187683,0.6010099053382874,-0.027713289484381676,0.27423328161239624,0.5788397789001465,-0.0116403354331851,0.28602680563926697,0.5388343930244446,-0.034515466541051865,0.2904501259326935,0.602358341217041,-0.024928385391831398,0.280774861574173,0.6055914759635925,-0.013794994913041592,0.2369242161512375,0.5900499224662781,-0.018471822142601013,0.2531276047229767,0.5564873218536377,-0.02891622483730316,0.2609228491783142,0.6010087132453918,-0.015818467363715172,0.25299087166786194,0.6115479469299316,-0.00395557377487421
0.27977120876312256,0.7564691305160522,-3.0326160072036146e-07,0.3287196159362793,0.7312829494476318,-0.01963306963443756,0.3784654140472412,0.659814715385437,-0.026181720197200775,0.37040287256240845,0.5985090732574463,-0.031203128397464752,0.32904404401779175,0.5987182259559631,-0.031092366203665733,0.3430638909339905,0.5778246521949768,-0.0052243806421756744,0.36019808053970337,0.532800555229187,-0.025508161634206772,0.35115015506744385,0.5946153998374939,-0.03478351607918739,0.33995214104652405,0.6093514561653137,-0.03983640298247337,0.3076939880847931,0.5733281373977661,-0.0068217674270272255,0.3248705267906189,0.5288270711898804,-0.027396906167268753,0.3209735155105591,0.598928689956665,-0.03010323829948902,0.3088511526584625,0.6018916368484497,-0.02759595774114132,0.2731083631515503,0.5795640349388123,-0.012357559986412525,0.2856909930706024,0.538442850112915,-0.03468935191631317,0.29035186767578125,0.6024179458618164,-0.024861089885234833,0.2805662751197815,0.6061585545539856,-0.013810471631586552,0.23577460646629333,0.5909848809242249,-0.019479159265756607,0.2521623373031616,0.5569098591804504,-0.029549652710556984,0.26078903675079346,0.601576566696167,-0.016273586079478264,0.25365227460861206,0.6124709248542786,-0.004479339346289635
0.2784745395183563,0.7549527287483215,-2.919036319326551e-07,0.3270988464355469,0.7312690615653992,-0.019733237102627754,0.3776746988296509,0.6610903739929199,-0.026148533448576927,0.3709370791912079,0.5998746156692505,-0.03114248998463154,0.3299821615219116,0.6006399989128113,-0.031120646744966507,0.34277045726776123,0.5791308283805847,-0.004377495963126421,0.35902848839759827,0.5330504775047302,-0.02535315416753292,0.35060620307922363,0.5931300520896912,-0.035271450877189636,0.3398009240627289,0.610174298286438,-0.040300920605659485,0.3074769675731659,0.5740835070610046,-0.005947290454059839,0.32361048460006714,0.5292099714279175,-0.02688305824995041,0.3203922212123871,0.5979410409927368,-0.03001590631902218,0.30907464027404785,0.6023688912391663,-0.027457356452941895,0.272940456867218,0.5800529718399048,-0.01162645872682333,0.28448420763015747,0.5390440225601196,-0.03419560194015503,0.28952112793922424,0.6020680665969849,-0.024775387719273567,0.2803906202316284,0.6065755486488342,-0.013699331320822239,0.23554067313671112,0.5914456844329834,-0.01895965076982975,0.25126543641090393,0.5574772357940674,-0.029115410521626472,0.25998473167419434,0.6017513871192932,-0.016105227172374725,0.2533515393733978,0.6130186319351196,-0.0043204668909311295
0.2752530574798584,0.7768122553825378,-3.0495451142087404e-07,0.3240157961845398,0.7528956532478333,-0.020243417471647263,0.37432193756103516,0.6792605519294739,-0.02651200443506241,0.36660030484199524,0.6182554960250854,-0.031083380803465843,0.3247942328453064,0.6215875744819641,-0.030311856418848038,0.3383755385875702,0.596630871295929,-0.004684381186962128,0.3549698293209076,0.5514727830886841,-0.025064045563340187,0.34643805027008057,0.6140798926353455,-0.034179944545030594,0.3359878361225128,0.6279506087303162,-0.0392049141228199,0.3027331233024597,0.592374324798584,-0.0060530416667461395,0.31921452283859253,0.5481042265892029,-0.026917360723018646,0.31569185853004456,0.6186115145683289,-0.029188361018896103,0.3043897747993469,0.6203761100769043,-0.02619585581123829,0.2681117057800293,0.5991814732551575,-0.011595051735639572,0.2795615494251251,0.5597217082977295,-0.033958617597818375,0.28462469577789307,0.6233713626861572,-0.023891471326351166,0.2755550742149353,0.6250962018966675,-0.012715437449514866,0.2310369610786438,0.6112297773361206,-0.018865661695599556,0.24659135937690735,0.5790048837661743,-0.028884924948215485,0.255130797624588,0.6241207718849182,-0.015656955540180206,0.24790793657302856,0.633934736251831,-0.003970301244407892
0.2740463316440582,0.7966805696487427,-2.980145836772863e-07,0.3227465748786926,0.7717689871788025,-0.02079281397163868,0.37234312295913696,0.7014144062995911,-0.02819734252989292,0.3636939823627472,0.6407515406608582,-0.03387712314724922,0.32190242409706116,0.6383635401725769,-0.03402763605117798,0.3378591537475586,0.6194598078727722,-0.005880339536815882,0.35283610224723816,0.5711165070533752,-0.02738088369369507,0.34433552622795105,0.6338099241256714,-0.03709248825907707,0.334284245967865,0.650357723236084,-0.04202346131205559,0.3019707202911377,0.6145583391189575,-0.006830175872892141,0.3166223168373108,0.5693443417549133,-0.027817627415060997,0.3133358359336853,0.6395737528800964,-0.030146697536110878,0.30274587869644165,0.6425020098686218,-0.027301551774144173,0.2669636011123657,0.620719850063324,-0.012043388560414314,0.2776470482349396,0.5798361301422119,-0.0342954583466053,0.28262367844581604,0.6436024904251099,-0.023974403738975525,0.27394500374794006,0.6466507911682129,-0.012710005044937134,0.22932034730911255,0.6316501498222351,-0.01905824989080429,0.24465709924697876,0.6012711524963379,-0.02931872569024563,0.25282639265060425,0.6462627053260803,-0.016369711607694626,0.24543283879756927,0.6553391218185425,-0.004770294297486544
0.26516902446746826,0.7883362770080566,-2.886873176066729e-07,0.31202036142349243,0.7611659169197083,-0.01886005513370037,0.3601759374141693,0.6912104487419128,-0.025553878396749496,0.3499389886856079,0.6307525634765625,-0.030957259237766266,0.3083101809024811,0.6305122375488281,-0.031105488538742065,0.3256428837776184,0.6148778200149536,-0.005059325136244297,0.3391895890235901,0.5647975206375122,-0.02583506517112255,0.33145904541015625,0.6259958744049072,-0.035009000450372696,0.32211726903915405,0.6436871886253357,-0.03950866684317589,0.2907976806163788,0.6098525524139404,-0.006950567476451397,0.3039870262145996,0.5639618635177612,-0.026450620964169502,0.30118995904922485,0.6314978003501892,-0.02799646370112896,0.2919923961162567,0.6344835162162781,-0.025036633014678955,0.2569378912448883,0.6160769462585449,-0.01288990955799818,0.2656634747982025,0.5730807185173035,-0.03380599990487099,0.2703998386859894,0.6347113251686096,-0.02265092171728611,0.26296892762184143,0.6388409733772278,-0.011214413680136204,0.22003774344921112,0.6273474097251892,-0.02056642435491085,0.23326002061367035,0.5927518010139465,-0.02973182499408722,0.24063634872436523,0.636933445930481,-0.015790831297636032,0.23441512882709503,0.6488891839981079,-0.003753475844860077
0.26047590374946594,0.7776143550872803,-2.6947196829496534e-07,0.3054979741573334,0.7532902956008911,-0.02040746808052063,0.3509426414966583,0.687674880027771,-0.027890658006072044,0.34010985493659973,0.6295678615570068,-0.03355826064944267,0.29976505041122437,0.6264017820358276,-0.034246839582920074,0.31759336590766907,0.6094406843185425,-0.007409890182316303,0.3286830186843872,0.5634732246398926,-0.028014888986945152,0.32251566648483276,0.6237037777900696,-0.03713085129857063,0.3147015869617462,0.639955461025238,-0.04150667414069176,0.2824379503726959,0.6055801510810852,-0.007908877916634083,0.29408538341522217,0.5615467429161072,-0.028022009879350662,0.29299196600914,0.6285503506660461,-0.03010300174355507,0.283841997385025,0.6328777074813843,-0.02720898576080799,0.24866409599781036,0.6124249696731567,-0.012304536066949368,0.2562094032764435,0.5706954002380371,-0.03418460860848427,0.26249009370803833,0.6323087215423584,-0.023685704916715622,0.2554760277271271,0.6380041837692261,-0.012040202505886555,0.21224316954612732,0.6242030262947083,-0.01831582374870777,0.22346580028533936,0.5893494486808777,-0.028282752260565758,0.23247438669204712,0.6320260167121887,-0.014841023832559586,0.22772203385829926,0.644003689289093,-0.002620564540848136
0.25913310050964355,0.7784309387207031,-2.7277164349470695e-07,0.30536895990371704,0.7544362545013428,-0.02011306956410408,0.3521408438682556,0.688691258430481,-0.027465276420116425,0.34151333570480347,0.6298801898956299,-0.033021606504917145,0.3008420169353485,0.6259543895721436,-0.03361479192972183,0.31923866271972656,0.6106371283531189,-0.007503346540033817,0.3305906653404236,0.5633968114852905,-0.0281988475471735,0.3235299587249756,0.6230785846710205,-0.03750096634030342,0.3152270019054413,0.6400729417800903,-0.04195737838745117,0.2841770648956299,0.6062012910842896,-0.00808714609593153,0.2960139214992523,0.5616211295127869,-0.02792155183851719,0.29398632049560547,0.6283641457557678,-0.03003530763089657,0.2851031720638275,0.6329123377799988,-0.027253827080130577,0.2503776550292969,0.6126437187194824,-0.012503115460276604,0.2579694986343384,0.5706567764282227,-0.03381837159395218,0.2634240686893463,0.6320724487304688,-0.023138510063290596,0.25665611028671265,0.6378057599067688,-0.01157396286725998,0.21371051669120789,0.624052882194519,-0.018559036776423454,0.22494979202747345,0.5898691415786743,-0.028104716911911964,0.23317503929138184,0.6326234340667725,-0.014508293010294437,0.22809341549873352,0.6441999077796936,-0.0023114271461963654
0.26173850893974304,0.7709089517593384,-2.6689278342928446e-07,0.30761203169822693,0.7476307153701782,-0.02011602371931076,0.3540419936180115,0.6850787401199341,-0.0278274305164814,0.34346848726272583,0.626694917678833,-0.03375670686364174,0.30409085750579834,0.6188583970069885,-0.034686822444200516,0.3220316767692566,0.6052864789962769,-0.007212661672383547,0.3336034119129181,0.5582818984985352,-0.028930071741342545,0.3254544138908386,0.6170651316642761,-0.03892136737704277,0.31665971875190735,0.6351538300514221,-0.043416984379291534,0.28738754987716675,0.5998860597610474,-0.007815172895789146,0.29947909712791443,0.5549715757369995,-0.02840571105480194,0.2964867353439331,0.6208900809288025,-0.030976753681898117,0.2877783179283142,0.6263572573661804,-0.028140338137745857,0.2537608742713928,0.6051295399665833,-0.012382249347865582,0.26180827617645264,0.5640348792076111,-0.0345466174185276,0.2661971151828766,0.6252397894859314,-0.024405013769865036,0.25946900248527527,0.631135880947113,-0.01274135522544384,0.21724264323711395,0.6156123876571655,-0.018548550084233284,0.2293529510498047,0.5826908946037292,-0.028688086196780205,0.23684734106063843,0.6253076195716858,-0.015460103750228882,0.23157945275306702,0.6365290284156799,-0.0031802060548216105
0.25994741916656494,0.7582353353500366,-2.8275141517042357e-07,0.30840635299682617,0.7354601621627808,-0.01912195421755314,0.35522016882896423,0.6721503138542175,-0.025795552879571915,0.3412322998046875,0.6146981716156006,-0.030812107026576996,0.30064988136291504,0.608172595500946,-0.030873510986566544,0.32342728972435,0.5948588848114014,-0.006111659575253725,0.33531129360198975,0.5471814274787903,-0.026831019669771194,0.3267934322357178,0.607320249080658,-0.03586524724960327,0.31836172938346863,0.6251875758171082,-0.03983480855822563,0.28889167308807373,0.5889521837234497,-0.006899545900523663,0.3014611601829529,0.5439199209213257,-0.026268886402249336,0.2978489100933075,0.611657977104187,-0.027942633256316185,0.2894456088542938,0.6170495748519897,-0.024717291817069054,0.2557598948478699,0.5933822393417358,-0.011539547704160213,0.26391786336898804,0.5505157709121704,-0.033041246235370636,0.2672026753425598,0.6146445870399475,-0.02191310003399849,0.26064231991767883,0.6221374273300171,-0.009643534198403358,0.219415083527565,0.6025283336639404,-0.01768275536596775,0.23088617622852325,0.5672982931137085,-0.02712208405137062,0.23749443888664246,0.6116350293159485,-0.01285864133387804,0.23248764872550964,0.6247981786727905,6.124474748503417e-05
0.2954360246658325,0.7211786508560181,-2.1756460455435445e-07,0.3406725823879242,0.6995710134506226,-0.017174340784549713,0.38549691438674927,0.6435278058052063,-0.023351101204752922,0.37993043661117554,0.5872873663902283,-0.02903815731406212,0.34283512830734253,0.5811123251914978,-0.030783291906118393,0.35673636198043823,0.5651894807815552,0.00030517324921675026,0.3697079122066498,0.5263795852661133,-0.019885249435901642,0.36148375272750854,0.5744948387145996,-0.031106259673833847,0.35261043906211853,0.592599093914032,-0.036329302936792374,0.32504764199256897,0.5575311183929443,-0.0014129310147836804,0.33717450499534607,0.5171826481819153,-0.021449415013194084,0.332507461309433,0.5744683146476746,-0.026230672374367714,0.3244481682777405,0.5844231247901917,-0.024264272302389145,0.2936939299106598,0.5599633455276489,-0.007119290996342897,0.302970290184021,0.5242074131965637,-0.028416885063052177,0.30453720688819885,0.5779539346694946,-0.021486574783921242,0.29762306809425354,0.5875236392021179,-0.011417923495173454,0.2589348554611206,0.5685417652130127,-0.014310095459222794,0.27274179458618164,0.5391924977302551,-0.023545892909169197,0.27751344442367554,0.5771405696868896,-0.012344644404947758,0.2724570631980896,0.5895559787750244,-0.0013800085289403796
0.34934255480766296,0.7347355484962463,-2.686356594949757e-07,0.3939063549041748,0.7159988880157471,-0.013866993598639965,0.43810203671455383,0.6687844395637512,-0.020218245685100555,0.43500956892967224,0.6168972849845886,-0.026825929060578346,0.4009176790714264,0.6003457307815552,-0.02976273000240326,0.4141518473625183,0.5910928249359131,-0.00212515564635396,0.4324735105037689,0.547653079032898,-0.022468026727437973,0.42260462045669556,0.5990561842918396,-0.03216732665896416,0.41131776571273804,0.6169695258140564,-0.036117520183324814,0.38470110297203064,0.5821994543075562,-0.0050571574829518795,0.40395987033843994,0.538937509059906,-0.025859912857413292,0.3961307406425476,0.6001625657081604,-0.030221080407500267,0.3835027515888214,0.6091670393943787,-0.028249260038137436,0.35519659519195557,0.5816236734390259,-0.011202124878764153,0.3720230758190155,0.539512038230896,-0.032721154391765594,0.3699588477611542,0.5982464551925659,-0.02426501363515854,0.3579123616218567,0.608523964881897,-0.013415992259979248,0.3207721710205078,0.5858783721923828,-0.018327975645661354,0.3420727252960205,0.5528695583343506,-0.02808198891580105,0.34468674659729004,0.5937650799751282,-0.016225215047597885,0.3350335955619812,0.6070356369018555,-0.004907484631985426
0.29115304350852966,0.7489623427391052,-2.1189623566897353e-07,0.33426499366760254,0.7308918833732605,-0.018267842009663582,0.3801650404930115,0.6829390525817871,-0.025576956570148468,0.37914928793907166,0.6309595108032227,-0.03179408237338066,0.345328152179718,0.6175042390823364,-0.034237150102853775,0.3570345938205719,0.6003400683403015,-0.0033685772214084864,0.3707241714000702,0.5644683241844177,-0.02284057065844536,0.35797378420829773,0.6094726324081421,-0.033484529703855515,0.35045456886291504,0.6242761015892029,-0.03848224878311157,0.32725340127944946,0.5909782648086548,-0.0038313560653477907,0.3401812016963959,0.5563613176345825,-0.022848784923553467,0.33043867349624634,0.6097306609153748,-0.026726124808192253,0.32475966215133667,0.6183313727378845,-0.0247513260692358,0.2976139187812805,0.5909014940261841,-0.008107301779091358,0.30764201283454895,0.5594066977500916,-0.027125004678964615,0.3043974041938782,0.6093050837516785,-0.019577976316213608,0.29899853467941284,0.6184329390525818,-0.009954148903489113,0.2648267149925232,0.5963714122772217,-0.014120617881417274,0.27816227078437805,0.57107013463974,-0.0223236046731472,0.27927231788635254,0.6077051162719727,-0.011598821729421616,0.27443206310272217,0.6195787787437439,-0.0012187452521175146
0.29794883728027344,0.7354516983032227,-2.552872331307299e-07,0.34294942021369934,0.7174937725067139,-0.01646602712571621,0.38760095834732056,0.6671717762947083,-0.022982729598879814,0.38381287455558777,0.6109641194343567,-0.029133273288607597,0.3480251431465149,0.5987833738327026,-0.03139955550432205,0.3625330328941345,0.5912147760391235,-0.00115405663382262,0.37724223732948303,0.5496569871902466,-0.021457577124238014,0.3669276833534241,0.5994077920913696,-0.03165223449468613,0.3574584126472473,0.6175240278244019,-0.03615676984190941,0.33251747488975525,0.5818240642547607,-0.0031124975066632032,0.34690144658088684,0.5393717288970947,-0.024206506088376045,0.3399679958820343,0.5972974896430969,-0.028767472133040428,0.3306553065776825,0.6068894863128662,-0.026537854224443436,0.3020290434360504,0.581400454044342,-0.008810964412987232,0.312958687543869,0.5421257615089417,-0.031029602512717247,0.3123670518398285,0.5981237888336182,-0.023611290380358696,0.3037835359573364,0.6082174777984619,-0.01301063783466816,0.2676619589328766,0.5863902568817139,-0.015803905203938484,0.28284937143325806,0.5552364587783813,-0.025994595140218735,0.2869033217430115,0.5947661399841309,-0.015118629671633244,0.28040775656700134,0.6074799299240112,-0.0042775473557412624
0.31690165400505066,0.7472570538520813,-2.43787980025445e-07,0.3589017689228058,0.7257800698280334,-0.015820540487766266,0.40083232522010803,0.6723399758338928,-0.022243687883019447,0.3955315947532654,0.6182217001914978,-0.028421171009540558,0.35976168513298035,0.6103002429008484,-0.030717916786670685,0.37330934405326843,0.5997967720031738,-0.0019241737900301814,0.38859638571739197,0.556894063949585,-0.021500036120414734,0.379777193069458,0.6081750392913818,-0.030965933576226234,0.3697327971458435,0.6258664131164551,-0.0351543128490448,0.3435111939907074,0.5923386812210083,-0.004330376163125038,0.35870781540870667,0.5476527214050293,-0.024575965479016304,0.3533412516117096,0.607142448425293,-0.02831512875854969,0.3428001403808594,0.616715669631958,-0.025699462741613388,0.31333327293395996,0.5935952663421631,-0.010317951440811157,0.32545700669288635,0.551694393157959,-0.03135130926966667,0.32667940855026245,0.6079882979393005,-0.0233687162399292,0.3169286549091339,0.6181243658065796,-0.012741354294121265,0.2793141007423401,0.6000064015388489,-0.017601707950234413,0.2955467700958252,0.5669181942939758,-0.026780279353260994,0.3007712662220001,0.6057039499282837,-0.01537516713142395,0.29346728324890137,0.6185455322265625,-0.0045034317299723625
0.30537769198417664,0.7584668397903442,-2.566376622326061e-07,0.3467954993247986,0.7389522790908813,-0.018190132454037666,0.38983508944511414,0.6812216639518738,-0.024770988151431084,0.38369616866111755,0.6264212131500244,-0.03010842762887478,0.34886208176612854,0.6193193793296814,-0.03108171932399273,0.3609180450439453,0.6068208813667297,-0.004399285651743412,0.37767666578292847,0.5664817094802856,-0.02337593398988247,0.36822035908699036,0.6207835674285889,-0.031725797802209854,0.35766083002090454,0.6340252161026001,-0.03572320565581322,0.3303581774234772,0.6003283858299255,-0.005500375293195248,0.3471224009990692,0.557048499584198,-0.0256047360599041,0.34157800674438477,0.6199267506599426,-0.028065243735909462,0.33025747537612915,0.6255449056625366,-0.02484836056828499,0.2997666597366333,0.6030285954475403,-0.010316204279661179,0.3129200041294098,0.5625247359275818,-0.032133281230926514,0.31422650814056396,0.621913731098175,-0.022972721606492996,0.3039313852787018,0.6286603808403015,-0.011705228127539158,0.265774667263031,0.6102869510650635,-0.016536036506295204,0.282306969165802,0.5770913362503052,-0.026632647961378098,0.2876660227775574,0.6181841492652893,-0.014722962863743305,0.2798861563205719,0.6296084523200989,-0.003546099876984954
0.28976503014564514,0.7678676843643188,-2.5680972726149776e-07,0.3322194814682007,0.7484207153320312,-0.017740877345204353,0.37589991092681885,0.6919400691986084,-0.024749845266342163,0.370435893535614,0.6372344493865967,-0.030711542814970016,0.33489662408828735,0.629572331905365,-0.03228415921330452,0.34716087579727173,0.617195725440979,-0.005407051648944616,0.36292263865470886,0.5736359357833862,-0.024995509535074234,0.35393646359443665,0.6282593011856079,-0.033579472452402115,0.3436930477619171,0.6439011693000793,-0.037483859807252884,0.31618377566337585,0.6108002066612244,-0.006863298825919628,0.33195701241493225,0.5657671093940735,-0.027387244626879692,0.32704371213912964,0.6286241412162781,-0.03024822473526001,0.3161372244358063,0.6359191536903381,-0.02722613699734211,0.28531670570373535,0.6137836575508118,-0.011838998645544052,0.29710304737091064,0.5728307962417603,-0.033507153391838074,0.2994684875011444,0.6316331624984741,-0.0241401307284832,0.29016244411468506,0.6395053267478943,-0.012723731808364391,0.2510726749897003,0.621464729309082,-0.01819523051381111,0.2665747404098511,0.5880724191665649,-0.027963481843471527,0.2728307545185089,0.6285979151725769,-0.01568593457341194,0.265866756439209,0.6406331062316895,-0.004187176935374737
0.28896114230155945,0.7592093348503113,-2.4880480964384333e-07,0.33252865076065063,0.740223228931427,-0.018244566395878792,0.37772658467292786,0.6846182942390442,-0.02544608898460865,0.3736845552921295,0.6285889744758606,-0.03166228532791138,0.3377166986465454,0.6194542646408081,-0.03348848968744278,0.350100040435791,0.6081926822662354,-0.004048649687319994,0.36664867401123047,0.5660556554794312,-0.024458305910229683,0.35643666982650757,0.619256317615509,-0.03423040360212326,0.34529387950897217,0.6346753239631653,-0.038724079728126526,0.3194713592529297,0.6008846163749695,-0.005479961168020964,0.3359318673610687,0.5577051043510437,-0.026389939710497856,0.3296542465686798,0.619062066078186,-0.03018447384238243,0.3184606432914734,0.6251570582389832,-0.027642276138067245,0.28884661197662354,0.6030881404876709,-0.010677587240934372,0.3014606833457947,0.5638498067855835,-0.03269381821155548,0.3021705150604248,0.6214274764060974,-0.024253075942397118,0.2924172580242157,0.6279053688049316,-0.013308645226061344,0.25495508313179016,0.6102938055992126,-0.01735736057162285,0.27127596735954285,0.5785404443740845,-0.027538159862160683,0.2764202058315277,0.6184009909629822,-0.015829293057322502,0.26921287178993225,0.6294642090797424,-0.00453939801082015
0.294847309589386,0.755376935005188,-2.48567260996424e-07,0.3374433219432831,0.736422061920166,-0.017077932134270668,0.3816260099411011,0.6820820569992065,-0.02403804287314415,0.3784499168395996,0.6268423199653625,-0.030153954401612282,0.34381961822509766,0.6166852712631226,-0.03186587989330292,0.3545188307762146,0.6071946024894714,-0.00465182401239872,0.3719193637371063,0.5635192394256592,-0.02486926130950451,0.3616085946559906,0.6163093447685242,-0.03421997278928757,0.3507055938243866,0.6321216225624084,-0.03838621824979782,0.32464542984962463,0.5998563766479492,-0.006431010086089373,0.3423024117946625,0.5553405284881592,-0.02661217376589775,0.33505189418792725,0.6162434816360474,-0.029557034373283386,0.3239939510822296,0.6221650242805481,-0.026708325371146202,0.29455074667930603,0.6011017560958862,-0.011835859157145023,0.30873697996139526,0.5609213709831238,-0.03305603563785553,0.3082873821258545,0.6177347898483276,-0.024204116314649582,0.2983923554420471,0.6241074800491333,-0.013276373967528343,0.2611399292945862,0.606683611869812,-0.01865430176258087,0.27842578291893005,0.5749862194061279,-0.028308792039752007,0.28282615542411804,0.6140739917755127,-0.016577865928411484,0.27532097697257996,0.6249179840087891,-0.005503013264387846
0.3065580725669861,0.7568905353546143,-2.3090095169209235e-07,0.3475915491580963,0.7356610894203186,-0.017593521624803543,0.3906016945838928,0.6819390654563904,-0.025137407705187798,0.3862566351890564,0.6282827854156494,-0.03203986585140228,0.35032784938812256,0.6196528673171997,-0.03462392836809158,0.3633713722229004,0.6071167588233948,-0.003452831879258156,0.37941405177116394,0.5666860938072205,-0.02427365444600582,0.37058383226394653,0.6192275881767273,-0.03448915109038353,0.3598630428314209,0.635054349899292,-0.03896724432706833,0.33349114656448364,0.6003435850143433,-0.0051444219425320625,0.34960153698921204,0.5576050877571106,-0.02675498090684414,0.3441809117794037,0.6186617612838745,-0.031039129942655563,0.33255162835121155,0.6264933943748474,-0.028560934588313103,0.30343008041381836,0.6021190285682678,-0.010548609308898449,0.31623390316963196,0.5614624619483948,-0.03282296285033226,0.3174469769001007,0.6192567348480225,-0.02465684525668621,0.3068470358848572,0.6285486817359924,-0.013586679473519325,0.26946789026260376,0.6086530089378357,-0.017370903864502907,0.287047803401947,0.5767506957054138,-0.027411887422204018,0.29186031222343445,0.6158521175384521,-0.015977373346686363,0.2834576368331909,0.627662718296051,-0.0047553000040352345
0.30462414026260376,0.7496691942214966,-2.3303135776586714e-07,0.3466933071613312,0.7310636639595032,-0.017183862626552582,0.39018815755844116,0.6794193983078003,-0.02451615035533905,0.3849535286426544,0.6255298852920532,-0.031033670529723167,0.349704772233963,0.614641010761261,-0.03352673351764679,0.36343568563461304,0.6061437129974365,-0.004315976053476334,0.37986600399017334,0.5648507475852966,-0.02415391057729721,0.3707410991191864,0.6154006719589233,-0.03341342508792877,0.35979530215263367,0.6312135457992554,-0.03735504299402237,0.3337174654006958,0.598373532295227,-0.005766179412603378,0.35036471486091614,0.554207980632782,-0.026124892756342888,0.3444739282131195,0.6144616603851318,-0.029500041157007217,0.33334651589393616,0.6226342916488647,-0.026585396379232407,0.3039354979991913,0.5994086861610413,-0.01073203794658184,0.31692585349082947,0.5584554076194763,-0.032289016991853714,0.31774774193763733,0.6155379414558411,-0.0238743107765913,0.30758821964263916,0.6252405047416687,-0.012758811935782433,0.2701486647129059,0.6051106452941895,-0.017005445435643196,0.2873062789440155,0.5728735327720642,-0.02689211629331112,0.2926119863986969,0.611233651638031,-0.01540196780115366,0.28512057662010193,0.623660147190094,-0.004188078921288252
0.30203184485435486,0.7144256830215454,-2.1696472174426162e-07,0.3459824025630951,0.7027825117111206,-0.015300770290195942,0.3929041624069214,0.6582959294319153,-0.02123471349477768,0.39232417941093445,0.6038273572921753,-0.026842450723052025,0.35695981979370117,0.5910884737968445,-0.029380111023783684,0.37089625000953674,0.5834014415740967,-0.0025701061822474003,0.38641154766082764,0.5441634654998779,-0.021305512636899948,0.3759688138961792,0.5907718539237976,-0.031262706965208054,0.36587223410606384,0.6097056269645691,-0.03539368510246277,0.34185314178466797,0.5712820291519165,-0.004129218868911266,0.3582409620285034,0.5293455123901367,-0.022618241608142853,0.3500805199146271,0.5860635042190552,-0.026342127472162247,0.3395555317401886,0.6002575159072876,-0.023737873882055283,0.3126603960990906,0.5683749914169312,-0.008928420953452587,0.3256954550743103,0.5284826159477234,-0.028851736336946487,0.32346805930137634,0.5840928554534912,-0.02123059518635273,0.3136644661426544,0.6001994609832764,-0.01049350667744875,0.2791942358016968,0.5703286528587341,-0.01488630659878254,0.2960849404335022,0.537530243396759,-0.024104496464133263,0.2982841432094574,0.5752568244934082,-0.013102388940751553,0.290385365486145,0.5912572145462036,-0.002022352535277605
0.31810739636421204,0.6763659119606018,-2.220622548065876e-07,0.3641001284122467,0.6671432256698608,-0.01510996650904417,0.40919873118400574,0.6289007067680359,-0.02109694294631481,0.4079964756965637,0.5762454867362976,-0.02636735700070858,0.37616655230522156,0.556823194026947,-0.02843506820499897,0.38890478014945984,0.556585431098938,-0.005403868388384581,0.4070376455783844,0.5167593955993652,-0.02310582436621189,0.3945074677467346,0.562419593334198,-0.03142057731747627,0.383107990026474,0.5795745849609375,-0.034670259803533554,0.36141660809516907,0.5430071353912354,-0.006594596430659294,0.3806048035621643,0.5005150437355042,-0.02514212764799595,0.36946338415145874,0.5563929677009583,-0.028870204463601112,0.35615575313568115,0.5697499513626099,-0.026353919878602028,0.33314552903175354,0.5375015735626221,-0.01054744329303503,0.34917229413986206,0.497953861951828,-0.029671423137187958,0.3441599905490875,0.5524866580963135,-0.02205434814095497,0.33249756693840027,0.5671278834342957,-0.011501546017825603,0.30034464597702026,0.5362365245819092,-0.015517642721533775,0.3187430799007416,0.504282534122467,-0.024320518597960472,0.32114890217781067,0.5408920645713806,-0.013502366840839386,0.31360000371932983,0.5562000274658203,-0.002626354806125164
0.3193809688091278,0.6793045997619629,-2.173608777411573e-07,0.3639547824859619,0.6709442138671875,-0.013742881827056408,0.40871506929397583,0.6356534361839294,-0.01935955509543419,0.41150209307670593,0.5845893025398254,-0.02458367496728897,0.38130757212638855,0.5639833807945251,-0.026807907968759537,0.38884907960891724,0.5625401735305786,-0.003985613584518433,0.40674930810928345,0.5227940678596497,-0.021685399115085602,0.39429789781570435,0.566924512386322,-0.029862428084015846,0.38351258635520935,0.5839165449142456,-0.032859381288290024,0.36244285106658936,0.5478156805038452,-0.005714322440326214,0.3826688826084137,0.505817711353302,-0.023567475378513336,0.3706633150577545,0.5606338977813721,-0.026515018194913864,0.35837745666503906,0.5727070569992065,-0.02355489879846573,0.3348064422607422,0.5418287515640259,-0.010196438990533352,0.3519197106361389,0.5034300088882446,-0.029392948374152184,0.3455028235912323,0.55788254737854,-0.021278390660881996,0.33429986238479614,0.5715544819831848,-0.010325831361114979,0.30249735713005066,0.5405256152153015,-0.015564651228487492,0.3216875195503235,0.5092682242393494,-0.024512073025107384,0.32304811477661133,0.5465690493583679,-0.013351082801818848,0.31549715995788574,0.5616357922554016,-0.002178632188588381
