x0,y0,z0,x1,y1,z1,x2,y2,z2,x3,y3,z3,x4,y4,z4,x5,y5,z5,x6,y6,z6,x7,y7,z7,x8,y8,z8,x9,y9,z9,x10,y10,z10,x11,y11,z11,x12,y12,z12,x13,y13,z13,x14,y14,z14,x15,y15,z15,x16,y16,z16,x17,y17,z17,x18,y18,z18,x19,y19,z19,x20,y20,z20
0.5319356918334961,0.7592960000038147,-1.9903140469068603e-08,0.5084824562072754,0.7651346325874329,-0.023527387529611588,0.4945038855075836,0.7614500522613525,-0.042085327208042145,0.5078179836273193,0.7768888473510742,-0.058063145726919174,0.5299262404441833,0.7880060076713562,-0.07311652600765228,0.5172029137611389,0.6939107179641724,-0.037579067051410675,0.5263353586196899,0.672286868095398,-0.05758729204535484,0.5376479029655457,0.6579548120498657,-0.07106305658817291,0.5499258041381836,0.6445654034614563,-0.08124320209026337,0.5464448928833008,0.6829366087913513,-0.03504738211631775,0.5415093898773193,0.7398009896278381,-0.058725520968437195,0.5266304612159729,0.7707805633544922,-0.06389226764440536,0.5203084945678711,0.774483323097229,-0.06541895121335983,0.5674930810928345,0.6949390172958374,-0.03470395877957344,0.560007631778717,0.7610959410667419,-0.054917752742767334,0.5418106913566589,0.7778365612030029,-0.051639001816511154,0.5328193306922913,0.771395206451416,-0.04728126898407936,0.5827251672744751,0.7157489657402039,-0.03693351894617081,0.572891354560852,0.7634513974189758,-0.05388808995485306,0.5562710165977478,0.7770708799362183,-0.05413847044110298,0.5460008978843689,0.7721108794212341,-0.05137428268790245
0.5364757180213928,0.7569524645805359,-1.4524121461079176e-08,0.512736976146698,0.7623311281204224,-0.022246135398745537,0.49798500537872314,0.7599682211875916,-0.04069405421614647,0.5109123587608337,0.7748441696166992,-0.05708186700940132,0.5316904783248901,0.787672758102417,-0.07284538447856903,0.5202312469482422,0.6916037797927856,-0.03601178899407387,0.5295937061309814,0.6697381138801575,-0.05442405492067337,0.5401309132575989,0.6547201871871948,-0.06650847941637039,0.5511157512664795,0.6431857943534851,-0.07570162415504456,0.5488539934158325,0.6812405586242676,-0.03415868058800697,0.5436832308769226,0.7389587759971619,-0.05685986950993538,0.5288355350494385,0.7699118256568909,-0.061569035053253174,0.5220967531204224,0.7762686610221863,-0.06263317912817001,0.5700078010559082,0.6933923363685608,-0.034308258444070816,0.5618972182273865,0.7593597769737244,-0.05441862344741821,0.54405277967453,0.7765515446662903,-0.05161312595009804,0.5346192121505737,0.773154079914093,-0.047339003533124924,0.5856238603591919,0.7143204212188721,-0.03683651611208916,0.5761749744415283,0.7622877359390259,-0.053850773721933365,0.5606992244720459,0.7765353918075562,-0.054318372160196304,0.5511993765830994,0.7734038233757019,-0.051603712141513824
0.5346332788467407,0.7558765411376953,-1.7551355924183554e-08,0.5115050077438354,0.7615025043487549,-0.02241712436079979,0.49693527817726135,0.7580891251564026,-0.040195055305957794,0.5102190375328064,0.7743319869041443,-0.05575599521398544,0.5320507884025574,0.7874853014945984,-0.07039298117160797,0.5201083421707153,0.6911354064941406,-0.03608958423137665,0.5300341844558716,0.6691281199455261,-0.054819583892822266,0.5402659177780151,0.6547554731369019,-0.06685341894626617,0.5512200593948364,0.6425951719284058,-0.07602639496326447,0.5492636561393738,0.6814254522323608,-0.03386877477169037,0.5429760217666626,0.7401090860366821,-0.05653537064790726,0.5282778143882751,0.7702693343162537,-0.060667697340250015,0.5228394269943237,0.7737298011779785,-0.06145153194665909,0.5705454349517822,0.694740355014801,-0.03380423039197922,0.5607788562774658,0.7631577253341675,-0.05315668508410454,0.5428844094276428,0.7781018614768982,-0.04939292371273041,0.5345990657806396,0.7712149620056152,-0.04477529972791672,0.5859425663948059,0.716296911239624,-0.03625353053212166,0.5752407312393188,0.7644709944725037,-0.052903831005096436,0.5603711605072021,0.7765703201293945,-0.05312405899167061,0.5522052645683289,0.7711346745491028,-0.05035291984677315
0.5385000705718994,0.7563840746879578,-3.1133392752735745e-08,0.515541672706604,0.7612183094024658,-0.022254209965467453,0.5002305507659912,0.7583125233650208,-0.039567235857248306,0.5119574666023254,0.7751199007034302,-0.05460531264543533,0.533839225769043,0.787844181060791,-0.06877478957176208,0.5213974118232727,0.6903766989707947,-0.03515859320759773,0.5312412977218628,0.669724702835083,-0.05278507620096207,0.5402840375900269,0.6551525592803955,-0.06429573148488998,0.5497178435325623,0.6426271200180054,-0.07330437749624252,0.550402045249939,0.6817880272865295,-0.03289482742547989,0.5429148077964783,0.7392470836639404,-0.05452429875731468,0.5291656255722046,0.7683192491531372,-0.05895169451832771,0.5244485139846802,0.771882951259613,-0.0601620152592659,0.5716657638549805,0.695669412612915,-0.03269856795668602,0.5613627433776855,0.7626749277114868,-0.05115417018532753,0.5440943241119385,0.7767798900604248,-0.04776298999786377,0.5363940596580505,0.7691335082054138,-0.043546512722969055,0.5873268246650696,0.7172756791114807,-0.03500346094369888,0.5752944946289062,0.7647771835327148,-0.05105925351381302,0.559929609298706,0.7768851518630981,-0.051360122859478,0.551864743232727,0.7713487148284912,-0.04871644452214241
0.5361202359199524,0.7602041959762573,-3.756341371285998e-08,0.5137501955032349,0.7643827795982361,-0.02166576124727726,0.49989306926727295,0.760947585105896,-0.03886500000953674,0.5134308934211731,0.776368260383606,-0.053915586322546005,0.5348777770996094,0.7880226373672485,-0.06820142269134521,0.5210853815078735,0.691519021987915,-0.03404456377029419,0.5314624905586243,0.6715779304504395,-0.05215787887573242,0.5412615537643433,0.6568769812583923,-0.06414783000946045,0.5517690777778625,0.6443239450454712,-0.07328195124864578,0.549843430519104,0.683010458946228,-0.03190414234995842,0.544711172580719,0.7401167750358582,-0.0533989779651165,0.5290940403938293,0.7695066332817078,-0.0573926642537117,0.523345410823822,0.7712170481681824,-0.05830065533518791,0.5711306929588318,0.6962947249412537,-0.03192457556724548,0.5641463398933411,0.7614149451255798,-0.05043100193142891,0.5457434058189392,0.7767302393913269,-0.046825211495161057,0.5372174382209778,0.7695220708847046,-0.04248936101794243,0.5868920087814331,0.7172895073890686,-0.03441247344017029,0.5781432390213013,0.7643422484397888,-0.050649117678403854,0.5629045367240906,0.7766966223716736,-0.051106370985507965,0.5545007586479187,0.7713079452514648,-0.04854282736778259
0.5384768843650818,0.7577788233757019,-2.3841781882083524e-08,0.5147914290428162,0.7642874717712402,-0.0234783086925745,0.49946004152297974,0.7614984512329102,-0.042362280189991,0.5127201080322266,0.7749701142311096,-0.058902300894260406,0.5340516567230225,0.7855057716369629,-0.07439491897821426,0.5214497447013855,0.6929334402084351,-0.0368620827794075,0.5314003229141235,0.6705267429351807,-0.056751370429992676,0.5418782234191895,0.6560501456260681,-0.06954818218946457,0.55272376537323,0.6432898640632629,-0.07926468551158905,0.5501762628555298,0.682357668876648,-0.03455241397023201,0.5453774929046631,0.738187849521637,-0.05821003392338753,0.5305859446525574,0.7695801854133606,-0.06254473328590393,0.5245348215103149,0.7719708681106567,-0.06349708139896393,0.571132242679596,0.6939568519592285,-0.03457888588309288,0.5647218823432922,0.7586145997047424,-0.05583639070391655,0.547344982624054,0.7765334844589233,-0.052098989486694336,0.5385985374450684,0.7704551815986633,-0.04727543517947197,0.5869331359863281,0.7142755389213562,-0.03709471598267555,0.579184889793396,0.7605842351913452,-0.0553901232779026,0.5651265978813171,0.7752882242202759,-0.05582427978515625,0.5566747784614563,0.7707715034484863,-0.05307410657405853
0.5366330742835999,0.7628461718559265,-2.2447551373261376e-08,0.514265775680542,0.7659064531326294,-0.021654300391674042,0.49988871812820435,0.7623003125190735,-0.0394582636654377,0.5124592781066895,0.7751781344413757,-0.05510430037975311,0.5331814885139465,0.7856612205505371,-0.0698707327246666,0.5211843848228455,0.6933444738388062,-0.03449583053588867,0.5323953032493591,0.6715959906578064,-0.05198958143591881,0.542635440826416,0.6560789346694946,-0.06334967166185379,0.5531946420669556,0.6429706811904907,-0.07221416383981705,0.5497894287109375,0.6834309697151184,-0.03230449929833412,0.5446882247924805,0.7390932440757751,-0.053538501262664795,0.5309846997261047,0.7687331438064575,-0.057258930057287216,0.5255078077316284,0.7728564143180847,-0.05791456252336502,0.5709786415100098,0.6953434944152832,-0.032101619988679886,0.5635620355606079,0.7596256136894226,-0.050431348383426666,0.547680675983429,0.7749715447425842,-0.046621061861515045,0.5399618744850159,0.7685337662696838,-0.04217277094721794,0.5868080258369446,0.7153626680374146,-0.03435388207435608,0.5776069164276123,0.7629666328430176,-0.05009965971112251,0.5637701153755188,0.7762540578842163,-0.050116948783397675,0.55594402551651,0.7708114981651306,-0.04730747267603874
0.5394638776779175,0.7582588195800781,-1.6642609068640013e-08,0.5160230398178101,0.7639570832252502,-0.022134818136692047,0.5004444718360901,0.7621204257011414,-0.0400826558470726,0.5122756958007812,0.7771337628364563,-0.055821653455495834,0.5335781574249268,0.7886093854904175,-0.07071385532617569,0.5208982229232788,0.6937585473060608,-0.035687047988176346,0.5325462818145752,0.6721758842468262,-0.052970319986343384,0.5426201820373535,0.6573240756988525,-0.06413690000772476,0.5529917478561401,0.6459320187568665,-0.07294386625289917,0.5501900911331177,0.6832461357116699,-0.03349451348185539,0.5456110835075378,0.7430599927902222,-0.05567452311515808,0.5316773056983948,0.7720621228218079,-0.06052941083908081,0.5254813432693481,0.7771283388137817,-0.06186196953058243,0.5723214149475098,0.6952673196792603,-0.03322472795844078,0.5645999312400818,0.7637253403663635,-0.052704405039548874,0.547577977180481,0.7780963778495789,-0.04990949109196663,0.5387650728225708,0.7719767689704895,-0.04594753682613373,0.5887126326560974,0.7152147889137268,-0.03535104915499687,0.5807748436927795,0.7645107507705688,-0.05255495011806488,0.5678480863571167,0.778186023235321,-0.05345205217599869,0.5605525374412537,0.7740405201911926,-0.0511375330388546
0.5372804999351501,0.7590656280517578,-1.2021542872275859e-08,0.5132376551628113,0.7657045125961304,-0.02395312860608101,0.4980875551700592,0.7637191414833069,-0.043612491339445114,0.5119877457618713,0.7778774499893188,-0.06086188182234764,0.5343596339225769,0.7894062399864197,-0.07705464214086533,0.5219097137451172,0.6943426132202148,-0.038302063941955566,0.5326905250549316,0.6717721819877625,-0.058059629052877426,0.5434313416481018,0.6577790379524231,-0.07051854580640793,0.5544713139533997,0.6459617614746094,-0.07998388260602951,0.5510726571083069,0.683264970779419,-0.03589734435081482,0.5458389520645142,0.7411759495735168,-0.059832554310560226,0.5307690501213074,0.773131251335144,-0.06426741182804108,0.524800717830658,0.7767325043678284,-0.06516682356595993,0.5722492933273315,0.6947965025901794,-0.03576980531215668,0.5654237866401672,0.7612132430076599,-0.05730050057172775,0.5476220846176147,0.7788840532302856,-0.053837183862924576,0.5388081669807434,0.7730836868286133,-0.049144767224788666,0.5879050493240356,0.7150998711585999,-0.03817034140229225,0.5804606676101685,0.7634730935096741,-0.05666912719607353,0.5677054524421692,0.7788964509963989,-0.05736321583390236,0.5606259703636169,0.7752295136451721,-0.05479244887828827
0.5376297831535339,0.7585576176643372,-1.2685297257064576e-08,0.5131973624229431,0.7648457288742065,-0.02458832785487175,0.49788033962249756,0.7627354860305786,-0.04445986449718475,0.5113474726676941,0.7777379751205444,-0.06166060268878937,0.5339685082435608,0.7897550463676453,-0.07775735855102539,0.5212527513504028,0.6950464844703674,-0.039126284420490265,0.5319311618804932,0.6733912229537964,-0.059624526649713516,0.542682945728302,0.6595554947853088,-0.07221730798482895,0.5538188815116882,0.6482185125350952,-0.08164887130260468,0.5507580041885376,0.683917224407196,-0.03640686720609665,0.5466271042823792,0.7394881844520569,-0.06119192764163017,0.5320602059364319,0.7732958197593689,-0.06515141576528549,0.5265026092529297,0.7784914374351501,-0.06529992073774338,0.5721753239631653,0.6949212551116943,-0.03609662875533104,0.5656297206878662,0.7606092095375061,-0.05830244719982147,0.5477920770645142,0.7792508006095886,-0.054272059351205826,0.5389754176139832,0.7733023762702942,-0.04887750744819641,0.5881139636039734,0.7145892977714539,-0.038359079509973526,0.5805578827857971,0.7626572847366333,-0.05727364495396614,0.5671341419219971,0.7782635688781738,-0.05784372612833977,0.5595152378082275,0.7737399339675903,-0.055046603083610535
0.536499559879303,0.758820116519928,-1.498073842753911e-08,0.512049674987793,0.7652606964111328,-0.025549031794071198,0.49782314896583557,0.7629446387290955,-0.046166688203811646,0.5117676258087158,0.7785090804100037,-0.0639512687921524,0.5333532094955444,0.7897658348083496,-0.08049659430980682,0.5216296911239624,0.6961327195167542,-0.040971238166093826,0.5317516326904297,0.6737698912620544,-0.06270354986190796,0.5426327586174011,0.6596473455429077,-0.0762694850564003,0.5540547966957092,0.6474319696426392,-0.0862630233168602,0.5510308742523193,0.6850119829177856,-0.037888046354055405,0.5457502603530884,0.7425239682197571,-0.06329371780157089,0.5303815603256226,0.7740938067436218,-0.06724447757005692,0.5242820978164673,0.7756577134132385,-0.0676184892654419,0.5720679759979248,0.6958244442939758,-0.03731362149119377,0.5649238228797913,0.7608964443206787,-0.05990193411707878,0.5466973781585693,0.778148353099823,-0.05526086315512657,0.5376201868057251,0.7703204154968262,-0.049689214676618576,0.5873880386352539,0.7154061198234558,-0.03946000710129738,0.5793415307998657,0.7633938789367676,-0.05895954743027687,0.5638468265533447,0.778434157371521,-0.05938827991485596,0.5543786883354187,0.7732187509536743,-0.05648748204112053
0.535855770111084,0.7613527178764343,-1.891182144220238e-08,0.5118791460990906,0.7670803666114807,-0.02407032623887062,0.4979535639286041,0.7635262608528137,-0.04323740303516388,0.5121043920516968,0.7786030173301697,-0.05970696732401848,0.534263014793396,0.789961576461792,-0.0749833881855011,0.521265983581543,0.6955761313438416,-0.03700617328286171,0.5314651727676392,0.6737171411514282,-0.05697471275925636,0.5423102378845215,0.6601837277412415,-0.06956379115581512,0.553482711315155,0.6486705541610718,-0.07916804403066635,0.5506095886230469,0.6853528618812561,-0.03434571996331215,0.5459417700767517,0.7391790747642517,-0.05860961601138115,0.5316435098648071,0.7733255624771118,-0.06265021115541458,0.5265172719955444,0.7775399684906006,-0.06308900564908981,0.5715633630752563,0.6964938640594482,-0.03414496034383774,0.5650326013565063,0.758693516254425,-0.05528884753584862,0.5479113459587097,0.777238130569458,-0.050835710018873215,0.5398220419883728,0.7696475386619568,-0.04561874270439148,0.5869344472885132,0.716156005859375,-0.03655076026916504,0.5784915089607239,0.7626430988311768,-0.05457020550966263,0.564062774181366,0.7780939936637878,-0.05480167642235756,0.5557417273521423,0.7719767093658447,-0.05203855037689209
0.5362262725830078,0.7597482800483704,-7.350580588649791e-09,0.511783242225647,0.7653496861457825,-0.024457968771457672,0.49816015362739563,0.7626120448112488,-0.04426192864775658,0.5122218728065491,0.7793078422546387,-0.06130324304103851,0.5334691405296326,0.7910914421081543,-0.0772322341799736,0.5211384892463684,0.695580005645752,-0.03977859020233154,0.530752420425415,0.6740728616714478,-0.060540761798620224,0.5421178936958313,0.6602475643157959,-0.07382349669933319,0.5541224479675293,0.6485496163368225,-0.0838264673948288,0.5504583120346069,0.6840104460716248,-0.037202779203653336,0.546193540096283,0.7440688610076904,-0.062157247215509415,0.5308533906936646,0.7754719257354736,-0.06695283949375153,0.5242630243301392,0.7773874402046204,-0.06796498596668243,0.571784257888794,0.6952749490737915,-0.03690061718225479,0.5645307302474976,0.7642232179641724,-0.05824337899684906,0.5456041097640991,0.7799736857414246,-0.053974591195583344,0.536037266254425,0.7707465291023254,-0.04897244647145271,0.5872443318367004,0.7154006361961365,-0.03930402919650078,0.5785811543464661,0.7656270861625671,-0.057755131274461746,0.5639564394950867,0.7801300287246704,-0.058021802455186844,0.5558079481124878,0.7742031216621399,-0.05518142879009247
0.5358332991600037,0.761246383190155,-5.0907318360771114e-09,0.5123475790023804,0.7665475010871887,-0.024193311110138893,0.4982961416244507,0.7640595436096191,-0.04383845627307892,0.5121921896934509,0.7787993550300598,-0.060872022062540054,0.5337559580802917,0.7903361916542053,-0.0766504779458046,0.5211010575294495,0.6951322555541992,-0.03763485699892044,0.5307672619819641,0.673653244972229,-0.05779710412025452,0.5423189997673035,0.6601403951644897,-0.07053165882825851,0.5541757345199585,0.6487826108932495,-0.08010771125555038,0.5503031015396118,0.6836053729057312,-0.03506015986204147,0.5456272959709167,0.7397556304931641,-0.059152550995349884,0.5308982133865356,0.7720180749893188,-0.06322001665830612,0.5248370170593262,0.7756665349006653,-0.06361318379640579,0.5715392231941223,0.694634735584259,-0.03491923585534096,0.5641129016876221,0.7617924809455872,-0.05584125965833664,0.5462022423744202,0.7784801721572876,-0.05176018923521042,0.5375824570655823,0.7704935669898987,-0.04671936482191086,0.5870246291160583,0.7147713899612427,-0.03747779503464699,0.5785225033760071,0.7644890546798706,-0.05522085726261139,0.5641507506370544,0.7786679863929749,-0.05570362135767937,0.556176483631134,0.7723425626754761,-0.053046487271785736
0.5356952548027039,0.7600271701812744,-7.843665272844191e-09,0.51216059923172,0.7657111287117004,-0.023655837401747704,0.49784794449806213,0.7636051177978516,-0.04300420731306076,0.511419415473938,0.7791448831558228,-0.05975307524204254,0.5330576300621033,0.7906908988952637,-0.07540575414896011,0.5205938220024109,0.6944236755371094,-0.03796885907649994,0.5304670929908752,0.6737825870513916,-0.05780229717493057,0.5410309433937073,0.6593019962310791,-0.07027694582939148,0.5523161888122559,0.6473294496536255,-0.07975849509239197,0.5498346090316772,0.6831038594245911,-0.0355752632021904,0.5456539988517761,0.7409881353378296,-0.05984053015708923,0.5307238101959229,0.7731691002845764,-0.06393242627382278,0.5249468088150024,0.7780927419662476,-0.064299076795578,0.5710288882255554,0.69435054063797,-0.035499457269907,0.5635818839073181,0.7627953290939331,-0.05628688633441925,0.5448260307312012,0.7791022658348083,-0.05228446424007416,0.5361220240592957,0.7713487148284912,-0.04737106338143349,0.5864466428756714,0.7144354581832886,-0.03805691748857498,0.5776121020317078,0.7653324604034424,-0.05566107854247093,0.5627167224884033,0.7792805433273315,-0.056237682700157166,0.554867684841156,0.7727481126785278,-0.053737979382276535
0.533311128616333,0.7588219046592712,-6.215695957934031e-09,0.5097602009773254,0.764491617679596,-0.02465965785086155,0.4969831705093384,0.763544499874115,-0.04469074308872223,0.5106411576271057,0.7796118259429932,-0.06182149052619934,0.5325215458869934,0.7908922433853149,-0.07794376462697983,0.5194366574287415,0.6962600946426392,-0.04005701094865799,0.5285565853118896,0.6747644543647766,-0.06167897954583168,0.5406746864318848,0.6618597507476807,-0.07641302794218063,0.553703248500824,0.6498371362686157,-0.08750562369823456,0.5483887791633606,0.6848170757293701,-0.03738318383693695,0.5438788533210754,0.7418787479400635,-0.06389165669679642,0.530549168586731,0.7750747799873352,-0.0704881101846695,0.5240373611450195,0.7809813618659973,-0.07265729457139969,0.5689523220062256,0.6952016949653625,-0.036824192851781845,0.5618488192558289,0.7583256363868713,-0.05947523191571236,0.5447416305541992,0.778213381767273,-0.05645906180143356,0.5355663299560547,0.7733118534088135,-0.05198821425437927,0.5837913155555725,0.7141414284706116,-0.03884313255548477,0.5747346878051758,0.7629137635231018,-0.05757466331124306,0.5589873790740967,0.7795276641845703,-0.05822104960680008,0.5493588447570801,0.7754688858985901,-0.055595673620700836
0.532890796661377,0.75801020860672,1.359511725418372e-09,0.5100351572036743,0.7629410624504089,-0.024504708126187325,0.49839845299720764,0.7631171345710754,-0.04425717145204544,0.5119877457618713,0.7811779975891113,-0.06114724278450012,0.5322160124778748,0.7948266863822937,-0.077273890376091,0.521582841873169,0.6953029632568359,-0.039123307913541794,0.5305837988853455,0.6757585406303406,-0.05915192887187004,0.5425381660461426,0.6621363759040833,-0.07355334609746933,0.5551965236663818,0.6499104499816895,-0.08472564071416855,0.5500502586364746,0.6857598423957825,-0.03638843074440956,0.5449425578117371,0.7433249354362488,-0.06146610528230667,0.53083336353302,0.7738240957260132,-0.06888529658317566,0.5229719877243042,0.7797896862030029,-0.07205177843570709,0.570284903049469,0.6973264217376709,-0.0355323851108551,0.5615716576576233,0.7608023285865784,-0.05655297636985779,0.5446200370788574,0.7798097133636475,-0.05400517210364342,0.5351749062538147,0.7768067717552185,-0.05013393238186836,0.585005521774292,0.7168684601783752,-0.037304192781448364,0.5749130845069885,0.7638384699821472,-0.05450955405831337,0.5590501427650452,0.7799102663993835,-0.05483242869377136,0.5494449138641357,0.7771402597427368,-0.05221131443977356
0.5374382138252258,0.7583813071250916,-2.7217872400342458e-08,0.5132080912590027,0.7668327689170837,-0.024790842086076736,0.4992237389087677,0.7657347917556763,-0.04390386864542961,0.5116129517555237,0.7834307551383972,-0.060034360736608505,0.5334681868553162,0.7940036058425903,-0.07516311854124069,0.5197281837463379,0.6987888216972351,-0.03945339471101761,0.5285317897796631,0.6779991984367371,-0.06069687753915787,0.5403638482093811,0.6646345853805542,-0.07458380609750748,0.5531690716743469,0.6511731147766113,-0.0847693607211113,0.5484412908554077,0.687199592590332,-0.0360742025077343,0.5431311130523682,0.7467879056930542,-0.06158744916319847,0.5294967293739319,0.780078649520874,-0.06675906479358673,0.5232848525047302,0.7825008034706116,-0.06789236515760422,0.5697410106658936,0.696850061416626,-0.03501731529831886,0.5616146922111511,0.764102041721344,-0.05660058557987213,0.5450448989868164,0.7836846709251404,-0.05230657383799553,0.5367251634597778,0.7765739560127258,-0.0468762144446373,0.5853164196014404,0.7141999006271362,-0.03662323206663132,0.5743911862373352,0.7635643482208252,-0.0546141155064106,0.5592317581176758,0.7806226015090942,-0.054549507796764374,0.5503402948379517,0.7763861417770386,-0.0512077696621418
0.5356417894363403,0.7580960392951965,4.2232910502093546e-09,0.5114105939865112,0.7651323676109314,-0.024681780487298965,0.49830591678619385,0.7652105093002319,-0.044303424656391144,0.5116704702377319,0.7830522060394287,-0.06095945090055466,0.5326151251792908,0.7931547164916992,-0.07673785090446472,0.5193637013435364,0.6967284083366394,-0.039319176226854324,0.5288393497467041,0.6771783232688904,-0.05939210578799248,0.5415503978729248,0.662763774394989,-0.07340813428163528,0.5556866526603699,0.6499730348587036,-0.08413451164960861,0.5491248369216919,0.6850009560585022,-0.036217279732227325,0.5443736910820007,0.7444369196891785,-0.0602632574737072,0.5309520363807678,0.7760381698608398,-0.06608713418245316,0.5243339538574219,0.7816116213798523,-0.06824726611375809,0.5705518126487732,0.6953248381614685,-0.035216279327869415,0.5612310171127319,0.7621842622756958,-0.05529686436057091,0.5447415709495544,0.7808820009231567,-0.051446933299303055,0.5360403656959534,0.7766629457473755,-0.046911969780921936,0.5858103632926941,0.7136543393135071,-0.03697451949119568,0.5742557644844055,0.7634927034378052,-0.05374133959412575,0.5590553283691406,0.7800989151000977,-0.05362469702959061,0.5499953031539917,0.7771630883216858,-0.05073839798569679
0.5356833934783936,0.7597183585166931,-2.2330318927288317e-08,0.5117889642715454,0.7640079259872437,-0.023021195083856583,0.498477578163147,0.7624307870864868,-0.04181617870926857,0.5117909908294678,0.7802786231040955,-0.05804460868239403,0.5330309867858887,0.7935390472412109,-0.07330998033285141,0.5222249627113342,0.6938707232475281,-0.03675595670938492,0.531431257724762,0.6742779016494751,-0.05535583943128586,0.5429818034172058,0.6611509919166565,-0.06868019700050354,0.5552958250045776,0.6493166089057922,-0.07948993891477585,0.5510427951812744,0.6840208172798157,-0.034594740718603134,0.544460654258728,0.7425795793533325,-0.058111611753702164,0.5302090048789978,0.7736473679542542,-0.06461307406425476,0.5237460136413574,0.7809387445449829,-0.06747758388519287,0.5712519884109497,0.6959006190299988,-0.03429833799600601,0.5610175132751465,0.7626670598983765,-0.05365283787250519,0.5439764857292175,0.7801944017410278,-0.05083790794014931,0.535995364189148,0.7762686014175415,-0.04730568081140518,0.5863466262817383,0.7163925766944885,-0.03662864863872528,0.5743261575698853,0.7659208178520203,-0.05252203345298767,0.5593773126602173,0.7806915044784546,-0.05291526019573212,0.5516692996025085,0.7766541838645935,-0.05075524374842644
0.5347853899002075,0.7598194479942322,-1.4781960544496542e-08,0.5108861327171326,0.7655863761901855,-0.02372746169567108,0.4972515106201172,0.7645362615585327,-0.04302578791975975,0.5103328824043274,0.7816888093948364,-0.05976283177733421,0.5322330594062805,0.7957051396369934,-0.07551377266645432,0.5216634273529053,0.6956861019134521,-0.037435099482536316,0.5309745073318481,0.6748024225234985,-0.0568012073636055,0.5423240661621094,0.6626380681991577,-0.06976734101772308,0.5546771287918091,0.6511583924293518,-0.07969629764556885,0.5507752895355225,0.6857038736343384,-0.03477971628308296,0.5443026423454285,0.7447327971458435,-0.058146022260189056,0.529551088809967,0.7757123708724976,-0.06339741498231888,0.5232561230659485,0.7806373834609985,-0.06511037051677704,0.5708602070808411,0.6976917386054993,-0.03428396210074425,0.5608924627304077,0.763995349407196,-0.054482392966747284,0.5435389280319214,0.78056800365448,-0.05166308209300041,0.5356634259223938,0.7747814655303955,-0.0476810447871685,0.5852164626121521,0.7178508043289185,-0.03633289039134979,0.5737237930297852,0.766373872756958,-0.05289163812994957,0.5583836436271667,0.7809484601020813,-0.053305573761463165,0.5499953627586365,0.7768808007240295,-0.05084758996963501
0.5331398248672485,0.7581121921539307,-1.323707277123276e-08,0.5098484754562378,0.7635241746902466,-0.023689862340688705,0.4976765811443329,0.7622507214546204,-0.04247630015015602,0.5117368102073669,0.7807508707046509,-0.05818280950188637,0.533676266670227,0.7936069965362549,-0.07279299199581146,0.520094096660614,0.6963622570037842,-0.03836718201637268,0.5297106504440308,0.6769469380378723,-0.05775129422545433,0.5416156053543091,0.6632847785949707,-0.07151278108358383,0.554182231426239,0.651028573513031,-0.0826377421617508,0.5498037934303284,0.6853829622268677,-0.03570914641022682,0.544503390789032,0.7439547777175903,-0.06029624864459038,0.5318455100059509,0.7768648862838745,-0.06650963425636292,0.5262742638587952,0.7856821417808533,-0.06887960433959961,0.5705336332321167,0.696613073348999,-0.034957852214574814,0.561570405960083,0.7629920244216919,-0.05493643879890442,0.5447179079055786,0.7804807424545288,-0.051314759999513626,0.5361254811286926,0.775752604007721,-0.04710770398378372,0.5854409337043762,0.7164362668991089,-0.03689156845211983,0.5745227336883545,0.7661278247833252,-0.05401978641748428,0.5592900514602661,0.7807556986808777,-0.05449254810810089,0.5505645871162415,0.775590717792511,-0.052139896899461746
0.5364496111869812,0.7598555684089661,-1.619466871716213e-08,0.5123648643493652,0.7663984894752502,-0.02369138039648533,0.49836158752441406,0.7650958299636841,-0.04275950789451599,0.5113659501075745,0.7828519940376282,-0.05918927490711212,0.5331942439079285,0.7960034012794495,-0.07467316836118698,0.5219640731811523,0.6980552673339844,-0.03802565857768059,0.5297557711601257,0.6790820360183716,-0.05848104506731033,0.5410997271537781,0.6662572622299194,-0.07223793864250183,0.5539595484733582,0.6534654498100281,-0.08267442137002945,0.5506845712661743,0.687686026096344,-0.0356079526245594,0.5448876619338989,0.74811851978302,-0.06029675528407097,0.5294066071510315,0.7781027555465698,-0.06617986410856247,0.5227407813072205,0.7794169783592224,-0.06826477497816086,0.5714510679244995,0.6992862820625305,-0.03538229689002037,0.5634413361549377,0.7653669714927673,-0.05699281394481659,0.5445943474769592,0.782010018825531,-0.054030559957027435,0.5350149273872375,0.7746819257736206,-0.04976643994450569,0.5863465070724487,0.7192007899284363,-0.03768113628029823,0.5768841505050659,0.7677496671676636,-0.05632808804512024,0.5617502927780151,0.7819004654884338,-0.05735926330089569,0.5531079769134521,0.7768075466156006,-0.05500909686088562
0.5352219939231873,0.7619012594223022,-5.768606925471431e-09,0.5113995671272278,0.7679404020309448,-0.024118829518556595,0.4976857602596283,0.765853226184845,-0.04364438354969025,0.511559784412384,0.7824630737304688,-0.060473132878541946,0.5332918763160706,0.7953362464904785,-0.0763314962387085,0.521238386631012,0.6983159780502319,-0.038484446704387665,0.529880702495575,0.6785668134689331,-0.0590055026113987,0.5415312647819519,0.665377676486969,-0.07277634739875793,0.5541833639144897,0.6531106233596802,-0.0833393931388855,0.5500514507293701,0.6878006458282471,-0.036161720752716064,0.5452537536621094,0.7467848062515259,-0.060842569917440414,0.5300700068473816,0.7770576477050781,-0.06643202155828476,0.5233694911003113,0.778537929058075,-0.0683315321803093,0.5707364082336426,0.6993304491043091,-0.03609040006995201,0.5637076497077942,0.7643788456916809,-0.057863228023052216,0.5454308390617371,0.7818225026130676,-0.054626453667879105,0.5359403491020203,0.7750463485717773,-0.050288718193769455,0.5858343839645386,0.7195512652397156,-0.038601990789175034,0.5774825215339661,0.7681291103363037,-0.05765485018491745,0.5629302859306335,0.7831616997718811,-0.05872306227684021,0.554661214351654,0.778154730796814,-0.05647183582186699
0.5350252389907837,0.7620956897735596,-1.1156493506803145e-08,0.5113463401794434,0.7689918279647827,-0.024868393316864967,0.49739405512809753,0.7675189971923828,-0.04485021159052849,0.5110357403755188,0.7840847969055176,-0.06209180876612663,0.5325426459312439,0.7959550619125366,-0.07819947600364685,0.5217386484146118,0.7002801895141602,-0.039424292743206024,0.530661940574646,0.67938232421875,-0.06053121015429497,0.5422276258468628,0.6666688919067383,-0.07443518936634064,0.5547061562538147,0.654670238494873,-0.0849895030260086,0.550352931022644,0.6893399357795715,-0.036735448986291885,0.5446991920471191,0.7485328316688538,-0.06218275800347328,0.5295965075492859,0.7794091105461121,-0.06768039613962173,0.5232952833175659,0.7807996273040771,-0.06936787068843842,0.57076096534729,0.7003862261772156,-0.03643620386719704,0.5635521411895752,0.7647766470909119,-0.05873100459575653,0.5459909439086914,0.782029926776886,-0.05535983294248581,0.5372711420059204,0.7748766541481018,-0.05086193233728409,0.5856866836547852,0.7202611565589905,-0.038782939314842224,0.5775328874588013,0.7685016393661499,-0.05817171186208725,0.5637854337692261,0.782931387424469,-0.05945177003741264,0.556265652179718,0.7773879170417786,-0.05730043351650238
0.539081871509552,0.7592282891273499,-1.1862343995971969e-08,0.5154663324356079,0.7656455039978027,-0.022990137338638306,0.5011191368103027,0.7646956443786621,-0.04164620861411095,0.5130026340484619,0.7835017442703247,-0.05779212340712547,0.5342316031455994,0.7978129982948303,-0.07302305102348328,0.522035539150238,0.699336051940918,-0.03781146928668022,0.5304408669471741,0.680862545967102,-0.05742727592587471,0.5412207245826721,0.668130099773407,-0.07059504836797714,0.5533804893493652,0.6556810736656189,-0.08060213178396225,0.5512131452560425,0.6892523765563965,-0.03538482263684273,0.544217586517334,0.7518531084060669,-0.05940522626042366,0.529136598110199,0.779809296131134,-0.0650012195110321,0.5226836800575256,0.7808624505996704,-0.06684350967407227,0.5725184679031372,0.7012710571289062,-0.03500805050134659,0.5623000860214233,0.7695595622062683,-0.055159855633974075,0.5442852973937988,0.7837533950805664,-0.05200308561325073,0.5353171825408936,0.7755511999130249,-0.04778636246919632,0.587627112865448,0.7211660742759705,-0.037175290286540985,0.5764886140823364,0.7705860733985901,-0.054563816636800766,0.5619593262672424,0.7827135324478149,-0.055347491055727005,0.5539451241493225,0.7764744162559509,-0.052939046174287796
0.534960925579071,0.7608797550201416,8.286325403616956e-09,0.5112026333808899,0.7671771049499512,-0.02546103484928608,0.498159795999527,0.7669956684112549,-0.04583503678441048,0.5118635296821594,0.7838796377182007,-0.06305194646120071,0.5326191186904907,0.7944231629371643,-0.07905999571084976,0.5203250646591187,0.6990762948989868,-0.04129108041524887,0.529529333114624,0.6801027655601501,-0.06284196674823761,0.5413445830345154,0.6665891408920288,-0.07745397090911865,0.5544626116752625,0.6531471610069275,-0.0887056440114975,0.549810528755188,0.6872311234474182,-0.03818017989397049,0.5445556044578552,0.7483179569244385,-0.06355458498001099,0.5299170613288879,0.7783732414245605,-0.06917879730463028,0.5234764814376831,0.779952347278595,-0.0713018849492073,0.5708487033843994,0.6981281042098999,-0.037335410714149475,0.5623268485069275,0.7656980752944946,-0.059093765914440155,0.5441499948501587,0.7821406722068787,-0.05525543913245201,0.5349268317222595,0.7742577791213989,-0.05084742233157158,0.5858145952224731,0.7176362872123718,-0.0392560176551342,0.5762271881103516,0.7685046195983887,-0.058237504214048386,0.5615107417106628,0.7831153869628906,-0.05920255929231644,0.5533738136291504,0.7773831486701965,-0.05703946202993393
0.5343101620674133,0.7599777579307556,-1.6935581825805457e-08,0.5103983879089355,0.7657222151756287,-0.024014081805944443,0.49648740887641907,0.7640737295150757,-0.04343473166227341,0.5101189613342285,0.7817572951316833,-0.060220371931791306,0.5325535535812378,0.794337272644043,-0.07590287178754807,0.5220725536346436,0.6972153186798096,-0.03803557902574539,0.5315961241722107,0.6783302426338196,-0.05821290239691734,0.542718768119812,0.6658203601837158,-0.07147932052612305,0.5547784566879272,0.6532068848609924,-0.08168478310108185,0.5511402487754822,0.6881315112113953,-0.035446565598249435,0.5431774258613586,0.7476509213447571,-0.05955624580383301,0.5272198915481567,0.7776589393615723,-0.06428078562021255,0.5212633609771729,0.7783357501029968,-0.06569501012563705,0.5714802742004395,0.7005770802497864,-0.03519141674041748,0.5615051984786987,0.7655825614929199,-0.05612833425402641,0.5431970953941345,0.7816988229751587,-0.05223598703742027,0.5347087979316711,0.7738813161849976,-0.047630395740270615,0.5859248042106628,0.7214016318321228,-0.03756756708025932,0.5752121210098267,0.7692741751670837,-0.05572601780295372,0.5602349638938904,0.7825728058815002,-0.0565132200717926,0.5521955490112305,0.7766711115837097,-0.05418671295046806
0.5349348783493042,0.7586033940315247,1.3948666666152576e-09,0.5109628438949585,0.7654890418052673,-0.02471531555056572,0.4970714747905731,0.7654840350151062,-0.04473508894443512,0.5104690790176392,0.7828059792518616,-0.061979152262210846,0.5322353839874268,0.7944391369819641,-0.0781111791729927,0.5213435888290405,0.6988958716392517,-0.0395490862429142,0.530166745185852,0.6789381504058838,-0.06042203679680824,0.5415793061256409,0.6658812761306763,-0.07427923381328583,0.5542092323303223,0.6534401774406433,-0.08491988480091095,0.550413966178894,0.6882668733596802,-0.036926187574863434,0.5435523986816406,0.7482314705848694,-0.06190849468111992,0.5282125473022461,0.7774671316146851,-0.06741878390312195,0.5218335390090942,0.7784979939460754,-0.06935252249240875,0.5709421634674072,0.6997198462486267,-0.0366380400955677,0.561915934085846,0.7654443383216858,-0.05831754952669144,0.5435956120491028,0.7809943556785583,-0.054857976734638214,0.5345582962036133,0.7728243470191956,-0.0505627766251564,0.5854726433753967,0.7198360562324524,-0.039045531302690506,0.5760983228683472,0.7691545486450195,-0.05813193321228027,0.5614184737205505,0.7830784916877747,-0.05936310440301895,0.553452730178833,0.7773231863975525,-0.057297639548778534
0.5356396436691284,0.7615254521369934,-3.1367635155987728e-09,0.5108317732810974,0.7672374248504639,-0.02433694899082184,0.49658775329589844,0.765254020690918,-0.04366037994623184,0.5100290775299072,0.7815430164337158,-0.06011856719851494,0.531632661819458,0.7944365739822388,-0.07553695887327194,0.5196467638015747,0.6978150606155396,-0.038860008120536804,0.5287749767303467,0.6788477301597595,-0.05901051685214043,0.5400372743606567,0.6656686663627625,-0.07226717472076416,0.5525358319282532,0.653180718421936,-0.08230926841497421,0.5488353967666626,0.6871951222419739,-0.03622071444988251,0.5435631275177002,0.7490995526313782,-0.06079566106200218,0.5282825827598572,0.7784301042556763,-0.06628742814064026,0.5215943455696106,0.7803847193717957,-0.06790073215961456,0.5698332190513611,0.6987950801849365,-0.035841573029756546,0.5615879893302917,0.7666676640510559,-0.057721078395843506,0.5428746342658997,0.7811265587806702,-0.055465128272771835,0.533362090587616,0.7721647620201111,-0.05166054517030716,0.5849277973175049,0.718714714050293,-0.03797142207622528,0.5756601691246033,0.7691246867179871,-0.05685397610068321,0.5607026815414429,0.7834089994430542,-0.05829906836152077,0.5525110363960266,0.7781235575675964,-0.05630122125148773
0.5347940921783447,0.7633488178253174,-2.637211515832405e-08,0.5118654370307922,0.7701218128204346,-0.02319442108273506,0.49818456172943115,0.7681675553321838,-0.04159120097756386,0.5101609230041504,0.7845954298973083,-0.05734524503350258,0.5312327742576599,0.7987319827079773,-0.07218358665704727,0.5178804397583008,0.7004503011703491,-0.037127405405044556,0.5260301828384399,0.6799657344818115,-0.0567123144865036,0.5370517373085022,0.6675286889076233,-0.06975921243429184,0.5491251349449158,0.6542614698410034,-0.07969009131193161,0.5456199049949646,0.6892380118370056,-0.03465579077601433,0.5415793657302856,0.7461737990379333,-0.058831069618463516,0.5277097225189209,0.7778009176254272,-0.06471651047468185,0.5211173892021179,0.7809923887252808,-0.06672921031713486,0.56661057472229,0.6993536353111267,-0.03424271568655968,0.5611913800239563,0.7631941437721252,-0.05535116046667099,0.5443573594093323,0.7822809219360352,-0.05299874767661095,0.5354384779930115,0.7765894532203674,-0.049065232276916504,0.5827084183692932,0.7178183794021606,-0.03623265400528908,0.5748730301856995,0.7645096182823181,-0.05369924381375313,0.560352087020874,0.7808364033699036,-0.054536473006010056,0.5516189336776733,0.7771137356758118,-0.052217088639736176
0.5353401899337769,0.759964108467102,-2.1795335314322983e-08,0.5114755034446716,0.7670472860336304,-0.022638536989688873,0.4961775541305542,0.7659009695053101,-0.041134849190711975,0.5076743364334106,0.7831100225448608,-0.05732082203030586,0.5288515686988831,0.7965971827507019,-0.07263749092817307,0.5165852904319763,0.7002293467521667,-0.037363532930612564,0.5253924131393433,0.6815874576568604,-0.05706685036420822,0.5356999039649963,0.6682013869285583,-0.0701591968536377,0.5472656488418579,0.6555152535438538,-0.07996577024459839,0.5449377298355103,0.6888753771781921,-0.035183679312467575,0.5406925082206726,0.7518975734710693,-0.05903502181172371,0.525483250617981,0.7790955901145935,-0.06440947949886322,0.5186873078346252,0.7786185145378113,-0.06618309766054153,0.5663341879844666,0.6995356678962708,-0.035117410123348236,0.5591993927955627,0.7671995162963867,-0.05553143844008446,0.5411315560340881,0.7821205258369446,-0.05293651670217514,0.5318983197212219,0.7744098901748657,-0.049143560230731964,0.5821438431739807,0.718292236328125,-0.03751348704099655,0.5728722810745239,0.7675337195396423,-0.054918378591537476,0.5586650967597961,0.7804101705551147,-0.05606037378311157,0.5507856011390686,0.7748888731002808,-0.05404195189476013
0.5339115858078003,0.7575083374977112,-1.8925961242644007e-08,0.5108442306518555,0.764342725276947,-0.02228446677327156,0.496926486492157,0.763826310634613,-0.04045664891600609,0.5090640783309937,0.7821506857872009,-0.05611863732337952,0.5297601819038391,0.7960793375968933,-0.07082211226224899,0.5173236727714539,0.697455883026123,-0.0369555726647377,0.5261531472206116,0.6786947250366211,-0.056034885346889496,0.5354729294776917,0.6653372049331665,-0.06896854192018509,0.5454888343811035,0.6532217860221863,-0.07895386964082718,0.5455524921417236,0.6866778135299683,-0.034853462129831314,0.5403405427932739,0.7487587928771973,-0.05877619609236717,0.5259591937065125,0.7771093249320984,-0.06470686942338943,0.5192514657974243,0.7794075012207031,-0.06686840206384659,0.5665510892868042,0.6979016065597534,-0.03468416631221771,0.5582987070083618,0.7666214108467102,-0.05450058728456497,0.5413632988929749,0.780969500541687,-0.05185919627547264,0.5326211452484131,0.7730021476745605,-0.04822823405265808,0.5819619297981262,0.7173370718955994,-0.03700167313218117,0.572260320186615,0.7676889300346375,-0.05409713089466095,0.5580094456672668,0.780466616153717,-0.055172182619571686,0.5497741103172302,0.774625301361084,-0.053182318806648254
0.5371025204658508,0.7622509598731995,-2.717459146595047e-08,0.5133057236671448,0.7687439918518066,-0.022182710468769073,0.4984040856361389,0.7683959007263184,-0.040397923439741135,0.5105524063110352,0.7865904569625854,-0.05639825016260147,0.5314003825187683,0.7997170090675354,-0.0714195966720581,0.5178155899047852,0.7002858519554138,-0.03515421226620674,0.5267596244812012,0.6831799149513245,-0.05345534905791283,0.5363375544548035,0.6697173714637756,-0.06575489044189453,0.546696662902832,0.6577392816543579,-0.07522957772016525,0.5464898347854614,0.6898296475410461,-0.03325502946972847,0.5415098071098328,0.7537341117858887,-0.05619219318032265,0.5262534618377686,0.780734658241272,-0.06139721721410751,0.5195999145507812,0.7821158170700073,-0.06292767077684402,0.5680707097053528,0.7016566395759583,-0.03348509967327118,0.5600356459617615,0.7721477746963501,-0.05269424617290497,0.5417415499687195,0.7844766974449158,-0.04962855204939842,0.5328917503356934,0.7752899527549744,-0.04553668573498726,0.584030032157898,0.7215580940246582,-0.03627786412835121,0.5746046900749207,0.7723343968391418,-0.053004100918769836,0.5593187212944031,0.7835069298744202,-0.05386708676815033,0.5509059429168701,0.7767686247825623,-0.051559220999479294
0.5375286340713501,0.7691431045532227,-3.560730732488082e-08,0.5143799781799316,0.7757256031036377,-0.021859630942344666,0.5000913143157959,0.7741853594779968,-0.039296459406614304,0.5122966170310974,0.7897179126739502,-0.054309096187353134,0.533584475517273,0.8025255799293518,-0.0685238391160965,0.5182809233665466,0.706612765789032,-0.03528298810124397,0.5274225473403931,0.6876291632652283,-0.052901655435562134,0.5375078916549683,0.673798680305481,-0.06493046879768372,0.5485289692878723,0.6614804267883301,-0.07425088435411453,0.5461143255233765,0.6949985027313232,-0.03310259431600571,0.5433180332183838,0.7531315684318542,-0.05528321862220764,0.5296476483345032,0.7833521366119385,-0.060462549328804016,0.5233203172683716,0.7890146374702454,-0.061971113085746765,0.5675496459007263,0.705649197101593,-0.03276972472667694,0.5619346499443054,0.7729135155677795,-0.05123300477862358,0.5445166230201721,0.7901202440261841,-0.04850989952683449,0.5351534485816956,0.7855596542358398,-0.044633496552705765,0.5837339162826538,0.7249696850776672,-0.03490207716822624,0.5745785236358643,0.7741501927375793,-0.050700608640909195,0.5601110458374023,0.7877807021141052,-0.05140320211648941,0.5514898300170898,0.783492386341095,-0.04906835779547691
0.538601279258728,0.7688323259353638,-2.4120900832258485e-08,0.515264630317688,0.7762168645858765,-0.022404998540878296,0.5002161264419556,0.7753769159317017,-0.04049701616168022,0.5117186903953552,0.7905868887901306,-0.05612457916140556,0.5334057211875916,0.8022015690803528,-0.07101310789585114,0.5178085565567017,0.7101478576660156,-0.03801749274134636,0.5262644290924072,0.688809335231781,-0.05697270855307579,0.5371665358543396,0.6752597689628601,-0.06971309334039688,0.5489232540130615,0.6635576486587524,-0.07942229509353638,0.5453623533248901,0.6973636746406555,-0.03567151352763176,0.541886031627655,0.7535697817802429,-0.05870041623711586,0.5291434526443481,0.7831379175186157,-0.0641120970249176,0.523201584815979,0.7872942090034485,-0.0660628080368042,0.5671054124832153,0.7066572308540344,-0.035151656717061996,0.5617959499359131,0.7723360061645508,-0.05420080944895744,0.5451719760894775,0.7904049754142761,-0.05132284760475159,0.5360440611839294,0.786273717880249,-0.04759395122528076,0.5839851498603821,0.7247195243835449,-0.03714451566338539,0.5761426091194153,0.7733211517333984,-0.05370080843567848,0.5625337958335876,0.787791907787323,-0.054636355489492416,0.5542296767234802,0.7836599946022034,-0.05256693810224533
0.5367000102996826,0.7674806714057922,-3.5891044802838223e-08,0.5129991769790649,0.7742801904678345,-0.022406671196222305,0.4988543689250946,0.7731769680976868,-0.040289878845214844,0.5122120380401611,0.7893365621566772,-0.0555257648229599,0.5327373147010803,0.7987200021743774,-0.06971707940101624,0.5201627016067505,0.7052531242370605,-0.036196839064359665,0.5289153456687927,0.6870153546333313,-0.05491543561220169,0.5388372540473938,0.6730970144271851,-0.06765757501125336,0.5493572950363159,0.6618144512176514,-0.07761044800281525,0.5488936901092529,0.6938396096229553,-0.03391026705503464,0.5435595512390137,0.7550048828125,-0.05748879909515381,0.5286810398101807,0.7844417691230774,-0.06295868754386902,0.5223567485809326,0.7886359691619873,-0.06473290920257568,0.5699712634086609,0.7051287293434143,-0.03367513045668602,0.5614004135131836,0.7731923460960388,-0.05332999303936958,0.5438660383224487,0.7870908975601196,-0.050359927117824554,0.5355557203292847,0.7791712284088135,-0.04661458730697632,0.5853157043457031,0.7249214053153992,-0.035946838557720184,0.5755194425582886,0.775718092918396,-0.053644418716430664,0.5606139898300171,0.7876527309417725,-0.05507238581776619,0.5524188876152039,0.7810441255569458,-0.05328570306301117
0.5358428359031677,0.7669956088066101,5.830884663993174e-09,0.5128570199012756,0.7749415636062622,-0.026682673022150993,0.4994872510433197,0.7750971913337708,-0.04771970957517624,0.5127925872802734,0.7898802161216736,-0.06510132551193237,0.5339887142181396,0.7984297871589661,-0.08099241554737091,0.5180544853210449,0.7099153399467468,-0.04431476071476936,0.5260849595069885,0.6894077658653259,-0.06776098161935806,0.5386844277381897,0.6755286455154419,-0.08293934911489487,0.5518319010734558,0.6622745990753174,-0.09418396651744843,0.546917200088501,0.6955552697181702,-0.040402211248874664,0.5437707901000977,0.7523888349533081,-0.06755342334508896,0.5309022068977356,0.7853618860244751,-0.0727347731590271,0.5247721672058105,0.7876166105270386,-0.07391142845153809,0.5683846473693848,0.703134298324585,-0.03877246007323265,0.5625646114349365,0.7707023024559021,-0.061477627605199814,0.5460324287414551,0.7902465462684631,-0.05631517618894577,0.5371503829956055,0.7823013067245483,-0.050531838089227676,0.5843592882156372,0.7197133898735046,-0.040006522089242935,0.5762717127799988,0.7706992030143738,-0.059327129274606705,0.5623275637626648,0.7874630093574524,-0.05951521173119545,0.5539565682411194,0.7813897728919983,-0.05645184591412544
0.5377404093742371,0.7666526436805725,-1.8267344970013255e-08,0.5153787136077881,0.7745488286018372,-0.023484893143177032,0.5025163888931274,0.7742318511009216,-0.04165298864245415,0.5147468447685242,0.7918615341186523,-0.05680546537041664,0.5350728631019592,0.802011251449585,-0.07106365263462067,0.5200579762458801,0.7073375582695007,-0.03827667608857155,0.5288065671920776,0.6901992559432983,-0.05884987488389015,0.5403425097465515,0.6773087382316589,-0.07309309393167496,0.5525420904159546,0.6650620698928833,-0.08365991711616516,0.5481653213500977,0.6953980326652527,-0.0354774110019207,0.544786810874939,0.7514383792877197,-0.061178989708423615,0.5327972769737244,0.7836211919784546,-0.06741952896118164,0.5263486504554749,0.7898321747779846,-0.06914765387773514,0.5694641470909119,0.7047426104545593,-0.0347246378660202,0.5638132691383362,0.7670616507530212,-0.055705420672893524,0.549017608165741,0.7872679233551025,-0.05204182118177414,0.5408260226249695,0.7837916612625122,-0.04707528278231621,0.5852749943733215,0.7222435474395752,-0.03657330572605133,0.577301561832428,0.7697060704231262,-0.054446350783109665,0.563022792339325,0.7864983081817627,-0.055093564093112946,0.5539067387580872,0.7837482690811157,-0.05230950936675072
0.5360822081565857,0.7719058990478516,6.978126965151432e-09,0.5119857788085938,0.7786990404129028,-0.026175782084465027,0.49955278635025024,0.7776870131492615,-0.04650326818227768,0.514370322227478,0.7931183576583862,-0.06344389915466309,0.5364766716957092,0.8029891848564148,-0.07916684448719025,0.5209249258041382,0.710139274597168,-0.04138869419693947,0.5295384526252747,0.6913638114929199,-0.06286092102527618,0.5418117642402649,0.6784248352050781,-0.07723548263311386,0.5552361011505127,0.6662483215332031,-0.087912917137146,0.5495715141296387,0.6982703804969788,-0.03759511932730675,0.5466137528419495,0.7564226984977722,-0.06350448727607727,0.533377468585968,0.78767991065979,-0.06917130947113037,0.5269949436187744,0.7921238541603088,-0.07067324221134186,0.5703755617141724,0.7077450752258301,-0.03610653057694435,0.5635133385658264,0.7741206884384155,-0.05745864659547806,0.5468589067459106,0.7920976281166077,-0.053368374705314636,0.5380859375,0.7866051197052002,-0.0482974499464035,0.5855233073234558,0.7254873514175415,-0.03752559795975685,0.576697051525116,0.7754443883895874,-0.055242348462343216,0.5619770884513855,0.7909570932388306,-0.05556322634220123,0.5530595779418945,0.7864859104156494,-0.052722420543432236
0.5341506600379944,0.7741905450820923,1.0695489827128313e-08,0.5109301805496216,0.7813382744789124,-0.0267496220767498,0.4993664622306824,0.7808439135551453,-0.04726764187216759,0.5141588449478149,0.7956743240356445,-0.0642489418387413,0.5353186130523682,0.80422043800354,-0.08014815300703049,0.5183290243148804,0.7106325626373291,-0.042015958577394485,0.5276609659194946,0.6908847093582153,-0.06414984911680222,0.5398630499839783,0.6774404048919678,-0.07893985509872437,0.5533212423324585,0.665755033493042,-0.08958223462104797,0.5474041700363159,0.6979957818984985,-0.03795615956187248,0.5468968152999878,0.7535479068756104,-0.0647336021065712,0.5339465737342834,0.7873255014419556,-0.07054859399795532,0.5267179012298584,0.7948524355888367,-0.07160700112581253,0.5690333247184753,0.7069345712661743,-0.03627052903175354,0.564815878868103,0.769878089427948,-0.05928169935941696,0.5482046604156494,0.7912821769714355,-0.05526525527238846,0.5384742617607117,0.7892866730690002,-0.049441199749708176,0.5847219228744507,0.7240034937858582,-0.037367530167102814,0.5786390900611877,0.7708033919334412,-0.05675939843058586,0.5632262229919434,0.7886973023414612,-0.05709906667470932,0.5525549650192261,0.7876434326171875,-0.05364770069718361
0.5389363765716553,0.7705074548721313,-1.0161492092208846e-08,0.5150563716888428,0.7796274423599243,-0.02588723413646221,0.5016309022903442,0.7790006399154663,-0.04592384025454521,0.5157020688056946,0.7938708066940308,-0.06280291825532913,0.5380262732505798,0.8028730750083923,-0.0785137340426445,0.5202204585075378,0.712195873260498,-0.041492048650979996,0.528123140335083,0.6915881037712097,-0.06402336806058884,0.5400136113166809,0.6783560514450073,-0.07885458320379257,0.5525633096694946,0.6657248735427856,-0.08950958400964737,0.5484213829040527,0.6982377171516418,-0.037994250655174255,0.545768678188324,0.7559860944747925,-0.06495250761508942,0.5321666598320007,0.7867649793624878,-0.07086583226919174,0.5249386429786682,0.7886950373649597,-0.072165846824646,0.569888710975647,0.7068307995796204,-0.03686460852622986,0.5648302435874939,0.7732279896736145,-0.05951442942023277,0.5475500822067261,0.7913212776184082,-0.05566103011369705,0.5377100706100464,0.7849017381668091,-0.05025561898946762,0.5859354138374329,0.7240469455718994,-0.03852775692939758,0.5788487792015076,0.7737514972686768,-0.05799712985754013,0.5631935596466064,0.7890217900276184,-0.058800239115953445,0.5525549054145813,0.7846997380256653,-0.055773720145225525
0.5406762957572937,0.7719095945358276,-5.792711732510725e-08,0.5153149962425232,0.78078693151474,-0.022805185988545418,0.4995599091053009,0.7802545428276062,-0.040635429322719574,0.5114706158638,0.796567440032959,-0.05612773075699806,0.5333917140960693,0.8076823353767395,-0.07060631364583969,0.5183098912239075,0.7112710475921631,-0.038192007690668106,0.5248942375183105,0.6942399144172668,-0.05999216437339783,0.5341981053352356,0.6826568841934204,-0.07428162544965744,0.5451492071151733,0.6707568764686584,-0.08412173390388489,0.5457773208618164,0.6982777118682861,-0.035730596631765366,0.5427780151367188,0.7631914615631104,-0.06050225719809532,0.5283265113830566,0.7904416918754578,-0.0653386116027832,0.521336555480957,0.7884895205497742,-0.0661456435918808,0.5680834650993347,0.708580493927002,-0.03560298681259155,0.5630816221237183,0.7785800695419312,-0.05634073540568352,0.5450717806816101,0.794971764087677,-0.051728494465351105,0.5358612537384033,0.7881975173950195,-0.04571757838129997,0.5856039524078369,0.726476788520813,-0.03814946115016937,0.5776184797286987,0.7753726243972778,-0.05615164712071419,0.5623143315315247,0.7889644503593445,-0.05643785744905472,0.5533602237701416,0.785643458366394,-0.05280942842364311
0.5387662053108215,0.7731336951255798,-6.997337820280336e-09,0.5151369571685791,0.7817783355712891,-0.025673240423202515,0.5016692280769348,0.7817891836166382,-0.046015508472919464,0.515535295009613,0.796556830406189,-0.0631026178598404,0.5360311269760132,0.8052117824554443,-0.07876353710889816,0.5197480916976929,0.7158511281013489,-0.04289223998785019,0.5271643400192261,0.695435643196106,-0.06606092303991318,0.5389446020126343,0.6826015710830688,-0.080457404255867,0.5515877604484558,0.6706411242485046,-0.09053028374910355,0.5477709770202637,0.7019830346107483,-0.03931620717048645,0.5445424914360046,0.7598344087600708,-0.06561239063739777,0.5308388471603394,0.7903604507446289,-0.06970515102148056,0.5249999165534973,0.7901411652565002,-0.06997945159673691,0.5694372653961182,0.7100715041160583,-0.03821708261966705,0.5645298361778259,0.7778383493423462,-0.06008799746632576,0.546842634677887,0.7941466569900513,-0.0547008141875267,0.5380377173423767,0.7848791480064392,-0.04880328103899956,0.5861846804618835,0.7271239757537842,-0.04000597819685936,0.5799850821495056,0.7771732807159424,-0.059083614498376846,0.5650949478149414,0.7915042042732239,-0.05952306091785431,0.5564190149307251,0.7854681015014648,-0.05656658113002777
0.5394867658615112,0.7748050689697266,-2.4209393600926887e-08,0.5151163935661316,0.7828882336616516,-0.02434292808175087,0.5007179975509644,0.7842000722885132,-0.044062234461307526,0.5127986073493958,0.8006576895713806,-0.060782212764024734,0.5325150489807129,0.8107491731643677,-0.07620316743850708,0.5181363224983215,0.7188201546669006,-0.04213574156165123,0.5246374011039734,0.6991406083106995,-0.06381446123123169,0.5359058380126953,0.6885679364204407,-0.07780388742685318,0.5483132004737854,0.681514322757721,-0.0878497064113617,0.5462606549263,0.7041019797325134,-0.03916100412607193,0.5437560081481934,0.7647673487663269,-0.06467176228761673,0.5301030874252319,0.792616069316864,-0.07030104100704193,0.5229063630104065,0.7954544425010681,-0.07200726866722107,0.568189799785614,0.7124166488647461,-0.03823898360133171,0.5621682405471802,0.7827875018119812,-0.05919347330927849,0.5447331070899963,0.7978900671005249,-0.05570218339562416,0.534855306148529,0.7911010980606079,-0.05135834962129593,0.5850485563278198,0.7295424342155457,-0.04000728949904442,0.5774093270301819,0.7816503047943115,-0.05840183049440384,0.5629271864891052,0.7949123382568359,-0.05962159112095833,0.5537262558937073,0.7893860340118408,-0.05745451897382736
0.5363376140594482,0.7745698690414429,-1.500039914503759e-08,0.5124815106391907,0.783454954624176,-0.025579912588000298,0.4980323910713196,0.782894492149353,-0.04566244035959244,0.510565996170044,0.7992268800735474,-0.06235106661915779,0.5311362743377686,0.8095982074737549,-0.07774066179990768,0.5162004232406616,0.7188471555709839,-0.04299759864807129,0.5237404108047485,0.7008717060089111,-0.06521379947662354,0.5348010659217834,0.688587486743927,-0.07968949526548386,0.5469375252723694,0.6781519651412964,-0.09014686942100525,0.5448517799377441,0.7044820785522461,-0.039513152092695236,0.5424078702926636,0.7643144130706787,-0.0655139908194542,0.5274353623390198,0.7931212782859802,-0.07058493047952652,0.5198079347610474,0.7946885824203491,-0.0716881975531578,0.5665377974510193,0.7129185795783997,-0.038270168006420135,0.5610021352767944,0.782209038734436,-0.05983917787671089,0.5425711870193481,0.7983067035675049,-0.05547795817255974,0.5325698852539062,0.7909868359565735,-0.05023795738816261,0.5829411745071411,0.7303330302238464,-0.03985772654414177,0.5747305750846863,0.7815617322921753,-0.058635737746953964,0.5583735108375549,0.795612096786499,-0.059341128915548325,0.5477482676506042,0.7905426621437073,-0.0566348135471344
0.5356805920600891,0.7746503353118896,-1.570783858539926e-08,0.5127115845680237,0.7827516198158264,-0.02475309744477272,0.4984150528907776,0.7831729650497437,-0.044532660394907,0.5104089975357056,0.7998167276382446,-0.06135205924510956,0.5307741165161133,0.8104836344718933,-0.0769418478012085,0.5174067616462708,0.7151472568511963,-0.0402509830892086,0.5230415463447571,0.6973308324813843,-0.06253572553396225,0.5340700745582581,0.6868314146995544,-0.07653249055147171,0.546333909034729,0.6775211095809937,-0.08624137938022614,0.5450418591499329,0.7030491828918457,-0.037132445722818375,0.5418667793273926,0.7592216730117798,-0.0628981664776802,0.5275580286979675,0.7902964949607849,-0.06750383228063583,0.520411491394043,0.7920446395874023,-0.06786391884088516,0.5661520957946777,0.7126141786575317,-0.036426592618227005,0.5598766207695007,0.7791351079940796,-0.05813629925251007,0.5419682264328003,0.7980062961578369,-0.053601525723934174,0.532482385635376,0.7915244102478027,-0.04774871841073036,0.582168459892273,0.730704128742218,-0.03844471648335457,0.5737810134887695,0.7799210548400879,-0.056758102029561996,0.5580087900161743,0.7953538298606873,-0.05707761272788048,0.5481150150299072,0.7905846834182739,-0.05382276326417923
0.5402107834815979,0.7725016474723816,-3.774872325834622e-08,0.5163747072219849,0.7810657024383545,-0.023291250690817833,0.5002198219299316,0.783158540725708,-0.04229550436139107,0.5110639333724976,0.8008357286453247,-0.05871352553367615,0.5321528315544128,0.8115986585617065,-0.07397492229938507,0.5184065103530884,0.7163977026939392,-0.03965626657009125,0.5247609615325928,0.6985980272293091,-0.06103640794754028,0.5343998074531555,0.6892130374908447,-0.07456286996603012,0.5446678400039673,0.6835963129997253,-0.08388649672269821,0.5461454391479492,0.7033310532569885,-0.03708978742361069,0.5434061288833618,0.7643114328384399,-0.06126720458269119,0.5291381478309631,0.7929085493087769,-0.06584016978740692,0.5219939351081848,0.795218825340271,-0.06652805954217911,0.5677288174629211,0.7137385010719299,-0.03671184182167053,0.562046229839325,0.7839351892471313,-0.05686020478606224,0.5440487861633301,0.7989001870155334,-0.05260080844163895,0.534294843673706,0.791128396987915,-0.04733981192111969,0.5841395854949951,0.7325872182846069,-0.03893713653087616,0.5761686563491821,0.783390998840332,-0.056921809911727905,0.561412513256073,0.795684814453125,-0.05739886686205864,0.5524566769599915,0.7899446487426758,-0.05425725504755974
0.5361418724060059,0.7791692614555359,-3.0752708823911235e-08,0.5119551420211792,0.7876495718955994,-0.02493412420153618,0.4974077641963959,0.7882900238037109,-0.044168371707201004,0.5097630620002747,0.8053833842277527,-0.06031746789813042,0.5297049283981323,0.8168203234672546,-0.07493465393781662,0.5162666440010071,0.7208070755004883,-0.040360767394304276,0.5217978954315186,0.7045389413833618,-0.062115419656038284,0.5328007340431213,0.6946086883544922,-0.07571107149124146,0.5457199811935425,0.6875326633453369,-0.08517798781394958,0.5445153117179871,0.7066203951835632,-0.03695652261376381,0.5432327389717102,0.7672053575515747,-0.06183980777859688,0.5272518396377563,0.7937868237495422,-0.06617212295532227,0.5192192792892456,0.7936841249465942,-0.06654050201177597,0.5662914514541626,0.7154693603515625,-0.036030177026987076,0.5621996521949768,0.7859671115875244,-0.05725527182221413,0.5432851910591125,0.7991731762886047,-0.05335246026515961,0.5335184931755066,0.7894216775894165,-0.04814784228801727,0.5827189087867737,0.7331960797309875,-0.03788723796606064,0.5764005780220032,0.7848926186561584,-0.0570669062435627,0.5620291233062744,0.7962451577186584,-0.05877746641635895,0.5534820556640625,0.7887493371963501,-0.05648459866642952
0.5374387502670288,0.7788101434707642,-2.833245815736518e-08,0.512607991695404,0.7883307337760925,-0.02579469420015812,0.497572660446167,0.7903026938438416,-0.04607513174414635,0.5106177926063538,0.8066849708557129,-0.06299987435340881,0.5310220718383789,0.8162088394165039,-0.07814949005842209,0.5167882442474365,0.723153829574585,-0.043117813766002655,0.5225315690040588,0.7060922980308533,-0.06574823707342148,0.5332450270652771,0.6966382265090942,-0.07942413538694382,0.5450429916381836,0.6911272406578064,-0.08877025544643402,0.545470654964447,0.7080275416374207,-0.03931545466184616,0.5434907674789429,0.7704532146453857,-0.06457307189702988,0.5285671353340149,0.7978297472000122,-0.06818937510251999,0.5211138129234314,0.7978320121765137,-0.06808478385210037,0.5673351287841797,0.7165243029594421,-0.0379960723221302,0.5620098114013672,0.7890568971633911,-0.05899931117892265,0.5439462065696716,0.8016844987869263,-0.053708963096141815,0.5344429016113281,0.791063129901886,-0.047811802476644516,0.5837294459342957,0.7341334819793701,-0.03962365910410881,0.5765911936759949,0.7877060770988464,-0.05900511145591736,0.562102198600769,0.798974871635437,-0.06018964946269989,0.5531920790672302,0.7911338806152344,-0.05745735391974449
0.5392710566520691,0.7828853726387024,-3.649165236652152e-08,0.5150338411331177,0.7923398613929749,-0.024502400308847427,0.5004299283027649,0.7940798997879028,-0.043861132115125656,0.5122177600860596,0.8109170198440552,-0.060002442449331284,0.5318016409873962,0.8201522827148438,-0.07454122602939606,0.5165276527404785,0.7264887094497681,-0.04239645600318909,0.5240697860717773,0.7075907588005066,-0.06517517566680908,0.5357289910316467,0.6962403655052185,-0.07923430949449539,0.5486454963684082,0.6880993247032166,-0.08890535682439804,0.5446525812149048,0.7104240655899048,-0.03879135847091675,0.5430306196212769,0.77292799949646,-0.06423463672399521,0.5283200740814209,0.8017188310623169,-0.0677044689655304,0.5216209888458252,0.8024762868881226,-0.0674746111035347,0.5666739344596863,0.7182013988494873,-0.03752831369638443,0.5622345209121704,0.7918071150779724,-0.058459725230932236,0.5439450144767761,0.8062847256660461,-0.05273818597197533,0.534867525100708,0.7970447540283203,-0.046546660363674164,0.5837054252624512,0.7351523041725159,-0.03907286748290062,0.5770674347877502,0.7889201045036316,-0.05840866267681122,0.5629338622093201,0.8009836077690125,-0.05938127636909485,0.5549079775810242,0.7932854294776917,-0.056509874761104584
0.5374234914779663,0.7831153869628906,-6.746152081404944e-08,0.5099807977676392,0.7962552905082703,-0.0269089974462986,0.4938379228115082,0.8033167123794556,-0.048491522669792175,0.5091232061386108,0.8290120363235474,-0.06646889448165894,0.5290437936782837,0.8389541506767273,-0.08195528388023376,0.5105713605880737,0.73561030626297,-0.049348101019859314,0.5261210203170776,0.7314651608467102,-0.07192661613225937,0.5373483896255493,0.7280783653259277,-0.08386830240488052,0.546637773513794,0.7261055111885071,-0.09130695462226868,0.5411400198936462,0.7216962575912476,-0.04472213238477707,0.5379425287246704,0.8057441115379333,-0.07075957208871841,0.5243698358535767,0.8263226747512817,-0.07332313805818558,0.5170841813087463,0.8217030167579651,-0.07262475788593292,0.5658142566680908,0.7287014722824097,-0.042101096361875534,0.5594115257263184,0.8093814253807068,-0.060183461755514145,0.5455911159515381,0.8120413422584534,-0.05061592161655426,0.5378862619400024,0.796631932258606,-0.04260971397161484,0.5838786363601685,0.7421169281005859,-0.043067995458841324,0.5763741731643677,0.8015230894088745,-0.06060108542442322,0.5651702880859375,0.805793046951294,-0.05939741060137749,0.55943763256073,0.7912067770957947,-0.05473976209759712
0.5342890024185181,0.792862057685852,-4.548859422470741e-08,0.5049397349357605,0.8032450079917908,-0.02717212587594986,0.49254316091537476,0.8082924485206604,-0.04817447066307068,0.5098159313201904,0.832269549369812,-0.06564106047153473,0.5302575826644897,0.8417909741401672,-0.0802396684885025,0.517088770866394,0.7353474497795105,-0.04580487310886383,0.5303341150283813,0.7152032256126404,-0.06768946349620819,0.5465269684791565,0.7096983194351196,-0.08032239228487015,0.5634873509407043,0.7089791297912598,-0.08922086656093597,0.5468364357948303,0.7230393886566162,-0.0402987077832222,0.5399266481399536,0.8035458326339722,-0.0651191994547844,0.5238891839981079,0.8269964456558228,-0.06778910011053085,0.5172576904296875,0.8191527128219604,-0.06818777322769165,0.5685988664627075,0.7330095767974854,-0.037118710577487946,0.5577580332756042,0.8137500286102295,-0.0557539165019989,0.541837751865387,0.8208091259002686,-0.04769789054989815,0.5352302193641663,0.8062217831611633,-0.04141781106591225,0.5844004154205322,0.7496157884597778,-0.03741645812988281,0.5729596018791199,0.8093019127845764,-0.055392131209373474,0.5600036978721619,0.8174264430999756,-0.055699124932289124,0.553514301776886,0.8058812618255615,-0.052839383482933044
0.5364401936531067,0.7999376058578491,-3.0015595342547385e-08,0.5100462436676025,0.8106874823570251,-0.023158079013228416,0.49598100781440735,0.8126240372657776,-0.041802555322647095,0.5100105404853821,0.8329160213470459,-0.05791989341378212,0.5317063331604004,0.8420962691307068,-0.0725494772195816,0.51481693983078,0.7374078631401062,-0.03888022154569626,0.5277495980262756,0.7138251066207886,-0.05766183137893677,0.5432392358779907,0.7025840282440186,-0.07073510438203812,0.5599218010902405,0.6941763162612915,-0.08094646781682968,0.5445945858955383,0.7224490642547607,-0.03599414974451065,0.5435183644294739,0.7958738803863525,-0.05981433019042015,0.5305277705192566,0.8245528936386108,-0.06602989882230759,0.5231152176856995,0.827637791633606,-0.06897922605276108,0.5681601166725159,0.7311491370201111,-0.03493303433060646,0.5607767105102539,0.8117709755897522,-0.05244853347539902,0.544468879699707,0.8265209197998047,-0.04819057136774063,0.5351186990737915,0.8204723596572876,-0.04435906559228897,0.5860472917556763,0.7481749653816223,-0.036968715488910675,0.5751384496688843,0.8092547655105591,-0.05335921421647072,0.5592637658119202,0.8230928778648376,-0.054415762424468994,0.5484340190887451,0.8179224729537964,-0.052279211580753326
0.5380566120147705,0.7964265942573547,-2.5532340686140742e-08,0.5097052454948425,0.8079120516777039,-0.023471292108297348,0.4963216483592987,0.8099697828292847,-0.04203140735626221,0.5111871957778931,0.8295248746871948,-0.05797071382403374,0.5321805477142334,0.8391823768615723,-0.07237625867128372,0.5156876444816589,0.7374498844146729,-0.03965653479099274,0.5280908346176147,0.7128540277481079,-0.05862225964665413,0.543150007724762,0.7012854814529419,-0.07186298817396164,0.5596397519111633,0.6917513012886047,-0.08219894021749496,0.5448342561721802,0.7220085859298706,-0.03660503029823303,0.5444294214248657,0.7958709001541138,-0.060164786875247955,0.5317571759223938,0.8211812973022461,-0.06663772463798523,0.5245201587677002,0.8210598826408386,-0.07011581212282181,0.5679455399513245,0.7304595708847046,-0.03535213693976402,0.560160756111145,0.8114977478981018,-0.05275518819689751,0.5436694025993347,0.8252639770507812,-0.04893098771572113,0.5343451499938965,0.81943279504776,-0.0456337034702301,0.5857599973678589,0.7473556995391846,-0.03720565885305405,0.5739495754241943,0.8086612224578857,-0.05332361161708832,0.5577329993247986,0.8227916359901428,-0.05441584065556526,0.5467044711112976,0.8188515901565552,-0.05259400233626366
0.538093090057373,0.7929933667182922,-2.443818836184164e-08,0.5110408067703247,0.8050669431686401,-0.0241958387196064,0.4964718520641327,0.8086195588111877,-0.04385778307914734,0.5109525322914124,0.8293545246124268,-0.06087267026305199,0.5320966243743896,0.8382377624511719,-0.07624077051877975,0.5156689286231995,0.7364468574523926,-0.04150805249810219,0.5269035696983337,0.713309645652771,-0.06176071986556053,0.5420799255371094,0.7005109786987305,-0.0749288946390152,0.5588600635528564,0.6897574663162231,-0.08493117243051529,0.5450602769851685,0.7212823033332825,-0.038181010633707047,0.5429456233978271,0.7961215972900391,-0.062448203563690186,0.5291503667831421,0.8220760226249695,-0.06723018735647202,0.5224210023880005,0.8184859156608582,-0.06921546906232834,0.5683636665344238,0.7296284437179565,-0.0369078665971756,0.5611958503723145,0.8093012571334839,-0.05514741316437721,0.5447948575019836,0.8213827610015869,-0.04934096336364746,0.5361175537109375,0.8118120431900024,-0.044413235038518906,0.5860660672187805,0.7458350658416748,-0.03882221132516861,0.5762377977371216,0.8040338754653931,-0.0555708147585392,0.561579704284668,0.8161084055900574,-0.05578846111893654,0.5522575974464417,0.8091999292373657,-0.05308140441775322
0.5360785126686096,0.7962426543235779,-1.6658216139830984e-08,0.5085912346839905,0.8060139417648315,-0.023102914914488792,0.49519696831703186,0.8067020177841187,-0.04142756387591362,0.5105291604995728,0.82532799243927,-0.05713130533695221,0.5326926112174988,0.8342639207839966,-0.07141567021608353,0.5145484209060669,0.7351586818695068,-0.04016230255365372,0.5272783637046814,0.709294855594635,-0.05954824760556221,0.5430289506912231,0.6962263584136963,-0.07242625206708908,0.5600427389144897,0.6858384609222412,-0.08228424191474915,0.544815719127655,0.7200533151626587,-0.03682319447398186,0.5429958701133728,0.7923071980476379,-0.060987506061792374,0.5301731824874878,0.8206996321678162,-0.06629150360822678,0.5236681699752808,0.8227078914642334,-0.06835285574197769,0.568409264087677,0.729187548160553,-0.0352790430188179,0.5605447292327881,0.8078082203865051,-0.05306210741400719,0.5436021089553833,0.8214342594146729,-0.047808095812797546,0.5338387489318848,0.8144372701644897,-0.04310842603445053,0.5855462551116943,0.7464246153831482,-0.03675509989261627,0.5750800371170044,0.8051900267601013,-0.053304851055145264,0.5600045919418335,0.8176035284996033,-0.05385807901620865,0.5497350096702576,0.8116918802261353,-0.05121491476893425
0.5353624224662781,0.7931141257286072,-2.1169089592376622e-08,0.5088109970092773,0.8022403120994568,-0.022104553878307343,0.49548351764678955,0.8032292723655701,-0.04071655124425888,0.5100761651992798,0.8211883306503296,-0.057313088327646255,0.532097339630127,0.8317615389823914,-0.07231516391038895,0.5167200565338135,0.7319813966751099,-0.0376184917986393,0.529624342918396,0.7067369222640991,-0.056938886642456055,0.5449984669685364,0.6936055421829224,-0.0691908672451973,0.5616058111190796,0.6832382082939148,-0.07840137183666229,0.5457457304000854,0.7182444334030151,-0.03505798801779747,0.5430466532707214,0.788855791091919,-0.05832778289914131,0.5290348529815674,0.8158525228500366,-0.06215217337012291,0.5231692790985107,0.8139236569404602,-0.06313551962375641,0.5682927370071411,0.7278849482536316,-0.034536149352788925,0.5609719753265381,0.8041707873344421,-0.05220452696084976,0.5445265173912048,0.8163967132568359,-0.04609076306223869,0.5364883542060852,0.8075418472290039,-0.04068779945373535,0.584987998008728,0.745452880859375,-0.03702447935938835,0.5758101344108582,0.802126407623291,-0.05297381803393364,0.5619850754737854,0.8125078082084656,-0.05302181839942932,0.5537869930267334,0.804234504699707,-0.050120703876018524
0.5376428365707397,0.7941469550132751,-2.9742523111053742e-08,0.5115007162094116,0.804107129573822,-0.02277889847755432,0.4976744055747986,0.8048990368843079,-0.04109267145395279,0.5111685991287231,0.8222659826278687,-0.0570676289498806,0.5321323275566101,0.8319546580314636,-0.07149068266153336,0.5164083242416382,0.7331849932670593,-0.038268547505140305,0.5288323163986206,0.7076297998428345,-0.05755028873682022,0.5441982746124268,0.694938600063324,-0.07012108713388443,0.5609455108642578,0.684429407119751,-0.07960540801286697,0.5447288751602173,0.7191966772079468,-0.035203833132982254,0.5437567234039307,0.7883264422416687,-0.05878313630819321,0.5304397940635681,0.815503716468811,-0.06370234489440918,0.5240514874458313,0.8147348761558533,-0.06558595597743988,0.5672986507415771,0.727685809135437,-0.034103792160749435,0.5622924566268921,0.8021821975708008,-0.05219026654958725,0.5465301275253296,0.8163169026374817,-0.04735814779996872,0.5380634665489197,0.8095481991767883,-0.04277760908007622,0.5846855640411377,0.7439686059951782,-0.035952772945165634,0.5770704746246338,0.7992457747459412,-0.0521220825612545,0.5630447268486023,0.811841607093811,-0.052734337747097015,0.5538099408149719,0.8062661290168762,-0.05027662590146065
0.5364859700202942,0.794616162776947,-3.0515199256342385e-08,0.5088782906532288,0.8043830990791321,-0.021938836202025414,0.4954899251461029,0.8054035902023315,-0.040253642946481705,0.5100403428077698,0.8221681714057922,-0.056708257645368576,0.5322364568710327,0.8334513902664185,-0.07153113931417465,0.5170242190361023,0.7330770492553711,-0.03598107770085335,0.5295523405075073,0.708040177822113,-0.0549965463578701,0.5447599291801453,0.6959397196769714,-0.06693662703037262,0.5611316561698914,0.6853449940681458,-0.07593196630477905,0.544935941696167,0.718574047088623,-0.0336022712290287,0.5433070063591003,0.7898702025413513,-0.05660032480955124,0.5295743942260742,0.816661536693573,-0.06083497777581215,0.523206889629364,0.8132355213165283,-0.06226060166954994,0.5670365691184998,0.7278473973274231,-0.03331301361322403,0.5610527992248535,0.8042339086532593,-0.0513756237924099,0.5449315905570984,0.8177642822265625,-0.04625842720270157,0.5366936922073364,0.8093687295913696,-0.041461095213890076,0.5838645696640015,0.7452160120010376,-0.03593111038208008,0.5758780837059021,0.8023165464401245,-0.05166976898908615,0.5617029666900635,0.8141922354698181,-0.05197091028094292,0.5524507761001587,0.8073316812515259,-0.04938839003443718
0.5368763208389282,0.7930139303207397,-2.99367108880233e-08,0.5102203488349915,0.802553117275238,-0.02315225452184677,0.49593377113342285,0.8037590980529785,-0.042090993374586105,0.5095213055610657,0.8213392496109009,-0.058664146810770035,0.5317485332489014,0.8313712477684021,-0.07355061173439026,0.5162545442581177,0.7330738306045532,-0.03953981772065163,0.5282456278800964,0.7077480554580688,-0.05942796170711517,0.5437162518501282,0.693818986415863,-0.07194370776414871,0.5604386329650879,0.6821171641349792,-0.08137325942516327,0.5449888110160828,0.7185293436050415,-0.0364287868142128,0.5424960851669312,0.7892671823501587,-0.06033927574753761,0.5287272334098816,0.8165494799613953,-0.06421584635972977,0.5226261615753174,0.8146772384643555,-0.06524251401424408,0.5674823522567749,0.7273806929588318,-0.03538196161389351,0.5610185265541077,0.803112268447876,-0.05377573147416115,0.5447031259536743,0.815729022026062,-0.04775262996554375,0.5364342927932739,0.8072357177734375,-0.042324572801589966,0.5843946933746338,0.7442975640296936,-0.03738847374916077,0.5761329531669617,0.8007195591926575,-0.054087795317173004,0.5618510842323303,0.8117974400520325,-0.05449333041906357,0.5528281331062317,0.8047529458999634,-0.051781751215457916
0.5358874201774597,0.7923638820648193,-1.5627769300863292e-08,0.5095311999320984,0.8039073944091797,-0.024415381252765656,0.49691808223724365,0.8064993023872375,-0.04424900934100151,0.5120171904563904,0.8231057524681091,-0.0615132600069046,0.5318796634674072,0.8304955959320068,-0.07694516330957413,0.5158847570419312,0.730654239654541,-0.04053232818841934,0.5287995934486389,0.7062770128250122,-0.06027490273118019,0.5436983108520508,0.6931295394897461,-0.07264845818281174,0.5602391362190247,0.6819790601730347,-0.0820310115814209,0.5439326763153076,0.7159165740013123,-0.03703755512833595,0.542838990688324,0.7894683480262756,-0.06113323196768761,0.5290775895118713,0.8165653944015503,-0.06525770574808121,0.522867739200592,0.8137021064758301,-0.0665183886885643,0.5663663744926453,0.724640429019928,-0.035654060542583466,0.5617305040359497,0.8010122179985046,-0.05374027043581009,0.5456329584121704,0.8124101758003235,-0.047237981110811234,0.5372916460037231,0.8026111721992493,-0.04173934459686279,0.5830361247062683,0.7411059737205505,-0.037533633410930634,0.576930820941925,0.798002302646637,-0.05405237153172493,0.5631483793258667,0.8085235357284546,-0.05431463196873665,0.5543966889381409,0.8003316521644592,-0.05152479559183121
0.5331830978393555,0.7908175587654114,-2.7426414916931208e-08,0.5072528123855591,0.7993192672729492,-0.0232479777187109,0.4950656294822693,0.8002020716667175,-0.042293012142181396,0.5105320811271667,0.8185791373252869,-0.05897822603583336,0.5317367911338806,0.8284924030303955,-0.07393036782741547,0.5165939331054688,0.7287103533744812,-0.03842075169086456,0.5283975601196289,0.7048113942146301,-0.058218810707330704,0.543622612953186,0.6918326616287231,-0.07079920172691345,0.5603676438331604,0.6810493469238281,-0.08031762391328812,0.5445768237113953,0.7156502604484558,-0.035416409373283386,0.5422271490097046,0.7858777046203613,-0.05923398584127426,0.5280093550682068,0.8139387965202332,-0.06322652101516724,0.5217650532722473,0.8121691942214966,-0.06435470283031464,0.5662038326263428,0.7251358032226562,-0.034571241587400436,0.5608965158462524,0.7998906970024109,-0.053046200424432755,0.5446206331253052,0.8130179047584534,-0.04712869971990585,0.5365208983421326,0.8039223551750183,-0.04183642193675041,0.5823624134063721,0.7424331307411194,-0.0367659255862236,0.5748991966247559,0.7985560894012451,-0.0534457303583622,0.5614045858383179,0.8103054165840149,-0.05385255813598633,0.5533036589622498,0.8024702072143555,-0.051233965903520584
0.5351712703704834,0.7883712649345398,-1.503238600264467e-08,0.509543776512146,0.7991293668746948,-0.02341696433722973,0.49609559774398804,0.8014712333679199,-0.04207770153880119,0.5098423957824707,0.8187574148178101,-0.0583246573805809,0.5304805636405945,0.8303400278091431,-0.07304098457098007,0.515164315700531,0.7287468910217285,-0.03794017434120178,0.5271190404891968,0.7037906050682068,-0.05655037984251976,0.5418179631233215,0.691217839717865,-0.06824643909931183,0.557983934879303,0.6807880401611328,-0.07709963619709015,0.5428517460823059,0.7150394320487976,-0.03461036458611488,0.5425378084182739,0.7838258743286133,-0.05835050716996193,0.5292809009552002,0.8117092251777649,-0.06345947086811066,0.5228607058525085,0.8121647238731384,-0.06509007513523102,0.5648751258850098,0.7234597206115723,-0.03325505554676056,0.5611132383346558,0.7972169518470764,-0.05232361704111099,0.5455951690673828,0.8112360239028931,-0.048450179398059845,0.5372275710105896,0.8041723370552063,-0.043942611664533615,0.5817007422447205,0.7393362522125244,-0.034728389233350754,0.5761574506759644,0.7933226823806763,-0.051413293927907944,0.5638330578804016,0.8063141703605652,-0.05237738415598869,0.5554242134094238,0.8013556003570557,-0.04990014061331749
0.5336771011352539,0.7860399484634399,-2.3999906506588786e-09,0.5077030658721924,0.7955551743507385,-0.023792071267962456,0.49425452947616577,0.7974472641944885,-0.04342002794146538,0.5086577534675598,0.8158519864082336,-0.06053287535905838,0.5300089120864868,0.8257677555084229,-0.07604482769966125,0.5150678753852844,0.7265780568122864,-0.04014651104807854,0.5285124182701111,0.701105535030365,-0.05964887887239456,0.5433241724967957,0.6884207725524902,-0.07159332931041718,0.5594305992126465,0.6793856620788574,-0.08045502007007599,0.5435813665390015,0.7138410806655884,-0.03675104305148125,0.5428724884986877,0.7807632088661194,-0.06072745844721794,0.5291014313697815,0.8100394010543823,-0.06463737785816193,0.523097813129425,0.8111279010772705,-0.06520981341600418,0.5655425786972046,0.7233756184577942,-0.035345714539289474,0.5594078302383423,0.7973395586013794,-0.053868915885686874,0.5424379706382751,0.810628354549408,-0.048101503401994705,0.5336183309555054,0.8022443652153015,-0.042623721063137054,0.5815686583518982,0.7404521703720093,-0.03693600744009018,0.5734831094741821,0.7967826724052429,-0.053493477404117584,0.5590369701385498,0.809551477432251,-0.0535513274371624,0.5495878458023071,0.8034506440162659,-0.05050111934542656
0.5326566696166992,0.7838351726531982,-1.6327787122349946e-08,0.5062441825866699,0.7945515513420105,-0.024505577981472015,0.4937041401863098,0.797267735004425,-0.04447285458445549,0.5084769129753113,0.8162908554077148,-0.06158312410116196,0.5303757786750793,0.8259334564208984,-0.07698836177587509,0.5152599811553955,0.7275893688201904,-0.04182557016611099,0.527610719203949,0.7021884918212891,-0.062048546969890594,0.543612539768219,0.6896389722824097,-0.07460584491491318,0.5605189800262451,0.6788918972015381,-0.08427473157644272,0.5438252687454224,0.7119873762130737,-0.03813455253839493,0.541811466217041,0.7804811596870422,-0.06267646700143814,0.5288378596305847,0.8112479448318481,-0.0667199194431305,0.5222864747047424,0.8119285106658936,-0.0678667202591896,0.5655891299247742,0.7198197245597839,-0.03647138178348541,0.5602001547813416,0.7947232127189636,-0.05575864017009735,0.5450282692909241,0.8104207515716553,-0.04985338822007179,0.5364365577697754,0.8024239540100098,-0.044496696442365646,0.5815836191177368,0.736207902431488,-0.03784202039241791,0.5740773677825928,0.7933823466300964,-0.0553710013628006,0.5618570446968079,0.8074589371681213,-0.056042809039354324,0.5535160303115845,0.8005367517471313,-0.053564492613077164
0.5312780737876892,0.7838674783706665,-1.0773291592158785e-08,0.5054733753204346,0.792774498462677,-0.024628382176160812,0.4931124150753021,0.7946957349777222,-0.04459983482956886,0.5081040859222412,0.8157152533531189,-0.06172053888440132,0.5298070907592773,0.82818603515625,-0.07715469598770142,0.5162001252174377,0.7273206114768982,-0.04177895188331604,0.5280438661575317,0.7021004557609558,-0.061702899634838104,0.5440037846565247,0.6898281574249268,-0.07426916062831879,0.5609882473945618,0.6803695559501648,-0.08406542986631393,0.5449729561805725,0.7129814028739929,-0.03816568851470947,0.5423795580863953,0.7794479131698608,-0.06258615106344223,0.5287081599235535,0.8090075254440308,-0.06703119724988937,0.5216741561889648,0.8114678263664246,-0.06847584992647171,0.5664145946502686,0.7218331098556519,-0.03652258589863777,0.55998694896698,0.7950670719146729,-0.0557061992585659,0.5441585183143616,0.8093709945678711,-0.050293825566768646,0.5352208614349365,0.8020687103271484,-0.045297108590602875,0.5818093419075012,0.7391963005065918,-0.037909671664237976,0.5740021467208862,0.7941271066665649,-0.0555054135620594,0.5615028738975525,0.8063700199127197,-0.05650786682963371,0.5531125068664551,0.7992879748344421,-0.054392118006944656
0.531598687171936,0.7857971787452698,-3.1107923348372424e-08,0.5063508749008179,0.7955706715583801,-0.023594766855239868,0.49390411376953125,0.797161877155304,-0.04229336977005005,0.5082575082778931,0.8162363767623901,-0.058246031403541565,0.5298899412155151,0.8269029259681702,-0.07256866246461868,0.5165501236915588,0.726240336894989,-0.03884830325841904,0.5294494032859802,0.7027496695518494,-0.05775425210595131,0.5442805290222168,0.6916494369506836,-0.07000836730003357,0.5602788329124451,0.6822755932807922,-0.0796235129237175,0.5447525382041931,0.7127081155776978,-0.03540876507759094,0.5426125526428223,0.7806777358055115,-0.05924971029162407,0.5286880135536194,0.8104349970817566,-0.06423909217119217,0.5221208333969116,0.812256932258606,-0.06619779765605927,0.5659666657447815,0.7216783761978149,-0.03394555673003197,0.5604473352432251,0.7959461808204651,-0.05273944512009621,0.5445381999015808,0.8115969896316528,-0.04838437959551811,0.5361365079879761,0.8049489855766296,-0.04413244128227234,0.5815550684928894,0.7386618852615356,-0.03540113940834999,0.5738136768341064,0.7949947714805603,-0.05235268920660019,0.5604388117790222,0.8089438676834106,-0.053689319640398026,0.5517435669898987,0.8034205436706543,-0.05188071355223656
0.5335050821304321,0.7860196828842163,-1.298835372587348e-09,0.5064384937286377,0.7954180240631104,-0.025891100987792015,0.4937939941883087,0.7983177900314331,-0.046678319573402405,0.5080309510231018,0.8194372057914734,-0.06432269513607025,0.5285179018974304,0.8304466009140015,-0.08027487248182297,0.5165560841560364,0.7298012375831604,-0.043894972652196884,0.5276265144348145,0.7061784267425537,-0.06424266844987869,0.5426706075668335,0.6945985555648804,-0.07781542092561722,0.559436023235321,0.685129702091217,-0.08842495083808899,0.5457140803337097,0.7155861854553223,-0.04002153128385544,0.5420435070991516,0.7849754095077515,-0.06535304337739944,0.5285921096801758,0.8117209672927856,-0.071391761302948,0.5213032960891724,0.8123075366020203,-0.07399655878543854,0.5672801733016968,0.7246232628822327,-0.03802649676799774,0.5592463612556458,0.7993249893188477,-0.05741896107792854,0.5441895127296448,0.8128261566162109,-0.05266487970948219,0.535821259021759,0.8059324622154236,-0.04807185009121895,0.5828810930252075,0.7420129179954529,-0.03917131945490837,0.5733475685119629,0.7973299026489258,-0.05665390565991402,0.5605979561805725,0.8091133236885071,-0.057512056082487106,0.5520845055580139,0.802544355392456,-0.05516892671585083
0.5330367684364319,0.7841426134109497,-2.5144514942399e-11,0.5067017078399658,0.794063925743103,-0.02532818727195263,0.49378082156181335,0.7962189316749573,-0.045752666890621185,0.5083764791488647,0.8161578178405762,-0.0631888285279274,0.5304355025291443,0.8288262486457825,-0.07887490838766098,0.5160959959030151,0.7276812195777893,-0.04217233881354332,0.527728259563446,0.7046434879302979,-0.0625602975487709,0.5426464676856995,0.6926713585853577,-0.07567022740840912,0.5592263340950012,0.6827355027198792,-0.08580565452575684,0.5451486110687256,0.7134295701980591,-0.038553670048713684,0.5413174629211426,0.7809112071990967,-0.06330040842294693,0.5273200869560242,0.8077240586280823,-0.06818491220474243,0.5210701823234558,0.8072628974914551,-0.06985108554363251,0.5667629241943359,0.7226725816726685,-0.03703054413199425,0.5592923164367676,0.7976028323173523,-0.056282635778188705,0.54351407289505,0.8094272017478943,-0.050971586257219315,0.5357608795166016,0.7994441390037537,-0.04595468193292618,0.5822663307189941,0.7403960824012756,-0.0386468768119812,0.5730512738227844,0.7965766787528992,-0.05613931268453598,0.5607097744941711,0.8072052597999573,-0.0569629892706871,0.5534974932670593,0.7981407642364502,-0.0546303354203701
0.5356400012969971,0.7858045101165771,-2.7115081735473723e-08,0.5092350840568542,0.7969408631324768,-0.02440398372709751,0.4954468905925751,0.7993068695068359,-0.04377421736717224,0.508856475353241,0.8178401589393616,-0.06024220213294029,0.5304957032203674,0.8277248740196228,-0.07498914003372192,0.5158256888389587,0.7290871143341064,-0.04095086082816124,0.5269286036491394,0.7054581642150879,-0.06165244057774544,0.5418505072593689,0.6935654878616333,-0.07481788843870163,0.5586305856704712,0.6827569007873535,-0.08475911617279053,0.5442647933959961,0.7144518494606018,-0.03737581893801689,0.5420982241630554,0.7822914123535156,-0.0620599202811718,0.5284819006919861,0.8101162314414978,-0.0666002407670021,0.5222830176353455,0.8082159757614136,-0.06810417771339417,0.5663193464279175,0.7227929830551147,-0.03596553951501846,0.5610284209251404,0.7967848777770996,-0.05556344613432884,0.545144259929657,0.8123815059661865,-0.05020672827959061,0.5368419289588928,0.8051811456680298,-0.04504266008734703,0.582695722579956,0.7391535043716431,-0.03759164363145828,0.5748004913330078,0.7954932451248169,-0.05564376339316368,0.5613899230957031,0.8090622425079346,-0.05691850185394287,0.5528644323348999,0.8029428720474243,-0.05475781857967377
0.5361313819885254,0.7862153649330139,-1.2569780771798378e-08,0.5097442269325256,0.7958300709724426,-0.023053782060742378,0.4957224130630493,0.7976124286651611,-0.04147283360362053,0.5087901949882507,0.8163341879844666,-0.05736788734793663,0.5304539203643799,0.8288692235946655,-0.07149641215801239,0.5157150626182556,0.7279378771781921,-0.03771616145968437,0.5268261432647705,0.7057027220726013,-0.05720963701605797,0.5410188436508179,0.6946500539779663,-0.0693749412894249,0.557152271270752,0.6852552890777588,-0.0784025564789772,0.5436019897460938,0.7149553894996643,-0.03468849137425423,0.5419135093688965,0.7832293510437012,-0.05829296261072159,0.5288761854171753,0.808792769908905,-0.0627802163362503,0.5233385562896729,0.8061924576759338,-0.06401033699512482,0.5656909346580505,0.7243771553039551,-0.033765748143196106,0.5604406595230103,0.7989143133163452,-0.052402008324861526,0.5446133613586426,0.8112961649894714,-0.04746318981051445,0.5366981625556946,0.8020216822624207,-0.0424494706094265,0.5823370814323425,0.7411375045776367,-0.03580016270279884,0.5754107236862183,0.7971607446670532,-0.05274136736989021,0.5622825622558594,0.8089970350265503,-0.05362989380955696,0.5542157888412476,0.802108108997345,-0.05113469064235687
0.5356316566467285,0.7867766618728638,-1.6828911597599472e-08,0.5088384747505188,0.7970345616340637,-0.022670289501547813,0.49565136432647705,0.8003813028335571,-0.04128304868936539,0.5092297792434692,0.8193226456642151,-0.0575651191174984,0.5288512110710144,0.8298209309577942,-0.07210712134838104,0.5150882005691528,0.729884147644043,-0.03867276757955551,0.5252018570899963,0.7078039646148682,-0.058931563049554825,0.5392317175865173,0.6968184113502502,-0.0715392604470253,0.555398166179657,0.6868361234664917,-0.08062232285737991,0.5425483584403992,0.7164655923843384,-0.03578885644674301,0.5405319929122925,0.7874162197113037,-0.059838611632585526,0.5274525880813599,0.8113706111907959,-0.0645466074347496,0.5216599106788635,0.8067771196365356,-0.06588149070739746,0.5645191073417664,0.7256355285644531,-0.03491595387458801,0.5583310723304749,0.8018326759338379,-0.05336572974920273,0.5429516434669495,0.8126294016838074,-0.04810302332043648,0.5353918671607971,0.8022938370704651,-0.04287194833159447,0.5811131000518799,0.7418956160545349,-0.03699757531285286,0.5732216835021973,0.7985079884529114,-0.05336594209074974,0.5603617429733276,0.8092111349105835,-0.053740233182907104,0.5525123476982117,0.8019031882286072,-0.05078411102294922
0.5325970649719238,0.7879995703697205,-2.1856488174876176e-08,0.5090773105621338,0.7969016432762146,-0.023239009082317352,0.49558472633361816,0.798538327217102,-0.04170730337500572,0.508615255355835,0.8171761631965637,-0.05756391957402229,0.5287297964096069,0.8276247382164001,-0.07199858874082565,0.5146742463111877,0.7272897362709045,-0.03737808018922806,0.5255627036094666,0.7068095207214355,-0.05701226741075516,0.539516806602478,0.6960957646369934,-0.0699039176106453,0.555243730545044,0.6870772838592529,-0.07943331450223923,0.5423853397369385,0.7159096002578735,-0.03423704579472542,0.5417517423629761,0.7792539596557617,-0.057959891855716705,0.5276288986206055,0.8076272010803223,-0.06297475844621658,0.5211084485054016,0.8085301518440247,-0.06462590396404266,0.5638593435287476,0.7252328395843506,-0.03326226398348808,0.5604344606399536,0.7949190735816956,-0.05280593782663345,0.543797492980957,0.8106464147567749,-0.04910261183977127,0.5350673794746399,0.8040896058082581,-0.044727373868227005,0.58012855052948,0.7417988777160645,-0.03502919524908066,0.5741360783576965,0.7938035726547241,-0.05239424109458923,0.5597593784332275,0.807854175567627,-0.05369634926319122,0.550401508808136,0.8035259246826172,-0.05159575119614601
0.5344703793525696,0.7895041108131409,-3.388883484944927e-08,0.5101755857467651,0.7977792620658875,-0.022623589262366295,0.496603786945343,0.7990148067474365,-0.04073694720864296,0.5086891651153564,0.817193329334259,-0.056367795914411545,0.5291934013366699,0.8284772038459778,-0.07064373791217804,0.5152016282081604,0.7282704710960388,-0.03666786104440689,0.5252082347869873,0.7083603143692017,-0.05600551515817642,0.5387246012687683,0.6973939538002014,-0.06921587139368057,0.5541832447052002,0.6874749660491943,-0.07913480699062347,0.5429955124855042,0.7158821821212769,-0.0339864119887352,0.5417524576187134,0.7825218439102173,-0.0575827918946743,0.5278851985931396,0.8093169927597046,-0.06356882303953171,0.5208067297935486,0.809413731098175,-0.06605962663888931,0.5648069977760315,0.7255136370658875,-0.03330189362168312,0.5599691867828369,0.7979372143745422,-0.052630193531513214,0.5428111553192139,0.8133419752120972,-0.04980692267417908,0.5332283973693848,0.8072895407676697,-0.04615096002817154,0.5812661647796631,0.7428715229034424,-0.03531670570373535,0.573453962802887,0.7970697283744812,-0.052607808262109756,0.5581024289131165,0.8108490109443665,-0.05424933508038521,0.5477311611175537,0.8069021105766296,-0.05244175344705582
0.536243736743927,0.7894425988197327,2.8784450378793736e-09,0.511959969997406,0.799889862537384,-0.02277563326060772,0.49730220437049866,0.8033000230789185,-0.041299089789390564,0.5097107291221619,0.8219203352928162,-0.05746135860681534,0.5311078429222107,0.8340744972229004,-0.07212352007627487,0.5127328038215637,0.7332756519317627,-0.03779672458767891,0.5230304002761841,0.7127555012702942,-0.05823936685919762,0.5366830229759216,0.7018929123878479,-0.07151390612125397,0.5519031882286072,0.6931105852127075,-0.08082956820726395,0.5406243801116943,0.7188858389854431,-0.03504801541566849,0.5429537892341614,0.7861025929450989,-0.059436701238155365,0.5304401516914368,0.8112901449203491,-0.06450105458498001,0.5232886075973511,0.8120027780532837,-0.0655098408460617,0.5636614561080933,0.7273459434509277,-0.034415196627378464,0.5607255101203918,0.8020339608192444,-0.053570203483104706,0.544060468673706,0.8137134909629822,-0.04888413846492767,0.5345512628555298,0.8052523732185364,-0.04337451606988907,0.5811742544174194,0.7433075308799744,-0.036666691303253174,0.5758247375488281,0.7990158796310425,-0.053811214864254,0.5616198182106018,0.8093612194061279,-0.054536838084459305,0.5521734952926636,0.8025627732276917,-0.05145729333162308
0.5384517312049866,0.7929151654243469,-1.5753613524793764e-08,0.5126798152923584,0.8034104108810425,-0.022821497172117233,0.49775058031082153,0.8057330250740051,-0.041254922747612,0.5097129940986633,0.8211849927902222,-0.05728486552834511,0.5302453637123108,0.8315041661262512,-0.07155153900384903,0.5139555931091309,0.7352699637413025,-0.037741586565971375,0.5223132371902466,0.7140165567398071,-0.05904693156480789,0.5358797907829285,0.7027013897895813,-0.07224439084529877,0.5515540838241577,0.691575288772583,-0.08135002106428146,0.5406793355941772,0.720640242099762,-0.034690819680690765,0.5421428680419922,0.7865014672279358,-0.058835163712501526,0.5293390154838562,0.8114396929740906,-0.06296277046203613,0.523055374622345,0.804959774017334,-0.06353258341550827,0.5630093216896057,0.728234589099884,-0.03393948823213577,0.5611507892608643,0.8007740378379822,-0.05312198027968407,0.545878529548645,0.8134850859642029,-0.048041243106126785,0.538334310054779,0.8024914264678955,-0.042492225766181946,0.5806452631950378,0.7435910701751709,-0.03605876863002777,0.5753918290138245,0.7978574633598328,-0.05300502851605415,0.5626911520957947,0.8090300559997559,-0.053666096180677414,0.5550093650817871,0.8014739751815796,-0.05073143541812897
0.5355210304260254,0.7918589115142822,-1.1957241419224829e-08,0.5097808837890625,0.8019943833351135,-0.02301797643303871,0.49432164430618286,0.803472638130188,-0.041220832616090775,0.5070176720619202,0.8220241665840149,-0.05678514763712883,0.5272108316421509,0.8325307369232178,-0.07075817883014679,0.5105926394462585,0.7353821396827698,-0.0386514738202095,0.519781231880188,0.7150853276252747,-0.058024290949106216,0.5333641171455383,0.7019287347793579,-0.07002390176057816,0.5486142039299011,0.691138744354248,-0.07860877364873886,0.5384482145309448,0.7212837338447571,-0.035446129739284515,0.5390742421150208,0.7910715937614441,-0.058803413063287735,0.5279749035835266,0.8140404224395752,-0.06291009485721588,0.5225338935852051,0.8108807802200317,-0.06358896940946579,0.5614371299743652,0.7291111946105957,-0.03431497886776924,0.5588309168815613,0.8025320172309875,-0.05297701433300972,0.5445379614830017,0.8117719292640686,-0.04770183190703392,0.5366035103797913,0.8005684614181519,-0.0420847050845623,0.5793536305427551,0.7444095611572266,-0.03606235980987549,0.5744929909706116,0.7973825931549072,-0.053617849946022034,0.5625770688056946,0.8072713613510132,-0.05430550500750542,0.5547381639480591,0.7996352910995483,-0.05121738463640213
0.5312923789024353,0.7933154106140137,-2.2971706314933726e-08,0.5075280666351318,0.8010419607162476,-0.021215390413999557,0.4935154914855957,0.8020325899124146,-0.03825223445892334,0.5062769651412964,0.8194305300712585,-0.053021177649497986,0.5257672667503357,0.8297516703605652,-0.06661158800125122,0.5089622735977173,0.7304548025131226,-0.034473441541194916,0.5187848210334778,0.7097451090812683,-0.05271337926387787,0.5315743684768677,0.6969473958015442,-0.06452525407075882,0.5456023216247559,0.6867308020591736,-0.07297808676958084,0.5368140339851379,0.718437910079956,-0.03189069405198097,0.5374995470046997,0.778200089931488,-0.054295193403959274,0.525688648223877,0.8066997528076172,-0.05871531739830971,0.5192716121673584,0.8110970854759216,-0.05928688496351242,0.559605062007904,0.7275035381317139,-0.0312817357480526,0.5553985834121704,0.7976891398429871,-0.04885272681713104,0.539843738079071,0.8133617639541626,-0.04460887238383293,0.5308657884597778,0.8081182241439819,-0.039434634149074554,0.5771867632865906,0.7440073490142822,-0.033307671546936035,0.5693369507789612,0.7961601614952087,-0.0488300547003746,0.5550879836082458,0.8094199895858765,-0.0493023544549942,0.5452709794044495,0.8050839304924011,-0.04627976566553116
0.5336096882820129,0.7863065004348755,-1.3964363887453146e-08,0.5084348917007446,0.7958199977874756,-0.02246803045272827,0.4931207597255707,0.7980888485908508,-0.04039538651704788,0.5047118067741394,0.8161619305610657,-0.055883873254060745,0.5257581472396851,0.8265203833580017,-0.07011710852384567,0.5095519423484802,0.7301827669143677,-0.03799953684210777,0.5187715291976929,0.7093520760536194,-0.05722411721944809,0.5314725637435913,0.6961655020713806,-0.06997784227132797,0.5456715226173401,0.6847567558288574,-0.07953242212533951,0.537380576133728,0.7162445783615112,-0.035182882100343704,0.536246657371521,0.781715989112854,-0.058549121022224426,0.5242359638214111,0.8069397807121277,-0.06408670544624329,0.5182005167007446,0.8078065514564514,-0.06602010875940323,0.5599057078361511,0.7249245643615723,-0.03425849974155426,0.5548508763313293,0.7991239428520203,-0.052728407084941864,0.5404489636421204,0.8108289837837219,-0.04898642376065254,0.532996416091919,0.8016939759254456,-0.04462046921253204,0.577694296836853,0.7417922616004944,-0.036062080413103104,0.5699118375778198,0.7956743240356445,-0.05251402407884598,0.558156430721283,0.8061704635620117,-0.05333150178194046,0.55086749792099,0.7986650466918945,-0.05081609636545181
0.5319401025772095,0.7896943688392639,-1.764978918572524e-08,0.5060620307922363,0.7989620566368103,-0.02253834158182144,0.4916483461856842,0.8003247976303101,-0.04065500572323799,0.5049124360084534,0.8188764452934265,-0.05641573294997215,0.5265440344810486,0.8310731053352356,-0.07056699693202972,0.5102633833885193,0.7314490675926208,-0.03792569786310196,0.5197771191596985,0.7116208672523499,-0.0579557940363884,0.5328525900840759,0.7002525329589844,-0.07047170400619507,0.5474726557731628,0.6901755928993225,-0.07947910577058792,0.5381497144699097,0.7181006073951721,-0.03515905514359474,0.5361447930335999,0.786938488483429,-0.05906796082854271,0.5230454802513123,0.8111829161643982,-0.06340330094099045,0.5170530676841736,0.8074995279312134,-0.06422791630029678,0.5605946779251099,0.7275080680847168,-0.03453173488378525,0.5553287267684937,0.8013268113136292,-0.053596071898937225,0.5402893424034119,0.8115059733390808,-0.04851899296045303,0.5328589677810669,0.8001546263694763,-0.04302963241934776,0.5778530836105347,0.7450692653656006,-0.03674394637346268,0.5707873702049255,0.7991766929626465,-0.05419537425041199,0.5584160685539246,0.80815190076828,-0.055050939321517944,0.551050066947937,0.7993796467781067,-0.05221410095691681
0.5333086848258972,0.788464367389679,-8.739726276019155e-09,0.5073090195655823,0.7991477847099304,-0.02257554978132248,0.49395591020584106,0.8016347885131836,-0.04094541072845459,0.507154107093811,0.8200530409812927,-0.05705777555704117,0.5292409062385559,0.8337031602859497,-0.07190302014350891,0.5110328197479248,0.7321681976318359,-0.038633618503808975,0.5196967720985413,0.7108936309814453,-0.05904356762766838,0.5324628949165344,0.6998133063316345,-0.07220559567213058,0.5471491813659668,0.6891517639160156,-0.08145362138748169,0.5387183427810669,0.7184503674507141,-0.03601841256022453,0.5393639206886292,0.7857694625854492,-0.06053846329450607,0.5266073346138,0.8107327222824097,-0.06606879830360413,0.5195206999778748,0.8100377321243286,-0.06737517565488815,0.5612787008285522,0.7281091213226318,-0.03532355651259422,0.5559670329093933,0.8029095530509949,-0.054435186088085175,0.5406993627548218,0.8145751357078552,-0.0502035915851593,0.5325464010238647,0.8058779239654541,-0.04479498788714409,0.5785022377967834,0.7454336285591125,-0.03738287836313248,0.5700882077217102,0.7994217872619629,-0.05339707434177399,0.5569120049476624,0.8094140291213989,-0.05334167554974556,0.548341691493988,0.8029197454452515,-0.04970097914338112
0.5334630608558655,0.7911452054977417,-8.714452270908168e-09,0.5080516934394836,0.8012697100639343,-0.023454342037439346,0.4941486716270447,0.8036865592002869,-0.04202893748879433,0.5077362060546875,0.8208596706390381,-0.057989392429590225,0.5290413498878479,0.830935537815094,-0.07257653027772903,0.5113276839256287,0.7328338623046875,-0.038110341876745224,0.5211558938026428,0.7102901935577393,-0.0579308420419693,0.5353413224220276,0.6982902884483337,-0.07092903554439545,0.5504311919212341,0.6874074935913086,-0.08052914589643478,0.539132297039032,0.7193365097045898,-0.03508208692073822,0.5396317839622498,0.779986560344696,-0.05941684916615486,0.5266619920730591,0.8079467415809631,-0.06527680903673172,0.5191840529441833,0.8085020780563354,-0.06726684421300888,0.5614829063415527,0.7278627157211304,-0.03407743200659752,0.5575558543205261,0.7975351214408875,-0.05371873825788498,0.5412288904190063,0.8132646679878235,-0.050557274371385574,0.5317438840866089,0.8060579299926758,-0.04641762375831604,0.578437328338623,0.7448514103889465,-0.03580861538648605,0.5712875127792358,0.797179102897644,-0.0530514158308506,0.5562378168106079,0.8106685280799866,-0.05439572036266327,0.5457393527030945,0.8055964708328247,-0.052235282957553864
0.5322920083999634,0.792995035648346,-3.373141410634162e-08,0.5064336657524109,0.8031967282295227,-0.02347368188202381,0.49278581142425537,0.8048449754714966,-0.04196324944496155,0.506984293460846,0.8230589628219604,-0.057739563286304474,0.5287832617759705,0.8332860469818115,-0.07196499407291412,0.5122752785682678,0.7362549304962158,-0.039393771439790726,0.5221765637397766,0.7138264775276184,-0.059522468596696854,0.5362693667411804,0.7024528980255127,-0.07232116162776947,0.5516579747200012,0.6918618083000183,-0.08172760903835297,0.5402197241783142,0.721408486366272,-0.03618349879980087,0.5388755798339844,0.7873371839523315,-0.06020588427782059,0.5255324840545654,0.8143303394317627,-0.06513441354036331,0.5189633369445801,0.8124876022338867,-0.06671831756830215,0.5624472498893738,0.7295243144035339,-0.03501841425895691,0.5577818751335144,0.8027400374412537,-0.05452785640954971,0.5414207577705383,0.8175719380378723,-0.05032097548246384,0.5325841307640076,0.8092784881591797,-0.04565475881099701,0.5794209837913513,0.7465146780014038,-0.036648474633693695,0.5716738700866699,0.8006453514099121,-0.05454364791512489,0.5575831532478333,0.8134353160858154,-0.055788394063711166,0.5483788847923279,0.8073679804801941,-0.05344698950648308
0.5325327515602112,0.7923648357391357,-5.078582887563243e-09,0.5073500871658325,0.8013720512390137,-0.02358512207865715,0.49336904287338257,0.801884651184082,-0.042225319892168045,0.5070958137512207,0.8195236325263977,-0.05811220407485962,0.5284177660942078,0.8303136825561523,-0.07237151265144348,0.5120158195495605,0.7346298098564148,-0.03954385966062546,0.5218798518180847,0.713192343711853,-0.05949052795767784,0.5355579257011414,0.7006049752235413,-0.07202599197626114,0.5508089661598206,0.6896233558654785,-0.08121512085199356,0.5400975942611694,0.7203686833381653,-0.0362771600484848,0.5395694375038147,0.7857668995857239,-0.05971500277519226,0.5264435410499573,0.8114287257194519,-0.06377901136875153,0.5203443765640259,0.8095816969871521,-0.06469384580850601,0.5624311566352844,0.7287773489952087,-0.03512866050004959,0.558512270450592,0.8015623688697815,-0.05363962799310684,0.5421562790870667,0.8133112788200378,-0.048398036509752274,0.5335444211959839,0.8036341667175293,-0.0432385616004467,0.5792016386985779,0.7458990216255188,-0.03696625679731369,0.5730005502700806,0.7994630336761475,-0.054167311638593674,0.5591138601303101,0.8104428052902222,-0.054949961602687836,0.5501880645751953,0.8036893010139465,-0.05239040404558182
0.5342440009117126,0.7937909960746765,-3.404643234006244e-09,0.5094242095947266,0.8032771348953247,-0.022048253566026688,0.49469685554504395,0.8055022954940796,-0.04018481820821762,0.5073890686035156,0.8223665356636047,-0.05598159506917,0.5290685892105103,0.8335381150245667,-0.07057264447212219,0.5105323791503906,0.7366331219673157,-0.03778964653611183,0.5203117728233337,0.7141656279563904,-0.05668313801288605,0.5336819887161255,0.701470673084259,-0.06891722977161407,0.5483313202857971,0.6916985511779785,-0.077670618891716,0.5388780236244202,0.7224951386451721,-0.03493018448352814,0.5405606627464294,0.7859234809875488,-0.05774412676692009,0.5283811688423157,0.8132791519165039,-0.06241300702095032,0.5210822224617004,0.8165829181671143,-0.06326837092638016,0.5620133876800537,0.7305748462677002,-0.03383917734026909,0.5571238994598389,0.8025683164596558,-0.05137387290596962,0.5413960218429565,0.8165491819381714,-0.046834852546453476,0.532024621963501,0.8109651207923889,-0.041694626212120056,0.5793882608413696,0.74665367603302,-0.03549235686659813,0.5712915062904358,0.8000845909118652,-0.051076702773571014,0.5575711727142334,0.8123267889022827,-0.051103390753269196,0.5480510592460632,0.8082239627838135,-0.04773156717419624
0.5331172943115234,0.792146623134613,-1.8106392829508877e-08,0.5077192783355713,0.8020269870758057,-0.02343575656414032,0.4933960437774658,0.803476095199585,-0.042310863733291626,0.5068774223327637,0.8224455118179321,-0.05854188650846481,0.5280332565307617,0.8335348963737488,-0.07339539378881454,0.5118506550788879,0.735729455947876,-0.040011730045080185,0.5221831798553467,0.7139865756034851,-0.05958429351449013,0.5355919003486633,0.7013543248176575,-0.07237593084573746,0.5504851341247559,0.6908338665962219,-0.08203995227813721,0.5401270985603333,0.7212960124015808,-0.03693511337041855,0.5388386249542236,0.7886471748352051,-0.06043225899338722,0.525786280632019,0.8147860765457153,-0.06532212346792221,0.51934415102005,0.8142632842063904,-0.06706597656011581,0.5623599290847778,0.7296882271766663,-0.03578579053282738,0.5571429133415222,0.8024389147758484,-0.054550908505916595,0.5415819883346558,0.8154212236404419,-0.050199929624795914,0.5330430865287781,0.8073645830154419,-0.0457494892179966,0.5793583989143372,0.7466797828674316,-0.037462398409843445,0.5709000825881958,0.8003875613212585,-0.054813649505376816,0.5572154521942139,0.8126094937324524,-0.05570359528064728,0.5482962727546692,0.8068150877952576,-0.05330242961645126
0.5320509076118469,0.7942098379135132,-9.513987819786962e-09,0.5062859654426575,0.8032416105270386,-0.023092828691005707,0.4927653670310974,0.8037951588630676,-0.041500288993120193,0.507356584072113,0.8209930658340454,-0.05721919983625412,0.5278893113136292,0.8312560319900513,-0.07160858809947968,0.5109378099441528,0.734809398651123,-0.038539208471775055,0.520778477191925,0.7123883962631226,-0.05753357708454132,0.5345267653465271,0.7002541422843933,-0.07024121284484863,0.549511730670929,0.68973308801651,-0.07993581891059875,0.5389338135719299,0.7208014726638794,-0.03561689704656601,0.5390723943710327,0.7827153205871582,-0.058688681572675705,0.5268352627754211,0.811062216758728,-0.06405813992023468,0.5203287601470947,0.8144762516021729,-0.06614284217357635,0.5611616373062134,0.7295219302177429,-0.03457724303007126,0.5564922094345093,0.8008353114128113,-0.05271065607666969,0.5400137305259705,0.8164449334144592,-0.049018558114767075,0.5305789113044739,0.8108415007591248,-0.045110106468200684,0.5784003138542175,0.7469598650932312,-0.03635039180517197,0.5702471137046814,0.7998226284980774,-0.05264636129140854,0.5549216270446777,0.8140214085578918,-0.053549837321043015,0.5443156957626343,0.8103266954421997,-0.05144941434264183
0.5323222875595093,0.7910613417625427,-1.6429435589770947e-08,0.507206916809082,0.800753116607666,-0.022828688845038414,0.493998646736145,0.8025522232055664,-0.04138900339603424,0.507778525352478,0.8214701414108276,-0.05747823044657707,0.5283361077308655,0.8341354727745056,-0.07246746867895126,0.5119874477386475,0.7341029047966003,-0.03892158716917038,0.5212135910987854,0.7128841280937195,-0.05800975486636162,0.5340692400932312,0.7001397609710693,-0.0710250586271286,0.5486852526664734,0.689066469669342,-0.0809512510895729,0.5398315191268921,0.7204423546791077,-0.03633670508861542,0.5387211441993713,0.7875123023986816,-0.05941540747880936,0.5254287123680115,0.8138651251792908,-0.06500652432441711,0.5182968378067017,0.8141095638275146,-0.06746204942464828,0.561787486076355,0.7297203540802002,-0.03555424511432648,0.5562126040458679,0.8018032312393188,-0.05417009815573692,0.5391018390655518,0.8175722360610962,-0.05065494403243065,0.5292260646820068,0.8127595782279968,-0.04677647724747658,0.5785765647888184,0.7474182844161987,-0.037506695836782455,0.5695904493331909,0.8004823327064514,-0.054511867463588715,0.5534961819648743,0.8148909211158752,-0.0554441474378109,0.5424454808235168,0.8121799826622009,-0.05317697301506996
0.5333437323570251,0.7905800342559814,-1.5153277743706894e-08,0.5074707865715027,0.801027774810791,-0.02257663384079933,0.4936526417732239,0.8032345175743103,-0.04056870937347412,0.5067406892776489,0.8206545114517212,-0.05610641464591026,0.5289416313171387,0.8327816724777222,-0.07021258771419525,0.5120676755905151,0.732988178730011,-0.037417683750391006,0.5216872692108154,0.7117878198623657,-0.05591481551527977,0.5347781181335449,0.7006351947784424,-0.06844908744096756,0.5496441125869751,0.6898616552352905,-0.07801077514886856,0.5398997664451599,0.7187120318412781,-0.0346062071621418,0.5391189455986023,0.7876927852630615,-0.057166267186403275,0.5265679359436035,0.8116024136543274,-0.06295245885848999,0.5199411511421204,0.8097949028015137,-0.0655040293931961,0.5622260570526123,0.7279520034790039,-0.033620305359363556,0.5562602877616882,0.8022137880325317,-0.051352497190237045,0.5407775044441223,0.8149905800819397,-0.04773584008216858,0.5323479771614075,0.8082951903343201,-0.04372982308268547,0.5792772173881531,0.7454143762588501,-0.035454507917165756,0.5707088112831116,0.7996090054512024,-0.05155230686068535,0.5566255450248718,0.8109595775604248,-0.05251053348183632,0.5470125675201416,0.8062233328819275,-0.05015311390161514
0.5337223410606384,0.7949689626693726,-2.4506022100467817e-08,0.5077954530715942,0.8069196343421936,-0.02293952740728855,0.49319982528686523,0.809623658657074,-0.04107828438282013,0.5061022043228149,0.8258856534957886,-0.0564737543463707,0.5264465808868408,0.834445595741272,-0.07006341964006424,0.5094442367553711,0.741348922252655,-0.04080081731081009,0.5184768438339233,0.717245876789093,-0.06137661263346672,0.5324687361717224,0.7050712704658508,-0.07351326942443848,0.5480750799179077,0.6949983239173889,-0.08191128820180893,0.537488579750061,0.7246201634407043,-0.03721299767494202,0.5390220880508423,0.7940608263015747,-0.06160969287157059,0.5271819233894348,0.8197306394577026,-0.06554562598466873,0.520445704460144,0.8166961073875427,-0.06593094766139984,0.5609973669052124,0.7311496734619141,-0.035554271191358566,0.5578677654266357,0.8056247234344482,-0.05478902906179428,0.5435343980789185,0.8179764151573181,-0.04932183772325516,0.5352920293807983,0.8091170787811279,-0.04344785958528519,0.5788491368293762,0.745913028717041,-0.03668668121099472,0.5726847648620605,0.8007388114929199,-0.054913733154535294,0.5611019134521484,0.8110944628715515,-0.0560055635869503,0.5531217455863953,0.8041585683822632,-0.05297509580850601
0.5335917472839355,0.794645369052887,-1.704166230354076e-08,0.508596658706665,0.8050200939178467,-0.02233150601387024,0.49415063858032227,0.8070144653320312,-0.03994317352771759,0.5062782168388367,0.8252290487289429,-0.05498852953314781,0.5262137651443481,0.836826741695404,-0.06866276264190674,0.5099198818206787,0.7386462688446045,-0.03889154642820358,0.5193406343460083,0.7176147103309631,-0.05889468640089035,0.53264981508255,0.7055449485778809,-0.07141260802745819,0.5475686192512512,0.6957615613937378,-0.08010084927082062,0.5381094217300415,0.724681556224823,-0.035787664353847504,0.5393528938293457,0.7916871309280396,-0.05935245752334595,0.5261614918708801,0.8156130909919739,-0.06362409144639969,0.5185024738311768,0.8139705657958984,-0.06412728875875473,0.5613105297088623,0.7329959869384766,-0.034639544785022736,0.557636559009552,0.8052792549133301,-0.053709726780653,0.5424259305000305,0.8158934712409973,-0.04885927960276604,0.5337942838668823,0.8067489266395569,-0.04309849813580513,0.5787426233291626,0.7488787174224854,-0.0361713282763958,0.5715543627738953,0.8015893697738647,-0.05432659015059471,0.5588890314102173,0.8115972280502319,-0.05526573583483696,0.5503911375999451,0.8047019243240356,-0.05197400599718094
0.5349000096321106,0.7907555103302002,-1.3188751424308975e-08,0.5112113356590271,0.8005702495574951,-0.021043920889496803,0.4955931603908539,0.8036290407180786,-0.03786163032054901,0.5073671340942383,0.8246762156486511,-0.0524875670671463,0.5279018878936768,0.8383835554122925,-0.06600356101989746,0.5113847851753235,0.736125648021698,-0.03567330911755562,0.5218110680580139,0.7187066078186035,-0.05379597470164299,0.5340327024459839,0.7070331573486328,-0.06525546312332153,0.547501802444458,0.6977731585502625,-0.07335430383682251,0.5397655963897705,0.7243444919586182,-0.033233918249607086,0.5390428304672241,0.7911933660507202,-0.05563349649310112,0.5271780490875244,0.8144023418426514,-0.06009545549750328,0.5211958885192871,0.8142770528793335,-0.06068919226527214,0.5632010102272034,0.7336835861206055,-0.03264584019780159,0.5585104823112488,0.8066202402114868,-0.049719952046871185,0.5446084141731262,0.8152076005935669,-0.0451500304043293,0.5371137857437134,0.804366946220398,-0.039872121065855026,0.5807233452796936,0.7498877048492432,-0.03476010262966156,0.5734488368034363,0.8023252487182617,-0.050442952662706375,0.5619685649871826,0.8103847503662109,-0.050720326602458954,0.5550218820571899,0.801586389541626,-0.04740873724222183
0.5367724895477295,0.7952516674995422,-2.4934063702630738e-08,0.5119265913963318,0.8052799701690674,-0.02146453596651554,0.49629202485084534,0.8071979284286499,-0.0385909378528595,0.5070499181747437,0.8258517980575562,-0.05346331000328064,0.527543306350708,0.8388828635215759,-0.06703946739435196,0.5109716653823853,0.7399972677230835,-0.03671467676758766,0.5199483633041382,0.7192227244377136,-0.05571210756897926,0.5333835482597351,0.7082246541976929,-0.06814693659543991,0.5483879446983337,0.6982858180999756,-0.07705049961805344,0.5387930870056152,0.7262426018714905,-0.03411046415567398,0.5392885208129883,0.7940072417259216,-0.05756409466266632,0.5277786254882812,0.8183853030204773,-0.06316676735877991,0.5207790732383728,0.8178032636642456,-0.06483020633459091,0.562204897403717,0.7341991066932678,-0.03330603614449501,0.5582457780838013,0.8071432113647461,-0.05156669020652771,0.543992817401886,0.8194668292999268,-0.04816729947924614,0.5354212522506714,0.811898946762085,-0.04372260347008705,0.5804394483566284,0.7492392659187317,-0.035152897238731384,0.573499321937561,0.8023731708526611,-0.05151667818427086,0.5607354640960693,0.813729465007782,-0.05252302065491676,0.5516847968101501,0.8084900379180908,-0.04979528859257698
0.535878598690033,0.7921333909034729,-1.4996594188687595e-08,0.5117459297180176,0.8028508424758911,-0.020848141983151436,0.495983362197876,0.8066692352294922,-0.038410745561122894,0.507590651512146,0.8279558420181274,-0.05404096469283104,0.5288589000701904,0.841091513633728,-0.06852874904870987,0.5111491084098816,0.7387778162956238,-0.03764874488115311,0.5204620957374573,0.7186373472213745,-0.05731885880231857,0.5336003303527832,0.7086654901504517,-0.06953614205121994,0.5476540923118591,0.7000951170921326,-0.07781035453081131,0.5388182401657104,0.725639820098877,-0.03577743098139763,0.5391891002655029,0.7943395376205444,-0.06049059331417084,0.5293938517570496,0.8211761713027954,-0.06562626361846924,0.523005485534668,0.8246657252311707,-0.06599168479442596,0.562077522277832,0.7337986826896667,-0.03560265526175499,0.557860791683197,0.8071562647819519,-0.05420974642038345,0.5448487997055054,0.8187963366508484,-0.049021560698747635,0.536220908164978,0.8108890652656555,-0.04263561964035034,0.5797094106674194,0.7489107847213745,-0.03809019550681114,0.572791576385498,0.8031610250473022,-0.05404356122016907,0.5615240931510925,0.8143056035041809,-0.05323275551199913,0.5535279512405396,0.8085918426513672,-0.04854600876569748
0.5352335572242737,0.7899351716041565,6.670685670506771e-10,0.5090506076812744,0.8008331656455994,-0.023507142439484596,0.49455657601356506,0.8045310378074646,-0.042110566049814224,0.5069940686225891,0.8249014616012573,-0.058045364916324615,0.5288094282150269,0.8403644561767578,-0.07246789336204529,0.5116336941719055,0.736615002155304,-0.03990762680768967,0.5204431414604187,0.7182471752166748,-0.05967709794640541,0.5332565307617188,0.7080897092819214,-0.0722610130906105,0.5482727289199829,0.6982119679450989,-0.08121120929718018,0.5396302938461304,0.7239124774932861,-0.036843039095401764,0.5385335683822632,0.7941604256629944,-0.06167580932378769,0.5272738933563232,0.8169010281562805,-0.06730238348245621,0.5216152667999268,0.8158669471740723,-0.06848634034395218,0.5622696280479431,0.7330713868141174,-0.03564825654029846,0.5563423037528992,0.8059109449386597,-0.05448434129357338,0.542820155620575,0.8130834698677063,-0.05008993297815323,0.5360798239707947,0.801715075969696,-0.04466724768280983,0.5791381001472473,0.7489339709281921,-0.037399325519800186,0.5718116760253906,0.8016546368598938,-0.05382228270173073,0.5600675940513611,0.8095954060554504,-0.0542016364634037,0.5530295968055725,0.8018045425415039,-0.050779182463884354
0.5359845161437988,0.7940443754196167,1.852808573232778e-08,0.5115542411804199,0.804377019405365,-0.02399113029241562,0.4970433712005615,0.8084082007408142,-0.043252553790807724,0.5092193484306335,0.8259367942810059,-0.0597783699631691,0.5300161838531494,0.837324857711792,-0.07515294849872589,0.5111395120620728,0.7398459315299988,-0.04042093828320503,0.5204749703407288,0.7174842357635498,-0.061333127319812775,0.5348433256149292,0.7063455581665039,-0.07582879811525345,0.5502411127090454,0.6961044073104858,-0.08619526773691177,0.5383361577987671,0.7266287207603455,-0.03725333884358406,0.5423349738121033,0.7848492860794067,-0.06360405683517456,0.533174455165863,0.8136107325553894,-0.071554034948349,0.5259683728218079,0.8189420700073242,-0.07436057180166245,0.5612913966178894,0.7334112524986267,-0.0357971116900444,0.5593737363815308,0.7994660139083862,-0.055743079632520676,0.5467591881752014,0.8160092830657959,-0.05323414504528046,0.5376111268997192,0.8114138245582581,-0.04913077875971794,0.5787913203239441,0.7477032542228699,-0.03711269050836563,0.5730363726615906,0.797679603099823,-0.053220659494400024,0.5615554451942444,0.810984194278717,-0.05375523120164871,0.5524877309799194,0.8069067001342773,-0.050849854946136475
0.5371285080909729,0.8007795214653015,-7.2702452946771245e-09,0.5134472846984863,0.8098519444465637,-0.021764937788248062,0.4990236759185791,0.8111663460731506,-0.03957587480545044,0.5104536414146423,0.8271756172180176,-0.05520077049732208,0.5299734473228455,0.8390485048294067,-0.06980124115943909,0.513881504535675,0.7392643094062805,-0.035556815564632416,0.5242319107055664,0.7189809083938599,-0.053956445306539536,0.537668764591217,0.7092962265014648,-0.06694506853818893,0.5525129437446594,0.6998414397239685,-0.07647237181663513,0.5406647324562073,0.7280247807502747,-0.033115338534116745,0.541393518447876,0.7914711236953735,-0.056460075080394745,0.5317630171775818,0.8197860717773438,-0.06344357877969742,0.526332676410675,0.8239753246307373,-0.06622906029224396,0.5627124905586243,0.7357373237609863,-0.032356295734643936,0.5600340962409973,0.8020436763763428,-0.050572846084833145,0.5478114485740662,0.8190057873725891,-0.048234473913908005,0.5404363870620728,0.8159182667732239,-0.04468008130788803,0.5800455212593079,0.7500423192977905,-0.03420581296086311,0.5742133855819702,0.7999662160873413,-0.049215398728847504,0.5629575252532959,0.8157743811607361,-0.04955802485346794,0.5551161170005798,0.8141738772392273,-0.046689748764038086
0.536406934261322,0.7919573187828064,-2.0223966501475843e-08,0.5115576386451721,0.8020894527435303,-0.020411718636751175,0.49671444296836853,0.8050013780593872,-0.03731799125671387,0.508866012096405,0.8257935047149658,-0.052555233240127563,0.5309551358222961,0.8410374522209167,-0.06722626090049744,0.5141650438308716,0.7358390092849731,-0.0340997576713562,0.5244076251983643,0.7177445888519287,-0.05169788748025894,0.5372203588485718,0.7096582651138306,-0.06370879709720612,0.551136314868927,0.7025694847106934,-0.07236497104167938,0.5410773754119873,0.724983274936676,-0.03267006576061249,0.5424530506134033,0.7886168956756592,-0.0563218928873539,0.532902717590332,0.8176624774932861,-0.06384482979774475,0.5266637802124023,0.8251939415931702,-0.06650333106517792,0.5631803274154663,0.733619213104248,-0.03278869390487671,0.5595150589942932,0.7991750240325928,-0.05138622596859932,0.5480385422706604,0.815798282623291,-0.05027284100651741,0.5404462814331055,0.8140734434127808,-0.04698474705219269,0.5800381302833557,0.7485753893852234,-0.03528580442070961,0.5745471119880676,0.7965815663337708,-0.049999676644802094,0.5646028518676758,0.8112982511520386,-0.05041882395744324,0.5571236610412598,0.8111052513122559,-0.047477468848228455
0.5365378856658936,0.7953707575798035,-2.644251395622632e-08,0.5110311508178711,0.8050724267959595,-0.021739374846220016,0.49620985984802246,0.8067933320999146,-0.03920457512140274,0.508147120475769,0.827197253704071,-0.054561395198106766,0.5305279493331909,0.841729998588562,-0.0690884217619896,0.5136339664459229,0.7382797002792358,-0.03683954477310181,0.5230321288108826,0.7188277244567871,-0.05546078458428383,0.5370025634765625,0.7098178267478943,-0.06792131811380386,0.5524070858955383,0.7004057168960571,-0.07689487189054489,0.5413848161697388,0.7265927791595459,-0.03460566699504852,0.5408458709716797,0.7933911085128784,-0.0589350089430809,0.5305761098861694,0.8226532340049744,-0.06571958214044571,0.5237762928009033,0.8270090818405151,-0.0680321455001831,0.5639705657958984,0.7350110411643982,-0.034030258655548096,0.5587114691734314,0.8036432862281799,-0.053467415273189545,0.545386016368866,0.8223794102668762,-0.051252108067274094,0.5364816188812256,0.8208614587783813,-0.047231245785951614,0.5809375047683716,0.7499635219573975,-0.03598795086145401,0.5732690691947937,0.8006805777549744,-0.0520983561873436,0.5603657960891724,0.8176408410072327,-0.05272065848112106,0.5503770112991333,0.8187158107757568,-0.04969247058033943
0.5357892513275146,0.7966703176498413,-1.542335148485563e-08,0.5112187266349792,0.8060702681541443,-0.021980764344334602,0.49749380350112915,0.8090113997459412,-0.03969746455550194,0.5103050470352173,0.8291193246841431,-0.055162083357572556,0.5301240682601929,0.8418540358543396,-0.06983029842376709,0.5125086307525635,0.7381439805030823,-0.03634233772754669,0.5223606824874878,0.7191748023033142,-0.0544755756855011,0.535734236240387,0.7082513570785522,-0.06689193844795227,0.5505141019821167,0.6986904144287109,-0.0759250670671463,0.540687084197998,0.7260876297950745,-0.03392474353313446,0.543364405632019,0.7905129194259644,-0.058505814522504807,0.5333831310272217,0.8199987411499023,-0.06605001538991928,0.5261013507843018,0.8275384306907654,-0.06845497339963913,0.5638588070869446,0.734032928943634,-0.03306671231985092,0.5599875450134277,0.8028756380081177,-0.052524033933877945,0.5461835861206055,0.8211461901664734,-0.051058247685432434,0.5365879535675049,0.8192580938339233,-0.047339536249637604,0.5812754034996033,0.7488953471183777,-0.034685902297496796,0.5741979479789734,0.8003570437431335,-0.05102108418941498,0.5610390901565552,0.8162165284156799,-0.05217467248439789,0.550887942314148,0.8158867955207825,-0.049435727298259735
0.5327510237693787,0.7955394387245178,-1.2537589633154766e-08,0.50697922706604,0.804951548576355,-0.023448914289474487,0.4931262135505676,0.8060438632965088,-0.04220983013510704,0.5074098706245422,0.8253425359725952,-0.05845826119184494,0.5287675857543945,0.8384209275245667,-0.07333498448133469,0.5130624175071716,0.7364526987075806,-0.03845422714948654,0.5233414769172668,0.7175712585449219,-0.05712360143661499,0.5368388891220093,0.7071061134338379,-0.06949983537197113,0.5520002245903015,0.6973608732223511,-0.0788940042257309,0.5412337779998779,0.7239342927932739,-0.0355331152677536,0.5391515493392944,0.7946791052818298,-0.059308964759111404,0.5267945528030396,0.8215513825416565,-0.06490051001310349,0.5207566022872925,0.8222107887268066,-0.06684845685958862,0.5632516741752625,0.7332673668861389,-0.03456198424100876,0.5575466156005859,0.8063860535621643,-0.05321715027093887,0.5428426861763,0.8184120059013367,-0.049621663987636566,0.5350311398506165,0.8098375797271729,-0.045522790402173996,0.5801904797554016,0.7503251433372498,-0.036452390253543854,0.5721517205238342,0.8039247393608093,-0.05257726460695267,0.558706521987915,0.8165889382362366,-0.05317176878452301,0.5500817894935608,0.8115350008010864,-0.050610098987817764
0.5371779799461365,0.7937493324279785,-1.2107237878922206e-08,0.5128970742225647,0.8049167394638062,-0.020662546157836914,0.497963547706604,0.8087866902351379,-0.03758424520492554,0.5084792971611023,0.826857328414917,-0.05254781246185303,0.5292207598686218,0.8389362096786499,-0.06661279499530792,0.5117378234863281,0.7398195862770081,-0.03474978730082512,0.5207227468490601,0.7180178165435791,-0.052672889083623886,0.5342342853546143,0.7069873809814453,-0.06511100381612778,0.5491775274276733,0.6974501609802246,-0.0743519589304924,0.5388723611831665,0.7260887622833252,-0.032729241997003555,0.5410882830619812,0.7884229421615601,-0.05572953075170517,0.5320892333984375,0.8166185021400452,-0.0626136064529419,0.526301920413971,0.8222876787185669,-0.06534848362207413,0.5615890622138977,0.7331791520118713,-0.0323043018579483,0.5593993067741394,0.799896776676178,-0.050680916756391525,0.5472016334533691,0.8173174858093262,-0.04896337538957596,0.5393463969230652,0.8155085444450378,-0.04568888247013092,0.5795512199401855,0.7478185892105103,-0.034281760454177856,0.574069082736969,0.7979870438575745,-0.04991086944937706,0.5626133680343628,0.8129802942276001,-0.05107862874865532,0.5541967153549194,0.8122159838676453,-0.048784930258989334
0.5372331142425537,0.79294353723526,-9.274867096564776e-09,0.5115520358085632,0.8038859367370605,-0.021247217431664467,0.4965907335281372,0.8072152137756348,-0.03841724246740341,0.5080749988555908,0.8260205388069153,-0.053697481751441956,0.5287599563598633,0.840032160282135,-0.06797844171524048,0.5125641226768494,0.7393106818199158,-0.0347888357937336,0.5224139094352722,0.7169926166534424,-0.05283838510513306,0.5359618663787842,0.7075189352035522,-0.06535036861896515,0.5508991479873657,0.7004355192184448,-0.07445541769266129,0.5397048592567444,0.7269243597984314,-0.032695554196834564,0.541137158870697,0.7914451956748962,-0.05696668103337288,0.5317115187644958,0.8193647861480713,-0.06474052369594574,0.5256776809692383,0.8259902000427246,-0.0674748346209526,0.5622195601463318,0.7342095375061035,-0.03222270309925079,0.5598642826080322,0.8009876608848572,-0.0515347458422184,0.5485199689865112,0.8167425394058228,-0.050066787749528885,0.5413125157356262,0.8146042823791504,-0.046293552964925766,0.5797815918922424,0.7480294108390808,-0.03421884402632713,0.5747957825660706,0.797722578048706,-0.05026841163635254,0.5647309422492981,0.8109369277954102,-0.05127839371562004,0.5574689507484436,0.8088435530662537,-0.04837276414036751
0.5382004976272583,0.7927446365356445,-1.6169591887660317e-08,0.5114992260932922,0.8043511509895325,-0.02075740322470665,0.49640005826950073,0.8074455261230469,-0.03795705735683441,0.5073400735855103,0.8247351050376892,-0.05314048379659653,0.5285190343856812,0.8374828100204468,-0.06702428311109543,0.5119195580482483,0.7394624352455139,-0.03525889664888382,0.5204566121101379,0.7167653441429138,-0.05346422642469406,0.5340220332145691,0.7068236470222473,-0.06566836684942245,0.5493966937065125,0.696906328201294,-0.07483937591314316,0.5384791493415833,0.7253310084342957,-0.033185139298439026,0.5384669303894043,0.7921633124351501,-0.056065987795591354,0.5297113060951233,0.818213701248169,-0.06242671236395836,0.5251339077949524,0.8188914060592651,-0.06523679196834564,0.5608312487602234,0.732124388217926,-0.03278467431664467,0.5575570464134216,0.8021940588951111,-0.05073712766170502,0.5455414056777954,0.8185514807701111,-0.04787621274590492,0.5386894345283508,0.8148928284645081,-0.044184356927871704,0.5792087316513062,0.7460441589355469,-0.03496535122394562,0.573734700679779,0.7978286743164062,-0.050069961696863174,0.5634579658508301,0.8120595812797546,-0.050731487572193146,0.5564894080162048,0.8095252513885498,-0.048243362456560135
0.5344975590705872,0.7891994714736938,-1.3207995586128618e-08,0.5092824697494507,0.7993645071983337,-0.023012492805719376,0.4947861135005951,0.8028127551078796,-0.041318442672491074,0.5069881081581116,0.823840320110321,-0.057137876749038696,0.5296057462692261,0.83869469165802,-0.07173026353120804,0.5128065347671509,0.7339077591896057,-0.03791137784719467,0.5205195546150208,0.7140709161758423,-0.05709860846400261,0.5338982939720154,0.7044231295585632,-0.07010705769062042,0.5494170188903809,0.6948993802070618,-0.0797133669257164,0.5408322215080261,0.7223462462425232,-0.03525242209434509,0.5391205549240112,0.7896472215652466,-0.06015931814908981,0.5285341739654541,0.8162716627120972,-0.06740166991949081,0.5223531723022461,0.8191764950752258,-0.07009341567754745,0.5629290342330933,0.7321754097938538,-0.03436063230037689,0.5562016367912292,0.8025565147399902,-0.054113876074552536,0.5419209003448486,0.8174676299095154,-0.05210772156715393,0.5333635210990906,0.81251060962677,-0.04836280643939972,0.5796363949775696,0.7491223812103271,-0.03611958771944046,0.5710709095001221,0.8007394075393677,-0.05272853001952171,0.5572838187217712,0.8143870830535889,-0.0538196824491024,0.5475277900695801,0.8117448687553406,-0.05123687908053398
0.5364030003547668,0.7932561039924622,-1.5202878955733468e-08,0.5127755403518677,0.8055212497711182,-0.021961145102977753,0.4962843358516693,0.8105252981185913,-0.03978677839040756,0.5073791742324829,0.8321429491043091,-0.055358804762363434,0.5302138924598694,0.8464065194129944,-0.06991434097290039,0.5113451480865479,0.7421231865882874,-0.03791629895567894,0.5209399461746216,0.7208513021469116,-0.05686461925506592,0.5340253114700317,0.711142361164093,-0.06949111819267273,0.5480506420135498,0.7045047283172607,-0.07844569534063339,0.5389231443405151,0.7275261282920837,-0.03545880317687988,0.5412569642066956,0.7928405404090881,-0.060576990246772766,0.5323497653007507,0.8228985667228699,-0.0677923858165741,0.5261564254760742,0.831721842288971,-0.06981038302183151,0.5621851682662964,0.7340094447135925,-0.03451961651444435,0.5596294403076172,0.8040427565574646,-0.05405951291322708,0.5464906692504883,0.8213273286819458,-0.05173791944980621,0.5372986197471619,0.8198060989379883,-0.04732492193579674,0.5800045132637024,0.7479537725448608,-0.03611006215214729,0.5750115513801575,0.8000674843788147,-0.05284762382507324,0.5631282329559326,0.8150365352630615,-0.05355525016784668,0.5540137887001038,0.8143901824951172,-0.05027241259813309
0.5390010476112366,0.7994101047515869,-2.910544338874388e-08,0.515163004398346,0.8106279373168945,-0.022711897268891335,0.49886763095855713,0.814182460308075,-0.04058210924267769,0.5096533894538879,0.8348543047904968,-0.05599653720855713,0.5303807258605957,0.8503392934799194,-0.07047414034605026,0.5136604905128479,0.7437140345573425,-0.0370342954993248,0.5235660076141357,0.7266455292701721,-0.05617653578519821,0.5365073680877686,0.7176613211631775,-0.06986317783594131,0.5509064793586731,0.7111189961433411,-0.07982004433870316,0.5416896343231201,0.7301462888717651,-0.03443126752972603,0.5422818064689636,0.7957512736320496,-0.05949114263057709,0.5318663120269775,0.8233888149261475,-0.06790219992399216,0.5249295830726624,0.8306557536125183,-0.07121037691831589,0.5648021697998047,0.7367182374000549,-0.033505648374557495,0.5621992945671082,0.8059262037277222,-0.05382167920470238,0.5490186214447021,0.8230432868003845,-0.053631044924259186,0.5403839349746704,0.821256697177887,-0.05087814852595329,0.5831337571144104,0.7509084939956665,-0.03511936217546463,0.5781596302986145,0.8027204275131226,-0.052807923406362534,0.5660727620124817,0.8178043365478516,-0.05542159080505371,0.5572829842567444,0.8161938190460205,-0.05381503328680992
0.5390331149101257,0.7941499352455139,-3.698329820167601e-08,0.5160816311836243,0.8041396737098694,-0.01916530542075634,0.49909454584121704,0.8075599670410156,-0.035541798919439316,0.5085349082946777,0.8293248414993286,-0.05049711465835571,0.530478298664093,0.8458588123321533,-0.06476955115795135,0.5171501636505127,0.741133987903595,-0.0339912511408329,0.523789644241333,0.7224223613739014,-0.05252787470817566,0.5358665585517883,0.7127018570899963,-0.06519345194101334,0.5500972867012024,0.7047443389892578,-0.07406247407197952,0.5436180830001831,0.7288792729377747,-0.032787125557661057,0.5420497059822083,0.7963610887527466,-0.05584646388888359,0.5311347842216492,0.8232384324073792,-0.062072478234767914,0.5254700779914856,0.8277639150619507,-0.06386551260948181,0.5657971501350403,0.7374042272567749,-0.0331830158829689,0.56076979637146,0.8069705963134766,-0.0511685274541378,0.5474328398704529,0.8195545673370361,-0.048470038920640945,0.5400577187538147,0.8142422437667847,-0.04410343989729881,0.5831347703933716,0.7524906396865845,-0.035977158695459366,0.576028048992157,0.8028477430343628,-0.051222946494817734,0.5635939240455627,0.8144229054450989,-0.051520057022571564,0.5554894804954529,0.8110971450805664,-0.04819260165095329
0.5376145243644714,0.7931224703788757,-3.420663219344533e-08,0.5135065913200378,0.804459273815155,-0.020282506942749023,0.49650445580482483,0.8074120879173279,-0.03698728233575821,0.5067654252052307,0.8294737339019775,-0.052203066647052765,0.5297847986221313,0.8459517359733582,-0.0668485015630722,0.5138562321662903,0.7385321855545044,-0.03434827923774719,0.5212275981903076,0.7186750769615173,-0.05307880416512489,0.5343258380889893,0.7106225490570068,-0.06516898423433304,0.5484666228294373,0.7041812539100647,-0.07318281382322311,0.5405551791191101,0.7264832258224487,-0.03292945399880409,0.5399850606918335,0.7914727926254272,-0.0577080100774765,0.5312069058418274,0.8235066533088684,-0.06431912630796432,0.5248094797134399,0.8339446187019348,-0.0652410238981247,0.562930703163147,0.7341287732124329,-0.033214010298252106,0.5590844750404358,0.8011308908462524,-0.053333792835474014,0.5483888387680054,0.8200945258140564,-0.051373787224292755,0.5409579277038574,0.8205124735832214,-0.04622384160757065,0.5806567668914795,0.7485620975494385,-0.035791072994470596,0.5753705501556396,0.7956445217132568,-0.05178062990307808,0.5653707981109619,0.8131985664367676,-0.05159864202141762,0.5577736496925354,0.8160034418106079,-0.04717564955353737
0.5370148420333862,0.7950614094734192,-1.1610744365952996e-08,0.5144641995429993,0.8045737147331238,-0.019448408856987953,0.49726781249046326,0.8065439462661743,-0.035731591284275055,0.5059711933135986,0.8263212442398071,-0.05035605654120445,0.5270472764968872,0.842143714427948,-0.06431399285793304,0.5115711092948914,0.7413554787635803,-0.03464817628264427,0.518214225769043,0.7206702828407288,-0.052945327013731,0.5303851962089539,0.7097069621086121,-0.06549232453107834,0.5445346832275391,0.7003195881843567,-0.07447002828121185,0.5387377142906189,0.72780442237854,-0.033502522855997086,0.5407399535179138,0.7922224402427673,-0.05656096711754799,0.5334933996200562,0.8179237246513367,-0.06327715516090393,0.5289511680603027,0.8220095038414001,-0.06564401835203171,0.562106192111969,0.735157310962677,-0.033894140273332596,0.5596559047698975,0.8034812211990356,-0.051892124116420746,0.5474566221237183,0.8185659646987915,-0.04995586350560188,0.538999617099762,0.8157162070274353,-0.04637506604194641,0.5802716612815857,0.74956214427948,-0.03668111562728882,0.5747251510620117,0.7994504570960999,-0.052167270332574844,0.5634928345680237,0.8126164674758911,-0.05309402570128441,0.5548793077468872,0.8109100461006165,-0.05051640793681145
0.5375877618789673,0.7956127524375916,-3.618087873746845e-08,0.5145982503890991,0.8053833246231079,-0.019815580919384956,0.4978220462799072,0.8074796199798584,-0.03602967783808708,0.5069600343704224,0.8269767761230469,-0.0504424087703228,0.5276637673377991,0.8423791527748108,-0.06422801315784454,0.5123926997184753,0.7392682433128357,-0.03333144262433052,0.5198603272438049,0.7206181287765503,-0.051231615245342255,0.532351016998291,0.7099854946136475,-0.06365582346916199,0.5464071035385132,0.7006039023399353,-0.07262036204338074,0.5391843914985657,0.7265723943710327,-0.03173487260937691,0.5400242805480957,0.7879086136817932,-0.05539471283555031,0.5310598611831665,0.818282425403595,-0.062387555837631226,0.5253697633743286,0.8266445398330688,-0.06453065574169159,0.5619233846664429,0.7336925864219666,-0.031720440834760666,0.5600820183753967,0.7980959415435791,-0.05114729329943657,0.5489267110824585,0.8167190551757812,-0.05030672997236252,0.5413986444473267,0.8161258101463318,-0.04689005762338638,0.57997727394104,0.7478176355361938,-0.03388036787509918,0.5758541226387024,0.7948092818260193,-0.04988138750195503,0.5654863119125366,0.8103026151657104,-0.051205240190029144,0.5575059652328491,0.8101407885551453,-0.04877684637904167
0.5393837094306946,0.7922492623329163,-4.3547728978410305e-08,0.5161410570144653,0.8025370240211487,-0.019067324697971344,0.49755433201789856,0.8054177165031433,-0.035466548055410385,0.5062919855117798,0.8260741233825684,-0.05059928447008133,0.5286754369735718,0.841219425201416,-0.06509610265493393,0.5129491090774536,0.737822949886322,-0.03372418135404587,0.519856333732605,0.7194522619247437,-0.05299501121044159,0.5314602255821228,0.7100630402565002,-0.06592682003974915,0.5443682670593262,0.7012497782707214,-0.07472758740186691,0.5397438406944275,0.7253925204277039,-0.03286289796233177,0.5391415357589722,0.7935682535171509,-0.05598423257470131,0.5286443829536438,0.8206191658973694,-0.06162349507212639,0.5225131511688232,0.8232079744338989,-0.06294544041156769,0.562360942363739,0.734184980392456,-0.03381408378481865,0.5593717694282532,0.8032740950584412,-0.05271638184785843,0.5468272566795349,0.8155893087387085,-0.05005747079849243,0.5388559699058533,0.808711588382721,-0.04546879604458809,0.5800787210464478,0.7496728301048279,-0.03704303130507469,0.5744909048080444,0.7984271049499512,-0.05266965180635452,0.5630040764808655,0.8110587000846863,-0.05259580910205841,0.5548416376113892,0.808454692363739,-0.04895852878689766
0.5371825695037842,0.7964735627174377,-3.250235636187426e-08,0.5136642456054688,0.8066661953926086,-0.02013208158314228,0.4966212511062622,0.8091692328453064,-0.037078287452459335,0.5059036612510681,0.8286712169647217,-0.052200838923454285,0.5282483100891113,0.8436909317970276,-0.06656788289546967,0.511273980140686,0.7423483729362488,-0.03553559258580208,0.5180210471153259,0.7220512628555298,-0.05427733063697815,0.530518651008606,0.7109442949295044,-0.06757794320583344,0.544966459274292,0.7011501789093018,-0.07732214778661728,0.5385085940361023,0.7276373505592346,-0.03399825468659401,0.5393831729888916,0.7940590977668762,-0.05778641253709793,0.5296115279197693,0.823034942150116,-0.06482555717229843,0.5235179662704468,0.8293637037277222,-0.06747836619615555,0.5617486834526062,0.7345830798149109,-0.03395563364028931,0.5590139627456665,0.8049758672714233,-0.052840739488601685,0.5451979041099548,0.8227851986885071,-0.05073842778801918,0.5358921885490417,0.822108268737793,-0.046929579228162766,0.5800656080245972,0.7491403818130493,-0.036334022879600525,0.5749343037605286,0.8000242710113525,-0.052572671324014664,0.562479555606842,0.8150078654289246,-0.05343708395957947,0.5527436137199402,0.8147450089454651,-0.050688061863183975
0.538772463798523,0.796574056148529,-5.161906457828991e-08,0.5152041912078857,0.8071346879005432,-0.01913534291088581,0.49622204899787903,0.8103274703025818,-0.03583191707730293,0.5051512122154236,0.8303200006484985,-0.05114513635635376,0.5286195874214172,0.8450697660446167,-0.06552375108003616,0.5112747550010681,0.742745041847229,-0.03449804708361626,0.5173686742782593,0.7222251296043396,-0.05394210293889046,0.5298071503639221,0.7125779390335083,-0.06670281291007996,0.5434620380401611,0.7037012577056885,-0.07551014423370361,0.5379862189292908,0.7278183102607727,-0.033624157309532166,0.5382987856864929,0.7953795194625854,-0.05683876574039459,0.5280088782310486,0.8241050243377686,-0.06191197782754898,0.5217637419700623,0.8279901742935181,-0.06284366548061371,0.5610225200653076,0.7352216243743896,-0.03456839919090271,0.558402419090271,0.8078096508979797,-0.05273804813623428,0.5449954867362976,0.8227689266204834,-0.048930954188108444,0.5366742610931396,0.8176003098487854,-0.043755728751420975,0.5795650482177734,0.7501612305641174,-0.037978146225214005,0.5736143589019775,0.8027721047401428,-0.05314260721206665,0.5616462826728821,0.8164072036743164,-0.05283455550670624,0.5532830953598022,0.8136325478553772,-0.049088023602962494
0.5381699204444885,0.793788492679596,-3.7096707927730677e-08,0.5155250430107117,0.8037306666374207,-0.01869555190205574,0.49690496921539307,0.8068609833717346,-0.03497530519962311,0.5049450993537903,0.8282440900802612,-0.04994097724556923,0.527874231338501,0.8452452421188354,-0.06428986042737961,0.5111398696899414,0.7398204803466797,-0.03305300325155258,0.5181923508644104,0.7211878895759583,-0.05181465670466423,0.5300239324569702,0.7119648456573486,-0.06462449580430984,0.543355405330658,0.7038647532463074,-0.07357337325811386,0.5377082824707031,0.7260850667953491,-0.03237469494342804,0.538451611995697,0.791487455368042,-0.05547502636909485,0.5286431312561035,0.8203381299972534,-0.061706364154815674,0.5226278901100159,0.8260242342948914,-0.0634312555193901,0.5607368350028992,0.7338480949401855,-0.03333808109164238,0.5579476356506348,0.8051986694335938,-0.051950644701719284,0.5443812608718872,0.8229383230209351,-0.0496089905500412,0.535476803779602,0.8209747076034546,-0.04518842324614525,0.5792589783668518,0.7487082481384277,-0.03658538684248924,0.5729341506958008,0.8005370497703552,-0.051837533712387085,0.5604353547096252,0.8159908652305603,-0.05192272737622261,0.5511395335197449,0.8156279921531677,-0.048475801944732666
0.5377233624458313,0.8014137744903564,-1.4367450340557752e-08,0.515407383441925,0.8110138177871704,-0.018176302313804626,0.4975453317165375,0.8131899237632751,-0.033236514776945114,0.5061381459236145,0.831129789352417,-0.046687010675668716,0.5279140472412109,0.8451259136199951,-0.05936805531382561,0.5110623836517334,0.7432565689086914,-0.030726725235581398,0.5166923403739929,0.7233946919441223,-0.04795341193675995,0.5295040011405945,0.7132121324539185,-0.06003431975841522,0.5441350340843201,0.7048280239105225,-0.06884496659040451,0.5372538566589355,0.7291390299797058,-0.029882263392210007,0.5402835607528687,0.7842217683792114,-0.05119248852133751,0.535287618637085,0.8098864555358887,-0.05789012834429741,0.5318937301635742,0.8152268528938293,-0.06053416058421135,0.560508668422699,0.7354038953781128,-0.03059105947613716,0.5595054626464844,0.7998167872428894,-0.047417495399713516,0.5482552647590637,0.8203060030937195,-0.04582328721880913,0.5401968359947205,0.8216206431388855,-0.042580265551805496,0.5794156789779663,0.7494024038314819,-0.033651113510131836,0.5755881667137146,0.7978147864341736,-0.0486772283911705,0.5650069117546082,0.8137741088867188,-0.05021821707487106,0.5564024448394775,0.814071536064148,-0.04827532917261124
0.5370431542396545,0.8020656704902649,-3.247552626817196e-08,0.5149362683296204,0.8098148703575134,-0.01699172891676426,0.497233510017395,0.8110276460647583,-0.03182751685380936,0.505615770816803,0.8298341035842896,-0.04542534798383713,0.5276578068733215,0.845759391784668,-0.05834566801786423,0.5111656188964844,0.7416636943817139,-0.029222119599580765,0.5183870792388916,0.7232481241226196,-0.045701827853918076,0.530518114566803,0.7134974598884583,-0.05753473937511444,0.5441726446151733,0.7052572965621948,-0.06637413799762726,0.5373822450637817,0.7285500168800354,-0.02885962836444378,0.5397268533706665,0.7892554998397827,-0.049532607197761536,0.5315085053443909,0.8156470656394958,-0.0560465008020401,0.5267720818519592,0.8209560513496399,-0.05883469060063362,0.5604289770126343,0.7358837723731995,-0.02998572587966919,0.558994472026825,0.8033792972564697,-0.04577060788869858,0.5461080074310303,0.8214879631996155,-0.044150594621896744,0.5378048419952393,0.8211814761161804,-0.04132489114999771,0.5793552398681641,0.7503743767738342,-0.03341419994831085,0.5750868916511536,0.8001634478569031,-0.047049932181835175,0.5637008547782898,0.8144897222518921,-0.04823729768395424,0.5552372932434082,0.8133285641670227,-0.046428993344306946
0.5381839275360107,0.7984673380851746,-4.177775281277718e-08,0.5152450799942017,0.8078823685646057,-0.019624408334493637,0.49725812673568726,0.8108705282211304,-0.036339350044727325,0.5061907768249512,0.8327488899230957,-0.05116257816553116,0.5290249586105347,0.8495610356330872,-0.0650344118475914,0.5124183297157288,0.74330735206604,-0.0346619114279747,0.519555389881134,0.7260862588882446,-0.053004566580057144,0.5321124196052551,0.7167443037033081,-0.06570957601070404,0.5459745526313782,0.7086628079414368,-0.07499374449253082,0.539402186870575,0.7286170721054077,-0.03323785588145256,0.5394535064697266,0.7948729991912842,-0.05649072676897049,0.5304256081581116,0.8247074484825134,-0.0625845342874527,0.5256761908531189,0.832511305809021,-0.06436990201473236,0.5625161528587341,0.735283613204956,-0.03339015692472458,0.56020188331604,0.8074948787689209,-0.05135411024093628,0.5472113490104675,0.8240165114402771,-0.048591598868370056,0.5393738746643066,0.8207886815071106,-0.044406548142433167,0.5812497138977051,0.7496832609176636,-0.03603114187717438,0.5768238306045532,0.8023282289505005,-0.051627013832330704,0.5657107830047607,0.8160256743431091,-0.05247291550040245,0.5580582022666931,0.8127158284187317,-0.049808237701654434
0.5376514196395874,0.800438642501831,-2.8867610524230258e-08,0.5142393708229065,0.8113834857940674,-0.021626660600304604,0.49543946981430054,0.8138015866279602,-0.03983704745769501,0.5050041079521179,0.8334006667137146,-0.05594009533524513,0.5298775434494019,0.8488308787345886,-0.07108618319034576,0.5115624070167542,0.7470356225967407,-0.0384938009083271,0.5173134207725525,0.7269517779350281,-0.059765882790088654,0.5301711559295654,0.7182706594467163,-0.07425347715616226,0.5445855855941772,0.7099494934082031,-0.08436235040426254,0.5386348962783813,0.7317156791687012,-0.036675434559583664,0.5383679866790771,0.795688807964325,-0.061915017664432526,0.5299489498138428,0.8260692954063416,-0.06806513667106628,0.5255130529403687,0.8316783905029297,-0.0696970596909523,0.5616299510002136,0.7381258010864258,-0.036713503301143646,0.5586305856704712,0.8082001805305481,-0.05662951245903969,0.5451198816299438,0.8265510201454163,-0.053132541477680206,0.5365965962409973,0.8236773610115051,-0.04814179986715317,0.5801435708999634,0.7523077130317688,-0.03939128667116165,0.5748929381370544,0.8036559820175171,-0.056061867624521255,0.5624452829360962,0.8196452856063843,-0.0561932809650898,0.5534501075744629,0.8182134032249451,-0.0527944341301918
0.5357427597045898,0.801135778427124,-2.8749735037081336e-08,0.5135619044303894,0.811508059501648,-0.02063729055225849,0.49642255902290344,0.8127897381782532,-0.037664465606212616,0.5050830841064453,0.8337886333465576,-0.05281176045536995,0.5271735787391663,0.8510968089103699,-0.06705125421285629,0.5109550356864929,0.7471829652786255,-0.03646084666252136,0.5153420567512512,0.7263380289077759,-0.0562630258500576,0.52802574634552,0.7168258428573608,-0.06944116204977036,0.5432355403900146,0.7083700895309448,-0.07843582332134247,0.5377943515777588,0.732917070388794,-0.03474291041493416,0.5370311737060547,0.7992548942565918,-0.05909842252731323,0.5300843715667725,0.8285060524940491,-0.06513293087482452,0.5261650681495667,0.8356934189796448,-0.06637293845415115,0.5605502128601074,0.739719569683075,-0.03477031737565994,0.5567858219146729,0.809146523475647,-0.05386729538440704,0.5465608835220337,0.8233911395072937,-0.0508904829621315,0.5402133464813232,0.8193377256393433,-0.04595493525266647,0.5786497592926025,0.7534267902374268,-0.03731265664100647,0.5730655193328857,0.802449643611908,-0.05258718132972717,0.5630607604980469,0.816254734992981,-0.052321188151836395,0.5559573173522949,0.8147031664848328,-0.04850899055600166
0.5344883799552917,0.8102800846099854,-5.027175831173736e-08,0.5089958310127258,0.8212143182754517,-0.021856382489204407,0.49207478761672974,0.8226584792137146,-0.039456550031900406,0.5018390417098999,0.8405046463012695,-0.05483994260430336,0.5247666835784912,0.8546993732452393,-0.06929878890514374,0.5059107542037964,0.7531295418739319,-0.03744864463806152,0.5114423632621765,0.7315625548362732,-0.059353724122047424,0.524540901184082,0.7238255739212036,-0.07404422760009766,0.5401021838188171,0.7175697684288025,-0.08387980610132217,0.532977819442749,0.7377601861953735,-0.03532680124044418,0.5334192514419556,0.8002279996871948,-0.060716412961483,0.524347186088562,0.8336572051048279,-0.06680691242218018,0.5190962553024292,0.8421223163604736,-0.06834728270769119,0.5558770895004272,0.7436227202415466,-0.035248368978500366,0.5530272126197815,0.8116755485534668,-0.05610330030322075,0.5396935343742371,0.8354536294937134,-0.05347011983394623,0.5310307741165161,0.8370928764343262,-0.04888346418738365,0.5751059055328369,0.757244348526001,-0.037666697055101395,0.5687087178230286,0.8092327117919922,-0.05461179092526436,0.5558894276618958,0.8293471336364746,-0.05518954619765282,0.5467230081558228,0.8307527899742126,-0.05206761136651039
0.5304154753684998,0.8040396571159363,-1.3863793668633662e-08,0.5071249008178711,0.8139374852180481,-0.022454770281910896,0.491316020488739,0.8152543902397156,-0.04038015007972717,0.5012683868408203,0.8363760113716125,-0.055842168629169464,0.5233106017112732,0.8539543151855469,-0.07017132639884949,0.5075870156288147,0.7451525926589966,-0.03756590932607651,0.5134384036064148,0.7282501459121704,-0.05766129121184349,0.5247188210487366,0.720695436000824,-0.07090137898921967,0.5385446548461914,0.7148305773735046,-0.08014780282974243,0.535618245601654,0.7330430746078491,-0.0352056585252285,0.5346309542655945,0.800579845905304,-0.0590914711356163,0.5254167318344116,0.828499436378479,-0.06401518732309341,0.5210167765617371,0.8326706290245056,-0.06505323946475983,0.5581115484237671,0.7423418164253235,-0.03498215228319168,0.5533350706100464,0.8123869299888611,-0.054414212703704834,0.5389463901519775,0.829487681388855,-0.05002294108271599,0.5303429365158081,0.8270117044448853,-0.044575102627277374,0.5753162503242493,0.758758008480072,-0.03752264752984047,0.5689952373504639,0.8104707598686218,-0.05483771860599518,0.5570757985115051,0.8256010413169861,-0.05536128953099251,0.5492027401924133,0.8233066201210022,-0.052170947194099426
0.5315402746200562,0.8044787645339966,-3.765748601836094e-08,0.5097445845603943,0.8133845329284668,-0.020651845261454582,0.49115312099456787,0.8164326548576355,-0.03790191560983658,0.49924081563949585,0.8373575210571289,-0.05303230136632919,0.5222519040107727,0.8528910875320435,-0.06724133342504501,0.5059061050415039,0.7480469942092896,-0.03668568283319473,0.5105559825897217,0.7299769520759583,-0.057434771209955215,0.5223314166069031,0.721831738948822,-0.07141492515802383,0.5357841849327087,0.7156671285629272,-0.08098886907100677,0.5327838659286499,0.7345617413520813,-0.03473779186606407,0.5320759415626526,0.7997657656669617,-0.0590411052107811,0.5239166617393494,0.8309915661811829,-0.0646560788154602,0.5199524164199829,0.8375410437583923,-0.06609103828668594,0.5555621385574341,0.7418807744979858,-0.03470263630151749,0.5516999959945679,0.8125986456871033,-0.05371694266796112,0.5386072397232056,0.8315476775169373,-0.05043851211667061,0.5303980112075806,0.8291522860527039,-0.04590877518057823,0.5738261342048645,0.7562996745109558,-0.03717953339219093,0.5678048729896545,0.8084782361984253,-0.05344220623373985,0.5573275685310364,0.8235846161842346,-0.05411095544695854,0.5503139495849609,0.8206178545951843,-0.05133776366710663
0.529772162437439,0.8035869598388672,-2.820415367921214e-08,0.5096670985221863,0.8130803108215332,-0.020953260362148285,0.49291566014289856,0.8162500262260437,-0.03830372914671898,0.4998112618923187,0.8319621086120605,-0.05373915284872055,0.5177826881408691,0.8446985483169556,-0.06825655698776245,0.5031875371932983,0.7470263838768005,-0.03584985062479973,0.507051408290863,0.7266535758972168,-0.056316547095775604,0.5184709429740906,0.7165830731391907,-0.07014784961938858,0.53208327293396,0.7076674103736877,-0.07967093586921692,0.5279507040977478,0.7332665920257568,-0.03394763171672821,0.529403805732727,0.795285165309906,-0.057605307549238205,0.5207469463348389,0.8240143656730652,-0.0633416697382927,0.5160736441612244,0.8273702263832092,-0.06517893075942993,0.5500141978263855,0.7399894595146179,-0.034074049443006516,0.5501316785812378,0.8049700856208801,-0.053074728697538376,0.5380966663360596,0.8222500681877136,-0.05023406818509102,0.5308838486671448,0.8189145922660828,-0.04612277075648308,0.5684782266616821,0.7535375356674194,-0.03671802580356598,0.5659884214401245,0.8004573583602905,-0.05254180356860161,0.5563308596611023,0.8144493699073792,-0.05325871333479881,0.5498496890068054,0.8117159605026245,-0.05066049471497536
0.5314557552337646,0.800159752368927,-3.185712671438523e-08,0.5113916397094727,0.8097953200340271,-0.020158031955361366,0.49339401721954346,0.8136038184165955,-0.037120141088962555,0.4996756315231323,0.8307820558547974,-0.05246967822313309,0.5177285075187683,0.8451502323150635,-0.06696679443120956,0.5043256282806396,0.7454628348350525,-0.03456289321184158,0.5075781941413879,0.7268624901771545,-0.05436786636710167,0.5187890529632568,0.717461884021759,-0.06815999001264572,0.5321776866912842,0.7081719040870667,-0.07775600254535675,0.5288446545600891,0.732356607913971,-0.03317153453826904,0.5291659832000732,0.7972089052200317,-0.05594952404499054,0.5199505090713501,0.8245294094085693,-0.06180679798126221,0.5150781869888306,0.8260154724121094,-0.06393475830554962,0.5508259534835815,0.7397885918617249,-0.03367891162633896,0.5499893426895142,0.8067854046821594,-0.05153286084532738,0.5375400185585022,0.8228597044944763,-0.0485662966966629,0.5301761031150818,0.8194107413291931,-0.04456419125199318,0.5691763758659363,0.7535396814346313,-0.03673800081014633,0.5657950639724731,0.8013403415679932,-0.05175374820828438,0.555526077747345,0.8147183060646057,-0.052033547312021255,0.5486374497413635,0.8123109340667725,-0.04915116727352142
0.5295351147651672,0.8002727627754211,-3.142380577969561e-08,0.5080222487449646,0.8108497262001038,-0.021086985245347023,0.4893440306186676,0.8145488500595093,-0.038379568606615067,0.49685993790626526,0.8355854749679565,-0.053498607128858566,0.5176990628242493,0.8514618873596191,-0.06767718493938446,0.5018624663352966,0.7472041845321655,-0.038360729813575745,0.5070836544036865,0.7294467687606812,-0.05986551195383072,0.5194567441940308,0.7200906872749329,-0.07415572553873062,0.5337772965431213,0.7109048366546631,-0.08394120633602142,0.5287045240402222,0.7323411107063293,-0.03623184189200401,0.529446542263031,0.7990704774856567,-0.06053215637803078,0.5200555920600891,0.8290693759918213,-0.06511903554201126,0.5151234269142151,0.8335503339767456,-0.06584152579307556,0.551808774471283,0.739519476890564,-0.03610455244779587,0.5507153272628784,0.8108692765235901,-0.05571568384766579,0.537451982498169,0.8285809755325317,-0.05126506835222244,0.5293695330619812,0.8252852559089661,-0.04552549496293068,0.5706233978271484,0.7535250186920166,-0.03853127360343933,0.5664418935775757,0.8043479919433594,-0.05570865422487259,0.5562384724617004,0.8181535601615906,-0.05603718385100365,0.5493770837783813,0.8147127628326416,-0.05252543464303017
0.5250692367553711,0.804568886756897,-2.1064916477797624e-09,0.5038446187973022,0.8152737021446228,-0.023308534175157547,0.4875490963459015,0.8183130025863647,-0.04170447960495949,0.49695906043052673,0.8379282355308533,-0.057256847620010376,0.5170260667800903,0.8528528809547424,-0.07180851697921753,0.4995119869709015,0.7497815489768982,-0.04144837334752083,0.5041841268539429,0.7307252883911133,-0.06346746534109116,0.5159931778907776,0.7209413051605225,-0.07781597226858139,0.5298968553543091,0.7127002477645874,-0.08758244663476944,0.5264758467674255,0.7350184917449951,-0.038397885859012604,0.5282342433929443,0.7978289127349854,-0.0638732761144638,0.5207949280738831,0.8259856700897217,-0.06953506171703339,0.5165901780128479,0.8296188116073608,-0.07080628722906113,0.5498549938201904,0.7415895462036133,-0.037325624376535416,0.5484122037887573,0.8112307786941528,-0.056818921118974686,0.5358548164367676,0.826171875,-0.05271175876259804,0.5280361771583557,0.818723738193512,-0.0476042740046978,0.5681924819946289,0.7554214000701904,-0.039048194885253906,0.5636925101280212,0.8068986535072327,-0.05578283593058586,0.5535615682601929,0.8200879096984863,-0.05616278201341629,0.5468701124191284,0.8140558004379272,-0.0530577227473259
0.5255328416824341,0.8071621060371399,-2.947593635838075e-08,0.5038191676139832,0.8171998858451843,-0.019783029332756996,0.4871554374694824,0.8196216821670532,-0.036109186708927155,0.4957810044288635,0.8402681350708008,-0.05054815858602524,0.5170835256576538,0.8593629598617554,-0.06420930474996567,0.5004569292068481,0.7501583695411682,-0.033626459538936615,0.506666362285614,0.7321833372116089,-0.0525248758494854,0.5179711580276489,0.7235232591629028,-0.06578263640403748,0.5310443639755249,0.7165490984916687,-0.0753028467297554,0.5267422199249268,0.7366476655006409,-0.03202101215720177,0.5274409651756287,0.7993274927139282,-0.05496368929743767,0.5187081694602966,0.8287901282310486,-0.06100821867585182,0.5141643285751343,0.8365253806114197,-0.06294559687376022,0.549521803855896,0.744296669960022,-0.0322626493871212,0.5485904812812805,0.8114705085754395,-0.050226494669914246,0.5362604260444641,0.8286464810371399,-0.04752558842301369,0.528857409954071,0.8266369104385376,-0.04342344403266907,0.5679529309272766,0.7589476704597473,-0.03498554229736328,0.5647118091583252,0.808625340461731,-0.05057552084326744,0.5556465983390808,0.8220747113227844,-0.051709409803152084,0.5497139692306519,0.8186628818511963,-0.049351826310157776
0.5258917212486267,0.805299699306488,-1.6179013684336496e-08,0.5036251544952393,0.8169498443603516,-0.02233608439564705,0.48620131611824036,0.8208935260772705,-0.040900543332099915,0.4952695667743683,0.8433729410171509,-0.05737084150314331,0.516126275062561,0.8613505959510803,-0.07311569154262543,0.500680685043335,0.7526823282241821,-0.03876819089055061,0.5071421265602112,0.7351312637329102,-0.0598553903400898,0.5184136629104614,0.7272183299064636,-0.07440810650587082,0.5313515663146973,0.7212838530540466,-0.08435709774494171,0.5275734066963196,0.7387322187423706,-0.036629680544137955,0.5278238654136658,0.8062613606452942,-0.0626629963517189,0.5192553400993347,0.8364222049713135,-0.07004190236330032,0.5146504044532776,0.8450074791908264,-0.07217945903539658,0.5505455136299133,0.7455123662948608,-0.03633277490735054,0.5484061241149902,0.8165081739425659,-0.05643988773226738,0.5359790921211243,0.832302987575531,-0.05381699651479721,0.5283704996109009,0.8289012312889099,-0.049263499677181244,0.5687012076377869,0.7591193318367004,-0.03870326653122902,0.5651742219924927,0.8111646771430969,-0.0551508292555809,0.5556461215019226,0.8254492878913879,-0.05551779642701149,0.5491762161254883,0.8224992752075195,-0.05223095417022705
0.5256760120391846,0.8075442314147949,-5.0142809016051615e-08,0.5016801357269287,0.8172727823257446,-0.02101624757051468,0.48492008447647095,0.8185638189315796,-0.0381891205906868,0.4947465658187866,0.8379292488098145,-0.0532996691763401,0.5168542265892029,0.8538784980773926,-0.06748263537883759,0.4996293783187866,0.7494485378265381,-0.03620340675115585,0.505592405796051,0.7306628227233887,-0.05559128150343895,0.5167872905731201,0.7222117781639099,-0.06846805661916733,0.5298072099685669,0.7153154611587524,-0.07763805985450745,0.5265701413154602,0.7360162138938904,-0.034420814365148544,0.52592933177948,0.8018629550933838,-0.0584133043885231,0.5160441398620605,0.8332924246788025,-0.06435177475214005,0.5111966729164124,0.8401296138763428,-0.06620500981807709,0.5494862198829651,0.7436049580574036,-0.0344923660159111,0.5470035672187805,0.8142673373222351,-0.053644612431526184,0.5339028835296631,0.8327076435089111,-0.05070856586098671,0.5264400839805603,0.8299005031585693,-0.04653473570942879,0.5682135820388794,0.7587153315544128,-0.03709079697728157,0.5627304315567017,0.8108031749725342,-0.0530172660946846,0.5518267154693604,0.827017068862915,-0.053494732826948166,0.545159637928009,0.8245363831520081,-0.05077320337295532
0.5212169885635376,0.8073847889900208,-2.833596113305248e-08,0.4992852509021759,0.8165500164031982,-0.02047090046107769,0.4830728769302368,0.8163766860961914,-0.03687930107116699,0.49266642332077026,0.8337739109992981,-0.05107973888516426,0.51108318567276,0.8495966792106628,-0.0644664391875267,0.49521687626838684,0.7468355298042297,-0.035638228058815,0.5002201199531555,0.7280664443969727,-0.05547039955854416,0.5126095414161682,0.7179386615753174,-0.06869085878133774,0.5269279479980469,0.7087676525115967,-0.07811261713504791,0.5217001438140869,0.7326586842536926,-0.033929284662008286,0.5236173272132874,0.7927396297454834,-0.0577760711312294,0.5152116417884827,0.8238010406494141,-0.06318968534469604,0.5105507969856262,0.8292382955551147,-0.06462868303060532,0.544636607170105,0.7394896149635315,-0.03411475196480751,0.5454830527305603,0.8048995733261108,-0.053312934935092926,0.5331647992134094,0.8239796161651611,-0.05004929006099701,0.52543044090271,0.8200252652168274,-0.045625265687704086,0.5632340908050537,0.7541033625602722,-0.03674894571304321,0.5607346892356873,0.8027443885803223,-0.052780456840991974,0.5512502193450928,0.8185397386550903,-0.05323944613337517,0.545134425163269,0.815057098865509,-0.050541963428258896
0.5205364227294922,0.8097392916679382,-2.775840357571724e-08,0.49929550290107727,0.8185294270515442,-0.020533913746476173,0.4830346405506134,0.8203689455986023,-0.037168607115745544,0.492025762796402,0.8373181819915771,-0.051522113382816315,0.5103011727333069,0.8498657941818237,-0.06510066986083984,0.4943685233592987,0.7500747442245483,-0.035836976021528244,0.49968820810317993,0.7303913831710815,-0.055077534168958664,0.5117835998535156,0.718938410282135,-0.06815716624259949,0.5261755585670471,0.7088418006896973,-0.07762503623962402,0.5211918354034424,0.7356207370758057,-0.0337442047894001,0.5246986746788025,0.7938097715377808,-0.05685114860534668,0.5163878202438354,0.8248229622840881,-0.06246772035956383,0.5112783312797546,0.8309827446937561,-0.06426360458135605,0.5445882678031921,0.7414370179176331,-0.03342700004577637,0.5461474061012268,0.8042290806770325,-0.05208936706185341,0.5341277718544006,0.8236138820648193,-0.049385763704776764,0.5258827209472656,0.8210451006889343,-0.04546132683753967,0.5635280609130859,0.7546961903572083,-0.035485781729221344,0.561826765537262,0.8016607165336609,-0.05158424749970436,0.5533649921417236,0.8169389963150024,-0.05262954160571098,0.5471932291984558,0.8140376806259155,-0.05035550147294998
0.5212191939353943,0.8040282726287842,-1.5657491303500137e-08,0.4990345537662506,0.8135575652122498,-0.021508101373910904,0.4841703176498413,0.8144494891166687,-0.038843367248773575,0.49401023983955383,0.8337592482566833,-0.05381240323185921,0.5117493867874146,0.851087749004364,-0.06796232610940933,0.4954446256160736,0.7467087507247925,-0.03739646077156067,0.501344621181488,0.7285025119781494,-0.05746312811970711,0.5134356617927551,0.7190716862678528,-0.0705648735165596,0.5276734232902527,0.7104888558387756,-0.07976576685905457,0.5224779844284058,0.7323847413063049,-0.03549589961767197,0.5235175490379333,0.7939344644546509,-0.060709238052368164,0.5154529213905334,0.8256542086601257,-0.06697331368923187,0.510981559753418,0.8334701657295227,-0.06835250556468964,0.5455318689346313,0.7389309406280518,-0.035356003791093826,0.5451085567474365,0.8051444292068481,-0.05618540570139885,0.5336291790008545,0.8233340978622437,-0.05334040895104408,0.5263728499412537,0.8193069696426392,-0.04849842190742493,0.56395024061203,0.7529987096786499,-0.03758953511714935,0.5608906745910645,0.8025193214416504,-0.054852284491062164,0.5515472888946533,0.8187160491943359,-0.05519651621580124,0.5454184412956238,0.8154828548431396,-0.0518871434032917
0.5188345313072205,0.8064953088760376,-2.0629855157494603e-08,0.49657735228538513,0.8160936832427979,-0.02188895270228386,0.48043325543403625,0.8164448142051697,-0.039265334606170654,0.49136993288993835,0.8336489796638489,-0.054148633033037186,0.511577308177948,0.8477553725242615,-0.06781735271215439,0.4930703938007355,0.748383104801178,-0.038744986057281494,0.49822938442230225,0.729184091091156,-0.060020823031663895,0.5104524493217468,0.7182760238647461,-0.07335774600505829,0.5248962044715881,0.7080602049827576,-0.08258065581321716,0.5200128555297852,0.7327969074249268,-0.03637049347162247,0.521324098110199,0.79677814245224,-0.0613512359559536,0.5124333500862122,0.8267113566398621,-0.06595520675182343,0.5079258680343628,0.8295538425445557,-0.06650595366954803,0.5430266261100769,0.7391125559806824,-0.03603829815983772,0.5433977842330933,0.8088122606277466,-0.056448452174663544,0.5304498672485352,0.8255969285964966,-0.05191151425242424,0.5224631428718567,0.8189402222633362,-0.046214938163757324,0.5617610812187195,0.7531905770301819,-0.038285210728645325,0.5590682029724121,0.8038365840911865,-0.05582447722554207,0.5497563481330872,0.8180422186851501,-0.056141942739486694,0.5438376665115356,0.8127316832542419,-0.05279981717467308
0.5219978094100952,0.7995005249977112,-2.2239220243136515e-08,0.500872790813446,0.8100111484527588,-0.021520067006349564,0.48475518822669983,0.8135364651679993,-0.038784950971603394,0.4947279095649719,0.8318130970001221,-0.05395370349287987,0.5140719413757324,0.8464128971099854,-0.0682668536901474,0.49684810638427734,0.7437899112701416,-0.03616894781589508,0.5014431476593018,0.7271291017532349,-0.05625160411000252,0.5129395723342896,0.7173118591308594,-0.06965460628271103,0.5261579751968384,0.70696622133255,-0.07899055629968643,0.5230622291564941,0.7305736541748047,-0.03424042463302612,0.5243558883666992,0.7949408292770386,-0.05807799845933914,0.5143793821334839,0.8225411772727966,-0.06405811756849289,0.5086503028869629,0.8234096765518188,-0.06585267186164856,0.5458012223243713,0.7383134961128235,-0.034298934042453766,0.546266496181488,0.8052159547805786,-0.05416548252105713,0.5339622497558594,0.8190783858299255,-0.05183134973049164,0.5262771248817444,0.8106347918510437,-0.04772046208381653,0.5639861226081848,0.7530446648597717,-0.03675982728600502,0.5608476400375366,0.8014300465583801,-0.053386420011520386,0.5519018173217773,0.8137460350990295,-0.053980909287929535,0.5462930202484131,0.8079164624214172,-0.05105378478765488
0.5256871581077576,0.7999963760375977,-2.584763159063641e-08,0.5028910636901855,0.8102876543998718,-0.0218963623046875,0.48728397488594055,0.8130832314491272,-0.039722099900245667,0.4973788559436798,0.8293467164039612,-0.05547104775905609,0.5168103575706482,0.8412769436836243,-0.07028630375862122,0.49994218349456787,0.7424725890159607,-0.03731110319495201,0.5049446225166321,0.7222045660018921,-0.05727430805563927,0.5171694159507751,0.7110843062400818,-0.07038664072751999,0.5311879515647888,0.7005143761634827,-0.07943902909755707,0.5258916020393372,0.7282494902610779,-0.0352092981338501,0.5260601043701172,0.7920404076576233,-0.059781815856695175,0.5179618000984192,0.820750892162323,-0.0658225491642952,0.513304591178894,0.8256978988647461,-0.06738024950027466,0.548363447189331,0.7353239059448242,-0.03501417487859726,0.5471615195274353,0.8011670708656311,-0.05472731217741966,0.5362718105316162,0.816470742225647,-0.05187005549669266,0.5294058918952942,0.8124315738677979,-0.04728719964623451,0.5665804147720337,0.7500317096710205,-0.03737867251038551,0.5624909400939941,0.797376275062561,-0.05346130579710007,0.5522420406341553,0.8110972046852112,-0.05382248014211655,0.5449919104576111,0.8090507388114929,-0.05059633404016495
0.5236497521400452,0.7940353155136108,-3.670789539000907e-08,0.5006553530693054,0.8040434122085571,-0.019578225910663605,0.4835401177406311,0.8070429563522339,-0.03596043214201927,0.4930986166000366,0.8284578323364258,-0.05068909749388695,0.5134954452514648,0.8458642959594727,-0.06477386504411697,0.49732333421707153,0.7427547574043274,-0.034809213131666183,0.5034103989601135,0.7255335450172424,-0.053390536457300186,0.5147606730461121,0.7145513892173767,-0.06584079563617706,0.5276755690574646,0.7052556276321411,-0.07441192865371704,0.5238752365112305,0.7296483516693115,-0.03348609060049057,0.5226884484291077,0.7960906624794006,-0.057016048580408096,0.5137945413589478,0.8227473497390747,-0.0630221962928772,0.5087281465530396,0.8293676376342773,-0.06402729451656342,0.5468081831932068,0.7369412183761597,-0.033797286450862885,0.5442626476287842,0.8030965328216553,-0.052495937794446945,0.5358319282531738,0.8103165626525879,-0.05028016120195389,0.5311010479927063,0.8011770248413086,-0.04572268947958946,0.5653538703918457,0.7506908178329468,-0.03636610880494118,0.5610018372535706,0.7978395223617554,-0.05173250660300255,0.5525559782981873,0.8072384595870972,-0.051710598170757294,0.5471493005752563,0.8020625710487366,-0.04793112352490425
0.52900630235672,0.7997387051582336,-3.992648700545942e-08,0.506702184677124,0.8124163150787354,-0.02131689339876175,0.4894399344921112,0.8170976042747498,-0.03835827484726906,0.4986499547958374,0.8331651091575623,-0.05347376689314842,0.5182653665542603,0.8439057469367981,-0.06696947664022446,0.4999721646308899,0.7496737837791443,-0.03629100322723389,0.504272997379303,0.7281374335289001,-0.057458337396383286,0.5163093209266663,0.7164431810379028,-0.07017605006694794,0.5304723381996155,0.7051193714141846,-0.07842516899108887,0.5249605178833008,0.7333316206932068,-0.03394438326358795,0.5264700055122375,0.801045298576355,-0.058015309274196625,0.5177582502365112,0.8249149322509766,-0.0618341900408268,0.5123808979988098,0.8205260038375854,-0.061670176684856415,0.5477917790412903,0.7381905913352966,-0.03385121375322342,0.5483233332633972,0.8062180280685425,-0.05312693864107132,0.5383948683738708,0.8146616816520691,-0.047986164689064026,0.532158613204956,0.8018185496330261,-0.041768744587898254,0.566834032535553,0.7499315738677979,-0.03644745424389839,0.5641220808029175,0.8003146648406982,-0.05336454138159752,0.5562592148780823,0.8085351586341858,-0.05359446629881859,0.5511608123779297,0.7990182638168335,-0.04978783801198006
0.5275063514709473,0.7990512847900391,-3.561681438668529e-08,0.5065837502479553,0.8101215362548828,-0.019947681576013565,0.48812979459762573,0.8144938349723816,-0.03662336245179176,0.49608659744262695,0.8332438468933105,-0.051809247583150864,0.5171542167663574,0.8470169305801392,-0.06587418913841248,0.49992337822914124,0.7488271594047546,-0.03558283671736717,0.5037723183631897,0.7269560694694519,-0.05640021339058876,0.5154055953025818,0.7158942222595215,-0.06945857405662537,0.5292075872421265,0.7060748338699341,-0.07788781076669693,0.5258651971817017,0.7336801886558533,-0.03385808691382408,0.5265838503837585,0.8009648323059082,-0.056879520416259766,0.5165830254554749,0.8265454769134521,-0.06048896536231041,0.5103782415390015,0.8254949450492859,-0.060189664363861084,0.548940896987915,0.7401146292686462,-0.03419646993279457,0.5473889112472534,0.8100283145904541,-0.05198272317647934,0.5341782569885254,0.8203185200691223,-0.04594653099775314,0.5258427262306213,0.810862123966217,-0.03905380889773369,0.5672026872634888,0.7530116438865662,-0.0372241772711277,0.562630295753479,0.802798867225647,-0.052692871540784836,0.5521667003631592,0.811783492565155,-0.051676150411367416,0.5451666712760925,0.804909348487854,-0.046918194741010666
0.5268068909645081,0.7979633212089539,-3.257784086940774e-08,0.504887044429779,0.8091473579406738,-0.020894963294267654,0.4866597354412079,0.8132465481758118,-0.037999264895915985,0.4957348108291626,0.8333250284194946,-0.05327863246202469,0.5178777575492859,0.8476424813270569,-0.06748092174530029,0.49957090616226196,0.7461180686950684,-0.036468517035245895,0.5058004260063171,0.7275280952453613,-0.05723320692777634,0.5169128179550171,0.71705561876297,-0.07036970555782318,0.529615044593811,0.7078443169593811,-0.07882827520370483,0.5265242457389832,0.7318205237388611,-0.03438343480229378,0.5271862149238586,0.798618495464325,-0.05821487307548523,0.517099916934967,0.824893593788147,-0.06243797019124031,0.5109260082244873,0.8269402980804443,-0.06214839965105057,0.5499675869941711,0.7390459775924683,-0.034369904547929764,0.548041045665741,0.8091287016868591,-0.05347421020269394,0.5358759760856628,0.8182981610298157,-0.04894949868321419,0.528316855430603,0.8080283999443054,-0.04265323653817177,0.5684393048286438,0.7529988884925842,-0.036918435245752335,0.5634638071060181,0.802503228187561,-0.05323702469468117,0.5539300441741943,0.8109263777732849,-0.05299336090683937,0.5478283762931824,0.8034235239028931,-0.048697423189878464
0.5281902551651001,0.7930488586425781,-2.658684472578443e-08,0.506432056427002,0.8045345544815063,-0.02045469358563423,0.48837342858314514,0.8101648688316345,-0.03794511780142784,0.49662911891937256,0.8312060832977295,-0.05372430756688118,0.5182769298553467,0.8474624156951904,-0.06857641041278839,0.500755250453949,0.744862973690033,-0.03715769946575165,0.5058605074882507,0.7268616557121277,-0.05787677690386772,0.516933262348175,0.7164903879165649,-0.0714147686958313,0.5295200347900391,0.7072839140892029,-0.08036816865205765,0.5270774960517883,0.7302924394607544,-0.03544975072145462,0.5273414254188538,0.7988858819007874,-0.059314172714948654,0.5178945064544678,0.8243376016616821,-0.06448299437761307,0.5116520524024963,0.8264950513839722,-0.06517154723405838,0.550245463848114,0.7371352910995483,-0.0355273075401783,0.5476843118667603,0.8090032935142517,-0.054614946246147156,0.5359572172164917,0.8186243772506714,-0.050462305545806885,0.5284084677696228,0.809514045715332,-0.044553909450769424,0.568861722946167,0.750604510307312,-0.03808325156569481,0.5631718635559082,0.8017364144325256,-0.054072704166173935,0.5535308718681335,0.811227023601532,-0.05340936407446861,0.5469724535942078,0.8050398230552673,-0.048920463770627975
0.5282297730445862,0.7933428287506104,-1.4676885484732338e-08,0.5045722723007202,0.8072342872619629,-0.022349756211042404,0.48833930492401123,0.8115284442901611,-0.04031051695346832,0.49878063797950745,0.830299437046051,-0.055937543511390686,0.5204529166221619,0.843563437461853,-0.07058107107877731,0.5006678104400635,0.7451473474502563,-0.03903882950544357,0.5067632794380188,0.723053514957428,-0.059423141181468964,0.5189984440803528,0.7118228673934937,-0.07264832407236099,0.5329205989837646,0.7019057273864746,-0.08172734826803207,0.527072548866272,0.7278714179992676,-0.036481600254774094,0.5306987166404724,0.7914978861808777,-0.061155419796705246,0.5215819478034973,0.8195430636405945,-0.06725388020277023,0.5150197744369507,0.8234830498695374,-0.06863129884004593,0.5500462055206299,0.7329756021499634,-0.03568306937813759,0.5504359602928162,0.8024929761886597,-0.05607606843113899,0.5382587313652039,0.8168042898178101,-0.05343257635831833,0.5297932624816895,0.8108028173446655,-0.048562780022621155,0.5684396028518677,0.746151328086853,-0.03732788562774658,0.5646906495094299,0.7966319918632507,-0.05456072464585304,0.553558886051178,0.8109419941902161,-0.054984066635370255,0.5444919466972351,0.808575451374054,-0.051371026784181595
0.5321013927459717,0.788896381855011,-6.1933369543965e-09,0.5089261531829834,0.8022961020469666,-0.024486476555466652,0.49562299251556396,0.8059484958648682,-0.0438506118953228,0.5108748078346252,0.8231372833251953,-0.060264091938734055,0.5331940650939941,0.829064667224884,-0.07516487687826157,0.5091418027877808,0.7352717518806458,-0.04158157855272293,0.5183318853378296,0.7096977233886719,-0.06355572491884232,0.5338631868362427,0.6954735517501831,-0.07835490256547928,0.5503919124603271,0.6829578876495361,-0.08890402317047119,0.5364622473716736,0.7172748446464539,-0.03785467892885208,0.5414822101593018,0.7804741859436035,-0.06411580741405487,0.5300715565681458,0.8111381530761719,-0.06985340267419815,0.521717369556427,0.8157404065132141,-0.07142698019742966,0.5590428709983826,0.7214925289154053,-0.03614155948162079,0.5590274930000305,0.7923234105110168,-0.056589774787425995,0.5425418615341187,0.8114205598831177,-0.05146479606628418,0.5314763188362122,0.8087276220321655,-0.04563242197036743,0.576366126537323,0.7339071035385132,-0.0373758040368557,0.5722817778587341,0.7890871167182922,-0.055196598172187805,0.5569743514060974,0.8053874969482422,-0.05548172816634178,0.5450795292854309,0.8030213713645935,-0.052051935344934464
0.5305245518684387,0.7732889652252197,2.021882217206894e-08,0.5092987418174744,0.7860056757926941,-0.029368355870246887,0.5018441081047058,0.7921223640441895,-0.05201129615306854,0.5196033716201782,0.8112214207649231,-0.0705292671918869,0.5408204197883606,0.8196959495544434,-0.08717022836208344,0.5201142430305481,0.7226284146308899,-0.04915643855929375,0.53099524974823,0.6985853910446167,-0.07345855236053467,0.5466227531433105,0.6856387853622437,-0.08902490884065628,0.5643036961555481,0.6727314591407776,-0.10041841864585876,0.5481287240982056,0.7075673937797546,-0.043749596923589706,0.5505237579345703,0.770747184753418,-0.07268213480710983,0.5372744798660278,0.8016393780708313,-0.07853803783655167,0.5281745791435242,0.8021942377090454,-0.08018569648265839,0.5692156553268433,0.7140893936157227,-0.040531791746616364,0.5678502321243286,0.7830497622489929,-0.06345894187688828,0.5498207211494446,0.8029003143310547,-0.05749604105949402,0.537372350692749,0.7979196906089783,-0.05097978934645653,0.5840995907783508,0.7284544110298157,-0.040708377957344055,0.5804950594902039,0.7828423380851746,-0.060656990855932236,0.5654510855674744,0.79843670129776,-0.0615978017449379,0.5536346435546875,0.7940844893455505,-0.05863765999674797
0.5314961075782776,0.7746134996414185,5.560373494972737e-08,0.5080548524856567,0.7861789464950562,-0.02916117012500763,0.4996236562728882,0.7902072668075562,-0.0514175146818161,0.5154573917388916,0.8067616820335388,-0.06972069293260574,0.5363802313804626,0.8203139901161194,-0.08617628365755081,0.5190369486808777,0.7191707491874695,-0.04788722097873688,0.5285886526107788,0.6939134001731873,-0.07026603817939758,0.5436186194419861,0.6827981472015381,-0.08421803265810013,0.560905396938324,0.6711868047714233,-0.09449154883623123,0.5462408661842346,0.7052565813064575,-0.042608875781297684,0.5492508411407471,0.7692199945449829,-0.07099796086549759,0.5375345945358276,0.8021547198295593,-0.07761699706315994,0.5292189121246338,0.8055313229560852,-0.07919847220182419,0.566482424736023,0.7125409841537476,-0.039188362658023834,0.5648823380470276,0.7811031937599182,-0.061652179807424545,0.5491082668304443,0.8005972504615784,-0.05717409774661064,0.5387628674507141,0.7955411672592163,-0.05118179693818092,0.581298291683197,0.7274952530860901,-0.03887522965669632,0.5780327320098877,0.7797188758850098,-0.05660504475235939,0.5657740235328674,0.7953845262527466,-0.056409452110528946,0.5559661388397217,0.7910411953926086,-0.05257821083068848
0.5265201330184937,0.7640872597694397,7.111420785577138e-08,0.5059091448783875,0.7747046947479248,-0.031462620943784714,0.4979337751865387,0.779045820236206,-0.05520172417163849,0.5140243768692017,0.7974910140037537,-0.07437124103307724,0.5352833271026611,0.8067175149917603,-0.09175687283277512,0.5166236162185669,0.707861065864563,-0.05184175819158554,0.5271757245063782,0.6845787763595581,-0.07697251439094543,0.5419688820838928,0.6710433959960938,-0.09215119481086731,0.5590304732322693,0.6587555408477783,-0.10296151787042618,0.5447754859924316,0.6966566443443298,-0.04600954055786133,0.5473187565803528,0.756286084651947,-0.076492078602314,0.5353418588638306,0.7927950024604797,-0.08170147240161896,0.5274522304534912,0.7985825538635254,-0.08191658556461334,0.5651813745498657,0.7058095335960388,-0.04254141077399254,0.5631621479988098,0.7714276313781738,-0.06782466173171997,0.5465056896209717,0.7917271852493286,-0.061516065150499344,0.5349932909011841,0.7845235466957092,-0.053994279354810715,0.5789265632629395,0.7213817238807678,-0.042364656925201416,0.5750361084938049,0.7734256386756897,-0.06307607144117355,0.5601716041564941,0.7905206680297852,-0.0627087652683258,0.5482378005981445,0.7853524088859558,-0.0585024431347847
0.5270991325378418,0.7654027342796326,4.105871198589739e-08,0.5051779747009277,0.7754673361778259,-0.028789984062314034,0.495233416557312,0.7788382768630981,-0.05102793499827385,0.5105465650558472,0.7976187467575073,-0.06914373487234116,0.5326395034790039,0.8060088753700256,-0.08567609637975693,0.5162983536720276,0.7106737494468689,-0.04847998172044754,0.5267525911331177,0.6863884925842285,-0.07193685322999954,0.5420331358909607,0.6729361414909363,-0.08735817670822144,0.5590317845344543,0.6607330441474915,-0.09904807806015015,0.5442979335784912,0.6981138586997986,-0.04383096843957901,0.5448557138442993,0.7559214234352112,-0.07281767576932907,0.5327879786491394,0.7918267250061035,-0.07926666736602783,0.5252130031585693,0.7993298768997192,-0.08127938210964203,0.5646087527275085,0.7066212296485901,-0.041237711906433105,0.5619944930076599,0.7710654139518738,-0.06474967300891876,0.5454455614089966,0.7917498350143433,-0.05977059528231621,0.5341499447822571,0.7874492406845093,-0.054155126214027405,0.5786330103874207,0.72273188829422,-0.041790030896663666,0.5740724205970764,0.7744552493095398,-0.06208530068397522,0.5596698522567749,0.791038990020752,-0.06298381835222244,0.5481043457984924,0.7867327928543091,-0.060358259826898575
0.5285325646400452,0.7664605379104614,1.534717242179795e-08,0.5059074759483337,0.775159478187561,-0.02651670016348362,0.49643582105636597,0.778724730014801,-0.047563135623931885,0.5121489763259888,0.7976722717285156,-0.06512521952390671,0.5334689617156982,0.8072382211685181,-0.08084230124950409,0.5178869962692261,0.7100390195846558,-0.04393789544701576,0.5274816155433655,0.6859875321388245,-0.06513690948486328,0.5418033599853516,0.6726123094558716,-0.07800345867872238,0.5582847595214844,0.6603546142578125,-0.08794299513101578,0.5454578399658203,0.6976569890975952,-0.03967300057411194,0.5453410744667053,0.7589080333709717,-0.06505651772022247,0.5318650603294373,0.7915476560592651,-0.0688486248254776,0.5253614187240601,0.7930545806884766,-0.06958365440368652,0.565085768699646,0.7067696452140808,-0.03758054971694946,0.5617181062698364,0.7733973860740662,-0.05849480256438255,0.5448052287101746,0.7909722328186035,-0.05239759758114815,0.5355068445205688,0.7831070423126221,-0.04657391458749771,0.5793362259864807,0.7239670157432556,-0.03850438818335533,0.5737859010696411,0.7752240896224976,-0.057112641632556915,0.5605136156082153,0.7894364595413208,-0.0577828586101532,0.5512813925743103,0.7827849388122559,-0.05529269203543663
0.5293111801147461,0.7623281478881836,3.268082338081513e-08,0.5059515237808228,0.7728509306907654,-0.027636438608169556,0.4966822564601898,0.7772395014762878,-0.04918849095702171,0.5125151872634888,0.796373724937439,-0.06715289503335953,0.5325608253479004,0.8048359155654907,-0.08369147777557373,0.5167959332466125,0.708736777305603,-0.04578542336821556,0.5274154543876648,0.6841570734977722,-0.06745120137929916,0.5421012043952942,0.6706823110580444,-0.08129877597093582,0.5590142011642456,0.6584249138832092,-0.09167835116386414,0.5437054634094238,0.697829008102417,-0.04123440384864807,0.5455566048622131,0.7571118474006653,-0.06819408386945724,0.5329335927963257,0.7896102666854858,-0.07402878254652023,0.5247936248779297,0.7935288548469543,-0.07583146542310715,0.5635090470314026,0.7067718505859375,-0.03870748355984688,0.5620127320289612,0.7697498798370361,-0.061294443905353546,0.5463624000549316,0.7900785803794861,-0.057121939957141876,0.5360094904899597,0.7865037322044373,-0.051833707839250565,0.578132688999176,0.7226281762123108,-0.03910049423575401,0.5745968818664551,0.7712938785552979,-0.05804099142551422,0.5608615279197693,0.787650465965271,-0.058822616934776306,0.549666166305542,0.7847549319267273,-0.05610307678580284
0.5284240245819092,0.761387825012207,7.83420190941797e-08,0.5040909051895142,0.7743973731994629,-0.03219295293092728,0.4945616126060486,0.7795100808143616,-0.05644587054848671,0.5106135010719299,0.7958396673202515,-0.07642516493797302,0.5320203304290771,0.8064066171646118,-0.09470811486244202,0.5141130685806274,0.7104736566543579,-0.05240895599126816,0.5241479873657227,0.6825430393218994,-0.07783524692058563,0.5393040776252747,0.6703802943229675,-0.09300597757101059,0.5563400983810425,0.6585437655448914,-0.10348940640687943,0.5410767793655396,0.7003104090690613,-0.046441249549388885,0.5431923270225525,0.7553645372390747,-0.07847325503826141,0.5333461761474609,0.7915650606155396,-0.08546578884124756,0.5259917974472046,0.7975772619247437,-0.086541086435318,0.5611842274665833,0.7087631821632385,-0.042781274765729904,0.5593823194503784,0.7670968174934387,-0.07016107439994812,0.5455109477043152,0.7900188565254211,-0.06640283018350601,0.5350362062454224,0.7859214544296265,-0.05986759439110756,0.5754438638687134,0.7224886417388916,-0.042141832411289215,0.5730940699577332,0.7692989706993103,-0.06353554874658585,0.5605067014694214,0.7874597311019897,-0.06393375992774963,0.5489703416824341,0.7845373153686523,-0.06007921323180199
0.5277739763259888,0.7624576091766357,2.2181469105930773e-08,0.5049348473548889,0.773940920829773,-0.027809783816337585,0.4957878589630127,0.7790567874908447,-0.04969356209039688,0.5117596983909607,0.7971322536468506,-0.06804931908845901,0.5317278504371643,0.8045076727867126,-0.08461805433034897,0.5156505703926086,0.707824170589447,-0.04540027305483818,0.5252963304519653,0.6833750605583191,-0.06848390400409698,0.5399234890937805,0.669575035572052,-0.08228490501642227,0.55709308385849,0.6562361717224121,-0.09223433583974838,0.5414683222770691,0.6958582401275635,-0.04079510271549225,0.5439708232879639,0.7567777037620544,-0.06845278292894363,0.5309630632400513,0.7905794382095337,-0.07280515134334564,0.5232576727867126,0.7901598215103149,-0.07319078594446182,0.56070476770401,0.7043718099594116,-0.03853011876344681,0.5610617399215698,0.76851487159729,-0.061924971640110016,0.5454237461090088,0.7902143001556396,-0.05610707029700279,0.5353730916976929,0.783574640750885,-0.04942360520362854,0.5748404264450073,0.7200210094451904,-0.039251722395420074,0.572347104549408,0.771140456199646,-0.05887116119265556,0.5589948892593384,0.7880313396453857,-0.05936229228973389,0.5482419729232788,0.7826010584831238,-0.05612441524863243
0.526252269744873,0.7647563815116882,3.044679885988444e-08,0.5040987133979797,0.7760171890258789,-0.027855902910232544,0.4955512583255768,0.7800553441047668,-0.04942319542169571,0.5112635493278503,0.7967362403869629,-0.06743860989809036,0.5314429998397827,0.8044425845146179,-0.08365577459335327,0.5137218832969666,0.7091846466064453,-0.04505094140768051,0.5232148766517639,0.6829087734222412,-0.06731835007667542,0.5376092791557312,0.6690001487731934,-0.08060965687036514,0.5539548397064209,0.6562444567680359,-0.09030523151159286,0.5404642820358276,0.6971095204353333,-0.040404535830020905,0.5426620244979858,0.7554285526275635,-0.06802178919315338,0.5309188365936279,0.7899022102355957,-0.07285609096288681,0.5233304500579834,0.7929272651672363,-0.07337938249111176,0.5602548122406006,0.7056050896644592,-0.037997618317604065,0.5601497292518616,0.7675632834434509,-0.061265282332897186,0.5458478927612305,0.7877655625343323,-0.05570228770375252,0.5361879467964172,0.7809102535247803,-0.049129001796245575,0.5743485689163208,0.7209271788597107,-0.03853108361363411,0.5724188685417175,0.7699499130249023,-0.05784520134329796,0.5606788396835327,0.786013662815094,-0.05792870372533798,0.5507836937904358,0.7803036570549011,-0.05439270660281181
0.5258416533470154,0.763538658618927,1.0666731498076842e-08,0.502246618270874,0.7745019793510437,-0.026526737958192825,0.49398913979530334,0.7786744236946106,-0.047147829085588455,0.5099809169769287,0.7939156889915466,-0.06457144021987915,0.5307491421699524,0.8036454916000366,-0.08028164505958557,0.5133158564567566,0.7075048089027405,-0.042666245251894,0.5222214460372925,0.6809644103050232,-0.06373898684978485,0.5361214876174927,0.668367326259613,-0.07650003582239151,0.5522880554199219,0.6560372710227966,-0.08573921024799347,0.538813054561615,0.6959818005561829,-0.038075968623161316,0.541650652885437,0.7561985850334167,-0.06453947722911835,0.5307670831680298,0.7883328795433044,-0.07009653002023697,0.5231757164001465,0.7906560897827148,-0.0712851732969284,0.5583277940750122,0.7046005725860596,-0.03551901504397392,0.5564996600151062,0.7681800127029419,-0.05747102200984955,0.5426188111305237,0.7879283428192139,-0.05355070158839226,0.5331142544746399,0.7833385467529297,-0.04816566780209541,0.5728667378425598,0.7194077968597412,-0.03575768321752548,0.5693296790122986,0.768875777721405,-0.053288452327251434,0.5575957894325256,0.7845240235328674,-0.053857848048210144,0.5476515889167786,0.780594527721405,-0.05088629573583603
0.526904821395874,0.761006236076355,5.131481373155111e-08,0.5022537708282471,0.7737401723861694,-0.02834521234035492,0.49085843563079834,0.777546226978302,-0.05070638284087181,0.5053426027297974,0.7903062105178833,-0.06981309503316879,0.5273970365524292,0.7987820506095886,-0.08755068480968475,0.5083877444267273,0.7087920904159546,-0.04682618007063866,0.5157777070999146,0.6783488392829895,-0.07033832371234894,0.5298795700073242,0.6650782823562622,-0.08494341373443604,0.5458477139472961,0.6536609530448914,-0.09515048563480377,0.5347392559051514,0.6946486830711365,-0.042428623884916306,0.5378607511520386,0.7491327524185181,-0.07116615027189255,0.5306013226509094,0.7826584577560425,-0.07796169072389603,0.5249456167221069,0.7879394888877869,-0.07967051863670349,0.5557056665420532,0.7018578052520752,-0.040142469108104706,0.5536065697669983,0.7617077827453613,-0.06448263674974442,0.5417290329933167,0.7845678329467773,-0.06107397377490997,0.5326763391494751,0.7834285497665405,-0.055566493421792984,0.5712999701499939,0.715488851070404,-0.04072226583957672,0.5670748353004456,0.7624795436859131,-0.06015029922127724,0.5557218194007874,0.7799763083457947,-0.060623668134212494,0.5455382466316223,0.7784619927406311,-0.057275693863630295
0.5284143686294556,0.7658824920654297,5.0466804069060345e-09,0.5044451951980591,0.7772144675254822,-0.024753177538514137,0.4926990866661072,0.7782885432243347,-0.04425365850329399,0.5071650743484497,0.7907071709632874,-0.06123188138008118,0.529756486415863,0.7998439073562622,-0.07675600051879883,0.5109096765518188,0.7085235118865967,-0.03817666321992874,0.5176369547843933,0.6800814867019653,-0.05905858054757118,0.531087338924408,0.6665562987327576,-0.07226935029029846,0.5461734533309937,0.6546043753623962,-0.08184372633695602,0.536587119102478,0.693753719329834,-0.03486195206642151,0.5380312204360962,0.7500219941139221,-0.059994325041770935,0.5293207168579102,0.7826606631278992,-0.065471351146698,0.524098813533783,0.7868853807449341,-0.06683524698019028,0.5567654967308044,0.7012773752212524,-0.03381918743252754,0.5545735359191895,0.7637407779693604,-0.055140845477581024,0.5413448810577393,0.7847375869750977,-0.05120508372783661,0.5332315564155579,0.7819173336029053,-0.046044137328863144,0.5724667906761169,0.7168561220169067,-0.03553919866681099,0.5670802593231201,0.7658544182777405,-0.0532100573182106,0.5546871423721313,0.7825539708137512,-0.05373670160770416,0.5457566380500793,0.7794737219810486,-0.05083605647087097
0.5283010005950928,0.762894332408905,-1.334915200601472e-08,0.5050151944160461,0.7729844450950623,-0.023387685418128967,0.4948616623878479,0.7736801505088806,-0.041719865053892136,0.5098263621330261,0.7868882417678833,-0.05756247416138649,0.5315621495246887,0.7959693074226379,-0.07194454967975616,0.51262366771698,0.7046102285385132,-0.036715202033519745,0.5197955965995789,0.6772588491439819,-0.05693098530173302,0.5331322550773621,0.6635370850563049,-0.07023953646421432,0.548386812210083,0.6506909132003784,-0.08009164780378342,0.5385262370109558,0.6898241639137268,-0.03372822701931,0.5389774441719055,0.7500388026237488,-0.0583791509270668,0.5296146869659424,0.781489908695221,-0.06445800513029099,0.5240516066551208,0.7844910025596619,-0.0666007548570633,0.5586617588996887,0.697763204574585,-0.03279826417565346,0.5556272268295288,0.762103259563446,-0.0532601997256279,0.5421748161315918,0.7826641201972961,-0.04969954118132591,0.534002959728241,0.779710590839386,-0.045142628252506256,0.5742717385292053,0.7136707901954651,-0.03454848378896713,0.5677852034568787,0.7644236087799072,-0.051676858216524124,0.5551159977912903,0.7808682918548584,-0.052388690412044525,0.5462114214897156,0.7777091860771179,-0.04977520555257797
0.5276270508766174,0.764528214931488,6.660263895952312e-09,0.503899335861206,0.774700939655304,-0.02498377114534378,0.49316659569740295,0.7773928642272949,-0.04489625617861748,0.5081610083580017,0.7949824929237366,-0.0617920346558094,0.5299513339996338,0.8055536150932312,-0.07735174149274826,0.5128576159477234,0.709460973739624,-0.041371602565050125,0.5219077467918396,0.6846723556518555,-0.061886344105005264,0.5355321168899536,0.6721612215042114,-0.07575249671936035,0.551421046257019,0.6607216596603394,-0.0864262804389,0.5398874282836914,0.696474552154541,-0.03774856775999069,0.5413495898246765,0.757778525352478,-0.06358124315738678,0.530133843421936,0.7893826365470886,-0.07031893730163574,0.5232059359550476,0.7946662902832031,-0.07312007993459702,0.5604320168495178,0.704663872718811,-0.03599625080823898,0.5568326711654663,0.7709643840789795,-0.056828949600458145,0.5408593416213989,0.7903439998626709,-0.05343761295080185,0.530724048614502,0.7880374193191528,-0.0492960624396801,0.5757164359092712,0.7200895547866821,-0.03707544878125191,0.570094883441925,0.7715569734573364,-0.054759539663791656,0.5555946230888367,0.7878372073173523,-0.055933963507413864,0.5446913838386536,0.7855665683746338,-0.05395660176873207
0.5256621241569519,0.7695629596710205,-2.7092152965479954e-09,0.5026638507843018,0.7775320410728455,-0.023495124652981758,0.49157559871673584,0.777967095375061,-0.04258999601006508,0.5069990754127502,0.7950770258903503,-0.05922854319214821,0.5302555561065674,0.8079659342765808,-0.07460304349660873,0.5133353471755981,0.708408534526825,-0.03784848004579544,0.5231738090515137,0.686119556427002,-0.05721452087163925,0.5364786982536316,0.674496591091156,-0.07025883346796036,0.5520205497741699,0.6642178893089294,-0.08023471385240555,0.5406880974769592,0.6963385939598083,-0.034864719957113266,0.5400716066360474,0.7595701217651367,-0.05904591828584671,0.5265042185783386,0.7901743054389954,-0.06469307839870453,0.5195602774620056,0.7947584390640259,-0.06665381789207458,0.5611258745193481,0.7060011625289917,-0.03385275602340698,0.5561162233352661,0.7739964723587036,-0.053389497101306915,0.5393586158752441,0.7908806800842285,-0.04968437924981117,0.5302083492279053,0.7873165011405945,-0.045285966247320175,0.5759914517402649,0.723405659198761,-0.035656221210956573,0.5689333081245422,0.7761777639389038,-0.052212949842214584,0.5542082786560059,0.7902580499649048,-0.05311482772231102,0.5445131063461304,0.7865502238273621,-0.0508401095867157
0.5276781320571899,0.7635722756385803,1.0791319837721858e-08,0.5049205422401428,0.7756243944168091,-0.025532349944114685,0.4941341280937195,0.7783493995666504,-0.04588881507515907,0.5086127519607544,0.7925322651863098,-0.06332560628652573,0.5307589173316956,0.8023138642311096,-0.07922843843698502,0.5120325088500977,0.7085578441619873,-0.04091298580169678,0.5203750133514404,0.682666003704071,-0.06270406395196915,0.5344269275665283,0.6717326045036316,-0.07669045776128769,0.550417959690094,0.6602880358695984,-0.08686832338571548,0.5380995273590088,0.6936217546463013,-0.037331681698560715,0.5397255420684814,0.7524762153625488,-0.0640648752450943,0.5300387144088745,0.7860981225967407,-0.07040738314390182,0.5236026048660278,0.7902448177337646,-0.07235070317983627,0.5582572817802429,0.7001636624336243,-0.03588906303048134,0.5567124485969543,0.763369083404541,-0.058372966945171356,0.543232262134552,0.7862353920936584,-0.054955676198005676,0.5342151522636414,0.7846331596374512,-0.049933403730392456,0.5737301111221313,0.714505136013031,-0.03720131888985634,0.570186197757721,0.7647126317024231,-0.055222637951374054,0.5583569407463074,0.7826844453811646,-0.055999044328927994,0.5490432381629944,0.7805272340774536,-0.0532265268266201
0.5284582376480103,0.7675075531005859,4.537357156664257e-09,0.505316436290741,0.7793733477592468,-0.024454127997159958,0.4930323660373688,0.7803015112876892,-0.0440179705619812,0.507612407207489,0.7929676175117493,-0.06105705723166466,0.5303975939750671,0.8035315275192261,-0.07669464498758316,0.5109186172485352,0.7126938104629517,-0.03930635377764702,0.5183239579200745,0.6841014623641968,-0.060193777084350586,0.5325478911399841,0.672482967376709,-0.07312782853841782,0.5481192469596863,0.6617636680603027,-0.0824151560664177,0.5364815592765808,0.6978759169578552,-0.03608326241374016,0.5382798910140991,0.7525216937065125,-0.06133045256137848,0.528968095779419,0.7852338552474976,-0.06663206964731216,0.5230661630630493,0.7874773144721985,-0.06802861392498016,0.5568568110466003,0.7038983702659607,-0.03502477705478668,0.5560459494590759,0.764385998249054,-0.0562637597322464,0.54322749376297,0.7864513993263245,-0.05238759145140648,0.5346324443817139,0.7838791608810425,-0.04737653583288193,0.5730059146881104,0.7178096771240234,-0.03668598085641861,0.5695419907569885,0.7647958397865295,-0.05390240252017975,0.5582100749015808,0.7824956178665161,-0.054237183183431625,0.5492241382598877,0.7804462909698486,-0.05137207731604576
0.5290312170982361,0.7686634659767151,8.47569214812438e-09,0.5053369998931885,0.7798683047294617,-0.02542123571038246,0.4936757981777191,0.7808337807655334,-0.045192331075668335,0.5081394910812378,0.7924718856811523,-0.062301989644765854,0.5304661393165588,0.8022818565368652,-0.07795729488134384,0.5110204219818115,0.7102912664413452,-0.0385519415140152,0.5189248323440552,0.6835616827011108,-0.059631362557411194,0.5327357053756714,0.6724364161491394,-0.07271235436201096,0.5483998656272888,0.6619572639465332,-0.08182402700185776,0.5365731120109558,0.696131706237793,-0.0348125621676445,0.5389834642410278,0.752109706401825,-0.060429174453020096,0.5299180746078491,0.7855712175369263,-0.06606239080429077,0.524207592010498,0.7896548509597778,-0.06715627014636993,0.5570118427276611,0.702849268913269,-0.03339998424053192,0.556098997592926,0.7642568349838257,-0.055713072419166565,0.5428336262702942,0.7874575257301331,-0.052155449986457825,0.5340715050697327,0.7862606048583984,-0.04657125100493431,0.5730470418930054,0.7169007658958435,-0.0346841998398304,0.569571852684021,0.7637755274772644,-0.052369751036167145,0.5582672953605652,0.7821844220161438,-0.05249284580349922,0.5494111180305481,0.7812899947166443,-0.048973146826028824
0.5276879072189331,0.7689277529716492,1.6667379698631635e-09,0.5045758485794067,0.7796708941459656,-0.025480277836322784,0.49340468645095825,0.7795665264129639,-0.045259036123752594,0.5090518593788147,0.7921038269996643,-0.06214006617665291,0.5311259031295776,0.7991911768913269,-0.07747159153223038,0.5111439824104309,0.7110651731491089,-0.04021647945046425,0.5177513360977173,0.6843685507774353,-0.061458975076675415,0.5308899879455566,0.6727647185325623,-0.07544368505477905,0.5459995269775391,0.6621052622795105,-0.08558183163404465,0.5367935299873352,0.6968660950660706,-0.036635756492614746,0.5387372374534607,0.7559799551963806,-0.06257399171590805,0.5286216139793396,0.7861229777336121,-0.06912358105182648,0.5221045017242432,0.7880955338478088,-0.07137797772884369,0.5569249987602234,0.7039241194725037,-0.03524823486804962,0.55594801902771,0.7678254246711731,-0.05642079934477806,0.5422038435935974,0.78640216588974,-0.05282588303089142,0.5333359837532043,0.7817896008491516,-0.048131320625543594,0.5724055171012878,0.7187632322311401,-0.03677619248628616,0.5685896873474121,0.7679163813591003,-0.054374441504478455,0.5559606552124023,0.7841465473175049,-0.0548861138522625,0.546308159828186,0.7813732624053955,-0.0520000234246254
0.5283836722373962,0.7696940302848816,-3.4351954614209035e-09,0.5057699680328369,0.7787745594978333,-0.023516416549682617,0.49283161759376526,0.7770741581916809,-0.042400628328323364,0.5076453685760498,0.7882643342018127,-0.05901198461651802,0.5312895178794861,0.7974266409873962,-0.07441504299640656,0.5105276703834534,0.7093086242675781,-0.03617003560066223,0.5169652700424194,0.6836864948272705,-0.0562889389693737,0.5302578806877136,0.6709400415420532,-0.06991679221391678,0.5450171828269958,0.659312903881073,-0.07993462681770325,0.5367531776428223,0.6959105730056763,-0.03347400203347206,0.5367552638053894,0.7506436705589294,-0.057879794389009476,0.5269210338592529,0.781342625617981,-0.06393413990736008,0.5217084884643555,0.7849239110946655,-0.06590757519006729,0.5574206113815308,0.7034470438957214,-0.03296491131186485,0.5548447966575623,0.7652449011802673,-0.05302838981151581,0.5406950116157532,0.7847369909286499,-0.04958352819085121,0.5321468710899353,0.781686007976532,-0.04496997594833374,0.5734562277793884,0.7187798619270325,-0.03521960973739624,0.5676688551902771,0.766770601272583,-0.051350198686122894,0.5548080205917358,0.7822340726852417,-0.05148523673415184,0.5457250475883484,0.7789335250854492,-0.04858981445431709
0.5273043513298035,0.7734978795051575,5.133940828017103e-09,0.5047590136528015,0.7836581468582153,-0.024500558152794838,0.4925366938114166,0.783111572265625,-0.043840762227773666,0.5074317455291748,0.7927634119987488,-0.06055636703968048,0.5298255681991577,0.798196017742157,-0.07606785744428635,0.5079994797706604,0.7133628129959106,-0.03814054653048515,0.5154833793640137,0.6867421269416809,-0.05934825912117958,0.5294187068939209,0.6738161444664001,-0.07368500530719757,0.5448285937309265,0.6623327136039734,-0.08398546278476715,0.5341073870658875,0.6988390684127808,-0.035066016018390656,0.5359588265419006,0.7525986433029175,-0.06055523082613945,0.5273564457893372,0.7851795554161072,-0.06715735793113708,0.5219613909721375,0.7898816466331482,-0.06941068917512894,0.5551429986953735,0.7049669027328491,-0.0341755710542202,0.5543040633201599,0.7636727690696716,-0.055654048919677734,0.5413978099822998,0.7864224910736084,-0.052432022988796234,0.5324044227600098,0.7854920625686646,-0.04786158353090286,0.5715364813804626,0.7187227606773376,-0.036007385700941086,0.5672350525856018,0.7659212946891785,-0.05370122939348221,0.5545077919960022,0.7843490839004517,-0.05415784940123558,0.5445414185523987,0.7833254933357239,-0.05127411335706711
0.5267078876495361,0.7720971703529358,-9.951394375207201e-09,0.5044004321098328,0.7824533581733704,-0.02425738051533699,0.4922912120819092,0.7820026278495789,-0.04333405941724777,0.5071367025375366,0.7923041582107544,-0.059883054345846176,0.5299505591392517,0.7988738417625427,-0.07501570135354996,0.5093992352485657,0.7109411358833313,-0.03658129647374153,0.516665518283844,0.6867449879646301,-0.05750987306237221,0.5297730565071106,0.6741992831230164,-0.07133173942565918,0.5448504686355591,0.6618942022323608,-0.08137033134698868,0.5348216891288757,0.695989191532135,-0.033459268510341644,0.5367889404296875,0.7524290680885315,-0.05783254653215408,0.5259474515914917,0.7837167382240295,-0.06327352672815323,0.5200347304344177,0.7858036756515503,-0.06490899622440338,0.5549050569534302,0.7028014063835144,-0.032752592116594315,0.5548322796821594,0.7646538019180298,-0.05359341949224472,0.5404236316680908,0.785470724105835,-0.04989301413297653,0.5319187641143799,0.7824697494506836,-0.04509671404957771,0.5708825588226318,0.7181801795959473,-0.03481649234890938,0.5671067237854004,0.7666844129562378,-0.05232895910739899,0.5547874569892883,0.783371090888977,-0.05315640941262245,0.546252429485321,0.780781626701355,-0.050623904913663864
0.5271727442741394,0.7717807292938232,7.398616386211643e-09,0.5047630667686462,0.7823467254638672,-0.024357810616493225,0.49287426471710205,0.7823241949081421,-0.04385203495621681,0.5081976056098938,0.7928401231765747,-0.060839321464300156,0.5303757786750793,0.7989698052406311,-0.07642718404531479,0.5071620345115662,0.7125537395477295,-0.037865519523620605,0.5149884223937988,0.685486376285553,-0.05845370516180992,0.5289810299873352,0.6724780797958374,-0.07181479036808014,0.5445584654808044,0.6607871651649475,-0.08150357007980347,0.5334414839744568,0.6979134678840637,-0.03456426039338112,0.5357744097709656,0.7521470189094543,-0.05921671912074089,0.5275775194168091,0.7846939563751221,-0.06475348025560379,0.5228012204170227,0.7885129451751709,-0.06636488437652588,0.554775059223175,0.7038524150848389,-0.03347816690802574,0.5544247031211853,0.7637738585472107,-0.0537836030125618,0.5419832468032837,0.7855315208435059,-0.04962627589702606,0.5338192582130432,0.7831869125366211,-0.04461190849542618,0.5714382529258728,0.717507004737854,-0.035223204642534256,0.5677391886711121,0.7654879689216614,-0.05166909843683243,0.5564238429069519,0.7822641134262085,-0.05181765556335449,0.5477805733680725,0.7790192365646362,-0.048927925527095795
0.5285242795944214,0.7723602056503296,2.6787025930730124e-09,0.5054175853729248,0.7831459045410156,-0.02436802163720131,0.4924086630344391,0.7823989391326904,-0.04367806017398834,0.5070918798446655,0.7915286421775818,-0.060438163578510284,0.5300552845001221,0.7980928421020508,-0.0757848471403122,0.5073584318161011,0.7118952870368958,-0.03746065869927406,0.5145819783210754,0.684799075126648,-0.05830203369259834,0.5283782482147217,0.6719076037406921,-0.0720609724521637,0.5433859825134277,0.6599289178848267,-0.08206482976675034,0.5334696769714355,0.6970234513282776,-0.034285977482795715,0.5349251627922058,0.751002848148346,-0.05917570739984512,0.5264419913291931,0.7829738855361938,-0.0650501549243927,0.5216876864433289,0.7853372693061829,-0.06691073626279831,0.5546252131462097,0.7032270431518555,-0.033364273607730865,0.5537775158882141,0.7633266448974609,-0.05395195633172989,0.5411494374275208,0.7851646542549133,-0.04999054595828056,0.5331493616104126,0.782477080821991,-0.04509784281253815,0.5713822841644287,0.7175436019897461,-0.03526214510202408,0.5670841932296753,0.7653117775917053,-0.05215002968907356,0.5554639101028442,0.7822614312171936,-0.05237455293536186,0.5468677282333374,0.7790234684944153,-0.049481071531772614
0.5273945927619934,0.7694578170776367,-1.1659653686990623e-08,0.5039128065109253,0.7801963686943054,-0.02406504563987255,0.4920429289340973,0.7811515927314758,-0.04347826912999153,0.507352888584137,0.792021632194519,-0.060604650527238846,0.529396116733551,0.7988729476928711,-0.0761515200138092,0.5098776817321777,0.7099949717521667,-0.035801906138658524,0.5174727439880371,0.6845053434371948,-0.056215912103652954,0.5303608179092407,0.6721500754356384,-0.06923683732748032,0.5449348092079163,0.660249650478363,-0.07884510606527328,0.535180389881134,0.695300281047821,-0.032945070415735245,0.5358652472496033,0.7513145208358765,-0.05676368996500969,0.5249316692352295,0.7830625772476196,-0.06163781136274338,0.5193913578987122,0.7833923697471619,-0.06314080208539963,0.5551365613937378,0.7020779848098755,-0.03255687281489372,0.5547704696655273,0.7629634737968445,-0.05314020439982414,0.5405308604240417,0.784389853477478,-0.048970140516757965,0.5324253439903259,0.7803596258163452,-0.04413853585720062,0.5710786581039429,0.7176786065101624,-0.03496147692203522,0.56719970703125,0.7665396928787231,-0.052332356572151184,0.5549821257591248,0.7832280397415161,-0.05305507779121399,0.5466458797454834,0.7793499827384949,-0.05064086616039276
0.5283008217811584,0.7748646140098572,-1.2512481717408264e-08,0.5046699643135071,0.7839312553405762,-0.022768788039684296,0.4926905632019043,0.7830858826637268,-0.04133670777082443,0.507378876209259,0.7936662435531616,-0.05774158239364624,0.5294702053070068,0.8009947538375854,-0.07278608530759811,0.5095277428627014,0.7132222652435303,-0.03530559316277504,0.517164409160614,0.6868366599082947,-0.05486603453755379,0.5304632186889648,0.6743743419647217,-0.06754858791828156,0.5455042719841003,0.6633096933364868,-0.0767270103096962,0.534961462020874,0.6989230513572693,-0.03267965465784073,0.5380392670631409,0.7552063465118408,-0.056548167020082474,0.5292803049087524,0.7867997288703918,-0.062038298696279526,0.5239561200141907,0.7906385064125061,-0.06352371722459793,0.5558726787567139,0.705329954624176,-0.0321657694876194,0.555522620677948,0.7671242952346802,-0.051950737833976746,0.5423544049263,0.7876778244972229,-0.048314157873392105,0.5338913202285767,0.7854782938957214,-0.043601199984550476,0.5723530054092407,0.7197721004486084,-0.03435630723834038,0.5684216022491455,0.7692886590957642,-0.05066686123609543,0.5562138557434082,0.7858333587646484,-0.05115794762969017,0.547076940536499,0.7833194732666016,-0.04842155799269676
0.5286986231803894,0.7723169922828674,-1.516652936572882e-08,0.5055304765701294,0.7837812304496765,-0.02362244203686714,0.49404996633529663,0.7843541502952576,-0.04210536181926727,0.5087594389915466,0.7963505983352661,-0.05804002285003662,0.5308383107185364,0.8033050298690796,-0.0725620687007904,0.5109660029411316,0.713375449180603,-0.03640007972717285,0.5187634825706482,0.6874309778213501,-0.055889908224344254,0.5325161814689636,0.6756221652030945,-0.06919783353805542,0.5481679439544678,0.6645861268043518,-0.07905415445566177,0.5364377498626709,0.6987832188606262,-0.03309236839413643,0.5376981496810913,0.7589205503463745,-0.056982316076755524,0.5285313129425049,0.7892569899559021,-0.06323494762182236,0.5229333639144897,0.7929418087005615,-0.06569255143404007,0.5569844245910645,0.7052471041679382,-0.03187969699501991,0.5555568933486938,0.7685235142707825,-0.051703013479709625,0.5428324937820435,0.7884100079536438,-0.04872522130608559,0.5346132516860962,0.7871357202529907,-0.044665802270174026,0.5731719732284546,0.7189747095108032,-0.03341267630457878,0.5694902539253235,0.7678378820419312,-0.04986417666077614,0.5580030679702759,0.784766435623169,-0.05072811618447304,0.5491601824760437,0.7839148044586182,-0.04838467016816139
0.5302574634552002,0.7746931314468384,-7.2619581459321125e-09,0.506329357624054,0.7848636507987976,-0.0232580304145813,0.49384722113609314,0.7847574949264526,-0.04160177707672119,0.5080530047416687,0.7964032888412476,-0.057595618069171906,0.529882550239563,0.8044968843460083,-0.07219847291707993,0.5104587078094482,0.7129730582237244,-0.035046473145484924,0.5191657543182373,0.6882041096687317,-0.054156553000211716,0.5326930284500122,0.6763014197349548,-0.06667990237474442,0.5480600595474243,0.6656548380851746,-0.07587333023548126,0.5357592105865479,0.6997782588005066,-0.03190293163061142,0.5388492941856384,0.7582003474235535,-0.05531694367527962,0.528358519077301,0.7885730862617493,-0.060839537531137466,0.5223768949508667,0.7912666201591492,-0.06268154829740524,0.556425154209137,0.7066205739974976,-0.03097970224916935,0.5565496683120728,0.7690093517303467,-0.05124076083302498,0.5427329540252686,0.78916335105896,-0.0482960008084774,0.5343648195266724,0.7870890498161316,-0.04403805360198021,0.57294762134552,0.7205936312675476,-0.03267578408122063,0.5702883005142212,0.7684268951416016,-0.04939596354961395,0.5583869814872742,0.7853707075119019,-0.05025728791952133,0.5498069524765015,0.7838428020477295,-0.04785728454589844
0.5293263792991638,0.7739489078521729,4.303556622176075e-09,0.5059964656829834,0.7843999862670898,-0.025217169895768166,0.49472519755363464,0.7858651876449585,-0.045134495943784714,0.5107664465904236,0.7983946800231934,-0.062217339873313904,0.5321806073188782,0.8035107851028442,-0.07783142477273941,0.5106360912322998,0.7134482860565186,-0.03895292803645134,0.5183312892913818,0.6883540749549866,-0.06025511026382446,0.53242427110672,0.6758783459663391,-0.074327751994133,0.548744261264801,0.6643808484077454,-0.08449140191078186,0.536842942237854,0.699265718460083,-0.035443659871816635,0.539239227771759,0.758381187915802,-0.060812607407569885,0.5296032428741455,0.7902016639709473,-0.06664478778839111,0.5237271785736084,0.7922612428665161,-0.0684780701994896,0.5577738285064697,0.7062608003616333,-0.0342741422355175,0.5566152930259705,0.7694592475891113,-0.05548654496669769,0.5426687598228455,0.7904351353645325,-0.051557037979364395,0.5333601236343384,0.787254810333252,-0.046655114740133286,0.5738100409507751,0.7207471132278442,-0.03598503768444061,0.5693826675415039,0.7709377408027649,-0.05379722639918327,0.5564650893211365,0.7886608839035034,-0.05443967133760452,0.5465559363365173,0.7866610288619995,-0.05169405788183212
0.531299352645874,0.7719467282295227,-4.0157646097327415e-09,0.5080249905586243,0.7824468016624451,-0.024043014273047447,0.4954990744590759,0.7824584245681763,-0.04324153810739517,0.5109673142433167,0.7944269180297852,-0.05972283333539963,0.5336684584617615,0.8000569343566895,-0.07464999705553055,0.5113028287887573,0.7134183049201965,-0.038152389228343964,0.5189144015312195,0.687100350856781,-0.05924726650118828,0.533412516117096,0.6744014620780945,-0.0730312317609787,0.5493876338005066,0.6625333428382874,-0.08314432948827744,0.5376473069190979,0.6986464858055115,-0.03489363193511963,0.5391871333122253,0.7555255889892578,-0.05953901261091232,0.5301312208175659,0.7880251407623291,-0.06453746557235718,0.5251661539077759,0.7898035049438477,-0.06602806597948074,0.5585072636604309,0.705321192741394,-0.03392117843031883,0.5572528839111328,0.76847243309021,-0.05408938601613045,0.5438662171363831,0.7892735004425049,-0.04936370998620987,0.5354651212692261,0.7845410108566284,-0.04430004954338074,0.5747654438018799,0.720124363899231,-0.035774730145931244,0.5693210959434509,0.7702604532241821,-0.05274515226483345,0.5570303201675415,0.7871299386024475,-0.05296124517917633,0.5481692552566528,0.7830860614776611,-0.050201620906591415
0.5290819406509399,0.7713357210159302,-6.804631524914839e-09,0.5050506591796875,0.781995952129364,-0.02532110922038555,0.49229976534843445,0.782196581363678,-0.04505307972431183,0.5068782567977905,0.794632077217102,-0.06186997890472412,0.5291232466697693,0.8010736107826233,-0.07721974700689316,0.5107495188713074,0.7122862935066223,-0.039282798767089844,0.5191493630409241,0.68742835521698,-0.06072569638490677,0.5333038568496704,0.6752039790153503,-0.07448168098926544,0.5492093563079834,0.6633521318435669,-0.08440625667572021,0.5374664068222046,0.6985788345336914,-0.03562748059630394,0.5388935804367065,0.7561238408088684,-0.06085880473256111,0.5280821323394775,0.7888319492340088,-0.06600319594144821,0.5223349332809448,0.7902097105979919,-0.06734239310026169,0.5582360625267029,0.7057656645774841,-0.03438866510987282,0.5571715831756592,0.7686441540718079,-0.0561458058655262,0.5423173904418945,0.7893944978713989,-0.05212034285068512,0.5332523584365845,0.7839312553405762,-0.047048505395650864,0.5739619135856628,0.7205411195755005,-0.03591545298695564,0.5693389773368835,0.7695404291152954,-0.0542074590921402,0.556587815284729,0.7870715260505676,-0.05483950302004814,0.5474614500999451,0.7836475968360901,-0.0521082803606987
0.5286766290664673,0.7748420238494873,-8.72667893503376e-09,0.5057397484779358,0.7843794822692871,-0.023589279502630234,0.49383214116096497,0.7837116718292236,-0.04237321764230728,0.5085173845291138,0.7977069020271301,-0.05875881016254425,0.5308685898780823,0.8066413402557373,-0.07397618144750595,0.5117801427841187,0.7127649784088135,-0.03602804243564606,0.5205264091491699,0.6887784600257874,-0.05576154962182045,0.5343424081802368,0.6767977476119995,-0.06884956359863281,0.5497106909751892,0.6656650304794312,-0.07840196788311005,0.538038432598114,0.6995092630386353,-0.03297150135040283,0.5396798253059387,0.7559943199157715,-0.056822579354047775,0.5287879705429077,0.788567841053009,-0.06228388473391533,0.5227041840553284,0.7931011319160461,-0.06379547715187073,0.5587763786315918,0.7067919373512268,-0.03212722763419151,0.5572465658187866,0.7697693109512329,-0.052109356969594955,0.5431180596351624,0.7910423874855042,-0.04841736704111099,0.5346091985702515,0.7888062596321106,-0.04353800788521767,0.5747214555740356,0.7217541337013245,-0.03398922085762024,0.569632887840271,0.7701385021209717,-0.04993536323308945,0.5571895241737366,0.7879694700241089,-0.04981100931763649,0.5484535098075867,0.7864916324615479,-0.046691615134477615
0.5291815996170044,0.7662439346313477,-1.0663844252079002e-09,0.5060977339744568,0.7780354022979736,-0.025568727403879166,0.4953494369983673,0.7818729281425476,-0.046022627502679825,0.5105583071708679,0.7987917065620422,-0.06344882398843765,0.5312115550041199,0.8067764043807983,-0.07900743931531906,0.5124565362930298,0.712775468826294,-0.041593171656131744,0.5203653573989868,0.6893627643585205,-0.06488187611103058,0.53460693359375,0.6776742935180664,-0.07902105897665024,0.550754189491272,0.6652104258537292,-0.0890420600771904,0.5378531217575073,0.6981902122497559,-0.0377652607858181,0.5389209389686584,0.7583004832267761,-0.0642341822385788,0.5282225608825684,0.7911356687545776,-0.06839130073785782,0.5226020216941833,0.7890808582305908,-0.06901856511831284,0.5578118562698364,0.7045696973800659,-0.036392174661159515,0.5580976605415344,0.7696036100387573,-0.05878963693976402,0.5433300137519836,0.7915220856666565,-0.05294763669371605,0.5344322323799133,0.7847034335136414,-0.04658685624599457,0.573293924331665,0.7192213535308838,-0.037933941930532455,0.5699077248573303,0.7716407775878906,-0.057024866342544556,0.5579357743263245,0.789020836353302,-0.05774550512433052,0.5495676398277283,0.7836351990699768,-0.05490057170391083
0.5299351811408997,0.7691196203231812,-3.0809843565293704e-09,0.5067803859710693,0.7806673049926758,-0.0242680124938488,0.49475595355033875,0.7827401161193848,-0.04349597916007042,0.5094807147979736,0.7975539565086365,-0.059915509074926376,0.5311858057975769,0.8057620525360107,-0.07515852153301239,0.5108047723770142,0.7119712233543396,-0.03830042481422424,0.5202467441558838,0.6877762079238892,-0.057800985872745514,0.5337679386138916,0.6750090718269348,-0.07068741321563721,0.5489566326141357,0.6634123921394348,-0.08042437583208084,0.5369531512260437,0.6981658935546875,-0.03478298336267471,0.5402058959007263,0.754307210445404,-0.058417610824108124,0.5297980308532715,0.7892614603042603,-0.06330491602420807,0.523952066898346,0.7955456376075745,-0.06477416306734085,0.5572772026062012,0.7047049403190613,-0.03336649015545845,0.5578667521476746,0.7662628293037415,-0.053751520812511444,0.5439313650131226,0.789340078830719,-0.0501025915145874,0.5351573824882507,0.7881454229354858,-0.045494988560676575,0.573162317276001,0.7190663814544678,-0.034573569893836975,0.5695851445198059,0.767483651638031,-0.051639605313539505,0.557969868183136,0.7865318059921265,-0.05222349241375923,0.5492690801620483,0.7855226397514343,-0.04972139373421669
0.5298197269439697,0.7707517147064209,1.567045870842776e-08,0.5069717168807983,0.7835302948951721,-0.025473367422819138,0.4944641888141632,0.7858076691627502,-0.04579119011759758,0.5094552040100098,0.7985143065452576,-0.06335309147834778,0.5317801237106323,0.806965172290802,-0.07940369099378586,0.5101495385169983,0.7143294811248779,-0.03922935947775841,0.5185633897781372,0.6894331574440002,-0.06030365452170372,0.5331779718399048,0.6779980659484863,-0.0736626535654068,0.5494959354400635,0.6665052771568298,-0.08342892676591873,0.5348878502845764,0.6994743943214417,-0.03554443269968033,0.5397247672080994,0.7563451528549194,-0.0612463504076004,0.5305637121200562,0.7909383773803711,-0.06692687422037125,0.524838924407959,0.7944439649581909,-0.06846237182617188,0.5552664995193481,0.704841136932373,-0.034115977585315704,0.5582131147384644,0.7673285007476807,-0.05616407468914986,0.5446048378944397,0.7910357713699341,-0.0526406429708004,0.5354635119438171,0.7883766293525696,-0.04759922996163368,0.5717254877090454,0.7180418968200684,-0.03545612841844559,0.5709514021873474,0.7672750353813171,-0.05324316397309303,0.5595446825027466,0.7862124443054199,-0.05401233583688736,0.5506258010864258,0.7838476300239563,-0.05134750157594681
0.5283070802688599,0.7721292972564697,1.2985378328167485e-09,0.5049842000007629,0.7835785746574402,-0.024530529975891113,0.49240636825561523,0.7848450541496277,-0.043827611953020096,0.5076015591621399,0.7982274293899536,-0.060423873364925385,0.5305072665214539,0.8068422079086304,-0.07568677514791489,0.5100535154342651,0.7134418487548828,-0.0380365327000618,0.5194078683853149,0.6887456774711609,-0.05807667225599289,0.5340384244918823,0.6772443056106567,-0.070968396961689,0.5501149296760559,0.6667430400848389,-0.08048270642757416,0.5359228253364563,0.6995963454246521,-0.03445129096508026,0.5394490957260132,0.7566473484039307,-0.058746736496686935,0.529218316078186,0.7908465266227722,-0.06387437880039215,0.5234123468399048,0.7951805591583252,-0.0652855634689331,0.5565131306648254,0.7060907483100891,-0.03305912762880325,0.5578612089157104,0.7685582637786865,-0.05421365052461624,0.5436647534370422,0.791732668876648,-0.05045314505696297,0.5346399545669556,0.7899069786071777,-0.04543234780430794,0.5727392435073853,0.7202163934707642,-0.03435390070080757,0.5704662203788757,0.7685828804969788,-0.051935143768787384,0.5587853789329529,0.7873257994651794,-0.052491314709186554,0.5500187873840332,0.7858419418334961,-0.04967394098639488
0.5283108949661255,0.7708278298377991,-3.4820877292673913e-09,0.5058385729789734,0.7828476428985596,-0.024630436673760414,0.49421805143356323,0.7842633724212646,-0.04417099431157112,0.5094571709632874,0.7966551780700684,-0.06092298775911331,0.5311681032180786,0.8033984303474426,-0.07617916166782379,0.5112481117248535,0.7124245166778564,-0.03834213316440582,0.5197911262512207,0.6876335144042969,-0.05829557776451111,0.5335065722465515,0.6750995516777039,-0.07130631059408188,0.5490500926971436,0.6629639863967896,-0.08119523525238037,0.5367593169212341,0.6973129510879517,-0.03469756245613098,0.5403380393981934,0.7554106712341309,-0.05864335596561432,0.530044436454773,0.7882779836654663,-0.06366230547428131,0.524122416973114,0.7913975119590759,-0.06539493054151535,0.5569549798965454,0.7033445239067078,-0.0332452692091465,0.5580650568008423,0.7666691541671753,-0.05302613973617554,0.5440762639045715,0.787616491317749,-0.0486614815890789,0.5353084802627563,0.7843809723854065,-0.04400987923145294,0.5727750062942505,0.7175726890563965,-0.03466343507170677,0.5704476833343506,0.7672514319419861,-0.051309481263160706,0.5586504936218262,0.784366250038147,-0.051971469074487686,0.5499952435493469,0.7813034057617188,-0.049739398062229156
0.5244924426078796,0.7748540043830872,2.0789615362559744e-08,0.5013090372085571,0.7855758666992188,-0.026659192517399788,0.4907582700252533,0.7862157821655273,-0.046864334493875504,0.5071809887886047,0.7979221343994141,-0.063897505402565,0.5287289023399353,0.8040199279785156,-0.07987907528877258,0.504943311214447,0.7181534767150879,-0.043003346771001816,0.5129820108413696,0.6878446936607361,-0.0653388723731041,0.5272741317749023,0.6745287775993347,-0.07972829043865204,0.5431103110313416,0.6638567447662354,-0.08944959938526154,0.5314116477966309,0.7053061127662659,-0.038599930703639984,0.5376599431037903,0.7548524737358093,-0.06622377783060074,0.5297306180000305,0.7891616821289062,-0.07323116809129715,0.5224118828773499,0.7962913513183594,-0.07497026026248932,0.5529703497886658,0.7106386423110962,-0.03625692054629326,0.5542845726013184,0.7649745345115662,-0.05983078107237816,0.5421334505081177,0.7900665402412415,-0.0578184574842453,0.5315890312194824,0.7912731170654297,-0.0532408207654953,0.5693072080612183,0.7220261096954346,-0.036500122398138046,0.5677973031997681,0.7661292552947998,-0.05507858470082283,0.5551699995994568,0.7868453860282898,-0.05580237880349159,0.5427772998809814,0.7884110808372498,-0.05273014307022095
0.5268442034721375,0.7722020745277405,4.869729508527598e-09,0.5040026307106018,0.7834045886993408,-0.023992517963051796,0.4912000298500061,0.7841970920562744,-0.043060727417469025,0.5051034092903137,0.7971365451812744,-0.05950749292969704,0.5276059508323669,0.8055296540260315,-0.07499122619628906,0.5085432529449463,0.7150298357009888,-0.03818478807806969,0.516660749912262,0.6909410953521729,-0.05913625657558441,0.5302571654319763,0.6781712770462036,-0.07324371486902237,0.5455437898635864,0.6655781269073486,-0.08357696980237961,0.534511387348175,0.7006958723068237,-0.03549201041460037,0.5395017862319946,0.7541491985321045,-0.06128185614943504,0.5294082760810852,0.788672149181366,-0.06738979369401932,0.5229059457778931,0.7950645685195923,-0.06906403601169586,0.555145800113678,0.7071718573570251,-0.03493132069706917,0.5559643507003784,0.767806351184845,-0.05647572875022888,0.5415688157081604,0.7913813591003418,-0.05340806022286415,0.5321640968322754,0.7904090881347656,-0.04883209243416786,0.5707170963287354,0.7214411497116089,-0.03705054894089699,0.56725013256073,0.7707418203353882,-0.05427336320281029,0.5523454546928406,0.7903749942779541,-0.05485139414668083,0.5408093333244324,0.7896012663841248,-0.052268825471401215
0.5307703614234924,0.7711217403411865,1.3309718660536873e-08,0.508089542388916,0.7831529974937439,-0.02525961585342884,0.49387410283088684,0.7850561141967773,-0.04547050967812538,0.5076831579208374,0.7951085567474365,-0.06278972327709198,0.5303919315338135,0.8003023862838745,-0.07872194051742554,0.5082110166549683,0.7162092328071594,-0.04112432524561882,0.5155378580093384,0.6892626285552979,-0.06507821381092072,0.5301474928855896,0.6761346459388733,-0.07992887496948242,0.5457501411437988,0.6628009676933289,-0.09023269265890121,0.5340239405632019,0.7008630633354187,-0.03818006068468094,0.5381612181663513,0.7461276054382324,-0.06579216569662094,0.5293151140213013,0.7833749651908875,-0.07046210765838623,0.5241950154304504,0.7879409790039062,-0.07073850929737091,0.5550042390823364,0.7059808373451233,-0.037740595638751984,0.5575602650642395,0.7613295912742615,-0.06147383525967598,0.5436346530914307,0.7879600524902344,-0.056714266538619995,0.5344181060791016,0.7860686779022217,-0.05056397616863251,0.5715352296829224,0.7195592522621155,-0.0400298647582531,0.5700259208679199,0.7665300369262695,-0.05948370695114136,0.5567425489425659,0.7862666845321655,-0.060094285756349564,0.5464227199554443,0.7835301160812378,-0.057169944047927856
0.5299386382102966,0.7741071581840515,3.6526892621679963e-09,0.5069632530212402,0.7851048707962036,-0.02502691186964512,0.49440819025039673,0.7868876457214355,-0.04528878256678581,0.5087274312973022,0.797054648399353,-0.06280677765607834,0.5298404097557068,0.8019460439682007,-0.07907947152853012,0.5101870894432068,0.7151773571968079,-0.03964311629533768,0.5186527371406555,0.6903578639030457,-0.060530759394168854,0.5320404171943665,0.6779816150665283,-0.07410510629415512,0.5469484925270081,0.6656650900840759,-0.08417699486017227,0.5353777408599854,0.7002628445625305,-0.03664417564868927,0.5398721098899841,0.7538406252861023,-0.061849258840084076,0.530367910861969,0.7878424525260925,-0.06750955432653427,0.5245316028594971,0.7930837869644165,-0.06923572719097137,0.5554641485214233,0.7060108780860901,-0.03581070899963379,0.558525562286377,0.7655537128448486,-0.05764266103506088,0.5450259447097778,0.7897314429283142,-0.05432775616645813,0.5362225770950317,0.7891234755516052,-0.04970379173755646,0.5716882944107056,0.7203960418701172,-0.03770440071821213,0.5710078477859497,0.7683903574943542,-0.05573667213320732,0.557282567024231,0.7883235216140747,-0.05675651133060455,0.5465413331985474,0.7875902056694031,-0.054443344473838806
0.5279443860054016,0.7781574130058289,1.3550551791752241e-08,0.5036720633506775,0.78886878490448,-0.025478871539235115,0.4917025566101074,0.789652943611145,-0.04610927030444145,0.5068852305412292,0.8004816770553589,-0.06392575055360794,0.5289621949195862,0.8066669702529907,-0.08035847544670105,0.5085161328315735,0.7199581861495972,-0.04104634374380112,0.516055703163147,0.6938571333885193,-0.06400057673454285,0.530193567276001,0.6816871166229248,-0.0789056047797203,0.5459991693496704,0.6688706278800964,-0.08961152285337448,0.5339791774749756,0.7043213844299316,-0.03784973919391632,0.5388550758361816,0.7581331729888916,-0.06471877545118332,0.5294649004936218,0.7918911576271057,-0.07060504704713821,0.5234962105751038,0.7937646508216858,-0.07227985560894012,0.5544288158416748,0.7096666693687439,-0.03697095438838005,0.5568504929542542,0.7695171236991882,-0.05933469906449318,0.5430506467819214,0.7922785878181458,-0.0553310289978981,0.5339692831039429,0.7883648872375488,-0.050361257046461105,0.5703800916671753,0.7238181829452515,-0.03898433595895767,0.5687897801399231,0.7737621068954468,-0.05721104517579079,0.5551084876060486,0.7921899557113647,-0.05801441892981529,0.5444535613059998,0.7890051007270813,-0.05558411404490471
0.5276735424995422,0.7834627032279968,1.3662287301485776e-08,0.5032601356506348,0.7961344122886658,-0.026151003316044807,0.49209195375442505,0.7983958125114441,-0.04635006561875343,0.5077630281448364,0.8101491332054138,-0.0632934421300888,0.5303111672401428,0.8164247274398804,-0.07873696833848953,0.5084172487258911,0.7301070690155029,-0.042863231152296066,0.5162707567214966,0.7019456624984741,-0.06549299508333206,0.5309568047523499,0.6895028352737427,-0.08005096763372421,0.5469444990158081,0.6772477030754089,-0.09044613689184189,0.5336366295814514,0.7136890292167664,-0.03865876793861389,0.539444625377655,0.7666662931442261,-0.06583410501480103,0.5298435091972351,0.8002569675445557,-0.07187248766422272,0.522786557674408,0.8043212294578552,-0.0733913779258728,0.5540018677711487,0.7178862690925598,-0.036569032818078995,0.5557169318199158,0.7803229689598083,-0.057740386575460434,0.5415580868721008,0.801967978477478,-0.053667761385440826,0.5321263074874878,0.7981547117233276,-0.04871600493788719,0.5696544647216797,0.7303460240364075,-0.037533242255449295,0.5670782327651978,0.7828265428543091,-0.054595448076725006,0.5528720021247864,0.8011618256568909,-0.055372804403305054,0.5418358445167542,0.7982001900672913,-0.052913133054971695
0.5281497240066528,0.7809150815010071,2.0327275862541683e-08,0.5045995116233826,0.7915101647377014,-0.02560046873986721,0.4924400746822357,0.7919267416000366,-0.045934487134218216,0.5084431171417236,0.8013315200805664,-0.06320501863956451,0.5307561755180359,0.8068323731422424,-0.07902956008911133,0.5069946050643921,0.7232915163040161,-0.041621241718530655,0.514326810836792,0.6955350637435913,-0.06495554000139236,0.5294516682624817,0.6829710602760315,-0.07979778945446014,0.5455120801925659,0.6703751087188721,-0.09030631929636002,0.5328737497329712,0.7075275182723999,-0.038199812173843384,0.5372950434684753,0.75641268491745,-0.06501951068639755,0.5289673209190369,0.7914188504219055,-0.07031914591789246,0.5235950946807861,0.7941197156906128,-0.07152047753334045,0.5537763237953186,0.7125231623649597,-0.037139710038900375,0.5556765198707581,0.769448459148407,-0.059863001108169556,0.5427968502044678,0.7938450574874878,-0.05546462535858154,0.5341947078704834,0.7902520298957825,-0.050061922520399094,0.5703593492507935,0.7260332107543945,-0.03887481242418289,0.568027913570404,0.7735277414321899,-0.057606399059295654,0.5553246736526489,0.7928646206855774,-0.05810419097542763,0.5455012917518616,0.7897171378135681,-0.05529053881764412
0.5284703373908997,0.7824638485908508,1.654333914302697e-08,0.5046060681343079,0.7936514019966125,-0.02527650073170662,0.4915657341480255,0.7945099472999573,-0.04551910236477852,0.5061880350112915,0.8041494488716125,-0.06302598118782043,0.5292782783508301,0.8117269277572632,-0.07909256219863892,0.5078051090240479,0.7251263856887817,-0.04011978954076767,0.5155719518661499,0.698836624622345,-0.06356046348810196,0.5299290418624878,0.6871708035469055,-0.07853692024946213,0.5459370017051697,0.6750599145889282,-0.08910501003265381,0.5330951809883118,0.70893794298172,-0.03706948459148407,0.5388202667236328,0.7598345279693604,-0.06432433426380157,0.5293151140213013,0.7944443821907043,-0.06981704384088516,0.5235244035720825,0.7973130941390991,-0.07093824446201324,0.5538622140884399,0.7137830853462219,-0.036495767533779144,0.5568796992301941,0.7731353044509888,-0.05944742634892464,0.5427682995796204,0.7974117994308472,-0.05540866404771805,0.5336786508560181,0.7944843769073486,-0.05013108253479004,0.5703153014183044,0.7271775603294373,-0.03878774121403694,0.5690690875053406,0.7777090668678284,-0.05732133612036705,0.5554049611091614,0.7966037392616272,-0.05823829397559166,0.5449931025505066,0.7935062646865845,-0.055801257491111755
0.5275890827178955,0.7830119132995605,2.0334521622089596e-08,0.5046409964561462,0.7946460247039795,-0.02639581821858883,0.4931038022041321,0.7963459491729736,-0.04741786792874336,0.5088692307472229,0.8065342903137207,-0.06535130739212036,0.5307958126068115,0.8128534555435181,-0.0818827748298645,0.5074418187141418,0.723965048789978,-0.04185641556978226,0.5160715579986572,0.6990000009536743,-0.06549675762653351,0.5300852656364441,0.6870883107185364,-0.0807434618473053,0.5460660457611084,0.6757563352584839,-0.09141159802675247,0.532998263835907,0.7085797786712646,-0.03839687258005142,0.5404922366142273,0.7606862783432007,-0.06669711321592331,0.5308296084403992,0.7961933016777039,-0.07290042191743851,0.5244630575180054,0.800643265247345,-0.07420893758535385,0.5539823770523071,0.7136926054954529,-0.037386421114206314,0.5583890080451965,0.7724153399467468,-0.06156660243868828,0.5441632270812988,0.7981445789337158,-0.058032430708408356,0.5344661474227905,0.7973495721817017,-0.0526542142033577,0.5703434348106384,0.7267504930496216,-0.03923726826906204,0.5709426999092102,0.7763058543205261,-0.05900435894727707,0.5570536255836487,0.7962896227836609,-0.060366544872522354,0.5457431077957153,0.7949501276016235,-0.05788281559944153
0.5269735455513,0.7879115343093872,-7.3612120843336015e-09,0.5053424835205078,0.7992531061172485,-0.026121053844690323,0.4945165812969208,0.8004122972488403,-0.046618152409791946,0.5108628273010254,0.8091229796409607,-0.06400557607412338,0.5318716168403625,0.8118792772293091,-0.0798560231924057,0.5074106454849243,0.7269277572631836,-0.040802109986543655,0.516009509563446,0.7024593949317932,-0.06394773721694946,0.5296527147293091,0.6895087361335754,-0.07891936600208282,0.5450525283813477,0.6768343448638916,-0.08944015204906464,0.5329849720001221,0.7103753685951233,-0.037119582295417786,0.5396875143051147,0.7642914056777954,-0.06370636075735092,0.5293979048728943,0.798712968826294,-0.06893029808998108,0.5230891704559326,0.7995661497116089,-0.07017336040735245,0.5541539192199707,0.714948296546936,-0.03596805781126022,0.559689998626709,0.7737134695053101,-0.05843512341380119,0.5447869300842285,0.798081636428833,-0.05372098833322525,0.534663200378418,0.7949092388153076,-0.0482865646481514,0.5702064037322998,0.7280861735343933,-0.0378086157143116,0.5715441703796387,0.777755081653595,-0.05705130472779274,0.5576733350753784,0.7966603636741638,-0.05815192684531212,0.5466372966766357,0.7937493324279785,-0.05571926757693291
0.5296893119812012,0.7844036221504211,-1.2615791744607918e-09,0.5065353512763977,0.793688178062439,-0.024798862636089325,0.4942169189453125,0.793021559715271,-0.044471144676208496,0.510307788848877,0.8029863834381104,-0.06133297085762024,0.5319682955741882,0.8071765899658203,-0.07661072164773941,0.5088812112808228,0.7212021946907043,-0.038450367748737335,0.516670823097229,0.696462094783783,-0.061277199536561966,0.5307184457778931,0.6842406392097473,-0.07574089616537094,0.5463061928749084,0.6714503169059753,-0.08584718406200409,0.534916877746582,0.7064648270606995,-0.035405367612838745,0.5396816730499268,0.756249189376831,-0.0615653432905674,0.5285900235176086,0.7902386784553528,-0.06629644334316254,0.5223483443260193,0.7912347316741943,-0.06691671162843704,0.555921196937561,0.7126608490943909,-0.034960150718688965,0.558401346206665,0.7713549733161926,-0.05714307725429535,0.5431516766548157,0.794727623462677,-0.05258037522435188,0.5337875485420227,0.7900877594947815,-0.04698562249541283,0.5722475051879883,0.7275552153587341,-0.037358932197093964,0.5704531073570251,0.7761707305908203,-0.055873360484838486,0.5561263561248779,0.7943101525306702,-0.056626468896865845,0.5454919338226318,0.790510892868042,-0.05394205078482628
0.5279766917228699,0.7830880880355835,4.5913846946632475e-08,0.5044398307800293,0.7920673489570618,-0.026735061779618263,0.49386873841285706,0.7939674258232117,-0.048057738691568375,0.5103567838668823,0.806689441204071,-0.06594924628734589,0.5308889746665955,0.8132426738739014,-0.0825236365199089,0.5088925957679749,0.7254961729049683,-0.04428465664386749,0.517785906791687,0.7002464532852173,-0.06784865260124207,0.5326641798019409,0.6884027123451233,-0.08374729007482529,0.5490070581436157,0.6778866648674011,-0.09531078487634659,0.5349790453910828,0.7106823921203613,-0.04071963205933571,0.5414162278175354,0.7619928121566772,-0.06945852190256119,0.5327637791633606,0.795957088470459,-0.07701832056045532,0.5260616540908813,0.8029764294624329,-0.07958544045686722,0.5563011765480042,0.7158734202384949,-0.03921748325228691,0.5584216713905334,0.7755377292633057,-0.06224578246474266,0.5440818071365356,0.8000267744064331,-0.05856205150485039,0.533234179019928,0.799674928188324,-0.05368009954690933,0.572932779788971,0.7290043234825134,-0.04070952534675598,0.5710914731025696,0.7794620394706726,-0.059520646929740906,0.5567400455474854,0.7989608645439148,-0.06038035452365875,0.5449480414390564,0.7973120212554932,-0.05784104764461517
0.5282636284828186,0.7831955552101135,5.0189484568363696e-08,0.5049639940261841,0.7934728264808655,-0.02859175205230713,0.49380457401275635,0.7953711748123169,-0.05124625936150551,0.5109189748764038,0.8054875731468201,-0.07026499509811401,0.5330217480659485,0.8117040395736694,-0.08765809237957001,0.5089088678359985,0.7230727076530457,-0.04590924084186554,0.5174590349197388,0.6994617581367493,-0.07120699435472488,0.5322557091712952,0.6880609393119812,-0.0877266451716423,0.5490239858627319,0.6762735843658447,-0.09945269674062729,0.5350999236106873,0.7075691819190979,-0.04167561233043671,0.5402390956878662,0.7622838020324707,-0.070914626121521,0.5309085845947266,0.7963322997093201,-0.07733093947172165,0.5250290036201477,0.798521876335144,-0.07909531891345978,0.5565220713615417,0.713079035282135,-0.03991497680544853,0.5582607388496399,0.7745989561080933,-0.06371452659368515,0.5435258150100708,0.7988952994346619,-0.05873318761587143,0.5335957407951355,0.7956952452659607,-0.05288532003760338,0.5729323625564575,0.7267378568649292,-0.041378747671842575,0.5708923935890198,0.7787576913833618,-0.06070074811577797,0.5567597150802612,0.7978212833404541,-0.06119309738278389,0.5462899804115295,0.7943864464759827,-0.058235932141542435
0.5303815007209778,0.782145082950592,2.5473177345247677e-08,0.505760133266449,0.7932231426239014,-0.026521876454353333,0.4936544895172119,0.7942453026771545,-0.04775337874889374,0.5103740692138672,0.8050656318664551,-0.06574718654155731,0.5332600474357605,0.8111240863800049,-0.08228911459445953,0.5090175867080688,0.724327802658081,-0.04322963207960129,0.5170689225196838,0.699496328830719,-0.0670776218175888,0.5313102006912231,0.6877307295799255,-0.0829346776008606,0.5472004413604736,0.6756260991096497,-0.09438924491405487,0.5350992679595947,0.7086347341537476,-0.03992319107055664,0.540206789970398,0.7621471881866455,-0.06794537603855133,0.5306037068367004,0.7954836487770081,-0.07438535243272781,0.524389922618866,0.7974104285240173,-0.07635899633169174,0.5562888979911804,0.7141610980033875,-0.03890324383974075,0.5582099556922913,0.7746717929840088,-0.061561718583106995,0.5440289974212646,0.7981817126274109,-0.05707155540585518,0.5344202518463135,0.794899046421051,-0.051800843328237534,0.5726263523101807,0.7280620336532593,-0.0409492589533329,0.5701348781585693,0.7792589068412781,-0.059617478400468826,0.5561806559562683,0.798081636428833,-0.06016790494322777,0.5454412698745728,0.7946370840072632,-0.057455264031887054
0.5294261574745178,0.7851852774620056,2.065432980202786e-08,0.505969762802124,0.7953414916992188,-0.027038460597395897,0.4942236542701721,0.7945835590362549,-0.04812079668045044,0.5107114315032959,0.8042851686477661,-0.06585899740457535,0.5320114493370056,0.8097075819969177,-0.08211414515972137,0.5087898373603821,0.7235297560691833,-0.04313156008720398,0.5169917345046997,0.6985535025596619,-0.06748262792825699,0.5311468243598938,0.6860957741737366,-0.08301877230405807,0.5469068884849548,0.6735182404518127,-0.09382142871618271,0.5348519682884216,0.7089433670043945,-0.0392545610666275,0.540431559085846,0.7580156326293945,-0.06782938539981842,0.5300705432891846,0.793093740940094,-0.07337363064289093,0.5237579345703125,0.7960363030433655,-0.07419252395629883,0.5560333728790283,0.7140271067619324,-0.037945106625556946,0.5593946576118469,0.7696419954299927,-0.06205014884471893,0.5445866584777832,0.7945421934127808,-0.05755401775240898,0.5347700715065002,0.7916299104690552,-0.051636360585689545,0.5723656415939331,0.7272922992706299,-0.03958883881568909,0.5716300010681152,0.7747976183891296,-0.05934090167284012,0.5576434135437012,0.7943820953369141,-0.06021258234977722,0.5470299124717712,0.7915270924568176,-0.057393476366996765
0.5293941497802734,0.7823469638824463,1.5137141318177783e-08,0.5076970458030701,0.792953610420227,-0.02663639560341835,0.4951218366622925,0.793828010559082,-0.0471382774412632,0.5104697942733765,0.8037136793136597,-0.06443524360656738,0.5314152240753174,0.8073583245277405,-0.08043430745601654,0.5086863040924072,0.7207700610160828,-0.04049760475754738,0.5169162154197693,0.6978684663772583,-0.06331022083759308,0.5306188464164734,0.6855522394180298,-0.07805157452821732,0.5457743406295776,0.6740739345550537,-0.08826343715190887,0.5346941947937012,0.7062994241714478,-0.03649858012795448,0.5405828952789307,0.7560544013977051,-0.06335430592298508,0.5303171873092651,0.7916250228881836,-0.06882727891206741,0.5237375497817993,0.7962226271629333,-0.06966889649629593,0.5557092428207397,0.7115940451622009,-0.03508739918470383,0.5595139265060425,0.7683640718460083,-0.05889666825532913,0.5452905297279358,0.7934645414352417,-0.055445119738578796,0.5353863835334778,0.7918543815612793,-0.04998505115509033,0.5717841386795044,0.7248826026916504,-0.03640226647257805,0.5721703767776489,0.7706685662269592,-0.05616367980837822,0.558750331401825,0.790733814239502,-0.057133618742227554,0.5477195978164673,0.7897624373435974,-0.05423227325081825
0.5285336971282959,0.7823671698570251,3.5956997379571476e-08,0.5058700442314148,0.7928277254104614,-0.02743370458483696,0.49381956458091736,0.7937025427818298,-0.048970285803079605,0.5095726847648621,0.8040129542350769,-0.06697248667478561,0.5317778587341309,0.8080620169639587,-0.0835995152592659,0.5071438550949097,0.7226901054382324,-0.04389236122369766,0.5149531364440918,0.6981446743011475,-0.06819157302379608,0.5295223593711853,0.685147225856781,-0.08411331474781036,0.5456870794296265,0.6730265617370605,-0.09528233855962753,0.5337374210357666,0.7064682841300964,-0.03989815339446068,0.5401695966720581,0.7556179165840149,-0.06807461380958557,0.5309182405471802,0.7910152077674866,-0.07397742569446564,0.5241828560829163,0.7965978384017944,-0.0751732736825943,0.5553641319274902,0.7113192677497864,-0.03838159516453743,0.5578991174697876,0.7694819569587708,-0.06209105998277664,0.5435447096824646,0.7951133847236633,-0.057836342602968216,0.5331602096557617,0.7943800687789917,-0.05219408497214317,0.5716460347175598,0.7246329188346863,-0.039838340133428574,0.5699478387832642,0.7741782665252686,-0.05973554402589798,0.5555051565170288,0.7944597601890564,-0.060685500502586365,0.5436387658119202,0.7930346131324768,-0.057885732501745224
0.5293835401535034,0.7791390419006348,4.701181666177945e-08,0.5053485035896301,0.7894524931907654,-0.02795565314590931,0.4929293692111969,0.7903209328651428,-0.04986298084259033,0.5086777806282043,0.8010755181312561,-0.06838270276784897,0.5313088297843933,0.8068859577178955,-0.08550653606653214,0.5081591010093689,0.7197418808937073,-0.044418685138225555,0.516538679599762,0.6956876516342163,-0.06924907863140106,0.5303403735160828,0.6841013431549072,-0.08513342589139938,0.5462246537208557,0.6725776195526123,-0.0961160659790039,0.5343348383903503,0.705963134765625,-0.04051896184682846,0.5389841794967651,0.7580015659332275,-0.06968238949775696,0.5291385054588318,0.7918503284454346,-0.07599306106567383,0.5229728817939758,0.7943081855773926,-0.07728546857833862,0.5553660988807678,0.7125676274299622,-0.03920518979430199,0.5561509728431702,0.7707377076148987,-0.06416834145784378,0.5421403050422668,0.7945601344108582,-0.06056029722094536,0.5325815081596375,0.7912863492965698,-0.05509333312511444,0.5712684392929077,0.7269407510757446,-0.04081939160823822,0.5681149959564209,0.7757689952850342,-0.06142866984009743,0.5542351007461548,0.794879138469696,-0.06260079145431519,0.5433300137519836,0.7924588918685913,-0.05980302020907402
0.5287854671478271,0.7820894718170166,3.0361629654862554e-08,0.5048345327377319,0.7917670607566833,-0.026682227849960327,0.4930740296840668,0.7921342253684998,-0.04773813858628273,0.5094108581542969,0.8023549914360046,-0.06562682241201401,0.5317266583442688,0.8076106905937195,-0.08211624622344971,0.5081575512886047,0.720862627029419,-0.04188351333141327,0.5160971879959106,0.6968576908111572,-0.06538406759500504,0.530268132686615,0.6845881342887878,-0.08089636266231537,0.5464550256729126,0.6723382472991943,-0.09186188876628876,0.5344783663749695,0.7061728835105896,-0.038237061351537704,0.5397666692733765,0.7596864104270935,-0.06587538868188858,0.5298288464546204,0.7925088405609131,-0.07224714756011963,0.5231638550758362,0.7944968938827515,-0.07399427890777588,0.5557042956352234,0.712449848651886,-0.03704216331243515,0.55670166015625,0.7712666392326355,-0.06020442768931389,0.5426458120346069,0.7940848469734192,-0.056557778269052505,0.5329375267028809,0.7906768918037415,-0.05152959004044533,0.5716304183006287,0.7266055345535278,-0.03876897320151329,0.5686769485473633,0.7757813334465027,-0.05787769705057144,0.554496169090271,0.7941756844520569,-0.058807358145713806,0.54326993227005,0.7913337349891663,-0.05613935366272926
