x0,y0,z0,x1,y1,z1,x2,y2,z2,x3,y3,z3,x4,y4,z4,x5,y5,z5,x6,y6,z6,x7,y7,z7,x8,y8,z8,x9,y9,z9,x10,y10,z10,x11,y11,z11,x12,y12,z12,x13,y13,z13,x14,y14,z14,x15,y15,z15,x16,y16,z16,x17,y17,z17,x18,y18,z18,x19,y19,z19,x20,y20,z20
0.5303833484649658,0.7007833123207092,2.3895120193628827e-07,0.5045122504234314,0.6753125190734863,-0.013058537617325783,0.48326119780540466,0.6417893171310425,-0.02088351733982563,0.46593016386032104,0.6122058033943176,-0.0277901329100132,0.4497126042842865,0.5917522311210632,-0.034835949540138245,0.5228826403617859,0.5896020531654358,-0.012212567962706089,0.5260511636734009,0.5452648401260376,-0.021086079999804497,0.5297945737838745,0.5180920958518982,-0.02875474840402603,0.5341495275497437,0.4954468309879303,-0.034711189568042755,0.5425209999084473,0.5920113325119019,-0.013426797464489937,0.5535560846328735,0.5447839498519897,-0.020293761044740677,0.562183678150177,0.5164241194725037,-0.026605069637298584,0.570644199848175,0.4940505921840668,-0.03171885013580322,0.5586051940917969,0.6042292714118958,-0.016560867428779602,0.5750514268875122,0.5642653107643127,-0.024971449747681618,0.5859445929527283,0.5392608642578125,-0.03147934377193451,0.5950462818145752,0.5181272029876709,-0.0364275760948658,0.571513295173645,0.6239302158355713,-0.020868610590696335,0.5904120802879333,0.6019771099090576,-0.029184048995375633,0.6024999022483826,0.5866447687149048,-0.03317100554704666,0.6130123734474182,0.5719634890556335,-0.03600151091814041
0.5281214714050293,0.699486255645752,2.287686129420763e-07,0.5024526119232178,0.6732177138328552,-0.011356396600604057,0.4818953275680542,0.6402366161346436,-0.018330387771129608,0.46375831961631775,0.6137834787368774,-0.02476794645190239,0.4460477828979492,0.5976203680038452,-0.03150465711951256,0.5212553143501282,0.5898107290267944,-0.009503207169473171,0.524075984954834,0.5468446612358093,-0.01732933148741722,0.5274564027786255,0.52057945728302,-0.02452980726957321,0.5314115881919861,0.4984806776046753,-0.03022976778447628,0.5401078462600708,0.592521607875824,-0.011255118064582348,0.550851047039032,0.5467469096183777,-0.016837051138281822,0.5589572191238403,0.5196297764778137,-0.02254696562886238,0.5667352676391602,0.4982818067073822,-0.02738802693784237,0.5556426644325256,0.604455292224884,-0.014870320446789265,0.5707069039344788,0.5652992129325867,-0.02163432165980339,0.5804316997528076,0.5405328869819641,-0.0271914042532444,0.5883401036262512,0.5195888876914978,-0.031687602400779724,0.5682717561721802,0.6232804656028748,-0.01966599002480507,0.58570396900177,0.6000316143035889,-0.02607451006770134,0.5966023206710815,0.5840737819671631,-0.02890569157898426,0.6058291792869568,0.5691124796867371,-0.031177770346403122
0.5306118726730347,0.6957579255104065,1.5763514227273845e-07,0.5026223659515381,0.6715160012245178,-0.010256695561110973,0.4873179495334625,0.6358596086502075,-0.014980075880885124,0.4891791045665741,0.6008691191673279,-0.019250277429819107,0.4967493414878845,0.5737412571907043,-0.022902341559529305,0.5129359364509583,0.5884523391723633,-0.002626093802973628,0.5153664350509644,0.5477175712585449,-0.010501072742044926,0.5183043479919434,0.5236755609512329,-0.01825810968875885,0.5220158696174622,0.502929151058197,-0.0240574199706316,0.5297368764877319,0.5875424146652222,-0.004067609086632729,0.5329238176345825,0.5421742796897888,-0.009886924177408218,0.5345578193664551,0.5148252844810486,-0.016201931983232498,0.5357918739318848,0.49162721633911133,-0.021105658262968063,0.5437788963317871,0.5946285128593445,-0.007694858592003584,0.5479050874710083,0.5528167486190796,-0.01362912729382515,0.5486274361610413,0.5266317129135132,-0.017881125211715698,0.5483256578445435,0.5040090084075928,-0.021347012370824814,0.5580019354820251,0.608734130859375,-0.012740565463900566,0.5622745156288147,0.5781184434890747,-0.018202805891633034,0.5622177124023438,0.5583164095878601,-0.0203314907848835,0.5603180527687073,0.5401136875152588,-0.02193041704595089
0.5304288268089294,0.6955255270004272,1.5540666709057405e-07,0.5018765926361084,0.672447144985199,-0.010115028358995914,0.48571616411209106,0.6370006203651428,-0.014804651960730553,0.48708000779151917,0.6018584370613098,-0.01907246746122837,0.49461543560028076,0.5747244358062744,-0.02275560051202774,0.510903537273407,0.5879125595092773,-0.00265873153693974,0.5131946802139282,0.5477453470230103,-0.010668053291738033,0.515988290309906,0.5237536430358887,-0.01848999410867691,0.5196244120597839,0.5031157732009888,-0.024314122274518013,0.5278474688529968,0.5861783027648926,-0.004201153293251991,0.5308480262756348,0.5408034920692444,-0.01006157323718071,0.5321922302246094,0.5136070847511292,-0.016157452017068863,0.533107578754425,0.49051395058631897,-0.020870786160230637,0.5420523285865784,0.5929655432701111,-0.007937549613416195,0.5457014441490173,0.5511078238487244,-0.013952929526567459,0.5460501909255981,0.5251849889755249,-0.0179256834089756,0.5453336834907532,0.5025906562805176,-0.02115929313004017,0.5562585592269897,0.6071615219116211,-0.013085577636957169,0.5602250695228577,0.5764293074607849,-0.018629200756549835,0.5598875284194946,0.5568195581436157,-0.020598679780960083,0.5575623512268066,0.5387892723083496,-0.0220399871468544
0.5300449132919312,0.6951334476470947,1.6108430145322927e-07,0.5014316439628601,0.6711840033531189,-0.010212560184299946,0.4851779341697693,0.6357488036155701,-0.014962613582611084,0.48617762327194214,0.600430965423584,-0.01933271437883377,0.49477964639663696,0.5736871957778931,-0.02314494550228119,0.5108717679977417,0.5884108543395996,-0.0023276028223335743,0.5133042335510254,0.5477816462516785,-0.010445608757436275,0.5160108804702759,0.5234823822975159,-0.018467670306563377,0.5195564031600952,0.5023964643478394,-0.0244749803096056,0.5276581048965454,0.5871458649635315,-0.0038968450389802456,0.5306663513183594,0.541438102722168,-0.009985349141061306,0.5320373177528381,0.5136626362800598,-0.016492657363414764,0.5329992771148682,0.48991701006889343,-0.021493183448910713,0.5419267416000366,0.5939458608627319,-0.007680135313421488,0.5455685257911682,0.552071750164032,-0.013843017630279064,0.5460151433944702,0.5256140828132629,-0.018079182133078575,0.5454918146133423,0.50260990858078,-0.02148611843585968,0.5565102100372314,0.6078285574913025,-0.012888932600617409,0.5603371858596802,0.5772895812988281,-0.018351787701249123,0.5602819919586182,0.5575417876243591,-0.020350459963083267,0.5585260987281799,0.5392822623252869,-0.02186919003725052
0.5287399888038635,0.6958448886871338,1.6032458916015457e-07,0.4999845623970032,0.6726016998291016,-0.010602870024740696,0.48399895429611206,0.6379377841949463,-0.01581454835832119,0.4850189685821533,0.6031233072280884,-0.020548030734062195,0.4933967590332031,0.5758069753646851,-0.02465558797121048,0.5098299980163574,0.5892932415008545,-0.0028920285403728485,0.5123341083526611,0.5484489798545837,-0.010954613797366619,0.5146563649177551,0.5240699052810669,-0.01887919381260872,0.517719030380249,0.5029749870300293,-0.024838440120220184,0.5266919732093811,0.5875563621520996,-0.004318892024457455,0.5297371745109558,0.5416179299354553,-0.010314623825252056,0.5307368040084839,0.5138760805130005,-0.0166360791772604,0.5311856269836426,0.49062299728393555,-0.021550249308347702,0.5408653020858765,0.5940008163452148,-0.007976832799613476,0.5443699955940247,0.5517532825469971,-0.013896525837481022,0.5446346402168274,0.5252392888069153,-0.017941074445843697,0.5438775420188904,0.5022826790809631,-0.021334581077098846,0.5551419854164124,0.6075646281242371,-0.013107323087751865,0.5590122938156128,0.5768640637397766,-0.01835804246366024,0.5588133335113525,0.5571126937866211,-0.020274972543120384,0.556829035282135,0.5389648079872131,-0.02179636061191559
0.5266889333724976,0.6976405382156372,1.6945190850492509e-07,0.4977915287017822,0.6736018061637878,-0.011220896616578102,0.48171278834342957,0.6392942070960999,-0.016648076474666595,0.482810378074646,0.6040570139884949,-0.021574994549155235,0.49093103408813477,0.5758822560310364,-0.02574380487203598,0.5071341395378113,0.5899742841720581,-0.0020997526589781046,0.5088722109794617,0.5485973954200745,-0.010310566052794456,0.5112318396568298,0.5240903496742249,-0.018539955839514732,0.5145532488822937,0.5026742815971375,-0.024674290791153908,0.5238198637962341,0.5883150100708008,-0.0032112852204591036,0.5264111757278442,0.5421644449234009,-0.009202907793223858,0.5274654626846313,0.5145300626754761,-0.015715863555669785,0.5281429886817932,0.49112722277641296,-0.020741311833262444,0.5378824472427368,0.5948890447616577,-0.006717242766171694,0.5409013032913208,0.5526127815246582,-0.012515041045844555,0.5409649014472961,0.5264298319816589,-0.016354283317923546,0.5403764247894287,0.5041891932487488,-0.019579652696847916,0.5525436997413635,0.608655571937561,-0.011825921945273876,0.5559359788894653,0.578153669834137,-0.016699546948075294,0.5557449460029602,0.5586316585540771,-0.018285829573869705,0.5540440678596497,0.5408251285552979,-0.019589971750974655
0.5235118865966797,0.6973406076431274,1.5921413876185397e-07,0.49487319588661194,0.6744407415390015,-0.01033753901720047,0.47878745198249817,0.6399706602096558,-0.015379599295556545,0.47975045442581177,0.6049426198005676,-0.019986696541309357,0.48743700981140137,0.5775081515312195,-0.024045957252383232,0.5039108991622925,0.590837836265564,-0.002860532607883215,0.5058152079582214,0.5499746799468994,-0.0110298041254282,0.5081522464752197,0.5255283713340759,-0.019035136327147484,0.5113813877105713,0.5044491291046143,-0.0250383447855711,0.5207986831665039,0.588975191116333,-0.004430514294654131,0.5236003994941711,0.5427590608596802,-0.01040392741560936,0.5246050357818604,0.5151751637458801,-0.016751566901803017,0.5250629186630249,0.49210429191589355,-0.0217126477509737,0.5348736047744751,0.5955687165260315,-0.00819884892553091,0.5380691885948181,0.5532798171043396,-0.01404479332268238,0.5382166504859924,0.5269486308097839,-0.018045756965875626,0.5374780893325806,0.5044178366661072,-0.0214740838855505,0.5490745902061462,0.6095150113105774,-0.013423603028059006,0.5527366399765015,0.5791634321212769,-0.018649166449904442,0.5525637269020081,0.5596156120300293,-0.020545905455946922,0.5506576895713806,0.5417962074279785,-0.022095508873462677
0.5215328931808472,0.6976566314697266,1.6380353429212846e-07,0.4925708770751953,0.6751998066902161,-0.01093435287475586,0.4761889576911926,0.641407310962677,-0.016174668446183205,0.47722774744033813,0.6064643263816833,-0.020876159891486168,0.48556017875671387,0.5792001485824585,-0.024901801720261574,0.50114506483078,0.5918662548065186,-0.0025340933352708817,0.5028748512268066,0.5505934357643127,-0.010545202530920506,0.5052374005317688,0.5260741710662842,-0.01850803941488266,0.5084841847419739,0.5048942565917969,-0.024422340095043182,0.5178253054618835,0.5900260806083679,-0.0035773483105003834,0.5204329490661621,0.5439004898071289,-0.009391997940838337,0.5213541984558105,0.5166723728179932,-0.01560757216066122,0.5218168497085571,0.49360573291778564,-0.02041882462799549,0.531869113445282,0.5961958765983582,-0.006910264957696199,0.5347920656204224,0.554035484790802,-0.012532384134829044,0.5346360802650452,0.5281311273574829,-0.01613890938460827,0.5337913036346436,0.5062534809112549,-0.019196243956685066,0.5465902090072632,0.6093624234199524,-0.011794588528573513,0.5497733354568481,0.5783747434616089,-0.016428114846348763,0.5493914484977722,0.5590417385101318,-0.017764057964086533,0.5473895072937012,0.541524350643158,-0.018905209377408028
0.5216244459152222,0.6973420977592468,1.555105626493969e-07,0.493126779794693,0.6756995320320129,-0.010155800729990005,0.4766319990158081,0.64243084192276,-0.015077578835189342,0.476769357919693,0.6080557107925415,-0.01955987513065338,0.48505404591560364,0.5814670920372009,-0.023455120623111725,0.5006521940231323,0.593878984451294,-0.002384657273069024,0.5019425749778748,0.5536817908287048,-0.010185329243540764,0.5041809678077698,0.5299842357635498,-0.0178520567715168,0.5074499249458313,0.5095328688621521,-0.02361380308866501,0.5172648429870605,0.5918558239936829,-0.0037389604840427637,0.5192296504974365,0.5468404293060303,-0.009468553587794304,0.5202022790908813,0.5201943516731262,-0.015510435216128826,0.52079176902771,0.49760571122169495,-0.020225904881954193,0.531290590763092,0.5979628562927246,-0.007284018211066723,0.5335948467254639,0.5568399429321289,-0.013030031695961952,0.5335196256637573,0.5314319133758545,-0.016768287867307663,0.5327075719833374,0.5094538331031799,-0.019917625933885574,0.5458343029022217,0.6109523773193359,-0.012253516353666782,0.5488563776016235,0.5807458758354187,-0.01735435612499714,0.5483803153038025,0.5617702603340149,-0.019088447093963623,0.5462754368782043,0.5442844033241272,-0.0204765647649765
0.5193783044815063,0.6977130174636841,1.5127000096981646e-07,0.49018195271492004,0.6765884160995483,-0.010203701443970203,0.4733463525772095,0.6439363956451416,-0.014713508076965809,0.4735661447048187,0.6094765663146973,-0.018815038725733757,0.4809783697128296,0.5826603770256042,-0.02226419560611248,0.49728530645370483,0.5956841111183167,-0.0009852936491370201,0.4977271854877472,0.5565751194953918,-0.008454577066004276,0.4995586574077606,0.5330052971839905,-0.016153914853930473,0.5024614930152893,0.5124613046646118,-0.021961431950330734,0.5136598944664001,0.5929815173149109,-0.0021993215195834637,0.5148250460624695,0.5490997433662415,-0.007585515733808279,0.5150982737541199,0.522595226764679,-0.013689359650015831,0.5152329206466675,0.5000248551368713,-0.01844846084713936,0.5275915265083313,0.5983397960662842,-0.005723937414586544,0.5295364856719971,0.5579777956008911,-0.011271457187831402,0.5288840532302856,0.5324786901473999,-0.015164978802204132,0.5276848673820496,0.5102590918540955,-0.018381701782345772,0.5421620607376099,0.6105941534042358,-0.010724403895437717,0.5448040962219238,0.5809640288352966,-0.01569630205631256,0.5438063144683838,0.5620969533920288,-0.01752123422920704,0.5412315726280212,0.5446462631225586,-0.01895400509238243
0.5148217082023621,0.6989696025848389,1.5486364191019675e-07,0.4857461750507355,0.6782652139663696,-0.009861269034445286,0.46866509318351746,0.6468681693077087,-0.014686566777527332,0.4684867858886719,0.6129630208015442,-0.019153645262122154,0.4755677282810211,0.5860841870307922,-0.02305739000439644,0.4916527271270752,0.5977943539619446,-0.0016944942763075233,0.49182429909706116,0.5580639839172363,-0.009349863976240158,0.4934428632259369,0.534342348575592,-0.017128711566329002,0.4960225522518158,0.5135873556137085,-0.022951114922761917,0.5079810619354248,0.5947602987289429,-0.0031368229538202286,0.5089700818061829,0.5501783490180969,-0.008638807572424412,0.5090487599372864,0.5236393213272095,-0.01474474836140871,0.5086830854415894,0.5011721253395081,-0.01954779215157032,0.5219274163246155,0.5997626781463623,-0.006774492096155882,0.5235852599143982,0.5590728521347046,-0.012163043953478336,0.5228388905525208,0.5337389707565308,-0.015861859545111656,0.5212453007698059,0.5122515559196472,-0.01903432421386242,0.5364984273910522,0.6115596890449524,-0.011852537281811237,0.53905189037323,0.5812113881111145,-0.01647576317191124,0.5380999445915222,0.5626459717750549,-0.017956333234906197,0.5352023243904114,0.5460483431816101,-0.019217561930418015
0.5139944553375244,0.6997998356819153,1.5801690267380764e-07,0.48513063788414,0.6794978380203247,-0.010405736975371838,0.4676640033721924,0.6473723649978638,-0.015479207038879395,0.46704530715942383,0.6134713888168335,-0.020088134333491325,0.4745476543903351,0.5863868594169617,-0.024065805599093437,0.49102118611335754,0.5971516370773315,-0.002499642549082637,0.49088263511657715,0.5569873452186584,-0.010187270119786263,0.49232760071754456,0.5330671072006226,-0.0178512055426836,0.49501705169677734,0.512473464012146,-0.02355465479195118,0.5076789855957031,0.5940844416618347,-0.003707507625222206,0.5083149075508118,0.5490700006484985,-0.009070356376469135,0.5083723068237305,0.5219100713729858,-0.014893588609993458,0.5084031820297241,0.49946510791778564,-0.019485490396618843,0.5219184160232544,0.5990490317344666,-0.007163058966398239,0.5234506130218506,0.5581271052360535,-0.012334934435784817,0.5225394368171692,0.5324751138687134,-0.015959758311510086,0.5210956931114197,0.5105934143066406,-0.01912715844810009,0.5364548563957214,0.6108431816101074,-0.012120180763304234,0.5386761426925659,0.5808598399162292,-0.016753163188695908,0.5372540950775146,0.5620977878570557,-0.018389280885457993,0.5342222452163696,0.5452556014060974,-0.019743068143725395
0.5137015581130981,0.700591504573822,1.5910215722669818e-07,0.48502117395401,0.6805446147918701,-0.010906479321420193,0.4676382839679718,0.6481994390487671,-0.01637076959013939,0.4663849472999573,0.614199697971344,-0.02135356515645981,0.4737328588962555,0.5865445137023926,-0.02571394294500351,0.4900977313518524,0.5979794263839722,-0.0028362502343952656,0.490009605884552,0.5579926371574402,-0.011178266257047653,0.49129483103752136,0.5339249968528748,-0.019317345693707466,0.4939895272254944,0.5129262208938599,-0.025362957268953323,0.5064681172370911,0.5946588516235352,-0.0039897640235722065,0.5070052146911621,0.5498479008674622,-0.010051260702311993,0.5068864226341248,0.522592306137085,-0.01636550948023796,0.5067566633224487,0.49957242608070374,-0.021274128928780556,0.5207948088645935,0.5995160341262817,-0.007456968072801828,0.5219626426696777,0.5583932995796204,-0.01323281042277813,0.5208029747009277,0.5324084758758545,-0.017101693898439407,0.5191745162010193,0.5099250674247742,-0.020362215116620064,0.5354821085929871,0.6113576889038086,-0.012465380132198334,0.5371356010437012,0.5811381936073303,-0.01751037687063217,0.5357246398925781,0.5617514848709106,-0.019362373277544975,0.5329129695892334,0.5439499020576477,-0.020849738270044327
0.5126304626464844,0.7021839618682861,1.5846737255742482e-07,0.48288494348526,0.6838394403457642,-0.010780222713947296,0.464176744222641,0.6528612375259399,-0.01609260030090809,0.462247759103775,0.619120180606842,-0.02095566689968109,0.46829697489738464,0.591213583946228,-0.02520621567964554,0.48559021949768066,0.6009440422058105,-0.002634695963934064,0.4843689203262329,0.5609188675880432,-0.01090144831687212,0.48506325483322144,0.5366871356964111,-0.019064029678702354,0.4869031012058258,0.5153611898422241,-0.02513870783150196,0.501868486404419,0.5965593457221985,-0.003975968342274427,0.5014994740486145,0.5514038801193237,-0.01002074871212244,0.5007938742637634,0.5240556001663208,-0.016439078375697136,0.49994349479675293,0.5007896423339844,-0.02142096310853958,0.5162372589111328,0.6006333231925964,-0.007616118993610144,0.5165232419967651,0.5594916939735413,-0.013452594168484211,0.5148533582687378,0.5334721803665161,-0.017421796917915344,0.5126532316207886,0.5110271573066711,-0.020728914067149162,0.5313036441802979,0.6118437647819519,-0.012788189575076103,0.5323566794395447,0.5811904072761536,-0.017801987007260323,0.5304936170578003,0.5620133280754089,-0.01951594278216362,0.5271311402320862,0.5448458790779114,-0.020909031853079796
0.5131606459617615,0.7025132775306702,1.6334810482021567e-07,0.48321732878685,0.6849793195724487,-0.011537563055753708,0.4641931354999542,0.6545347571372986,-0.017167842015624046,0.4617892801761627,0.6204030513763428,-0.022136185318231583,0.46745121479034424,0.5915300846099854,-0.02638612501323223,0.48527297377586365,0.6017463803291321,-0.003207840956747532,0.4841059744358063,0.5614402294158936,-0.011366826482117176,0.484927773475647,0.5373882055282593,-0.019377535209059715,0.4870932996273041,0.5163713097572327,-0.025305097922682762,0.5019286274909973,0.5969438552856445,-0.004068863578140736,0.5012985467910767,0.5518606305122375,-0.009847622364759445,0.5007479190826416,0.5245354175567627,-0.01595958322286606,0.5003105401992798,0.5015928745269775,-0.02075621858239174,0.5164149403572083,0.6007522940635681,-0.007315373048186302,0.5164358019828796,0.5597744584083557,-0.012882477603852749,0.514802873134613,0.5338523983955383,-0.01660100556910038,0.5128710269927979,0.5113329291343689,-0.01979890838265419,0.5315632224082947,0.6115823984146118,-0.012162813916802406,0.5323910713195801,0.5810059309005737,-0.017089782282710075,0.5304995179176331,0.5620253086090088,-0.018735721707344055,0.527233362197876,0.5449478030204773,-0.020066898316144943
0.5121167302131653,0.7018659114837646,1.590245943816626e-07,0.48265355825424194,0.6852492094039917,-0.011198293417692184,0.4630259573459625,0.6548135280609131,-0.016870709136128426,0.46039247512817383,0.6213305592536926,-0.02191004529595375,0.46593472361564636,0.5932876467704773,-0.026288440451025963,0.48443999886512756,0.6013343930244446,-0.004479533527046442,0.48317956924438477,0.5612512230873108,-0.013010510243475437,0.48411083221435547,0.5371570587158203,-0.02104729413986206,0.4863556921482086,0.5162458419799805,-0.02698577381670475,0.5008258819580078,0.5967028737068176,-0.005621542688459158,0.4998883903026581,0.5515196919441223,-0.011733051389455795,0.49951764941215515,0.5243788361549377,-0.017651239410042763,0.4993293881416321,0.5016640424728394,-0.02225554548203945,0.5154445171356201,0.6008220911026001,-0.009030036628246307,0.5153115391731262,0.559323787689209,-0.014995455741882324,0.5138494968414307,0.5332647562026978,-0.018716299906373024,0.5119733214378357,0.510616660118103,-0.02185690589249134,0.530746340751648,0.6123229265213013,-0.013969563879072666,0.5317937135696411,0.5819030404090881,-0.0194746982306242,0.5298500657081604,0.5626066327095032,-0.02143351547420025,0.5263846516609192,0.5453044176101685,-0.022908339276909828
0.5117176175117493,0.7007840275764465,1.572882837308498e-07,0.48190975189208984,0.6845335364341736,-0.011146948672831059,0.4624561071395874,0.6548020839691162,-0.016608230769634247,0.4599604606628418,0.6214024424552917,-0.021390730515122414,0.4650220572948456,0.5935881733894348,-0.025501076132059097,0.48422756791114807,0.6003952622413635,-0.0037958682514727116,0.48293235898017883,0.5604744553565979,-0.011664384044706821,0.48380595445632935,0.5366604924201965,-0.01942797750234604,0.48590248823165894,0.5157832503318787,-0.025195246562361717,0.5009022951126099,0.5959504246711731,-0.004757264629006386,0.5002104640007019,0.550906240940094,-0.010109663009643555,0.4998610317707062,0.5239718556404114,-0.0158209428191185,0.49959596991539,0.5015128254890442,-0.020375335589051247,0.5154688954353333,0.5999256372451782,-0.007973511703312397,0.5151699185371399,0.5590270757675171,-0.013135593384504318,0.5137720108032227,0.5333999395370483,-0.016611766070127487,0.5120053887367249,0.5112062096595764,-0.019681250676512718,0.5305393934249878,0.6108863353729248,-0.012749542482197285,0.5310273170471191,0.5803790092468262,-0.01741323247551918,0.529076337814331,0.5614563822746277,-0.018911531195044518,0.5258733630180359,0.5444928407669067,-0.020144620910286903
0.5105092525482178,0.7017000913619995,1.5686507026657637e-07,0.47989422082901,0.6852685213088989,-0.010957087390124798,0.46040162444114685,0.6556589603424072,-0.016471028327941895,0.45815882086753845,0.62240070104599,-0.021423814818263054,0.4630531072616577,0.5941738486289978,-0.0257569532841444,0.4823988080024719,0.601456880569458,-0.003726770170032978,0.4813857972621918,0.5616710782051086,-0.011965015903115273,0.48212072253227234,0.537528932094574,-0.020061839371919632,0.48393991589546204,0.5161311626434326,-0.026169303804636,0.4991864860057831,0.5962865948677063,-0.005054191220551729,0.4982898235321045,0.5513056516647339,-0.011028919368982315,0.4976925253868103,0.5239210724830627,-0.017379572615027428,0.49690115451812744,0.5003399848937988,-0.022477464750409126,0.5137017965316772,0.5999923348426819,-0.00862555019557476,0.5135424137115479,0.5592284798622131,-0.014604228548705578,0.5118705630302429,0.5332460999488831,-0.01874391920864582,0.5093754529953003,0.5105842351913452,-0.02228083461523056,0.5289619565010071,0.6108847856521606,-0.013694367371499538,0.5300975441932678,0.5801385641098022,-0.019222870469093323,0.5278315544128418,0.5609195828437805,-0.021305540576577187,0.5235130190849304,0.5437198281288147,-0.022970065474510193
0.5104753375053406,0.7022165656089783,1.5581537127218326e-07,0.47982481122016907,0.6859287619590759,-0.010775485076010227,0.460392028093338,0.6564039587974548,-0.01620648056268692,0.4582057595252991,0.6230725049972534,-0.021118512377142906,0.4635729491710663,0.5952547788619995,-0.02541348710656166,0.4825362265110016,0.6018059849739075,-0.0033298202324658632,0.4812583923339844,0.5619276762008667,-0.011291058734059334,0.48180824518203735,0.5378340482711792,-0.01920866034924984,0.48356351256370544,0.5166522264480591,-0.0251845084130764,0.4991573393344879,0.5967263579368591,-0.004691253416240215,0.4983125329017639,0.5516537427902222,-0.010339627042412758,0.4977834224700928,0.5243130922317505,-0.016410768032073975,0.49727436900138855,0.5011875629425049,-0.021301645785570145,0.513575553894043,0.6004202961921692,-0.00830387044698,0.5132843255996704,0.559535562992096,-0.013812562450766563,0.5116427540779114,0.5335526466369629,-0.017650196328759193,0.5095077753067017,0.511109471321106,-0.02103874646127224,0.5286754965782166,0.6112984418869019,-0.013444595038890839,0.5293475985527039,0.5808146595954895,-0.01847894676029682,0.5270236134529114,0.5617228746414185,-0.02027934603393078,0.5230305194854736,0.5447251796722412,-0.021789582446217537
0.5095193386077881,0.7023766040802002,1.548260257777656e-07,0.47840380668640137,0.6866282820701599,-0.010858479887247086,0.4585280120372772,0.6568017601966858,-0.016149360686540604,0.45623213052749634,0.6231852173805237,-0.020902320742607117,0.46230557560920715,0.5958437919616699,-0.0250672809779644,0.48120224475860596,0.6022345423698425,-0.0034054373390972614,0.48029598593711853,0.5623563528060913,-0.011356410570442677,0.4809339940547943,0.5381349325180054,-0.01932373084127903,0.48260435461997986,0.5168338418006897,-0.025389589369297028,0.497930109500885,0.596930742263794,-0.004704716149717569,0.49725672602653503,0.5517415404319763,-0.010431448929011822,0.4965870678424835,0.5242398381233215,-0.016664380207657814,0.4957297146320343,0.5006980895996094,-0.021709943190217018,0.5123195648193359,0.6005361676216125,-0.00824409257620573,0.5122846364974976,0.5595164895057678,-0.013959959149360657,0.5104856491088867,0.5334165692329407,-0.01812163181602955,0.5079606771469116,0.5108497142791748,-0.021731186658143997,0.5274382829666138,0.6113868951797485,-0.013296135701239109,0.5284817218780518,0.580634355545044,-0.018635274842381477,0.5260255932807922,0.5615373849868774,-0.02073175646364689,0.5216814279556274,0.5445541143417358,-0.022466566413640976
0.5079995393753052,0.7030736804008484,1.5650967100100388e-07,0.4776363670825958,0.6867302656173706,-0.01071156281977892,0.4582952857017517,0.6567252278327942,-0.0159225482493639,0.45632192492485046,0.6237047910690308,-0.020621659234166145,0.46173346042633057,0.5969565510749817,-0.024802573025226593,0.4803781807422638,0.6024847626686096,-0.003625513520091772,0.47952744364738464,0.5632414221763611,-0.011862857267260551,0.48025283217430115,0.5392030477523804,-0.0200037844479084,0.4820486009120941,0.5180474519729614,-0.02611355483531952,0.49703899025917053,0.5978125333786011,-0.005048340652137995,0.49662142992019653,0.5530824661254883,-0.011023476719856262,0.4960930347442627,0.525875985622406,-0.01728707179427147,0.49548104405403137,0.5025849938392639,-0.02223227359354496,0.5115957856178284,0.6018250584602356,-0.008689352311193943,0.51151442527771,0.5608344674110413,-0.014618510380387306,0.5097914338111877,0.5347646474838257,-0.01860956847667694,0.5075473189353943,0.5121259689331055,-0.021954435855150223,0.5267329216003418,0.6130916476249695,-0.013822718523442745,0.527289628982544,0.5822983384132385,-0.019180715084075928,0.5249630808830261,0.5630931854248047,-0.02099410817027092,0.5210723876953125,0.5458426475524902,-0.02242354117333889
0.5132495760917664,0.7019010782241821,1.553178066160399e-07,0.4826158881187439,0.6854863166809082,-0.0108811529353261,0.46214616298675537,0.6569851040840149,-0.016486387699842453,0.4593137800693512,0.623569667339325,-0.02152872085571289,0.46599575877189636,0.5961549282073975,-0.025807850062847137,0.4838612377643585,0.6030290126800537,-0.0034051290713250637,0.48242202401161194,0.5638282895088196,-0.011668086983263493,0.48311859369277954,0.5398927330970764,-0.019777383655309677,0.48491397500038147,0.5189722180366516,-0.025793498381972313,0.4999050796031952,0.5972015857696533,-0.004534358158707619,0.4987502992153168,0.553195595741272,-0.010446816682815552,0.49795371294021606,0.5265694260597229,-0.016369065269827843,0.4970761835575104,0.503768801689148,-0.02100447751581669,0.5139921307563782,0.6003500819206238,-0.007923676632344723,0.5134714245796204,0.5601200461387634,-0.013770866207778454,0.5116462707519531,0.5349942445755005,-0.017371773719787598,0.5090147256851196,0.5135314464569092,-0.020339153707027435,0.5290683507919312,0.610960841178894,-0.012837990187108517,0.5300264358520508,0.5805977582931519,-0.018066970631480217,0.527480959892273,0.5626851320266724,-0.019614484161138535,0.5228406190872192,0.5472557544708252,-0.020733579993247986
0.5108049511909485,0.7024754881858826,1.5564280886337656e-07,0.47976288199424744,0.6865358352661133,-0.010343527421355247,0.4590265452861786,0.6570903062820435,-0.015507619827985764,0.45631247758865356,0.6229988932609558,-0.020222077146172523,0.4639469385147095,0.5964545607566833,-0.02434326335787773,0.4815266728401184,0.6016623973846436,-0.0029546041041612625,0.4801928699016571,0.5616277456283569,-0.010848146863281727,0.48074543476104736,0.5373736619949341,-0.018799196928739548,0.48231738805770874,0.5162047147750854,-0.024808602407574654,0.49792197346687317,0.5961838364601135,-0.004441541153937578,0.4969196021556854,0.5506988763809204,-0.010069023817777634,0.49582725763320923,0.5232278108596802,-0.01602272503077984,0.4945945739746094,0.5001492500305176,-0.020746322348713875,0.512259304523468,0.5996869802474976,-0.008131361566483974,0.5118305087089539,0.5584092736244202,-0.01359139010310173,0.5096641182899475,0.5325462818145752,-0.0172605961561203,0.5069474577903748,0.5105323195457458,-0.020439526066184044,0.5274103283882141,0.6106246113777161,-0.013327774591743946,0.5280212163925171,0.5797644853591919,-0.018250659108161926,0.525420069694519,0.5607940554618835,-0.019855407997965813,0.5212834477424622,0.5440616011619568,-0.02116156555712223
0.5107791423797607,0.7034313678741455,1.5719332679964282e-07,0.47941258549690247,0.6877785325050354,-0.011163974180817604,0.4584912061691284,0.657846987247467,-0.01683342643082142,0.45528703927993774,0.6233100891113281,-0.021980993449687958,0.46357741951942444,0.5962890982627869,-0.026478668674826622,0.4812186062335968,0.6015944480895996,-0.0033685965463519096,0.4799686074256897,0.5610979199409485,-0.011660159565508366,0.48038747906684875,0.5366735458374023,-0.01996568962931633,0.481900155544281,0.5152427554130554,-0.026303989812731743,0.4977481961250305,0.595953106880188,-0.004701490048319101,0.4967958629131317,0.5500001311302185,-0.010832744650542736,0.4956916868686676,0.5222309827804565,-0.017152326181530952,0.4943825900554657,0.49858763813972473,-0.022176289930939674,0.5120785236358643,0.5995020866394043,-0.008351477794349194,0.5115453600883484,0.5576230883598328,-0.014340987429022789,0.5094000697135925,0.5315250158309937,-0.018233997747302055,0.5066948533058167,0.5091879963874817,-0.021586798131465912,0.5273492336273193,0.6105982661247253,-0.013574390672147274,0.527936577796936,0.5792101621627808,-0.0189981609582901,0.525223970413208,0.5600677132606506,-0.020854104310274124,0.520838737487793,0.5430408120155334,-0.022372877225279808
0.5093685984611511,0.7041301727294922,1.6231119559506624e-07,0.47796761989593506,0.6886938810348511,-0.011039601638913155,0.4566992521286011,0.6589082479476929,-0.016582487151026726,0.4536743760108948,0.6239994168281555,-0.021579420194029808,0.4619159400463104,0.5969669818878174,-0.02594836615025997,0.47936949133872986,0.6022100448608398,-0.0035304792691022158,0.4781217575073242,0.5615900158882141,-0.011658161878585815,0.4786209166049957,0.5368830561637878,-0.019845154136419296,0.48020005226135254,0.5152886509895325,-0.026058919727802277,0.4960033893585205,0.5963341593742371,-0.0048129381611943245,0.4950033724308014,0.5500428676605225,-0.010629113763570786,0.493847131729126,0.5219223499298096,-0.016794154420495033,0.49249693751335144,0.4981865882873535,-0.0217264536768198,0.5104790925979614,0.5996248722076416,-0.008363108150660992,0.5100077986717224,0.5575505495071411,-0.01405653078109026,0.507715106010437,0.5311834812164307,-0.018038257956504822,0.5046857595443726,0.5087838172912598,-0.021459488198161125,0.5257011651992798,0.6104626655578613,-0.013474574312567711,0.5262925028800964,0.578887403011322,-0.01868669129908085,0.5234294533729553,0.5597226619720459,-0.020579269155859947,0.5187731385231018,0.542924165725708,-0.022119002416729927
0.5079863667488098,0.7040197849273682,1.5292118860088522e-07,0.47680673003196716,0.6883648037910461,-0.010783429257571697,0.456267774105072,0.6585027575492859,-0.016404226422309875,0.45355430245399475,0.6238729357719421,-0.021614253520965576,0.46145838499069214,0.596977710723877,-0.026280051097273827,0.4787069857120514,0.6020409464836121,-0.003536858828738332,0.4770981967449188,0.5610873699188232,-0.011977181769907475,0.4771217107772827,0.5359179973602295,-0.02035793475806713,0.47826629877090454,0.5138004422187805,-0.026766564697027206,0.4951932430267334,0.5961945652961731,-0.005109928082674742,0.4939432144165039,0.5499125123023987,-0.011399353854358196,0.49252763390541077,0.52197265625,-0.017949270084500313,0.4908880293369293,0.4980219006538391,-0.02316286228597164,0.5096133351325989,0.5994265675544739,-0.008904815651476383,0.508948802947998,0.5570545196533203,-0.014922342263162136,0.5066511631011963,0.5303587913513184,-0.01909519173204899,0.5035518407821655,0.5073665976524353,-0.022711319848895073,0.5248997807502747,0.6103107929229736,-0.014232841320335865,0.5256018042564392,0.5788022875785828,-0.019710179418325424,0.5227718949317932,0.5593711137771606,-0.021786928176879883,0.5179580450057983,0.5421872138977051,-0.023495102301239967
0.5081737637519836,0.7039816975593567,1.5880300452408846e-07,0.4769255518913269,0.6897323131561279,-0.010555566288530827,0.4556044638156891,0.6599892973899841,-0.016092214733362198,0.451966792345047,0.625204861164093,-0.021280644461512566,0.461319237947464,0.5994294285774231,-0.02583392709493637,0.477977454662323,0.6018921136856079,-0.0030462630093097687,0.47656694054603577,0.5610071420669556,-0.011265936307609081,0.4768505394458771,0.5359584093093872,-0.019540945068001747,0.4783066213130951,0.5140783190727234,-0.025871936231851578,0.4944440424442291,0.5956012010574341,-0.004688919056206942,0.49308690428733826,0.5490316152572632,-0.010615039616823196,0.49163511395454407,0.5206618905067444,-0.016604825854301453,0.490050733089447,0.49667292833328247,-0.02140471525490284,0.5089717507362366,0.5985441207885742,-0.008592254482209682,0.5080094337463379,0.5561313629150391,-0.014168007299304008,0.5057623386383057,0.5294471979141235,-0.01771789975464344,0.502853512763977,0.5068479180335999,-0.020911365747451782,0.5244316458702087,0.6093001365661621,-0.014085361734032631,0.5248414874076843,0.5777993202209473,-0.019085843116044998,0.5218603610992432,0.5586465001106262,-0.020704710856080055,0.5170037150382996,0.5419256091117859,-0.022103743627667427
0.5057838559150696,0.7058730125427246,1.5436032185789372e-07,0.4745945930480957,0.6912530660629272,-0.010830914601683617,0.45253753662109375,0.6617711782455444,-0.016376305371522903,0.4490337073802948,0.6265422701835632,-0.02140149101614952,0.4586412310600281,0.6006816029548645,-0.025714006274938583,0.47525203227996826,0.6027306914329529,-0.0032623668666929007,0.4733380079269409,0.5613045692443848,-0.01110784150660038,0.473372220993042,0.5360055565834045,-0.019118454307317734,0.4745863378047943,0.514110803604126,-0.0252390094101429,0.4919250011444092,0.5964962244033813,-0.004452227149158716,0.49046415090560913,0.5497223734855652,-0.009851045906543732,0.48934540152549744,0.5217334032058716,-0.015491179190576077,0.48818090558052063,0.4984195828437805,-0.020061999559402466,0.5065921545028687,0.5993413329124451,-0.00788810383528471,0.5055098533630371,0.5568442344665527,-0.012878443114459515,0.5034101009368896,0.5302773714065552,-0.01614421047270298,0.5007351636886597,0.50801682472229,-0.01916372776031494,0.5221383571624756,0.6098171472549438,-0.012944011949002743,0.5222209095954895,0.5780783891677856,-0.01731918938457966,0.5192578434944153,0.5587389469146729,-0.018647735938429832,0.5146394968032837,0.5419513583183289,-0.01985185593366623
0.5053185224533081,0.7058150172233582,1.610087849712727e-07,0.47393691539764404,0.6919863224029541,-0.011517037637531757,0.45190170407295227,0.6626684069633484,-0.017603591084480286,0.44788670539855957,0.6278473138809204,-0.02311217412352562,0.4573231339454651,0.6013639569282532,-0.027985187247395515,0.474322110414505,0.6035922169685364,-0.004469590727239847,0.47246330976486206,0.5623008608818054,-0.013115477748215199,0.4725136160850525,0.5368348956108093,-0.02166939340531826,0.4738166928291321,0.5144979357719421,-0.028210222721099854,0.49087971448898315,0.5971981287002563,-0.0057806395925581455,0.48901039361953735,0.5502466559410095,-0.012061279267072678,0.48767170310020447,0.5218680500984192,-0.0183152724057436,0.4863182008266449,0.49761658906936646,-0.023331308737397194,0.5055758357048035,0.6001790165901184,-0.009395638480782509,0.5042119026184082,0.5575414299964905,-0.015429218299686909,0.5020269751548767,0.5307146906852722,-0.01925956830382347,0.49931707978248596,0.5075877904891968,-0.02262450009584427,0.5212598443031311,0.6109871864318848,-0.014636282809078693,0.5213754177093506,0.5791486501693726,-0.020120857283473015,0.5186833739280701,0.5598271489143372,-0.021994464099407196,0.514264702796936,0.5426502823829651,-0.023555966094136238
0.5050929188728333,0.7062160968780518,1.6419230064457224e-07,0.4735116958618164,0.6918054819107056,-0.011465643532574177,0.4509122371673584,0.6627606153488159,-0.01774897426366806,0.4460943341255188,0.6279943585395813,-0.023529669269919395,0.45625680685043335,0.6013497710227966,-0.028676051646471024,0.4740590751171112,0.6036133766174316,-0.004317816346883774,0.4722514748573303,0.5619297027587891,-0.01324204821139574,0.47225329279899597,0.5363191962242126,-0.022011231631040573,0.4736063778400421,0.5138236284255981,-0.028669122606515884,0.49063923954963684,0.5969327092170715,-0.005749695934355259,0.4890601634979248,0.5497034192085266,-0.012295001186430454,0.48768290877342224,0.5207391381263733,-0.018743734806776047,0.4862569570541382,0.49610477685928345,-0.02386484667658806,0.505427896976471,0.5996883511543274,-0.009507021866738796,0.5042821168899536,0.5569420456886292,-0.015673207119107246,0.5019428730010986,0.5299181342124939,-0.019602999091148376,0.4990043044090271,0.5067294239997864,-0.023002713918685913,0.5211604237556458,0.6103768348693848,-0.014894803985953331,0.5214115381240845,0.5783184766769409,-0.020436253398656845,0.5185509920120239,0.5587812662124634,-0.02234652265906334,0.513991117477417,0.5414718389511108,-0.02390272356569767
0.5036340951919556,0.7064318060874939,1.6484366938129824e-07,0.47205600142478943,0.6930763721466064,-0.011923135258257389,0.4499335289001465,0.6640869379043579,-0.018501296639442444,0.44511863589286804,0.6295199990272522,-0.024493705481290817,0.45422327518463135,0.6026952266693115,-0.02982877381145954,0.4722670018672943,0.6038492321968079,-0.005164403934031725,0.47031694650650024,0.5618447065353394,-0.014436591416597366,0.47031840682029724,0.5360845923423767,-0.02336745895445347,0.4718339145183563,0.5134112238883972,-0.030078576877713203,0.4887998700141907,0.5971801280975342,-0.006417351309210062,0.48657551407814026,0.5494300127029419,-0.013191199861466885,0.48519793152809143,0.5206599831581116,-0.01955537125468254,0.48393964767456055,0.496038556098938,-0.024572648108005524,0.5036336183547974,0.5999425649642944,-0.010010475292801857,0.501764714717865,0.5564989447593689,-0.01631784252822399,0.49947574734687805,0.5295562744140625,-0.019947463646531105,0.49673783779144287,0.5063443183898926,-0.023089319467544556,0.5196000933647156,0.6107044219970703,-0.015280168503522873,0.5192672610282898,0.57780921459198,-0.02083275280892849,0.516383945941925,0.5583650469779968,-0.022487342357635498,0.5117354989051819,0.5412420630455017,-0.023809202015399933
0.5060067176818848,0.7067257761955261,1.668169886670512e-07,0.47440510988235474,0.6923372149467468,-0.011761657893657684,0.45180055499076843,0.6620948910713196,-0.018482569605112076,0.4474502205848694,0.6268454194068909,-0.024674691259860992,0.4581778943538666,0.6007364988327026,-0.03020120970904827,0.475575715303421,0.6013561487197876,-0.005733825732022524,0.4744821786880493,0.558538556098938,-0.01532506663352251,0.47466525435447693,0.5320370197296143,-0.024446895346045494,0.476155549287796,0.5090140700340271,-0.031294435262680054,0.49236375093460083,0.5946267247200012,-0.007251772563904524,0.4910576045513153,0.5459147691726685,-0.014222756959497929,0.48982810974121094,0.5162656307220459,-0.02055588737130165,0.48853886127471924,0.49111923575401306,-0.025519009679555893,0.5075116157531738,0.597566545009613,-0.011062192730605602,0.5063811540603638,0.5530127882957458,-0.017372891306877136,0.5044851303100586,0.5252199769020081,-0.020914075896143913,0.5018771290779114,0.5015652179718018,-0.02401166781783104,0.5236056447029114,0.6088752746582031,-0.016559503972530365,0.5239743590354919,0.5757124423980713,-0.022120648995041847,0.5210558176040649,0.5557808876037598,-0.02372732199728489,0.5161867141723633,0.5384683609008789,-0.024997811764478683
0.49928587675094604,0.7043009996414185,1.7060045820471714e-07,0.46801328659057617,0.691015899181366,-0.011814618483185768,0.4451168477535248,0.6624587774276733,-0.018135931342840195,0.44111913442611694,0.6272799372673035,-0.023786192759871483,0.4512211084365845,0.6023043394088745,-0.028805261477828026,0.4683491885662079,0.6022278666496277,-0.005843633320182562,0.46627265214920044,0.5596902966499329,-0.01484747789800167,0.4664403200149536,0.533610463142395,-0.023578466847538948,0.46777328848838806,0.5106431245803833,-0.03012961521744728,0.48491784930229187,0.5956255197525024,-0.006883428432047367,0.4833558201789856,0.5474488139152527,-0.013358662836253643,0.48216626048088074,0.5182931423187256,-0.019667554646730423,0.4809308350086212,0.49335840344429016,-0.024618638679385185,0.49989938735961914,0.5981202721595764,-0.010112161748111248,0.49854573607444763,0.554537296295166,-0.016039658337831497,0.4965662658214569,0.527077317237854,-0.01981702819466591,0.4940234422683716,0.5039486885070801,-0.02303273044526577,0.5158798694610596,0.6085655689239502,-0.014989227056503296,0.5158333778381348,0.5765256881713867,-0.020165590569376945,0.5131615996360779,0.5565823316574097,-0.021793130785226822,0.5091004371643066,0.5391784906387329,-0.02306954190135002
0.49565255641937256,0.7083101272583008,1.526636452808816e-07,0.46489715576171875,0.6957909464836121,-0.011597215197980404,0.4414635896682739,0.6682407259941101,-0.018161730840802193,0.4373839199542999,0.6357254981994629,-0.02409510314464569,0.44584640860557556,0.6113616228103638,-0.02943209372460842,0.46350663900375366,0.6084538102149963,-0.006918132770806551,0.460449755191803,0.5661096572875977,-0.016197610646486282,0.4598327875137329,0.540474534034729,-0.02469131536781788,0.460279256105423,0.5187603831291199,-0.03084927424788475,0.47986486554145813,0.6019917726516724,-0.00830149371176958,0.47712764143943787,0.5543032884597778,-0.015232277102768421,0.47507569193840027,0.5254555940628052,-0.021325433626770973,0.4738999009132385,0.5016113519668579,-0.025879325345158577,0.49483826756477356,0.6043594479560852,-0.011793039739131927,0.49277111887931824,0.5608160495758057,-0.018291300162672997,0.49038785696029663,0.5351502895355225,-0.021630149334669113,0.48816153407096863,0.5139778852462769,-0.024216584861278534,0.5102897882461548,0.6145008206367493,-0.0168711319565773,0.5100724697113037,0.5822994112968445,-0.02236154116690159,0.5076174139976501,0.5635604858398438,-0.023497186601161957,0.5042561888694763,0.5478026270866394,-0.024145592004060745
0.502103865146637,0.7060405015945435,1.6821343251649523e-07,0.47061455249786377,0.6925585865974426,-0.011250188574194908,0.4480138421058655,0.6652191877365112,-0.017556730657815933,0.44287922978401184,0.631432831287384,-0.02326340042054653,0.4528779685497284,0.6075645089149475,-0.028258396312594414,0.4688646197319031,0.6056027412414551,-0.005480529740452766,0.46633076667785645,0.5638617277145386,-0.014042549766600132,0.46577101945877075,0.53899747133255,-0.022236596792936325,0.46622735261917114,0.5174993872642517,-0.028357544913887978,0.48500490188598633,0.5985331535339355,-0.006617916282266378,0.48238322138786316,0.5509493350982666,-0.012901995331048965,0.480393648147583,0.5230901837348938,-0.01843784935772419,0.4782595634460449,0.4996098279953003,-0.022690951824188232,0.4998585283756256,0.600540816783905,-0.0098883006721735,0.497073233127594,0.5571754574775696,-0.015595179982483387,0.49454280734062195,0.530931293964386,-0.018697747960686684,0.4913683831691742,0.5090305209159851,-0.021309521049261093,0.5158542990684509,0.6105383634567261,-0.014755364507436752,0.5156159400939941,0.5777077078819275,-0.019537735730409622,0.5128819346427917,0.5585542321205139,-0.0206702072173357,0.5085460543632507,0.5420650243759155,-0.02152901329100132
0.5033735036849976,0.7082843780517578,1.5840356581975357e-07,0.47272419929504395,0.6944602131843567,-0.010794362053275108,0.4510311782360077,0.6659671068191528,-0.016590215265750885,0.4475681781768799,0.6312170624732971,-0.021908629685640335,0.4573608338832855,0.6056906580924988,-0.026580847799777985,0.47252169251441956,0.6060754060745239,-0.003507492830976844,0.47001105546951294,0.564605176448822,-0.011616633273661137,0.46958884596824646,0.5393463373184204,-0.019837835803627968,0.47042304277420044,0.5173941850662231,-0.02610618621110916,0.4887795150279999,0.6000744104385376,-0.004916151985526085,0.4867919981479645,0.5532116293907166,-0.01064643356949091,0.48531144857406616,0.5250513553619385,-0.016547126695513725,0.4838751554489136,0.5013272166252136,-0.02124938741326332,0.5033893585205078,0.6029484868049622,-0.008539765141904354,0.501642644405365,0.5606145858764648,-0.013698362745344639,0.49934807419776917,0.5342943072319031,-0.016802553087472916,0.4968436062335968,0.5120071172714233,-0.01970578543841839,0.5191358923912048,0.6133238077163696,-0.01379685290157795,0.5185827016830444,0.5819311738014221,-0.018063684925436974,0.5161240696907043,0.5627637505531311,-0.019063588231801987,0.5125738382339478,0.5458373427391052,-0.020043909549713135
0.4969814717769623,0.7114502191543579,1.6177426687136176e-07,0.46596038341522217,0.6979825496673584,-0.01067788153886795,0.44323885440826416,0.6701312065124512,-0.016411060467362404,0.4391840994358063,0.6357408761978149,-0.021703073754906654,0.4486538767814636,0.6104250550270081,-0.026370586827397346,0.46493375301361084,0.6100800037384033,-0.00379497604444623,0.46196654438972473,0.5685591697692871,-0.01206012163311243,0.4612504541873932,0.5432020425796509,-0.020389409735798836,0.46177878975868225,0.5211396217346191,-0.026698866859078407,0.48099344968795776,0.6033389568328857,-0.00532123539596796,0.47843649983406067,0.556225061416626,-0.011158991605043411,0.4763423800468445,0.5278061628341675,-0.017194028943777084,0.47439226508140564,0.5040635466575623,-0.02194584161043167,0.49569451808929443,0.6056225299835205,-0.009023122489452362,0.4934796392917633,0.5627779364585876,-0.014310022816061974,0.49067723751068115,0.5360389947891235,-0.017680922523140907,0.4876474440097809,0.513639509677887,-0.02069140411913395,0.5114707350730896,0.6157194972038269,-0.014330144040286541,0.5107510685920715,0.5840135216712952,-0.018809892237186432,0.5078423619270325,0.5645262598991394,-0.01999731734395027,0.5037685036659241,0.5475112199783325,-0.021035348996520042
0.4965877830982208,0.7098308801651001,1.643079059476804e-07,0.4655498266220093,0.6981671452522278,-0.010683625005185604,0.442069411277771,0.6714813709259033,-0.016958309337496758,0.43562185764312744,0.6385220885276794,-0.02282748930156231,0.44484567642211914,0.6131904721260071,-0.028082935139536858,0.4628277122974396,0.6091659069061279,-0.0048461901023983955,0.4597683846950531,0.5674318671226501,-0.013501363806426525,0.459198921918869,0.5421055555343628,-0.02183636650443077,0.46010902523994446,0.5200991630554199,-0.02814790979027748,0.478995144367218,0.6018673777580261,-0.006613939069211483,0.4756137728691101,0.5541920065879822,-0.012865697033703327,0.4738486707210541,0.5257247090339661,-0.018521523103117943,0.47240498661994934,0.501993715763092,-0.02298157848417759,0.49403467774391174,0.6039726734161377,-0.010563083924353123,0.49090009927749634,0.5603711605072021,-0.016349414363503456,0.48843157291412354,0.5337119102478027,-0.019491400569677353,0.4857494831085205,0.5111559629440308,-0.022309431806206703,0.5103748440742493,0.6140350699424744,-0.01609070971608162,0.5095800161361694,0.5814096331596375,-0.021286457777023315,0.5065943598747253,0.5618313550949097,-0.02272132784128189,0.5021706223487854,0.544729471206665,-0.023885322734713554
0.4977501332759857,0.7091484069824219,1.6487220477756637e-07,0.4661778509616852,0.6980364918708801,-0.011395081877708435,0.44260358810424805,0.6708654761314392,-0.017880313098430634,0.43623173236846924,0.6372011303901672,-0.023857783526182175,0.4460126459598541,0.6115220785140991,-0.029190916568040848,0.4641945958137512,0.6087332367897034,-0.005148647353053093,0.4612012803554535,0.5668572783470154,-0.014320517890155315,0.46071574091911316,0.5413515567779541,-0.023099644109606743,0.46183833479881287,0.5189815759658813,-0.029682325199246407,0.4802088141441345,0.601338803768158,-0.0066209640353918076,0.476961225271225,0.5536800622940063,-0.013254129327833652,0.47517815232276917,0.5248531103134155,-0.019254988059401512,0.47380927205085754,0.5004575252532959,-0.023938167840242386,0.49504554271698,0.6034087538719177,-0.010379430837929249,0.4921603500843048,0.5599179267883301,-0.016549482941627502,0.48937851190567017,0.5331580638885498,-0.01990993320941925,0.48635587096214294,0.5102328062057495,-0.022809019312262535,0.5111905932426453,0.6134793162345886,-0.01578485406935215,0.5102298259735107,0.5808846950531006,-0.02121838554739952,0.5069106817245483,0.5617164373397827,-0.02273540385067463,0.5020847916603088,0.5448369383811951,-0.0239226333796978
0.4974437952041626,0.7109173536300659,1.6302584526783903e-07,0.46581217646598816,0.6998503804206848,-0.011181539855897427,0.4425453543663025,0.6726818084716797,-0.017480473965406418,0.4357987642288208,0.6395874619483948,-0.023334583267569542,0.44487351179122925,0.6139580011367798,-0.02852437272667885,0.46332815289497375,0.6094309091567993,-0.004352541174739599,0.46046388149261475,0.5678314566612244,-0.01312783919274807,0.45971915125846863,0.5423532128334045,-0.021700190380215645,0.46055641770362854,0.520051121711731,-0.028181174769997597,0.47944748401641846,0.6022104024887085,-0.0058892653323709965,0.47611311078071594,0.5549962520599365,-0.01216969732195139,0.4743063747882843,0.5263552069664001,-0.017900116741657257,0.47302111983299255,0.5022823810577393,-0.022411543875932693,0.4944123923778534,0.6043727993965149,-0.009754601866006851,0.491521954536438,0.5610594153404236,-0.015471609309315681,0.4888423681259155,0.5346741676330566,-0.018490534275770187,0.4860686659812927,0.5119836330413818,-0.021235961467027664,0.5106586217880249,0.6144455671310425,-0.015300007537007332,0.5093519687652588,0.5821725726127625,-0.02033092826604843,0.5060943365097046,0.5629390478134155,-0.021648148074746132,0.5016237497329712,0.5457949638366699,-0.02274343930184841
0.4977005124092102,0.7102287411689758,1.6442682237993722e-07,0.46612608432769775,0.6986077427864075,-0.011112661100924015,0.44289878010749817,0.671261191368103,-0.0173799991607666,0.43688032031059265,0.6379647254943848,-0.02318788692355156,0.44637811183929443,0.6125764846801758,-0.02838396094739437,0.46413975954055786,0.6093413233757019,-0.004688782151788473,0.46098417043685913,0.567844808101654,-0.013501605950295925,0.4602820575237274,0.542526125907898,-0.022134006023406982,0.4611463248729706,0.5203871130943298,-0.02866550162434578,0.480175256729126,0.6023056507110596,-0.006274294573813677,0.47676175832748413,0.5550596714019775,-0.012659111060202122,0.47479161620140076,0.5265024304389954,-0.018700841814279556,0.47332563996315,0.5023945569992065,-0.02346261776983738,0.494904488325119,0.6044715642929077,-0.010110711678862572,0.49195995926856995,0.5614045262336731,-0.015958884730935097,0.4891617000102997,0.5346587300300598,-0.019360201433300972,0.4863527715206146,0.5117880702018738,-0.022396108135581017,0.5108751654624939,0.6143761873245239,-0.015582405030727386,0.5097352862358093,0.5823540091514587,-0.02071007899940014,0.5064594149589539,0.5631018280982971,-0.022172678261995316,0.5020008087158203,0.5461206436157227,-0.02340817078948021
0.4979058504104614,0.7107681035995483,1.6935716473653883e-07,0.4663377106189728,0.6964887976646423,-0.011068908497691154,0.4452592432498932,0.6674566864967346,-0.017110440880060196,0.44178563356399536,0.6336783766746521,-0.02271321602165699,0.4488222897052765,0.6060407161712646,-0.027773525565862656,0.4634966552257538,0.6094907522201538,-0.004249758552759886,0.45961427688598633,0.5686293244361877,-0.013274658471345901,0.45845383405685425,0.5432387590408325,-0.02202857844531536,0.45882371068000793,0.5207401514053345,-0.028503011912107468,0.4796746075153351,0.6024866104125977,-0.005827996879816055,0.4760681688785553,0.5553421974182129,-0.012469863519072533,0.4735299348831177,0.526832103729248,-0.019115017727017403,0.4712599217891693,0.5023682117462158,-0.024251997470855713,0.49441298842430115,0.6044944524765015,-0.009642127901315689,0.49159905314445496,0.5616157054901123,-0.015767673030495644,0.48840951919555664,0.5348747968673706,-0.019767342135310173,0.48494234681129456,0.5121082663536072,-0.023131659254431725,0.5102077722549438,0.6137787699699402,-0.01503023598343134,0.5090751051902771,0.5813913941383362,-0.02005169726908207,0.5056888461112976,0.5618557333946228,-0.02157588116824627,0.5007890462875366,0.5448148250579834,-0.02286413684487343
0.4983433485031128,0.7110744714736938,1.693123579116218e-07,0.4666529595851898,0.6969125866889954,-0.011602773331105709,0.4456544518470764,0.6674281358718872,-0.01765628159046173,0.4422520101070404,0.6329615116119385,-0.023224085569381714,0.4496673345565796,0.6052317023277283,-0.028219956904649734,0.4641229212284088,0.609434962272644,-0.003862161887809634,0.4598197937011719,0.568852961063385,-0.012734750285744667,0.45873063802719116,0.5435954928398132,-0.021585943177342415,0.45934221148490906,0.5209447741508484,-0.02825693041086197,0.48031121492385864,0.6025674343109131,-0.005223809275776148,0.4764852225780487,0.5559163093566895,-0.011796526610851288,0.47378671169281006,0.5275264978408813,-0.018754174932837486,0.4714783728122711,0.5027379393577576,-0.0241975337266922,0.49494412541389465,0.6048170924186707,-0.008902786299586296,0.4920685589313507,0.5623617768287659,-0.01495642215013504,0.4886043965816498,0.5354483127593994,-0.01917310245335102,0.48515012860298157,0.5120177268981934,-0.02281014248728752,0.510714054107666,0.6145780682563782,-0.014240140095353127,0.5094504356384277,0.5831107497215271,-0.019261641427874565,0.5062254667282104,0.5632120966911316,-0.02101992256939411,0.5018160343170166,0.5451583862304688,-0.022583145648241043
0.4980775713920593,0.7106074094772339,1.700836662621441e-07,0.4661337435245514,0.6966949701309204,-0.01148256380110979,0.4449736475944519,0.6675860285758972,-0.017488155514001846,0.44148820638656616,0.6334335803985596,-0.02300146594643593,0.4482070207595825,0.605648398399353,-0.02795010432600975,0.46382346749305725,0.6093501448631287,-0.004086282104253769,0.4598543047904968,0.5683813691139221,-0.01298896037042141,0.4588356614112854,0.5431089997291565,-0.02177153155207634,0.4593859612941742,0.5206193923950195,-0.02835666574537754,0.47999340295791626,0.6024366021156311,-0.005484358873218298,0.47653910517692566,0.5554367303848267,-0.012103380635380745,0.47398918867111206,0.5269769430160522,-0.01896519958972931,0.47174444794654846,0.5024242997169495,-0.024305252358317375,0.49461814761161804,0.6046025156974792,-0.009178363718092442,0.4919418394565582,0.5615714192390442,-0.015315498225390911,0.48854804039001465,0.5346132516860962,-0.01951555348932743,0.48505517840385437,0.5112787485122681,-0.02310630865395069,0.5103732943534851,0.6142666935920715,-0.01449635811150074,0.5093847513198853,0.5826318860054016,-0.019631510600447655,0.5061373114585876,0.5629104971885681,-0.021395081654191017,0.5016397833824158,0.5451598763465881,-0.022917624562978745
0.49823451042175293,0.7108783721923828,1.6917313416797697e-07,0.46637460589408875,0.6969706416130066,-0.01141411904245615,0.44508570432662964,0.6674741506576538,-0.01740536466240883,0.44141873717308044,0.6330965757369995,-0.02291911467909813,0.44862014055252075,0.6052597761154175,-0.02783885970711708,0.4638069272041321,0.6091539859771729,-0.003989399876445532,0.46000388264656067,0.5681346654891968,-0.012839719653129578,0.45900702476501465,0.5427746772766113,-0.021529672667384148,0.4596225619316101,0.5203951001167297,-0.028070086613297462,0.48002880811691284,0.6021076440811157,-0.005432951729744673,0.4765796363353729,0.5551085472106934,-0.012051508761942387,0.47396937012672424,0.5265544056892395,-0.018792593851685524,0.4716464579105377,0.502088189125061,-0.024035029113292694,0.494787335395813,0.6043505668640137,-0.009187714196741581,0.4920104146003723,0.5611501932144165,-0.015377942472696304,0.48856502771377563,0.5341098308563232,-0.019549626857042313,0.4849657118320465,0.5106826424598694,-0.023121066391468048,0.5106202363967896,0.6141918897628784,-0.01455660816282034,0.509688138961792,0.5825283527374268,-0.019843271002173424,0.5062549114227295,0.5627624988555908,-0.021715067327022552,0.5014738440513611,0.5450252890586853,-0.023306764662265778
0.49785658717155457,0.7111840844154358,1.722409876947495e-07,0.4660082757472992,0.6970106363296509,-0.011698441579937935,0.44486767053604126,0.6678110361099243,-0.017884183675050735,0.4411301910877228,0.6333668828010559,-0.023559555411338806,0.44813233613967896,0.6051734685897827,-0.02862061746418476,0.4634743630886078,0.6096503138542175,-0.003942941315472126,0.45950326323509216,0.5686795115470886,-0.012899805791676044,0.45859071612358093,0.5433639883995056,-0.02171064354479313,0.4593837559223175,0.5208615064620972,-0.028279470279812813,0.4797385632991791,0.6026053428649902,-0.005222184117883444,0.4762413501739502,0.5555875301361084,-0.011781437322497368,0.47376593947410583,0.5271732807159424,-0.018520144745707512,0.4717169404029846,0.5026835203170776,-0.023758189752697945,0.4945136308670044,0.6047337651252747,-0.008855992928147316,0.4917053282260895,0.56174635887146,-0.014856697991490364,0.48831483721733093,0.5348795056343079,-0.018817568197846413,0.48500221967697144,0.51167231798172,-0.022236017510294914,0.5103698968887329,0.6144244074821472,-0.014160284772515297,0.5090267658233643,0.58266282081604,-0.01909399963915348,0.5056729912757874,0.5628690123558044,-0.020663410425186157,0.5011768341064453,0.5451265573501587,-0.022041387856006622
0.49825528264045715,0.7106146812438965,1.7312441968897474e-07,0.4664834141731262,0.6965341567993164,-0.011466294527053833,0.4450858533382416,0.6675208806991577,-0.017562979832291603,0.4412754476070404,0.6331930160522461,-0.023157168179750443,0.44863519072532654,0.6052941679954529,-0.028144260868430138,0.4636816084384918,0.6096952557563782,-0.0041482653468847275,0.45979195833206177,0.5683396458625793,-0.013107839971780777,0.4588427245616913,0.5428721904754639,-0.021801061928272247,0.45957955718040466,0.5205239057540894,-0.028235498815774918,0.479903906583786,0.6026904582977295,-0.005480184685438871,0.4764218330383301,0.5553002953529358,-0.012105152942240238,0.4739820957183838,0.5267030000686646,-0.018804144114255905,0.4719662070274353,0.5022408962249756,-0.02395857870578766,0.49470120668411255,0.6046748757362366,-0.00910852663218975,0.4919743835926056,0.5614872574806213,-0.01524157915264368,0.4886797070503235,0.5345323085784912,-0.01931048184633255,0.48525962233543396,0.5113640427589417,-0.02272273227572441,0.5106027126312256,0.6140730977058411,-0.014345635659992695,0.5095848441123962,0.5819442272186279,-0.019393345341086388,0.5062158703804016,0.5624516010284424,-0.020992668345570564,0.5014175176620483,0.5452567934989929,-0.022330598905682564
0.4980044364929199,0.7109838724136353,1.7135856467120902e-07,0.46604061126708984,0.6965112686157227,-0.011362746357917786,0.44486141204833984,0.6676005125045776,-0.017405005171895027,0.44101786613464355,0.6333339810371399,-0.022981682792305946,0.4484233558177948,0.6057415008544922,-0.027995672076940536,0.4638211131095886,0.6097477674484253,-0.00396889029070735,0.4600815773010254,0.5681961178779602,-0.01282252836972475,0.45913901925086975,0.5427284836769104,-0.021479614078998566,0.45978713035583496,0.5204020738601685,-0.027919426560401917,0.48008885979652405,0.6029211282730103,-0.005395450629293919,0.47684749960899353,0.5552948117256165,-0.01197177916765213,0.47432294487953186,0.526699960231781,-0.018735559657216072,0.47212639451026917,0.5022695660591125,-0.02394914999604225,0.4948124289512634,0.6050851345062256,-0.009111741557717323,0.49230995774269104,0.5617164969444275,-0.015219065360724926,0.48892149329185486,0.5347638726234436,-0.019401954486966133,0.4854053556919098,0.511609673500061,-0.022908886894583702,0.510552704334259,0.6147172451019287,-0.014426597394049168,0.5097910761833191,0.5824336409568787,-0.01948924921452999,0.5064414739608765,0.5626519918441772,-0.021191328763961792,0.5017132759094238,0.5451627373695374,-0.02261851727962494
0.49904459714889526,0.7109703421592712,1.672295297794335e-07,0.46700260043144226,0.6971549391746521,-0.011648393236100674,0.44542670249938965,0.6681111454963684,-0.01773208938539028,0.441588819026947,0.6334457397460938,-0.023309098556637764,0.44802406430244446,0.605116069316864,-0.0282547939568758,0.4643203914165497,0.6087656021118164,-0.0037601273506879807,0.4605746567249298,0.5674028992652893,-0.012515044771134853,0.4597460925579071,0.5418398380279541,-0.021223638206720352,0.46051785349845886,0.519256591796875,-0.027769239619374275,0.4807378351688385,0.6014323234558105,-0.0050970991142094135,0.4773849844932556,0.5541393160820007,-0.011465088464319706,0.4750750958919525,0.5257360339164734,-0.018117403611540794,0.47321876883506775,0.5014148950576782,-0.02334541641175747,0.49550771713256836,0.6035104393959045,-0.008798209019005299,0.4928649663925171,0.5600188374519348,-0.01472976990044117,0.48954078555107117,0.533064603805542,-0.018780846148729324,0.48620423674583435,0.5098651647567749,-0.022313129156827927,0.511410117149353,0.6133579611778259,-0.014165091328322887,0.5104214549064636,0.5812033414840698,-0.019244354218244553,0.5068787336349487,0.5613089203834534,-0.020999403670430183,0.5020182132720947,0.5436336994171143,-0.02251504547894001
0.4979574680328369,0.7118195295333862,1.6826075466269685e-07,0.4660748541355133,0.697641134262085,-0.011399468407034874,0.4446913003921509,0.6681661009788513,-0.01751917600631714,0.4407549500465393,0.6338660717010498,-0.023194080218672752,0.44769853353500366,0.6060473322868347,-0.028344618156552315,0.46391427516937256,0.6096190810203552,-0.004332598764449358,0.46005868911743164,0.5680572390556335,-0.013431601226329803,0.459057092666626,0.5425344109535217,-0.02226821891963482,0.4596655070781708,0.5199704766273499,-0.028892317786812782,0.48019009828567505,0.6029136776924133,-0.005959998816251755,0.47682568430900574,0.5551452040672302,-0.012725599110126495,0.47427135705947876,0.5263997316360474,-0.019654789939522743,0.4720814824104309,0.5017154812812805,-0.02505449205636978,0.494954377412796,0.6054608225822449,-0.009871489368379116,0.49222078919410706,0.5617244839668274,-0.016195910051465034,0.48871099948883057,0.5344493985176086,-0.020535502582788467,0.48512569069862366,0.5108605623245239,-0.024230588227510452,0.5107976198196411,0.6157398819923401,-0.015386620536446571,0.5099144577980042,0.5835974216461182,-0.020789898931980133,0.5065406560897827,0.56339430809021,-0.02275208942592144,0.5019187331199646,0.5453474521636963,-0.024416018277406693
0.49814286828041077,0.7122889757156372,1.7321265488590143e-07,0.4662048816680908,0.6978426575660706,-0.011645639315247536,0.44487741589546204,0.6687690019607544,-0.017889369279146194,0.44097813963890076,0.6342713236808777,-0.023624271154403687,0.4476190507411957,0.6061877608299255,-0.028728066012263298,0.4641904830932617,0.6095343828201294,-0.004295200575143099,0.46030616760253906,0.5675727725028992,-0.013310616835951805,0.45944684743881226,0.5418688654899597,-0.022069787606596947,0.46027281880378723,0.5192381143569946,-0.028558282181620598,0.48040318489074707,0.602840781211853,-0.005623916629701853,0.4769383370876312,0.5549398064613342,-0.012153906747698784,0.474717378616333,0.5261406898498535,-0.018749890848994255,0.47307872772216797,0.5016358494758606,-0.023854270577430725,0.49521034955978394,0.6052698493003845,-0.009277894161641598,0.49239417910575867,0.5616472959518433,-0.015252112410962582,0.489218533039093,0.534490168094635,-0.01913663186132908,0.48611775040626526,0.5111014246940613,-0.02247239090502262,0.511168897151947,0.6152268052101135,-0.014601308852434158,0.5101107954978943,0.582980751991272,-0.019562093541026115,0.5068639516830444,0.5628901124000549,-0.021119555458426476,0.5025218725204468,0.5450032949447632,-0.022438503801822662
0.4970962703227997,0.7128011584281921,1.6904745336887572e-07,0.46451640129089355,0.698663592338562,-0.011547432281076908,0.44272980093955994,0.6688688397407532,-0.017354164272546768,0.43928641080856323,0.6332627534866333,-0.02263464964926243,0.44692695140838623,0.6057791709899902,-0.02729174867272377,0.46302613615989685,0.6097959280014038,-0.003580291522666812,0.45908716320991516,0.5679590106010437,-0.012305489741265774,0.4582819938659668,0.5421934723854065,-0.02100633643567562,0.45904436707496643,0.5195472836494446,-0.027500826865434647,0.4793398976325989,0.602659285068512,-0.004787583835422993,0.47584953904151917,0.5547568798065186,-0.011095444671809673,0.4734712541103363,0.5260377526283264,-0.017712941393256187,0.47148337960243225,0.5014917850494385,-0.022854609414935112,0.4940848648548126,0.60476154088974,-0.008327625691890717,0.4912881553173065,0.5610707998275757,-0.014208702370524406,0.4879247844219208,0.5338874459266663,-0.01815624162554741,0.4845708906650543,0.5107847452163696,-0.021512364968657494,0.5100039839744568,0.6144800186157227,-0.01353050209581852,0.5089696645736694,0.5821273326873779,-0.01841875910758972,0.5055990219116211,0.5618739724159241,-0.019988108426332474,0.5010934472084045,0.5439380407333374,-0.02132166549563408
0.49580439925193787,0.7118759751319885,1.7160893150958145e-07,0.46377235651016235,0.697359561920166,-0.011508260853588581,0.4422900974750519,0.6684659123420715,-0.017665134742856026,0.4385462701320648,0.6337657570838928,-0.023323852568864822,0.4450693726539612,0.605536937713623,-0.02837277017533779,0.4612671732902527,0.6099340915679932,-0.004251277539879084,0.4572952389717102,0.5682389140129089,-0.01330823265016079,0.456377774477005,0.5426825284957886,-0.022083528339862823,0.4570220410823822,0.5202453136444092,-0.028563430532813072,0.4775797724723816,0.6028769016265869,-0.005637013353407383,0.47405120730400085,0.5551581978797913,-0.012192548252642155,0.4716813266277313,0.5265243053436279,-0.018774859607219696,0.4696967303752899,0.5020732283592224,-0.023877466097474098,0.4923747181892395,0.6050299406051636,-0.009343844838440418,0.4895366132259369,0.5615184903144836,-0.01529706735163927,0.48624086380004883,0.5342941284179688,-0.019166618585586548,0.48297548294067383,0.5110796093940735,-0.02250633016228676,0.5081855058670044,0.6148187518119812,-0.014703872613608837,0.5070077776908875,0.5827407240867615,-0.019587291404604912,0.5036503076553345,0.5627147555351257,-0.02109868824481964,0.49914324283599854,0.5451046824455261,-0.022410767152905464
0.4967295229434967,0.7138699293136597,1.6855288720307726e-07,0.46465185284614563,0.6999826431274414,-0.01138694491237402,0.44304102659225464,0.6707918643951416,-0.017390741035342216,0.43954285979270935,0.6357499361038208,-0.022918445989489555,0.44654542207717896,0.6077427864074707,-0.02782471664249897,0.46253839135169983,0.6122547388076782,-0.003849597414955497,0.4587150812149048,0.5703769326210022,-0.01288682222366333,0.45779949426651,0.5446824431419373,-0.021566379815340042,0.458535760641098,0.5223362445831299,-0.02792733535170555,0.4788089990615845,0.6053470969200134,-0.005198464263230562,0.475558876991272,0.5576662421226501,-0.011794926598668098,0.4732600748538971,0.5289524793624878,-0.018285110592842102,0.4714818596839905,0.5045015215873718,-0.023227740079164505,0.4937208294868469,0.6074766516685486,-0.008875241503119469,0.4910235106945038,0.5642151832580566,-0.01489852275699377,0.4879273772239685,0.5376369953155518,-0.018504539504647255,0.4849058985710144,0.5150056481361389,-0.021533634513616562,0.5097180604934692,0.6171414852142334,-0.014200408011674881,0.5086929798126221,0.5851719975471497,-0.018986234441399574,0.5054534673690796,0.5657432079315186,-0.020219989120960236,0.5010491013526917,0.5487633943557739,-0.021250594407320023
0.4961320757865906,0.7132088541984558,1.6793110546586831e-07,0.46422022581100464,0.6998932361602783,-0.012013799510896206,0.442280650138855,0.6712265610694885,-0.018421268090605736,0.43834635615348816,0.6360737681388855,-0.024251634255051613,0.4450416564941406,0.6073504090309143,-0.02939760312438011,0.4618009328842163,0.6118453145027161,-0.004415976349264383,0.45721226930618286,0.5695966482162476,-0.013502617366611958,0.4561804533004761,0.5438288450241089,-0.02229604311287403,0.4569900631904602,0.5211402177810669,-0.028814321383833885,0.47797349095344543,0.604559063911438,-0.005585032980889082,0.4740019142627716,0.5565869808197021,-0.012166138738393784,0.4715079069137573,0.5278089642524719,-0.01878935657441616,0.4697229862213135,0.5032436847686768,-0.023955265060067177,0.49270495772361755,0.6064730882644653,-0.009139386005699635,0.4896189272403717,0.5628217458724976,-0.015081626363098621,0.4861820936203003,0.5358881950378418,-0.018884310498833656,0.4830305278301239,0.5126848220825195,-0.02221871353685856,0.5087722539901733,0.6159619092941284,-0.01441590953618288,0.5072697997093201,0.5836505889892578,-0.019319068640470505,0.503779411315918,0.5639128088951111,-0.020861942321062088,0.499236136674881,0.546421229839325,-0.022221369668841362
0.49553772807121277,0.714440643787384,1.6279385306461336e-07,0.4636620283126831,0.7003398537635803,-0.011085301637649536,0.44246426224708557,0.6709660887718201,-0.01681038737297058,0.4387655258178711,0.6363660097122192,-0.022135980427265167,0.4450516104698181,0.608292818069458,-0.026826433837413788,0.46147873997688293,0.6117395162582397,-0.0028864028863608837,0.4572712481021881,0.5705163478851318,-0.011460883542895317,0.45607924461364746,0.5451975464820862,-0.019968019798398018,0.45653674006462097,0.5230242013931274,-0.026299936696887016,0.4777035713195801,0.6045711040496826,-0.004366811830550432,0.47405391931533813,0.5574180483818054,-0.010521571151912212,0.4715312719345093,0.5289772152900696,-0.01684180274605751,0.46958163380622864,0.5050337314605713,-0.021739739924669266,0.49251213669776917,0.6065871715545654,-0.00821818970143795,0.48934900760650635,0.563520073890686,-0.0139236468821764,0.4858138859272003,0.5369009971618652,-0.017560800537467003,0.48240241408348083,0.5142581462860107,-0.020722826942801476,0.5084389448165894,0.616186261177063,-0.013721694238483906,0.5072158575057983,0.5843609571456909,-0.01839022897183895,0.5037156343460083,0.5649956464767456,-0.01973744109272957,0.4989972710609436,0.548082172870636,-0.020922141149640083
0.4978851079940796,0.714429497718811,1.701476861626361e-07,0.4658981263637543,0.7002636194229126,-0.011615722440183163,0.4439224600791931,0.6710715293884277,-0.017728224396705627,0.44034865498542786,0.6361956000328064,-0.02323339134454727,0.4467901289463043,0.6080801486968994,-0.02808704972267151,0.46301886439323425,0.6125966906547546,-0.0048106019385159016,0.4590900242328644,0.5704485177993774,-0.01382729783654213,0.4582153856754303,0.5446986556053162,-0.022396700456738472,0.45892050862312317,0.5225046873092651,-0.028659218922257423,0.4793139398097992,0.6057000160217285,-0.006012759171426296,0.47574615478515625,0.5576631426811218,-0.012596270069479942,0.4734058380126953,0.5290749669075012,-0.019015559926629066,0.4716094136238098,0.5049770474433899,-0.023907160386443138,0.49418529868125916,0.6078539490699768,-0.00948936678469181,0.49124017357826233,0.5640105605125427,-0.015578706748783588,0.48797860741615295,0.5369794368743896,-0.019400395452976227,0.48478880524635315,0.5140529870986938,-0.022575538605451584,0.5101871490478516,0.617488443851471,-0.014582403004169464,0.509049654006958,0.5850691199302673,-0.019609671086072922,0.505621612071991,0.5650532841682434,-0.021091436967253685,0.5010899305343628,0.5476176142692566,-0.022267548367381096
0.4962596893310547,0.7134077548980713,1.720764686297116e-07,0.464151531457901,0.6992287039756775,-0.011418147943913937,0.44244709610939026,0.6704161763191223,-0.01753191277384758,0.438723087310791,0.6356431245803833,-0.02317121811211109,0.4452507495880127,0.6074976921081543,-0.028218913823366165,0.46192699670791626,0.61204993724823,-0.004455802030861378,0.4575802981853485,0.5698505640029907,-0.013521702028810978,0.45658761262893677,0.5440422296524048,-0.022253233939409256,0.45739272236824036,0.5215275287628174,-0.028645943850278854,0.4781701862812042,0.6046140789985657,-0.0058226073160767555,0.4742867946624756,0.5562196373939514,-0.012337797321379185,0.4718358516693115,0.5271758437156677,-0.018873587250709534,0.47017529606819153,0.5027227401733398,-0.02392437867820263,0.49294111132621765,0.6063656210899353,-0.009470279328525066,0.48997336626052856,0.562227725982666,-0.01535103376954794,0.48652756214141846,0.5349151492118835,-0.019230516627430916,0.48334062099456787,0.5119433999061584,-0.02256469801068306,0.5088250041007996,0.6157271862030029,-0.014760153368115425,0.5077416300773621,0.5832759141921997,-0.019597450271248817,0.5040201544761658,0.5632096529006958,-0.021089892834424973,0.4991304576396942,0.5458532571792603,-0.022358279675245285
0.4961380064487457,0.7112812995910645,1.7594202006421256e-07,0.4641616642475128,0.6983604431152344,-0.011962268501520157,0.44216182827949524,0.6695176362991333,-0.018299715593457222,0.43846791982650757,0.6342791318893433,-0.023993998765945435,0.44505706429481506,0.6058409810066223,-0.029081162065267563,0.461411714553833,0.6103454232215881,-0.005387852434068918,0.45765429735183716,0.5680503249168396,-0.01461310125887394,0.45673370361328125,0.5420784950256348,-0.02334882877767086,0.45747095346450806,0.519548237323761,-0.029742170125246048,0.47785478830337524,0.6029422879219055,-0.006551639176905155,0.474366694688797,0.5546607375144958,-0.013232395052909851,0.4719826877117157,0.5256937742233276,-0.019767865538597107,0.4702029824256897,0.5011836886405945,-0.024808838963508606,0.492743581533432,0.6047552824020386,-0.010007010772824287,0.4900538921356201,0.5610423684120178,-0.016069261357188225,0.4868142306804657,0.5339518189430237,-0.019943293184041977,0.48369696736335754,0.510831892490387,-0.023253047838807106,0.5085717439651489,0.6141432523727417,-0.015127288177609444,0.5074673891067505,0.581813633441925,-0.020167475566267967,0.5040411353111267,0.5620377659797668,-0.02173023857176304,0.4994710683822632,0.5446927547454834,-0.02302740514278412
0.4955885410308838,0.7124804854393005,1.732396555098603e-07,0.4636504352092743,0.6987189650535583,-0.011550522409379482,0.4418533742427826,0.6698926687240601,-0.01782434806227684,0.43794944882392883,0.6353972554206848,-0.02356991358101368,0.4444265067577362,0.6069279313087463,-0.02870536968111992,0.4608548879623413,0.6101192235946655,-0.004534212406724691,0.45708000659942627,0.5680286884307861,-0.013618013821542263,0.4562399983406067,0.5422738790512085,-0.022349834442138672,0.45695817470550537,0.5198991894721985,-0.028770791366696358,0.4773148000240326,0.6030170917510986,-0.005953610874712467,0.47400912642478943,0.5548482537269592,-0.012512709945440292,0.4715510308742523,0.5259261727333069,-0.019007770344614983,0.4695391058921814,0.5016565322875977,-0.024013763293623924,0.4923038184642792,0.605163037776947,-0.009690994396805763,0.4895193576812744,0.5611570477485657,-0.01567176543176174,0.4861011803150177,0.534073531627655,-0.01943868398666382,0.4826607406139374,0.5108642578125,-0.022679612040519714,0.5082460045814514,0.6149775385856628,-0.015073105692863464,0.5072290301322937,0.5823979377746582,-0.020024294033646584,0.5038089156150818,0.5625100135803223,-0.021477743983268738,0.49916520714759827,0.5449632406234741,-0.022700119763612747
0.49621111154556274,0.7126210331916809,1.7242660987903946e-07,0.4640975296497345,0.6988323926925659,-0.011727024801075459,0.44221824407577515,0.6696358919143677,-0.0179873239248991,0.4382559657096863,0.6349508166313171,-0.023671260103583336,0.44489598274230957,0.606503427028656,-0.028717398643493652,0.46105948090553284,0.6104200482368469,-0.004715781193226576,0.4569281041622162,0.5684777498245239,-0.01381694432348013,0.4560103714466095,0.5428104400634766,-0.022570600733160973,0.45672839879989624,0.5204374194145203,-0.0290059931576252,0.47751474380493164,0.6031010746955872,-0.0059858872555196285,0.47383591532707214,0.5550327897071838,-0.012550469487905502,0.4712790250778198,0.5261906385421753,-0.019042888656258583,0.46923360228538513,0.5018832683563232,-0.024054305627942085,0.49244561791419983,0.6050527691841125,-0.009576670825481415,0.48956871032714844,0.561059296131134,-0.015572494827210903,0.4861610531806946,0.5337830185890198,-0.01944258064031601,0.4827493131160736,0.5105288028717041,-0.022757435217499733,0.5083732604980469,0.6146836876869202,-0.014825601130723953,0.5073161125183105,0.5822495818138123,-0.0198364220559597,0.5036428570747375,0.5623480677604675,-0.021398892626166344,0.4986810088157654,0.5449584722518921,-0.02269815281033516
0.4959245026111603,0.7123597860336304,1.7300003207765258e-07,0.4637623727321625,0.6990921497344971,-0.01184222474694252,0.441897451877594,0.6710265278816223,-0.01819455251097679,0.4378759562969208,0.6362948417663574,-0.023985764011740685,0.444288432598114,0.6072611808776855,-0.02911224402487278,0.46104368567466736,0.6111215353012085,-0.004205689299851656,0.45699724555015564,0.5690178871154785,-0.013197413645684719,0.45614299178123474,0.5431806445121765,-0.021931609138846397,0.4570348858833313,0.5205878615379333,-0.028362402692437172,0.4775286316871643,0.603566586971283,-0.005403932649642229,0.47390124201774597,0.5554925203323364,-0.0117179024964571,0.4715538024902344,0.5266238451004028,-0.018062649294734,0.4698784053325653,0.5023698806762695,-0.023037966340780258,0.4924338161945343,0.6053234338760376,-0.008999944664537907,0.4895416796207428,0.5616398453712463,-0.014690665528178215,0.4862469732761383,0.534743070602417,-0.01819710060954094,0.48316478729248047,0.5117754340171814,-0.021331800147891045,0.5084599256515503,0.6146302819252014,-0.014313305728137493,0.5071924924850464,0.5821443200111389,-0.018977148458361626,0.5037587285041809,0.562541127204895,-0.020230231806635857,0.49913784861564636,0.5454161167144775,-0.021358005702495575
0.49602341651916504,0.7129485011100769,1.7192647305819264e-07,0.46370840072631836,0.6997300386428833,-0.01192163024097681,0.44173464179039,0.6713727116584778,-0.018331358209252357,0.43745851516723633,0.6366003751754761,-0.024181973189115524,0.44391897320747375,0.6076037287712097,-0.029362933710217476,0.4611447751522064,0.6113492846488953,-0.004218241199851036,0.45708027482032776,0.5691800713539124,-0.01318410411477089,0.4560416340827942,0.5433785319328308,-0.021890616044402122,0.4567015767097473,0.5208419561386108,-0.028328584507107735,0.4775516390800476,0.6038239002227783,-0.005461012478917837,0.4738580882549286,0.5556883811950684,-0.01187388226389885,0.47124993801116943,0.5268229246139526,-0.018313489854335785,0.4691946506500244,0.5026716589927673,-0.02332928217947483,0.4923907220363617,0.6056593060493469,-0.009107399731874466,0.4893674850463867,0.5618510842323303,-0.014920293353497982,0.4857912063598633,0.5348318815231323,-0.018608348444104195,0.4822376072406769,0.5118248462677002,-0.02185799926519394,0.5082324743270874,0.6151825189590454,-0.014463257044553757,0.5070738196372986,0.5825826525688171,-0.019271988421678543,0.5036725401878357,0.5628102421760559,-0.020684026181697845,0.49899569153785706,0.5455113053321838,-0.021929042413830757
0.49575647711753845,0.715201735496521,1.7591362677649158e-07,0.4635164439678192,0.7013490200042725,-0.011732173152267933,0.44146043062210083,0.6723114252090454,-0.0180011298507452,0.4376564621925354,0.6372363567352295,-0.023738665506243706,0.444141685962677,0.6086140871047974,-0.028829142451286316,0.4603882133960724,0.6129951477050781,-0.004339653067290783,0.4565196633338928,0.5707840323448181,-0.013436626642942429,0.4555913805961609,0.5452470779418945,-0.022172648459672928,0.45625853538513184,0.5228819847106934,-0.028554899618029594,0.476691871881485,0.6061477065086365,-0.005663186311721802,0.4732472896575928,0.5578402280807495,-0.012340967543423176,0.47065678238868713,0.5286895632743835,-0.01886606588959694,0.46872806549072266,0.5042086839675903,-0.02380497008562088,0.4916863441467285,0.6083888411521912,-0.009364618919789791,0.4887499213218689,0.5643191933631897,-0.015516112558543682,0.4852736294269562,0.5372457504272461,-0.01934036798775196,0.4820012152194977,0.51439368724823,-0.02247709594666958,0.5077929496765137,0.6180751919746399,-0.014731059782207012,0.5064011812210083,0.585178792476654,-0.01976354420185089,0.5026573538780212,0.565239667892456,-0.02123790979385376,0.49784401059150696,0.5480043888092041,-0.02240283600986004
0.4956970512866974,0.7154694199562073,1.7769484372820443e-07,0.46393904089927673,0.7021017074584961,-0.01162056252360344,0.44197118282318115,0.6730548739433289,-0.017809782177209854,0.4379899501800537,0.6382115483283997,-0.02347569167613983,0.4446522295475006,0.6098271608352661,-0.028430169448256493,0.46082165837287903,0.6132081747055054,-0.004100086633116007,0.45689189434051514,0.5712227821350098,-0.013097046874463558,0.45592963695526123,0.5455644130706787,-0.021710136905312538,0.45662355422973633,0.5234280824661255,-0.02798224240541458,0.47674745321273804,0.6063313484191895,-0.005390319041907787,0.47331610321998596,0.558270275592804,-0.011853255331516266,0.4709628224372864,0.5294183492660522,-0.017927635461091995,0.4691993296146393,0.5053888559341431,-0.02251237817108631,0.49150559306144714,0.6084387302398682,-0.009077176451683044,0.4884782135486603,0.5645681619644165,-0.014901497401297092,0.4854397773742676,0.5378074049949646,-0.018025120720267296,0.4825204610824585,0.5152021646499634,-0.020703068003058434,0.5074489116668701,0.6180499196052551,-0.014475503005087376,0.5062974095344543,0.5855661630630493,-0.019056985154747963,0.503288209438324,0.5658892393112183,-0.02000686153769493,0.499093621969223,0.5488177537918091,-0.02082815393805504
0.49556875228881836,0.7125994563102722,1.7758229375886003e-07,0.46374738216400146,0.7001482844352722,-0.011876121163368225,0.44151321053504944,0.6718626022338867,-0.01837930828332901,0.4371376633644104,0.6370493769645691,-0.024303149431943893,0.44455790519714355,0.6088563203811646,-0.029631251469254494,0.4606592357158661,0.6125441193580627,-0.005222531501203775,0.4567180275917053,0.5707340836524963,-0.014587189070880413,0.4558491110801697,0.5451472997665405,-0.02341633290052414,0.4566614329814911,0.5228258371353149,-0.029880840331315994,0.4768269956111908,0.6052730083465576,-0.006503029260784388,0.47327977418899536,0.5569831728935242,-0.013319999910891056,0.4707031846046448,0.5281263589859009,-0.01980607397854328,0.4686029255390167,0.5038094520568848,-0.024782417342066765,0.49162355065345764,0.6071515679359436,-0.01010748092085123,0.4887094497680664,0.5631416440010071,-0.016291828826069832,0.48537135124206543,0.5360800623893738,-0.02003047615289688,0.4820394217967987,0.5130428075790405,-0.023196155205368996,0.5073904991149902,0.61659836769104,-0.015370315872132778,0.5061535835266113,0.584113359451294,-0.020433301106095314,0.5028240084648132,0.5642449259757996,-0.021913310512900352,0.49830132722854614,0.5468371510505676,-0.023152349516749382
0.49620670080184937,0.7114864587783813,1.7531731089093228e-07,0.4639701247215271,0.6991178393363953,-0.012110603041946888,0.4417171776294708,0.6706794500350952,-0.018505055457353592,0.43747973442077637,0.6355775594711304,-0.024293411523103714,0.44501668214797974,0.6071954369544983,-0.029407229274511337,0.46117839217185974,0.6111563444137573,-0.004622646141797304,0.45711565017700195,0.569568395614624,-0.013766100630164146,0.4562954604625702,0.5438718199729919,-0.0225787665694952,0.45720022916793823,0.5212907791137695,-0.029108494520187378,0.47742050886154175,0.6035670638084412,-0.00578803988173604,0.4735977053642273,0.5556908249855042,-0.012400350533425808,0.47116804122924805,0.5267050266265869,-0.018890036270022392,0.4693123698234558,0.5021219253540039,-0.023932209238409996,0.4922453761100769,0.6053370237350464,-0.009359076619148254,0.48915785551071167,0.5618577003479004,-0.015438523143529892,0.48587319254875183,0.5347651243209839,-0.019230369478464127,0.48256948590278625,0.5114956498146057,-0.022473664954304695,0.508297860622406,0.6147371530532837,-0.014640643261373043,0.50692218542099,0.5823923349380493,-0.01973714493215084,0.5034129619598389,0.5625808835029602,-0.021325211971998215,0.4985734820365906,0.5451372265815735,-0.02265940047800541
0.4952571988105774,0.7122310996055603,1.6562268001507618e-07,0.4634800851345062,0.6995066404342651,-0.011751960963010788,0.4417060613632202,0.6707175374031067,-0.01787937991321087,0.4380827248096466,0.6359356641769409,-0.023435670882463455,0.4437069594860077,0.6074122190475464,-0.02840566262602806,0.4603445529937744,0.6109313368797302,-0.004974652547389269,0.4564691483974457,0.5692989230155945,-0.014160187914967537,0.4553602337837219,0.5435233116149902,-0.022927667945623398,0.4557476341724396,0.5210669636726379,-0.02936594933271408,0.4766996204853058,0.6033796668052673,-0.006331141106784344,0.47318458557128906,0.5553820133209229,-0.013017870485782623,0.47043901681900024,0.52652907371521,-0.019526271149516106,0.46816307306289673,0.5022619962692261,-0.024529678747057915,0.49148163199424744,0.6050896644592285,-0.01000862754881382,0.48848649859428406,0.5614887475967407,-0.016095848754048347,0.4850027859210968,0.5345966219902039,-0.01997281052172184,0.4814160466194153,0.5116442441940308,-0.023279987275600433,0.5072484016418457,0.6145053505897522,-0.015351624228060246,0.5059320330619812,0.5818193554878235,-0.02040923573076725,0.502409040927887,0.5622255206108093,-0.021929334849119186,0.49745821952819824,0.5452201962471008,-0.023196743801236153
0.5148670077323914,0.7066100835800171,1.6060974417086982e-07,0.48541170358657837,0.6889960169792175,-0.010503511875867844,0.4660305380821228,0.6589634418487549,-0.01623615249991417,0.46421727538108826,0.6259329915046692,-0.02152799628674984,0.47169217467308044,0.6007524132728577,-0.02620316483080387,0.48734062910079956,0.6044029593467712,-0.0049752104096114635,0.4866821765899658,0.5635316967964172,-0.013373353518545628,0.4867851734161377,0.5385183095932007,-0.021362170577049255,0.48753172159194946,0.5168477296829224,-0.02717730775475502,0.5025849342346191,0.5994201898574829,-0.0064564901404082775,0.5019343495368958,0.5525675415992737,-0.012388406321406364,0.5005528926849365,0.5242214798927307,-0.017789404839277267,0.49917203187942505,0.5004814863204956,-0.021838083863258362,0.5166895389556885,0.6028345823287964,-0.01001413818448782,0.5154590606689453,0.5598830580711365,-0.01541761215776205,0.5133641362190247,0.5334600210189819,-0.01832922361791134,0.5108226537704468,0.5110890865325928,-0.020696014165878296,0.5316830277442932,0.6137626767158508,-0.015125777572393417,0.5324483513832092,0.5817107558250427,-0.01966845616698265,0.530285656452179,0.5622126460075378,-0.020559079945087433,0.526667594909668,0.545916736125946,-0.021114347502589226
0.5303546190261841,0.7000668048858643,1.730829666257705e-07,0.5024465918540955,0.6819511651992798,-0.012234171852469444,0.4844948947429657,0.65149986743927,-0.019072795286774635,0.4835360646247864,0.6180504560470581,-0.02512437477707863,0.4919591546058655,0.5912846922874451,-0.030427303165197372,0.5061398148536682,0.5974489450454712,-0.00633061770349741,0.5066940784454346,0.5565932989120483,-0.015702469274401665,0.5084443688392639,0.5319534540176392,-0.0242791585624218,0.5114631056785583,0.5107944011688232,-0.030471807345747948,0.5223033428192139,0.5934484601020813,-0.007118902634829283,0.523247241973877,0.5470386743545532,-0.01390371099114418,0.5238384008407593,0.5194634795188904,-0.019993742927908897,0.5244195461273193,0.49604663252830505,-0.024614626541733742,0.5363075733184814,0.5981665849685669,-0.010166770778596401,0.5373102426528931,0.5562264323234558,-0.016278715804219246,0.537108302116394,0.5302530527114868,-0.01970856450498104,0.5363607406616211,0.5079454183578491,-0.02257879637181759,0.5509105920791626,0.6103428602218628,-0.014866131357848644,0.5524739027023315,0.5795423984527588,-0.019907359033823013,0.5510485768318176,0.5605524778366089,-0.021305736154317856,0.5479329824447632,0.5438024401664734,-0.022376373410224915
0.5341630578041077,0.6993668079376221,1.7290015819071414e-07,0.5058640837669373,0.6793801188468933,-0.011626120656728745,0.4879561960697174,0.6485223174095154,-0.01792965643107891,0.4872397482395172,0.6150854825973511,-0.023640133440494537,0.49713391065597534,0.5896823406219482,-0.028720062226057053,0.5112446546554565,0.5972054600715637,-0.004844394512474537,0.5122634768486023,0.5565566420555115,-0.013710301369428635,0.5141587853431702,0.5320637226104736,-0.02213723212480545,0.5170189142227173,0.5105435848236084,-0.028410080820322037,0.5270652770996094,0.5941430926322937,-0.005917177069932222,0.5287157297134399,0.5479133725166321,-0.012521093711256981,0.5294379591941833,0.520357608795166,-0.018930278718471527,0.5298866629600525,0.49663788080215454,-0.023853100836277008,0.54066002368927,0.5994035005569458,-0.009236949495971203,0.5422483086585999,0.5574765205383301,-0.015361480414867401,0.5420243740081787,0.53123939037323,-0.019154556095600128,0.5412558913230896,0.5085803270339966,-0.02229968085885048,0.5549646615982056,0.6120588183403015,-0.014157685451209545,0.5568816065788269,0.5813824534416199,-0.01921413280069828,0.5559952855110168,0.5617095232009888,-0.02088845893740654,0.5537717342376709,0.5438013076782227,-0.02225680649280548
0.5306827425956726,0.6993215084075928,1.6933617530412448e-07,0.5020990967750549,0.6809470057487488,-0.011156854219734669,0.48367199301719666,0.6506356000900269,-0.017047712579369545,0.4831504821777344,0.6167586445808411,-0.022376492619514465,0.49335217475891113,0.5920917391777039,-0.027168432250618935,0.5070000290870667,0.5994818806648254,-0.004864164628088474,0.507395327091217,0.5589795112609863,-0.013542101718485355,0.5091724395751953,0.5347363948822021,-0.021805111318826675,0.5119436383247375,0.513484537601471,-0.027962058782577515,0.5228310823440552,0.5957654714584351,-0.006043031811714172,0.5241972208023071,0.549470067024231,-0.012501567602157593,0.5245967507362366,0.5220189094543457,-0.018818898126482964,0.524628221988678,0.49857813119888306,-0.023679688572883606,0.5364675521850586,0.6003351807594299,-0.009390786290168762,0.5380216836929321,0.558327853679657,-0.015494543127715588,0.537342369556427,0.5319640040397644,-0.019579682499170303,0.5359667539596558,0.5094818472862244,-0.022925373166799545,0.5507194995880127,0.6121811270713806,-0.014263845980167389,0.55266273021698,0.5815989971160889,-0.019470978528261185,0.5513377785682678,0.5621838569641113,-0.02142430655658245,0.5484826564788818,0.5447390675544739,-0.023006511852145195
0.5308142900466919,0.7004607319831848,1.6846961159444618e-07,0.5022168755531311,0.6820096373558044,-0.011147537268698215,0.48411205410957336,0.6511564254760742,-0.017265165224671364,0.48317503929138184,0.6175065040588379,-0.022883214056491852,0.4929348826408386,0.5921303629875183,-0.02795289270579815,0.5069288611412048,0.5989511609077454,-0.004921048879623413,0.5075801610946655,0.558201014995575,-0.013823186047375202,0.5092093348503113,0.5335183143615723,-0.022186581045389175,0.5119203925132751,0.5121036171913147,-0.028405984863638878,0.522940993309021,0.5955278873443604,-0.006325379014015198,0.5243176221847534,0.5489285588264465,-0.013035975396633148,0.524623453617096,0.5209943652153015,-0.019494272768497467,0.5246711373329163,0.49723049998283386,-0.024424655362963676,0.53685462474823,0.6005880236625671,-0.009901618584990501,0.5382557511329651,0.5580790638923645,-0.01619705744087696,0.5375799536705017,0.5314611792564392,-0.020233040675520897,0.5362447500228882,0.5083787441253662,-0.02354402095079422,0.5512552857398987,0.6130425930023193,-0.014996157959103584,0.5531041026115417,0.5820127725601196,-0.020391754806041718,0.5515817999839783,0.5622891783714294,-0.022313134744763374,0.5484999418258667,0.5444236397743225,-0.023828698322176933
0.5302716493606567,0.7008699178695679,1.7648916639245726e-07,0.5004889369010925,0.6829759478569031,-0.011977002955973148,0.4815080463886261,0.6528104543685913,-0.01842403970658779,0.48097512125968933,0.6186673641204834,-0.02417910099029541,0.4904431700706482,0.5928962826728821,-0.02927579917013645,0.5047553181648254,0.5995007753372192,-0.005490113981068134,0.5049582123756409,0.5584448575973511,-0.014523494988679886,0.5067261457443237,0.533747136592865,-0.02309178002178669,0.5096354484558105,0.5121960639953613,-0.029403313994407654,0.5208441019058228,0.595466673374176,-0.006447750609368086,0.5216231346130371,0.5489050149917603,-0.013203518465161324,0.5217463374137878,0.520923376083374,-0.019759757444262505,0.5217880606651306,0.4970637261867523,-0.024751730263233185,0.5347718000411987,0.5999996066093445,-0.009647112339735031,0.5356897115707397,0.557679295539856,-0.015922989696264267,0.534796953201294,0.5310983657836914,-0.019951963797211647,0.5334067344665527,0.508412778377533,-0.02322085201740265,0.5495285391807556,0.6118713021278381,-0.014456677250564098,0.5510291457176208,0.5808491706848145,-0.019705623388290405,0.5491833686828613,0.5614719986915588,-0.021456560119986534,0.5457932949066162,0.5442217588424683,-0.022809794172644615
0.5286846160888672,0.7011038661003113,1.7439033683785965e-07,0.49969106912612915,0.6826956272125244,-0.011620945297181606,0.48143470287323,0.652268648147583,-0.01788412220776081,0.48031529784202576,0.6187871694564819,-0.023568738251924515,0.4898204803466797,0.5932568311691284,-0.028626136481761932,0.5039308667182922,0.599251925945282,-0.004614191595464945,0.5042611956596375,0.5588832497596741,-0.013502489775419235,0.5057510733604431,0.5343090891838074,-0.022034216672182083,0.5083470940589905,0.5128922462463379,-0.02836727537214756,0.5199427008628845,0.5952379107475281,-0.005722476169466972,0.5208581686019897,0.5490913987159729,-0.01232079602777958,0.5209858417510986,0.5211145877838135,-0.018788376823067665,0.5208748579025269,0.4972325265407562,-0.02375864051282406,0.5338377952575684,0.5998747944831848,-0.009110034443438053,0.5348495841026306,0.5579367280006409,-0.015233744867146015,0.5341248512268066,0.5314916372299194,-0.019174784421920776,0.5328091979026794,0.5088958740234375,-0.022443536669015884,0.5483787059783936,0.6119517683982849,-0.014100989326834679,0.5501886606216431,0.5814265012741089,-0.019196217879652977,0.5486316680908203,0.5620128512382507,-0.020964039489626884,0.5455492734909058,0.5446254014968872,-0.022408971562981606
0.5285423994064331,0.7012680768966675,1.729325589394648e-07,0.49930262565612793,0.6828498840332031,-0.011562171392142773,0.48105111718177795,0.6524457931518555,-0.0177269596606493,0.4800572991371155,0.6184080839157104,-0.02334216982126236,0.49024346470832825,0.5931671261787415,-0.02833154797554016,0.5042426586151123,0.5998260378837585,-0.004150099121034145,0.5045693516731262,0.5593432188034058,-0.012807093560695648,0.5059177279472351,0.5346566438674927,-0.02125607058405876,0.5084444880485535,0.5130513310432434,-0.027544576674699783,0.5202918648719788,0.5958551168441772,-0.005210444331169128,0.5211684107780457,0.5494288802146912,-0.011521256528794765,0.521162748336792,0.5214716196060181,-0.017846491187810898,0.5210800766944885,0.49752816557884216,-0.022750291973352432,0.5340893864631653,0.6003241539001465,-0.008561997674405575,0.5351633429527283,0.5582554340362549,-0.014325527474284172,0.5343167185783386,0.5318917036056519,-0.018037177622318268,0.533049464225769,0.509357750415802,-0.02117224782705307,0.5485090613365173,0.6120961308479309,-0.013552279211580753,0.5500246286392212,0.5810419321060181,-0.018271315842866898,0.5481645464897156,0.5615926384925842,-0.019804801791906357,0.5448026061058044,0.5442739725112915,-0.021101899445056915
0.5277556777000427,0.702105700969696,1.7012658304338402e-07,0.49864715337753296,0.6837644577026367,-0.011422190815210342,0.48006555438041687,0.6530436277389526,-0.017645500600337982,0.47874802350997925,0.6194722056388855,-0.02337147481739521,0.4890901446342468,0.594157874584198,-0.028449738398194313,0.5032171010971069,0.5998020172119141,-0.004086829721927643,0.5036293268203735,0.559483528137207,-0.012820346280932426,0.5051952004432678,0.5351840853691101,-0.021288124844431877,0.5079891085624695,0.5138558149337769,-0.02761019952595234,0.5191261768341064,0.5960007905960083,-0.005300052929669619,0.5199291706085205,0.5499845743179321,-0.011796905659139156,0.519869327545166,0.5222029685974121,-0.018186679109930992,0.5197610259056091,0.49853795766830444,-0.023090902715921402,0.5330892205238342,0.6006377339363098,-0.008814463391900063,0.5339435338973999,0.5586526393890381,-0.01484630350023508,0.532806396484375,0.5322544574737549,-0.018640462309122086,0.5312517881393433,0.5095301866531372,-0.021793192252516747,0.5477844476699829,0.6127305030822754,-0.0139418113976717,0.5493065118789673,0.5818504691123962,-0.018988771364092827,0.5474764108657837,0.5624411106109619,-0.020655283704400063,0.5441773533821106,0.5450232028961182,-0.02199636586010456
0.5278374552726746,0.7017821073532104,1.7121051598678605e-07,0.4990726709365845,0.6836100816726685,-0.011308277025818825,0.4807162582874298,0.6523962616920471,-0.017431136220693588,0.47954973578453064,0.6186410784721375,-0.02306417189538479,0.49014580249786377,0.5937554240226746,-0.028074748814105988,0.5031750202178955,0.5995445847511292,-0.004182165954262018,0.5037798285484314,0.5594427585601807,-0.01302408054471016,0.5053377151489258,0.5349645614624023,-0.021522190421819687,0.5081042051315308,0.5137811303138733,-0.02779889479279518,0.5190874934196472,0.5958662629127502,-0.005374319851398468,0.5201026201248169,0.5499128699302673,-0.011960241943597794,0.5202438831329346,0.5220686197280884,-0.018313761800527573,0.5203008055686951,0.4983258545398712,-0.023136015981435776,0.5330678820610046,0.6005086898803711,-0.008838631212711334,0.5340101718902588,0.5585346817970276,-0.014925213530659676,0.5331690907478333,0.5321908593177795,-0.0186648890376091,0.5318977236747742,0.5096410512924194,-0.021702559664845467,0.5477576851844788,0.6125121116638184,-0.01389081310480833,0.5491999387741089,0.581204891204834,-0.01893133856356144,0.547457218170166,0.5615745782852173,-0.020532803609967232,0.5442155599594116,0.5441111922264099,-0.021780377253890038
0.528630256652832,0.7022842764854431,1.798839264210983e-07,0.499720960855484,0.6834574937820435,-0.01174083910882473,0.4812999665737152,0.6528463959693909,-0.018403347581624985,0.479279100894928,0.6191163063049316,-0.024541964754462242,0.48983725905418396,0.593410849571228,-0.03002731129527092,0.5038751363754272,0.5995166301727295,-0.004694296512752771,0.5048616528511047,0.5586227774620056,-0.01383195724338293,0.5064935684204102,0.5340927839279175,-0.022540582343935966,0.5092849135398865,0.5125421285629272,-0.029010381549596786,0.5198681950569153,0.5956798195838928,-0.005894377827644348,0.5210595726966858,0.5488722324371338,-0.012658094055950642,0.5212918519973755,0.520715057849884,-0.019212767481803894,0.5212326645851135,0.4966088533401489,-0.024265579879283905,0.5339010953903198,0.6004173755645752,-0.009412871673703194,0.5349079370498657,0.5577791929244995,-0.015633855015039444,0.5341977477073669,0.5311630964279175,-0.019563177600502968,0.5328189134597778,0.5083232522010803,-0.02282317914068699,0.5485585927963257,0.6126200556755066,-0.014552609995007515,0.5502395033836365,0.5811592936515808,-0.01971624605357647,0.5486488342285156,0.5614526867866516,-0.021501725539565086,0.5454335808753967,0.5438445806503296,-0.022954357787966728
0.528019905090332,0.7012749910354614,1.733593819608359e-07,0.4992033839225769,0.6827560067176819,-0.011386105790734291,0.4809545874595642,0.652034342288971,-0.017602059990167618,0.4793205261230469,0.6182376742362976,-0.0233184602111578,0.4901488125324249,0.5931745767593384,-0.02840997837483883,0.5035129189491272,0.5997545719146729,-0.0038859909400343895,0.504473865032196,0.5594596266746521,-0.012555417604744434,0.5061750411987305,0.5354055762290955,-0.020991874858736992,0.5089729428291321,0.5143940448760986,-0.027287866920232773,0.5194445252418518,0.5958138108253479,-0.0049828472547233105,0.5207313895225525,0.5497076511383057,-0.011353529989719391,0.5208944082260132,0.5221229791641235,-0.017685789614915848,0.5206437110900879,0.4986252188682556,-0.022593440487980843,0.5333504676818848,0.6002306342124939,-0.008378333412110806,0.534493625164032,0.5582414269447327,-0.014259399846196175,0.5336708426475525,0.5320754051208496,-0.018059108406305313,0.5321206450462341,0.5098180770874023,-0.02125445567071438,0.5478395223617554,0.612005352973938,-0.013366298750042915,0.5495210886001587,0.5809810161590576,-0.018253574147820473,0.547902524471283,0.5617960095405579,-0.01990005373954773,0.5446205139160156,0.5447933673858643,-0.021275153383612633
0.5273967385292053,0.7022726535797119,1.7584692102445842e-07,0.49773678183555603,0.683383584022522,-0.011307631619274616,0.4793751835823059,0.6528604030609131,-0.017436962574720383,0.4779108762741089,0.6189488172531128,-0.023115146905183792,0.4887479245662689,0.5940602421760559,-0.028175313025712967,0.5021482110023499,0.6003940105438232,-0.003719395026564598,0.5028418302536011,0.5595870018005371,-0.012517105787992477,0.5045479536056519,0.535075306892395,-0.021124744787812233,0.5073298215866089,0.5135601758956909,-0.027543963864445686,0.5180551409721375,0.5964037179946899,-0.004938293714076281,0.5191440582275391,0.5499776005744934,-0.011423089541494846,0.5192306041717529,0.5221706628799438,-0.017969178035855293,0.5189621448516846,0.49814024567604065,-0.02302459068596363,0.531921923160553,0.6007981896400452,-0.008456015959382057,0.5329644680023193,0.5584999322891235,-0.01444802526384592,0.5321699380874634,0.532054603099823,-0.01836821623146534,0.5308930277824402,0.5094475150108337,-0.02163022756576538,0.5466240048408508,0.6125514507293701,-0.013574298471212387,0.5482117533683777,0.5814197063446045,-0.01855369657278061,0.5464762449264526,0.5619436502456665,-0.02023427002131939,0.5432857871055603,0.5445811748504639,-0.02161899209022522
0.5270494222640991,0.702520489692688,1.7517736239369697e-07,0.49784016609191895,0.6840967535972595,-0.011653226800262928,0.4794763922691345,0.6532886624336243,-0.018055962398648262,0.4776259660720825,0.619313657283783,-0.023963551968336105,0.4886527359485626,0.5940290093421936,-0.02924162521958351,0.5019289255142212,0.6000306010246277,-0.0040445164777338505,0.5027363300323486,0.5593761205673218,-0.01290741004049778,0.5043594837188721,0.5349821448326111,-0.021544305607676506,0.5071430802345276,0.5134361982345581,-0.028011184185743332,0.5178276896476746,0.5959236025810242,-0.005167035385966301,0.5190702676773071,0.549492359161377,-0.011688216589391232,0.5191063284873962,0.5215628147125244,-0.01819693110883236,0.5188249945640564,0.49756473302841187,-0.0232620220631361,0.5318012833595276,0.6003403663635254,-0.008632495068013668,0.5329132676124573,0.5583239197731018,-0.014557739719748497,0.5320830941200256,0.5318421125411987,-0.018447749316692352,0.5307236313819885,0.5091546177864075,-0.021758276969194412,0.5464383959770203,0.6122334599494934,-0.013749083504080772,0.5480359196662903,0.5809786319732666,-0.018666736781597137,0.5463532209396362,0.5612678527832031,-0.02042977511882782,0.5432174205780029,0.5436111092567444,-0.021938521414995193
0.5266755819320679,0.7021447420120239,1.780933303052734e-07,0.4977840781211853,0.6835982799530029,-0.011466752737760544,0.47946059703826904,0.6529632210731506,-0.017812469974160194,0.47745025157928467,0.6194813847541809,-0.023738471791148186,0.48882856965065,0.5948440432548523,-0.029041824862360954,0.5022714138031006,0.6003054976463318,-0.004076595883816481,0.5030672550201416,0.5597999691963196,-0.01305945124477148,0.5046514868736267,0.5353086590766907,-0.02167443186044693,0.507488489151001,0.5139617919921875,-0.028049416840076447,0.5179710984230042,0.5962737798690796,-0.005259726196527481,0.5192320942878723,0.5499786138534546,-0.011861680075526237,0.5192671418190002,0.5220048427581787,-0.01819291152060032,0.5191845297813416,0.4983178973197937,-0.023025095462799072,0.5319072008132935,0.6006144285202026,-0.00877944752573967,0.5329961180686951,0.5584037899971008,-0.014755146577954292,0.5321585536003113,0.5320185422897339,-0.01849396340548992,0.5309168696403503,0.5095937848091125,-0.021588535979390144,0.5463567972183228,0.6124241352081299,-0.013940449804067612,0.5480910539627075,0.5814904570579529,-0.01887006312608719,0.5463243722915649,0.5620203018188477,-0.020541561767458916,0.5431791543960571,0.5448747277259827,-0.021895218640565872
0.5269612669944763,0.7028878927230835,1.7620284609165537e-07,0.4979785978794098,0.6847926378250122,-0.011507641524076462,0.47939565777778625,0.653791069984436,-0.017883414402604103,0.4773126244544983,0.6198804974555969,-0.023810915648937225,0.48832622170448303,0.594742476940155,-0.02907954528927803,0.5025383234024048,0.6003340482711792,-0.004100339021533728,0.5035368800163269,0.5595674514770508,-0.013066288083791733,0.5052136182785034,0.5349897146224976,-0.02163185179233551,0.508075475692749,0.5136010646820068,-0.027981199324131012,0.5183653235435486,0.5962640047073364,-0.005328807979822159,0.5197946429252625,0.5496883392333984,-0.011898255906999111,0.5200772881507874,0.5216045379638672,-0.018061796203255653,0.5201117396354675,0.4979845881462097,-0.022766970098018646,0.5323642492294312,0.600760281085968,-0.008912022225558758,0.5334213972091675,0.5582213997840881,-0.014895495027303696,0.5327354073524475,0.5318156480789185,-0.018401021137833595,0.5314744114875793,0.509226381778717,-0.021341513842344284,0.5469062924385071,0.6127778887748718,-0.014144238084554672,0.5485787391662598,0.5814600586891174,-0.019152145832777023,0.5469614267349243,0.5619542598724365,-0.020709795877337456,0.5438521504402161,0.544588565826416,-0.021962318569421768
0.5262675285339355,0.7033781409263611,1.7585564648925356e-07,0.49784886837005615,0.6849702000617981,-0.01150813139975071,0.4794035851955414,0.6541172862052917,-0.018007196485996246,0.47778186202049255,0.6206796169281006,-0.024038823321461678,0.4881899058818817,0.5953059196472168,-0.02946573682129383,0.5024825930595398,0.6010408997535706,-0.00487704761326313,0.5032439827919006,0.5603479743003845,-0.014031367376446724,0.5048238039016724,0.5357042551040649,-0.02261507324874401,0.5076967477798462,0.514350950717926,-0.02892948128283024,0.5182085037231445,0.5972685813903809,-0.006194088142365217,0.5197610259056091,0.5506090521812439,-0.012996775098145008,0.5200071334838867,0.5224530100822449,-0.019307268783450127,0.5201685428619385,0.49879980087280273,-0.024084225296974182,0.5321723222732544,0.6018646359443665,-0.009802224114537239,0.5334762930870056,0.5592663288116455,-0.01593601517379284,0.5327457189559937,0.5327156186103821,-0.019609058275818825,0.5315080285072327,0.5100049376487732,-0.02264859527349472,0.546565592288971,0.6139203310012817,-0.015038001351058483,0.5483920574188232,0.5827046036720276,-0.020141782239079475,0.5467872619628906,0.5628824234008789,-0.021810488775372505,0.5436964631080627,0.5452693700790405,-0.0231374092400074
0.525861918926239,0.7030494809150696,1.7298756915806734e-07,0.4971447288990021,0.6844929456710815,-0.011195921339094639,0.4790462255477905,0.6536818146705627,-0.017298361286520958,0.47801101207733154,0.6200137138366699,-0.022919559851288795,0.48810920119285583,0.5949240326881409,-0.027952946722507477,0.5021608471870422,0.6009033918380737,-0.004313786514103413,0.5029817819595337,0.5603553056716919,-0.012982443906366825,0.504728376865387,0.535912036895752,-0.021283568814396858,0.5075976252555847,0.5146961808204651,-0.02746969647705555,0.5180174112319946,0.5973474383354187,-0.005647690501064062,0.5194829106330872,0.5508291125297546,-0.012062402442097664,0.5197110176086426,0.5230394601821899,-0.01829618588089943,0.5197564363479614,0.49957960844039917,-0.02306421473622322,0.5318762063980103,0.6022696495056152,-0.009225019253790379,0.5332678556442261,0.5595081448554993,-0.015189563855528831,0.5325629115104675,0.5329859256744385,-0.018927931785583496,0.5313725471496582,0.5101489424705505,-0.022052617743611336,0.546195387840271,0.6146903038024902,-0.014374013058841228,0.5480098128318787,0.5835598707199097,-0.019453080371022224,0.5465273261070251,0.5637959241867065,-0.021142911165952682,0.5436872243881226,0.5460042357444763,-0.02250641956925392
0.5253294706344604,0.7035975456237793,1.7292001075475127e-07,0.49611175060272217,0.6858575344085693,-0.011145636439323425,0.47746849060058594,0.6542841196060181,-0.01704126037657261,0.47675833106040955,0.6200122833251953,-0.022433903068304062,0.4865638017654419,0.595223605632782,-0.02724747732281685,0.5008168816566467,0.6005630493164062,-0.004703361541032791,0.5015355944633484,0.5598126649856567,-0.013529367744922638,0.5032607316970825,0.5350264310836792,-0.021901464089751244,0.5061021447181702,0.5137237906455994,-0.028065059334039688,0.5167792439460754,0.596660315990448,-0.006031142082065344,0.5180282592773438,0.5497181415557861,-0.012604530900716782,0.5182069540023804,0.5214698910713196,-0.01874031499028206,0.5183019042015076,0.49773815274238586,-0.023339996114373207,0.5308195948600769,0.6013716459274292,-0.009572482667863369,0.5320652723312378,0.5580296516418457,-0.01570853404700756,0.5313391089439392,0.5312412977218628,-0.019373377785086632,0.5301074385643005,0.5084419250488281,-0.022319041192531586,0.5453032851219177,0.6136725544929504,-0.014677937142550945,0.5472069978713989,0.5819994807243347,-0.01986808143556118,0.5455695986747742,0.562087893486023,-0.021477075293660164,0.5424558520317078,0.5443459153175354,-0.022679969668388367
0.5249097943305969,0.7038007378578186,1.7737757218583283e-07,0.49575918912887573,0.685461163520813,-0.011384189128875732,0.4775785803794861,0.6541560888290405,-0.017649004235863686,0.4766579270362854,0.6203917860984802,-0.02342483215034008,0.4860382676124573,0.5949377417564392,-0.02865167148411274,0.5006511211395264,0.600626528263092,-0.005149405915290117,0.5014693140983582,0.5593563914299011,-0.014175532385706902,0.503247082233429,0.5345457196235657,-0.022691670805215836,0.5061818957328796,0.5129680633544922,-0.028965681791305542,0.5165961980819702,0.5969094038009644,-0.006572663318365812,0.5179905891418457,0.5493285059928894,-0.01327533833682537,0.5182026624679565,0.520725429058075,-0.01966947130858898,0.5182738304138184,0.4965582489967346,-0.02453894168138504,0.5305479168891907,0.6017217040061951,-0.010219153948128223,0.5318438410758972,0.5583368539810181,-0.016306165605783463,0.5310548543930054,0.5312398672103882,-0.02020653337240219,0.5298082828521729,0.5081981420516968,-0.023455508053302765,0.5449795126914978,0.614000678062439,-0.015465878881514072,0.54667729139328,0.5822890996932983,-0.02057245373725891,0.5449325442314148,0.5621603727340698,-0.02232157625257969,0.5417819619178772,0.5442864894866943,-0.023746846243739128
0.524090051651001,0.704349160194397,1.7373267269249482e-07,0.49450770020484924,0.6860347390174866,-0.011668780818581581,0.4760228097438812,0.6546933054924011,-0.01793929934501648,0.47501644492149353,0.6204478144645691,-0.02367139421403408,0.48488107323646545,0.5949486494064331,-0.02879447303712368,0.4997958540916443,0.6012327075004578,-0.004728624597191811,0.5000341534614563,0.5602052807807922,-0.013817336410284042,0.5016528367996216,0.5351503491401672,-0.02250996045768261,0.5047001838684082,0.5133543014526367,-0.028910653665661812,0.5158312320709229,0.5970722436904907,-0.0059067183174192905,0.5166420936584473,0.5501273274421692,-0.01262105442583561,0.51689213514328,0.5216267704963684,-0.019124718382954597,0.5172898769378662,0.4972477853298187,-0.024091560393571854,0.5298835039138794,0.6014443635940552,-0.009378528222441673,0.530856192111969,0.5584587454795837,-0.01551327109336853,0.5301135182380676,0.5314798355102539,-0.0193729680031538,0.5291150212287903,0.5083326697349548,-0.02255132794380188,0.5445272922515869,0.613376259803772,-0.014490431174635887,0.5458974838256836,0.5815856456756592,-0.019634177908301353,0.5441036224365234,0.5613666772842407,-0.021336732432246208,0.5409792065620422,0.5432783961296082,-0.02267906628549099
0.5213856101036072,0.7049164175987244,1.8038898019767657e-07,0.4920612871646881,0.6873202919960022,-0.011874640360474586,0.4723760783672333,0.6566625833511353,-0.018612900748848915,0.47100070118904114,0.6221566200256348,-0.02471671998500824,0.48130977153778076,0.5965964794158936,-0.03019625134766102,0.49600744247436523,0.6016077399253845,-0.006352412514388561,0.4961945712566376,0.5597584247589111,-0.015931731089949608,0.4977944791316986,0.534261167049408,-0.02478308416903019,0.5006163716316223,0.5120741128921509,-0.031267084181308746,0.5121475458145142,0.597130298614502,-0.007583069149404764,0.5128511786460876,0.5490487217903137,-0.01476256176829338,0.5132383108139038,0.5203266739845276,-0.021213149651885033,0.5135650038719177,0.49575600028038025,-0.026080593466758728,0.5263772010803223,0.6014606356620789,-0.011014317162334919,0.5270389914512634,0.557853639125824,-0.017386073246598244,0.5265305042266846,0.5306555032730103,-0.021004384383559227,0.5255702137947083,0.5075578689575195,-0.023972265422344208,0.5413695573806763,0.6134883165359497,-0.016085974872112274,0.5426445603370667,0.581244170665741,-0.021216383203864098,0.5410603880882263,0.5608596801757812,-0.022676941007375717,0.538038969039917,0.542893648147583,-0.0238147284835577
0.5187240839004517,0.7060868740081787,1.7728596901633864e-07,0.48897674679756165,0.6885148286819458,-0.011752362363040447,0.4697744846343994,0.6577432751655579,-0.018416937440633774,0.46842655539512634,0.6235489845275879,-0.0245265681296587,0.4779578447341919,0.5976683497428894,-0.03005814738571644,0.4935530126094818,0.6023237109184265,-0.00579201802611351,0.49377763271331787,0.560366153717041,-0.015144984237849712,0.4951535761356354,0.5349781513214111,-0.023907875642180443,0.49764034152030945,0.5129099488258362,-0.03035873733460903,0.509547233581543,0.5979775190353394,-0.007178948260843754,0.510478675365448,0.5500485897064209,-0.014133583754301071,0.510425865650177,0.5212713479995728,-0.020634697750210762,0.5101822018623352,0.4969737231731415,-0.025550929829478264,0.5237131714820862,0.6024309396743774,-0.010791207663714886,0.5243789553642273,0.5587843656539917,-0.016892019659280777,0.5235246419906616,0.5315396785736084,-0.02054722048342228,0.522172212600708,0.5083105564117432,-0.02364671230316162,0.5383583307266235,0.6146156191825867,-0.016061102971434593,0.5397428274154663,0.5826239585876465,-0.0210479237139225,0.5381157994270325,0.5624700784683228,-0.022542553022503853,0.5350319147109985,0.5445060133934021,-0.02376675233244896
0.5184433460235596,0.7071518898010254,1.7422740938854986e-07,0.48824605345726013,0.690085232257843,-0.011829113587737083,0.468803346157074,0.6590490341186523,-0.018334049731492996,0.46747615933418274,0.6243084073066711,-0.0242309533059597,0.4770238697528839,0.5983678698539734,-0.029536187648773193,0.49206939339637756,0.6033567786216736,-0.005548582412302494,0.49190014600753784,0.5618456602096558,-0.014874881133437157,0.4932200610637665,0.536420464515686,-0.023739220574498177,0.4958515763282776,0.5142118334770203,-0.030269674956798553,0.5083837509155273,0.5984681248664856,-0.006801556795835495,0.5087090134620667,0.5508557558059692,-0.013724151067435741,0.5085130929946899,0.5220474600791931,-0.02027183212339878,0.5082600712776184,0.4975074529647827,-0.02526906318962574,0.5226878523826599,0.6024815440177917,-0.010306671261787415,0.5231366753578186,0.558897852897644,-0.016535425558686256,0.5221199989318848,0.5316798686981201,-0.020275423303246498,0.5205878615379333,0.5083457231521606,-0.023396866396069527,0.5374942421913147,0.6141401529312134,-0.015453165397047997,0.5385598540306091,0.58164381980896,-0.020593587309122086,0.5366533398628235,0.561385989189148,-0.022101856768131256,0.5332377552986145,0.543220043182373,-0.02330818772315979
0.5169863700866699,0.709392249584198,1.7436536836612504e-07,0.48670685291290283,0.6924013495445251,-0.012199695222079754,0.4672764539718628,0.6618549823760986,-0.01889733411371708,0.4658907353878021,0.6273486614227295,-0.024897247552871704,0.47460249066352844,0.6007004976272583,-0.03025904856622219,0.489999920129776,0.6058648228645325,-0.0058890595100820065,0.4899190068244934,0.5640851855278015,-0.015162434428930283,0.4910394847393036,0.5388954281806946,-0.023900175467133522,0.49327096343040466,0.5169543623924255,-0.030384184792637825,0.5061127543449402,0.6009024977684021,-0.0070161218754947186,0.5064539313316345,0.5530393123626709,-0.01400251779705286,0.5061950087547302,0.5245058536529541,-0.02060413546860218,0.5057399272918701,0.5002702474594116,-0.02565588615834713,0.520294189453125,0.6050069332122803,-0.01043004635721445,0.5207014679908752,0.5612197518348694,-0.0169207863509655,0.5197311043739319,0.5341119766235352,-0.02094397507607937,0.518110454082489,0.5108385682106018,-0.02424916811287403,0.5352189540863037,0.6168340444564819,-0.015479042194783688,0.5364259481430054,0.5842670202255249,-0.021067529916763306,0.5343919396400452,0.5640766620635986,-0.02293626219034195,0.5307456851005554,0.5460389852523804,-0.024376356974244118
0.5148195028305054,0.7077668905258179,1.8095244058713433e-07,0.48450028896331787,0.6902155876159668,-0.011750878766179085,0.46487540006637573,0.6599743366241455,-0.018288932740688324,0.4632919430732727,0.6255624294281006,-0.024285923689603806,0.473000705242157,0.5999714732170105,-0.029736939817667007,0.48840445280075073,0.6045594215393066,-0.005389340687543154,0.48816269636154175,0.5629289150238037,-0.014823297038674355,0.48932889103889465,0.5372723937034607,-0.02381427027285099,0.49173489212989807,0.5146902799606323,-0.030443841591477394,0.5046795010566711,0.5997347235679626,-0.006788928061723709,0.5049527883529663,0.5518323183059692,-0.013822761364281178,0.5046643018722534,0.5226677656173706,-0.020555630326271057,0.5042954087257385,0.497660368680954,-0.025666965171694756,0.5191061496734619,0.6037522554397583,-0.010445303283631802,0.5193821787834167,0.5598828196525574,-0.016801323741674423,0.5184272527694702,0.5322540998458862,-0.020693060010671616,0.5170007348060608,0.5085834860801697,-0.023864569142460823,0.534146249294281,0.6154714822769165,-0.01574072241783142,0.534988284111023,0.582862377166748,-0.021006707102060318,0.5332188010215759,0.5622445344924927,-0.022573914378881454,0.5300690531730652,0.5438227653503418,-0.02378132939338684
0.5120339393615723,0.7090399265289307,1.765234998174492e-07,0.4816604256629944,0.6927294731140137,-0.01210812944918871,0.46148622035980225,0.662911593914032,-0.018900001421570778,0.4592309594154358,0.6287076473236084,-0.025100473314523697,0.4684620499610901,0.6023786067962646,-0.030675191432237625,0.4839589297771454,0.6061787605285645,-0.0056749372743070126,0.48313093185424805,0.5647388696670532,-0.01515499223023653,0.48401790857315063,0.5392559766769409,-0.02420235611498356,0.486250102519989,0.5166889429092407,-0.030895555391907692,0.500139057636261,0.6006909012794495,-0.006893065292388201,0.49962690472602844,0.5531454682350159,-0.013851736672222614,0.4989440441131592,0.5242229104042053,-0.020524028688669205,0.4983506202697754,0.4992500841617584,-0.025677381083369255,0.5145272016525269,0.6041548848152161,-0.010414122603833675,0.514215350151062,0.5608572959899902,-0.016582997515797615,0.5126795768737793,0.5335254073143005,-0.020453551784157753,0.5107130408287048,0.510065495967865,-0.023716343566775322,0.529541015625,0.6153925061225891,-0.015632929280400276,0.5301041603088379,0.5829744935035706,-0.020771155133843422,0.5277703404426575,0.5624509453773499,-0.022438807412981987,0.5239591598510742,0.5442425012588501,-0.023790879175066948
0.5116234421730042,0.7084875702857971,1.7703021626402915e-07,0.48136940598487854,0.6927128434181213,-0.01228469330817461,0.4616078734397888,0.6629894971847534,-0.01924462616443634,0.459197998046875,0.6289511322975159,-0.025539981201291084,0.4682786464691162,0.6023029088973999,-0.031186742708086967,0.483848512172699,0.6068115234375,-0.0061646378599107265,0.48320096731185913,0.564984917640686,-0.01564668118953705,0.4840889275074005,0.539667010307312,-0.02452038787305355,0.48631808161735535,0.5175748467445374,-0.03106078878045082,0.4998956322669983,0.6015033721923828,-0.007283471059054136,0.4994429647922516,0.5538290143013,-0.014295928180217743,0.4987064599990845,0.525080680847168,-0.02089867554605007,0.49802303314208984,0.5006065964698792,-0.02595428191125393,0.514143705368042,0.6051260232925415,-0.010680850595235825,0.5136795043945312,0.561522364616394,-0.016897767782211304,0.5121026039123535,0.5343732237815857,-0.02072087489068508,0.5101928114891052,0.5109968185424805,-0.023952201008796692,0.5290321111679077,0.6164502501487732,-0.01575608178973198,0.5293948650360107,0.5841326117515564,-0.020992038771510124,0.526964008808136,0.5640245676040649,-0.022689182311296463,0.5231497287750244,0.546116292476654,-0.024040142074227333
0.5116446018218994,0.7106264233589172,1.7328821400042216e-07,0.4812798798084259,0.6942575573921204,-0.011998939327895641,0.46148550510406494,0.6644982099533081,-0.0186761487275362,0.45918530225753784,0.6303823590278625,-0.024742677807807922,0.46864333748817444,0.6041315197944641,-0.030142398551106453,0.4839748740196228,0.6081686615943909,-0.005095532163977623,0.48345059156417847,0.5664578676223755,-0.014275678433477879,0.4843154847621918,0.5411615967750549,-0.023011868819594383,0.48641031980514526,0.5190568566322327,-0.02945970557630062,0.49985751509666443,0.6029805541038513,-0.006236155983060598,0.4997381269931793,0.5557035207748413,-0.013028386980295181,0.4991723895072937,0.5271558165550232,-0.01949913427233696,0.4985712766647339,0.5029849410057068,-0.024398230016231537,0.5141062140464783,0.6065678000450134,-0.009682471863925457,0.5138254165649414,0.5637432336807251,-0.01569964922964573,0.5124242901802063,0.5370843410491943,-0.01927429996430874,0.5106402635574341,0.5141910910606384,-0.0222671739757061,0.5291330218315125,0.6179062128067017,-0.01481336634606123,0.5297127366065979,0.5858988761901855,-0.01970415562391281,0.5276753306388855,0.5661033391952515,-0.021053319796919823,0.5242862701416016,0.5485970377922058,-0.022124558687210083
0.5114755034446716,0.7087070941925049,1.7603400692678406e-07,0.48146432638168335,0.6931177973747253,-0.012163844890892506,0.46157515048980713,0.6635941863059998,-0.01903367042541504,0.4589247703552246,0.6297947764396667,-0.02530229464173317,0.4685419201850891,0.6034665703773499,-0.03094707988202572,0.48363232612609863,0.6073703765869141,-0.0056433589197695255,0.48300719261169434,0.5663272142410278,-0.015156789682805538,0.48393744230270386,0.5411087274551392,-0.024133838713169098,0.48629650473594666,0.5188719034194946,-0.030765123665332794,0.49963709712028503,0.6018943786621094,-0.0067819165997207165,0.49920889735221863,0.5549060702323914,-0.013803303241729736,0.49865201115608215,0.5264392495155334,-0.020341530442237854,0.49818360805511475,0.5018660426139832,-0.025367744266986847,0.5139310359954834,0.6053251624107361,-0.010248410515487194,0.5136106610298157,0.5624452233314514,-0.016596421599388123,0.5121404528617859,0.5357185006141663,-0.020309921354055405,0.5102863311767578,0.5125850439071655,-0.023412488400936127,0.5290022492408752,0.6164621114730835,-0.015395664609968662,0.5296180844306946,0.5841624140739441,-0.020693793892860413,0.5274171233177185,0.564346969127655,-0.022293569520115852,0.5236578583717346,0.5466669201850891,-0.023566273972392082
0.5117275714874268,0.709030270576477,1.796780964014033e-07,0.481563001871109,0.6935458779335022,-0.012541859410703182,0.46175867319107056,0.6640226244926453,-0.01953613944351673,0.4594932198524475,0.6299608945846558,-0.025806233286857605,0.4683823585510254,0.603134036064148,-0.03140058368444443,0.4834340810775757,0.6076286435127258,-0.006268748547881842,0.48290830850601196,0.5662248730659485,-0.015745067968964577,0.48391708731651306,0.5411123633384705,-0.024635160341858864,0.48623085021972656,0.5191092491149902,-0.031174713745713234,0.49946027994155884,0.6020727753639221,-0.007202413398772478,0.49897223711013794,0.5548290014266968,-0.014221047051250935,0.4982692003250122,0.5264971256256104,-0.020751409232616425,0.49764153361320496,0.5022569894790649,-0.025741543620824814,0.5136810541152954,0.6053490042686462,-0.01045128796249628,0.5132864117622375,0.5621883273124695,-0.01674721948802471,0.5117120742797852,0.5354070067405701,-0.020490499213337898,0.509797990322113,0.5124215483665466,-0.02361549623310566,0.5286810398101807,0.6162887215614319,-0.015407470986247063,0.529198408126831,0.5840240716934204,-0.020690537989139557,0.5268549919128418,0.564114511013031,-0.022323166951537132,0.5229912996292114,0.5465510487556458,-0.023594221100211143
0.5121798515319824,0.7094652056694031,1.7833806964517862e-07,0.4819015562534332,0.6942377090454102,-0.012637514621019363,0.46177512407302856,0.6649051904678345,-0.0197073332965374,0.459223210811615,0.6306392550468445,-0.026010703295469284,0.4683981239795685,0.6037601828575134,-0.031626373529434204,0.4835250675678253,0.6082177758216858,-0.0064263432286679745,0.4828341007232666,0.566420316696167,-0.01595745049417019,0.48381197452545166,0.5409826636314392,-0.024899018928408623,0.48612886667251587,0.5186848640441895,-0.03148274123668671,0.4997287094593048,0.6027548909187317,-0.00728938914835453,0.49914225935935974,0.555324912071228,-0.014309743419289589,0.4986400604248047,0.5268785953521729,-0.020903030410408974,0.4982483386993408,0.5024000406265259,-0.025996169075369835,0.5139923691749573,0.6061766147613525,-0.010457311756908894,0.5135961174964905,0.5632310509681702,-0.016673093661665916,0.5121010541915894,0.5363394618034363,-0.02044743113219738,0.5103626847267151,0.5132349729537964,-0.023657996207475662,0.5291516780853271,0.617218017578125,-0.015343612991273403,0.5296059846878052,0.5849736928939819,-0.020517542958259583,0.5273113250732422,0.5649368166923523,-0.02218395285308361,0.5235746502876282,0.5471655130386353,-0.023533880710601807
0.5121216177940369,0.7098032832145691,1.7937826157776726e-07,0.4818960726261139,0.6947325468063354,-0.013149846345186234,0.46182194352149963,0.6654030680656433,-0.0205061174929142,0.45892593264579773,0.6309552192687988,-0.0270382072776556,0.4686928689479828,0.6040049195289612,-0.032832566648721695,0.4833207428455353,0.6087870001792908,-0.006505052093416452,0.48273664712905884,0.5670331716537476,-0.01613224297761917,0.4836975634098053,0.5418435335159302,-0.02513040415942669,0.48610204458236694,0.5197531580924988,-0.03176042065024376,0.4995059370994568,0.6030350923538208,-0.0071232193149626255,0.4989897906780243,0.5555964708328247,-0.01416782010346651,0.49842557311058044,0.527252197265625,-0.02062673680484295,0.49790146946907043,0.5029906630516052,-0.02561001107096672,0.513848066329956,0.6062374114990234,-0.010146898217499256,0.5132462382316589,0.5630907416343689,-0.01638011261820793,0.5116667747497559,0.5364601612091064,-0.01998903974890709,0.5097852945327759,0.5135113596916199,-0.02307051606476307,0.5289767384529114,0.6171046495437622,-0.014949698001146317,0.5290881991386414,0.584938108921051,-0.020160676911473274,0.5266024470329285,0.5651920437812805,-0.02179132215678692,0.5227068066596985,0.5476648807525635,-0.023104259744286537
0.5118885636329651,0.7091754078865051,1.7989471245982713e-07,0.4818621575832367,0.6940603852272034,-0.012719899415969849,0.4617343246936798,0.6649124026298523,-0.019880730658769608,0.45900124311447144,0.6308552026748657,-0.02631279267370701,0.46839237213134766,0.6037681698799133,-0.0320248045027256,0.48333269357681274,0.6081339120864868,-0.006051883567124605,0.48279550671577454,0.5667332410812378,-0.01554158702492714,0.483879417181015,0.5415468215942383,-0.02447880618274212,0.4863539934158325,0.5193741917610168,-0.031091293320059776,0.4994772970676422,0.6023066639900208,-0.006932931020855904,0.49901068210601807,0.5551659464836121,-0.013879919424653053,0.49856483936309814,0.5267771482467651,-0.02033558115363121,0.49820491671562195,0.5023988485336304,-0.025339506566524506,0.5137975215911865,0.6055216789245605,-0.010193870402872562,0.5134503245353699,0.5625117421150208,-0.0164120402187109,0.5120826959609985,0.5357564687728882,-0.020034676417708397,0.5103360414505005,0.5126429796218872,-0.023150421679019928,0.5289580821990967,0.6165263056755066,-0.015196677297353745,0.5294868350028992,0.5845510959625244,-0.02043699100613594,0.5272592902183533,0.5648341774940491,-0.02203906700015068,0.5234530568122864,0.5473240613937378,-0.023343024775385857
0.5119131803512573,0.7097394466400146,1.804696836416042e-07,0.48174428939819336,0.6945222020149231,-0.012800553813576698,0.4617438316345215,0.6648038029670715,-0.01989595778286457,0.4590862989425659,0.6306658387184143,-0.026263030245900154,0.4685860276222229,0.6037454605102539,-0.031916357576847076,0.4832592010498047,0.6081364154815674,-0.00596435833722353,0.48273059725761414,0.5669035911560059,-0.015430347062647343,0.4838178753852844,0.5416978001594543,-0.02437901683151722,0.4863235652446747,0.5194717049598694,-0.031004976481199265,0.4994350075721741,0.6023403406143188,-0.006792648229748011,0.4990185797214508,0.5552436709403992,-0.013714045286178589,0.4984496533870697,0.5267683863639832,-0.02017456293106079,0.4979935884475708,0.5023618340492249,-0.02518271841108799,0.5137766003608704,0.6055788993835449,-0.01001949142664671,0.5134326815605164,0.5625706315040588,-0.016245096921920776,0.5118857622146606,0.5358445048332214,-0.01992429979145527,0.5099941492080688,0.5128755569458008,-0.023052286356687546,0.5288653373718262,0.6165717244148254,-0.015001901425421238,0.5293593406677246,0.5842921733856201,-0.020292744040489197,0.5269957184791565,0.5642814636230469,-0.02199084311723709,0.5230812430381775,0.5465635657310486,-0.023355983197689056
0.5122618079185486,0.7098714113235474,1.7942079466592986e-07,0.4819740355014801,0.6946003437042236,-0.012768986634910107,0.4619796574115753,0.6649249196052551,-0.02010255493223667,0.4590912163257599,0.6308518052101135,-0.026713522151112556,0.46883639693260193,0.6039522290229797,-0.03269578143954277,0.48400017619132996,0.6083422899246216,-0.006710215006023645,0.48341095447540283,0.5666486024856567,-0.016600582748651505,0.4842160940170288,0.5410860776901245,-0.025762517005205154,0.4865667223930359,0.5186339020729065,-0.03250928223133087,0.5001595616340637,0.6027775406837463,-0.0077103376388549805,0.49964454770088196,0.5550222396850586,-0.015090120024979115,0.49892401695251465,0.5261834263801575,-0.021838760003447533,0.498312771320343,0.5014389157295227,-0.02701725624501705,0.5145471692085266,0.6062062978744507,-0.011045275256037712,0.5140697360038757,0.5625256896018982,-0.017598578706383705,0.5125496983528137,0.535247802734375,-0.02148013934493065,0.5107370018959045,0.5116084814071655,-0.024751536548137665,0.5296257734298706,0.6173907518386841,-0.016093861311674118,0.5299555063247681,0.5849146246910095,-0.021579019725322723,0.5276454091072083,0.5646886229515076,-0.023355193436145782,0.5239218473434448,0.5466214418411255,-0.02478252723813057
0.5122984647750854,0.7099793553352356,1.7714791056278045e-07,0.48178303241729736,0.6944445371627808,-0.012664112262427807,0.4617970585823059,0.6648974418640137,-0.019672347232699394,0.4594895541667938,0.6307005882263184,-0.02595987729728222,0.46882426738739014,0.6037375926971436,-0.03155792877078056,0.48339182138442993,0.6082814335823059,-0.0057533676736056805,0.48268142342567444,0.5669341683387756,-0.015100492164492607,0.4835904538631439,0.5417755246162415,-0.024013683199882507,0.4859006404876709,0.5196800827980042,-0.03062788024544716,0.4996112287044525,0.6026110649108887,-0.0066382624208927155,0.4990135729312897,0.5554798245429993,-0.013508504256606102,0.4982997477054596,0.5272006392478943,-0.02013709582388401,0.4976865351200104,0.5029354691505432,-0.025284091010689735,0.5139380097389221,0.6058977842330933,-0.009891746565699577,0.5135214328765869,0.5629308223724365,-0.01609143055975437,0.511852502822876,0.5362169742584229,-0.019948219880461693,0.5098438262939453,0.5132311582565308,-0.02322329394519329,0.5290079712867737,0.6169160008430481,-0.014871573075652122,0.5292701125144958,0.5846686959266663,-0.020140226930379868,0.5267480611801147,0.5646492838859558,-0.021880757063627243,0.5227739214897156,0.5468279123306274,-0.023286929354071617
0.5118635296821594,0.7102037668228149,1.8520924527365423e-07,0.4816652834415436,0.6948402523994446,-0.012865220196545124,0.46184399724006653,0.6657242178916931,-0.020176351070404053,0.4595603942871094,0.6312925815582275,-0.02677261270582676,0.47032812237739563,0.6052252650260925,-0.03269699215888977,0.4833209812641144,0.6091713309288025,-0.0061836447566747665,0.4826638996601105,0.5673585534095764,-0.015840305015444756,0.4836002588272095,0.5418752431869507,-0.02496757172048092,0.4859175682067871,0.5193425416946411,-0.03168724849820137,0.49947455525398254,0.6035095453262329,-0.006974930875003338,0.49917080998420715,0.5558487772941589,-0.01398764830082655,0.4986479878425598,0.5271627306938171,-0.02060096710920334,0.4980609714984894,0.5023398399353027,-0.025732526555657387,0.5138250589370728,0.6065555214881897,-0.010143261402845383,0.5134544968605042,0.5634474754333496,-0.016260428354144096,0.5120702981948853,0.536410927772522,-0.01997123472392559,0.5103433728218079,0.5133607983589172,-0.023142563179135323,0.5289950966835022,0.6171867251396179,-0.015090144239366055,0.5292500257492065,0.5847881436347961,-0.020032981410622597,0.526993453502655,0.5647165179252625,-0.021572135388851166,0.5232727527618408,0.5471221208572388,-0.022877266630530357
0.5121783018112183,0.7110801935195923,1.8734792206487327e-07,0.48198556900024414,0.695391833782196,-0.013098801486194134,0.4622178375720978,0.6659224629402161,-0.020716745406389236,0.4595561623573303,0.6317319273948669,-0.02759879268705845,0.47030261158943176,0.6049982309341431,-0.033809512853622437,0.483578085899353,0.609512209892273,-0.006679128855466843,0.482845276594162,0.5676110982894897,-0.0168128851801157,0.4836580753326416,0.5418283343315125,-0.02617364190518856,0.48610493540763855,0.5190987586975098,-0.033016856759786606,0.49974381923675537,0.6036338210105896,-0.007504188921302557,0.4992677569389343,0.5558196902275085,-0.015020105056464672,0.4987278878688812,0.5268190503120422,-0.021858861669898033,0.4982846677303314,0.5017885565757751,-0.027074119076132774,0.514289915561676,0.6066807508468628,-0.01072298176586628,0.513739287853241,0.5629584789276123,-0.017312226817011833,0.5124355554580688,0.5355398058891296,-0.021184468641877174,0.5108330845832825,0.5118457674980164,-0.024403024464845657,0.5295351147651672,0.6174836158752441,-0.015704164281487465,0.5297563076019287,0.5848538279533386,-0.021045807749032974,0.5275628566741943,0.5646131634712219,-0.022711556404829025,0.5239048004150391,0.546643078327179,-0.02404458448290825
0.5119450092315674,0.7115530371665955,1.8444897875724564e-07,0.48232194781303406,0.6957651376724243,-0.012463437393307686,0.46270743012428284,0.6663185954093933,-0.019614774733781815,0.4606322944164276,0.6316433548927307,-0.026120370253920555,0.4723195731639862,0.6067465543746948,-0.032018519937992096,0.4833855926990509,0.6092962026596069,-0.0061376034282147884,0.482704222202301,0.5672937035560608,-0.01562167052179575,0.48341622948646545,0.5419254899024963,-0.024558577686548233,0.4854828715324402,0.5196978449821472,-0.031203612685203552,0.4995521008968353,0.6038020849227905,-0.00722103426232934,0.4991246163845062,0.5557965636253357,-0.014279510825872421,0.4983818233013153,0.5270448327064514,-0.02097400650382042,0.49758103489875793,0.502395510673523,-0.026117997244000435,0.5141271352767944,0.6072513461112976,-0.010595283471047878,0.5136498212814331,0.5635299682617188,-0.016894467175006866,0.512086033821106,0.5362799763679504,-0.020871547982096672,0.5101819038391113,0.5130590200424194,-0.024190295487642288,0.5294913649559021,0.6184821724891663,-0.01566779986023903,0.5297579765319824,0.5860167741775513,-0.020846420899033546,0.5275214314460754,0.5656814575195312,-0.022574784234166145,0.5239977240562439,0.5477173924446106,-0.0239863358438015
0.5121803283691406,0.7115464806556702,1.8548817593000422e-07,0.48243847489356995,0.6959362626075745,-0.013042803853750229,0.46259209513664246,0.6665573716163635,-0.02041332796216011,0.4604141116142273,0.6318987011909485,-0.026977472007274628,0.4723069369792938,0.6071097254753113,-0.032849397510290146,0.4836042523384094,0.6095113158226013,-0.006698472425341606,0.4829019606113434,0.5673840641975403,-0.01632547192275524,0.48371806740760803,0.5420351028442383,-0.025331420823931694,0.485855370759964,0.5199605226516724,-0.03192511573433876,0.4998095631599426,0.6040659546852112,-0.0073417434468865395,0.49952906370162964,0.5558893084526062,-0.014386072754859924,0.4987630844116211,0.5272554159164429,-0.020933086052536964,0.497887521982193,0.5027991533279419,-0.025888986885547638,0.5143197774887085,0.6073352098464966,-0.010298066772520542,0.5139028429985046,0.5639660954475403,-0.016392884775996208,0.5123232007026672,0.5367783308029175,-0.020017685368657112,0.5104964971542358,0.5136656761169434,-0.023029491305351257,0.5295619964599609,0.6183832287788391,-0.015022996813058853,0.5299050211906433,0.5861079692840576,-0.019775792956352234,0.5278183221817017,0.5659689903259277,-0.0210604015737772,0.5245689153671265,0.5482637286186218,-0.022112226113677025
0.5121631622314453,0.7113711833953857,1.8614389318827307e-07,0.48241177201271057,0.695867657661438,-0.012784047983586788,0.46275854110717773,0.6661368012428284,-0.0200846865773201,0.46086886525154114,0.6312457919120789,-0.02667645923793316,0.4731830954551697,0.6068174839019775,-0.03268183395266533,0.48368874192237854,0.6095402836799622,-0.006795227061957121,0.48302820324897766,0.5673989653587341,-0.016534583643078804,0.48378971219062805,0.54178786277771,-0.025604484602808952,0.4860140383243561,0.5194252133369446,-0.03230271488428116,0.49976879358291626,0.603941023349762,-0.007691510021686554,0.49949243664741516,0.5556333065032959,-0.014958093874156475,0.49889424443244934,0.5267155170440674,-0.02169746346771717,0.4982627332210541,0.5019022822380066,-0.026845525950193405,0.5142720341682434,0.6071029901504517,-0.010875646024942398,0.5138465166091919,0.5630751848220825,-0.017308713868260384,0.5125117301940918,0.5356011986732483,-0.02135743945837021,0.5108777284622192,0.5123119354248047,-0.024670854210853577,0.5295594334602356,0.6179682612419128,-0.015778154134750366,0.5297995209693909,0.5850591659545898,-0.020993446931242943,0.5275635719299316,0.5645250082015991,-0.022757969796657562,0.5240539908409119,0.5465803742408752,-0.02418140508234501
0.5129110217094421,0.7117210626602173,1.8471804708042328e-07,0.4828592538833618,0.696398913860321,-0.012645220384001732,0.46272724866867065,0.6663162112236023,-0.019749870523810387,0.460537850856781,0.6313357353210449,-0.026163175702095032,0.4730503559112549,0.6073035001754761,-0.03200426325201988,0.48360949754714966,0.609771728515625,-0.0064817811362445354,0.4828931391239166,0.5677787661552429,-0.016043512150645256,0.48364564776420593,0.5421825647354126,-0.025044826790690422,0.4857810437679291,0.5197829604148865,-0.03174372762441635,0.4997686445713043,0.6041820049285889,-0.007418520748615265,0.4994601607322693,0.5559918880462646,-0.014567972160875797,0.4987823963165283,0.5270317792892456,-0.0212950948625803,0.4980025291442871,0.5021865963935852,-0.02646787464618683,0.5142934322357178,0.6073051691055298,-0.010646888054907322,0.5138640403747559,0.563609778881073,-0.017018891870975494,0.5124438405036926,0.5360430479049683,-0.021190447732806206,0.5106778144836426,0.5127301812171936,-0.024622175842523575,0.5295301675796509,0.6180049777030945,-0.015581607818603516,0.52973872423172,0.5852615237236023,-0.02077062427997589,0.5274661779403687,0.5647008419036865,-0.02265107072889805,0.5239267945289612,0.5467078685760498,-0.024208249524235725
0.5124369263648987,0.7108578681945801,1.858426372791655e-07,0.48285427689552307,0.6961739659309387,-0.012396972626447678,0.46269333362579346,0.6669018864631653,-0.01939111389219761,0.4605799615383148,0.6320980787277222,-0.02572191134095192,0.4725121557712555,0.6076042056083679,-0.03146951273083687,0.4836273491382599,0.6093950271606445,-0.006375381723046303,0.48296886682510376,0.5674604773521423,-0.015875723212957382,0.48379868268966675,0.5418441295623779,-0.024719862267374992,0.4860573410987854,0.5196831822395325,-0.031221020966768265,0.49979254603385925,0.6038286685943604,-0.007335602771490812,0.49968212842941284,0.5555053353309631,-0.01437318790704012,0.49902933835983276,0.5265690088272095,-0.020803457126021385,0.49840453267097473,0.5022441744804382,-0.025675171986222267,0.5143536925315857,0.6069169044494629,-0.010574543848633766,0.514077365398407,0.5630143880844116,-0.01677168905735016,0.512600839138031,0.5356324911117554,-0.020581137388944626,0.5107929110527039,0.5127244591712952,-0.0237092524766922,0.5296056866645813,0.6175630688667297,-0.015510213561356068,0.5301889181137085,0.5849211812019348,-0.02047031559050083,0.5279054641723633,0.564685046672821,-0.022046247497200966,0.5242595076560974,0.5472744107246399,-0.023331061005592346
0.5120446085929871,0.7118968963623047,1.834211218465498e-07,0.4823630154132843,0.6960774660110474,-0.012552156113088131,0.46239450573921204,0.6663382649421692,-0.01950656622648239,0.46021270751953125,0.6315614581108093,-0.025774646550416946,0.4721657335758209,0.6070882081985474,-0.031399570405483246,0.4840260148048401,0.6098777651786804,-0.005847894586622715,0.48325544595718384,0.5679944753646851,-0.01523322518914938,0.4839020073413849,0.5423819422721863,-0.02413206733763218,0.48593634366989136,0.5200917720794678,-0.030679920688271523,0.4998930096626282,0.6043726801872253,-0.006612716242671013,0.49961212277412415,0.5560975074768066,-0.013350213877856731,0.4988350570201874,0.5270564556121826,-0.019699273630976677,0.49807247519493103,0.5026334524154663,-0.02454717643558979,0.5141998529434204,0.6074656248092651,-0.00972020998597145,0.5137457847595215,0.5639110803604126,-0.01555656548589468,0.5122871994972229,0.5365137457847595,-0.01923290267586708,0.5105883479118347,0.5137501358985901,-0.022304117679595947,0.5292662978172302,0.6181368231773376,-0.014587869867682457,0.5298253297805786,0.5857738852500916,-0.019195623695850372,0.5276404619216919,0.565560519695282,-0.020679809153079987,0.5242214202880859,0.5482020378112793,-0.02192184142768383
0.5121013522148132,0.7118492126464844,1.865317642568698e-07,0.48269712924957275,0.6963313817977905,-0.01256079226732254,0.462503582239151,0.6664659976959229,-0.019629860296845436,0.46023809909820557,0.6314201354980469,-0.026044469326734543,0.47275903820991516,0.6076502799987793,-0.03188658878207207,0.4837658703327179,0.6101999282836914,-0.006637837737798691,0.4832386374473572,0.5678876042366028,-0.016337333247065544,0.4839741885662079,0.5420727133750916,-0.02532391995191574,0.4859662353992462,0.5194559693336487,-0.031992267817258835,0.4996492862701416,0.6047776937484741,-0.007645033299922943,0.4994853734970093,0.5561302900314331,-0.014904229901731014,0.4987836182117462,0.5268298983573914,-0.02147171087563038,0.4979691505432129,0.5017786026000977,-0.02644939161837101,0.5141113996505737,0.6080276966094971,-0.010948666371405125,0.5135743021965027,0.5635577440261841,-0.017500242218375206,0.5121500492095947,0.5359991788864136,-0.021543657407164574,0.510302722454071,0.5126833915710449,-0.024774178862571716,0.529273271560669,0.6189813017845154,-0.01596229337155819,0.5296684503555298,0.5862514972686768,-0.021438226103782654,0.5273350477218628,0.5656367540359497,-0.023427976295351982,0.5237229466438293,0.5477035641670227,-0.024961991235613823
0.5116392970085144,0.7115273475646973,1.8447057925641275e-07,0.4823667109012604,0.6965948343276978,-0.01290163304656744,0.46227097511291504,0.6665006279945374,-0.020110903307795525,0.45999717712402344,0.6312255859375,-0.026556245982646942,0.4722170829772949,0.6068524122238159,-0.032365646213293076,0.48348063230514526,0.6092689633369446,-0.006673229392617941,0.48282280564308167,0.5670650005340576,-0.01624302566051483,0.4832650125026703,0.5414471626281738,-0.02507493644952774,0.4851711094379425,0.5194119811058044,-0.031596243381500244,0.499408483505249,0.6040061712265015,-0.007487074006348848,0.49894675612449646,0.5554757118225098,-0.01470165140926838,0.4979727864265442,0.5262680649757385,-0.02116093598306179,0.49715521931648254,0.5017274618148804,-0.02602478303015232,0.513850212097168,0.6074692010879517,-0.01064110454171896,0.513111412525177,0.5632426142692566,-0.017123110592365265,0.5114589333534241,0.5359039306640625,-0.020973149687051773,0.5095767378807068,0.5127680897712708,-0.024073395878076553,0.5289766788482666,0.6185738444328308,-0.015530932694673538,0.5290386080741882,0.585959255695343,-0.020859044045209885,0.5267083644866943,0.5656360387802124,-0.02264118753373623,0.5232478976249695,0.5478657484054565,-0.024025222286581993
0.511219322681427,0.711592435836792,1.8549299340975267e-07,0.48224160075187683,0.6965727210044861,-0.012755053117871284,0.46231070160865784,0.6664527058601379,-0.01988411881029606,0.4596092700958252,0.6316637396812439,-0.026321252807974815,0.4714072346687317,0.6073387861251831,-0.03216240927577019,0.4835449457168579,0.6098731160163879,-0.006537043023854494,0.48296889662742615,0.5680117607116699,-0.016220416873693466,0.4834136962890625,0.5423790216445923,-0.025106923654675484,0.4854254722595215,0.5201493501663208,-0.03168268874287605,0.4993073344230652,0.6045975685119629,-0.007501064799726009,0.4989370107650757,0.5562029480934143,-0.014821561984717846,0.497989296913147,0.5268548130989075,-0.021283132955431938,0.49725309014320374,0.5021095275878906,-0.02613828517496586,0.5137590169906616,0.6081657409667969,-0.010820209980010986,0.513161301612854,0.5634580254554749,-0.01752859354019165,0.5115962028503418,0.535909116268158,-0.021433109417557716,0.5097696781158447,0.512377917766571,-0.024546034634113312,0.528899610042572,0.6194926500320435,-0.01585445925593376,0.529197633266449,0.586992621421814,-0.02150888927280903,0.5270079970359802,0.5665201544761658,-0.023450104519724846,0.5236701369285583,0.5483710765838623,-0.024928076192736626
0.5115377306938171,0.7112741470336914,1.89497242786274e-07,0.4823884069919586,0.6960855722427368,-0.01268906332552433,0.46220967173576355,0.6659893989562988,-0.019845426082611084,0.460041880607605,0.6309335827827454,-0.026273759081959724,0.47183963656425476,0.6063553094863892,-0.03209199383854866,0.48320329189300537,0.6085367202758789,-0.0068414886482059956,0.4824853241443634,0.5660800337791443,-0.01647798903286457,0.4830986261367798,0.5403224229812622,-0.025334563106298447,0.4851771891117096,0.5180874466896057,-0.031837936490774155,0.49916699528694153,0.603329598903656,-0.007795447949320078,0.4986598789691925,0.5544812083244324,-0.014951812103390694,0.49782657623291016,0.5251563191413879,-0.021308792755007744,0.4971993565559387,0.5004726648330688,-0.026095280423760414,0.513716995716095,0.6069166660308838,-0.01106815505772829,0.5129737257957458,0.5623709559440613,-0.017492009326815605,0.5114271640777588,0.5348654985427856,-0.021240269765257835,0.5097132325172424,0.5116389393806458,-0.024293309077620506,0.5290071964263916,0.6181198954582214,-0.01606178842484951,0.5291922688484192,0.585390031337738,-0.021298235282301903,0.5270523428916931,0.5651484727859497,-0.022926509380340576,0.523823082447052,0.5474190711975098,-0.024216745048761368
0.5115664601325989,0.7136572599411011,1.8397093981548096e-07,0.48249655961990356,0.6981812715530396,-0.012657280080020428,0.462428480386734,0.6684931516647339,-0.019840676337480545,0.4597252309322357,0.6336065530776978,-0.026379963383078575,0.4719091057777405,0.6100286841392517,-0.032379403710365295,0.4840761423110962,0.6118322014808655,-0.006823704112321138,0.4834947884082794,0.5696477293968201,-0.016606051474809647,0.48392486572265625,0.5438836812973022,-0.025611836463212967,0.4857742190361023,0.5213751792907715,-0.03227682784199715,0.49995869398117065,0.6066769361495972,-0.007850413210690022,0.4994843602180481,0.5578827261924744,-0.015226810239255428,0.49857616424560547,0.5284531712532043,-0.021796919405460358,0.49778270721435547,0.5032247304916382,-0.02675481140613556,0.5143951177597046,0.6102229952812195,-0.011179542168974876,0.5137251615524292,0.5657258033752441,-0.01781594567000866,0.5120530128479004,0.5380210280418396,-0.02177092619240284,0.5101436972618103,0.5145004987716675,-0.024915874004364014,0.5296189785003662,0.6214688420295715,-0.016225798055529594,0.5297913551330566,0.588467001914978,-0.021661002188920975,0.527492880821228,0.5678121447563171,-0.023475266993045807,0.5239989757537842,0.5497561097145081,-0.024878928437829018
0.5121238231658936,0.7125170826911926,1.898637691510885e-07,0.482646644115448,0.6979209184646606,-0.01304865162819624,0.4622429609298706,0.6679186224937439,-0.020175322890281677,0.4597613513469696,0.6318607330322266,-0.026529749855399132,0.47201502323150635,0.6079673767089844,-0.032301053404808044,0.48321908712387085,0.6104833483695984,-0.006954956334084272,0.48261916637420654,0.5677810907363892,-0.016545169055461884,0.48331862688064575,0.5418683290481567,-0.025413773953914642,0.48529887199401855,0.5193097591400146,-0.032023701816797256,0.4993800222873688,0.6051157712936401,-0.007711553946137428,0.498954713344574,0.5559564828872681,-0.014949925243854523,0.4982450008392334,0.5266088247299194,-0.02148400992155075,0.4975581169128418,0.5014377236366272,-0.02642342634499073,0.5140508413314819,0.6086456775665283,-0.010791708715260029,0.5132806897163391,0.5639047026634216,-0.017414508387446404,0.5116299986839294,0.5362679958343506,-0.021467994898557663,0.5097132921218872,0.5128149390220642,-0.024688376113772392,0.529626190662384,0.6199315786361694,-0.015608335845172405,0.5296644568443298,0.5869810581207275,-0.02110449969768524,0.5274556279182434,0.5663318634033203,-0.023062607273459435,0.5241079926490784,0.5482298731803894,-0.024571841582655907
0.5112157464027405,0.7109603881835938,1.887889311547042e-07,0.48270151019096375,0.696292519569397,-0.012458343990147114,0.46252018213272095,0.666748583316803,-0.019638795405626297,0.4599479138851166,0.6318976283073425,-0.026177827268838882,0.4721721410751343,0.6083800196647644,-0.03220788389444351,0.48355039954185486,0.6094136238098145,-0.007219122257083654,0.4831302762031555,0.5675175189971924,-0.017074258998036385,0.48377087712287903,0.5418451428413391,-0.02608788199722767,0.4857944846153259,0.5196373462677002,-0.03272906690835953,0.49955955147743225,0.6035268902778625,-0.008305993862450123,0.49925684928894043,0.5548071265220642,-0.015657024458050728,0.498452752828598,0.5255244374275208,-0.022017089650034904,0.4977964460849762,0.5007293224334717,-0.02683069370687008,0.5142175555229187,0.6066368818283081,-0.011651264503598213,0.5136617422103882,0.5619036555290222,-0.018264252692461014,0.5123084783554077,0.5346360206604004,-0.022089827805757523,0.5105738043785095,0.5116854310035706,-0.02517237327992916,0.5294007062911987,0.6177722811698914,-0.016688618808984756,0.5298914313316345,0.5848739147186279,-0.022251801565289497,0.5275535583496094,0.5646873712539673,-0.024074329063296318,0.5238304734230042,0.5473711490631104,-0.025457661598920822
0.5153433084487915,0.7082575559616089,1.8459328998687852e-07,0.4861414134502411,0.6929662227630615,-0.012872402556240559,0.46629810333251953,0.6636887788772583,-0.020159224048256874,0.4662765562534332,0.6295720338821411,-0.02668277733027935,0.4781373143196106,0.6051072478294373,-0.032659247517585754,0.488040566444397,0.6063868403434753,-0.007944554090499878,0.48796284198760986,0.5640124678611755,-0.01773909293115139,0.4888365566730499,0.5379008054733276,-0.026586351916193962,0.4909939467906952,0.5155095458030701,-0.03306298702955246,0.5039016008377075,0.6008668541908264,-0.008903742767870426,0.5039476752281189,0.5520732998847961,-0.016208602115511894,0.5032538771629333,0.5224511027336121,-0.02250463329255581,0.5028781294822693,0.4977511763572693,-0.027243807911872864,0.5181456208229065,0.604409396648407,-0.012149312533438206,0.5179538726806641,0.5600332021713257,-0.018742680549621582,0.5165648460388184,0.5324384570121765,-0.022627202793955803,0.5149507522583008,0.5092032551765442,-0.025764361023902893,0.5331735014915466,0.615768551826477,-0.01711932197213173,0.5336657762527466,0.5826945304870605,-0.022723834961652756,0.5314927101135254,0.5624698996543884,-0.024531567469239235,0.5280373692512512,0.544975757598877,-0.025884203612804413
0.5215190649032593,0.7076049447059631,1.8280245228652348e-07,0.493275910615921,0.6914108395576477,-0.012712456285953522,0.47413378953933716,0.6607831120491028,-0.019827624782919884,0.4733656346797943,0.6258917450904846,-0.026160383597016335,0.4855945110321045,0.6017298698425293,-0.03191879019141197,0.49641886353492737,0.6037360429763794,-0.0073685552924871445,0.49710559844970703,0.5610263347625732,-0.01711827516555786,0.49815651774406433,0.5350310802459717,-0.0259911697357893,0.5003411173820496,0.5128949284553528,-0.03250047191977501,0.5120460987091064,0.599356472492218,-0.008301308378577232,0.5129796862602234,0.5502922534942627,-0.015569492243230343,0.5128518342971802,0.5210538506507874,-0.021927926689386368,0.5126925110816956,0.4969617426395416,-0.026663804426789284,0.5260860919952393,0.6036689281463623,-0.011491303332149982,0.5264725685119629,0.559140145778656,-0.01792607270181179,0.5258669853210449,0.5313652157783508,-0.021534929051995277,0.5250421166419983,0.5082476735115051,-0.02448594570159912,0.5409842729568481,0.6158499121665955,-0.016404427587985992,0.5421629548072815,0.5831600427627563,-0.021635383367538452,0.5411325693130493,0.5626537799835205,-0.023134756833314896,0.538964569568634,0.544836699962616,-0.024306077510118484
0.5214658379554749,0.708674967288971,1.8371135013239837e-07,0.49312034249305725,0.6930450797080994,-0.013001246377825737,0.47384169697761536,0.6615229845046997,-0.020033933222293854,0.4720347225666046,0.625747561454773,-0.02619408816099167,0.4845876395702362,0.6023866534233093,-0.03172260895371437,0.49570152163505554,0.6052507758140564,-0.007041832897812128,0.49642863869667053,0.5622871518135071,-0.016553573310375214,0.49762389063835144,0.5364934206008911,-0.02530350163578987,0.5000371336936951,0.5144429206848145,-0.03176052123308182,0.511518657207489,0.6010355353355408,-0.00765663618221879,0.5126116871833801,0.5518325567245483,-0.014751611277461052,0.5125198364257812,0.5225731134414673,-0.02118316851556301,0.5121603608131409,0.4978802800178528,-0.026054922491312027,0.5256016850471497,0.605313777923584,-0.010539998300373554,0.5262154340744019,0.5608578324317932,-0.016862645745277405,0.5254547595977783,0.5333823561668396,-0.020614147186279297,0.5242575407028198,0.5104514360427856,-0.02368575520813465,0.5405863523483276,0.617447555065155,-0.015152455307543278,0.5416586995124817,0.5849103927612305,-0.020254598930478096,0.5403352975845337,0.5644052624702454,-0.021864982321858406,0.5377742052078247,0.5465849041938782,-0.02318771742284298
0.5208354592323303,0.7087181210517883,1.9031672593428084e-07,0.4917539358139038,0.6935737729072571,-0.013545717112720013,0.4723683297634125,0.6622225046157837,-0.020665515214204788,0.4708903431892395,0.6259536147117615,-0.02685023657977581,0.48410162329673767,0.6032680869102478,-0.03235062584280968,0.4943966865539551,0.6052608489990234,-0.007030804641544819,0.4950937032699585,0.5626135468482971,-0.016465911641716957,0.4963280260562897,0.5368621349334717,-0.0252480860799551,0.4987383186817169,0.514905571937561,-0.03175307810306549,0.5103268027305603,0.6004956364631653,-0.0073450529016554356,0.5110613703727722,0.5516508221626282,-0.01426890678703785,0.5107041001319885,0.5224652886390686,-0.020633596926927567,0.5101180672645569,0.4979307949542999,-0.025439122691750526,0.524614691734314,0.6045054197311401,-0.010009849444031715,0.5247673392295837,0.5602613687515259,-0.01620382070541382,0.5236916542053223,0.5326243042945862,-0.019988659769296646,0.5222303867340088,0.5096735954284668,-0.023047618567943573,0.5398057699203491,0.6166190505027771,-0.01449211873114109,0.5405872464179993,0.5841090083122253,-0.019528433680534363,0.539019763469696,0.5634150505065918,-0.021211571991443634,0.536319375038147,0.5455380082130432,-0.02254341170191765
0.519879937171936,0.7087740898132324,1.8725218353665696e-07,0.49131688475608826,0.69365394115448,-0.013220136985182762,0.4720032513141632,0.6627920269966125,-0.020329540595412254,0.4685874581336975,0.627476692199707,-0.02665884979069233,0.4811811149120331,0.6043228507041931,-0.032300010323524475,0.4935245215892792,0.6060373783111572,-0.005993405357003212,0.49375128746032715,0.5637587308883667,-0.015596877783536911,0.49481403827667236,0.5380927324295044,-0.024614723399281502,0.4973815679550171,0.5161024332046509,-0.03119567595422268,0.5094034671783447,0.601212203502655,-0.006436487194150686,0.5099599957466125,0.55272376537323,-0.013297628611326218,0.5095371007919312,0.5235393047332764,-0.019648879766464233,0.5089576244354248,0.4990417957305908,-0.024409174919128418,0.5237481594085693,0.6048596501350403,-0.009301728568971157,0.5237631797790527,0.5610260367393494,-0.015295189805328846,0.5228114724159241,0.5336514115333557,-0.018813392147421837,0.5214386582374573,0.5106220841407776,-0.02166757918894291,0.5387272834777832,0.6164171695709229,-0.013988876715302467,0.5393989086151123,0.5838708877563477,-0.018615854904055595,0.5379217863082886,0.5637850761413574,-0.019908951595425606,0.5353068113327026,0.5462279915809631,-0.020971786230802536
0.5190989971160889,0.7090522050857544,1.8917569377663312e-07,0.49039918184280396,0.6937126517295837,-0.013576782308518887,0.47072887420654297,0.6631593704223633,-0.021034806966781616,0.4675057530403137,0.6278945207595825,-0.027623165398836136,0.4804312586784363,0.6040614247322083,-0.033533353358507156,0.4921015501022339,0.6064547896385193,-0.006948508787900209,0.49262291193008423,0.5638802647590637,-0.01686989702284336,0.4936174750328064,0.5381510853767395,-0.026015084236860275,0.49591773748397827,0.5160412788391113,-0.032722946256399155,0.5080356001853943,0.6015205383300781,-0.0073727210983633995,0.5087188482284546,0.5529700517654419,-0.014603679068386555,0.508212149143219,0.5237798690795898,-0.02127378061413765,0.5073757171630859,0.4990905225276947,-0.02629445679485798,0.5224440693855286,0.6052742004394531,-0.010191232897341251,0.5226387977600098,0.5613612532615662,-0.0166415274143219,0.5216320157051086,0.5338541865348816,-0.02058565616607666,0.5200222134590149,0.5106877684593201,-0.023734495043754578,0.5373997092247009,0.6170920729637146,-0.014800920151174068,0.5381693243980408,0.5849289894104004,-0.020011240616440773,0.5366464853286743,0.5647653341293335,-0.021727049723267555,0.5339410305023193,0.5471721887588501,-0.02306356653571129
0.5191892981529236,0.7098372578620911,1.9260286876487953e-07,0.48992782831192017,0.6948529481887817,-0.0142232496291399,0.47058016061782837,0.6640790104866028,-0.021759910508990288,0.4677443504333496,0.6283560991287231,-0.028295351192355156,0.4802820682525635,0.6040710806846619,-0.03408508375287056,0.4918552339076996,0.60693359375,-0.006978436838835478,0.49198123812675476,0.5638863444328308,-0.016837241128087044,0.4927939772605896,0.5377973914146423,-0.025963295251131058,0.49498826265335083,0.5155784487724304,-0.032617684453725815,0.507810115814209,0.601803183555603,-0.006994699593633413,0.5081850290298462,0.5528796911239624,-0.014144237153232098,0.5074952840805054,0.5234617590904236,-0.020712491124868393,0.5065654516220093,0.4988860487937927,-0.025644084438681602,0.5221157073974609,0.6052256226539612,-0.00951304566115141,0.5219792127609253,0.5612436532974243,-0.01578354462981224,0.5207837820053101,0.5337149500846863,-0.019579390063881874,0.5192089676856995,0.5107407569885254,-0.02263728156685829,0.5371357798576355,0.6165544986724854,-0.013920887373387814,0.5376942157745361,0.5841572880744934,-0.018864862620830536,0.5361033082008362,0.5637761950492859,-0.02045149728655815,0.5334129929542542,0.5460576415061951,-0.021723797544836998
0.5182193517684937,0.710808277130127,1.8744519536539883e-07,0.48907896876335144,0.6952251195907593,-0.013192139565944672,0.46941202878952026,0.6643848419189453,-0.020286235958337784,0.4664817154407501,0.6285292506217957,-0.026592154055833817,0.4796161651611328,0.605120837688446,-0.032199960201978683,0.4907588064670563,0.6076371073722839,-0.0061068544164299965,0.4909936189651489,0.5645867586135864,-0.01560442429035902,0.491738498210907,0.5386685132980347,-0.024503499269485474,0.4935823380947113,0.5165344476699829,-0.031075075268745422,0.5066015124320984,0.6025255918502808,-0.006618563551455736,0.507055938243866,0.5535407066345215,-0.013506465591490269,0.5063704252243042,0.5243322253227234,-0.019941722974181175,0.5052417516708374,0.4997665584087372,-0.024799033999443054,0.5208669900894165,0.606032133102417,-0.009520408697426319,0.5205324292182922,0.5619345307350159,-0.015601499006152153,0.5193337202072144,0.5343965291976929,-0.01934783346951008,0.5176267027854919,0.5114144682884216,-0.02239825390279293,0.5360314249992371,0.6175326704978943,-0.014229330234229565,0.5367053747177124,0.5850569605827332,-0.01904095709323883,0.5350083112716675,0.5647041201591492,-0.020605118945240974,0.5320744514465332,0.5470751523971558,-0.021887727081775665
0.5177444815635681,0.7105358839035034,1.951530776977961e-07,0.48879751563072205,0.6953330039978027,-0.014293990097939968,0.4692055284976959,0.6650198698043823,-0.02197214402258396,0.46618297696113586,0.6292059421539307,-0.028607284650206566,0.47911950945854187,0.6046685576438904,-0.03441208228468895,0.48951098322868347,0.6077215075492859,-0.006996307987719774,0.48981907963752747,0.5645259022712708,-0.016642242670059204,0.4908219575881958,0.538697361946106,-0.025520991533994675,0.49295806884765625,0.5166656374931335,-0.03200019523501396,0.5057199597358704,0.6023561358451843,-0.006898985709995031,0.5063802599906921,0.5533592104911804,-0.01376259233802557,0.5058495402336121,0.5244277119636536,-0.02001144364476204,0.5047851204872131,0.5002031326293945,-0.02472463808953762,0.5202347636222839,0.6056498289108276,-0.009293558076024055,0.5201144218444824,0.5619416236877441,-0.015276582911610603,0.5189411044120789,0.534748911857605,-0.018719833344221115,0.5171952843666077,0.5119507312774658,-0.02154688537120819,0.5355979800224304,0.6168113350868225,-0.013590298593044281,0.5360522866249084,0.5843939185142517,-0.018199479207396507,0.5344275236129761,0.5641918778419495,-0.019458794966340065,0.531628429889679,0.5466832518577576,-0.02050299569964409
0.5180615782737732,0.7102288007736206,1.869596388814898e-07,0.488847553730011,0.695970892906189,-0.013673714362084866,0.4692046642303467,0.6659518480300903,-0.02110806666314602,0.46549952030181885,0.6296682953834534,-0.027634045109152794,0.47819557785987854,0.6055005788803101,-0.03339546173810959,0.4897928237915039,0.6079625487327576,-0.006395792122930288,0.4897090792655945,0.5646860003471375,-0.015904538333415985,0.49059250950813293,0.5388298630714417,-0.024822313338518143,0.49288100004196167,0.5166874527931213,-0.03142252191901207,0.5059092044830322,0.6024742722511292,-0.006644653156399727,0.5060343742370605,0.5534286499023438,-0.013469296507537365,0.5056018829345703,0.5244107246398926,-0.019788073375821114,0.5048490762710571,0.5001250505447388,-0.024642441421747208,0.5202852487564087,0.6057308912277222,-0.009337901137769222,0.5199289917945862,0.5615627765655518,-0.015217852778732777,0.5188342332839966,0.5341463088989258,-0.018718257546424866,0.517417311668396,0.5111493468284607,-0.021710451692342758,0.5356225371360779,0.6169513463973999,-0.013893363997340202,0.5356594324111938,0.5841988921165466,-0.01853586919605732,0.5339024066925049,0.563892662525177,-0.019956042990088463,0.5311222672462463,0.5461325645446777,-0.02118805982172489
0.5180922150611877,0.7106344103813171,1.8914420252258424e-07,0.48878660798072815,0.6952065229415894,-0.013359298929572105,0.46917039155960083,0.664958119392395,-0.020724834874272346,0.46557214856147766,0.6292845606803894,-0.027286479249596596,0.4784119427204132,0.6052078604698181,-0.03314925730228424,0.4896145164966583,0.6079409122467041,-0.006120305508375168,0.489518404006958,0.5649551153182983,-0.01585506647825241,0.49043381214141846,0.5391652584075928,-0.024999147281050682,0.4927777349948883,0.5170269012451172,-0.031739965081214905,0.5057234168052673,0.6023796796798706,-0.006633642595261335,0.5058618783950806,0.5535290837287903,-0.013604662381112576,0.5054126381874084,0.5244789123535156,-0.020201541483402252,0.5046892166137695,0.4999619722366333,-0.025240562856197357,0.5202353596687317,0.6057043075561523,-0.009568775072693825,0.5199499726295471,0.5612828731536865,-0.01569627970457077,0.518955409526825,0.5338310599327087,-0.019448474049568176,0.5176295042037964,0.5107177495956421,-0.022578181698918343,0.5355383157730103,0.6172546148300171,-0.014314573258161545,0.5358386039733887,0.5847857594490051,-0.019207235425710678,0.534177303314209,0.5644534230232239,-0.020718814805150032,0.5314784646034241,0.5465133190155029,-0.021987756714224815
0.5175929665565491,0.7109624147415161,1.883936135982367e-07,0.4881754219532013,0.6959001421928406,-0.013571579940617085,0.468556672334671,0.6655087471008301,-0.02081412635743618,0.4655965566635132,0.6295342445373535,-0.02717520296573639,0.4785328209400177,0.6059941649436951,-0.0327301062643528,0.48969653248786926,0.6080167293548584,-0.00609310669824481,0.48984575271606445,0.5647997856140137,-0.015368733555078506,0.49096640944480896,0.5390916466712952,-0.024219200015068054,0.49328890442848206,0.5168946385383606,-0.03077608346939087,0.5058678388595581,0.6027904748916626,-0.006290949881076813,0.5063866972923279,0.5538891553878784,-0.012893692590296268,0.5060244798660278,0.5249520540237427,-0.019178548827767372,0.505264401435852,0.5003917813301086,-0.024004153907299042,0.5201258659362793,0.6061614751815796,-0.008899941109120846,0.5201795697212219,0.5623615980148315,-0.014454539865255356,0.5191442370414734,0.5350450277328491,-0.017783470451831818,0.5178453922271729,0.5122310519218445,-0.020665910094976425,0.5352414846420288,0.6175603270530701,-0.013398715294897556,0.5355308651924133,0.5852026343345642,-0.01760939508676529,0.5338361859321594,0.564834475517273,-0.01872953586280346,0.531242847442627,0.5469931364059448,-0.01976802758872509
0.5174310803413391,0.7115061283111572,1.8483243025002594e-07,0.48832523822784424,0.6955361366271973,-0.012958560138940811,0.46888983249664307,0.664983332157135,-0.020041489973664284,0.4653759300708771,0.6294427514076233,-0.02643030323088169,0.47873979806900024,0.6063183546066284,-0.03208160027861595,0.48965907096862793,0.6081904768943787,-0.005328460596501827,0.48977717757225037,0.5655094981193542,-0.014696041122078896,0.49076420068740845,0.5398899912834167,-0.023684384301304817,0.4929875433444977,0.5177298188209534,-0.030360577628016472,0.5057289600372314,0.6029029488563538,-0.005928974132984877,0.5063491463661194,0.5544716715812683,-0.012510184198617935,0.5061690211296082,0.525671124458313,-0.018834976479411125,0.5055902600288391,0.5012992024421692,-0.023714156821370125,0.5200742483139038,0.6064156889915466,-0.00894614402204752,0.5201843976974487,0.5625401735305786,-0.014581945724785328,0.519395112991333,0.5352483987808228,-0.018057536333799362,0.5182008147239685,0.5124345421791077,-0.021045075729489326,0.5351967215538025,0.617995023727417,-0.013796959072351456,0.5355767607688904,0.5854972004890442,-0.01823149248957634,0.533749520778656,0.5651265978813171,-0.01954249106347561,0.5308478474617004,0.5472975969314575,-0.02071249857544899
0.5183842778205872,0.7117521166801453,1.8393777168057568e-07,0.48924219608306885,0.6963729858398438,-0.012658385559916496,0.46919962763786316,0.6649160981178284,-0.01947646774351597,0.4661708176136017,0.6284055113792419,-0.02553384192287922,0.47954320907592773,0.60600745677948,-0.03092321567237377,0.4902900457382202,0.6072460412979126,-0.0060596950352191925,0.4906257688999176,0.5642346739768982,-0.015160763636231422,0.4917452335357666,0.5384830832481384,-0.023807544261217117,0.4940422773361206,0.5163896083831787,-0.03028140962123871,0.5065793395042419,0.6022657155990601,-0.006804864853620529,0.5071682333946228,0.5532021522521973,-0.01336384192109108,0.5068705081939697,0.5241117477416992,-0.01956278644502163,0.506261944770813,0.4997037351131439,-0.024316640570759773,0.5211146473884583,0.6061674952507019,-0.009808013215661049,0.5213347673416138,0.5618640780448914,-0.015413956716656685,0.5205851793289185,0.5342183113098145,-0.018847083672881126,0.5195407867431641,0.5112266540527344,-0.021818505600094795,0.5363538861274719,0.6182807683944702,-0.014578665606677532,0.5366933345794678,0.5858094692230225,-0.018979741260409355,0.53520268201828,0.5652363300323486,-0.02022125944495201,0.5328778624534607,0.5472473502159119,-0.0213442612439394
0.518313467502594,0.7116869688034058,1.824344337819639e-07,0.4892619252204895,0.6966447830200195,-0.01274100597947836,0.4692503809928894,0.6655704975128174,-0.019821496680378914,0.4654173254966736,0.6294175982475281,-0.02617604471743107,0.47890564799308777,0.6068326234817505,-0.03185875341296196,0.49021634459495544,0.6076115369796753,-0.006004164461046457,0.49041613936424255,0.5647792816162109,-0.015299387276172638,0.4914747476577759,0.5392501950263977,-0.024157019332051277,0.49383607506752014,0.5171846747398376,-0.030809495598077774,0.5063746571540833,0.6024642586708069,-0.006823575124144554,0.5069317817687988,0.5536091327667236,-0.013407059013843536,0.5066291093826294,0.5247114896774292,-0.019659165292978287,0.5060063600540161,0.5004164576530457,-0.02452561818063259,0.5208245515823364,0.6062674522399902,-0.009952028281986713,0.5209608674049377,0.5620463490486145,-0.01554961409419775,0.5201337337493896,0.5345577597618103,-0.018969712778925896,0.5189707279205322,0.5115237832069397,-0.022017844021320343,0.5359637141227722,0.6182821393013,-0.01487420778721571,0.5362837910652161,0.5857603549957275,-0.01931762509047985,0.5346973538398743,0.5653395056724548,-0.02062140218913555,0.532174825668335,0.547372043132782,-0.021850263699889183
0.5181120038032532,0.7120529413223267,1.811738741253066e-07,0.48903709650039673,0.6966515183448792,-0.012658454477787018,0.46905964612960815,0.6656665802001953,-0.019576188176870346,0.4657454192638397,0.6296771764755249,-0.025772593915462494,0.4789295196533203,0.6068087816238403,-0.03127904236316681,0.49041512608528137,0.6077924966812134,-0.005873464979231358,0.490551233291626,0.5649747848510742,-0.014982378110289574,0.49180981516838074,0.5395064353942871,-0.023721935227513313,0.49434393644332886,0.5174071192741394,-0.030288223177194595,0.50665682554245,0.6027069687843323,-0.006659683771431446,0.507122814655304,0.5537724494934082,-0.013111664913594723,0.5068230032920837,0.5248662829399109,-0.019315369427204132,0.5062409043312073,0.5006029605865479,-0.02416601963341236,0.5210147500038147,0.6066128015518188,-0.009749587625265121,0.5212156176567078,0.5624514818191528,-0.015222758054733276,0.5202966332435608,0.534959614276886,-0.01863141544163227,0.5191511511802673,0.5120410919189453,-0.021701553836464882,0.5361212491989136,0.6186991930007935,-0.014629020355641842,0.5365200042724609,0.5861853957176208,-0.018974177539348602,0.5348904728889465,0.5657169818878174,-0.020281050354242325,0.5323714017868042,0.5476431846618652,-0.02153209038078785
0.5181411504745483,0.7121140360832214,1.8318968386665802e-07,0.4889603853225708,0.696713924407959,-0.012632914818823338,0.46883973479270935,0.6656068563461304,-0.01949920691549778,0.46543556451797485,0.6295291185379028,-0.025649668648838997,0.4788539707660675,0.6066526770591736,-0.031123097985982895,0.49064213037490845,0.6084975004196167,-0.0060470071621239185,0.4906778335571289,0.565449595451355,-0.015452715568244457,0.49185407161712646,0.539768636226654,-0.024288218468427658,0.49434947967529297,0.5175313949584961,-0.030798910185694695,0.5066636800765991,0.6034727692604065,-0.006803394295275211,0.5070698857307434,0.5542095899581909,-0.013481380417943,0.5067305564880371,0.5249696969985962,-0.019608693197369576,0.506191611289978,0.5003107190132141,-0.024254821240901947,0.5210306644439697,0.6071470379829407,-0.009855175390839577,0.5210802555084229,0.5628226399421692,-0.015507612377405167,0.5200915932655334,0.5351542830467224,-0.018713608384132385,0.5188931226730347,0.5119293332099915,-0.021455008536577225,0.5361034274101257,0.6188944578170776,-0.014697391539812088,0.5364969372749329,0.5860707759857178,-0.019067592918872833,0.5349224209785461,0.5655156970024109,-0.020123017951846123,0.5324676632881165,0.5474337339401245,-0.02105843648314476
0.5187132954597473,0.7125931978225708,1.809872713920413e-07,0.4894612431526184,0.6975714564323425,-0.01272139884531498,0.4692107141017914,0.6667968034744263,-0.019599638879299164,0.4662315845489502,0.630620539188385,-0.025724226608872414,0.47942620515823364,0.6073125600814819,-0.03113204799592495,0.4907747507095337,0.6086838245391846,-0.005842004436999559,0.4907483458518982,0.5660563707351685,-0.014942917972803116,0.4920654594898224,0.5405659675598145,-0.023680800572037697,0.49466097354888916,0.5183380842208862,-0.030230939388275146,0.5068062543869019,0.6034891605377197,-0.0065404088236391544,0.5071578025817871,0.554789662361145,-0.012994986958801746,0.5069007277488708,0.5260428190231323,-0.019175441935658455,0.5064676403999329,0.5016388893127441,-0.023979343473911285,0.521107017993927,0.6071925163269043,-0.009547638706862926,0.521279513835907,0.5632853507995605,-0.015031471848487854,0.5203828811645508,0.5358742475509644,-0.018329713493585587,0.5192374587059021,0.5128633379936218,-0.021258914843201637,0.5362541079521179,0.618990421295166,-0.01436018105596304,0.536526620388031,0.5863493084907532,-0.018702376633882523,0.5347913503646851,0.5658591985702515,-0.019885005429387093,0.5320881605148315,0.5477855205535889,-0.02098720893263817
0.5181210041046143,0.7127204537391663,1.8548698221820814e-07,0.48879867792129517,0.6974858641624451,-0.012869312427937984,0.4687369167804718,0.666318953037262,-0.019724316895008087,0.4667389988899231,0.6301680207252502,-0.025825629010796547,0.48003068566322327,0.6074031591415405,-0.031299471855163574,0.49048611521720886,0.6093908548355103,-0.006403527222573757,0.490353524684906,0.5668625831604004,-0.015818284824490547,0.4916474521160126,0.5409331917762756,-0.02471393160521984,0.49425920844078064,0.5183104276657104,-0.031370941549539566,0.5066653490066528,0.6041824817657471,-0.007191270589828491,0.5068560838699341,0.5557063817977905,-0.014147608540952206,0.5067777633666992,0.526513397693634,-0.020686762407422066,0.5067018270492554,0.50127112865448,-0.025710193440318108,0.5211470127105713,0.6078174710273743,-0.010278838686645031,0.5212481617927551,0.5638649463653564,-0.016499808058142662,0.5204786062240601,0.5362046360969543,-0.020315848290920258,0.5194423198699951,0.512688934803009,-0.02348429709672928,0.5365890264511108,0.6193694472312927,-0.015134308487176895,0.5370805263519287,0.5867434740066528,-0.020184267312288284,0.5354495644569397,0.5662272572517395,-0.021755315363407135,0.5326436161994934,0.5480289459228516,-0.02307218499481678
0.5174757838249207,0.7144914269447327,1.8814864688465605e-07,0.4878147542476654,0.6990225315093994,-0.012735730968415737,0.46787816286087036,0.6673262715339661,-0.019496750086545944,0.46656134724617004,0.6312305927276611,-0.025564657524228096,0.47969529032707214,0.6079378128051758,-0.03105185553431511,0.4902372360229492,0.6099945902824402,-0.006445498205721378,0.49002334475517273,0.5672188997268677,-0.016015974804759026,0.49115580320358276,0.5408806204795837,-0.024999938905239105,0.4937668442726135,0.5180182456970215,-0.03170069679617882,0.5061460733413696,0.6048367619514465,-0.007375519722700119,0.506232738494873,0.5559015274047852,-0.014537684619426727,0.5062233805656433,0.526060163974762,-0.021143348887562752,0.5064855217933655,0.5004677772521973,-0.026163844391703606,0.5205361843109131,0.6086449027061462,-0.010624757036566734,0.5205062031745911,0.5637915134429932,-0.01713545247912407,0.5198217630386353,0.5357863903045654,-0.02108061872422695,0.5190717577934265,0.5118564963340759,-0.02427726797759533,0.536089301109314,0.6202386021614075,-0.01563028059899807,0.536715030670166,0.5869746804237366,-0.021062493324279785,0.535036027431488,0.565957248210907,-0.022856345400214195,0.5322417616844177,0.5472323894500732,-0.024268945679068565
0.5170679688453674,0.7131583094596863,1.9139253026878578e-07,0.48743295669555664,0.6980103254318237,-0.01276003010571003,0.4673099219799042,0.6667506694793701,-0.019470980390906334,0.46552789211273193,0.6304603219032288,-0.02547108754515648,0.4784855842590332,0.6073882579803467,-0.03086806647479534,0.4888954758644104,0.6094513535499573,-0.006106154527515173,0.4890911877155304,0.5669565200805664,-0.015298408456146717,0.49039727449417114,0.5411015152931213,-0.02404889091849327,0.492850124835968,0.518489420413971,-0.0305907242000103,0.5050457715988159,0.6041653156280518,-0.006894386373460293,0.5055273175239563,0.5552857518196106,-0.013627470470964909,0.505244791507721,0.5258319973945618,-0.01993543654680252,0.5048759579658508,0.5005524754524231,-0.0247788168489933,0.5195519924163818,0.6077260375022888,-0.010009904392063618,0.5197621583938599,0.5631206631660461,-0.015987521037459373,0.5189071893692017,0.5354205965995789,-0.01961243525147438,0.5177229046821594,0.5119462013244629,-0.02265205979347229,0.5349560976028442,0.6191312670707703,-0.014919153414666653,0.535546600818634,0.586225152015686,-0.019788583740592003,0.5338645577430725,0.5653306841850281,-0.021306952461600304,0.5310373306274414,0.5467579364776611,-0.02258124202489853
0.5175800323486328,0.7135465145111084,1.828802425052345e-07,0.48782122135162354,0.6994286179542542,-0.012780577875673771,0.46755343675613403,0.667643129825592,-0.01927083358168602,0.46480292081832886,0.6296514868736267,-0.024989303201436996,0.4783848524093628,0.6079206466674805,-0.030004221946001053,0.4895651042461395,0.6081313490867615,-0.005343085620552301,0.4899961054325104,0.5648897886276245,-0.014039718545973301,0.4914575517177582,0.5392616391181946,-0.022606387734413147,0.4940718114376068,0.5169480443000793,-0.029101721942424774,0.5059366226196289,0.6028253436088562,-0.005927602760493755,0.5064457654953003,0.5536074042320251,-0.012065378949046135,0.5062373280525208,0.5243320465087891,-0.01809968240559101,0.5059188008308411,0.499424010515213,-0.022799093276262283,0.52044677734375,0.6065711975097656,-0.008832507766783237,0.5206443667411804,0.5623263716697693,-0.01408470794558525,0.5197862386703491,0.5346697568893433,-0.01730974391102791,0.5188536643981934,0.5114179253578186,-0.020177673548460007,0.5359163880348206,0.6185550689697266,-0.013584104366600513,0.5360376834869385,0.5854917168617249,-0.017719542607665062,0.5344080328941345,0.5648381114006042,-0.018789183348417282,0.5321264863014221,0.5465103387832642,-0.019806811586022377
0.5182955265045166,0.7132822275161743,1.7942967645012686e-07,0.4881316125392914,0.6986963748931885,-0.012774139642715454,0.46800974011421204,0.6672698259353638,-0.019266627728939056,0.46568596363067627,0.6293418407440186,-0.024958984926342964,0.47950562834739685,0.6078022718429565,-0.029951216652989388,0.4899778962135315,0.6077315211296082,-0.005329933483153582,0.49015891551971436,0.5645535588264465,-0.013839157298207283,0.49146410822868347,0.539055347442627,-0.022299552336335182,0.49395951628685,0.5168560147285461,-0.02880645915865898,0.506231427192688,0.6023580431938171,-0.005924893077462912,0.5064263343811035,0.5533461570739746,-0.012034661136567593,0.5062503218650818,0.5243973731994629,-0.018109207972884178,0.5060498714447021,0.4998611807823181,-0.02288605459034443,0.520530104637146,0.606316864490509,-0.008839469403028488,0.520441472530365,0.5620220303535461,-0.014212659560143948,0.5195046067237854,0.5343221426010132,-0.017695849761366844,0.5186276435852051,0.5111995935440063,-0.020789559930562973,0.5359563827514648,0.6186482906341553,-0.013574781827628613,0.536059558391571,0.5857858657836914,-0.017987584695219994,0.5342409610748291,0.5651689171791077,-0.019376473501324654,0.5317355990409851,0.5469983816146851,-0.02064773626625538
0.5178674459457397,0.7138063907623291,1.77118593569503e-07,0.48765215277671814,0.6989045143127441,-0.012065689079463482,0.46756449341773987,0.6676598191261292,-0.01846509985625744,0.465135395526886,0.6301751732826233,-0.024246221408247948,0.47925475239753723,0.6082774996757507,-0.02942495234310627,0.48982545733451843,0.6085870862007141,-0.004940960556268692,0.4899444282054901,0.5651324987411499,-0.013719490729272366,0.4911550283432007,0.5393694639205933,-0.022352635860443115,0.4937150478363037,0.5170115232467651,-0.028936920687556267,0.5060930848121643,0.6032666563987732,-0.0059750871732831,0.5064378380775452,0.554166853427887,-0.012191178277134895,0.5063321590423584,0.5250940322875977,-0.018324673175811768,0.506193220615387,0.5003758668899536,-0.023161564022302628,0.5204023718833923,0.6070124506950378,-0.009286894463002682,0.5203535556793213,0.5624942779541016,-0.014609097503125668,0.5194020867347717,0.5347554683685303,-0.017907146364450455,0.5185492634773254,0.5114535689353943,-0.02091154083609581,0.5357661843299866,0.6191432476043701,-0.014378981664776802,0.5358338356018066,0.5859702229499817,-0.018651317805051804,0.5339735746383667,0.5652478337287903,-0.019841672852635384,0.531433641910553,0.5468794703483582,-0.021006548777222633
0.5180118083953857,0.7141672372817993,1.8327486372982094e-07,0.4880574941635132,0.6991332173347473,-0.013046101666986942,0.46808844804763794,0.6677201390266418,-0.020010484382510185,0.4651997685432434,0.6303150653839111,-0.026250215247273445,0.4792579412460327,0.6086306571960449,-0.0318385474383831,0.49020105600357056,0.6086061000823975,-0.005597928538918495,0.49051159620285034,0.5656687617301941,-0.014782953076064587,0.4916761815547943,0.540044903755188,-0.023821786046028137,0.49417844414711,0.5174393653869629,-0.030756032094359398,0.5063547492027283,0.6032976508140564,-0.006364805158227682,0.5068597793579102,0.5542362928390503,-0.013007309287786484,0.5065854787826538,0.5248419046401978,-0.01958560198545456,0.5060981512069702,0.49947357177734375,-0.02476358972489834,0.5206411480903625,0.6072779297828674,-0.00951506569981575,0.5207931399345398,0.5628557205200195,-0.015336669981479645,0.5198543667793274,0.5349180102348328,-0.01915891282260418,0.5187239050865173,0.5113359689712524,-0.022485850378870964,0.5360612869262695,0.619566798210144,-0.014511927962303162,0.5363258123397827,0.5863320827484131,-0.019318053498864174,0.5345058441162109,0.565273106098175,-0.021016577258706093,0.5317835807800293,0.5465491414070129,-0.022534850984811783
0.5183308720588684,0.7139744758605957,1.844763204417177e-07,0.48832643032073975,0.6991411447525024,-0.012982753105461597,0.4681796431541443,0.667540967464447,-0.019753312692046165,0.46556347608566284,0.6301934719085693,-0.025776071473956108,0.4795680046081543,0.6087387800216675,-0.03111973963677883,0.4903019964694977,0.6087598204612732,-0.005580410361289978,0.4902268946170807,0.565724790096283,-0.014686275273561478,0.49133601784706116,0.5398911237716675,-0.023584764450788498,0.49383050203323364,0.5174080729484558,-0.030312430113554,0.5065744519233704,0.6033300161361694,-0.0062505388632416725,0.506756603717804,0.5542819499969482,-0.012815398164093494,0.5063271522521973,0.5247523188591003,-0.01913926564157009,0.505882203578949,0.49966171383857727,-0.02401469275355339,0.5210438966751099,0.6069773435592651,-0.00929182954132557,0.520932674407959,0.5626642107963562,-0.014960546977818012,0.5198748111724854,0.5347200036048889,-0.018437128514051437,0.5187245607376099,0.511256754398346,-0.021432997658848763,0.5364382863044739,0.6189452409744263,-0.014190034940838814,0.5365148186683655,0.5860498547554016,-0.018687499687075615,0.5346437096595764,0.5653001666069031,-0.019947176799178123,0.5319454669952393,0.547020673751831,-0.02108059823513031
0.5181899666786194,0.7137738466262817,1.8396033851786342e-07,0.4881041347980499,0.6993304491043091,-0.013032831251621246,0.4681495726108551,0.6678991317749023,-0.019904769957065582,0.4653281569480896,0.6301711201667786,-0.02606624737381935,0.47948330640792847,0.6083694100379944,-0.031570397317409515,0.4900038540363312,0.6086747646331787,-0.005448139272630215,0.49023979902267456,0.5656908750534058,-0.01456773653626442,0.4913993775844574,0.5400330424308777,-0.023548487573862076,0.4939374327659607,0.5175176858901978,-0.03043287619948387,0.5062762498855591,0.6030239462852478,-0.0062392521649599075,0.5065792798995972,0.5541995763778687,-0.012754714116454124,0.50630784034729,0.524690568447113,-0.019209779798984528,0.5059431195259094,0.4993531107902527,-0.024311194196343422,0.5206786394119263,0.6067265272140503,-0.00944762583822012,0.5206302404403687,0.5624405145645142,-0.015209328383207321,0.5196346044540405,0.5343788266181946,-0.019022101536393166,0.5184945464134216,0.5105084180831909,-0.022381195798516273,0.5360652804374695,0.6188384294509888,-0.014513598755002022,0.5362107753753662,0.5858765840530396,-0.019356651231646538,0.5343608260154724,0.5650489330291748,-0.02107909321784973,0.5316725373268127,0.5464020371437073,-0.02262520231306553
0.518454909324646,0.715048611164093,1.8305706817045575e-07,0.4880751967430115,0.6993623971939087,-0.012854468077421188,0.46795904636383057,0.6674787998199463,-0.019518613815307617,0.4655831456184387,0.6294835209846497,-0.025487765669822693,0.480214387178421,0.6082804203033447,-0.030792638659477234,0.49033471941947937,0.6084350943565369,-0.004922670777887106,0.49072423577308655,0.5653114318847656,-0.01380328368395567,0.49179109930992126,0.5395311117172241,-0.022690391167998314,0.49408718943595886,0.5169833898544312,-0.029523298144340515,0.5066007375717163,0.603096604347229,-0.005674879997968674,0.5071285367012024,0.554232120513916,-0.012106793001294136,0.5067694783210754,0.5249135494232178,-0.018560661002993584,0.5062054991722107,0.4997885227203369,-0.02360273152589798,0.5210253596305847,0.6069390773773193,-0.008820346556603909,0.520983874797821,0.5628233551979065,-0.014462663792073727,0.5199329257011414,0.5349582433700562,-0.018132273107767105,0.518759548664093,0.5114887356758118,-0.02130458876490593,0.5365256071090698,0.6191527247428894,-0.013815362006425858,0.5365859866142273,0.5860364437103271,-0.01838870160281658,0.534793496131897,0.5650720596313477,-0.019822781905531883,0.5322534441947937,0.5465257167816162,-0.021110760048031807
0.5183650255203247,0.7141700983047485,1.850476820663971e-07,0.4880579710006714,0.6993077397346497,-0.01337707694619894,0.46790143847465515,0.6678866147994995,-0.020451944321393967,0.4651537537574768,0.6299670934677124,-0.026743222028017044,0.47964242100715637,0.6078023314476013,-0.032339002937078476,0.49033617973327637,0.6090046763420105,-0.005770995281636715,0.4905291795730591,0.5657662153244019,-0.015046215616166592,0.4916040599346161,0.5398870706558228,-0.024113766849040985,0.4940919280052185,0.5170499086380005,-0.031046656891703606,0.5065644383430481,0.6034954190254211,-0.006353470496833324,0.5068535208702087,0.5542901754379272,-0.0130385160446167,0.5064954161643982,0.5247229337692261,-0.019561609253287315,0.5060353875160217,0.49924805760383606,-0.024695180356502533,0.520899772644043,0.6072412729263306,-0.00937064178287983,0.5209203362464905,0.5627570748329163,-0.015232475474476814,0.519831120967865,0.5347790718078613,-0.018983300775289536,0.5186127424240112,0.5111246705055237,-0.022258013486862183,0.5363990664482117,0.6193039417266846,-0.014274151995778084,0.5364862680435181,0.586276113986969,-0.019118113443255424,0.5345374941825867,0.5654646754264832,-0.020792460069060326,0.5316622257232666,0.5469875931739807,-0.022280002012848854
0.5184695720672607,0.7140525579452515,1.8405918922326236e-07,0.4883900284767151,0.6992492079734802,-0.013220141641795635,0.46822383999824524,0.667446494102478,-0.020230578258633614,0.46545109152793884,0.6298399567604065,-0.02650490030646324,0.4798339307308197,0.6077467203140259,-0.03210712596774101,0.490264892578125,0.6086798310279846,-0.005679367575794458,0.49030181765556335,0.5657978057861328,-0.015030925162136555,0.491423636674881,0.5400346517562866,-0.024176260456442833,0.4940398931503296,0.5173617005348206,-0.031135963276028633,0.5065799951553345,0.6030688285827637,-0.006381611805409193,0.506750226020813,0.5542756915092468,-0.013097334653139114,0.5063496232032776,0.5245660543441772,-0.019689958542585373,0.5059085488319397,0.49908536672592163,-0.024870362132787704,0.5211297869682312,0.6066951155662537,-0.009517386555671692,0.5210927128791809,0.562502920627594,-0.015431013889610767,0.5200225710868835,0.5344768166542053,-0.01929626800119877,0.5187009572982788,0.5107699036598206,-0.022644061595201492,0.5366511940956116,0.6185784935951233,-0.014519278891384602,0.5368121862411499,0.5857634544372559,-0.019467618316411972,0.5347797870635986,0.5650631189346313,-0.021206088364124298,0.5316594243049622,0.5467417240142822,-0.02272390015423298
0.5181164145469666,0.7136392593383789,1.882489897298001e-07,0.4880067706108093,0.6984400153160095,-0.013427161611616611,0.46785128116607666,0.6669076085090637,-0.02040063962340355,0.46545642614364624,0.6292573809623718,-0.026564335450530052,0.4798147976398468,0.6072412133216858,-0.03201059252023697,0.4899025559425354,0.608194887638092,-0.005570708774030209,0.49001601338386536,0.5652645230293274,-0.014729046262800694,0.4911714494228363,0.5394870042800903,-0.023725876584649086,0.4936554431915283,0.5169730186462402,-0.030545301735401154,0.5062289834022522,0.6027954816818237,-0.0060840873047709465,0.5065128207206726,0.5540080666542053,-0.012633451260626316,0.5061468482017517,0.5245270729064941,-0.019061492756009102,0.5057610869407654,0.49927711486816406,-0.024073654785752296,0.5206850171089172,0.6065600514411926,-0.00906003825366497,0.5207229256629944,0.5624899864196777,-0.014822036027908325,0.5196937322616577,0.5346902012825012,-0.018484866246581078,0.5185611248016357,0.5112566947937012,-0.021640976890921593,0.5361313819885254,0.6185776591300964,-0.013934142887592316,0.5362854599952698,0.5858649015426636,-0.01864043064415455,0.5344172716140747,0.565211832523346,-0.020137770101428032,0.5316944122314453,0.5468809604644775,-0.021456919610500336
0.5183617472648621,0.7137730121612549,1.8433706827636342e-07,0.4879782497882843,0.6988857984542847,-0.0131925567984581,0.4676826596260071,0.6673578023910522,-0.019805923104286194,0.4655458927154541,0.6291437149047852,-0.025634892284870148,0.47989770770072937,0.6071400046348572,-0.030704738572239876,0.4894474744796753,0.6083862781524658,-0.004705349449068308,0.48954105377197266,0.5654674172401428,-0.01333665568381548,0.4905817210674286,0.5398198962211609,-0.021996987983584404,0.4929116368293762,0.5174872279167175,-0.028653983026742935,0.5057758092880249,0.6024016737937927,-0.005159684456884861,0.5059671998023987,0.5536479949951172,-0.011416871100664139,0.5055743455886841,0.5244407653808594,-0.0177328959107399,0.5050787925720215,0.4994161128997803,-0.02266637422144413,0.5201650857925415,0.6057101488113403,-0.00806745607405901,0.5200650691986084,0.5615146160125732,-0.013680568896234035,0.5189581513404846,0.5337710380554199,-0.017391622066497803,0.5176737308502197,0.5104837417602539,-0.020566217601299286,0.5356495380401611,0.6173880696296692,-0.012847958132624626,0.5355450510978699,0.5845164060592651,-0.017451375722885132,0.5334748029708862,0.5638218522071838,-0.018969086930155754,0.5305811762809753,0.5455909371376038,-0.020300064235925674
0.5177762508392334,0.7133148312568665,1.8510459653953149e-07,0.48763057589530945,0.6986440420150757,-0.013339255936443806,0.46750885248184204,0.6670069098472595,-0.02009372040629387,0.46492189168930054,0.6290616989135742,-0.02605859935283661,0.4794934093952179,0.6072693467140198,-0.03128006309270859,0.489704430103302,0.6085101962089539,-0.004927517380565405,0.48973503708839417,0.5655853152275085,-0.013792203739285469,0.4907960295677185,0.5399105548858643,-0.022624513134360313,0.493219256401062,0.5174534320831299,-0.02934279851615429,0.5058538317680359,0.6026114225387573,-0.005281815305352211,0.5060804486274719,0.5538604855537415,-0.011477460153400898,0.5056394338607788,0.5245716571807861,-0.017654243856668472,0.5051484107971191,0.49954771995544434,-0.022508783265948296,0.520173966884613,0.6058803796768188,-0.008126224391162395,0.5200077295303345,0.5618009567260742,-0.013524424284696579,0.5189217329025269,0.53415447473526,-0.01698794774711132,0.5176874995231628,0.5109494924545288,-0.020037315785884857,0.535452127456665,0.6174319386482239,-0.012892267666757107,0.5354504585266113,0.5846933126449585,-0.017278973013162613,0.5334065556526184,0.5641645193099976,-0.018660027533769608,0.5304847359657288,0.5460426807403564,-0.019919665530323982
0.5175694227218628,0.7137935757637024,1.8066955931317352e-07,0.4875869154930115,0.6987589001655579,-0.013128029182553291,0.4674992561340332,0.667121410369873,-0.019816046580672264,0.46527883410453796,0.6292229294776917,-0.025746546685695648,0.47964638471603394,0.6070844531059265,-0.030970901250839233,0.4896942973136902,0.6085190773010254,-0.005141025874763727,0.4899221956729889,0.5656343102455139,-0.014043377712368965,0.49090734124183655,0.5398879647254944,-0.022832298651337624,0.4930794835090637,0.5173499584197998,-0.029567496851086617,0.5058729648590088,0.6027758121490479,-0.00570607790723443,0.5064048767089844,0.5539663434028625,-0.012168720364570618,0.5059587955474854,0.5248372554779053,-0.018522297963500023,0.5053284764289856,0.4998099207878113,-0.02347145602107048,0.5201486349105835,0.60631263256073,-0.008695445023477077,0.52011638879776,0.5620772838592529,-0.014447957277297974,0.5189578533172607,0.534375786781311,-0.018119050189852715,0.5176472663879395,0.5109662413597107,-0.0212690532207489,0.5354997515678406,0.6182363629341125,-0.01354709267616272,0.5355298519134521,0.5854431390762329,-0.01824692264199257,0.5334889888763428,0.5647463798522949,-0.019788213074207306,0.5305764675140381,0.5463862419128418,-0.02113918960094452
0.5177798271179199,0.7136906385421753,1.824247277681934e-07,0.48752784729003906,0.6990491151809692,-0.013197895139455795,0.46770259737968445,0.6674633622169495,-0.019914578646421432,0.4654124975204468,0.6295819878578186,-0.02585677057504654,0.479666531085968,0.6073620319366455,-0.03107490949332714,0.4896823763847351,0.6089075803756714,-0.005031079053878784,0.4899183511734009,0.5658124089241028,-0.013877085410058498,0.49085813760757446,0.5399077534675598,-0.022631490603089333,0.4931034445762634,0.5173879861831665,-0.029308944940567017,0.5058791637420654,0.6029538512229919,-0.005508271045982838,0.5061303377151489,0.5539147853851318,-0.011849159374833107,0.5055930614471436,0.5245077013969421,-0.018111515790224075,0.504959225654602,0.4994812607765198,-0.022998759523034096,0.5201769471168518,0.6061854958534241,-0.00842867512255907,0.5200150609016418,0.5618113279342651,-0.013974686153233051,0.5189098715782166,0.533954381942749,-0.017530929297208786,0.5176525712013245,0.5105528831481934,-0.0206346046179533,0.5355240702629089,0.6177640557289124,-0.01323325838893652,0.5354658961296082,0.584841251373291,-0.017712216824293137,0.5334110260009766,0.5642049908638,-0.019114235416054726,0.5304638147354126,0.5459768176078796,-0.020387453958392143
0.5176438093185425,0.714431643486023,1.8350209529671702e-07,0.48759934306144714,0.6993750929832458,-0.013126879930496216,0.46757471561431885,0.6677533984184265,-0.01997094228863716,0.465374231338501,0.6298287510871887,-0.026054589077830315,0.47983089089393616,0.6074352264404297,-0.031476814299821854,0.48966291546821594,0.6095370650291443,-0.005581780802458525,0.48966699838638306,0.5662072896957397,-0.014773614704608917,0.4908195734024048,0.5402594804763794,-0.02370964176952839,0.49344536662101746,0.5176256895065308,-0.030492255464196205,0.5058774352073669,0.6039053201675415,-0.006220176350325346,0.5060617923736572,0.5546818971633911,-0.012835301458835602,0.5058320164680481,0.5252237319946289,-0.019270040094852448,0.5056406259536743,0.5001627206802368,-0.02429278753697872,0.5202571153640747,0.6074017882347107,-0.00927021261304617,0.5200728178024292,0.5627742409706116,-0.01511016208678484,0.5190919637680054,0.5347301959991455,-0.01881028525531292,0.5181317925453186,0.511181116104126,-0.022006778046488762,0.5357316732406616,0.6191639304161072,-0.014171685092151165,0.5356758832931519,0.5860519409179688,-0.018974075093865395,0.5336681604385376,0.5651814937591553,-0.020553255453705788,0.5307797193527222,0.546800971031189,-0.021942170336842537
0.5178050994873047,0.7141796350479126,1.832927836176168e-07,0.48752397298812866,0.6993895769119263,-0.013366960920393467,0.4676450192928314,0.66769939661026,-0.020092522725462914,0.46548786759376526,0.629757821559906,-0.02600254863500595,0.47967585921287537,0.6078346967697144,-0.03116340935230255,0.49002283811569214,0.6089082956314087,-0.005164555739611387,0.490251362323761,0.5658098459243774,-0.013945045880973339,0.49128401279449463,0.5400240421295166,-0.022679736837744713,0.49354609847068787,0.5176193118095398,-0.029360709711909294,0.5062100291252136,0.6031593680381775,-0.005528959445655346,0.5066426396369934,0.5541697144508362,-0.011764829978346825,0.5062257051467896,0.5248899459838867,-0.017913062125444412,0.5056461691856384,0.49993735551834106,-0.022737251594662666,0.5204523205757141,0.6066637635231018,-0.008359155617654324,0.5203333497047424,0.5622652769088745,-0.01378018781542778,0.5192255973815918,0.5344541072845459,-0.01723029464483261,0.5179991126060486,0.5112540125846863,-0.0202728733420372,0.5358037948608398,0.6185482144355774,-0.013112461194396019,0.5358148217201233,0.5854828953742981,-0.017509885132312775,0.533678412437439,0.5647134184837341,-0.018902117386460304,0.5306795835494995,0.546543300151825,-0.020174620673060417
0.5177091360092163,0.714218258857727,1.8399404666524788e-07,0.4876720607280731,0.6990818381309509,-0.013202514499425888,0.4675685167312622,0.6674445271492004,-0.020069202408194542,0.4653177261352539,0.6298949718475342,-0.02614952065050602,0.47930076718330383,0.6080626249313354,-0.03152861073613167,0.49012961983680725,0.6085842251777649,-0.00580749474465847,0.49039745330810547,0.5655482411384583,-0.014883098192512989,0.4913357198238373,0.5397219657897949,-0.023756379261612892,0.49342238903045654,0.517150342464447,-0.030503002926707268,0.5064243078231812,0.603034257888794,-0.00640324130654335,0.506938636302948,0.5539602637290955,-0.012924810871481895,0.5063595771789551,0.5245084166526794,-0.019192246720194817,0.5056012868881226,0.4994048774242401,-0.024066563695669174,0.5207961797714233,0.606746256351471,-0.00939080398529768,0.5207334756851196,0.5625497698783875,-0.015043866820633411,0.5195556879043579,0.5346522927284241,-0.01855439320206642,0.5181911587715149,0.5111980438232422,-0.021616311743855476,0.5360875725746155,0.6188623905181885,-0.014262782409787178,0.5363377332687378,0.5860509872436523,-0.018846064805984497,0.5344107747077942,0.5653265118598938,-0.020235322415828705,0.531604528427124,0.5469886660575867,-0.021473554894328117
0.5184075236320496,0.7149485349655151,1.8104718435552059e-07,0.48811039328575134,0.7003751397132874,-0.012916549108922482,0.46791762113571167,0.6684097051620483,-0.01954844780266285,0.46592363715171814,0.6298969984054565,-0.025397783145308495,0.4806467592716217,0.6086512804031372,-0.03055417165160179,0.49036702513694763,0.6091388463973999,-0.005488730501383543,0.4907899498939514,0.5658038854598999,-0.014344488270580769,0.4918842315673828,0.5399425625801086,-0.023065829649567604,0.49425026774406433,0.5174773335456848,-0.02974405325949192,0.5066717863082886,0.6034889817237854,-0.006131462287157774,0.5071262717247009,0.5542207956314087,-0.012485583312809467,0.5067127346992493,0.524577796459198,-0.018671223893761635,0.5061818361282349,0.499564528465271,-0.023506466299295425,0.5210305452346802,0.6071341633796692,-0.00912962295114994,0.5211694240570068,0.5626099109649658,-0.014686902984976768,0.5202064514160156,0.5346106886863708,-0.018229475244879723,0.5190708637237549,0.5112523436546326,-0.02132822759449482,0.5364936590194702,0.6192079782485962,-0.013971498236060143,0.5367721319198608,0.5860415697097778,-0.018527263775467873,0.5349352955818176,0.5652917623519897,-0.019980769604444504,0.5321983098983765,0.5471168160438538,-0.021281355991959572
0.5188818573951721,0.7156913876533508,1.8291898129518813e-07,0.48916423320770264,0.7004439234733582,-0.01325620524585247,0.4687870144844055,0.668672502040863,-0.02007499523460865,0.4661370515823364,0.6305475831031799,-0.02608918584883213,0.4813646376132965,0.6100530028343201,-0.031415555626153946,0.4906519651412964,0.6100786924362183,-0.005602057091891766,0.49090301990509033,0.5671241283416748,-0.014721831306815147,0.4919736385345459,0.5411405563354492,-0.023720772936940193,0.494265079498291,0.518412709236145,-0.030622726306319237,0.506979763507843,0.6045161485671997,-0.006144390441477299,0.5073786973953247,0.5555986166000366,-0.012661611661314964,0.5070379972457886,0.5261625647544861,-0.019012635573744774,0.506432831287384,0.5009413957595825,-0.02395205944776535,0.5216613411903381,0.6080384254455566,-0.00909293070435524,0.5216677188873291,0.5634860992431641,-0.014898507855832577,0.5208250880241394,0.5354369878768921,-0.018567321822047234,0.519651472568512,0.5118599534034729,-0.021651193499565125,0.5372354984283447,0.6199120283126831,-0.013907614164054394,0.5373106598854065,0.5866714119911194,-0.0186941958963871,0.5355633497238159,0.5656750798225403,-0.02023201994597912,0.5329281091690063,0.5472077131271362,-0.02153385430574417
0.5174086093902588,0.7144166827201843,1.9030409248443902e-07,0.4878537058830261,0.69913649559021,-0.013522366061806679,0.46796414256095886,0.6687893271446228,-0.021074624732136726,0.4660228490829468,0.6332352161407471,-0.027769774198532104,0.47863149642944336,0.6086674928665161,-0.03385688737034798,0.49062004685401917,0.6115272641181946,-0.007594573311507702,0.49049851298332214,0.5688572525978088,-0.017682107165455818,0.4913732409477234,0.5423797965049744,-0.027012664824724197,0.49376001954078674,0.5191811919212341,-0.033883605152368546,0.5065920948982239,0.6058602929115295,-0.008181704208254814,0.5069077014923096,0.5565460920333862,-0.01570795476436615,0.506432294845581,0.526652455329895,-0.0225018709897995,0.5058956742286682,0.5010072588920593,-0.027641141787171364,0.5209638476371765,0.6090628504753113,-0.011104707606136799,0.5210968255996704,0.5642731189727783,-0.01768854632973671,0.5201945900917053,0.5361983180046082,-0.02166636474430561,0.5189303159713745,0.5122830867767334,-0.024890674278140068,0.5360106825828552,0.6202150583267212,-0.01582932099699974,0.5367462635040283,0.5870194435119629,-0.021179353818297386,0.535135805606842,0.5661302208900452,-0.02296087145805359,0.5322772860527039,0.5475949645042419,-0.024366319179534912
0.5172296166419983,0.7163572311401367,1.976037395934327e-07,0.48730379343032837,0.6996031403541565,-0.013778895139694214,0.4677309989929199,0.6683151125907898,-0.02162894792854786,0.466218501329422,0.6325522661209106,-0.02862493321299553,0.4790368676185608,0.6075692772865295,-0.034989409148693085,0.49145954847335815,0.610197126865387,-0.008098655380308628,0.49198421835899353,0.566524863243103,-0.018704991787672043,0.49313196539878845,0.5395141243934631,-0.028445066884160042,0.49559903144836426,0.5158273577690125,-0.03554749861359596,0.5076545476913452,0.6048370599746704,-0.008783070370554924,0.5088397860527039,0.5545037388801575,-0.01680653728544712,0.5086159706115723,0.5237882137298584,-0.02398720569908619,0.5080886483192444,0.49725377559661865,-0.029322093352675438,0.5221899747848511,0.6084867119789124,-0.011810190975666046,0.5229252576828003,0.5626653432846069,-0.01870143599808216,0.5223782062530518,0.533811628818512,-0.02280455082654953,0.5211973786354065,0.5093061923980713,-0.026050221174955368,0.5372381806373596,0.6203347444534302,-0.016669578850269318,0.5384272336959839,0.5863280296325684,-0.02210829220712185,0.5370540022850037,0.5646917819976807,-0.023811502382159233,0.5343565940856934,0.5455443263053894,-0.02510703355073929
0.5135348439216614,0.7190449833869934,2.0426405455964414e-07,0.48276370763778687,0.7029829621315002,-0.014595812186598778,0.4621043801307678,0.6702134609222412,-0.022164296358823776,0.4608340561389923,0.6317819356918335,-0.02862914465367794,0.4751760959625244,0.6081354022026062,-0.03433195501565933,0.48623186349868774,0.6106566190719604,-0.008097951300442219,0.486924409866333,0.5656880736351013,-0.01818312145769596,0.48875728249549866,0.5383391976356506,-0.027676234021782875,0.4916166663169861,0.5143089890480042,-0.03470476716756821,0.5030190348625183,0.6058378219604492,-0.008182701654732227,0.504358172416687,0.5543595552444458,-0.015692047774791718,0.5043923258781433,0.5232419371604919,-0.02269168570637703,0.5040265917778015,0.4961782395839691,-0.027919579297304153,0.5179509520530701,0.6098973751068115,-0.010665331967175007,0.518893301486969,0.5632386803627014,-0.01716187410056591,0.5183322429656982,0.5336028933525085,-0.02114831656217575,0.5174245834350586,0.508629322052002,-0.024287642911076546,0.5338001251220703,0.6221371293067932,-0.015085423365235329,0.5346716046333313,0.5874665975570679,-0.02013196051120758,0.5333060622215271,0.5652726888656616,-0.021639559417963028,0.5310229063034058,0.5457705855369568,-0.022788187488913536
0.5091015696525574,0.7214648127555847,2.059625643369145e-07,0.47867974638938904,0.7050960063934326,-0.014507888816297054,0.458398699760437,0.6724605560302734,-0.02246646024286747,0.4563070833683014,0.6345822215080261,-0.029484756290912628,0.47098585963249207,0.6104835867881775,-0.035762522369623184,0.48243269324302673,0.6115796566009521,-0.0077201975509524345,0.4834674298763275,0.5665250420570374,-0.018078455701470375,0.4851885735988617,0.5391646027565002,-0.027778320014476776,0.4881901741027832,0.5151559710502625,-0.03498357906937599,0.4993710219860077,0.606382429599762,-0.008168226107954979,0.5010285377502441,0.5544784665107727,-0.015866072848439217,0.5011265873908997,0.5230535864830017,-0.022944753989577293,0.5007835626602173,0.4959145188331604,-0.028274642303586006,0.5145413279533386,0.6104603409767151,-0.011101598851382732,0.5154525637626648,0.5631914138793945,-0.01775956153869629,0.5149675607681274,0.5334187150001526,-0.021724624559283257,0.5139483213424683,0.5082413554191589,-0.024903325363993645,0.5303484797477722,0.6231194734573364,-0.015990443527698517,0.5313273668289185,0.5878106355667114,-0.021175578236579895,0.5301008224487305,0.5652850866317749,-0.022734900936484337,0.5278681516647339,0.5454980134963989,-0.023993777111172676
0.5080575942993164,0.722374439239502,2.0734856320814288e-07,0.4771645665168762,0.7063114047050476,-0.014676574617624283,0.45648980140686035,0.6737478375434875,-0.022837894037365913,0.454630970954895,0.6363485455513,-0.030028847977519035,0.46836018562316895,0.6114552021026611,-0.03654636815190315,0.48056837916374207,0.6129995584487915,-0.008602969348430634,0.4810011386871338,0.5682191252708435,-0.019438527524471283,0.48223984241485596,0.5403420329093933,-0.029420526698231697,0.4849759638309479,0.5159690976142883,-0.03673386946320534,0.4973643124103546,0.6073528528213501,-0.009092068299651146,0.4982370138168335,0.5553713440895081,-0.017093773931264877,0.4979518949985504,0.5232599973678589,-0.02430199831724167,0.49765995144844055,0.4957239031791687,-0.029734892770648003,0.5125028491020203,0.6111265420913696,-0.012067829258739948,0.5129505395889282,0.5637525916099548,-0.019006170332431793,0.5122389793395996,0.5336491465568542,-0.023312784731388092,0.5110974907875061,0.5083487033843994,-0.026752490550279617,0.5282489061355591,0.6233634352684021,-0.016996730118989944,0.529254138469696,0.58823162317276,-0.022585256025195122,0.5276018977165222,0.5658074617385864,-0.024532299488782883,0.5247610211372375,0.5461243391036987,-0.026049749925732613
0.5112996697425842,0.7230783700942993,2.0300099379255698e-07,0.48047465085983276,0.7084290385246277,-0.0153000857681036,0.45968788862228394,0.6753849983215332,-0.023243147879838943,0.45768919587135315,0.6361393332481384,-0.03001558966934681,0.47207897901535034,0.6117275953292847,-0.035960204899311066,0.48318496346473694,0.613403856754303,-0.008484063670039177,0.48428818583488464,0.5677435994148254,-0.018828703090548515,0.4855329692363739,0.539730429649353,-0.028342170640826225,0.4879522919654846,0.5156079530715942,-0.03542345017194748,0.49987146258354187,0.6073606610298157,-0.008477320894598961,0.5009192228317261,0.5548085570335388,-0.016211489215493202,0.5008254647254944,0.5230593681335449,-0.022866258397698402,0.5004801750183105,0.49603772163391113,-0.027827339246869087,0.5149043202400208,0.6110920310020447,-0.011048490181565285,0.5152606964111328,0.5628855228424072,-0.018009508028626442,0.5146952867507935,0.5330458879470825,-0.02186776138842106,0.5136741399765015,0.5076928734779358,-0.024875739589333534,0.5310261249542236,0.6237431168556213,-0.015635261312127113,0.5316046476364136,0.5877931118011475,-0.021377868950366974,0.5299049019813538,0.5653098225593567,-0.023198146373033524,0.5270978212356567,0.5455568432807922,-0.024533821269869804
0.512313187122345,0.7234358191490173,2.0205303030707e-07,0.48083898425102234,0.7091845273971558,-0.014308558776974678,0.4598926305770874,0.6761062741279602,-0.0216456800699234,0.45818018913269043,0.6379048824310303,-0.0279995109885931,0.4717426896095276,0.6136005520820618,-0.03376806899905205,0.4824422299861908,0.6150239109992981,-0.007872091606259346,0.48300424218177795,0.5701329708099365,-0.0179878119379282,0.48422971367836,0.5422940254211426,-0.02746017463505268,0.4866149425506592,0.5181555151939392,-0.03460362181067467,0.49944111704826355,0.6088756322860718,-0.008501811884343624,0.5000030994415283,0.5567045211791992,-0.016218509525060654,0.4994204342365265,0.5248028635978699,-0.023362038657069206,0.4985808730125427,0.49741148948669434,-0.028814438730478287,0.5146429538726807,0.6126865148544312,-0.01157467346638441,0.5147569179534912,0.5645716190338135,-0.018737297505140305,0.5136820077896118,0.534262478351593,-0.023311039432883263,0.5120739936828613,0.5084116458892822,-0.026952112093567848,0.5307193994522095,0.6251650452613831,-0.016492579132318497,0.5311693549156189,0.5895084142684937,-0.022595886141061783,0.5293803215026855,0.5668283104896545,-0.024785367771983147,0.526492714881897,0.5466381311416626,-0.026501324027776718
0.511378824710846,0.7234049439430237,2.0090662644633994e-07,0.48059165477752686,0.7079187631607056,-0.013994323089718819,0.4602935016155243,0.6751583218574524,-0.021409975364804268,0.4586362838745117,0.6371641755104065,-0.027967164292931557,0.4723302721977234,0.6126585006713867,-0.0338624007999897,0.48289254307746887,0.6138691306114197,-0.006655732169747353,0.4835897386074066,0.5693344473838806,-0.016672875732183456,0.48468708992004395,0.5418705344200134,-0.026164932176470757,0.4871465265750885,0.5180798172950745,-0.03330055996775627,0.4997771680355072,0.6082502603530884,-0.007372195832431316,0.5004783272743225,0.5567373037338257,-0.014941969886422157,0.5001170039176941,0.5252135396003723,-0.02209012769162655,0.4995640814304352,0.49832236766815186,-0.027503501623868942,0.5150216817855835,0.6122174859046936,-0.010596650652587414,0.5151286125183105,0.5651062726974487,-0.017483284696936607,0.5140790939331055,0.53533935546875,-0.021771209314465523,0.5126532316207886,0.5099361538887024,-0.025196364149451256,0.5311926007270813,0.6246200799942017,-0.015688719227910042,0.5317906141281128,0.5895471572875977,-0.021392202004790306,0.5302976369857788,0.5671346783638,-0.02333034947514534,0.5277342200279236,0.5470998287200928,-0.02484441176056862
0.5104685425758362,0.7252326607704163,1.9513491622547008e-07,0.4790681004524231,0.7114789485931396,-0.014494496397674084,0.45760005712509155,0.6791335344314575,-0.0219020526856184,0.455190509557724,0.6402111053466797,-0.028291599825024605,0.4692226052284241,0.6157428026199341,-0.0338473916053772,0.4810749888420105,0.6159416437149048,-0.006748122628778219,0.4813912510871887,0.5706779956817627,-0.016474194824695587,0.4825298488140106,0.5429922342300415,-0.025709984824061394,0.48497477173805237,0.5191637873649597,-0.03262588754296303,0.49802130460739136,0.6095466613769531,-0.006903945934027433,0.4982684850692749,0.5576799511909485,-0.014012238942086697,0.4977473020553589,0.5262911915779114,-0.02043292298913002,0.4972061812877655,0.4996747374534607,-0.025306502357125282,0.5131416320800781,0.6127374768257141,-0.009637456387281418,0.5128117799758911,0.5655063986778259,-0.015880640596151352,0.5115501880645752,0.5361131429672241,-0.019280465319752693,0.5100159645080566,0.5111562609672546,-0.022125359624624252,0.5292084813117981,0.6245464086532593,-0.01437244564294815,0.5294962525367737,0.5896489024162292,-0.01935078203678131,0.5276421308517456,0.5678126811981201,-0.02068384177982807,0.5247786045074463,0.5485190749168396,-0.02176966704428196
0.5111242532730103,0.7246477007865906,2.0465668626457045e-07,0.4800025522708893,0.7106925249099731,-0.015080965124070644,0.45875945687294006,0.6780390739440918,-0.02270042896270752,0.45630770921707153,0.6390012502670288,-0.029225319623947144,0.47027599811553955,0.6148823499679565,-0.035008255392313004,0.48106682300567627,0.6163063645362854,-0.007734606042504311,0.48143067955970764,0.5712516903877258,-0.017864853143692017,0.48273766040802,0.5434517860412598,-0.027329254895448685,0.4854467809200287,0.5193215608596802,-0.034425728023052216,0.49790826439857483,0.6097462773323059,-0.00783201027661562,0.49796372652053833,0.5580072402954102,-0.01543590147048235,0.49755117297172546,0.5264339447021484,-0.022245675325393677,0.49718397855758667,0.4993326663970947,-0.02739785797894001,0.5130828619003296,0.6129397749900818,-0.010530119761824608,0.5125861763954163,0.5658218860626221,-0.017514806240797043,0.5112971067428589,0.5361934304237366,-0.021654577925801277,0.5097617506980896,0.5107690095901489,-0.024924742057919502,0.5293716192245483,0.6248579025268555,-0.015217145904898643,0.5293350219726562,0.5897260308265686,-0.02104777656495571,0.527420163154602,0.5675839781761169,-0.023036742582917213,0.5245069861412048,0.5478881597518921,-0.024558715522289276
0.5101061463356018,0.7248673439025879,2.0585746085544088e-07,0.4791848957538605,0.7107724547386169,-0.014657866209745407,0.4580966830253601,0.6783514022827148,-0.022531073540449142,0.4556587338447571,0.6401929259300232,-0.02940361388027668,0.46932199597358704,0.6148771643638611,-0.03554164618253708,0.4813804030418396,0.6162970066070557,-0.007887940853834152,0.48193129897117615,0.5714312791824341,-0.018252449110150337,0.4830058217048645,0.5435947179794312,-0.027834637090563774,0.4855319559574127,0.5194896459579468,-0.03494579344987869,0.4980953633785248,0.6101992130279541,-0.008349016308784485,0.4983033239841461,0.5580922365188599,-0.01613711751997471,0.4975627064704895,0.5259610414505005,-0.02305215410888195,0.4967961311340332,0.4986104965209961,-0.028256705030798912,0.5131007432937622,0.6137354969978333,-0.011343761347234249,0.5128872990608215,0.5663201808929443,-0.018288003280758858,0.5116949081420898,0.536371111869812,-0.02226080372929573,0.5101644396781921,0.5108363032341003,-0.025457873940467834,0.5291252732276917,0.6257829666137695,-0.016285212710499763,0.5295417904853821,0.5906155705451965,-0.021911408752202988,0.5279151797294617,0.568325400352478,-0.023665687069296837,0.5252200961112976,0.5485548377037048,-0.025043703615665436
0.511099636554718,0.7259799838066101,2.1022934504344448e-07,0.47952139377593994,0.7115300297737122,-0.015005283057689667,0.4582795798778534,0.6786510944366455,-0.02267002873122692,0.45610302686691284,0.6398656964302063,-0.029226558282971382,0.4698212146759033,0.6149054169654846,-0.03501136600971222,0.4812272787094116,0.6170398592948914,-0.007819104939699173,0.48181769251823425,0.5718709230422974,-0.0181412436068058,0.4832548499107361,0.5438687205314636,-0.0277421772480011,0.4860406219959259,0.5196167230606079,-0.03482626751065254,0.49806201457977295,0.6109439134597778,-0.007922499440610409,0.4982661008834839,0.5587889552116394,-0.015732282772660255,0.4977443218231201,0.526763916015625,-0.02270137518644333,0.49712783098220825,0.4993783235549927,-0.027871906757354736,0.5132037401199341,0.6142848134040833,-0.010589159093797207,0.5130658149719238,0.5670276880264282,-0.01758994534611702,0.5120184421539307,0.536960244178772,-0.021592551842331886,0.5105950832366943,0.5114292502403259,-0.024691792204976082,0.5294206738471985,0.6261090040206909,-0.015229000709950924,0.5296165347099304,0.5908531546592712,-0.02077612467110157,0.5279755592346191,0.5684735774993896,-0.022397063672542572,0.5252966284751892,0.5486897826194763,-0.02361571043729782
0.510248601436615,0.7253943681716919,2.005455570497361e-07,0.47934824228286743,0.7113087177276611,-0.014613760635256767,0.4586474299430847,0.6782245635986328,-0.02209802158176899,0.45655837655067444,0.6396454572677612,-0.028611836954951286,0.4706340432167053,0.6155761480331421,-0.034433815628290176,0.481290340423584,0.6168038249015808,-0.00743114436045289,0.48157623410224915,0.5719960927963257,-0.017633188515901566,0.4829463064670563,0.544254720211029,-0.027158690616488457,0.4858175218105316,0.5201563835144043,-0.03426523506641388,0.49800583720207214,0.6104852557182312,-0.007740604225546122,0.4979909062385559,0.5587816834449768,-0.015382684767246246,0.4975424110889435,0.5269453525543213,-0.022210758179426193,0.49711281061172485,0.49980980157852173,-0.027371149510145187,0.513110339641571,0.6137685179710388,-0.010620612651109695,0.5127042531967163,0.5666501522064209,-0.01752108335494995,0.5115968585014343,0.5367758870124817,-0.021633127704262733,0.5101462006568909,0.5113344788551331,-0.02491496503353119,0.5291175246238708,0.6256044507026672,-0.015457590110599995,0.5293692350387573,0.59046870470047,-0.021195033565163612,0.5276797413825989,0.5681440830230713,-0.02320096641778946,0.5248614549636841,0.5483407378196716,-0.024770772084593773
0.5105827450752258,0.7263174653053284,2.0516331744602212e-07,0.47920581698417664,0.7112367153167725,-0.014769092202186584,0.4585334360599518,0.6781362295150757,-0.02241355925798416,0.45612916350364685,0.6396514773368835,-0.029098840430378914,0.4703722298145294,0.615257978439331,-0.03506995737552643,0.48139289021492004,0.6164512634277344,-0.007186317350715399,0.4820343852043152,0.5719923973083496,-0.01756567507982254,0.483460009098053,0.544270932674408,-0.027386130765080452,0.48631200194358826,0.519993782043457,-0.03472558408975601,0.49827393889427185,0.6101823449134827,-0.0075208996422588825,0.49860820174217224,0.5585860013961792,-0.015302522107958794,0.4980628788471222,0.526581346988678,-0.02241247333586216,0.49738946557044983,0.4990392029285431,-0.027772989124059677,0.5135910511016846,0.6136856079101562,-0.01046509575098753,0.5134069919586182,0.5664230585098267,-0.01748598925769329,0.512279748916626,0.5362323522567749,-0.021702950820326805,0.5106770992279053,0.5103868246078491,-0.02502216212451458,0.5296984314918518,0.6259099245071411,-0.015388310886919498,0.5299240350723267,0.590619683265686,-0.02121168002486229,0.5281162261962891,0.5680052042007446,-0.02317158132791519,0.5251850485801697,0.5478829741477966,-0.02465847134590149
0.5097073912620544,0.7260587215423584,2.0172915071725583e-07,0.47833847999572754,0.7116847038269043,-0.01483917236328125,0.4575279653072357,0.6787354350090027,-0.022484736517071724,0.45549455285072327,0.6396394968032837,-0.02914145030081272,0.47022518515586853,0.6148602366447449,-0.03501789644360542,0.4808499813079834,0.6169558167457581,-0.006984714884310961,0.4815181791782379,0.5722379684448242,-0.01717819832265377,0.4828789234161377,0.5445659160614014,-0.026843780651688576,0.4856562912464142,0.5204169750213623,-0.034070659428834915,0.4978370666503906,0.6105718612670898,-0.007189356256276369,0.49821603298187256,0.5588889718055725,-0.014690727926790714,0.4975771903991699,0.5269205570220947,-0.021641641855239868,0.4968028962612152,0.49946194887161255,-0.02693263813853264,0.513011634349823,0.6139701008796692,-0.010010899044573307,0.5128831267356873,0.5671830773353577,-0.01668158359825611,0.5117564797401428,0.5373436212539673,-0.02061930112540722,0.510303795337677,0.5117626786231995,-0.023831602185964584,0.5291445255279541,0.6260029077529907,-0.01484700571745634,0.5294086933135986,0.591114342212677,-0.020219935104250908,0.5277264714241028,0.5690059661865234,-0.021907540038228035,0.5249981880187988,0.5493494272232056,-0.023273807018995285
0.5103797912597656,0.7261796593666077,2.072373490591417e-07,0.4792736768722534,0.7118737697601318,-0.015127523802220821,0.45849964022636414,0.6788272857666016,-0.023069005459547043,0.4561270475387573,0.6400760412216187,-0.029942601919174194,0.47048521041870117,0.6157802939414978,-0.03607655316591263,0.48115724325180054,0.6174793243408203,-0.008265064097940922,0.4817548096179962,0.572350025177002,-0.018822461366653442,0.483082115650177,0.5443562865257263,-0.028590604662895203,0.48580557107925415,0.5199458003044128,-0.035821132361888885,0.4978594183921814,0.6111665964126587,-0.00839014071971178,0.49824368953704834,0.5591135621070862,-0.016296152025461197,0.49786078929901123,0.5270265340805054,-0.023246806114912033,0.4973713159561157,0.49944281578063965,-0.02846219763159752,0.5130503177642822,0.6144602298736572,-0.011079543270170689,0.512859582901001,0.5670859813690186,-0.018007146194577217,0.5119761824607849,0.5369173288345337,-0.022029226645827293,0.5106600522994995,0.511198878288269,-0.025216955691576004,0.5292273163795471,0.6263626217842102,-0.015781475231051445,0.5293948650360107,0.5907697677612305,-0.021345023065805435,0.5276183485984802,0.5681220293045044,-0.023152735084295273,0.5247287750244141,0.5481783747673035,-0.024555467069149017
0.5103272199630737,0.7267559170722961,2.0353465401967696e-07,0.478793740272522,0.7125192880630493,-0.014901637099683285,0.4577562212944031,0.6791199445724487,-0.022527307271957397,0.45575088262557983,0.6398826837539673,-0.029117943719029427,0.4701031446456909,0.6160362958908081,-0.035015739500522614,0.4808260202407837,0.6174390316009521,-0.007983182556927204,0.4814167022705078,0.5724689364433289,-0.018336692824959755,0.48275208473205566,0.5446476340293884,-0.02802378498017788,0.4854081869125366,0.5203556418418884,-0.03523292765021324,0.49772125482559204,0.6110780835151672,-0.008234997279942036,0.4980520009994507,0.5591159462928772,-0.015992695465683937,0.4973628520965576,0.526954174041748,-0.022992147132754326,0.4966205358505249,0.4993792772293091,-0.02825498953461647,0.512946367263794,0.6143797636032104,-0.011025125160813332,0.5127723813056946,0.5670393705368042,-0.017922373488545418,0.5115472674369812,0.5369651913642883,-0.0220949724316597,0.5100087523460388,0.5112863779067993,-0.025392059236764908,0.5290000438690186,0.62641441822052,-0.015801213681697845,0.5290930867195129,0.5910502672195435,-0.02138434536755085,0.5272175073623657,0.5685845017433167,-0.023238442838191986,0.524440586566925,0.5487267374992371,-0.02467743307352066
0.5109063982963562,0.7269010543823242,2.0221149554799922e-07,0.47930431365966797,0.7130842208862305,-0.015078345313668251,0.45794034004211426,0.6797559857368469,-0.02285374328494072,0.4557684361934662,0.6407586932182312,-0.029555613175034523,0.46997344493865967,0.6161815524101257,-0.035560209304094315,0.48108577728271484,0.6181790828704834,-0.008400441147387028,0.481494665145874,0.5732396841049194,-0.018962422385811806,0.4827795624732971,0.5452748537063599,-0.028783926740288734,0.4854205250740051,0.5207030177116394,-0.03611072525382042,0.49797725677490234,0.6116993427276611,-0.008663948625326157,0.49811097979545593,0.5597374439239502,-0.01658528484404087,0.49752292037010193,0.5274425745010376,-0.02372588776051998,0.49686577916145325,0.49956214427948,-0.029133109375834465,0.5132519602775574,0.6150242686271667,-0.011470947414636612,0.5129905343055725,0.5674851536750793,-0.018585501238703728,0.5120312571525574,0.5370539426803589,-0.02291310578584671,0.5106266140937805,0.510922908782959,-0.026356149464845657,0.5294196009635925,0.6269586086273193,-0.01625761017203331,0.529473602771759,0.5916515588760376,-0.022166956216096878,0.527603268623352,0.569162905216217,-0.024221373721957207,0.5246729254722595,0.549155056476593,-0.025811564177274704
0.5102599859237671,0.7268810868263245,2.0806673717288504e-07,0.4791654348373413,0.7127209901809692,-0.015006101690232754,0.45796114206314087,0.6799989342689514,-0.022931087762117386,0.45581015944480896,0.6414820551872253,-0.029789231717586517,0.4697059988975525,0.6166380047798157,-0.03593425452709198,0.48040953278541565,0.6177857518196106,-0.008482582867145538,0.4806841015815735,0.5726919174194336,-0.019147038459777832,0.4821717441082001,0.5448045134544373,-0.029022781178355217,0.485115110874176,0.5203768014907837,-0.036309391260147095,0.497286319732666,0.6116062998771667,-0.008776412345468998,0.49742910265922546,0.5594956278800964,-0.01668452098965645,0.49709653854370117,0.5273153185844421,-0.023740572854876518,0.496827095746994,0.4995982348918915,-0.02905537746846676,0.5126402378082275,0.615045964717865,-0.011611299589276314,0.5125119686126709,0.5675901770591736,-0.018583189696073532,0.5117581486701965,0.5374178886413574,-0.022631049156188965,0.5106711387634277,0.5115951895713806,-0.02587173692882061,0.5290005207061768,0.6269479393959045,-0.016442110762000084,0.5291786193847656,0.5915107131004333,-0.022078590467572212,0.5274834632873535,0.5691192150115967,-0.023825760930776596,0.5247011184692383,0.5493277311325073,-0.025185223668813705
0.511704683303833,0.7265415191650391,2.0415198775936005e-07,0.4801085293292999,0.7123889327049255,-0.014510132372379303,0.45890557765960693,0.6796711087226868,-0.021991567686200142,0.45628875494003296,0.640653133392334,-0.028513411059975624,0.4705086052417755,0.6160882711410522,-0.03425700590014458,0.48136764764785767,0.617712676525116,-0.00699980603531003,0.4815979599952698,0.5723732113838196,-0.01711428165435791,0.4830154478549957,0.544511616230011,-0.02669852040708065,0.4859129786491394,0.5203285217285156,-0.03380978852510452,0.4981471598148346,0.6112498044967651,-0.007267800159752369,0.4981057047843933,0.5591083765029907,-0.014612969942390919,0.49773234128952026,0.5271850824356079,-0.021359752863645554,0.4973779618740082,0.499862939119339,-0.02647036500275135,0.5133765935897827,0.614376962184906,-0.01009067427366972,0.5129804015159607,0.5667617321014404,-0.01654678024351597,0.5120615363121033,0.5366345643997192,-0.020255425944924355,0.5108710527420044,0.5110470652580261,-0.023288480937480927,0.5297403931617737,0.6260766386985779,-0.014897910878062248,0.5297407507896423,0.5907490849494934,-0.02005276456475258,0.5278633236885071,0.568391740322113,-0.021484067663550377,0.5249632596969604,0.5486868023872375,-0.022632800042629242
0.5105907917022705,0.7272888422012329,2.0100284814361657e-07,0.47907117009162903,0.7122860550880432,-0.013913769274950027,0.4581810534000397,0.6793022751808167,-0.021151619032025337,0.4560195803642273,0.6405629515647888,-0.027573922649025917,0.4704079031944275,0.6158006191253662,-0.03330255672335625,0.48119181394577026,0.6178324222564697,-0.0062772189266979694,0.481867253780365,0.5729048252105713,-0.016249774023890495,0.4832371473312378,0.5452475547790527,-0.025828000158071518,0.4859309196472168,0.5211180448532104,-0.03301960602402687,0.49794521927833557,0.6115426421165466,-0.006997095886617899,0.49833959341049194,0.5593520402908325,-0.014313672669231892,0.4978231191635132,0.5273326635360718,-0.021254267543554306,0.4971056580543518,0.4999464750289917,-0.02656240202486515,0.5130741596221924,0.6150000095367432,-0.010246890597045422,0.5130310654640198,0.566990852355957,-0.016840225085616112,0.5119248628616333,0.5367298126220703,-0.020797479897737503,0.5104737281799316,0.5109530091285706,-0.024041246622800827,0.5292706489562988,0.6270909309387207,-0.015411787666380405,0.5296086072921753,0.5915436148643494,-0.020795397460460663,0.5279885530471802,0.5688524842262268,-0.02241666056215763,0.5253766179084778,0.5486998558044434,-0.02374730259180069
0.5106920003890991,0.7269109487533569,1.969301166582227e-07,0.4795698821544647,0.712321937084198,-0.013569931499660015,0.4586516320705414,0.6790239810943604,-0.020732557401061058,0.4564427137374878,0.6403894424438477,-0.027113348245620728,0.47075024247169495,0.6162934303283691,-0.03283853828907013,0.481081485748291,0.6172070503234863,-0.006495107430964708,0.48169445991516113,0.5723448395729065,-0.016334284096956253,0.4833241105079651,0.5450483560562134,-0.02577727474272251,0.4863157868385315,0.5211727619171143,-0.03291016444563866,0.4979648292064667,0.6111899018287659,-0.007400576025247574,0.4984508752822876,0.5593275427818298,-0.014582142233848572,0.49821141362190247,0.5276623964309692,-0.021404419094324112,0.4977964758872986,0.5004853010177612,-0.026692936196923256,0.5131179094314575,0.6149156093597412,-0.010761560872197151,0.513048529624939,0.5672996640205383,-0.017181966453790665,0.5119730234146118,0.5373528599739075,-0.02111341618001461,0.5106194615364075,0.5117956399917603,-0.024439509958028793,0.5292326211929321,0.6272649168968201,-0.016010425984859467,0.5293758511543274,0.5918909311294556,-0.021390574052929878,0.5276146531105042,0.5693524479866028,-0.023131689056754112,0.5249179601669312,0.5492870211601257,-0.02460063062608242
0.5096961259841919,0.7274169325828552,1.9999401956738438e-07,0.4787282347679138,0.7130798101425171,-0.014310469850897789,0.4577920436859131,0.6801556944847107,-0.021877117455005646,0.45545315742492676,0.6415074467658997,-0.028531473129987717,0.4697722792625427,0.6172852516174316,-0.03453925997018814,0.48050352931022644,0.6182504892349243,-0.007402079179883003,0.4812219738960266,0.5735712647438049,-0.017585119232535362,0.48263660073280334,0.5460825562477112,-0.027277907356619835,0.4854433238506317,0.5219377279281616,-0.034544963389635086,0.4973844885826111,0.6120463013648987,-0.007987826131284237,0.4980437159538269,0.560075044631958,-0.015319018624722958,0.49762144684791565,0.5282334685325623,-0.022287307307124138,0.4970938563346863,0.5008115768432617,-0.027688398957252502,0.5125926733016968,0.6154584288597107,-0.011054194532334805,0.5128090381622314,0.5682885646820068,-0.01749313808977604,0.5118302702903748,0.5382490754127502,-0.021487364545464516,0.510520339012146,0.5125846862792969,-0.024873949587345123,0.5285673141479492,0.627514660358429,-0.016076408326625824,0.5289812684059143,0.5924925208091736,-0.021290408447384834,0.5275081992149353,0.5701521635055542,-0.022922338917851448,0.5250159502029419,0.5502892136573792,-0.024339832365512848
0.5105600953102112,0.7264491319656372,1.9915451332508383e-07,0.47964030504226685,0.7123745083808899,-0.014287302270531654,0.45863619446754456,0.6796197891235352,-0.02188766375184059,0.45664823055267334,0.6405160427093506,-0.028573453426361084,0.4709568917751312,0.6161686182022095,-0.03454343229532242,0.48137083649635315,0.6173762679100037,-0.00747420359402895,0.4818076193332672,0.5723661184310913,-0.017575856298208237,0.48333123326301575,0.5450102090835571,-0.027124851942062378,0.4863392114639282,0.520984947681427,-0.03427361324429512,0.4981025457382202,0.6109883189201355,-0.008080452680587769,0.4983818531036377,0.558991014957428,-0.015383683145046234,0.4979619085788727,0.5271416902542114,-0.022108839824795723,0.4977165460586548,0.49987679719924927,-0.027290690690279007,0.5132140517234802,0.6143927574157715,-0.011179345659911633,0.5131129622459412,0.5666965842247009,-0.017607538029551506,0.512129008769989,0.5367295742034912,-0.021335946395993233,0.5109831690788269,0.5110985040664673,-0.02451089397072792,0.5293747186660767,0.6264680624008179,-0.016249356791377068,0.5296951532363892,0.5910717844963074,-0.021547362208366394,0.5279866456985474,0.5687879323959351,-0.023105869069695473,0.5252124071121216,0.5491057634353638,-0.02440689690411091
0.5101773142814636,0.7266759872436523,2.0230370978424617e-07,0.4795722961425781,0.7123362421989441,-0.014527248218655586,0.4588310122489929,0.6795108914375305,-0.022270625457167625,0.4567984342575073,0.6401536464691162,-0.02908325009047985,0.47148212790489197,0.616356372833252,-0.03519893437623978,0.4815898537635803,0.6174653172492981,-0.007642136421054602,0.4822160601615906,0.5727582573890686,-0.017869707196950912,0.48388737440109253,0.5454954504966736,-0.02755332924425602,0.4871089458465576,0.5212787389755249,-0.0348428413271904,0.49840569496154785,0.6111950278282166,-0.008241860195994377,0.4987628161907196,0.5593634247779846,-0.01565765030682087,0.49848175048828125,0.5275493860244751,-0.022441525012254715,0.49837151169776917,0.499938428401947,-0.027704378589987755,0.5135248899459839,0.6148618459701538,-0.01137190219014883,0.5135874152183533,0.5674191117286682,-0.017996694892644882,0.5126510262489319,0.5375930070877075,-0.021790260449051857,0.5115622282028198,0.511830747127533,-0.02501934953033924,0.5297304391860962,0.6272850632667542,-0.01649634726345539,0.5300605297088623,0.592104971408844,-0.021979188546538353,0.528383731842041,0.5699620842933655,-0.02365020476281643,0.525555431842804,0.5502275824546814,-0.02506258711218834
0.5098824501037598,0.7273701429367065,1.9818166663299053e-07,0.4792260229587555,0.7132055759429932,-0.014402340166270733,0.4586559236049652,0.6800108551979065,-0.021991118788719177,0.45709237456321716,0.6410120725631714,-0.02866489812731743,0.47172021865844727,0.6169961094856262,-0.03462233766913414,0.4813397526741028,0.6179749965667725,-0.007524117827415466,0.48192745447158813,0.5732387900352478,-0.017759857699275017,0.4835555851459503,0.545873761177063,-0.027409816160798073,0.48666834831237793,0.521774172782898,-0.03461889177560806,0.4982233941555023,0.6118103861808777,-0.00807840283960104,0.4986901879310608,0.5600730776786804,-0.015529027208685875,0.49828073382377625,0.5282500982284546,-0.022299552336335182,0.49795955419540405,0.5009170174598694,-0.027481919154524803,0.5132942199707031,0.6154234409332275,-0.011152473278343678,0.5134093165397644,0.5680352449417114,-0.017718112096190453,0.5123575329780579,0.5381513237953186,-0.021441344171762466,0.5112563371658325,0.5124247074127197,-0.024582233279943466,0.5294195413589478,0.6276137828826904,-0.016214899718761444,0.5298693180084229,0.5924139618873596,-0.021581439301371574,0.5282156467437744,0.5702486038208008,-0.02315940335392952,0.525537371635437,0.55045086145401,-0.024473626166582108
0.5101301074028015,0.7280043959617615,2.0309357751102652e-07,0.4791743755340576,0.7131404280662537,-0.014752964489161968,0.45887497067451477,0.6801348328590393,-0.022650141268968582,0.45733514428138733,0.6413264274597168,-0.029589593410491943,0.4717034101486206,0.6163996458053589,-0.035851407796144485,0.4815540611743927,0.618731677532196,-0.008008113130927086,0.48245447874069214,0.5737241506576538,-0.018547305837273598,0.48419710993766785,0.546057939529419,-0.028371324762701988,0.4873415231704712,0.5216047763824463,-0.035730935633182526,0.49852025508880615,0.612600564956665,-0.008595706894993782,0.49933719635009766,0.5605468153953552,-0.01652614213526249,0.4991210699081421,0.5285265445709229,-0.023798754438757896,0.4987857937812805,0.5006352663040161,-0.02934582158923149,0.513594388961792,0.6162997484207153,-0.011701579205691814,0.5138576030731201,0.568843424320221,-0.01883098855614662,0.5128273367881775,0.5388079881668091,-0.023057566955685616,0.5116233825683594,0.512688398361206,-0.026507718488574028,0.5297486782073975,0.628669798374176,-0.016768520697951317,0.5300840139389038,0.5932696461677551,-0.02259073592722416,0.5285310745239258,0.5707190036773682,-0.024497877806425095,0.5259939432144165,0.5504184365272522,-0.02604685351252556
0.5103952884674072,0.7281145453453064,2.0263212263671448e-07,0.4796026051044464,0.7133933305740356,-0.014415889978408813,0.4588829576969147,0.6804937720298767,-0.02220284193754196,0.4570627212524414,0.6416171193122864,-0.02908579260110855,0.47159528732299805,0.6174411177635193,-0.03539475426077843,0.48148059844970703,0.6188504695892334,-0.008257709443569183,0.48263952136039734,0.5738513469696045,-0.018811963498592377,0.48431283235549927,0.5460806488990784,-0.028629712760448456,0.4873184263706207,0.5215525031089783,-0.036014657467603683,0.49833452701568604,0.612555742263794,-0.009086884558200836,0.49929124116897583,0.5602606534957886,-0.017033645883202553,0.49896296858787537,0.5281253457069397,-0.024253373965620995,0.4984506070613861,0.500332772731781,-0.02976720780134201,0.5135646462440491,0.6162482500076294,-0.012367953546345234,0.513816237449646,0.5681846141815186,-0.019573748111724854,0.512863039970398,0.5378506779670715,-0.02389885112643242,0.5116177797317505,0.5114755034446716,-0.027421412989497185,0.5297104120254517,0.6288195848464966,-0.01756046526134014,0.5299942493438721,0.5931352972984314,-0.023618008941411972,0.5284537076950073,0.5702903866767883,-0.025667579844594002,0.525924563407898,0.5497559309005737,-0.027304857969284058
0.5113338232040405,0.7277376651763916,2.0097635911042744e-07,0.4807708263397217,0.7129538655281067,-0.013618776574730873,0.45957446098327637,0.6792212128639221,-0.02079949527978897,0.4574282467365265,0.6402336955070496,-0.027183502912521362,0.4722083806991577,0.6167801022529602,-0.03295580670237541,0.4817509353160858,0.6180411577224731,-0.00724939676001668,0.48248642683029175,0.573070764541626,-0.017344757914543152,0.48412826657295227,0.5453433990478516,-0.02685709483921528,0.48715800046920776,0.5211194753646851,-0.03398602083325386,0.498599112033844,0.6118470430374146,-0.00810873694717884,0.4990566670894623,0.5598087310791016,-0.01544097438454628,0.498941034078598,0.5277690291404724,-0.022160088643431664,0.4987589120864868,0.5002099275588989,-0.027302080765366554,0.514008104801178,0.6152477860450745,-0.011373111046850681,0.5139368772506714,0.5675712823867798,-0.017888488247990608,0.5131195187568665,0.5372627377510071,-0.02181181311607361,0.5119560360908508,0.51139235496521,-0.025071881711483,0.5303496718406677,0.6272498965263367,-0.016527816653251648,0.5306532382965088,0.5919584035873413,-0.021922260522842407,0.5288606882095337,0.5694588422775269,-0.023628344759345055,0.5260180234909058,0.5495728254318237,-0.025034382939338684
0.5105575919151306,0.7285270690917969,2.0941691047937638e-07,0.47986942529678345,0.713516354560852,-0.014985494315624237,0.4597163200378418,0.6806545257568359,-0.023225845769047737,0.45818445086479187,0.6430320739746094,-0.03044661320745945,0.47122278809547424,0.6170597076416016,-0.037024352699518204,0.4818921983242035,0.6197104454040527,-0.009262814186513424,0.4823700487613678,0.5744468569755554,-0.020379606634378433,0.4838196039199829,0.5463747978210449,-0.03046727553009987,0.4866749346256256,0.5216052532196045,-0.03782521188259125,0.49857836961746216,0.61387038230896,-0.009730230085551739,0.49926647543907166,0.5614304542541504,-0.018182942643761635,0.4990133047103882,0.5290389657020569,-0.025704508647322655,0.49868252873420715,0.500827431678772,-0.031277135014534,0.513922393321991,0.6173877120018005,-0.012654014863073826,0.5141305923461914,0.569464385509491,-0.020132379606366158,0.5134052634239197,0.53895103931427,-0.024577878415584564,0.5122427940368652,0.5127012133598328,-0.027993546798825264,0.530140221118927,0.629301905632019,-0.017513608559966087,0.5305156707763672,0.5933860540390015,-0.02355973795056343,0.5288653373718262,0.5705776214599609,-0.02552473172545433,0.5260153412818909,0.5504313111305237,-0.026960447430610657
0.5104705095291138,0.7309262752532959,2.143462296544385e-07,0.47939467430114746,0.715586245059967,-0.015587076544761658,0.45856839418411255,0.6831144094467163,-0.024216439574956894,0.4562470018863678,0.6455323696136475,-0.03173849731683731,0.4699135422706604,0.61954265832901,-0.038493264466524124,0.4820804297924042,0.6208509802818298,-0.009326978586614132,0.4827083647251129,0.5754666924476624,-0.020627247169613838,0.48400840163230896,0.5472870469093323,-0.030884794890880585,0.48672524094581604,0.5225057005882263,-0.038343898952007294,0.4989034831523895,0.6148239970207214,-0.00953136757016182,0.4997408986091614,0.5621402263641357,-0.01802212744951248,0.4992535710334778,0.5294521450996399,-0.025388965383172035,0.49865710735321045,0.5011583566665649,-0.03079815022647381,0.5142661929130554,0.618402361869812,-0.012315863743424416,0.5145272612571716,0.5702674388885498,-0.01973610930144787,0.5138741731643677,0.5398348569869995,-0.023823626339435577,0.5128269195556641,0.5137346386909485,-0.02694006823003292,0.5304068922996521,0.6304967403411865,-0.01712813228368759,0.5309802293777466,0.5948171615600586,-0.023014895617961884,0.5294526219367981,0.5721719264984131,-0.024701809510588646,0.5268076658248901,0.552130401134491,-0.025886811316013336
0.5100265145301819,0.7310187220573425,2.0970480818505166e-07,0.4785446524620056,0.7161022424697876,-0.015934424474835396,0.45740094780921936,0.6837232708930969,-0.024277962744235992,0.45556163787841797,0.6452503204345703,-0.03136992081999779,0.4689396619796753,0.6194640398025513,-0.037708982825279236,0.48119813203811646,0.6214858293533325,-0.009415924549102783,0.48153653740882874,0.5764860510826111,-0.020399296656250954,0.4827139973640442,0.5482978820800781,-0.03051134943962097,0.48524656891822815,0.5232921838760376,-0.03794659301638603,0.49811026453971863,0.6149906516075134,-0.009353040717542171,0.498762845993042,0.5627999901771545,-0.0177831519395113,0.49820002913475037,0.5302727222442627,-0.025316638872027397,0.49762389063835144,0.5018410086631775,-0.030887261033058167,0.5133283734321594,0.6182118654251099,-0.01186221931129694,0.5137410759925842,0.5709656476974487,-0.019386621192097664,0.5130175352096558,0.5404839515686035,-0.023889651522040367,0.5118372440338135,0.514287531375885,-0.027294250205159187,0.5293270349502563,0.6300520896911621,-0.016402315348386765,0.5300688743591309,0.5946305990219116,-0.0224258154630661,0.5285607576370239,0.5720058679580688,-0.024403855204582214,0.5258727669715881,0.5519235730171204,-0.02582528255879879
0.5114007592201233,0.7323713898658752,2.1456419574406027e-07,0.47933223843574524,0.7179561257362366,-0.01626243256032467,0.45782962441444397,0.6859229803085327,-0.024989664554595947,0.4554016590118408,0.6479056477546692,-0.03245731443166733,0.4686136841773987,0.620908796787262,-0.03908958658576012,0.48194289207458496,0.6234813332557678,-0.009559308178722858,0.4819011986255646,0.5777607560157776,-0.020866725593805313,0.4833831787109375,0.5495224595069885,-0.03110724873840809,0.486397385597229,0.5246411561965942,-0.03858262673020363,0.49882903695106506,0.6168882846832275,-0.009383324533700943,0.49908241629600525,0.5644954442977905,-0.018101992085576057,0.4989124834537506,0.5320304036140442,-0.02569284662604332,0.4988096356391907,0.5037625432014465,-0.03126730024814606,0.5141407251358032,0.6200690865516663,-0.011872864328324795,0.514061450958252,0.5719100832939148,-0.019789254292845726,0.5133640766143799,0.5414603352546692,-0.024377528578042984,0.5121991634368896,0.5151925683021545,-0.027791758999228477,0.5303285717964172,0.631817638874054,-0.016397112980484962,0.531054675579071,0.5962334275245667,-0.022944163531064987,0.5291702747344971,0.5737285614013672,-0.02520490437746048,0.5258315205574036,0.5537351965904236,-0.026759494096040726
0.5106759667396545,0.7326108813285828,2.1950093298528373e-07,0.4788978695869446,0.7179203033447266,-0.016230441629886627,0.4579908549785614,0.6857429146766663,-0.02514958754181862,0.45535561442375183,0.6480183005332947,-0.03284883499145508,0.4684590697288513,0.6209871172904968,-0.039718806743621826,0.48142173886299133,0.6231949925422668,-0.009673571214079857,0.48159271478652954,0.5771434307098389,-0.021111730486154556,0.48325657844543457,0.5489009022712708,-0.03142540529370308,0.48646312952041626,0.5239577293395996,-0.038923900574445724,0.49837538599967957,0.616746723651886,-0.009592004120349884,0.4988677501678467,0.5639888644218445,-0.018362989649176598,0.4988988935947418,0.5313323140144348,-0.025987479835748672,0.49888432025909424,0.5027450323104858,-0.03158930316567421,0.513832151889801,0.6201063990592957,-0.012160149402916431,0.5137917995452881,0.5717379450798035,-0.019989510998129845,0.513148844242096,0.5411850810050964,-0.024458156898617744,0.5119997262954712,0.514700710773468,-0.027810588479042053,0.5300815105438232,0.6321593523025513,-0.016771214082837105,0.5305579304695129,0.5962560176849365,-0.023180140182375908,0.5286996364593506,0.5735052227973938,-0.025283770635724068,0.5255162119865417,0.5531737208366394,-0.026732921600341797
0.5102381706237793,0.7320518493652344,2.1701730190670787e-07,0.47859933972358704,0.7165622711181641,-0.0158778578042984,0.4574647843837738,0.6847485899925232,-0.02473142370581627,0.454670786857605,0.6473291516304016,-0.03245590254664421,0.4677959382534027,0.6206544041633606,-0.039422646164894104,0.4815828800201416,0.6227918267250061,-0.009516623802483082,0.48180249333381653,0.5769569873809814,-0.021094664931297302,0.4831867814064026,0.5485808849334717,-0.03154521808028221,0.48610398173332214,0.5233726501464844,-0.03910987824201584,0.49853554368019104,0.6163915991783142,-0.009659966453909874,0.49909788370132446,0.5635950565338135,-0.018450144678354263,0.4987887144088745,0.5307931303977966,-0.026081586256623268,0.49841487407684326,0.5020267963409424,-0.031671617180109024,0.5139946341514587,0.6194977164268494,-0.012434822507202625,0.5141243934631348,0.5710887908935547,-0.020217647776007652,0.5133365392684937,0.5404481291770935,-0.024634871631860733,0.5119887590408325,0.5137484073638916,-0.027938447892665863,0.5300012230873108,0.6310779452323914,-0.017230693250894547,0.5306530594825745,0.5950719714164734,-0.023512618616223335,0.528921902179718,0.5723236799240112,-0.025480184704065323,0.5258618593215942,0.551901638507843,-0.02682485245168209
0.5105904340744019,0.7351378202438354,2.0611665263459145e-07,0.47850602865219116,0.7210654616355896,-0.01542816311120987,0.45737603306770325,0.6887694001197815,-0.023677252233028412,0.4556114375591278,0.650848388671875,-0.030800092965364456,0.4681587219238281,0.6241805553436279,-0.0371951125562191,0.4813050925731659,0.6255422830581665,-0.008949421346187592,0.48193666338920593,0.58001708984375,-0.019803468137979507,0.48360276222229004,0.5519500374794006,-0.0297369547188282,0.48662716150283813,0.5270687937736511,-0.03706678748130798,0.4983232021331787,0.6189519762992859,-0.009260664694011211,0.49909982085227966,0.5663635730743408,-0.01760946214199066,0.4989544451236725,0.5339929461479187,-0.02507471852004528,0.49883177876472473,0.5059815049171448,-0.030626313760876656,0.513511061668396,0.6223317980766296,-0.012142437510192394,0.5137909054756165,0.5742279291152954,-0.019736357033252716,0.5129638314247131,0.5439363718032837,-0.024229105561971664,0.5118671655654907,0.5175175666809082,-0.027701890096068382,0.5296517610549927,0.6344588398933411,-0.016989801079034805,0.5303204655647278,0.5985555648803711,-0.023271329700946808,0.5289605855941772,0.575746476650238,-0.025396427139639854,0.5264539122581482,0.5550879836082458,-0.026951974257826805
0.5105026960372925,0.7316182851791382,2.1704231301100663e-07,0.47917982935905457,0.7164551019668579,-0.015089713968336582,0.45810720324516296,0.6841596961021423,-0.023492904379963875,0.45612257719039917,0.6473314166069031,-0.03082907944917679,0.4687255918979645,0.6216132044792175,-0.03748789057135582,0.48187288641929626,0.6230623126029968,-0.009918639436364174,0.48168835043907166,0.5774214267730713,-0.02115495875477791,0.4832020103931427,0.5491592288017273,-0.031140325590968132,0.48631271719932556,0.5245069265365601,-0.03828347101807594,0.49855732917785645,0.6168052554130554,-0.010242005810141563,0.4989141523838043,0.5637389421463013,-0.018933750689029694,0.4986700415611267,0.5305628776550293,-0.026313526555895805,0.4987134039402008,0.5019036531448364,-0.0316363126039505,0.5138410329818726,0.6199706792831421,-0.012998530641198158,0.51396644115448,0.5715031623840332,-0.020620713010430336,0.5134760737419128,0.5407789945602417,-0.025083204731345177,0.5126391053199768,0.5145177245140076,-0.028383566066622734,0.5298015475273132,0.6316777467727661,-0.01767060160636902,0.5307767987251282,0.5958356857299805,-0.023728840053081512,0.5290870070457458,0.5731005668640137,-0.025646893307566643,0.5261430144309998,0.5531284213066101,-0.026957916095852852
0.5117272138595581,0.730846643447876,2.186689300742728e-07,0.47955167293548584,0.7160354852676392,-0.01600456051528454,0.45820432901382446,0.6840665936470032,-0.024600233882665634,0.45563533902168274,0.6465113759040833,-0.03202056884765625,0.4685307443141937,0.6197878122329712,-0.03864738717675209,0.48232927918434143,0.6218705177307129,-0.009073443710803986,0.4825880229473114,0.5763505101203918,-0.020360225811600685,0.4843289852142334,0.5479913353919983,-0.030691593885421753,0.48751914501190186,0.5228878259658813,-0.03823138028383255,0.49938714504241943,0.6151572465896606,-0.00906540360301733,0.5000805258750916,0.5627479553222656,-0.01760593056678772,0.5001558661460876,0.5301141142845154,-0.025225000455975533,0.5001060366630554,0.5014170408248901,-0.030861839652061462,0.514738917350769,0.6183069348335266,-0.011727349832654,0.5148714780807495,0.5703429579734802,-0.019436677917838097,0.5141347050666809,0.539781928062439,-0.024052808061242104,0.5129085183143616,0.5133984088897705,-0.027549942955374718,0.5308535695075989,0.6301971673965454,-0.01642571948468685,0.5317640900611877,0.5949559211730957,-0.022831212729215622,0.5300964713096619,0.5723959803581238,-0.02507154457271099,0.5270348787307739,0.552217960357666,-0.02665131725370884
0.5121581554412842,0.7322071194648743,2.2421237133585237e-07,0.4802888333797455,0.7173536419868469,-0.016623064875602722,0.4589956998825073,0.6855407357215881,-0.025799425318837166,0.45611774921417236,0.6479343771934509,-0.0336759090423584,0.46904024481773376,0.6205481290817261,-0.04070401191711426,0.4826149642467499,0.6230855584144592,-0.010201988741755486,0.4829743206501007,0.577066957950592,-0.021985305473208427,0.48462238907814026,0.5484029650688171,-0.032513558864593506,0.48775941133499146,0.5231273174285889,-0.0400986522436142,0.49961987137794495,0.6162326335906982,-0.009970392100512981,0.5003688335418701,0.5633900165557861,-0.018972789868712425,0.5003308653831482,0.530490517616272,-0.02664344757795334,0.5002095103263855,0.501684308052063,-0.03220966458320618,0.5151161551475525,0.6192836761474609,-0.012423364445567131,0.5152854323387146,0.5706295371055603,-0.020426789298653603,0.5147406458854675,0.5399032831192017,-0.024917995557188988,0.5136175155639648,0.5132328271865845,-0.028227368369698524,0.5312367677688599,0.6311193108558655,-0.016942383721470833,0.5320835113525391,0.5953955054283142,-0.023457398638129234,0.5303668975830078,0.5727155804634094,-0.025561170652508736,0.5272896885871887,0.552467942237854,-0.026957133784890175
